Date,Advances,Declines,Unchanged,Advance Decline Ratio
01-Jan-2010,143,1841,22,0.078
04-Jan-2010,597,1460,44,0.409
05-Jan-2010,1369,707,25,1.936
06-Jan-2010,1023,923,81,1.108
07-Jan-2010,794,1230,86,0.646
08-Jan-2010,605,1396,29,0.433
11-Jan-2010,1480,528,61,2.803
12-Jan-2010,403,1516,94,0.266
13-Jan-2010,1097,823,21,1.333
14-Jan-2010,664,1323,129,0.502
15-Jan-2010,688,1395,49,0.493
18-Jan-2010,627,1386,76,0.452
19-Jan-2010,294,1615,86,0.182
20-Jan-2010,1214,851,94,1.427
21-Jan-2010,1591,450,75,3.536
22-Jan-2010,817,1143,36,0.715
25-Jan-2010,672,1333,56,0.504
26-Jan-2010,761,1298,105,0.586
27-Jan-2010,888,1135,34,0.782
28-Jan-2010,864,1115,123,0.775
29-Jan-2010,859,1134,77,0.757
01-Feb-2010,566,1430,33,0.396
02-Feb-2010,775,1154,113,0.672
03-Feb-2010,427,1572,94,0.272
04-Feb-2010,1007,1028,120,0.98
05-Feb-2010,486,1468,20,0.331
08-Feb-2010,556,1469,75,0.378
09-Feb-2010,1033,964,37,1.072
10-Feb-2010,908,1043,122,0.871
11-Feb-2010,427,1586,98,0.269
12-Feb-2010,713,1333,83,0.535
15-Feb-2010,1168,894,54,1.306
16-Feb-2010,1189,862,68,1.379
17-Feb-2010,893,1124,129,0.794
18-Feb-2010,567,1465,119,0.387
19-Feb-2010,984,1012,122,0.972
22-Feb-2010,840,1231,44,0.682
23-Feb-2010,870,1229,20,0.708
24-Feb-2010,498,1592,41,0.313
25-Feb-2010,508,1556,48,0.326
26-Feb-2010,451,1523,29,0.296
01-Mar-2010,875,1050,104,0.833
02-Mar-2010,1169,824,117,1.419
03-Mar-2010,989,1103,29,0.897
04-Mar-2010,794,1304,52,0.609
05-Mar-2010,1122,798,23,1.406
08-Mar-2010,1434,630,83,2.276
09-Mar-2010,783,1145,113,0.684
10-Mar-2010,1047,923,63,1.134
11-Mar-2010,1358,666,68,2.039
12-Mar-2010,733,1275,29,0.575
15-Mar-2010,586,1459,61,0.402
16-Mar-2010,453,1487,96,0.305
17-Mar-2010,503,1526,62,0.33
18-Mar-2010,799,1264,126,0.632
19-Mar-2010,796,1177,118,0.676
22-Mar-2010,1129,885,26,1.276
23-Mar-2010,458,1511,122,0.303
24-Mar-2010,1010,1072,22,0.942
25-Mar-2010,556,1452,118,0.383
26-Mar-2010,20,2013,111,0.01
29-Mar-2010,983,971,82,1.012
30-Mar-2010,1142,937,126,1.219
31-Mar-2010,651,1340,62,0.486
01-Apr-2010,1227,856,109,1.433
02-Apr-2010,1172,851,107,1.377
05-Apr-2010,893,1149,53,0.777
06-Apr-2010,687,1316,117,0.522
07-Apr-2010,481,1572,79,0.306
08-Apr-2010,722,1332,43,0.542
09-Apr-2010,825,1244,75,0.663
12-Apr-2010,376,1553,76,0.242
13-Apr-2010,573,1337,80,0.429
14-Apr-2010,734,1254,57,0.585
15-Apr-2010,1073,1015,34,1.057
16-Apr-2010,1337,733,68,1.824
19-Apr-2010,693,1385,78,0.5
20-Apr-2010,620,1415,97,0.438
21-Apr-2010,955,963,81,0.992
22-Apr-2010,987,1112,33,0.888
23-Apr-2010,1061,1038,20,1.022
26-Apr-2010,1331,631,55,2.109
27-Apr-2010,729,1172,99,0.622
28-Apr-2010,1095,958,42,1.143
29-Apr-2010,555,1351,29,0.411
30-Apr-2010,774,1149,69,0.674
03-May-2010,38,1902,43,0.02
04-May-2010,552,1523,45,0.362
05-May-2010,244,1798,54,0.136
06-May-2010,1367,612,79,2.234
07-May-2010,944,1102,56,0.857
10-May-2010,877,1153,66,0.761
11-May-2010,1016,1017,29,0.999
12-May-2010,1060,919,60,1.153
13-May-2010,715,1222,112,0.585
14-May-2010,566,1525,52,0.371
17-May-2010,1009,1000,97,1.009
18-May-2010,869,1049,87,0.828
19-May-2010,665,1417,98,0.469
20-May-2010,809,1168,127,0.693
21-May-2010,546,1524,72,0.358
24-May-2010,1157,859,93,1.347
25-May-2010,547,1522,72,0.359
26-May-2010,937,1141,128,0.821
27-May-2010,1107,839,45,1.319
28-May-2010,618,1361,53,0.454
31-May-2010,658,1326,78,0.496
01-Jun-2010,1504,517,56,2.909
02-Jun-2010,1382,560,88,2.468
03-Jun-2010,611,1437,45,0.425
04-Jun-2010,558,1435,30,0.389
07-Jun-2010,1122,812,34,1.382
08-Jun-2010,986,1104,127,0.893
09-Jun-2010,473,1579,98,0.3
10-Jun-2010,597,1353,22,0.441
11-Jun-2010,689,1401,55,0.492
14-Jun-2010,841,1112,57,0.756
15-Jun-2010,1197,764,68,1.567
16-Jun-2010,1008,929,70,1.085
17-Jun-2010,1382,547,91,2.527
18-Jun-2010,500,1459,75,0.343
21-Jun-2010,1170,874,24,1.339
22-Jun-2010,802,1282,80,0.626
23-Jun-2010,992,1045,20,0.949
24-Jun-2010,669,1387,79,0.482
25-Jun-2010,1215,712,25,1.706
28-Jun-2010,689,1325,56,0.52
29-Jun-2010,483,1587,123,0.304
30-Jun-2010,748,1195,121,0.626
01-Jul-2010,892,1067,43,0.836
02-Jul-2010,1340,686,101,1.953
05-Jul-2010,835,1140,50,0.732
06-Jul-2010,477,1524,45,0.313
07-Jul-2010,848,1081,58,0.784
08-Jul-2010,1287,794,106,1.621
09-Jul-2010,1064,907,81,1.173
12-Jul-2010,1142,919,85,1.243
13-Jul-2010,732,1244,59,0.588
14-Jul-2010,1718,227,21,7.568
15-Jul-2010,1437,531,44,2.706
16-Jul-2010,947,1152,109,0.822
19-Jul-2010,1028,1056,36,0.973
20-Jul-2010,1522,472,117,3.225
21-Jul-2010,892,1144,23,0.78
22-Jul-2010,810,1175,112,0.689
23-Jul-2010,746,1168,100,0.639
26-Jul-2010,956,1032,53,0.926
27-Jul-2010,1189,850,77,1.399
28-Jul-2010,923,1041,77,0.887
29-Jul-2010,1103,852,64,1.295
30-Jul-2010,1270,818,126,1.553
02-Aug-2010,1500,453,56,3.311
03-Aug-2010,430,1507,100,0.285
04-Aug-2010,628,1381,91,0.455
05-Aug-2010,723,1257,94,0.575
06-Aug-2010,621,1434,38,0.433
09-Aug-2010,807,1260,39,0.64
10-Aug-2010,799,1242,64,0.643
11-Aug-2010,963,993,101,0.97
12-Aug-2010,673,1255,86,0.536
13-Aug-2010,801,1155,107,0.694
16-Aug-2010,989,966,68,1.024
17-Aug-2010,1115,897,43,1.243
18-Aug-2010,800,1230,121,0.65
19-Aug-2010,489,1513,34,0.323
20-Aug-2010,435,1543,40,0.282
23-Aug-2010,757,1219,52,0.621
24-Aug-2010,651,1266,51,0.514
25-Aug-2010,829,1175,65,0.706
26-Aug-2010,1334,681,96,1.959
27-Aug-2010,886,1069,118,0.829
30-Aug-2010,748,1246,122,0.6
31-Aug-2010,894,1191,128,0.751
01-Sep-2010,891,1034,62,0.862
02-Sep-2010,701,1302,111,0.538
03-Sep-2010,698,1301,24,0.537
06-Sep-2010,1030,886,29,1.163
07-Sep-2010,638,1410,119,0.452
08-Sep-2010,1030,1033,82,0.997
09-Sep-2010,738,1246,58,0.592
10-Sep-2010,140,1945,61,0.072
13-Sep-2010,1312,609,36,2.154
14-Sep-2010,838,1230,80,0.681
15-Sep-2010,1286,626,86,2.054
16-Sep-2010,1357,597,61,2.273
17-Sep-2010,604,1481,38,0.408
20-Sep-2010,388,1655,55,0.234
21-Sep-2010,901,1029,48,0.876
22-Sep-2010,1059,1023,50,1.035
23-Sep-2010,969,980,26,0.989
24-Sep-2010,417,1503,58,0.277
27-Sep-2010,703,1220,24,0.576
28-Sep-2010,870,1180,52,0.737
29-Sep-2010,856,1162,124,0.737
30-Sep-2010,823,1222,120,0.673
01-Oct-2010,1027,1028,21,0.999
04-Oct-2010,998,1042,116,0.958
05-Oct-2010,1453,545,104,2.666
06-Oct-2010,573,1448,22,0.396
07-Oct-2010,686,1311,126,0.523
08-Oct-2010,621,1410,82,0.44
11-Oct-2010,728,1301,67,0.56
12-Oct-2010,770,1146,53,0.672
13-Oct-2010,744,1210,101,0.615
14-Oct-2010,637,1446,93,0.441
15-Oct-2010,1265,675,54,1.874
18-Oct-2010,646,1294,68,0.499
19-Oct-2010,494,1445,60,0.342
20-Oct-2010,969,1063,63,0.912
21-Oct-2010,856,1102,87,0.777
22-Oct-2010,665,1361,73,0.489
25-Oct-2010,514,1566,111,0.328
26-Oct-2010,918,1145,45,0.802
27-Oct-2010,668,1425,122,0.469
28-Oct-2010,1035,1051,86,0.985
29-Oct-2010,711,1363,70,0.522
01-Nov-2010,891,1045,81,0.853
02-Nov-2010,803,1280,39,0.627
03-Nov-2010,605,1301,46,0.465
04-Nov-2010,380,1635,70,0.232
05-Nov-2010,578,1343,109,0.43
08-Nov-2010,1170,765,29,1.529
09-Nov-2010,978,1022,66,0.957
10-Nov-2010,562,1509,57,0.372
11-Nov-2010,1380,528,94,2.614
12-Nov-2010,483,1453,22,0.332
15-Nov-2010,647,1366,116,0.474
16-Nov-2010,1280,652,92,1.963
17-Nov-2010,671,1310,43,0.512
18-Nov-2010,896,1102,71,0.813
19-Nov-2010,908,1053,64,0.862
22-Nov-2010,1262,781,97,1.616
23-Nov-2010,947,1101,87,0.86
24-Nov-2010,1172,765,26,1.532
25-Nov-2010,708,1345,128,0.526
26-Nov-2010,735,1318,69,0.558
29-Nov-2010,1520,545,124,2.789
30-Nov-2010,765,1145,108,0.668
01-Dec-2010,408,1626,39,0.251
02-Dec-2010,618,1458,119,0.424
03-Dec-2010,469,1571,75,0.299
06-Dec-2010,602,1385,52,0.435
07-Dec-2010,619,1323,108,0.468
08-Dec-2010,833,1171,29,0.711
09-Dec-2010,1169,736,106,1.588
10-Dec-2010,340,1574,119,0.216
13-Dec-2010,434,1530,24,0.284
14-Dec-2010,532,1563,73,0.34
15-Dec-2010,833,1189,46,0.701
16-Dec-2010,970,1101,69,0.881
17-Dec-2010,1179,770,114,1.531
20-Dec-2010,798,1185,51,0.673
21-Dec-2010,1086,895,99,1.213
22-Dec-2010,865,1176,82,0.736
23-Dec-2010,879,1181,34,0.744
24-Dec-2010,665,1414,30,0.47
27-Dec-2010,1126,895,89,1.258
28-Dec-2010,440,1569,121,0.28
29-Dec-2010,914,1084,105,0.843
30-Dec-2010,1009,1045,68,0.966
31-Dec-2010,1110,823,21,1.349
03-Jan-2011,809,1275,38,0.635
04-Jan-2011,894,1128,43,0.793
05-Jan-2011,909,1061,35,0.857
06-Jan-2011,904,998,22,0.906
07-Jan-2011,1071,971,26,1.103
10-Jan-2011,500,1400,101,0.357
11-Jan-2011,1468,447,38,3.284
12-Jan-2011,950,1111,122,0.855
13-Jan-2011,695,1226,84,0.567
14-Jan-2011,634,1285,67,0.493
17-Jan-2011,756,1226,92,0.617
18-Jan-2011,1246,779,115,1.599
19-Jan-2011,1005,1080,21,0.931
20-Jan-2011,259,1678,34,0.154
21-Jan-2011,504,1446,42,0.349
24-Jan-2011,570,1451,88,0.393
25-Jan-2011,1602,367,33,4.365
26-Jan-2011,721,1250,44,0.577
27-Jan-2011,674,1390,121,0.485
28-Jan-2011,976,1004,26,0.972
31-Jan-2011,993,973,100,1.021
01-Feb-2011,949,1070,30,0.887
02-Feb-2011,1153,827,106,1.394
03-Feb-2011,778,1174,92,0.663
04-Feb-2011,907,1138,109,0.797
07-Feb-2011,765,1250,23,0.612
08-Feb-2011,574,1476,107,0.389
09-Feb-2011,1174,801,128,1.466
10-Feb-2011,1044,1037,59,1.007
11-Feb-2011,948,1078,103,0.879
14-Feb-2011,427,1666,64,0.256
15-Feb-2011,370,1568,119,0.236
16-Feb-2011,1129,801,69,1.409
17-Feb-2011,453,1528,23,0.296
18-Feb-2011,1025,927,21,1.106
21-Feb-2011,965,995,58,0.97
22-Feb-2011,890,1184,51,0.752
23-Feb-2011,1078,833,31,1.294
24-Feb-2011,656,1410,75,0.465
25-Feb-2011,654,1375,52,0.476
28-Feb-2011,915,1174,123,0.779
01-Mar-2011,1062,918,90,1.157
02-Mar-2011,795,1132,45,0.702
03-Mar-2011,1038,876,43,1.185
04-Mar-2011,596,1473,122,0.405
07-Mar-2011,937,974,81,0.962
08-Mar-2011,944,1072,112,0.881
09-Mar-2011,862,1128,42,0.764
10-Mar-2011,1097,927,117,1.183
11-Mar-2011,499,1431,128,0.349
14-Mar-2011,1293,773,86,1.673
15-Mar-2011,721,1332,73,0.541
16-Mar-2011,948,985,106,0.962
17-Mar-2011,877,1212,59,0.724
18-Mar-2011,777,1178,28,0.66
21-Mar-2011,1138,905,107,1.257
22-Mar-2011,470,1444,99,0.325
23-Mar-2011,1221,855,88,1.428
24-Mar-2011,864,1097,48,0.788
25-Mar-2011,725,1345,71,0.539
28-Mar-2011,1324,765,126,1.731
29-Mar-2011,994,1009,87,0.985
30-Mar-2011,1365,581,24,2.349
31-Mar-2011,295,1787,20,0.165
01-Apr-2011,1355,662,126,2.047
04-Apr-2011,534,1565,64,0.341
05-Apr-2011,1075,903,92,1.19
06-Apr-2011,998,971,125,1.028
07-Apr-2011,867,1231,78,0.704
08-Apr-2011,981,1083,33,0.906
11-Apr-2011,1411,502,54,2.811
12-Apr-2011,516,1562,51,0.33
13-Apr-2011,655,1356,57,0.483
14-Apr-2011,943,1043,32,0.904
15-Apr-2011,1120,848,89,1.321
18-Apr-2011,1063,842,96,1.262
19-Apr-2011,963,1123,119,0.858
20-Apr-2011,764,1266,128,0.603
21-Apr-2011,1194,809,29,1.476
22-Apr-2011,1147,894,44,1.283
25-Apr-2011,897,1039,118,0.863
26-Apr-2011,1284,724,77,1.773
27-Apr-2011,1042,963,87,1.082
28-Apr-2011,778,1259,68,0.618
29-Apr-2011,1092,978,30,1.117
02-May-2011,885,1045,121,0.847
03-May-2011,1122,974,56,1.152
04-May-2011,1124,797,41,1.41
05-May-2011,804,1168,72,0.688
06-May-2011,947,955,64,0.992
09-May-2011,39,1975,67,0.02
10-May-2011,876,1080,83,0.811
11-May-2011,666,1360,86,0.49
12-May-2011,1081,962,104,1.124
13-May-2011,632,1294,64,0.488
16-May-2011,379,1593,25,0.238
17-May-2011,825,1093,26,0.755
18-May-2011,930,978,23,0.951
19-May-2011,348,1624,20,0.214
20-May-2011,1089,860,125,1.266
23-May-2011,634,1388,65,0.457
24-May-2011,428,1650,96,0.259
25-May-2011,761,1161,24,0.655
26-May-2011,310,1644,73,0.189
27-May-2011,474,1610,99,0.294
30-May-2011,998,951,102,1.049
31-May-2011,184,1772,94,0.104
01-Jun-2011,924,1135,68,0.814
02-Jun-2011,672,1412,63,0.476
03-Jun-2011,754,1232,23,0.612
06-Jun-2011,643,1455,57,0.442
07-Jun-2011,939,1132,111,0.83
08-Jun-2011,726,1222,57,0.594
09-Jun-2011,509,1421,30,0.358
10-Jun-2011,989,1046,37,0.946
13-Jun-2011,1089,964,31,1.13
14-Jun-2011,678,1369,115,0.495
15-Jun-2011,915,1140,102,0.803
16-Jun-2011,614,1294,127,0.474
17-Jun-2011,966,981,30,0.985
20-Jun-2011,249,1730,76,0.144
21-Jun-2011,148,1763,99,0.084
22-Jun-2011,1011,1070,106,0.945
23-Jun-2011,855,1215,63,0.704
24-Jun-2011,1419,583,42,2.434
27-Jun-2011,1260,645,123,1.953
28-Jun-2011,1197,814,123,1.471
29-Jun-2011,1373,532,50,2.581
30-Jun-2011,1298,739,41,1.756
01-Jul-2011,843,1167,95,0.722
04-Jul-2011,620,1383,29,0.448
05-Jul-2011,603,1397,34,0.432
06-Jul-2011,878,1057,29,0.831
07-Jul-2011,1181,836,91,1.413
08-Jul-2011,1249,819,63,1.525
11-Jul-2011,1027,1026,66,1.001
12-Jul-2011,494,1509,30,0.327
13-Jul-2011,592,1319,87,0.449
14-Jul-2011,1125,926,123,1.215
15-Jul-2011,1313,615,35,2.135
18-Jul-2011,446,1554,72,0.287
19-Jul-2011,246,1747,120,0.141
20-Jul-2011,585,1460,29,0.401
21-Jul-2011,1250,743,25,1.682
22-Jul-2011,1316,711,102,1.851
25-Jul-2011,625,1446,59,0.432
26-Jul-2011,528,1404,61,0.376
27-Jul-2011,673,1400,31,0.481
28-Jul-2011,806,1268,65,0.636
29-Jul-2011,619,1361,81,0.455
01-Aug-2011,504,1544,65,0.326
02-Aug-2011,951,1047,81,0.908
03-Aug-2011,848,1214,85,0.699
04-Aug-2011,545,1411,33,0.386
05-Aug-2011,986,1002,31,0.984
08-Aug-2011,963,1134,51,0.849
09-Aug-2011,470,1578,77,0.298
10-Aug-2011,1129,965,126,1.17
11-Aug-2011,529,1540,62,0.344
12-Aug-2011,1278,677,42,1.888
15-Aug-2011,1024,1027,50,0.997
16-Aug-2011,520,1417,28,0.367
17-Aug-2011,743,1191,72,0.624
18-Aug-2011,908,1100,124,0.825
19-Aug-2011,686,1393,81,0.492
22-Aug-2011,887,1183,88,0.75
23-Aug-2011,1129,958,56,1.178
24-Aug-2011,939,1016,56,0.924
25-Aug-2011,1367,654,51,2.09
26-Aug-2011,918,1122,118,0.818
29-Aug-2011,645,1331,74,0.485
30-Aug-2011,1269,813,60,1.561
31-Aug-2011,1130,847,86,1.334
01-Sep-2011,559,1468,86,0.381
02-Sep-2011,873,1187,97,0.735
05-Sep-2011,1074,922,50,1.165
06-Sep-2011,1096,928,129,1.181
07-Sep-2011,1125,856,57,1.314
08-Sep-2011,996,927,28,1.074
09-Sep-2011,406,1566,125,0.259
12-Sep-2011,690,1397,60,0.494
13-Sep-2011,1016,1058,25,0.96
14-Sep-2011,1322,682,29,1.938
15-Sep-2011,562,1488,114,0.378
16-Sep-2011,509,1414,60,0.36
19-Sep-2011,752,1163,123,0.647
20-Sep-2011,744,1297,118,0.574
21-Sep-2011,808,1213,64,0.666
22-Sep-2011,797,1295,114,0.615
23-Sep-2011,1183,878,54,1.347
26-Sep-2011,843,1138,103,0.741
27-Sep-2011,1387,551,109,2.517
28-Sep-2011,1510,587,119,2.572
29-Sep-2011,806,1225,72,0.658
30-Sep-2011,681,1236,42,0.551
03-Oct-2011,777,1153,103,0.674
04-Oct-2011,1337,740,85,1.807
05-Oct-2011,1128,772,62,1.461
06-Oct-2011,506,1583,62,0.32
07-Oct-2011,1097,935,106,1.173
10-Oct-2011,573,1358,39,0.422
11-Oct-2011,852,1141,29,0.747
12-Oct-2011,783,1309,80,0.598
13-Oct-2011,846,1188,65,0.712
14-Oct-2011,485,1418,93,0.342
17-Oct-2011,812,1267,55,0.641
18-Oct-2011,964,1060,49,0.909
19-Oct-2011,693,1347,101,0.514
20-Oct-2011,1055,896,86,1.177
21-Oct-2011,930,1161,82,0.801
24-Oct-2011,924,1032,89,0.895
25-Oct-2011,1252,724,39,1.729
26-Oct-2011,976,1072,102,0.91
27-Oct-2011,581,1444,27,0.402
28-Oct-2011,674,1343,52,0.502
31-Oct-2011,639,1324,92,0.483
01-Nov-2011,1266,675,117,1.876
02-Nov-2011,869,1210,40,0.718
03-Nov-2011,1625,376,63,4.322
04-Nov-2011,869,1061,97,0.819
07-Nov-2011,502,1502,69,0.334
08-Nov-2011,849,1158,60,0.733
09-Nov-2011,1287,628,74,2.049
10-Nov-2011,1179,780,101,1.512
11-Nov-2011,608,1454,82,0.418
14-Nov-2011,720,1322,127,0.545
15-Nov-2011,557,1358,49,0.41
16-Nov-2011,679,1370,24,0.496
17-Nov-2011,1025,1011,60,1.014
18-Nov-2011,839,1131,116,0.742
21-Nov-2011,463,1447,63,0.32
22-Nov-2011,959,995,78,0.964
23-Nov-2011,529,1531,88,0.346
24-Nov-2011,1208,873,48,1.384
25-Nov-2011,636,1300,84,0.489
28-Nov-2011,602,1474,37,0.408
29-Nov-2011,924,1169,52,0.79
30-Nov-2011,303,1708,129,0.177
01-Dec-2011,785,1241,100,0.633
02-Dec-2011,273,1676,106,0.163
05-Dec-2011,1539,509,33,3.024
06-Dec-2011,684,1282,49,0.534
07-Dec-2011,844,1097,88,0.769
08-Dec-2011,198,1861,57,0.106
09-Dec-2011,892,1098,32,0.812
12-Dec-2011,676,1326,23,0.51
13-Dec-2011,418,1617,30,0.259
14-Dec-2011,484,1492,49,0.324
15-Dec-2011,1033,1012,123,1.021
16-Dec-2011,353,1696,63,0.208
19-Dec-2011,896,1163,30,0.77
20-Dec-2011,429,1590,49,0.27
21-Dec-2011,800,1281,52,0.625
22-Dec-2011,1139,845,124,1.348
23-Dec-2011,1208,853,124,1.416
26-Dec-2011,688,1277,27,0.539
27-Dec-2011,1010,925,68,1.092
28-Dec-2011,1005,914,82,1.1
29-Dec-2011,997,966,23,1.032
30-Dec-2011,751,1329,64,0.565
02-Jan-2012,742,1301,28,0.57
03-Jan-2012,586,1490,41,0.393
04-Jan-2012,885,1212,28,0.73
05-Jan-2012,878,1024,60,0.857
06-Jan-2012,698,1269,25,0.55
09-Jan-2012,1098,955,117,1.15
10-Jan-2012,593,1410,71,0.421
11-Jan-2012,646,1375,74,0.47
12-Jan-2012,1209,728,47,1.661
13-Jan-2012,966,1004,30,0.962
16-Jan-2012,910,1053,41,0.864
17-Jan-2012,697,1302,128,0.535
18-Jan-2012,538,1382,50,0.389
19-Jan-2012,1146,902,52,1.271
20-Jan-2012,703,1300,98,0.541
23-Jan-2012,712,1356,20,0.525
24-Jan-2012,1164,737,65,1.579
25-Jan-2012,811,1257,92,0.645
26-Jan-2012,807,1149,22,0.702
27-Jan-2012,1018,1068,124,0.953
30-Jan-2012,560,1363,115,0.411
31-Jan-2012,402,1575,74,0.255
01-Feb-2012,660,1410,27,0.468
02-Feb-2012,643,1260,56,0.51
03-Feb-2012,887,1120,116,0.792
06-Feb-2012,511,1401,77,0.365
07-Feb-2012,490,1471,24,0.333
08-Feb-2012,1000,1050,25,0.952
09-Feb-2012,900,1175,37,0.766
10-Feb-2012,422,1531,128,0.276
13-Feb-2012,709,1309,70,0.542
14-Feb-2012,383,1558,78,0.246
15-Feb-2012,728,1312,82,0.555
16-Feb-2012,1137,942,27,1.207
17-Feb-2012,861,1213,35,0.71
20-Feb-2012,851,1232,100,0.691
21-Feb-2012,508,1513,128,0.336
22-Feb-2012,1209,846,128,1.429
23-Feb-2012,779,1309,53,0.595
24-Feb-2012,670,1232,62,0.544
27-Feb-2012,738,1280,94,0.577
28-Feb-2012,1103,811,33,1.36
29-Feb-2012,1001,997,38,1.004
01-Mar-2012,917,1039,39,0.883
02-Mar-2012,545,1546,88,0.353
05-Mar-2012,1122,837,20,1.341
06-Mar-2012,477,1455,103,0.328
07-Mar-2012,296,1752,35,0.169
08-Mar-2012,858,1061,31,0.809
09-Mar-2012,1080,851,107,1.269
12-Mar-2012,613,1289,55,0.476
13-Mar-2012,543,1375,61,0.395
14-Mar-2012,565,1386,65,0.408
15-Mar-2012,1508,533,100,2.829
16-Mar-2012,1051,1006,49,1.045
19-Mar-2012,844,1060,109,0.796
20-Mar-2012,1036,943,63,1.099
21-Mar-2012,1081,976,21,1.108
22-Mar-2012,611,1416,63,0.431
23-Mar-2012,1404,509,66,2.758
26-Mar-2012,925,1099,53,0.842
27-Mar-2012,1055,851,92,1.24
28-Mar-2012,648,1414,78,0.458
29-Mar-2012,851,1096,50,0.776
30-Mar-2012,1024,881,70,1.162
02-Apr-2012,1035,946,21,1.094
03-Apr-2012,1196,757,67,1.58
04-Apr-2012,391,1613,124,0.242
05-Apr-2012,520,1470,85,0.354
06-Apr-2012,703,1278,116,0.55
09-Apr-2012,1718,240,27,7.158
10-Apr-2012,924,1010,78,0.915
11-Apr-2012,691,1224,84,0.565
12-Apr-2012,1307,617,22,2.118
13-Apr-2012,984,1018,70,0.967
16-Apr-2012,736,1173,91,0.627
17-Apr-2012,506,1441,93,0.351
18-Apr-2012,893,1111,115,0.804
19-Apr-2012,537,1455,24,0.369
20-Apr-2012,506,1478,120,0.342
23-Apr-2012,892,1184,61,0.753
24-Apr-2012,1195,805,76,1.484
25-Apr-2012,791,1285,114,0.616
26-Apr-2012,922,1160,45,0.795
27-Apr-2012,1042,923,84,1.129
30-Apr-2012,748,1256,70,0.596
01-May-2012,933,1105,86,0.844
02-May-2012,956,1047,89,0.913
03-May-2012,921,1016,95,0.906
04-May-2012,986,933,94,1.057
07-May-2012,759,1207,35,0.629
08-May-2012,463,1509,70,0.307
09-May-2012,628,1471,26,0.427
10-May-2012,861,1197,66,0.719
11-May-2012,420,1526,50,0.275
14-May-2012,772,1155,78,0.668
15-May-2012,415,1581,41,0.262
16-May-2012,1000,970,20,1.031
17-May-2012,465,1468,77,0.317
18-May-2012,1092,846,25,1.291
21-May-2012,849,1178,27,0.721
22-May-2012,893,1083,89,0.825
23-May-2012,544,1472,34,0.37
24-May-2012,685,1329,110,0.515
25-May-2012,1156,857,88,1.349
28-May-2012,637,1438,42,0.443
29-May-2012,819,1190,111,0.688
30-May-2012,663,1268,119,0.523
31-May-2012,1038,1060,65,0.979
01-Jun-2012,952,1031,109,0.923
04-Jun-2012,698,1399,113,0.499
05-Jun-2012,665,1431,84,0.465
06-Jun-2012,1002,928,46,1.08
07-Jun-2012,941,1067,75,0.882
08-Jun-2012,551,1536,122,0.359
11-Jun-2012,978,1049,39,0.932
12-Jun-2012,417,1540,73,0.271
13-Jun-2012,977,1112,56,0.879
14-Jun-2012,814,1265,76,0.643
15-Jun-2012,757,1183,60,0.64
18-Jun-2012,745,1239,99,0.601
19-Jun-2012,1025,961,119,1.067
20-Jun-2012,605,1402,53,0.432
21-Jun-2012,646,1433,43,0.451
22-Jun-2012,918,1146,112,0.801
25-Jun-2012,912,1022,91,0.892
26-Jun-2012,1429,489,98,2.922
27-Jun-2012,593,1391,38,0.426
28-Jun-2012,799,1204,36,0.664
29-Jun-2012,852,1187,60,0.718
02-Jul-2012,715,1253,59,0.571
03-Jul-2012,530,1567,20,0.338
04-Jul-2012,621,1352,88,0.459
05-Jul-2012,589,1446,80,0.407
06-Jul-2012,906,1179,93,0.768
09-Jul-2012,1360,675,106,2.015
10-Jul-2012,598,1439,50,0.416
11-Jul-2012,676,1351,101,0.5
12-Jul-2012,1143,877,82,1.303
13-Jul-2012,757,1324,32,0.572
16-Jul-2012,1366,670,115,2.039
17-Jul-2012,833,1220,42,0.683
18-Jul-2012,435,1492,116,0.292
19-Jul-2012,700,1368,38,0.512
20-Jul-2012,710,1329,58,0.534
23-Jul-2012,504,1560,129,0.323
24-Jul-2012,1183,833,103,1.42
25-Jul-2012,595,1362,77,0.437
26-Jul-2012,933,1047,27,0.891
27-Jul-2012,949,1020,77,0.93
30-Jul-2012,675,1290,35,0.523
31-Jul-2012,936,967,46,0.968
01-Aug-2012,1054,945,111,1.115
02-Aug-2012,187,1773,51,0.105
03-Aug-2012,875,1199,23,0.73
06-Aug-2012,1136,961,101,1.182
07-Aug-2012,537,1435,83,0.374
08-Aug-2012,843,1119,128,0.753
09-Aug-2012,1047,980,51,1.068
10-Aug-2012,460,1613,35,0.285
13-Aug-2012,295,1661,84,0.178
14-Aug-2012,400,1555,35,0.257
15-Aug-2012,1135,927,107,1.224
16-Aug-2012,714,1214,123,0.588
17-Aug-2012,889,1210,36,0.735
20-Aug-2012,691,1236,66,0.559
21-Aug-2012,1068,847,20,1.261
22-Aug-2012,974,1025,38,0.95
23-Aug-2012,229,1864,55,0.123
24-Aug-2012,1181,756,25,1.562
27-Aug-2012,521,1381,65,0.377
28-Aug-2012,968,1051,68,0.921
29-Aug-2012,488,1484,102,0.329
30-Aug-2012,814,1141,84,0.713
31-Aug-2012,572,1516,112,0.377
03-Sep-2012,695,1296,50,0.536
04-Sep-2012,985,974,76,1.011
05-Sep-2012,904,1113,84,0.812
06-Sep-2012,797,1210,127,0.659
07-Sep-2012,968,1123,75,0.862
10-Sep-2012,528,1412,55,0.374
11-Sep-2012,1618,466,116,3.472
12-Sep-2012,971,1032,99,0.941
13-Sep-2012,959,1140,106,0.841
14-Sep-2012,562,1482,41,0.379
17-Sep-2012,1014,1033,30,0.982
18-Sep-2012,1115,943,129,1.182
19-Sep-2012,1047,942,78,1.111
20-Sep-2012,767,1215,92,0.631
21-Sep-2012,1096,976,21,1.123
24-Sep-2012,653,1321,48,0.494
25-Sep-2012,544,1548,92,0.351
26-Sep-2012,1342,749,42,1.792
27-Sep-2012,925,980,21,0.944
28-Sep-2012,727,1242,122,0.585
01-Oct-2012,678,1385,24,0.49
02-Oct-2012,445,1564,51,0.285
03-Oct-2012,964,981,63,0.983
04-Oct-2012,1290,731,113,1.765
05-Oct-2012,1045,1026,101,1.019
08-Oct-2012,949,976,108,0.972
09-Oct-2012,501,1579,110,0.317
10-Oct-2012,864,1134,113,0.762
11-Oct-2012,641,1364,33,0.47
12-Oct-2012,1323,723,78,1.83
15-Oct-2012,793,1128,120,0.703
16-Oct-2012,782,1285,83,0.609
17-Oct-2012,241,1839,90,0.131
18-Oct-2012,857,1147,108,0.747
19-Oct-2012,1232,704,42,1.75
22-Oct-2012,828,1130,51,0.733
23-Oct-2012,881,1176,98,0.749
24-Oct-2012,911,1121,120,0.813
25-Oct-2012,884,1160,120,0.762
26-Oct-2012,995,923,58,1.078
29-Oct-2012,678,1255,129,0.54
30-Oct-2012,444,1623,44,0.274
31-Oct-2012,876,1145,73,0.765
01-Nov-2012,925,1173,22,0.789
02-Nov-2012,512,1577,89,0.325
05-Nov-2012,755,1191,65,0.634
06-Nov-2012,848,1112,66,0.763
07-Nov-2012,964,1020,73,0.945
08-Nov-2012,941,1012,42,0.93
09-Nov-2012,1251,708,118,1.767
12-Nov-2012,813,1124,106,0.723
13-Nov-2012,687,1245,123,0.552
14-Nov-2012,1214,736,113,1.649
15-Nov-2012,285,1700,78,0.168
16-Nov-2012,1212,872,47,1.39
19-Nov-2012,601,1413,119,0.425
20-Nov-2012,1032,1056,68,0.977
21-Nov-2012,390,1592,120,0.245
22-Nov-2012,620,1317,118,0.471
23-Nov-2012,865,1175,126,0.736
26-Nov-2012,1213,783,125,1.549
27-Nov-2012,1010,967,129,1.044
28-Nov-2012,1079,826,114,1.306
29-Nov-2012,585,1439,58,0.407
30-Nov-2012,647,1341,74,0.482
03-Dec-2012,986,952,37,1.036
04-Dec-2012,831,1126,111,0.738
05-Dec-2012,496,1459,84,0.34
06-Dec-2012,393,1578,88,0.249
07-Dec-2012,1042,1014,69,1.028
10-Dec-2012,1340,565,105,2.372
11-Dec-2012,822,1249,34,0.658
12-Dec-2012,853,1118,123,0.763
13-Dec-2012,851,1105,87,0.77
14-Dec-2012,455,1546,38,0.294
17-Dec-2012,608,1405,51,0.433
18-Dec-2012,1201,863,102,1.392
19-Dec-2012,879,1195,44,0.736
20-Dec-2012,709,1351,99,0.525
21-Dec-2012,478,1548,31,0.309
24-Dec-2012,1564,341,127,4.587
25-Dec-2012,931,985,126,0.945
26-Dec-2012,1087,971,58,1.119
27-Dec-2012,570,1456,20,0.391
28-Dec-2012,860,1185,77,0.726
31-Dec-2012,905,1021,41,0.886
01-Jan-2013,961,950,75,1.012
02-Jan-2013,1235,834,73,1.481
03-Jan-2013,850,1102,91,0.771
04-Jan-2013,377,1570,99,0.24
07-Jan-2013,1013,975,47,1.039
08-Jan-2013,431,1503,89,0.287
09-Jan-2013,1210,733,33,1.651
10-Jan-2013,540,1430,127,0.378
11-Jan-2013,906,1169,112,0.775
14-Jan-2013,855,1066,40,0.802
15-Jan-2013,998,922,43,1.082
16-Jan-2013,579,1372,83,0.422
17-Jan-2013,827,1189,124,0.696
18-Jan-2013,530,1474,42,0.36
21-Jan-2013,932,1059,83,0.88
22-Jan-2013,937,1091,75,0.859
23-Jan-2013,899,1136,82,0.791
24-Jan-2013,1067,854,118,1.249
25-Jan-2013,880,1140,114,0.772
28-Jan-2013,675,1360,101,0.496
29-Jan-2013,854,1082,38,0.789
30-Jan-2013,538,1432,105,0.376
31-Jan-2013,595,1313,57,0.453
01-Feb-2013,1070,851,116,1.257
04-Feb-2013,915,1137,105,0.805
05-Feb-2013,1391,599,129,2.322
06-Feb-2013,1126,774,23,1.455
07-Feb-2013,494,1565,118,0.316
08-Feb-2013,877,1166,70,0.752
11-Feb-2013,981,1005,116,0.976
12-Feb-2013,702,1201,110,0.585
13-Feb-2013,866,1096,42,0.79
14-Feb-2013,720,1282,42,0.562
15-Feb-2013,405,1649,87,0.246
18-Feb-2013,1095,924,36,1.185
19-Feb-2013,860,1095,88,0.785
20-Feb-2013,1426,596,25,2.393
21-Feb-2013,1029,1050,42,0.98
22-Feb-2013,760,1172,88,0.648
25-Feb-2013,845,1121,86,0.754
26-Feb-2013,859,1098,90,0.782
27-Feb-2013,559,1349,69,0.414
28-Feb-2013,546,1389,27,0.393
01-Mar-2013,983,942,81,1.044
04-Mar-2013,969,973,34,0.996
05-Mar-2013,1081,948,102,1.14
06-Mar-2013,1221,793,34,1.54
07-Mar-2013,914,1182,80,0.773
08-Mar-2013,1113,791,63,1.407
11-Mar-2013,1278,756,65,1.69
12-Mar-2013,903,1170,22,0.772
13-Mar-2013,599,1493,104,0.401
14-Mar-2013,779,1126,25,0.692
15-Mar-2013,888,1166,79,0.762
18-Mar-2013,1074,918,63,1.17
19-Mar-2013,523,1401,65,0.373
20-Mar-2013,455,1542,21,0.295
21-Mar-2013,648,1262,53,0.513
22-Mar-2013,246,1745,60,0.141
25-Mar-2013,834,1104,118,0.755
26-Mar-2013,620,1280,51,0.484
27-Mar-2013,354,1677,116,0.211
28-Mar-2013,406,1495,29,0.272
29-Mar-2013,1000,971,92,1.03
01-Apr-2013,601,1380,84,0.436
02-Apr-2013,1016,932,79,1.09
03-Apr-2013,852,1142,97,0.746
04-Apr-2013,1181,844,126,1.399
05-Apr-2013,1353,634,72,2.134
08-Apr-2013,807,1261,104,0.64
09-Apr-2013,1054,1021,65,1.032
10-Apr-2013,829,1220,69,0.68
11-Apr-2013,641,1345,43,0.477
12-Apr-2013,939,1142,53,0.822
15-Apr-2013,517,1462,68,0.354
16-Apr-2013,880,1032,121,0.853
17-Apr-2013,1466,502,79,2.92
18-Apr-2013,711,1191,58,0.597
19-Apr-2013,426,1553,114,0.274
22-Apr-2013,864,1162,47,0.744
23-Apr-2013,821,1157,104,0.71
24-Apr-2013,1030,982,29,1.049
25-Apr-2013,949,1101,122,0.862
26-Apr-2013,609,1333,47,0.457
29-Apr-2013,684,1293,25,0.529
30-Apr-2013,409,1639,111,0.25
01-May-2013,791,1191,124,0.664
02-May-2013,1318,744,125,1.772
03-May-2013,738,1280,48,0.577
06-May-2013,953,1042,114,0.915
07-May-2013,590,1372,84,0.43
08-May-2013,1006,934,75,1.077
09-May-2013,494,1530,60,0.323
10-May-2013,385,1580,87,0.244
13-May-2013,889,1188,102,0.748
14-May-2013,860,1082,89,0.795
15-May-2013,351,1587,51,0.221
16-May-2013,678,1381,56,0.491
17-May-2013,1262,801,98,1.576
20-May-2013,882,1122,86,0.786
21-May-2013,599,1419,29,0.422
22-May-2013,670,1301,39,0.515
23-May-2013,843,1128,26,0.747
24-May-2013,806,1212,40,0.665
27-May-2013,532,1548,76,0.344
28-May-2013,1348,657,52,2.052
29-May-2013,1046,997,29,1.049
30-May-2013,570,1509,75,0.378
31-May-2013,520,1478,89,0.352
03-Jun-2013,1404,593,87,2.368
04-Jun-2013,758,1259,52,0.602
05-Jun-2013,837,1206,35,0.694
06-Jun-2013,441,1552,25,0.284
07-Jun-2013,564,1517,81,0.372
10-Jun-2013,168,1780,89,0.094
11-Jun-2013,136,1925,30,0.071
12-Jun-2013,376,1664,44,0.226
13-Jun-2013,987,964,56,1.024
14-Jun-2013,520,1430,125,0.364
17-Jun-2013,508,1510,54,0.336
18-Jun-2013,1514,413,45,3.666
19-Jun-2013,685,1332,36,0.514
20-Jun-2013,677,1243,103,0.545
21-Jun-2013,908,999,58,0.909
24-Jun-2013,599,1343,54,0.446
25-Jun-2013,874,1178,40,0.742
26-Jun-2013,1306,603,124,2.166
27-Jun-2013,671,1236,74,0.543
28-Jun-2013,550,1401,72,0.393
01-Jul-2013,1349,584,89,2.31
02-Jul-2013,858,1222,33,0.702
03-Jul-2013,394,1699,25,0.232
04-Jul-2013,850,1127,56,0.754
05-Jul-2013,1176,825,36,1.425
08-Jul-2013,1028,1070,41,0.961
09-Jul-2013,868,1228,123,0.707
10-Jul-2013,743,1351,46,0.55
11-Jul-2013,494,1488,32,0.332
12-Jul-2013,837,1075,52,0.779
15-Jul-2013,1380,553,125,2.495
16-Jul-2013,616,1453,123,0.424
17-Jul-2013,910,1032,114,0.882
18-Jul-2013,768,1186,61,0.648
19-Jul-2013,738,1236,85,0.597
22-Jul-2013,1050,1045,105,1.005
23-Jul-2013,456,1607,50,0.284
24-Jul-2013,764,1274,108,0.6
25-Jul-2013,599,1364,71,0.439
26-Jul-2013,1046,1018,36,1.028
29-Jul-2013,982,1093,44,0.898
30-Jul-2013,860,1055,56,0.815
31-Jul-2013,399,1601,97,0.249
01-Aug-2013,997,1060,26,0.941
02-Aug-2013,1013,990,79,1.023
05-Aug-2013,1192,857,86,1.391
06-Aug-2013,403,1674,128,0.241
07-Aug-2013,1370,586,59,2.338
08-Aug-2013,750,1268,84,0.591
09-Aug-2013,627,1314,122,0.477
12-Aug-2013,797,1229,95,0.648
13-Aug-2013,907,994,87,0.912
14-Aug-2013,1077,893,53,1.206
15-Aug-2013,545,1359,95,0.401
16-Aug-2013,739,1330,98,0.556
19-Aug-2013,701,1324,94,0.529
20-Aug-2013,635,1414,37,0.449
21-Aug-2013,515,1394,21,0.369
22-Aug-2013,651,1268,41,0.513
23-Aug-2013,1088,999,30,1.089
26-Aug-2013,692,1215,91,0.57
27-Aug-2013,732,1326,127,0.552
28-Aug-2013,739,1356,61,0.545
29-Aug-2013,575,1476,26,0.39
30-Aug-2013,531,1466,108,0.362
02-Sep-2013,805,1193,57,0.675
03-Sep-2013,139,1893,126,0.073
04-Sep-2013,331,1751,52,0.189
05-Sep-2013,1109,892,74,1.243
06-Sep-2013,587,1464,81,0.401
09-Sep-2013,600,1327,112,0.452
10-Sep-2013,918,1023,73,0.897
11-Sep-2013,445,1633,110,0.273
12-Sep-2013,1209,726,89,1.665
13-Sep-2013,1225,869,39,1.41
16-Sep-2013,534,1462,40,0.365
17-Sep-2013,886,1174,114,0.755
18-Sep-2013,1270,679,67,1.87
19-Sep-2013,1391,531,39,2.62
20-Sep-2013,366,1565,86,0.234
23-Sep-2013,650,1368,52,0.475
24-Sep-2013,703,1202,31,0.585
25-Sep-2013,617,1374,65,0.449
26-Sep-2013,445,1623,116,0.274
27-Sep-2013,544,1386,106,0.392
30-Sep-2013,696,1374,109,0.507
01-Oct-2013,908,1006,47,0.903
02-Oct-2013,1036,883,61,1.173
03-Oct-2013,953,969,48,0.983
04-Oct-2013,881,1027,41,0.858
07-Oct-2013,430,1524,103,0.282
08-Oct-2013,1369,535,20,2.559
09-Oct-2013,632,1391,20,0.454
10-Oct-2013,549,1460,91,0.376
11-Oct-2013,1102,955,62,1.154
14-Oct-2013,1156,923,62,1.252
15-Oct-2013,717,1308,52,0.548
16-Oct-2013,667,1296,22,0.515
17-Oct-2013,1142,851,128,1.342
18-Oct-2013,1195,754,105,1.585
21-Oct-2013,613,1478,22,0.415
22-Oct-2013,1030,1034,56,0.996
23-Oct-2013,592,1460,61,0.405
24-Oct-2013,517,1527,21,0.339
25-Oct-2013,544,1390,32,0.391
28-Oct-2013,1133,826,23,1.372
29-Oct-2013,880,1068,45,0.824
30-Oct-2013,1274,815,101,1.563
31-Oct-2013,730,1290,31,0.566
01-Nov-2013,946,1092,52,0.866
04-Nov-2013,803,1242,63,0.647
05-Nov-2013,721,1363,23,0.529
06-Nov-2013,890,1049,86,0.848
07-Nov-2013,807,1283,120,0.629
08-Nov-2013,881,1181,104,0.746
11-Nov-2013,988,948,107,1.042
12-Nov-2013,1056,944,110,1.119
13-Nov-2013,788,1177,41,0.669
14-Nov-2013,703,1232,70,0.571
15-Nov-2013,1000,1017,103,0.983
18-Nov-2013,1195,738,62,1.619
19-Nov-2013,688,1213,72,0.567
20-Nov-2013,995,1102,67,0.903
21-Nov-2013,1157,873,93,1.325
22-Nov-2013,1030,1022,102,1.008
25-Nov-2013,506,1526,98,0.332
26-Nov-2013,714,1196,43,0.597
27-Nov-2013,984,953,53,1.033
28-Nov-2013,556,1521,69,0.366
29-Nov-2013,837,1218,58,0.687
02-Dec-2013,757,1239,81,0.611
03-Dec-2013,539,1548,97,0.348
04-Dec-2013,824,1121,121,0.735
05-Dec-2013,1311,701,92,1.87
06-Dec-2013,946,994,112,0.952
09-Dec-2013,796,1247,57,0.638
10-Dec-2013,667,1432,92,0.466
11-Dec-2013,541,1359,64,0.398
12-Dec-2013,469,1515,34,0.31
13-Dec-2013,785,1214,117,0.647
16-Dec-2013,656,1264,110,0.519
17-Dec-2013,532,1493,62,0.356
18-Dec-2013,765,1311,129,0.584
19-Dec-2013,790,1116,35,0.708
20-Dec-2013,793,1288,20,0.616
23-Dec-2013,690,1221,45,0.565
24-Dec-2013,324,1767,99,0.183
25-Dec-2013,975,1119,64,0.871
26-Dec-2013,769,1150,76,0.669
27-Dec-2013,880,1020,90,0.863
30-Dec-2013,873,1200,36,0.728
31-Dec-2013,1184,818,73,1.447
01-Jan-2014,833,1161,33,0.717
02-Jan-2014,726,1345,57,0.54
03-Jan-2014,454,1509,92,0.301
06-Jan-2014,1047,865,89,1.21
07-Jan-2014,474,1493,115,0.317
08-Jan-2014,1189,794,77,1.497
09-Jan-2014,194,1722,113,0.113
10-Jan-2014,814,1175,47,0.693
13-Jan-2014,661,1241,93,0.533
14-Jan-2014,482,1457,26,0.331
15-Jan-2014,783,1228,84,0.638
16-Jan-2014,838,1131,58,0.741
17-Jan-2014,1096,965,37,1.136
20-Jan-2014,774,1131,39,0.684
21-Jan-2014,1268,650,100,1.951
22-Jan-2014,660,1353,99,0.488
23-Jan-2014,886,1211,93,0.732
24-Jan-2014,598,1473,24,0.406
27-Jan-2014,1004,931,69,1.078
28-Jan-2014,754,1318,122,0.572
29-Jan-2014,675,1296,56,0.521
30-Jan-2014,839,1115,64,0.752
31-Jan-2014,834,1120,57,0.745
03-Feb-2014,706,1350,119,0.523
04-Feb-2014,1247,797,53,1.565
05-Feb-2014,472,1603,30,0.294
06-Feb-2014,787,1147,58,0.686
07-Feb-2014,881,1081,102,0.815
10-Feb-2014,582,1392,103,0.418
11-Feb-2014,1152,915,94,1.259
12-Feb-2014,774,1197,67,0.647
13-Feb-2014,974,1074,34,0.907
14-Feb-2014,797,1184,129,0.673
17-Feb-2014,554,1461,109,0.379
18-Feb-2014,1112,977,82,1.138
19-Feb-2014,699,1325,86,0.528
20-Feb-2014,604,1440,44,0.419
21-Feb-2014,797,1273,49,0.626
24-Feb-2014,817,1167,110,0.7
25-Feb-2014,202,1780,74,0.113
26-Feb-2014,1602,435,93,3.683
27-Feb-2014,441,1616,73,0.273
28-Feb-2014,640,1393,56,0.459
03-Mar-2014,806,1254,62,0.643
04-Mar-2014,725,1260,108,0.575
05-Mar-2014,1312,673,37,1.949
06-Mar-2014,937,1021,82,0.918
07-Mar-2014,766,1165,109,0.658
10-Mar-2014,601,1472,25,0.408
11-Mar-2014,866,1226,50,0.706
12-Mar-2014,1085,1009,51,1.075
13-Mar-2014,476,1436,63,0.331
14-Mar-2014,621,1307,68,0.475
17-Mar-2014,1115,885,22,1.26
18-Mar-2014,1215,804,96,1.511
19-Mar-2014,917,1052,23,0.872
20-Mar-2014,1071,1028,112,1.042
21-Mar-2014,705,1291,33,0.546
24-Mar-2014,880,1191,77,0.739
25-Mar-2014,290,1643,96,0.177
26-Mar-2014,928,1121,123,0.828
27-Mar-2014,812,1272,53,0.638
28-Mar-2014,937,1028,26,0.911
31-Mar-2014,1211,884,75,1.37
01-Apr-2014,451,1633,75,0.276
02-Apr-2014,943,1010,103,0.934
03-Apr-2014,1198,809,72,1.481
04-Apr-2014,1075,902,63,1.192
07-Apr-2014,856,1202,42,0.712
08-Apr-2014,964,966,77,0.998
09-Apr-2014,1256,822,126,1.528
10-Apr-2014,783,1240,87,0.631
11-Apr-2014,935,1059,104,0.883
14-Apr-2014,763,1157,108,0.659
15-Apr-2014,1168,775,20,1.507
16-Apr-2014,782,1217,85,0.643
17-Apr-2014,408,1519,49,0.269
18-Apr-2014,1288,788,24,1.635
21-Apr-2014,877,1098,99,0.799
22-Apr-2014,831,1205,89,0.69
23-Apr-2014,549,1365,38,0.402
24-Apr-2014,720,1240,45,0.581
25-Apr-2014,895,1176,34,0.761
28-Apr-2014,1052,905,62,1.162
29-Apr-2014,830,1146,44,0.724
30-Apr-2014,566,1393,123,0.406
01-May-2014,739,1317,103,0.561
02-May-2014,557,1448,90,0.385
05-May-2014,1046,955,58,1.095
06-May-2014,1054,984,32,1.071
07-May-2014,1071,959,80,1.117
08-May-2014,887,1185,64,0.749
09-May-2014,813,1163,45,0.699
12-May-2014,1159,923,91,1.256
13-May-2014,326,1731,39,0.188
14-May-2014,342,1579,26,0.217
15-May-2014,1017,1050,105,0.969
16-May-2014,722,1206,88,0.599
19-May-2014,1333,654,100,2.038
20-May-2014,666,1335,126,0.499
21-May-2014,846,1193,81,0.709
22-May-2014,514,1570,117,0.327
23-May-2014,609,1469,127,0.415
26-May-2014,803,1286,94,0.624
27-May-2014,776,1302,63,0.596
28-May-2014,963,1117,109,0.862
29-May-2014,728,1213,31,0.6
30-May-2014,1274,796,93,1.601
02-Jun-2014,420,1554,106,0.27
03-Jun-2014,1211,754,36,1.606
04-Jun-2014,523,1463,47,0.357
05-Jun-2014,1169,753,95,1.552
06-Jun-2014,753,1327,99,0.567
09-Jun-2014,722,1351,23,0.534
10-Jun-2014,600,1466,53,0.409
11-Jun-2014,1053,966,56,1.09
12-Jun-2014,704,1318,95,0.534
13-Jun-2014,637,1281,42,0.497
16-Jun-2014,892,1021,70,0.874
17-Jun-2014,854,1089,85,0.784
18-Jun-2014,886,1024,85,0.865
19-Jun-2014,563,1421,122,0.396
20-Jun-2014,623,1429,40,0.436
23-Jun-2014,1016,926,56,1.097
24-Jun-2014,1063,950,30,1.119
25-Jun-2014,1200,733,120,1.637
26-Jun-2014,721,1325,127,0.544
27-Jun-2014,808,1183,73,0.683
30-Jun-2014,981,1071,83,0.916
01-Jul-2014,962,1073,26,0.897
02-Jul-2014,1070,916,64,1.168
03-Jul-2014,1155,899,123,1.285
04-Jul-2014,1157,871,109,1.328
07-Jul-2014,979,939,25,1.043
08-Jul-2014,921,1084,98,0.85
09-Jul-2014,635,1370,38,0.464
10-Jul-2014,555,1379,118,0.402
11-Jul-2014,1020,996,24,1.024
14-Jul-2014,697,1297,96,0.537
15-Jul-2014,826,1198,79,0.689
16-Jul-2014,630,1275,36,0.494
17-Jul-2014,680,1299,53,0.523
18-Jul-2014,470,1461,115,0.322
21-Jul-2014,1107,793,40,1.396
22-Jul-2014,774,1228,33,0.63
23-Jul-2014,1005,972,62,1.034
24-Jul-2014,809,1162,67,0.696
25-Jul-2014,204,1733,105,0.118
28-Jul-2014,679,1360,98,0.499
29-Jul-2014,1134,854,47,1.328
30-Jul-2014,848,1219,126,0.696
31-Jul-2014,975,1019,59,0.957
01-Aug-2014,919,986,60,0.932
04-Aug-2014,1056,1033,56,1.022
05-Aug-2014,1200,798,34,1.504
06-Aug-2014,539,1551,36,0.348
07-Aug-2014,1334,605,68,2.205
08-Aug-2014,405,1580,115,0.256
11-Aug-2014,607,1411,42,0.43
12-Aug-2014,515,1403,104,0.367
13-Aug-2014,679,1400,96,0.485
14-Aug-2014,482,1519,83,0.317
15-Aug-2014,692,1315,50,0.526
18-Aug-2014,1099,945,20,1.163
19-Aug-2014,1095,919,27,1.192
20-Aug-2014,598,1500,28,0.399
21-Aug-2014,1245,719,50,1.732
22-Aug-2014,318,1613,26,0.197
25-Aug-2014,787,1160,129,0.678
26-Aug-2014,939,999,127,0.94
27-Aug-2014,637,1436,129,0.444
28-Aug-2014,913,1106,94,0.825
29-Aug-2014,1238,722,43,1.715
01-Sep-2014,439,1620,32,0.271
02-Sep-2014,633,1268,95,0.499
03-Sep-2014,898,1128,38,0.796
04-Sep-2014,899,1191,55,0.755
05-Sep-2014,762,1284,63,0.593
08-Sep-2014,788,1164,21,0.677
09-Sep-2014,813,1147,22,0.709
10-Sep-2014,763,1219,128,0.626
11-Sep-2014,1274,636,85,2.003
12-Sep-2014,926,1089,35,0.85
15-Sep-2014,819,1144,39,0.716
16-Sep-2014,993,942,32,1.054
17-Sep-2014,641,1388,91,0.462
18-Sep-2014,1270,769,26,1.651
19-Sep-2014,1066,887,31,1.202
22-Sep-2014,714,1292,91,0.553
23-Sep-2014,1126,885,57,1.272
24-Sep-2014,954,975,98,0.978
25-Sep-2014,1430,474,105,3.017
26-Sep-2014,724,1366,44,0.53
29-Sep-2014,795,1195,30,0.665
30-Sep-2014,749,1286,127,0.582
01-Oct-2014,940,1072,83,0.877
02-Oct-2014,888,1208,48,0.735
03-Oct-2014,714,1341,24,0.532
06-Oct-2014,887,1212,127,0.732
07-Oct-2014,1035,997,112,1.038
08-Oct-2014,637,1462,67,0.436
09-Oct-2014,1104,930,97,1.187
10-Oct-2014,913,1123,38,0.813
13-Oct-2014,828,1198,121,0.691
14-Oct-2014,226,1858,60,0.122
15-Oct-2014,615,1298,100,0.474
16-Oct-2014,931,1012,50,0.92
17-Oct-2014,762,1287,36,0.592
20-Oct-2014,536,1546,29,0.347
21-Oct-2014,1070,920,79,1.163
22-Oct-2014,589,1501,105,0.392
23-Oct-2014,406,1642,103,0.247
24-Oct-2014,750,1228,83,0.611
27-Oct-2014,705,1228,35,0.574
28-Oct-2014,930,1019,50,0.913
29-Oct-2014,446,1525,78,0.292
30-Oct-2014,20,2002,48,0.01
31-Oct-2014,662,1310,82,0.505
03-Nov-2014,757,1335,115,0.567
04-Nov-2014,977,975,65,1.002
05-Nov-2014,894,1049,60,0.852
06-Nov-2014,544,1555,76,0.35
07-Nov-2014,804,1228,64,0.655
10-Nov-2014,672,1381,78,0.487
11-Nov-2014,865,1092,99,0.792
12-Nov-2014,769,1300,93,0.592
13-Nov-2014,604,1338,31,0.451
14-Nov-2014,1036,950,97,1.091
17-Nov-2014,463,1606,98,0.288
18-Nov-2014,1050,884,96,1.188
19-Nov-2014,877,1123,90,0.781
20-Nov-2014,268,1671,27,0.16
21-Nov-2014,576,1354,67,0.425
24-Nov-2014,1256,714,44,1.759
25-Nov-2014,821,1104,75,0.744
26-Nov-2014,866,1220,26,0.71
27-Nov-2014,863,1118,92,0.772
28-Nov-2014,603,1373,48,0.439
01-Dec-2014,836,1108,32,0.755
02-Dec-2014,661,1370,47,0.482
03-Dec-2014,1148,785,109,1.462
04-Dec-2014,997,1051,129,0.949
05-Dec-2014,551,1349,120,0.408
08-Dec-2014,423,1572,55,0.269
09-Dec-2014,777,1182,129,0.657
10-Dec-2014,673,1370,119,0.491
11-Dec-2014,873,1108,120,0.788
12-Dec-2014,1006,960,116,1.048
15-Dec-2014,493,1426,63,0.346
16-Dec-2014,407,1641,22,0.248
17-Dec-2014,1170,877,126,1.334
18-Dec-2014,806,1161,118,0.694
19-Dec-2014,769,1292,126,0.595
22-Dec-2014,1304,667,85,1.955
23-Dec-2014,803,1105,73,0.727
24-Dec-2014,326,1703,92,0.191
25-Dec-2014,694,1287,22,0.539
26-Dec-2014,581,1465,52,0.397
29-Dec-2014,361,1545,84,0.234
30-Dec-2014,1173,817,89,1.436
31-Dec-2014,670,1270,99,0.528
01-Jan-2015,640,1445,103,0.443
02-Jan-2015,859,1165,96,0.737
05-Jan-2015,961,1070,63,0.898
06-Jan-2015,800,1274,110,0.628
07-Jan-2015,442,1583,74,0.279
08-Jan-2015,775,1155,44,0.671
09-Jan-2015,862,1230,112,0.701
12-Jan-2015,1475,578,85,2.552
13-Jan-2015,845,1196,84,0.707
14-Jan-2015,770,1176,38,0.655
15-Jan-2015,1558,424,119,3.675
16-Jan-2015,701,1283,56,0.546
19-Jan-2015,690,1316,58,0.524
20-Jan-2015,895,1166,33,0.768
21-Jan-2015,563,1367,95,0.412
22-Jan-2015,513,1513,64,0.339
23-Jan-2015,460,1508,40,0.305
26-Jan-2015,820,1278,42,0.642
27-Jan-2015,478,1578,21,0.303
28-Jan-2015,796,1127,118,0.706
29-Jan-2015,617,1378,65,0.448
30-Jan-2015,1376,684,103,2.012
02-Feb-2015,1051,1032,78,1.018
03-Feb-2015,732,1247,91,0.587
04-Feb-2015,569,1364,29,0.417
05-Feb-2015,901,1036,90,0.87
06-Feb-2015,1011,1029,33,0.983
09-Feb-2015,470,1561,113,0.301
10-Feb-2015,724,1280,80,0.566
11-Feb-2015,561,1348,54,0.416
12-Feb-2015,969,1097,21,0.883
13-Feb-2015,622,1442,23,0.431
16-Feb-2015,1058,882,75,1.2
17-Feb-2015,253,1746,32,0.145
18-Feb-2015,850,1153,129,0.737
19-Feb-2015,1122,939,107,1.195
20-Feb-2015,435,1629,113,0.267
23-Feb-2015,946,1077,27,0.878
24-Feb-2015,1141,931,107,1.226
25-Feb-2015,734,1349,111,0.544
26-Feb-2015,581,1469,89,0.396
27-Feb-2015,785,1178,28,0.666
02-Mar-2015,1066,991,51,1.076
03-Mar-2015,947,982,56,0.964
04-Mar-2015,1289,778,76,1.657
05-Mar-2015,1034,1029,84,1.005
06-Mar-2015,541,1363,95,0.397
09-Mar-2015,985,994,78,0.991
10-Mar-2015,767,1143,41,0.671
11-Mar-2015,1113,914,109,1.218
12-Mar-2015,504,1417,101,0.356
13-Mar-2015,821,1115,113,0.736
16-Mar-2015,727,1277,67,0.569
17-Mar-2015,1116,861,46,1.296
18-Mar-2015,989,979,70,1.01
19-Mar-2015,959,1074,74,0.893
20-Mar-2015,918,1143,40,0.803
23-Mar-2015,871,1130,117,0.771
24-Mar-2015,544,1505,122,0.361
25-Mar-2015,799,1169,57,0.683
26-Mar-2015,744,1163,34,0.64
27-Mar-2015,1171,740,72,1.582
30-Mar-2015,980,1082,43,0.906
31-Mar-2015,884,1162,42,0.761
01-Apr-2015,513,1486,119,0.345
02-Apr-2015,1008,1004,122,1.004
03-Apr-2015,812,1270,91,0.639
06-Apr-2015,1224,813,88,1.506
07-Apr-2015,975,1004,53,0.971
08-Apr-2015,854,1098,38,0.778
09-Apr-2015,1128,839,81,1.344
10-Apr-2015,1222,847,128,1.443
13-Apr-2015,686,1330,94,0.516
14-Apr-2015,407,1640,79,0.248
15-Apr-2015,1099,809,92,1.358
16-Apr-2015,873,1050,30,0.831
17-Apr-2015,599,1410,42,0.425
20-Apr-2015,618,1387,51,0.446
21-Apr-2015,880,1211,122,0.727
22-Apr-2015,481,1458,79,0.33
23-Apr-2015,1579,329,118,4.799
24-Apr-2015,865,1196,98,0.723
27-Apr-2015,935,1026,123,0.911
28-Apr-2015,731,1296,99,0.564
29-Apr-2015,1162,785,84,1.48
30-Apr-2015,534,1409,33,0.379
01-May-2015,1603,327,114,4.902
04-May-2015,700,1251,82,0.56
05-May-2015,700,1399,96,0.5
06-May-2015,839,1189,81,0.706
07-May-2015,1140,838,46,1.36
08-May-2015,751,1346,106,0.558
11-May-2015,818,1204,38,0.679
12-May-2015,604,1335,75,0.452
13-May-2015,1050,1007,91,1.043
14-May-2015,1285,744,128,1.727
15-May-2015,713,1257,64,0.567
18-May-2015,857,1138,129,0.753
19-May-2015,871,1119,108,0.778
20-May-2015,1100,899,63,1.224
21-May-2015,959,962,129,0.997
22-May-2015,1059,867,41,1.221
25-May-2015,1375,636,33,2.162
26-May-2015,935,1082,81,0.864
27-May-2015,538,1545,52,0.348
28-May-2015,1169,808,105,1.447
29-May-2015,751,1156,122,0.65
01-Jun-2015,632,1280,127,0.494
02-Jun-2015,441,1536,57,0.287
03-Jun-2015,1149,791,116,1.453
04-Jun-2015,728,1262,41,0.577
05-Jun-2015,920,1006,114,0.915
08-Jun-2015,900,1009,38,0.892
09-Jun-2015,820,1178,40,0.696
10-Jun-2015,825,1134,96,0.728
11-Jun-2015,1003,949,65,1.057
12-Jun-2015,771,1248,71,0.618
15-Jun-2015,962,1088,28,0.884
16-Jun-2015,1034,1034,93,1.0
17-Jun-2015,743,1297,26,0.573
18-Jun-2015,1022,923,35,1.107
19-Jun-2015,742,1264,99,0.587
22-Jun-2015,595,1416,80,0.42
23-Jun-2015,789,1170,64,0.674
24-Jun-2015,572,1429,83,0.4
25-Jun-2015,989,943,38,1.049
26-Jun-2015,1117,815,25,1.371
29-Jun-2015,699,1320,53,0.53
30-Jun-2015,1127,820,97,1.374
01-Jul-2015,1088,871,50,1.249
02-Jul-2015,1051,957,22,1.098
03-Jul-2015,1260,733,93,1.719
06-Jul-2015,402,1555,98,0.259
07-Jul-2015,784,1256,31,0.624
08-Jul-2015,1103,928,110,1.189
09-Jul-2015,733,1194,29,0.614
10-Jul-2015,728,1307,109,0.557
13-Jul-2015,1120,885,75,1.266
14-Jul-2015,706,1277,124,0.553
15-Jul-2015,503,1528,59,0.329
16-Jul-2015,697,1310,126,0.532
17-Jul-2015,1273,758,55,1.679
20-Jul-2015,738,1262,89,0.585
21-Jul-2015,350,1704,37,0.205
22-Jul-2015,592,1350,91,0.439
23-Jul-2015,715,1306,29,0.547
24-Jul-2015,834,1186,84,0.703
27-Jul-2015,736,1170,20,0.629
28-Jul-2015,1035,889,98,1.164
29-Jul-2015,418,1490,37,0.281
30-Jul-2015,314,1586,90,0.198
31-Jul-2015,1458,629,92,2.318
03-Aug-2015,743,1297,52,0.573
04-Aug-2015,798,1180,108,0.676
05-Aug-2015,967,1002,39,0.965
06-Aug-2015,1010,956,24,1.056
07-Aug-2015,1169,783,33,1.493
10-Aug-2015,540,1392,123,0.388
11-Aug-2015,1168,826,97,1.414
12-Aug-2015,1248,718,100,1.738
13-Aug-2015,1086,999,126,1.087
14-Aug-2015,501,1450,101,0.346
17-Aug-2015,1070,985,69,1.086
18-Aug-2015,1333,751,105,1.775
19-Aug-2015,1156,830,121,1.393
20-Aug-2015,448,1464,78,0.306
21-Aug-2015,570,1448,71,0.394
24-Aug-2015,774,1316,121,0.588
25-Aug-2015,1083,842,50,1.286
26-Aug-2015,1032,945,54,1.092
27-Aug-2015,887,1122,34,0.791
28-Aug-2015,1210,869,80,1.392
31-Aug-2015,1013,903,53,1.122
01-Sep-2015,926,1090,114,0.85
02-Sep-2015,1003,1049,59,0.956
03-Sep-2015,855,1224,54,0.699
04-Sep-2015,1170,744,69,1.573
07-Sep-2015,790,1216,51,0.65
08-Sep-2015,1018,975,79,1.044
09-Sep-2015,983,1011,95,0.972
10-Sep-2015,1186,884,60,1.342
11-Sep-2015,910,1157,30,0.787
14-Sep-2015,811,1234,125,0.657
15-Sep-2015,987,932,44,1.059
16-Sep-2015,1116,951,91,1.174
17-Sep-2015,1027,981,42,1.047
18-Sep-2015,581,1513,50,0.384
21-Sep-2015,972,1101,112,0.883
22-Sep-2015,1300,689,117,1.887
23-Sep-2015,571,1417,73,0.403
24-Sep-2015,496,1502,109,0.33
25-Sep-2015,1059,874,69,1.212
28-Sep-2015,1084,847,78,1.28
29-Sep-2015,1120,886,108,1.264
30-Sep-2015,843,1224,102,0.689
01-Oct-2015,1209,837,89,1.444
02-Oct-2015,747,1244,71,0.6
05-Oct-2015,1145,911,97,1.257
06-Oct-2015,916,1019,24,0.899
07-Oct-2015,682,1338,111,0.51
08-Oct-2015,708,1192,94,0.594
09-Oct-2015,847,1186,128,0.714
12-Oct-2015,527,1397,75,0.377
13-Oct-2015,889,1183,106,0.751
14-Oct-2015,910,1158,59,0.786
15-Oct-2015,292,1773,67,0.165
16-Oct-2015,863,1100,77,0.785
19-Oct-2015,758,1299,37,0.584
20-Oct-2015,832,1247,118,0.667
21-Oct-2015,637,1383,99,0.461
22-Oct-2015,922,1048,62,0.88
23-Oct-2015,906,1139,47,0.795
26-Oct-2015,986,1062,30,0.928
27-Oct-2015,892,1178,83,0.757
28-Oct-2015,1507,584,89,2.58
29-Oct-2015,750,1208,116,0.621
30-Oct-2015,649,1306,116,0.497
02-Nov-2015,766,1311,55,0.584
03-Nov-2015,535,1420,23,0.377
04-Nov-2015,991,928,78,1.068
05-Nov-2015,809,1203,75,0.672
06-Nov-2015,1103,903,52,1.221
09-Nov-2015,719,1308,35,0.55
10-Nov-2015,795,1295,93,0.614
11-Nov-2015,744,1160,31,0.641
12-Nov-2015,1061,858,44,1.237
13-Nov-2015,1580,484,24,3.264
16-Nov-2015,960,971,101,0.989
17-Nov-2015,493,1592,104,0.31
18-Nov-2015,987,1048,84,0.942
19-Nov-2015,1185,903,45,1.312
20-Nov-2015,702,1259,91,0.558
23-Nov-2015,948,981,75,0.966
24-Nov-2015,554,1543,85,0.359
25-Nov-2015,1545,364,103,4.245
26-Nov-2015,1188,762,33,1.559
27-Nov-2015,989,1058,124,0.935
30-Nov-2015,939,1132,61,0.83
01-Dec-2015,1193,775,65,1.539
02-Dec-2015,695,1400,88,0.496
03-Dec-2015,870,1162,47,0.749
04-Dec-2015,964,1113,35,0.866
07-Dec-2015,816,1166,83,0.7
08-Dec-2015,73,1838,27,0.04
09-Dec-2015,991,955,104,1.038
10-Dec-2015,561,1493,119,0.376
11-Dec-2015,651,1395,95,0.467
14-Dec-2015,931,1055,29,0.882
15-Dec-2015,864,1105,128,0.782
16-Dec-2015,604,1377,26,0.439
17-Dec-2015,412,1634,23,0.252
18-Dec-2015,514,1583,52,0.325
21-Dec-2015,915,1107,53,0.827
22-Dec-2015,1041,934,82,1.115
23-Dec-2015,441,1525,123,0.289
24-Dec-2015,1121,935,55,1.199
25-Dec-2015,988,1041,119,0.949
28-Dec-2015,612,1332,128,0.459
29-Dec-2015,1106,905,63,1.222
30-Dec-2015,829,1089,91,0.761
31-Dec-2015,845,1095,94,0.772
01-Jan-2016,756,1308,120,0.578
04-Jan-2016,1096,875,29,1.253
05-Jan-2016,1039,995,84,1.044
06-Jan-2016,475,1510,76,0.315
07-Jan-2016,606,1358,70,0.446
08-Jan-2016,711,1328,27,0.535
11-Jan-2016,1131,805,67,1.405
12-Jan-2016,1330,614,124,2.166
13-Jan-2016,538,1483,52,0.363
14-Jan-2016,662,1246,76,0.531
15-Jan-2016,1035,1052,98,0.984
18-Jan-2016,1102,900,46,1.224
19-Jan-2016,804,1237,85,0.65
20-Jan-2016,590,1425,122,0.414
21-Jan-2016,1008,1040,66,0.969
22-Jan-2016,774,1283,44,0.603
25-Jan-2016,710,1370,86,0.518
26-Jan-2016,721,1219,46,0.591
27-Jan-2016,1145,839,77,1.365
28-Jan-2016,1029,932,44,1.104
29-Jan-2016,529,1520,37,0.348
01-Feb-2016,1057,857,58,1.233
02-Feb-2016,1062,900,103,1.18
03-Feb-2016,860,1226,100,0.701
04-Feb-2016,741,1205,103,0.615
05-Feb-2016,1141,949,67,1.202
08-Feb-2016,632,1439,36,0.439
09-Feb-2016,729,1174,113,0.621
10-Feb-2016,885,1075,41,0.823
11-Feb-2016,891,1033,127,0.863
12-Feb-2016,879,1150,25,0.764
15-Feb-2016,937,966,25,0.97
16-Feb-2016,665,1328,53,0.501
17-Feb-2016,902,1040,67,0.867
18-Feb-2016,744,1242,128,0.599
19-Feb-2016,965,1088,75,0.887
22-Feb-2016,1305,614,95,2.125
23-Feb-2016,738,1310,61,0.563
24-Feb-2016,978,1019,65,0.96
25-Feb-2016,1035,938,125,1.103
26-Feb-2016,450,1551,80,0.29
29-Feb-2016,611,1294,63,0.472
01-Mar-2016,456,1487,93,0.307
02-Mar-2016,876,1211,45,0.723
03-Mar-2016,975,1119,105,0.871
04-Mar-2016,529,1427,88,0.371
07-Mar-2016,865,1114,29,0.776
08-Mar-2016,825,1152,23,0.716
09-Mar-2016,922,1154,104,0.799
10-Mar-2016,798,1183,26,0.675
11-Mar-2016,856,1186,26,0.722
14-Mar-2016,1006,1055,49,0.954
15-Mar-2016,723,1185,69,0.61
16-Mar-2016,838,1126,97,0.744
17-Mar-2016,1257,743,104,1.692
18-Mar-2016,1159,749,106,1.547
21-Mar-2016,1225,685,68,1.788
22-Mar-2016,991,1090,57,0.909
23-Mar-2016,454,1623,58,0.28
24-Mar-2016,830,1225,67,0.678
25-Mar-2016,478,1573,118,0.304
28-Mar-2016,549,1360,97,0.404
29-Mar-2016,874,1049,44,0.833
30-Mar-2016,660,1329,117,0.497
31-Mar-2016,992,933,24,1.063
01-Apr-2016,934,1095,98,0.853
04-Apr-2016,1092,850,111,1.285
05-Apr-2016,1158,864,20,1.34
06-Apr-2016,373,1602,101,0.233
07-Apr-2016,761,1286,21,0.592
08-Apr-2016,1130,900,72,1.256
11-Apr-2016,1038,1037,55,1.001
12-Apr-2016,1334,638,100,2.091
13-Apr-2016,1043,912,70,1.144
14-Apr-2016,913,1175,56,0.777
15-Apr-2016,712,1263,129,0.564
18-Apr-2016,1095,811,85,1.35
19-Apr-2016,674,1243,107,0.542
20-Apr-2016,799,1146,121,0.697
21-Apr-2016,712,1205,120,0.591
22-Apr-2016,591,1355,83,0.436
25-Apr-2016,836,1228,63,0.681
26-Apr-2016,819,1203,116,0.681
27-Apr-2016,911,1175,31,0.775
28-Apr-2016,882,1048,24,0.842
29-Apr-2016,704,1264,116,0.557
02-May-2016,521,1439,94,0.362
03-May-2016,1027,1007,65,1.02
04-May-2016,766,1222,29,0.627
05-May-2016,877,1071,97,0.819
06-May-2016,481,1453,102,0.331
09-May-2016,1085,843,20,1.287
10-May-2016,674,1333,111,0.506
11-May-2016,834,1225,117,0.681
12-May-2016,589,1501,76,0.392
13-May-2016,990,1083,118,0.914
16-May-2016,992,945,116,1.05
17-May-2016,934,993,124,0.941
18-May-2016,907,1082,58,0.838
19-May-2016,1166,806,121,1.447
20-May-2016,1080,971,95,1.112
23-May-2016,810,1191,60,0.68
24-May-2016,1248,807,94,1.546
25-May-2016,1054,872,68,1.209
26-May-2016,882,1137,77,0.776
27-May-2016,653,1368,64,0.477
30-May-2016,524,1549,23,0.338
31-May-2016,724,1209,87,0.599
01-Jun-2016,1320,762,104,1.732
02-Jun-2016,586,1332,84,0.44
03-Jun-2016,489,1551,110,0.315
06-Jun-2016,323,1737,41,0.186
07-Jun-2016,1042,1003,61,1.039
08-Jun-2016,625,1357,47,0.461
09-Jun-2016,321,1665,125,0.193
10-Jun-2016,1020,1012,34,1.008
13-Jun-2016,503,1513,47,0.332
14-Jun-2016,796,1219,46,0.653
15-Jun-2016,1323,732,46,1.807
16-Jun-2016,920,1098,41,0.838
17-Jun-2016,732,1177,60,0.622
20-Jun-2016,988,1074,73,0.92
21-Jun-2016,1084,848,102,1.278
22-Jun-2016,387,1673,40,0.231
23-Jun-2016,748,1252,58,0.597
24-Jun-2016,327,1597,118,0.205
27-Jun-2016,1234,771,20,1.601
28-Jun-2016,938,980,65,0.957
29-Jun-2016,1455,588,66,2.474
30-Jun-2016,757,1338,112,0.566
01-Jul-2016,370,1535,65,0.241
04-Jul-2016,632,1400,113,0.451
05-Jul-2016,1406,592,114,2.375
06-Jul-2016,633,1435,34,0.441
07-Jul-2016,891,1026,21,0.868
08-Jul-2016,733,1265,116,0.579
11-Jul-2016,1064,940,108,1.132
12-Jul-2016,868,1132,101,0.767
13-Jul-2016,829,1184,70,0.7
14-Jul-2016,999,929,129,1.075
15-Jul-2016,843,1224,125,0.689
18-Jul-2016,1199,735,129,1.631
19-Jul-2016,720,1322,120,0.545
20-Jul-2016,687,1221,25,0.563
21-Jul-2016,857,1193,71,0.718
22-Jul-2016,150,1945,86,0.077
25-Jul-2016,1148,867,80,1.324
26-Jul-2016,1370,602,53,2.276
27-Jul-2016,511,1410,98,0.362
28-Jul-2016,569,1423,54,0.4
29-Jul-2016,1276,716,35,1.782
01-Aug-2016,912,1121,73,0.814
02-Aug-2016,1012,902,113,1.122
03-Aug-2016,553,1535,103,0.36
04-Aug-2016,333,1603,57,0.208
05-Aug-2016,649,1397,106,0.465
08-Aug-2016,979,960,38,1.02
09-Aug-2016,1067,1031,54,1.035
10-Aug-2016,1018,1010,23,1.008
11-Aug-2016,925,1026,91,0.902
12-Aug-2016,1370,635,101,2.157
15-Aug-2016,882,1161,123,0.76
16-Aug-2016,1095,954,116,1.148
17-Aug-2016,1080,983,54,1.099
18-Aug-2016,887,1068,30,0.831
19-Aug-2016,666,1272,94,0.524
22-Aug-2016,1073,898,65,1.195
23-Aug-2016,989,932,99,1.061
24-Aug-2016,998,972,29,1.027
25-Aug-2016,715,1300,21,0.55
26-Aug-2016,37,1910,29,0.019
29-Aug-2016,828,1175,113,0.705
30-Aug-2016,1088,883,31,1.232
31-Aug-2016,454,1641,71,0.277
01-Sep-2016,1458,591,59,2.467
02-Sep-2016,528,1451,109,0.364
05-Sep-2016,715,1360,36,0.526
06-Sep-2016,504,1466,33,0.344
07-Sep-2016,297,1663,71,0.179
08-Sep-2016,1082,978,54,1.106
09-Sep-2016,1095,1003,79,1.092
12-Sep-2016,1354,622,126,2.177
13-Sep-2016,652,1423,90,0.458
14-Sep-2016,1253,683,102,1.835
15-Sep-2016,826,1207,118,0.684
16-Sep-2016,717,1196,120,0.599
19-Sep-2016,771,1187,83,0.65
20-Sep-2016,786,1203,22,0.653
21-Sep-2016,1115,975,107,1.144
22-Sep-2016,699,1229,64,0.569
23-Sep-2016,725,1317,112,0.55
26-Sep-2016,677,1369,28,0.495
27-Sep-2016,1215,703,29,1.728
28-Sep-2016,1476,505,121,2.923
29-Sep-2016,782,1154,124,0.678
30-Sep-2016,660,1335,64,0.494
03-Oct-2016,1112,896,87,1.241
04-Oct-2016,934,1050,121,0.89
05-Oct-2016,550,1441,64,0.382
06-Oct-2016,1042,921,20,1.131
07-Oct-2016,683,1347,107,0.507
10-Oct-2016,828,1080,56,0.767
11-Oct-2016,517,1520,103,0.34
12-Oct-2016,691,1302,78,0.531
13-Oct-2016,1066,973,82,1.096
14-Oct-2016,908,1021,27,0.889
17-Oct-2016,919,1082,117,0.849
18-Oct-2016,1016,970,77,1.047
19-Oct-2016,841,1157,89,0.727
20-Oct-2016,1048,860,129,1.219
21-Oct-2016,781,1166,107,0.67
24-Oct-2016,1000,900,26,1.111
25-Oct-2016,539,1500,81,0.359
26-Oct-2016,754,1319,79,0.572
27-Oct-2016,1129,789,96,1.431
28-Oct-2016,796,1231,60,0.647
31-Oct-2016,788,1267,68,0.622
01-Nov-2016,828,1140,94,0.726
02-Nov-2016,1253,663,98,1.89
03-Nov-2016,1139,844,23,1.35
04-Nov-2016,1035,1004,95,1.031
07-Nov-2016,1011,1049,121,0.964
08-Nov-2016,975,1121,80,0.87
09-Nov-2016,527,1565,21,0.337
10-Nov-2016,314,1751,20,0.179
11-Nov-2016,567,1487,68,0.381
14-Nov-2016,1131,842,73,1.343
15-Nov-2016,1041,882,80,1.18
16-Nov-2016,1182,787,84,1.502
17-Nov-2016,697,1364,48,0.511
18-Nov-2016,695,1327,78,0.524
21-Nov-2016,947,1106,29,0.856
22-Nov-2016,831,1155,61,0.719
23-Nov-2016,1140,810,75,1.407
24-Nov-2016,588,1474,71,0.399
25-Nov-2016,889,1095,67,0.812
28-Nov-2016,668,1295,101,0.516
29-Nov-2016,565,1375,48,0.411
30-Nov-2016,877,1158,104,0.757
01-Dec-2016,718,1184,49,0.606
02-Dec-2016,451,1508,100,0.299
05-Dec-2016,582,1325,67,0.439
06-Dec-2016,891,1058,20,0.842
07-Dec-2016,904,1106,45,0.817
08-Dec-2016,780,1135,27,0.687
09-Dec-2016,702,1214,69,0.578
12-Dec-2016,1162,887,93,1.31
13-Dec-2016,731,1361,114,0.537
14-Dec-2016,596,1332,70,0.447
15-Dec-2016,1014,1021,90,0.993
16-Dec-2016,1272,804,84,1.582
19-Dec-2016,1201,892,89,1.346
20-Dec-2016,884,1115,103,0.793
21-Dec-2016,586,1326,105,0.442
22-Dec-2016,909,1014,68,0.896
23-Dec-2016,1002,1069,97,0.937
26-Dec-2016,1140,761,34,1.498
27-Dec-2016,637,1447,26,0.44
28-Dec-2016,851,1114,89,0.764
29-Dec-2016,1136,851,48,1.335
30-Dec-2016,793,1270,104,0.624
02-Jan-2017,494,1507,110,0.328
03-Jan-2017,796,1181,39,0.674
04-Jan-2017,764,1276,58,0.599
05-Jan-2017,390,1655,82,0.236
06-Jan-2017,195,1792,82,0.109
09-Jan-2017,777,1137,47,0.683
10-Jan-2017,20,1925,87,0.01
11-Jan-2017,795,1272,90,0.625
12-Jan-2017,1034,1015,54,1.019
13-Jan-2017,1051,902,39,1.165
16-Jan-2017,952,1083,73,0.879
17-Jan-2017,1657,258,27,6.422
18-Jan-2017,432,1489,77,0.29
19-Jan-2017,646,1332,46,0.485
20-Jan-2017,898,1143,101,0.786
23-Jan-2017,763,1148,29,0.665
24-Jan-2017,809,1152,125,0.702
25-Jan-2017,563,1442,110,0.39
26-Jan-2017,889,1044,106,0.852
27-Jan-2017,923,1127,111,0.819
30-Jan-2017,1045,969,103,1.078
31-Jan-2017,1103,870,118,1.268
01-Feb-2017,860,1086,46,0.792
02-Feb-2017,1208,791,84,1.527
03-Feb-2017,452,1457,119,0.31
06-Feb-2017,675,1291,52,0.523
07-Feb-2017,988,1098,21,0.9
08-Feb-2017,914,1036,114,0.882
09-Feb-2017,611,1385,31,0.441
10-Feb-2017,386,1607,68,0.24
13-Feb-2017,619,1349,21,0.459
14-Feb-2017,563,1414,38,0.398
15-Feb-2017,640,1392,65,0.46
16-Feb-2017,1185,849,91,1.396
17-Feb-2017,91,1896,83,0.048
20-Feb-2017,1299,705,68,1.843
21-Feb-2017,496,1459,115,0.34
22-Feb-2017,949,1011,48,0.939
23-Feb-2017,821,1093,117,0.751
24-Feb-2017,789,1260,41,0.626
27-Feb-2017,605,1351,77,0.448
28-Feb-2017,586,1462,50,0.401
01-Mar-2017,656,1321,118,0.497
02-Mar-2017,1662,257,21,6.467
03-Mar-2017,194,1834,89,0.106
06-Mar-2017,542,1383,110,0.392
07-Mar-2017,707,1380,54,0.512
08-Mar-2017,607,1379,84,0.44
09-Mar-2017,854,1156,107,0.739
10-Mar-2017,633,1434,115,0.441
13-Mar-2017,826,1220,119,0.677
14-Mar-2017,434,1662,103,0.261
15-Mar-2017,93,1859,86,0.05
16-Mar-2017,1174,876,36,1.34
17-Mar-2017,959,1135,126,0.845
20-Mar-2017,1014,1019,61,0.995
21-Mar-2017,1268,773,78,1.64
22-Mar-2017,659,1362,34,0.484
23-Mar-2017,719,1240,51,0.58
24-Mar-2017,721,1224,60,0.589
27-Mar-2017,372,1585,128,0.235
28-Mar-2017,567,1382,30,0.41
29-Mar-2017,549,1502,106,0.366
30-Mar-2017,1043,916,94,1.139
31-Mar-2017,23,2011,98,0.011
03-Apr-2017,1452,524,59,2.771
04-Apr-2017,843,1071,82,0.787
05-Apr-2017,926,1069,110,0.866
06-Apr-2017,431,1621,31,0.266
07-Apr-2017,456,1578,93,0.289
10-Apr-2017,584,1486,42,0.393
11-Apr-2017,767,1302,38,0.589
12-Apr-2017,1412,577,35,2.447
13-Apr-2017,1092,892,54,1.224
14-Apr-2017,165,1890,49,0.087
17-Apr-2017,1554,421,117,3.691
18-Apr-2017,667,1404,90,0.475
19-Apr-2017,523,1407,123,0.372
20-Apr-2017,1204,754,85,1.597
21-Apr-2017,908,1186,123,0.766
24-Apr-2017,1414,529,34,2.673
25-Apr-2017,935,1024,29,0.913
26-Apr-2017,181,1786,120,0.101
27-Apr-2017,357,1552,93,0.23
28-Apr-2017,607,1427,54,0.425
01-May-2017,791,1155,74,0.685
02-May-2017,835,1149,35,0.727
03-May-2017,797,1269,105,0.628
04-May-2017,892,1048,79,0.851
05-May-2017,1136,858,108,1.324
08-May-2017,1492,595,55,2.508
09-May-2017,20,1931,68,0.01
10-May-2017,443,1638,23,0.27
11-May-2017,920,991,67,0.928
12-May-2017,1154,880,37,1.311
15-May-2017,531,1423,52,0.373
16-May-2017,930,1122,125,0.829
17-May-2017,516,1508,83,0.342
18-May-2017,589,1493,51,0.395
19-May-2017,1093,892,22,1.225
22-May-2017,610,1320,59,0.462
23-May-2017,1189,860,61,1.383
24-May-2017,506,1397,123,0.362
25-May-2017,652,1422,109,0.459
26-May-2017,617,1427,89,0.432
29-May-2017,1257,759,125,1.656
30-May-2017,952,1086,96,0.877
31-May-2017,874,1161,56,0.753
01-Jun-2017,1108,864,59,1.282
02-Jun-2017,1070,857,24,1.249
05-Jun-2017,820,1252,25,0.655
06-Jun-2017,935,1144,81,0.817
07-Jun-2017,687,1302,82,0.528
08-Jun-2017,727,1252,127,0.581
09-Jun-2017,1301,740,29,1.758
12-Jun-2017,1182,852,108,1.387
13-Jun-2017,670,1335,91,0.502
14-Jun-2017,625,1391,96,0.449
15-Jun-2017,701,1390,23,0.504
16-Jun-2017,602,1461,30,0.412
19-Jun-2017,1404,533,102,2.634
20-Jun-2017,954,982,77,0.971
21-Jun-2017,818,1107,21,0.739
22-Jun-2017,871,1179,109,0.739
23-Jun-2017,484,1467,79,0.33
26-Jun-2017,1196,880,37,1.359
27-Jun-2017,882,1145,117,0.77
28-Jun-2017,365,1604,27,0.228
29-Jun-2017,925,1068,25,0.866
30-Jun-2017,799,1146,37,0.697
03-Jul-2017,593,1342,66,0.442
04-Jul-2017,1317,770,120,1.71
05-Jul-2017,1248,833,38,1.498
06-Jul-2017,1211,831,127,1.457
07-Jul-2017,508,1522,57,0.334
10-Jul-2017,515,1497,58,0.344
11-Jul-2017,260,1808,58,0.144
12-Jul-2017,662,1370,72,0.483
13-Jul-2017,658,1399,121,0.47
14-Jul-2017,1075,999,93,1.076
17-Jul-2017,1230,705,27,1.745
18-Jul-2017,616,1315,38,0.468
19-Jul-2017,355,1635,99,0.217
20-Jul-2017,1277,721,62,1.771
21-Jul-2017,816,1097,101,0.744
24-Jul-2017,832,1219,47,0.683
25-Jul-2017,617,1384,23,0.446
26-Jul-2017,422,1534,103,0.275
27-Jul-2017,756,1185,56,0.638
28-Jul-2017,881,1133,37,0.778
31-Jul-2017,671,1230,45,0.546
01-Aug-2017,697,1280,22,0.545
02-Aug-2017,578,1505,45,0.384
03-Aug-2017,1140,957,26,1.191
04-Aug-2017,1228,857,107,1.433
07-Aug-2017,757,1208,93,0.627
08-Aug-2017,615,1360,74,0.452
09-Aug-2017,1295,667,111,1.942
10-Aug-2017,237,1830,121,0.13
11-Aug-2017,773,1127,47,0.686
14-Aug-2017,927,1082,22,0.857
15-Aug-2017,848,1154,99,0.735
16-Aug-2017,922,1025,34,0.9
17-Aug-2017,968,959,90,1.009
18-Aug-2017,859,1143,66,0.752
21-Aug-2017,728,1201,123,0.606
22-Aug-2017,1373,660,36,2.08
23-Aug-2017,1150,847,121,1.358
24-Aug-2017,1067,941,53,1.134
25-Aug-2017,961,1054,118,0.912
28-Aug-2017,1288,679,79,1.897
29-Aug-2017,966,995,115,0.971
30-Aug-2017,581,1351,81,0.43
31-Aug-2017,242,1786,68,0.135
01-Sep-2017,1050,889,63,1.181
04-Sep-2017,689,1261,49,0.546
05-Sep-2017,945,1098,123,0.861
06-Sep-2017,705,1377,104,0.512
07-Sep-2017,929,1069,98,0.869
08-Sep-2017,327,1737,116,0.188
11-Sep-2017,694,1233,89,0.563
12-Sep-2017,1075,847,52,1.269
13-Sep-2017,915,986,34,0.928
14-Sep-2017,1036,1023,23,1.013
15-Sep-2017,1056,940,54,1.123
18-Sep-2017,686,1240,67,0.553
19-Sep-2017,928,1142,20,0.813
20-Sep-2017,356,1724,107,0.206
21-Sep-2017,546,1510,128,0.362
22-Sep-2017,1063,1001,56,1.062
25-Sep-2017,1344,703,125,1.912
26-Sep-2017,776,1129,81,0.687
27-Sep-2017,665,1391,116,0.478
28-Sep-2017,1206,767,116,1.572
29-Sep-2017,1159,927,106,1.25
02-Oct-2017,934,1114,26,0.838
03-Oct-2017,970,939,66,1.033
04-Oct-2017,1316,594,94,2.215
05-Oct-2017,1244,855,82,1.455
06-Oct-2017,807,1134,34,0.712
09-Oct-2017,632,1392,72,0.454
10-Oct-2017,863,1197,76,0.721
11-Oct-2017,1149,822,67,1.398
12-Oct-2017,1149,896,86,1.282
13-Oct-2017,575,1459,21,0.394
16-Oct-2017,1025,1029,36,0.996
17-Oct-2017,763,1331,45,0.573
18-Oct-2017,406,1579,93,0.257
19-Oct-2017,601,1456,100,0.413
20-Oct-2017,1335,744,114,1.794
23-Oct-2017,339,1680,116,0.202
24-Oct-2017,1169,820,44,1.426
25-Oct-2017,851,1124,59,0.757
26-Oct-2017,877,1161,78,0.755
27-Oct-2017,1245,850,124,1.465
30-Oct-2017,1662,350,36,4.749
31-Oct-2017,1274,715,20,1.782
01-Nov-2017,1248,728,36,1.714
02-Nov-2017,868,1105,117,0.786
03-Nov-2017,870,1093,107,0.796
06-Nov-2017,551,1490,74,0.37
07-Nov-2017,547,1492,53,0.367
08-Nov-2017,986,1069,39,0.922
09-Nov-2017,925,1126,99,0.821
10-Nov-2017,963,1037,116,0.929
13-Nov-2017,1300,726,96,1.791
14-Nov-2017,1593,390,95,4.085
15-Nov-2017,824,1267,117,0.65
16-Nov-2017,850,1124,27,0.756
17-Nov-2017,1060,854,95,1.241
20-Nov-2017,730,1335,104,0.547
21-Nov-2017,596,1372,108,0.434
22-Nov-2017,414,1622,103,0.255
23-Nov-2017,590,1477,32,0.399
24-Nov-2017,1112,950,112,1.171
27-Nov-2017,699,1370,33,0.51
28-Nov-2017,946,965,76,0.98
29-Nov-2017,1049,1002,129,1.047
30-Nov-2017,870,1040,34,0.837
01-Dec-2017,1096,947,108,1.157
04-Dec-2017,1225,719,93,1.704
05-Dec-2017,1362,646,25,2.108
06-Dec-2017,692,1330,65,0.52
07-Dec-2017,609,1480,30,0.411
08-Dec-2017,81,1910,82,0.042
11-Dec-2017,438,1609,26,0.272
12-Dec-2017,941,1064,124,0.884
13-Dec-2017,1120,825,42,1.358
14-Dec-2017,726,1366,44,0.531
15-Dec-2017,220,1872,32,0.118
18-Dec-2017,598,1370,44,0.436
19-Dec-2017,416,1646,25,0.253
20-Dec-2017,767,1208,45,0.635
21-Dec-2017,347,1637,70,0.212
22-Dec-2017,813,1129,20,0.72
25-Dec-2017,603,1482,53,0.407
26-Dec-2017,1173,823,114,1.425
27-Dec-2017,900,1116,97,0.806
28-Dec-2017,944,1077,28,0.877
29-Dec-2017,814,1190,127,0.684
01-Jan-2018,369,1560,115,0.237
02-Jan-2018,850,1224,65,0.694
03-Jan-2018,581,1452,101,0.4
04-Jan-2018,121,1847,128,0.066
05-Jan-2018,561,1395,124,0.402
08-Jan-2018,768,1152,79,0.667
09-Jan-2018,1052,954,111,1.103
10-Jan-2018,512,1551,99,0.33
11-Jan-2018,460,1540,21,0.299
12-Jan-2018,959,1000,38,0.959
15-Jan-2018,873,1093,32,0.799
16-Jan-2018,841,1143,45,0.736
17-Jan-2018,773,1259,69,0.614
18-Jan-2018,644,1367,89,0.471
19-Jan-2018,1503,555,104,2.708
22-Jan-2018,183,1903,69,0.096
23-Jan-2018,679,1388,41,0.489
24-Jan-2018,743,1264,120,0.588
25-Jan-2018,965,1088,99,0.887
26-Jan-2018,1461,548,41,2.666
29-Jan-2018,874,1077,99,0.812
30-Jan-2018,276,1760,79,0.157
31-Jan-2018,1417,633,34,2.239
01-Feb-2018,353,1589,40,0.222
02-Feb-2018,700,1341,71,0.522
05-Feb-2018,87,1937,85,0.045
06-Feb-2018,774,1225,30,0.632
07-Feb-2018,1176,744,51,1.581
08-Feb-2018,632,1300,29,0.486
09-Feb-2018,789,1152,29,0.685
12-Feb-2018,741,1206,77,0.614
13-Feb-2018,725,1189,35,0.61
14-Feb-2018,570,1422,102,0.401
15-Feb-2018,1056,960,44,1.1
16-Feb-2018,1768,323,25,5.474
19-Feb-2018,698,1327,99,0.526
20-Feb-2018,675,1419,129,0.476
21-Feb-2018,650,1345,40,0.483
22-Feb-2018,789,1197,39,0.659
23-Feb-2018,656,1412,86,0.465
26-Feb-2018,1348,616,63,2.188
27-Feb-2018,1269,656,93,1.934
28-Feb-2018,1055,1034,66,1.02
01-Mar-2018,1044,883,32,1.182
02-Mar-2018,1249,683,101,1.829
05-Mar-2018,1498,555,81,2.699
06-Mar-2018,1183,784,122,1.509
07-Mar-2018,483,1448,100,0.334
08-Mar-2018,834,1091,74,0.764
09-Mar-2018,908,1071,89,0.848
12-Mar-2018,1172,791,24,1.482
13-Mar-2018,879,1043,26,0.843
14-Mar-2018,528,1415,53,0.373
15-Mar-2018,448,1472,119,0.304
16-Mar-2018,608,1449,29,0.42
19-Mar-2018,661,1239,48,0.533
20-Mar-2018,613,1337,87,0.458
21-Mar-2018,804,1107,79,0.726
22-Mar-2018,656,1424,93,0.461
23-Mar-2018,868,1127,35,0.77
26-Mar-2018,811,1140,106,0.711
27-Mar-2018,764,1322,126,0.578
28-Mar-2018,1289,620,48,2.079
29-Mar-2018,687,1354,82,0.507
30-Mar-2018,969,933,39,1.039
02-Apr-2018,1683,259,80,6.498
03-Apr-2018,563,1527,113,0.369
04-Apr-2018,540,1468,57,0.368
05-Apr-2018,515,1411,100,0.365
06-Apr-2018,482,1464,58,0.329
09-Apr-2018,513,1583,122,0.324
10-Apr-2018,1091,862,114,1.266
11-Apr-2018,1057,907,68,1.165
12-Apr-2018,707,1340,98,0.528
13-Apr-2018,690,1287,54,0.536
16-Apr-2018,1188,738,43,1.61
17-Apr-2018,738,1265,36,0.583
18-Apr-2018,876,1192,63,0.735
19-Apr-2018,762,1295,71,0.588
20-Apr-2018,620,1467,101,0.423
23-Apr-2018,761,1285,50,0.592
24-Apr-2018,1058,973,115,1.087
25-Apr-2018,1436,510,94,2.816
26-Apr-2018,807,1197,22,0.674
27-Apr-2018,859,1144,65,0.751
30-Apr-2018,847,1135,37,0.746
01-May-2018,638,1288,32,0.495
02-May-2018,1419,633,20,2.242
03-May-2018,640,1395,126,0.459
04-May-2018,781,1156,70,0.676
07-May-2018,268,1829,117,0.147
08-May-2018,1101,942,49,1.169
09-May-2018,1178,764,30,1.542
10-May-2018,653,1376,100,0.475
11-May-2018,770,1160,73,0.664
14-May-2018,543,1429,58,0.38
15-May-2018,795,1254,108,0.634
16-May-2018,1124,966,35,1.164
17-May-2018,1136,936,92,1.214
18-May-2018,1021,1024,89,0.997
21-May-2018,1008,925,123,1.09
22-May-2018,1239,772,117,1.605
23-May-2018,680,1325,104,0.513
24-May-2018,836,1244,127,0.672
25-May-2018,1308,719,52,1.819
28-May-2018,664,1301,75,0.51
29-May-2018,1454,538,89,2.703
30-May-2018,317,1777,118,0.178
31-May-2018,1002,954,21,1.05
01-Jun-2018,258,1823,74,0.142
04-Jun-2018,116,1806,42,0.064
05-Jun-2018,904,1079,30,0.838
06-Jun-2018,329,1574,104,0.209
07-Jun-2018,719,1331,21,0.54
08-Jun-2018,560,1536,68,0.365
11-Jun-2018,1217,841,127,1.447
12-Jun-2018,929,1096,30,0.848
13-Jun-2018,1684,217,49,7.76
14-Jun-2018,609,1366,91,0.446
15-Jun-2018,912,1116,129,0.817
18-Jun-2018,531,1456,115,0.365
19-Jun-2018,367,1556,59,0.236
20-Jun-2018,572,1512,121,0.378
21-Jun-2018,1096,936,67,1.171
22-Jun-2018,562,1529,114,0.368
25-Jun-2018,161,1792,39,0.09
26-Jun-2018,853,1115,28,0.765
27-Jun-2018,1038,939,113,1.105
28-Jun-2018,1128,854,60,1.321
29-Jun-2018,391,1514,56,0.258
02-Jul-2018,1238,848,29,1.46
03-Jul-2018,812,1097,125,0.74
04-Jul-2018,1647,427,89,3.857
05-Jul-2018,762,1293,74,0.589
06-Jul-2018,477,1491,72,0.32
09-Jul-2018,738,1280,20,0.577
10-Jul-2018,715,1286,49,0.556
11-Jul-2018,1068,891,127,1.199
12-Jul-2018,1092,820,51,1.332
13-Jul-2018,706,1342,86,0.526
16-Jul-2018,935,987,60,0.947
17-Jul-2018,349,1746,47,0.2
18-Jul-2018,1303,741,44,1.758
19-Jul-2018,307,1736,102,0.177
20-Jul-2018,1082,850,106,1.273
23-Jul-2018,1557,400,75,3.892
24-Jul-2018,584,1505,103,0.388
25-Jul-2018,952,984,44,0.967
26-Jul-2018,1109,817,65,1.357
27-Jul-2018,1258,789,50,1.594
30-Jul-2018,877,1092,116,0.803
31-Jul-2018,222,1778,49,0.125
01-Aug-2018,644,1386,87,0.465
02-Aug-2018,1130,820,43,1.378
03-Aug-2018,706,1376,93,0.513
06-Aug-2018,1210,748,50,1.618
07-Aug-2018,590,1316,61,0.448
08-Aug-2018,471,1609,85,0.293
09-Aug-2018,748,1168,106,0.64
10-Aug-2018,562,1467,51,0.383
13-Aug-2018,1900,101,78,18.812
14-Aug-2018,893,1077,53,0.829
15-Aug-2018,1180,853,23,1.383
16-Aug-2018,607,1375,88,0.441
17-Aug-2018,568,1527,114,0.372
20-Aug-2018,836,1089,32,0.768
21-Aug-2018,1015,920,73,1.103
22-Aug-2018,599,1490,65,0.402
23-Aug-2018,910,1028,70,0.885
24-Aug-2018,593,1448,74,0.41
27-Aug-2018,813,1248,72,0.651
28-Aug-2018,677,1234,82,0.549
29-Aug-2018,776,1200,39,0.647
30-Aug-2018,548,1442,32,0.38
31-Aug-2018,993,976,96,1.017
03-Sep-2018,1064,860,41,1.237
04-Sep-2018,586,1361,31,0.431
05-Sep-2018,1376,642,108,2.143
06-Sep-2018,675,1309,97,0.516
07-Sep-2018,786,1152,77,0.682
10-Sep-2018,1033,948,114,1.09
11-Sep-2018,1269,686,123,1.85
12-Sep-2018,1052,904,72,1.164
13-Sep-2018,706,1357,129,0.52
14-Sep-2018,796,1268,84,0.628
17-Sep-2018,1412,681,103,2.073
18-Sep-2018,1038,866,76,1.199
19-Sep-2018,1134,833,82,1.361
20-Sep-2018,1015,1026,26,0.989
21-Sep-2018,1142,777,70,1.47
24-Sep-2018,1216,821,72,1.481
25-Sep-2018,477,1510,102,0.316
26-Sep-2018,392,1636,105,0.24
27-Sep-2018,795,1135,119,0.7
28-Sep-2018,1287,710,70,1.813
01-Oct-2018,1286,679,67,1.894
02-Oct-2018,955,1094,84,0.873
03-Oct-2018,20,2011,73,0.01
04-Oct-2018,831,1097,37,0.758
05-Oct-2018,1098,877,109,1.252
08-Oct-2018,536,1369,116,0.392
09-Oct-2018,960,1126,59,0.853
10-Oct-2018,1346,752,63,1.79
11-Oct-2018,1021,996,20,1.025
12-Oct-2018,611,1383,94,0.442
15-Oct-2018,1047,1047,88,1.0
16-Oct-2018,981,1072,59,0.915
17-Oct-2018,588,1420,93,0.414
18-Oct-2018,587,1437,39,0.408
19-Oct-2018,1010,921,41,1.097
22-Oct-2018,458,1488,44,0.308
23-Oct-2018,913,1102,32,0.828
24-Oct-2018,638,1441,87,0.443
25-Oct-2018,748,1283,95,0.583
26-Oct-2018,748,1228,63,0.609
29-Oct-2018,1363,557,102,2.447
30-Oct-2018,980,1081,80,0.907
31-Oct-2018,734,1317,23,0.557
01-Nov-2018,605,1485,36,0.407
02-Nov-2018,921,1036,57,0.889
05-Nov-2018,1567,391,80,4.008
06-Nov-2018,981,1107,88,0.886
07-Nov-2018,672,1263,54,0.532
08-Nov-2018,1565,370,121,4.23
09-Nov-2018,821,1089,65,0.754
12-Nov-2018,1121,913,101,1.228
13-Nov-2018,900,1046,30,0.86
14-Nov-2018,707,1254,97,0.564
15-Nov-2018,731,1352,116,0.541
16-Nov-2018,755,1295,21,0.583
19-Nov-2018,1220,871,116,1.401
20-Nov-2018,1141,910,31,1.254
21-Nov-2018,1165,919,128,1.268
22-Nov-2018,1194,829,31,1.44
23-Nov-2018,569,1475,86,0.386
26-Nov-2018,501,1444,96,0.347
27-Nov-2018,1053,1012,65,1.041
28-Nov-2018,898,1052,49,0.854
29-Nov-2018,884,1056,117,0.837
30-Nov-2018,630,1396,31,0.451
03-Dec-2018,812,1268,35,0.64
04-Dec-2018,406,1494,121,0.272
05-Dec-2018,1222,826,59,1.479
06-Dec-2018,919,1011,20,0.909
07-Dec-2018,606,1484,25,0.408
10-Dec-2018,959,1062,33,0.903
11-Dec-2018,1067,870,76,1.226
12-Dec-2018,869,1222,34,0.711
13-Dec-2018,1228,770,87,1.595
14-Dec-2018,1512,558,97,2.71
17-Dec-2018,952,1067,95,0.892
18-Dec-2018,945,1102,85,0.858
19-Dec-2018,131,1838,99,0.071
20-Dec-2018,467,1560,118,0.299
21-Dec-2018,663,1434,109,0.462
24-Dec-2018,1035,924,73,1.12
25-Dec-2018,827,1154,25,0.717
26-Dec-2018,735,1245,76,0.59
27-Dec-2018,471,1588,113,0.297
28-Dec-2018,636,1265,109,0.503
31-Dec-2018,587,1387,54,0.423
01-Jan-2019,1520,469,60,3.241
02-Jan-2019,398,1610,95,0.247
03-Jan-2019,1061,995,69,1.066
04-Jan-2019,357,1684,51,0.212
07-Jan-2019,962,1136,38,0.847
08-Jan-2019,437,1547,109,0.282
09-Jan-2019,1253,710,123,1.765
10-Jan-2019,427,1521,26,0.281
11-Jan-2019,558,1412,47,0.395
14-Jan-2019,888,1178,129,0.754
15-Jan-2019,653,1340,116,0.487
16-Jan-2019,538,1483,48,0.363
17-Jan-2019,576,1405,112,0.41
18-Jan-2019,619,1324,116,0.468
21-Jan-2019,781,1296,39,0.603
22-Jan-2019,1663,266,126,6.252
23-Jan-2019,1016,1081,82,0.94
24-Jan-2019,1007,899,38,1.12
25-Jan-2019,605,1416,96,0.427
28-Jan-2019,789,1204,32,0.655
29-Jan-2019,580,1459,46,0.398
30-Jan-2019,1320,616,91,2.143
31-Jan-2019,559,1451,53,0.385
01-Feb-2019,1006,1088,79,0.925
04-Feb-2019,550,1430,114,0.385
05-Feb-2019,553,1529,80,0.362
06-Feb-2019,772,1270,69,0.608
07-Feb-2019,321,1748,27,0.184
08-Feb-2019,1263,669,114,1.888
11-Feb-2019,1321,595,103,2.22
12-Feb-2019,869,1203,98,0.722
13-Feb-2019,1406,522,85,2.693
14-Feb-2019,1224,874,119,1.4
15-Feb-2019,1373,672,48,2.043
18-Feb-2019,736,1329,88,0.554
19-Feb-2019,686,1248,103,0.55
20-Feb-2019,941,1105,110,0.852
21-Feb-2019,747,1304,29,0.573
22-Feb-2019,481,1526,58,0.315
25-Feb-2019,359,1580,86,0.227
26-Feb-2019,244,1756,93,0.139
27-Feb-2019,562,1529,95,0.368
28-Feb-2019,860,1045,45,0.823
01-Mar-2019,435,1559,23,0.279
04-Mar-2019,643,1271,82,0.506
05-Mar-2019,575,1397,121,0.412
06-Mar-2019,703,1291,85,0.545
07-Mar-2019,364,1633,72,0.223
08-Mar-2019,557,1400,114,0.398
11-Mar-2019,231,1840,62,0.126
12-Mar-2019,1306,706,69,1.85
13-Mar-2019,439,1580,129,0.278
14-Mar-2019,1017,1072,119,0.949
15-Mar-2019,611,1303,74,0.469
18-Mar-2019,871,1146,61,0.76
19-Mar-2019,526,1486,126,0.354
20-Mar-2019,1262,734,111,1.719
21-Mar-2019,798,1253,92,0.637
22-Mar-2019,517,1466,105,0.353
25-Mar-2019,1355,634,117,2.137
26-Mar-2019,699,1372,87,0.509
27-Mar-2019,703,1372,92,0.512
28-Mar-2019,1248,675,72,1.849
29-Mar-2019,1091,995,78,1.096
01-Apr-2019,746,1260,66,0.592
02-Apr-2019,105,1800,79,0.058
03-Apr-2019,858,1084,109,0.792
04-Apr-2019,655,1316,103,0.498
05-Apr-2019,495,1590,95,0.311
08-Apr-2019,1125,955,94,1.178
09-Apr-2019,1526,386,55,3.953
10-Apr-2019,1169,877,117,1.333
11-Apr-2019,975,1108,118,0.88
12-Apr-2019,854,1104,113,0.774
15-Apr-2019,1411,616,61,2.291
16-Apr-2019,585,1336,20,0.438
17-Apr-2019,639,1402,75,0.456
18-Apr-2019,714,1266,41,0.564
19-Apr-2019,401,1625,91,0.247
22-Apr-2019,995,925,72,1.076
23-Apr-2019,340,1655,112,0.205
24-Apr-2019,532,1435,51,0.371
25-Apr-2019,348,1664,34,0.209
26-Apr-2019,1196,855,38,1.399
29-Apr-2019,801,1207,69,0.664
30-Apr-2019,812,1222,50,0.664
01-May-2019,1461,518,24,2.82
02-May-2019,1327,741,103,1.791
03-May-2019,1393,581,42,2.398
06-May-2019,468,1590,32,0.294
07-May-2019,807,1240,46,0.651
08-May-2019,1074,1008,23,1.065
09-May-2019,770,1192,33,0.646
10-May-2019,564,1407,123,0.401
13-May-2019,412,1651,113,0.25
14-May-2019,205,1806,57,0.114
15-May-2019,988,1102,45,0.897
16-May-2019,1262,804,40,1.57
17-May-2019,478,1500,113,0.319
20-May-2019,810,1166,87,0.695
21-May-2019,43,1957,80,0.022
22-May-2019,839,1095,83,0.766
23-May-2019,1101,833,71,1.322
24-May-2019,204,1776,90,0.115
27-May-2019,1035,907,87,1.141
28-May-2019,650,1422,121,0.457
29-May-2019,885,1155,85,0.766
30-May-2019,971,1103,101,0.88
31-May-2019,1221,701,112,1.742
03-Jun-2019,1284,671,93,1.914
04-Jun-2019,1341,746,32,1.798
05-Jun-2019,1082,919,91,1.177
06-Jun-2019,910,1010,23,0.901
07-Jun-2019,838,1190,45,0.704
10-Jun-2019,708,1288,81,0.55
11-Jun-2019,219,1821,84,0.12
12-Jun-2019,1501,431,96,3.483
13-Jun-2019,673,1247,88,0.54
14-Jun-2019,550,1393,105,0.395
17-Jun-2019,759,1194,94,0.636
18-Jun-2019,948,989,75,0.959
19-Jun-2019,886,1097,116,0.808
20-Jun-2019,753,1187,59,0.634
21-Jun-2019,1017,894,94,1.138
24-Jun-2019,253,1819,99,0.139
25-Jun-2019,967,1132,67,0.854
26-Jun-2019,825,1258,54,0.656
27-Jun-2019,319,1583,25,0.202
28-Jun-2019,547,1389,122,0.394
01-Jul-2019,433,1591,48,0.272
02-Jul-2019,93,1877,64,0.05
03-Jul-2019,855,1093,108,0.782
04-Jul-2019,330,1713,85,0.193
05-Jul-2019,1295,631,49,2.052
08-Jul-2019,700,1293,63,0.541
09-Jul-2019,971,1012,46,0.959
10-Jul-2019,693,1333,81,0.52
11-Jul-2019,912,1102,33,0.828
12-Jul-2019,636,1293,109,0.492
15-Jul-2019,1087,814,21,1.335
16-Jul-2019,465,1468,98,0.317
17-Jul-2019,751,1190,57,0.631
18-Jul-2019,808,1177,116,0.686
19-Jul-2019,820,1129,98,0.726
22-Jul-2019,1139,773,26,1.473
23-Jul-2019,1022,1053,77,0.971
24-Jul-2019,903,1023,25,0.883
25-Jul-2019,834,1193,128,0.699
26-Jul-2019,782,1156,21,0.676
29-Jul-2019,1021,1054,124,0.969
30-Jul-2019,629,1409,89,0.446
31-Jul-2019,284,1807,40,0.157
01-Aug-2019,479,1461,20,0.328
02-Aug-2019,1123,889,28,1.263
05-Aug-2019,1542,430,65,3.586
06-Aug-2019,912,1130,112,0.807
07-Aug-2019,277,1701,72,0.163
08-Aug-2019,884,1159,67,0.763
09-Aug-2019,1108,951,36,1.165
12-Aug-2019,554,1467,25,0.378
13-Aug-2019,810,1226,89,0.661
14-Aug-2019,892,1174,44,0.76
15-Aug-2019,341,1599,129,0.213
16-Aug-2019,796,1152,121,0.691
19-Aug-2019,335,1645,109,0.204
20-Aug-2019,1135,922,74,1.231
21-Aug-2019,833,1240,99,0.672
22-Aug-2019,868,1043,119,0.832
23-Aug-2019,713,1219,116,0.585
26-Aug-2019,571,1344,124,0.425
27-Aug-2019,601,1375,100,0.437
28-Aug-2019,446,1556,54,0.287
29-Aug-2019,533,1375,119,0.388
30-Aug-2019,591,1495,91,0.395
02-Sep-2019,1100,935,80,1.176
03-Sep-2019,175,1905,26,0.092
04-Sep-2019,677,1366,128,0.496
05-Sep-2019,630,1450,43,0.434
06-Sep-2019,874,1225,45,0.713
09-Sep-2019,552,1365,73,0.404
10-Sep-2019,1523,527,73,2.89
11-Sep-2019,711,1295,59,0.549
12-Sep-2019,1681,261,66,6.441
13-Sep-2019,63,1862,101,0.034
16-Sep-2019,1550,549,53,2.823
17-Sep-2019,685,1303,30,0.526
18-Sep-2019,809,1242,61,0.651
19-Sep-2019,399,1502,72,0.266
20-Sep-2019,1185,866,122,1.368
23-Sep-2019,840,1151,116,0.73
24-Sep-2019,549,1490,23,0.368
25-Sep-2019,851,1159,112,0.734
26-Sep-2019,511,1483,110,0.345
27-Sep-2019,880,1083,129,0.813
30-Sep-2019,1371,643,77,2.132
01-Oct-2019,916,1012,43,0.905
02-Oct-2019,473,1548,92,0.306
03-Oct-2019,665,1428,83,0.466
04-Oct-2019,1021,987,83,1.034
07-Oct-2019,796,1279,67,0.622
08-Oct-2019,587,1353,29,0.434
09-Oct-2019,858,1212,52,0.708
10-Oct-2019,226,1859,65,0.122
11-Oct-2019,508,1587,34,0.32
14-Oct-2019,1026,891,113,1.152
15-Oct-2019,1043,922,88,1.131
16-Oct-2019,615,1406,46,0.437
17-Oct-2019,1426,482,106,2.959
18-Oct-2019,1052,851,25,1.236
21-Oct-2019,915,1019,38,0.898
22-Oct-2019,881,1063,54,0.829
23-Oct-2019,940,1049,39,0.896
24-Oct-2019,640,1307,87,0.49
25-Oct-2019,321,1730,109,0.186
28-Oct-2019,1241,839,89,1.479
29-Oct-2019,660,1438,129,0.459
30-Oct-2019,910,1078,72,0.844
31-Oct-2019,1117,926,120,1.206
01-Nov-2019,596,1449,40,0.411
04-Nov-2019,628,1462,107,0.43
05-Nov-2019,1848,103,113,17.942
06-Nov-2019,797,1284,49,0.621
07-Nov-2019,614,1378,53,0.446
08-Nov-2019,1134,816,77,1.39
11-Nov-2019,633,1410,117,0.449
12-Nov-2019,812,1109,57,0.732
13-Nov-2019,319,1750,106,0.182
14-Nov-2019,607,1482,35,0.41
15-Nov-2019,878,1191,47,0.737
18-Nov-2019,734,1302,65,0.564
19-Nov-2019,910,1120,28,0.812
20-Nov-2019,1054,945,63,1.115
21-Nov-2019,377,1572,103,0.24
22-Nov-2019,546,1475,43,0.37
25-Nov-2019,985,920,97,1.071
26-Nov-2019,1007,1073,42,0.938
27-Nov-2019,581,1375,30,0.423
28-Nov-2019,632,1386,41,0.456
29-Nov-2019,472,1450,101,0.326
02-Dec-2019,1627,406,101,4.007
03-Dec-2019,1119,831,37,1.347
04-Dec-2019,915,1124,92,0.814
05-Dec-2019,526,1565,61,0.336
06-Dec-2019,954,1027,31,0.929
09-Dec-2019,411,1629,108,0.252
10-Dec-2019,882,1123,127,0.785
11-Dec-2019,890,1203,60,0.74
12-Dec-2019,991,954,48,1.039
13-Dec-2019,1085,826,77,1.314
16-Dec-2019,759,1258,68,0.603
17-Dec-2019,807,1257,113,0.642
18-Dec-2019,872,1052,61,0.829
19-Dec-2019,795,1215,43,0.654
20-Dec-2019,274,1731,116,0.158
23-Dec-2019,1394,591,27,2.359
24-Dec-2019,912,1127,108,0.809
25-Dec-2019,1024,1024,107,1.0
26-Dec-2019,663,1393,94,0.476
27-Dec-2019,845,1095,67,0.772
30-Dec-2019,1617,349,35,4.633
31-Dec-2019,464,1618,95,0.287
01-Jan-2020,393,1603,69,0.245
02-Jan-2020,1214,763,122,1.591
03-Jan-2020,616,1454,93,0.424
06-Jan-2020,129,1933,103,0.067
07-Jan-2020,438,1627,21,0.269
08-Jan-2020,258,1725,118,0.15
09-Jan-2020,1180,869,84,1.358
10-Jan-2020,1672,309,35,5.411
13-Jan-2020,1062,1008,40,1.054
14-Jan-2020,941,973,37,0.967
15-Jan-2020,20,1970,43,0.01
16-Jan-2020,681,1276,126,0.534
17-Jan-2020,581,1470,122,0.395
20-Jan-2020,463,1543,115,0.3
21-Jan-2020,478,1533,81,0.312
22-Jan-2020,26,1926,92,0.013
23-Jan-2020,1364,616,97,2.214
24-Jan-2020,1723,324,62,5.318
27-Jan-2020,20,1912,94,0.01
28-Jan-2020,531,1381,124,0.385
29-Jan-2020,364,1720,65,0.212
30-Jan-2020,283,1660,83,0.17
31-Jan-2020,793,1254,99,0.632
03-Feb-2020,557,1458,66,0.382
04-Feb-2020,572,1455,40,0.393
05-Feb-2020,1044,1015,129,1.029
06-Feb-2020,20,1911,116,0.01
07-Feb-2020,1028,990,29,1.038
10-Feb-2020,1675,307,115,5.456
11-Feb-2020,634,1294,33,0.49
12-Feb-2020,1567,518,104,3.025
13-Feb-2020,674,1394,22,0.484
14-Feb-2020,961,1102,73,0.872
17-Feb-2020,977,983,36,0.994
18-Feb-2020,600,1454,100,0.413
19-Feb-2020,267,1826,96,0.146
20-Feb-2020,995,967,126,1.029
21-Feb-2020,20,1963,52,0.01
24-Feb-2020,655,1282,27,0.511
25-Feb-2020,1141,829,108,1.376
26-Feb-2020,1024,928,70,1.103
27-Feb-2020,870,1215,125,0.716
28-Feb-2020,1071,878,27,1.22
02-Mar-2020,1900,17,122,111.765
03-Mar-2020,830,1201,121,0.691
04-Mar-2020,1356,618,26,2.194
05-Mar-2020,762,1262,71,0.604
06-Mar-2020,605,1408,61,0.43
09-Mar-2020,1900,60,45,31.667
10-Mar-2020,1217,812,69,1.499
11-Mar-2020,22,1901,62,0.012
12-Mar-2020,20,2027,24,0.01
13-Mar-2020,1900,174,88,10.92
16-Mar-2020,1900,64,28,29.688
17-Mar-2020,435,1526,32,0.285
18-Mar-2020,554,1359,23,0.408
19-Mar-2020,1900,175,55,10.857
20-Mar-2020,1848,227,87,8.141
23-Mar-2020,1423,496,117,2.869
24-Mar-2020,20,2033,44,0.01
25-Mar-2020,20,1925,82,0.01
26-Mar-2020,1900,91,118,20.879
27-Mar-2020,20,2045,103,0.01
30-Mar-2020,272,1819,61,0.15
31-Mar-2020,1114,817,48,1.364
01-Apr-2020,640,1442,24,0.444
02-Apr-2020,20,1913,110,0.01
03-Apr-2020,435,1653,90,0.263
06-Apr-2020,846,1071,127,0.79
07-Apr-2020,671,1243,122,0.54
08-Apr-2020,20,1913,98,0.01
09-Apr-2020,767,1241,121,0.618
10-Apr-2020,1678,402,51,4.174
13-Apr-2020,25,1976,115,0.013
14-Apr-2020,20,2039,74,0.01
15-Apr-2020,306,1690,65,0.181
16-Apr-2020,1657,439,46,3.774
17-Apr-2020,1486,427,64,3.48
20-Apr-2020,915,1164,50,0.786
21-Apr-2020,384,1595,79,0.241
22-Apr-2020,422,1671,105,0.253
23-Apr-2020,317,1625,58,0.195
24-Apr-2020,933,996,43,0.937
27-Apr-2020,20,2046,95,0.01
28-Apr-2020,501,1557,61,0.322
29-Apr-2020,1591,420,62,3.788
30-Apr-2020,20,2032,24,0.01
01-May-2020,477,1510,50,0.316
04-May-2020,34,1939,31,0.018
05-May-2020,596,1471,79,0.405
06-May-2020,793,1180,20,0.672
07-May-2020,736,1355,94,0.543
08-May-2020,386,1606,49,0.24
11-May-2020,669,1294,54,0.517
12-May-2020,873,1082,33,0.807
13-May-2020,1102,845,97,1.304
14-May-2020,973,1032,64,0.943
15-May-2020,167,1754,97,0.095
18-May-2020,20,1979,80,0.01
19-May-2020,758,1186,129,0.639
20-May-2020,971,948,93,1.024
21-May-2020,1721,200,24,8.605
22-May-2020,360,1682,72,0.214
25-May-2020,984,1069,98,0.92
26-May-2020,20,2042,94,0.01
27-May-2020,700,1304,76,0.537
28-May-2020,1441,591,37,2.438
29-May-2020,1588,413,112,3.845
01-Jun-2020,20,1948,129,0.01
02-Jun-2020,888,1101,124,0.807
03-Jun-2020,607,1306,57,0.465
04-Jun-2020,1400,567,46,2.469
05-Jun-2020,795,1296,28,0.613
08-Jun-2020,633,1369,51,0.462
09-Jun-2020,936,1161,38,0.806
10-Jun-2020,1271,804,116,1.581
11-Jun-2020,384,1548,41,0.248
12-Jun-2020,20,1909,55,0.01
15-Jun-2020,126,1866,27,0.068
16-Jun-2020,542,1452,66,0.373
17-Jun-2020,659,1383,33,0.477
18-Jun-2020,1002,949,40,1.056
19-Jun-2020,1380,525,34,2.629
22-Jun-2020,1517,452,29,3.356
23-Jun-2020,197,1814,128,0.109
24-Jun-2020,356,1722,52,0.207
25-Jun-2020,1162,784,34,1.482
26-Jun-2020,805,1232,69,0.653
29-Jun-2020,694,1244,124,0.558
30-Jun-2020,869,1081,69,0.804
01-Jul-2020,655,1350,81,0.485
02-Jul-2020,1900,112,89,16.964
03-Jul-2020,792,1162,66,0.682
06-Jul-2020,108,1911,21,0.057
07-Jul-2020,686,1271,67,0.54
08-Jul-2020,1407,583,71,2.413
09-Jul-2020,1112,856,33,1.299
10-Jul-2020,681,1402,125,0.486
13-Jul-2020,20,1923,125,0.01
14-Jul-2020,1657,286,60,5.794
15-Jul-2020,1165,898,88,1.297
16-Jul-2020,239,1697,128,0.141
17-Jul-2020,1335,736,62,1.814
20-Jul-2020,343,1688,117,0.203
21-Jul-2020,92,1866,35,0.049
22-Jul-2020,1900,11,42,172.727
23-Jul-2020,20,1920,37,0.01
24-Jul-2020,854,1196,115,0.714
27-Jul-2020,20,1918,102,0.01
28-Jul-2020,1633,316,83,5.168
29-Jul-2020,1341,665,53,2.017
30-Jul-2020,1136,934,124,1.216
31-Jul-2020,1067,880,98,1.212
03-Aug-2020,480,1525,24,0.315
04-Aug-2020,843,1171,63,0.72
05-Aug-2020,796,1108,75,0.718
06-Aug-2020,381,1670,50,0.228
07-Aug-2020,1821,95,39,19.168
10-Aug-2020,728,1230,116,0.592
11-Aug-2020,593,1370,31,0.433
12-Aug-2020,990,953,53,1.039
13-Aug-2020,1187,879,85,1.35
14-Aug-2020,20,1898,117,0.011
17-Aug-2020,762,1332,113,0.572
18-Aug-2020,1581,373,106,4.239
19-Aug-2020,628,1412,21,0.445
20-Aug-2020,851,1184,126,0.719
21-Aug-2020,707,1303,73,0.543
24-Aug-2020,1900,22,54,86.364
25-Aug-2020,639,1385,35,0.461
26-Aug-2020,338,1618,126,0.209
27-Aug-2020,1653,280,57,5.904
28-Aug-2020,1637,290,116,5.645
31-Aug-2020,949,1072,35,0.885
01-Sep-2020,112,1920,113,0.058
02-Sep-2020,655,1319,116,0.497
03-Sep-2020,1206,828,52,1.457
04-Sep-2020,417,1526,128,0.273
07-Sep-2020,836,1213,78,0.689
08-Sep-2020,637,1277,106,0.499
09-Sep-2020,675,1393,84,0.485
10-Sep-2020,555,1500,97,0.37
11-Sep-2020,550,1449,34,0.38
14-Sep-2020,293,1726,127,0.17
15-Sep-2020,814,1189,92,0.685
16-Sep-2020,553,1400,46,0.395
17-Sep-2020,1732,210,118,8.248
18-Sep-2020,1545,462,81,3.344
21-Sep-2020,1782,211,108,8.445
22-Sep-2020,264,1776,96,0.149
23-Sep-2020,563,1423,60,0.396
24-Sep-2020,240,1720,41,0.14
25-Sep-2020,1293,713,39,1.813
28-Sep-2020,702,1351,48,0.52
29-Sep-2020,811,1273,28,0.637
30-Sep-2020,1086,1010,110,1.075
01-Oct-2020,392,1652,103,0.237
02-Oct-2020,1414,683,90,2.07
05-Oct-2020,1617,421,92,3.841
06-Oct-2020,809,1272,37,0.636
07-Oct-2020,874,1217,25,0.718
08-Oct-2020,310,1639,24,0.189
09-Oct-2020,606,1470,97,0.412
12-Oct-2020,1400,636,84,2.201
13-Oct-2020,153,1837,121,0.083
14-Oct-2020,476,1537,32,0.31
15-Oct-2020,619,1480,91,0.418
16-Oct-2020,940,996,112,0.944
19-Oct-2020,20,2076,112,0.01
20-Oct-2020,538,1448,43,0.372
21-Oct-2020,797,1176,112,0.678
22-Oct-2020,99,1918,126,0.052
23-Oct-2020,1043,1009,90,1.034
26-Oct-2020,1186,864,31,1.373
27-Oct-2020,1900,113,27,16.814
28-Oct-2020,1074,967,58,1.111
29-Oct-2020,1519,472,118,3.218
30-Oct-2020,431,1519,119,0.284
02-Nov-2020,489,1587,85,0.308
03-Nov-2020,757,1297,104,0.584
04-Nov-2020,1049,872,99,1.203
05-Nov-2020,745,1233,61,0.604
06-Nov-2020,1711,370,68,4.624
09-Nov-2020,648,1404,70,0.462
10-Nov-2020,1664,316,81,5.266
11-Nov-2020,931,992,28,0.939
12-Nov-2020,20,1889,64,0.011
13-Nov-2020,938,1001,36,0.937
16-Nov-2020,398,1646,88,0.242
17-Nov-2020,601,1372,53,0.438
18-Nov-2020,629,1315,119,0.478
19-Nov-2020,83,1932,80,0.043
20-Nov-2020,1138,795,63,1.431
23-Nov-2020,538,1501,99,0.358
24-Nov-2020,1189,835,80,1.424
25-Nov-2020,1037,866,63,1.197
26-Nov-2020,20,2021,70,0.01
27-Nov-2020,721,1306,128,0.552
30-Nov-2020,340,1749,65,0.194
01-Dec-2020,899,1187,74,0.757
02-Dec-2020,82,2010,85,0.041
03-Dec-2020,829,1121,50,0.74
04-Dec-2020,1900,187,95,10.16
07-Dec-2020,629,1377,58,0.457
08-Dec-2020,1342,606,62,2.215
09-Dec-2020,456,1544,39,0.295
10-Dec-2020,330,1605,121,0.206
11-Dec-2020,448,1598,122,0.28
14-Dec-2020,319,1696,41,0.188
15-Dec-2020,806,1133,47,0.711
16-Dec-2020,650,1402,126,0.464
17-Dec-2020,794,1289,56,0.616
18-Dec-2020,228,1708,73,0.133
21-Dec-2020,730,1239,116,0.589
22-Dec-2020,612,1319,50,0.464
23-Dec-2020,735,1165,88,0.631
24-Dec-2020,1492,475,71,3.141
25-Dec-2020,20,2025,34,0.01
28-Dec-2020,399,1645,64,0.243
29-Dec-2020,1268,792,70,1.601
30-Dec-2020,225,1746,67,0.129
31-Dec-2020,815,1115,48,0.731
01-Jan-2021,1171,849,53,1.379
04-Jan-2021,915,1072,32,0.854
05-Jan-2021,792,1109,41,0.714
06-Jan-2021,786,1267,103,0.62
07-Jan-2021,748,1329,25,0.563
08-Jan-2021,1065,891,76,1.195
11-Jan-2021,517,1427,62,0.362
12-Jan-2021,812,1214,81,0.669
13-Jan-2021,604,1441,45,0.419
14-Jan-2021,1010,905,123,1.116
15-Jan-2021,1095,933,69,1.174
18-Jan-2021,329,1647,49,0.2
19-Jan-2021,847,1113,98,0.761
20-Jan-2021,20,2043,127,0.01
21-Jan-2021,926,1137,44,0.814
22-Jan-2021,1071,951,38,1.126
25-Jan-2021,715,1235,27,0.579
26-Jan-2021,832,1088,45,0.765
27-Jan-2021,521,1435,57,0.363
28-Jan-2021,1188,838,128,1.418
29-Jan-2021,477,1597,102,0.299
01-Feb-2021,923,1120,29,0.824
02-Feb-2021,1509,405,28,3.726
03-Feb-2021,1328,750,88,1.771
04-Feb-2021,597,1439,127,0.415
05-Feb-2021,1101,948,64,1.161
08-Feb-2021,702,1210,68,0.58
09-Feb-2021,917,1101,64,0.833
10-Feb-2021,1417,674,79,2.102
11-Feb-2021,814,1125,44,0.724
12-Feb-2021,1131,786,107,1.439
15-Feb-2021,1124,967,76,1.162
16-Feb-2021,874,1192,53,0.733
17-Feb-2021,616,1383,100,0.445
18-Feb-2021,385,1538,54,0.25
19-Feb-2021,461,1440,89,0.32
22-Feb-2021,994,1091,54,0.911
23-Feb-2021,558,1437,97,0.388
24-Feb-2021,817,1137,85,0.719
25-Feb-2021,535,1370,89,0.391
26-Feb-2021,474,1490,69,0.318
01-Mar-2021,529,1384,27,0.382
02-Mar-2021,592,1507,80,0.393
03-Mar-2021,1101,887,104,1.241
04-Mar-2021,816,1174,103,0.695
05-Mar-2021,731,1201,36,0.609
08-Mar-2021,1097,862,44,1.273
09-Mar-2021,922,1173,118,0.786
10-Mar-2021,457,1634,25,0.28
11-Mar-2021,1086,1012,77,1.073
12-Mar-2021,648,1450,71,0.447
15-Mar-2021,803,1223,20,0.657
16-Mar-2021,735,1255,89,0.586
17-Mar-2021,231,1764,55,0.131
18-Mar-2021,576,1380,24,0.417
19-Mar-2021,602,1351,63,0.446
22-Mar-2021,792,1167,122,0.679
23-Mar-2021,1088,1011,85,1.076
24-Mar-2021,1218,730,79,1.668
25-Mar-2021,1426,629,104,2.267
26-Mar-2021,45,1873,55,0.024
29-Mar-2021,213,1687,67,0.126
30-Mar-2021,908,1160,98,0.783
31-Mar-2021,859,1159,43,0.741
01-Apr-2021,793,1166,90,0.68
02-Apr-2021,861,1191,85,0.723
05-Apr-2021,329,1690,93,0.195
06-Apr-2021,823,1196,62,0.688
07-Apr-2021,985,1038,33,0.949
08-Apr-2021,1040,924,45,1.126
09-Apr-2021,1124,804,45,1.398
12-Apr-2021,209,1809,121,0.116
13-Apr-2021,808,1218,69,0.663
14-Apr-2021,1186,816,78,1.453
15-Apr-2021,586,1401,30,0.418
16-Apr-2021,656,1289,91,0.509
19-Apr-2021,1383,572,65,2.418
20-Apr-2021,1258,716,107,1.757
21-Apr-2021,181,1902,79,0.095
22-Apr-2021,812,1251,72,0.649
23-Apr-2021,904,1120,104,0.807
26-Apr-2021,181,1736,72,0.104
27-Apr-2021,890,1061,34,0.839
28-Apr-2021,704,1207,36,0.583
29-Apr-2021,1014,907,23,1.118
30-Apr-2021,762,1203,111,0.633
03-May-2021,1405,600,94,2.342
04-May-2021,1247,685,64,1.82
05-May-2021,1011,915,127,1.105
06-May-2021,932,1056,77,0.883
07-May-2021,1134,801,66,1.416
10-May-2021,869,1072,39,0.811
11-May-2021,1262,732,127,1.724
12-May-2021,875,1157,55,0.756
13-May-2021,1077,940,50,1.146
14-May-2021,991,1062,88,0.933
17-May-2021,1160,742,90,1.563
18-May-2021,743,1184,66,0.628
19-May-2021,626,1310,122,0.478
20-May-2021,686,1250,113,0.549
21-May-2021,594,1412,75,0.421
24-May-2021,998,1026,70,0.973
25-May-2021,750,1218,129,0.616
26-May-2021,1047,918,94,1.141
27-May-2021,709,1255,31,0.565
28-May-2021,972,1116,106,0.871
31-May-2021,1127,845,116,1.334
01-Jun-2021,731,1273,33,0.574
02-Jun-2021,710,1310,123,0.542
03-Jun-2021,537,1453,68,0.37
04-Jun-2021,693,1384,88,0.501
07-Jun-2021,921,1071,103,0.86
08-Jun-2021,1261,788,77,1.6
09-Jun-2021,782,1272,92,0.615
10-Jun-2021,1271,786,87,1.617
11-Jun-2021,1025,877,72,1.169
14-Jun-2021,754,1212,107,0.622
15-Jun-2021,851,1069,100,0.796
16-Jun-2021,673,1228,39,0.548
17-Jun-2021,285,1784,47,0.16
18-Jun-2021,829,1142,128,0.726
21-Jun-2021,461,1586,104,0.291
22-Jun-2021,1727,273,72,6.326
23-Jun-2021,461,1482,110,0.311
24-Jun-2021,309,1783,119,0.173
25-Jun-2021,352,1703,69,0.207
28-Jun-2021,444,1618,100,0.274
29-Jun-2021,916,1082,91,0.847
30-Jun-2021,1556,433,72,3.594
01-Jul-2021,459,1589,25,0.289
02-Jul-2021,637,1415,93,0.45
05-Jul-2021,1022,1064,59,0.961
06-Jul-2021,1364,580,35,2.352
07-Jul-2021,363,1566,33,0.232
08-Jul-2021,1021,1021,61,1.0
09-Jul-2021,591,1374,112,0.43
12-Jul-2021,487,1420,96,0.343
13-Jul-2021,768,1230,57,0.624
14-Jul-2021,1293,790,42,1.637
15-Jul-2021,1373,532,75,2.581
16-Jul-2021,318,1633,92,0.195
19-Jul-2021,766,1249,89,0.613
20-Jul-2021,829,1256,110,0.66
21-Jul-2021,489,1476,45,0.331
22-Jul-2021,676,1256,40,0.538
23-Jul-2021,714,1246,93,0.573
26-Jul-2021,1375,721,77,1.907
27-Jul-2021,1432,480,87,2.983
28-Jul-2021,726,1189,49,0.611
29-Jul-2021,492,1509,46,0.326
30-Jul-2021,501,1513,32,0.331
02-Aug-2021,730,1317,21,0.554
03-Aug-2021,876,1034,76,0.847
04-Aug-2021,1278,818,54,1.562
05-Aug-2021,835,1263,80,0.661
06-Aug-2021,1411,674,97,2.093
09-Aug-2021,502,1547,63,0.324
10-Aug-2021,875,1123,94,0.779
11-Aug-2021,410,1613,96,0.254
12-Aug-2021,711,1258,98,0.565
13-Aug-2021,1246,816,76,1.527
16-Aug-2021,1204,778,36,1.548
17-Aug-2021,597,1473,110,0.405
18-Aug-2021,1046,1031,78,1.015
19-Aug-2021,718,1308,40,0.549
20-Aug-2021,605,1444,70,0.419
23-Aug-2021,695,1306,48,0.532
24-Aug-2021,999,1032,66,0.968
25-Aug-2021,571,1351,64,0.423
26-Aug-2021,1096,992,104,1.105
27-Aug-2021,1180,829,110,1.423
30-Aug-2021,863,1072,63,0.805
31-Aug-2021,926,1113,115,0.832
01-Sep-2021,392,1683,59,0.233
02-Sep-2021,800,1195,56,0.669
03-Sep-2021,745,1317,53,0.566
06-Sep-2021,699,1237,86,0.565
07-Sep-2021,891,1175,62,0.758
08-Sep-2021,990,975,129,1.015
09-Sep-2021,686,1239,37,0.554
10-Sep-2021,20,2006,113,0.01
13-Sep-2021,338,1562,36,0.216
14-Sep-2021,675,1372,113,0.492
15-Sep-2021,1107,832,84,1.331
16-Sep-2021,420,1608,32,0.261
17-Sep-2021,287,1739,26,0.165
20-Sep-2021,610,1290,124,0.473
21-Sep-2021,372,1533,98,0.243
22-Sep-2021,1007,935,106,1.077
23-Sep-2021,553,1440,54,0.384
24-Sep-2021,385,1685,94,0.228
27-Sep-2021,663,1406,43,0.472
28-Sep-2021,706,1248,80,0.566
29-Sep-2021,701,1398,21,0.501
30-Sep-2021,1080,866,28,1.247
01-Oct-2021,128,1798,107,0.071
04-Oct-2021,544,1511,92,0.36
05-Oct-2021,282,1694,70,0.166
06-Oct-2021,910,998,129,0.912
07-Oct-2021,428,1611,110,0.266
08-Oct-2021,357,1664,108,0.215
11-Oct-2021,664,1348,110,0.493
12-Oct-2021,1112,889,89,1.251
13-Oct-2021,867,1094,86,0.793
14-Oct-2021,717,1259,25,0.569
15-Oct-2021,299,1602,96,0.187
18-Oct-2021,749,1317,103,0.569
19-Oct-2021,467,1493,59,0.313
20-Oct-2021,430,1523,69,0.282
21-Oct-2021,191,1874,47,0.102
22-Oct-2021,728,1348,50,0.54
25-Oct-2021,1075,930,120,1.156
26-Oct-2021,1096,967,91,1.133
27-Oct-2021,529,1414,24,0.374
28-Oct-2021,963,1081,121,0.891
29-Oct-2021,1306,793,32,1.647
01-Nov-2021,1136,951,46,1.195
02-Nov-2021,584,1397,70,0.418
03-Nov-2021,585,1511,99,0.387
04-Nov-2021,748,1246,98,0.6
05-Nov-2021,583,1496,42,0.39
08-Nov-2021,430,1564,83,0.275
09-Nov-2021,765,1135,64,0.674
10-Nov-2021,711,1261,22,0.564
11-Nov-2021,790,1273,29,0.621
12-Nov-2021,864,1057,57,0.817
15-Nov-2021,566,1503,100,0.377
16-Nov-2021,851,1180,83,0.721
17-Nov-2021,929,1086,121,0.855
18-Nov-2021,629,1288,99,0.488
19-Nov-2021,512,1573,41,0.325
22-Nov-2021,1169,841,97,1.39
23-Nov-2021,713,1331,38,0.536
24-Nov-2021,780,1147,28,0.68
25-Nov-2021,276,1705,55,0.162
26-Nov-2021,712,1230,58,0.579
29-Nov-2021,819,1228,48,0.667
30-Nov-2021,800,1275,34,0.627
01-Dec-2021,303,1613,64,0.188
02-Dec-2021,649,1406,41,0.462
03-Dec-2021,981,992,75,0.989
06-Dec-2021,818,1095,120,0.747
07-Dec-2021,131,1963,77,0.067
08-Dec-2021,1012,973,44,1.04
09-Dec-2021,785,1278,27,0.614
10-Dec-2021,991,1054,126,0.94
13-Dec-2021,865,1219,31,0.71
14-Dec-2021,849,1156,84,0.734
15-Dec-2021,504,1590,95,0.317
16-Dec-2021,1079,827,104,1.305
17-Dec-2021,1357,684,48,1.984
20-Dec-2021,995,1087,58,0.915
21-Dec-2021,1206,782,84,1.542
22-Dec-2021,252,1659,45,0.152
23-Dec-2021,641,1327,35,0.483
24-Dec-2021,459,1509,100,0.304
27-Dec-2021,613,1336,112,0.459
28-Dec-2021,1542,448,28,3.442
29-Dec-2021,1061,999,42,1.062
30-Dec-2021,930,1156,110,0.804
31-Dec-2021,821,1126,56,0.729
03-Jan-2022,1024,897,35,1.142
04-Jan-2022,1900,153,87,12.418
05-Jan-2022,931,1161,50,0.802
06-Jan-2022,1491,536,39,2.782
07-Jan-2022,666,1289,128,0.517
10-Jan-2022,1084,946,122,1.146
11-Jan-2022,759,1223,51,0.621
12-Jan-2022,1146,763,74,1.502
13-Jan-2022,549,1365,26,0.402
14-Jan-2022,709,1326,128,0.535
17-Jan-2022,784,1222,127,0.642
18-Jan-2022,867,1084,69,0.8
19-Jan-2022,1050,916,28,1.146
20-Jan-2022,993,1011,121,0.982
21-Jan-2022,920,981,122,0.938
24-Jan-2022,660,1325,98,0.498
25-Jan-2022,68,1872,117,0.036
26-Jan-2022,752,1319,35,0.57
27-Jan-2022,974,1070,86,0.91
28-Jan-2022,1053,973,48,1.082
31-Jan-2022,1478,597,25,2.476
01-Feb-2022,348,1730,57,0.201
02-Feb-2022,20,1993,64,0.01
03-Feb-2022,1254,770,54,1.629
04-Feb-2022,521,1563,60,0.333
07-Feb-2022,768,1292,107,0.594
08-Feb-2022,1492,572,57,2.608
09-Feb-2022,598,1382,27,0.433
10-Feb-2022,124,1960,82,0.063
11-Feb-2022,631,1310,126,0.482
14-Feb-2022,904,1035,88,0.873
15-Feb-2022,20,2056,26,0.01
16-Feb-2022,902,1191,81,0.757
17-Feb-2022,1097,913,51,1.202
18-Feb-2022,989,927,95,1.067
21-Feb-2022,785,1294,97,0.607
22-Feb-2022,410,1559,80,0.263
23-Feb-2022,1142,909,129,1.256
24-Feb-2022,600,1328,90,0.452
25-Feb-2022,154,1807,121,0.085
28-Feb-2022,718,1196,20,0.6
01-Mar-2022,499,1490,97,0.335
02-Mar-2022,751,1329,90,0.565
03-Mar-2022,785,1175,58,0.668
04-Mar-2022,919,1069,125,0.86
07-Mar-2022,1209,864,93,1.399
08-Mar-2022,1001,933,92,1.073
09-Mar-2022,890,1206,47,0.738
10-Mar-2022,1286,711,48,1.809
11-Mar-2022,897,1020,49,0.879
14-Mar-2022,1064,856,33,1.243
15-Mar-2022,907,1106,46,0.82
16-Mar-2022,877,1032,104,0.85
17-Mar-2022,294,1644,70,0.179
18-Mar-2022,860,1139,116,0.755
21-Mar-2022,446,1581,24,0.282
22-Mar-2022,574,1457,84,0.394
23-Mar-2022,341,1727,30,0.197
24-Mar-2022,1210,825,86,1.467
25-Mar-2022,1517,395,25,3.841
28-Mar-2022,423,1640,92,0.258
29-Mar-2022,513,1441,95,0.356
30-Mar-2022,694,1249,52,0.556
31-Mar-2022,465,1437,113,0.324
01-Apr-2022,726,1197,75,0.607
04-Apr-2022,1013,966,25,1.049
05-Apr-2022,881,1210,28,0.728
06-Apr-2022,746,1205,76,0.619
07-Apr-2022,1228,792,80,1.551
08-Apr-2022,1507,394,84,3.825
11-Apr-2022,1405,581,26,2.418
12-Apr-2022,1299,680,35,1.91
13-Apr-2022,859,1068,124,0.804
14-Apr-2022,830,1241,91,0.669
15-Apr-2022,1720,201,108,8.557
18-Apr-2022,779,1203,105,0.648
19-Apr-2022,1079,840,57,1.285
20-Apr-2022,894,1092,33,0.819
21-Apr-2022,761,1246,29,0.611
22-Apr-2022,1251,794,117,1.576
25-Apr-2022,713,1198,32,0.595
26-Apr-2022,1232,775,31,1.59
27-Apr-2022,727,1178,20,0.617
28-Apr-2022,1021,1069,84,0.955
29-Apr-2022,990,1029,94,0.962
02-May-2022,567,1469,99,0.386
03-May-2022,884,1034,82,0.855
04-May-2022,926,1002,88,0.924
05-May-2022,163,1867,114,0.087
06-May-2022,912,1120,69,0.814
09-May-2022,1494,474,99,3.152
10-May-2022,809,1237,106,0.654
11-May-2022,824,1248,38,0.66
12-May-2022,797,1182,54,0.674
13-May-2022,1023,1073,107,0.953
16-May-2022,943,1002,78,0.941
17-May-2022,686,1360,71,0.504
18-May-2022,709,1267,68,0.56
19-May-2022,1743,207,107,8.42
20-May-2022,871,1153,34,0.755
23-May-2022,815,1255,111,0.649
24-May-2022,936,1012,112,0.925
25-May-2022,312,1760,54,0.177
26-May-2022,1153,770,102,1.497
27-May-2022,359,1661,54,0.216
30-May-2022,951,1036,86,0.918
31-May-2022,1279,653,94,1.959
01-Jun-2022,582,1359,29,0.428
02-Jun-2022,1424,555,117,2.566
03-Jun-2022,1158,870,82,1.331
06-Jun-2022,1203,893,88,1.347
07-Jun-2022,97,1983,96,0.049
08-Jun-2022,1248,823,30,1.516
09-Jun-2022,1004,1058,118,0.949
10-Jun-2022,1245,812,66,1.533
13-Jun-2022,33,1969,122,0.017
14-Jun-2022,715,1352,126,0.529
15-Jun-2022,1386,599,53,2.314
16-Jun-2022,969,1006,111,0.963
17-Jun-2022,536,1457,42,0.368
20-Jun-2022,870,1093,124,0.796
21-Jun-2022,1076,918,82,1.172
22-Jun-2022,832,1217,86,0.684
23-Jun-2022,955,1065,113,0.897
24-Jun-2022,705,1292,94,0.546
27-Jun-2022,309,1706,68,0.181
28-Jun-2022,614,1436,33,0.428
29-Jun-2022,871,1058,81,0.823
30-Jun-2022,941,1100,77,0.855
01-Jul-2022,591,1460,39,0.405
04-Jul-2022,1058,907,79,1.166
05-Jul-2022,847,1183,34,0.716
06-Jul-2022,841,1139,56,0.738
07-Jul-2022,596,1305,94,0.457
08-Jul-2022,718,1247,49,0.576
11-Jul-2022,724,1234,99,0.587
12-Jul-2022,1133,796,35,1.423
13-Jul-2022,745,1218,25,0.612
14-Jul-2022,1087,888,60,1.224
15-Jul-2022,1071,863,97,1.241
18-Jul-2022,997,1058,98,0.942
19-Jul-2022,970,1021,122,0.95
20-Jul-2022,498,1528,109,0.326
21-Jul-2022,891,1200,103,0.742
22-Jul-2022,542,1433,104,0.378
25-Jul-2022,714,1310,129,0.545
26-Jul-2022,293,1794,109,0.163
27-Jul-2022,1008,905,84,1.114
28-Jul-2022,943,1121,50,0.841
29-Jul-2022,877,1203,108,0.729
01-Aug-2022,810,1150,73,0.704
02-Aug-2022,708,1281,35,0.553
03-Aug-2022,1351,598,34,2.259
04-Aug-2022,1151,753,125,1.529
05-Aug-2022,744,1213,85,0.613
08-Aug-2022,797,1294,97,0.616
09-Aug-2022,995,921,125,1.08
10-Aug-2022,1283,777,26,1.651
11-Aug-2022,516,1471,33,0.351
12-Aug-2022,629,1316,108,0.478
15-Aug-2022,924,1135,129,0.814
16-Aug-2022,796,1292,96,0.616
17-Aug-2022,177,1891,51,0.094
18-Aug-2022,1473,591,81,2.492
19-Aug-2022,765,1170,20,0.654
22-Aug-2022,756,1240,125,0.61
23-Aug-2022,949,1064,40,0.892
24-Aug-2022,933,1136,127,0.821
25-Aug-2022,866,1189,128,0.728
26-Aug-2022,785,1284,52,0.611
29-Aug-2022,900,1092,20,0.824
30-Aug-2022,871,1093,58,0.797
31-Aug-2022,1040,896,104,1.161
01-Sep-2022,1321,757,87,1.745
02-Sep-2022,1158,799,114,1.449
05-Sep-2022,1049,1030,116,1.018
06-Sep-2022,1194,751,71,1.59
07-Sep-2022,202,1826,54,0.111
08-Sep-2022,1075,963,43,1.116
09-Sep-2022,969,932,42,1.04
12-Sep-2022,384,1613,83,0.238
13-Sep-2022,798,1123,85,0.711
14-Sep-2022,392,1601,51,0.245
15-Sep-2022,1010,899,97,1.123
16-Sep-2022,818,1187,67,0.689
19-Sep-2022,752,1198,85,0.628
20-Sep-2022,689,1391,76,0.495
21-Sep-2022,1325,761,43,1.741
22-Sep-2022,881,1054,64,0.836
23-Sep-2022,1117,863,53,1.294
26-Sep-2022,1122,852,105,1.317
27-Sep-2022,1292,624,122,2.071
28-Sep-2022,96,1851,44,0.052
29-Sep-2022,1062,909,23,1.168
30-Sep-2022,242,1753,68,0.138
03-Oct-2022,1219,870,66,1.401
04-Oct-2022,483,1530,58,0.316
05-Oct-2022,963,966,116,0.997
06-Oct-2022,1267,717,35,1.767
07-Oct-2022,1106,869,39,1.273
10-Oct-2022,708,1265,113,0.56
11-Oct-2022,1372,620,33,2.213
12-Oct-2022,906,1027,65,0.882
13-Oct-2022,1275,772,75,1.652
14-Oct-2022,1347,597,112,2.256
17-Oct-2022,858,1117,119,0.768
18-Oct-2022,706,1243,58,0.568
19-Oct-2022,364,1735,72,0.21
20-Oct-2022,1523,424,81,3.592
21-Oct-2022,1396,623,98,2.241
24-Oct-2022,888,1093,26,0.812
25-Oct-2022,1174,880,86,1.334
26-Oct-2022,969,937,64,1.034
27-Oct-2022,1325,771,113,1.719
28-Oct-2022,500,1498,38,0.334
31-Oct-2022,1059,841,84,1.259
01-Nov-2022,1424,654,83,2.177
02-Nov-2022,781,1160,54,0.673
03-Nov-2022,1469,571,114,2.573
04-Nov-2022,906,1098,124,0.825
07-Nov-2022,919,1067,27,0.861
08-Nov-2022,790,1186,122,0.666
09-Nov-2022,372,1622,48,0.229
10-Nov-2022,1080,1000,77,1.08
11-Nov-2022,556,1438,104,0.387
14-Nov-2022,1118,894,124,1.251
15-Nov-2022,647,1418,70,0.456
16-Nov-2022,704,1395,61,0.505
17-Nov-2022,932,1134,55,0.822
18-Nov-2022,1167,898,123,1.3
21-Nov-2022,450,1543,45,0.292
22-Nov-2022,1256,787,124,1.596
23-Nov-2022,978,1100,64,0.889
24-Nov-2022,1495,576,119,2.595
25-Nov-2022,771,1191,23,0.647
28-Nov-2022,260,1822,65,0.143
29-Nov-2022,379,1521,83,0.249
30-Nov-2022,1077,924,105,1.166
01-Dec-2022,821,1271,98,0.646
02-Dec-2022,968,1011,97,0.957
05-Dec-2022,315,1588,31,0.198
06-Dec-2022,23,1910,117,0.012
07-Dec-2022,592,1429,46,0.414
08-Dec-2022,366,1558,64,0.235
09-Dec-2022,1133,863,105,1.313
12-Dec-2022,1028,872,51,1.179
13-Dec-2022,204,1858,77,0.11
14-Dec-2022,948,1074,60,0.883
15-Dec-2022,684,1405,26,0.487
16-Dec-2022,840,1205,108,0.697
19-Dec-2022,629,1311,95,0.48
20-Dec-2022,293,1610,91,0.182
21-Dec-2022,626,1327,116,0.472
22-Dec-2022,462,1616,51,0.286
23-Dec-2022,1389,611,61,2.273
26-Dec-2022,444,1505,53,0.295
27-Dec-2022,617,1478,126,0.417
28-Dec-2022,945,1104,62,0.856
29-Dec-2022,525,1459,126,0.36
30-Dec-2022,895,1050,128,0.852
02-Jan-2023,1237,720,59,1.718
03-Jan-2023,992,1016,60,0.976
04-Jan-2023,649,1359,47,0.478
05-Jan-2023,598,1409,79,0.424
06-Jan-2023,1172,867,62,1.352
09-Jan-2023,1245,849,76,1.466
10-Jan-2023,565,1440,39,0.392
11-Jan-2023,514,1392,59,0.369
12-Jan-2023,925,1082,104,0.855
13-Jan-2023,305,1609,106,0.19
16-Jan-2023,525,1538,126,0.341
17-Jan-2023,793,1129,26,0.702
18-Jan-2023,186,1845,115,0.101
19-Jan-2023,825,1121,84,0.736
20-Jan-2023,1010,975,112,1.036
23-Jan-2023,837,1103,63,0.759
24-Jan-2023,235,1745,84,0.135
25-Jan-2023,423,1478,116,0.286
26-Jan-2023,907,1057,84,0.858
27-Jan-2023,661,1422,70,0.465
30-Jan-2023,835,1065,108,0.784
31-Jan-2023,520,1542,32,0.337
01-Feb-2023,1105,942,32,1.173
02-Feb-2023,467,1526,78,0.306
03-Feb-2023,763,1272,32,0.6
06-Feb-2023,430,1631,106,0.264
07-Feb-2023,578,1354,105,0.427
08-Feb-2023,810,1191,33,0.68
09-Feb-2023,1019,894,22,1.14
10-Feb-2023,882,1034,20,0.853
13-Feb-2023,468,1600,82,0.292
14-Feb-2023,394,1528,56,0.258
15-Feb-2023,1180,731,129,1.614
16-Feb-2023,1047,1018,21,1.028
17-Feb-2023,1190,858,127,1.387
20-Feb-2023,719,1377,99,0.522
21-Feb-2023,411,1605,31,0.256
22-Feb-2023,1026,900,95,1.14
23-Feb-2023,715,1234,78,0.579
24-Feb-2023,555,1379,85,0.402
27-Feb-2023,1125,831,80,1.354
28-Feb-2023,475,1466,87,0.324
01-Mar-2023,908,1172,111,0.775
02-Mar-2023,463,1478,56,0.313
03-Mar-2023,372,1570,97,0.237
06-Mar-2023,899,1097,93,0.82
07-Mar-2023,864,1067,117,0.81
08-Mar-2023,784,1171,51,0.67
09-Mar-2023,81,1829,114,0.044
10-Mar-2023,800,1276,57,0.627
13-Mar-2023,823,1091,128,0.754
14-Mar-2023,468,1438,33,0.325
15-Mar-2023,566,1398,77,0.405
16-Mar-2023,813,1152,114,0.706
17-Mar-2023,539,1475,116,0.365
20-Mar-2023,1171,922,94,1.27
21-Mar-2023,1048,869,123,1.206
22-Mar-2023,929,1047,56,0.887
23-Mar-2023,882,1143,70,0.772
24-Mar-2023,862,1038,40,0.83
27-Mar-2023,446,1528,30,0.292
28-Mar-2023,1213,689,90,1.761
29-Mar-2023,1640,362,34,4.53
30-Mar-2023,1188,714,46,1.664
31-Mar-2023,864,1135,34,0.761
03-Apr-2023,1048,961,43,1.091
04-Apr-2023,411,1647,99,0.25
05-Apr-2023,937,1064,126,0.881
06-Apr-2023,838,1120,47,0.748
07-Apr-2023,1039,965,92,1.077
10-Apr-2023,436,1638,78,0.266
11-Apr-2023,835,1220,123,0.684
12-Apr-2023,839,1151,128,0.729
13-Apr-2023,1634,329,94,4.967
14-Apr-2023,981,1101,82,0.891
17-Apr-2023,454,1530,39,0.297
18-Apr-2023,888,1173,121,0.757
19-Apr-2023,458,1613,111,0.284
20-Apr-2023,575,1395,99,0.412
21-Apr-2023,744,1213,113,0.613
24-Apr-2023,920,1041,32,0.884
25-Apr-2023,1230,806,73,1.526
26-Apr-2023,1251,770,128,1.625
27-Apr-2023,1191,744,111,1.601
28-Apr-2023,1031,1065,36,0.968
01-May-2023,701,1236,69,0.567
02-May-2023,630,1385,91,0.455
03-May-2023,1058,1040,120,1.017
04-May-2023,857,1150,119,0.745
05-May-2023,1339,662,129,2.023
08-May-2023,836,1163,112,0.719
09-May-2023,689,1408,88,0.489
10-May-2023,1080,998,80,1.082
11-May-2023,960,962,118,0.998
12-May-2023,333,1702,121,0.196
15-May-2023,491,1589,47,0.309
16-May-2023,1450,502,75,2.888
17-May-2023,1007,1009,80,0.998
18-May-2023,1446,640,62,2.259
19-May-2023,836,1152,89,0.726
22-May-2023,654,1364,98,0.479
23-May-2023,122,1845,42,0.066
24-May-2023,1005,1045,35,0.962
25-May-2023,1376,685,119,2.009
26-May-2023,864,1205,113,0.717
29-May-2023,1388,704,110,1.972
30-May-2023,722,1240,97,0.582
31-May-2023,486,1431,98,0.34
01-Jun-2023,1692,248,115,6.823
02-Jun-2023,249,1826,64,0.136
05-Jun-2023,780,1238,86,0.63
06-Jun-2023,735,1315,91,0.559
07-Jun-2023,599,1347,61,0.445
08-Jun-2023,1375,707,66,1.945
09-Jun-2023,697,1377,69,0.506
12-Jun-2023,1110,879,61,1.263
13-Jun-2023,787,1237,123,0.636
14-Jun-2023,637,1311,115,0.486
15-Jun-2023,758,1310,125,0.579
16-Jun-2023,997,957,78,1.042
19-Jun-2023,1005,1044,123,0.963
20-Jun-2023,505,1518,71,0.333
21-Jun-2023,1247,799,23,1.561
22-Jun-2023,1169,860,102,1.359
23-Jun-2023,1375,719,51,1.912
26-Jun-2023,826,1211,43,0.682
27-Jun-2023,1018,956,33,1.065
28-Jun-2023,1361,595,88,2.287
29-Jun-2023,890,1183,105,0.752
30-Jun-2023,1692,230,104,7.357
03-Jul-2023,1018,899,65,1.132
04-Jul-2023,1001,916,84,1.093
05-Jul-2023,696,1366,92,0.51
06-Jul-2023,1392,607,22,2.293
07-Jul-2023,780,1141,26,0.684
10-Jul-2023,99,1922,58,0.052
11-Jul-2023,904,1003,104,0.901
12-Jul-2023,573,1398,104,0.41
13-Jul-2023,1012,1050,64,0.964
14-Jul-2023,498,1416,43,0.352
17-Jul-2023,661,1240,53,0.533
18-Jul-2023,590,1489,87,0.396
19-Jul-2023,261,1679,73,0.155
20-Jul-2023,37,2032,37,0.018
21-Jul-2023,945,1139,121,0.83
24-Jul-2023,1008,934,113,1.079
25-Jul-2023,1252,737,65,1.699
26-Jul-2023,632,1316,94,0.48
27-Jul-2023,1021,928,74,1.1
28-Jul-2023,802,1129,105,0.71
31-Jul-2023,536,1497,84,0.358
01-Aug-2023,911,1101,125,0.827
02-Aug-2023,524,1493,32,0.351
03-Aug-2023,498,1577,127,0.316
04-Aug-2023,1021,935,129,1.092
07-Aug-2023,565,1445,50,0.391
08-Aug-2023,788,1223,119,0.644
09-Aug-2023,1279,683,76,1.873
10-Aug-2023,705,1385,55,0.509
11-Aug-2023,560,1494,46,0.375
14-Aug-2023,850,1149,122,0.74
15-Aug-2023,1235,674,102,1.832
16-Aug-2023,1030,1051,42,0.98
17-Aug-2023,580,1440,73,0.403
18-Aug-2023,1221,721,92,1.693
21-Aug-2023,941,966,126,0.974
22-Aug-2023,1373,598,67,2.296
23-Aug-2023,812,1275,56,0.637
24-Aug-2023,971,1079,64,0.9
25-Aug-2023,1311,759,85,1.727
28-Aug-2023,1129,851,69,1.327
29-Aug-2023,826,1251,56,0.66
30-Aug-2023,994,1089,60,0.913
31-Aug-2023,1291,639,65,2.02
01-Sep-2023,816,1231,104,0.663
04-Sep-2023,591,1364,90,0.433
05-Sep-2023,1228,869,39,1.413
06-Sep-2023,1276,751,50,1.699
07-Sep-2023,830,1099,48,0.755
08-Sep-2023,814,1117,102,0.729
11-Sep-2023,505,1442,51,0.35
12-Sep-2023,852,1107,61,0.77
13-Sep-2023,741,1345,23,0.551
14-Sep-2023,754,1200,110,0.628
15-Sep-2023,742,1236,110,0.6
18-Sep-2023,1186,793,29,1.496
19-Sep-2023,431,1634,74,0.264
20-Sep-2023,460,1468,46,0.313
21-Sep-2023,843,1093,35,0.771
22-Sep-2023,300,1618,95,0.185
25-Sep-2023,1354,563,65,2.405
26-Sep-2023,699,1315,82,0.532
27-Sep-2023,1502,554,47,2.711
28-Sep-2023,817,1108,74,0.737
29-Sep-2023,836,1258,54,0.665
02-Oct-2023,1184,716,74,1.654
03-Oct-2023,674,1325,90,0.509
04-Oct-2023,847,1242,95,0.682
05-Oct-2023,398,1561,62,0.255
06-Oct-2023,916,1063,34,0.862
09-Oct-2023,211,1690,109,0.125
10-Oct-2023,389,1654,30,0.235
11-Oct-2023,702,1347,76,0.521
12-Oct-2023,1168,807,37,1.447
13-Oct-2023,151,1766,23,0.086
16-Oct-2023,819,1247,56,0.657
17-Oct-2023,1110,989,120,1.122
18-Oct-2023,690,1238,66,0.557
19-Oct-2023,1492,546,100,2.733
20-Oct-2023,726,1349,114,0.538
23-Oct-2023,598,1327,106,0.451
24-Oct-2023,1467,607,113,2.417
25-Oct-2023,818,1167,53,0.701
26-Oct-2023,1127,960,42,1.174
27-Oct-2023,595,1360,45,0.438
30-Oct-2023,50,2043,110,0.024
31-Oct-2023,1729,335,43,5.161
01-Nov-2023,1230,727,90,1.692
02-Nov-2023,573,1381,124,0.415
03-Nov-2023,834,1142,49,0.73
06-Nov-2023,768,1199,29,0.641
07-Nov-2023,1495,542,33,2.758
08-Nov-2023,365,1675,37,0.218
09-Nov-2023,908,1075,43,0.845
10-Nov-2023,1044,913,41,1.143
13-Nov-2023,917,1171,80,0.783
14-Nov-2023,198,1836,103,0.108
15-Nov-2023,542,1452,125,0.373
16-Nov-2023,656,1375,109,0.477
17-Nov-2023,622,1301,34,0.478
20-Nov-2023,831,1149,92,0.723
21-Nov-2023,1013,905,50,1.119
22-Nov-2023,699,1362,93,0.513
23-Nov-2023,718,1274,76,0.564
24-Nov-2023,1131,915,82,1.236
27-Nov-2023,715,1359,129,0.526
28-Nov-2023,761,1195,121,0.637
29-Nov-2023,587,1512,33,0.388
30-Nov-2023,728,1277,73,0.57
01-Dec-2023,1315,683,63,1.925
04-Dec-2023,781,1153,38,0.677
05-Dec-2023,1377,563,53,2.446
06-Dec-2023,1261,838,77,1.505
07-Dec-2023,500,1560,58,0.321
08-Dec-2023,372,1664,46,0.224
11-Dec-2023,1418,593,87,2.391
12-Dec-2023,824,1196,73,0.689
13-Dec-2023,1606,409,72,3.927
14-Dec-2023,1430,667,58,2.144
15-Dec-2023,943,1073,121,0.879
18-Dec-2023,1424,565,117,2.52
19-Dec-2023,1524,423,78,3.603
20-Dec-2023,694,1233,39,0.563
21-Dec-2023,817,1128,71,0.724
22-Dec-2023,1207,854,54,1.413
25-Dec-2023,865,1178,115,0.734
26-Dec-2023,392,1695,90,0.231
27-Dec-2023,1232,863,66,1.428
28-Dec-2023,432,1623,104,0.266
29-Dec-2023,20,2051,63,0.01
01-Jan-2024,655,1416,51,0.463
02-Jan-2024,1150,798,129,1.441
03-Jan-2024,810,1126,115,0.719
04-Jan-2024,469,1571,40,0.299
05-Jan-2024,926,1153,119,0.803
08-Jan-2024,489,1451,95,0.337
09-Jan-2024,779,1230,98,0.633
10-Jan-2024,991,932,92,1.063
11-Jan-2024,770,1131,22,0.681
12-Jan-2024,1189,910,26,1.307
15-Jan-2024,1089,841,106,1.295
16-Jan-2024,869,1043,63,0.833
17-Jan-2024,669,1332,57,0.502
18-Jan-2024,647,1383,129,0.468
19-Jan-2024,1112,795,23,1.399
22-Jan-2024,989,938,29,1.054
23-Jan-2024,1152,778,124,1.481
24-Jan-2024,1486,532,28,2.793
25-Jan-2024,991,922,118,1.075
26-Jan-2024,644,1288,26,0.5
29-Jan-2024,902,1137,48,0.793
30-Jan-2024,295,1662,94,0.177
31-Jan-2024,1016,895,27,1.135
01-Feb-2024,392,1637,46,0.239
02-Feb-2024,714,1264,73,0.565
05-Feb-2024,1440,484,76,2.975
06-Feb-2024,720,1183,34,0.609
07-Feb-2024,1291,641,126,2.014
08-Feb-2024,1247,703,45,1.774
09-Feb-2024,43,1964,50,0.022
12-Feb-2024,1063,933,73,1.139
13-Feb-2024,826,1177,41,0.702
14-Feb-2024,1383,600,84,2.305
15-Feb-2024,755,1145,38,0.659
16-Feb-2024,802,1116,79,0.719
19-Feb-2024,515,1583,71,0.325
20-Feb-2024,596,1457,101,0.409
21-Feb-2024,945,988,75,0.956
22-Feb-2024,639,1360,66,0.47
23-Feb-2024,636,1379,39,0.461
26-Feb-2024,430,1493,105,0.288
27-Feb-2024,834,1074,73,0.777
28-Feb-2024,846,1146,50,0.738
29-Feb-2024,641,1297,32,0.494
01-Mar-2024,202,1828,37,0.111
04-Mar-2024,598,1339,112,0.447
05-Mar-2024,1368,667,35,2.051
06-Mar-2024,578,1479,25,0.391
07-Mar-2024,883,1146,85,0.771
08-Mar-2024,889,1084,82,0.82
11-Mar-2024,792,1220,93,0.649
12-Mar-2024,931,1114,67,0.836
13-Mar-2024,1172,916,29,1.279
14-Mar-2024,904,1090,80,0.829
15-Mar-2024,748,1255,76,0.596
18-Mar-2024,859,1226,116,0.701
19-Mar-2024,436,1494,69,0.292
20-Mar-2024,848,1168,100,0.726
21-Mar-2024,711,1318,38,0.539
22-Mar-2024,1087,975,114,1.115
25-Mar-2024,448,1546,78,0.29
26-Mar-2024,957,1140,72,0.839
27-Mar-2024,870,1155,106,0.753
28-Mar-2024,91,1893,38,0.048
29-Mar-2024,539,1364,44,0.395
01-Apr-2024,702,1293,41,0.543
02-Apr-2024,1093,934,117,1.17
03-Apr-2024,758,1324,66,0.573
04-Apr-2024,861,1141,65,0.755
05-Apr-2024,1536,530,54,2.898
08-Apr-2024,787,1168,63,0.674
09-Apr-2024,1277,656,119,1.947
10-Apr-2024,655,1310,114,0.5
11-Apr-2024,902,1062,66,0.849
12-Apr-2024,731,1248,35,0.586
15-Apr-2024,1491,456,96,3.27
16-Apr-2024,716,1197,48,0.598
17-Apr-2024,535,1420,118,0.377
18-Apr-2024,811,1182,112,0.686
19-Apr-2024,707,1294,60,0.546
22-Apr-2024,537,1430,41,0.376
23-Apr-2024,1091,809,106,1.349
24-Apr-2024,1013,1010,48,1.003
25-Apr-2024,797,1211,61,0.658
26-Apr-2024,1497,531,67,2.819
29-Apr-2024,381,1677,73,0.227
30-Apr-2024,395,1666,93,0.237
01-May-2024,618,1472,115,0.42
02-May-2024,295,1715,25,0.172
03-May-2024,1067,1031,64,1.035
06-May-2024,510,1415,117,0.36
07-May-2024,467,1474,88,0.317
08-May-2024,957,1074,44,0.891
09-May-2024,839,1176,71,0.713
10-May-2024,565,1366,64,0.414
13-May-2024,250,1813,50,0.138
14-May-2024,728,1309,63,0.556
15-May-2024,741,1340,117,0.553
16-May-2024,648,1263,100,0.513
17-May-2024,1112,883,123,1.259
20-May-2024,1079,924,113,1.168
21-May-2024,771,1146,113,0.673
22-May-2024,949,1006,72,0.943
23-May-2024,1214,872,39,1.392
24-May-2024,1035,976,104,1.06
27-May-2024,866,1165,45,0.743
28-May-2024,1341,613,49,2.188
29-May-2024,731,1367,116,0.535
30-May-2024,826,1097,20,0.753
31-May-2024,531,1535,125,0.346
03-Jun-2024,597,1378,58,0.433
04-Jun-2024,737,1346,37,0.548
05-Jun-2024,730,1323,94,0.552
06-Jun-2024,676,1311,80,0.516
07-Jun-2024,968,1114,42,0.869
10-Jun-2024,601,1381,103,0.435
11-Jun-2024,1174,865,129,1.357
12-Jun-2024,726,1330,78,0.546
13-Jun-2024,978,1007,120,0.971
14-Jun-2024,998,948,29,1.053
17-Jun-2024,649,1312,94,0.495
18-Jun-2024,522,1461,65,0.357
19-Jun-2024,507,1436,42,0.353
20-Jun-2024,1357,582,41,2.332
21-Jun-2024,805,1208,85,0.666
24-Jun-2024,1037,884,82,1.173
25-Jun-2024,926,1086,68,0.853
26-Jun-2024,1093,994,27,1.1
27-Jun-2024,620,1429,64,0.434
28-Jun-2024,793,1169,26,0.678
01-Jul-2024,512,1409,65,0.363
02-Jul-2024,914,1015,114,0.9
03-Jul-2024,853,1063,38,0.802
04-Jul-2024,701,1340,113,0.523
05-Jul-2024,1390,620,57,2.242
08-Jul-2024,876,1201,45,0.729
09-Jul-2024,573,1401,59,0.409
10-Jul-2024,1209,842,70,1.436
11-Jul-2024,943,1016,104,0.928
12-Jul-2024,634,1406,74,0.451
15-Jul-2024,1171,875,58,1.338
16-Jul-2024,800,1284,125,0.623
17-Jul-2024,172,1851,35,0.093
18-Jul-2024,820,1245,48,0.659
19-Jul-2024,519,1557,37,0.333
22-Jul-2024,753,1169,112,0.644
23-Jul-2024,760,1291,46,0.589
24-Jul-2024,953,951,81,1.002
25-Jul-2024,1165,785,37,1.484
26-Jul-2024,720,1260,72,0.571
29-Jul-2024,636,1322,22,0.481
30-Jul-2024,1056,897,128,1.177
31-Jul-2024,1045,876,45,1.193
01-Aug-2024,1434,663,100,2.163
02-Aug-2024,776,1201,87,0.646
05-Aug-2024,369,1559,27,0.237
06-Aug-2024,1175,891,71,1.319
07-Aug-2024,951,953,94,0.998
08-Aug-2024,625,1408,23,0.444
09-Aug-2024,865,1180,25,0.733
12-Aug-2024,789,1159,85,0.681
13-Aug-2024,1044,995,47,1.049
14-Aug-2024,940,1015,36,0.926
15-Aug-2024,911,1021,79,0.892
16-Aug-2024,1074,1008,71,1.065
19-Aug-2024,964,1012,21,0.953
20-Aug-2024,961,1050,76,0.915
21-Aug-2024,697,1395,96,0.5
22-Aug-2024,1150,830,81,1.386
23-Aug-2024,627,1289,37,0.486
26-Aug-2024,286,1689,108,0.169
27-Aug-2024,1171,791,117,1.48
28-Aug-2024,633,1365,125,0.464
29-Aug-2024,708,1256,27,0.564
30-Aug-2024,1395,618,40,2.257
02-Sep-2024,651,1373,77,0.474
03-Sep-2024,467,1626,30,0.287
04-Sep-2024,440,1506,90,0.292
05-Sep-2024,1249,680,83,1.837
06-Sep-2024,531,1388,59,0.383
09-Sep-2024,734,1253,84,0.586
10-Sep-2024,460,1564,73,0.294
11-Sep-2024,636,1296,120,0.491
12-Sep-2024,922,1050,68,0.878
13-Sep-2024,915,1021,120,0.896
16-Sep-2024,831,1087,116,0.764
17-Sep-2024,702,1367,95,0.514
18-Sep-2024,715,1322,46,0.541
19-Sep-2024,579,1483,58,0.39
20-Sep-2024,1216,830,60,1.465
23-Sep-2024,828,1178,113,0.703
24-Sep-2024,862,1179,77,0.731
25-Sep-2024,1066,942,46,1.132
26-Sep-2024,847,1247,40,0.679
27-Sep-2024,1637,444,90,3.687
30-Sep-2024,780,1143,68,0.682
01-Oct-2024,1090,850,50,1.282
02-Oct-2024,562,1429,50,0.393
03-Oct-2024,686,1360,107,0.504
04-Oct-2024,749,1292,76,0.58
07-Oct-2024,1345,730,30,1.842
08-Oct-2024,1361,688,58,1.978
09-Oct-2024,687,1245,115,0.552
10-Oct-2024,671,1413,97,0.475
11-Oct-2024,722,1269,127,0.569
14-Oct-2024,962,1049,27,0.917
15-Oct-2024,992,939,126,1.056
16-Oct-2024,642,1317,37,0.487
17-Oct-2024,420,1486,103,0.283
18-Oct-2024,679,1388,36,0.489
21-Oct-2024,783,1209,97,0.648
22-Oct-2024,1037,910,74,1.14
23-Oct-2024,648,1302,78,0.498
24-Oct-2024,845,1178,63,0.717
25-Oct-2024,880,1190,72,0.739
28-Oct-2024,784,1227,64,0.639
29-Oct-2024,790,1147,87,0.689
30-Oct-2024,661,1301,29,0.508
31-Oct-2024,433,1516,109,0.286
01-Nov-2024,417,1588,105,0.263
04-Nov-2024,892,1068,63,0.835
05-Nov-2024,1130,871,64,1.297
06-Nov-2024,1053,879,56,1.198
07-Nov-2024,924,1011,37,0.914
08-Nov-2024,128,1957,23,0.065
11-Nov-2024,624,1291,82,0.483
12-Nov-2024,1014,1017,49,0.997
13-Nov-2024,811,1175,25,0.69
14-Nov-2024,672,1377,74,0.488
15-Nov-2024,705,1361,77,0.518
18-Nov-2024,1282,680,86,1.885
19-Nov-2024,1355,660,116,2.053
20-Nov-2024,1028,970,109,1.06
21-Nov-2024,689,1349,47,0.511
22-Nov-2024,1140,780,87,1.462
25-Nov-2024,879,1216,87,0.723
26-Nov-2024,719,1329,73,0.541
27-Nov-2024,614,1301,44,0.472
28-Nov-2024,1568,499,37,3.142
29-Nov-2024,360,1546,90,0.233
02-Dec-2024,753,1210,26,0.622
03-Dec-2024,985,919,86,1.072
04-Dec-2024,792,1165,125,0.68
05-Dec-2024,518,1518,85,0.341
06-Dec-2024,964,1120,103,0.861
09-Dec-2024,973,974,109,0.999
10-Dec-2024,832,1167,129,0.713
11-Dec-2024,1087,930,67,1.169
12-Dec-2024,462,1481,107,0.312
13-Dec-2024,369,1584,72,0.233
16-Dec-2024,519,1413,36,0.367
17-Dec-2024,837,1156,109,0.724
18-Dec-2024,428,1473,95,0.291
19-Dec-2024,937,1045,87,0.897
20-Dec-2024,323,1581,123,0.204
23-Dec-2024,598,1430,94,0.418
24-Dec-2024,771,1288,77,0.599
25-Dec-2024,963,1126,35,0.855
26-Dec-2024,1180,824,24,1.432
27-Dec-2024,526,1515,86,0.347
30-Dec-2024,973,1023,121,0.951
31-Dec-2024,834,1210,128,0.689
01-Jan-2025,745,1160,21,0.642
02-Jan-2025,1084,933,108,1.162
03-Jan-2025,1224,702,90,1.744
06-Jan-2025,475,1475,99,0.322
07-Jan-2025,1183,737,38,1.605
08-Jan-2025,1468,525,31,2.796
09-Jan-2025,721,1347,51,0.535
10-Jan-2025,1069,883,29,1.211
13-Jan-2025,1052,943,96,1.116
14-Jan-2025,1105,972,120,1.137
15-Jan-2025,872,1137,98,0.767
16-Jan-2025,675,1297,68,0.52
17-Jan-2025,964,1067,72,0.903
20-Jan-2025,906,1063,22,0.852
21-Jan-2025,607,1446,91,0.42
22-Jan-2025,842,1092,21,0.771
23-Jan-2025,715,1312,120,0.545
24-Jan-2025,1236,730,88,1.693
27-Jan-2025,856,1081,87,0.792
28-Jan-2025,1265,645,109,1.961
29-Jan-2025,958,1011,34,0.948
30-Jan-2025,1724,311,56,5.543
31-Jan-2025,1191,734,44,1.623
03-Feb-2025,1413,646,48,2.187
04-Feb-2025,1306,711,124,1.837
05-Feb-2025,574,1330,84,0.432
06-Feb-2025,840,1145,89,0.734
07-Feb-2025,553,1496,81,0.37
10-Feb-2025,1090,813,42,1.341
11-Feb-2025,802,1240,49,0.647
12-Feb-2025,1163,831,55,1.4
13-Feb-2025,948,1008,74,0.94
14-Feb-2025,893,1086,26,0.822
17-Feb-2025,368,1598,67,0.23
18-Feb-2025,827,1259,55,0.657
19-Feb-2025,530,1468,52,0.361
20-Feb-2025,937,1078,53,0.869
21-Feb-2025,1345,620,109,2.169
24-Feb-2025,486,1437,22,0.338
25-Feb-2025,822,1262,107,0.651
26-Feb-2025,828,1212,92,0.683
27-Feb-2025,954,979,65,0.974
28-Feb-2025,819,1245,69,0.658
03-Mar-2025,502,1413,25,0.355
04-Mar-2025,1288,799,73,1.612
05-Mar-2025,678,1283,106,0.528
06-Mar-2025,936,1133,52,0.826
07-Mar-2025,1015,906,59,1.12
10-Mar-2025,1100,845,65,1.302
11-Mar-2025,283,1743,41,0.162
12-Mar-2025,860,1170,26,0.735
13-Mar-2025,575,1492,88,0.385
14-Mar-2025,1507,473,27,3.186
17-Mar-2025,777,1241,120,0.626
18-Mar-2025,425,1552,29,0.274
19-Mar-2025,712,1371,69,0.519
20-Mar-2025,770,1216,78,0.633
21-Mar-2025,747,1255,53,0.595
24-Mar-2025,831,1213,118,0.685
25-Mar-2025,692,1325,81,0.522
26-Mar-2025,381,1619,34,0.235
27-Mar-2025,352,1678,30,0.21
28-Mar-2025,805,1127,87,0.714
31-Mar-2025,1150,756,78,1.521
01-Apr-2025,992,928,72,1.069
02-Apr-2025,412,1661,21,0.248
03-Apr-2025,875,1080,106,0.81
04-Apr-2025,1223,824,126,1.484
07-Apr-2025,876,1159,40,0.756
08-Apr-2025,480,1483,49,0.324
09-Apr-2025,505,1486,32,0.34
10-Apr-2025,1035,962,74,1.076
11-Apr-2025,644,1428,102,0.451
14-Apr-2025,485,1487,95,0.326
15-Apr-2025,823,1234,74,0.667
16-Apr-2025,548,1372,125,0.399
17-Apr-2025,493,1567,47,0.315
18-Apr-2025,829,1222,91,0.678
21-Apr-2025,765,1280,107,0.598
22-Apr-2025,798,1290,119,0.619
23-Apr-2025,995,997,58,0.998
24-Apr-2025,1113,941,52,1.183
25-Apr-2025,1352,708,112,1.91
28-Apr-2025,872,1085,63,0.804
29-Apr-2025,303,1683,25,0.18
30-Apr-2025,297,1696,69,0.175
01-May-2025,1028,1062,51,0.968
02-May-2025,1099,810,126,1.357
05-May-2025,916,1070,63,0.856
06-May-2025,743,1278,119,0.581
07-May-2025,1088,893,71,1.218
08-May-2025,511,1455,69,0.351
09-May-2025,511,1434,61,0.356
12-May-2025,1392,616,67,2.26
13-May-2025,1449,507,121,2.858
14-May-2025,581,1356,99,0.428
15-May-2025,142,1911,72,0.074
16-May-2025,892,1200,81,0.743
19-May-2025,927,1167,48,0.794
20-May-2025,593,1406,52,0.422
21-May-2025,1346,623,27,2.161
22-May-2025,748,1270,129,0.589
23-May-2025,522,1491,28,0.35
26-May-2025,821,1231,47,0.667
27-May-2025,755,1188,81,0.636
28-May-2025,999,968,20,1.032
29-May-2025,868,1107,38,0.784
30-May-2025,1027,1006,47,1.021
02-Jun-2025,1134,842,34,1.347
03-Jun-2025,973,1114,94,0.873
04-Jun-2025,697,1301,97,0.536
05-Jun-2025,1614,445,115,3.627
06-Jun-2025,1023,1064,113,0.961
09-Jun-2025,1227,795,64,1.543
10-Jun-2025,1207,756,52,1.597
11-Jun-2025,733,1341,72,0.547
12-Jun-2025,757,1269,94,0.597
13-Jun-2025,801,1273,129,0.629
16-Jun-2025,1082,922,88,1.174
17-Jun-2025,463,1464,68,0.316
18-Jun-2025,742,1335,73,0.556
19-Jun-2025,489,1411,26,0.347
20-Jun-2025,543,1511,115,0.359
23-Jun-2025,1245,700,25,1.779
24-Jun-2025,539,1512,43,0.356
25-Jun-2025,986,1092,22,0.903
26-Jun-2025,1018,884,42,1.152
27-Jun-2025,872,1161,113,0.751
30-Jun-2025,1164,907,120,1.283
01-Jul-2025,1329,714,112,1.861
02-Jul-2025,1304,733,122,1.779
03-Jul-2025,1031,921,102,1.119
04-Jul-2025,1022,1020,66,1.002
07-Jul-2025,574,1438,63,0.399
08-Jul-2025,674,1394,119,0.484
09-Jul-2025,596,1356,89,0.44
10-Jul-2025,1065,856,103,1.244
11-Jul-2025,501,1461,53,0.343
14-Jul-2025,684,1397,86,0.49
15-Jul-2025,917,1170,50,0.784
16-Jul-2025,880,1110,55,0.793
17-Jul-2025,1273,818,47,1.556
18-Jul-2025,834,1215,42,0.686
21-Jul-2025,818,1100,73,0.744
22-Jul-2025,867,1178,56,0.736
23-Jul-2025,669,1359,111,0.492
24-Jul-2025,1036,1034,96,1.002
25-Jul-2025,791,1204,44,0.657
28-Jul-2025,1431,486,83,2.944
29-Jul-2025,988,1082,109,0.913
30-Jul-2025,1242,679,108,1.829
31-Jul-2025,932,1035,20,0.9
01-Aug-2025,260,1768,60,0.147
04-Aug-2025,539,1557,43,0.346
05-Aug-2025,1264,692,72,1.827
06-Aug-2025,960,1135,120,0.846
07-Aug-2025,934,1090,102,0.857
08-Aug-2025,414,1623,116,0.255
11-Aug-2025,742,1192,69,0.622
12-Aug-2025,1139,826,122,1.379
13-Aug-2025,786,1276,126,0.616
14-Aug-2025,511,1399,46,0.365
15-Aug-2025,514,1435,76,0.358
18-Aug-2025,634,1300,91,0.488
19-Aug-2025,899,1124,129,0.8
20-Aug-2025,788,1268,85,0.621
21-Aug-2025,1495,407,75,3.673
22-Aug-2025,812,1098,37,0.74
25-Aug-2025,776,1192,88,0.651
26-Aug-2025,303,1756,43,0.173
27-Aug-2025,677,1403,62,0.483
28-Aug-2025,1120,856,121,1.308
29-Aug-2025,990,1059,76,0.935
01-Sep-2025,780,1180,58,0.661
02-Sep-2025,844,1115,35,0.757
03-Sep-2025,807,1217,39,0.663
04-Sep-2025,924,1133,31,0.816
05-Sep-2025,849,1171,28,0.725
08-Sep-2025,806,1095,62,0.736
09-Sep-2025,604,1429,41,0.423
10-Sep-2025,1184,886,53,1.336
11-Sep-2025,348,1617,125,0.215
12-Sep-2025,958,988,26,0.97
15-Sep-2025,814,1206,44,0.675
16-Sep-2025,661,1376,78,0.48
17-Sep-2025,978,931,95,1.05
18-Sep-2025,910,1071,114,0.85
19-Sep-2025,1634,366,65,4.464
22-Sep-2025,861,1048,82,0.822
23-Sep-2025,407,1586,29,0.257
24-Sep-2025,372,1555,108,0.239
25-Sep-2025,607,1325,85,0.458
26-Sep-2025,1034,877,92,1.179
29-Sep-2025,438,1643,112,0.267
30-Sep-2025,641,1277,27,0.502
01-Oct-2025,802,1110,101,0.723
02-Oct-2025,426,1554,113,0.274
03-Oct-2025,549,1487,74,0.369
06-Oct-2025,886,1173,98,0.755
07-Oct-2025,957,1045,92,0.916
08-Oct-2025,937,998,46,0.939
09-Oct-2025,862,1150,120,0.75
10-Oct-2025,945,1093,97,0.865
13-Oct-2025,667,1344,103,0.496
14-Oct-2025,978,951,123,1.028
15-Oct-2025,559,1500,126,0.373
16-Oct-2025,1059,941,111,1.125
17-Oct-2025,1029,1046,31,0.984
20-Oct-2025,858,1160,57,0.74
21-Oct-2025,540,1424,61,0.379
22-Oct-2025,941,1120,115,0.84
23-Oct-2025,759,1181,118,0.643
24-Oct-2025,700,1356,74,0.516
27-Oct-2025,707,1295,31,0.546
28-Oct-2025,528,1536,102,0.344
29-Oct-2025,815,1281,49,0.636
30-Oct-2025,1513,515,104,2.938
31-Oct-2025,770,1257,25,0.613
03-Nov-2025,585,1439,120,0.407
04-Nov-2025,1249,719,54,1.737
05-Nov-2025,732,1182,66,0.619
06-Nov-2025,1327,680,123,1.951
07-Nov-2025,895,1083,111,0.826
10-Nov-2025,816,1199,46,0.681
11-Nov-2025,698,1248,72,0.559
12-Nov-2025,829,1228,110,0.675
13-Nov-2025,987,1088,93,0.907
14-Nov-2025,958,1008,60,0.95
17-Nov-2025,516,1447,29,0.357
18-Nov-2025,1044,1022,115,1.022
19-Nov-2025,751,1179,122,0.637
20-Nov-2025,908,1033,108,0.879
21-Nov-2025,996,1051,71,0.948
24-Nov-2025,1300,746,88,1.743
25-Nov-2025,990,1074,74,0.922
26-Nov-2025,827,1157,71,0.715
27-Nov-2025,984,1071,65,0.919
28-Nov-2025,1084,825,106,1.314
01-Dec-2025,1143,935,43,1.222
02-Dec-2025,975,1118,114,0.872
03-Dec-2025,514,1575,71,0.326
04-Dec-2025,941,1007,88,0.934
05-Dec-2025,1386,679,75,2.041
08-Dec-2025,643,1425,74,0.451
09-Dec-2025,1021,940,117,1.086
10-Dec-2025,851,1095,57,0.777
11-Dec-2025,1074,828,34,1.297
12-Dec-2025,839,1229,82,0.683
15-Dec-2025,453,1554,124,0.292
16-Dec-2025,627,1345,89,0.466
17-Dec-2025,815,1197,118,0.681
18-Dec-2025,847,1155,49,0.733
19-Dec-2025,688,1259,115,0.546
22-Dec-2025,1095,883,43,1.24
23-Dec-2025,1068,963,59,1.109
24-Dec-2025,803,1277,125,0.629
25-Dec-2025,862,1225,26,0.704
26-Dec-2025,211,1785,123,0.118
29-Dec-2025,852,1134,60,0.751
30-Dec-2025,1322,771,79,1.715
31-Dec-2025,747,1193,36,0.626
01-Jan-2026,1166,797,110,1.463
02-Jan-2026,1071,940,31,1.139
05-Jan-2026,1323,724,87,1.827
06-Jan-2026,1253,683,33,1.835
07-Jan-2026,1714,246,45,6.967
08-Jan-2026,577,1471,46,0.392
09-Jan-2026,687,1401,46,0.49
12-Jan-2026,1276,798,88,1.599
13-Jan-2026,904,1011,49,0.894
14-Jan-2026,610,1291,28,0.473
15-Jan-2026,587,1402,116,0.419
16-Jan-2026,855,1179,50,0.725
19-Jan-2026,909,1114,99,0.816
20-Jan-2026,1425,489,121,2.914
21-Jan-2026,1059,948,55,1.117
22-Jan-2026,815,1204,75,0.677
23-Jan-2026,776,1141,39,0.68
26-Jan-2026,654,1374,123,0.476
27-Jan-2026,970,950,128,1.021
28-Jan-2026,1147,878,105,1.306
29-Jan-2026,1020,1017,44,1.003
30-Jan-2026,412,1577,82,0.261
02-Feb-2026,1030,889,49,1.159
03-Feb-2026,1066,907,60,1.175
04-Feb-2026,1646,379,79,4.343
05-Feb-2026,777,1205,28,0.645
06-Feb-2026,880,1020,39,0.863
09-Feb-2026,737,1176,103,0.627
10-Feb-2026,839,1197,88,0.701
11-Feb-2026,997,917,40,1.087
12-Feb-2026,1436,471,73,3.049
13-Feb-2026,1026,1009,102,1.017
16-Feb-2026,476,1559,49,0.305
17-Feb-2026,694,1379,88,0.503
18-Feb-2026,622,1426,96,0.436
19-Feb-2026,692,1386,36,0.499
20-Feb-2026,716,1286,57,0.557
23-Feb-2026,529,1492,32,0.355
24-Feb-2026,734,1251,25,0.587
25-Feb-2026,256,1827,93,0.14
26-Feb-2026,916,1068,40,0.858
27-Feb-2026,1063,845,85,1.258
02-Mar-2026,919,1085,108,0.847
03-Mar-2026,461,1556,55,0.296
04-Mar-2026,519,1497,118,0.347
05-Mar-2026,951,962,56,0.989
06-Mar-2026,690,1235,117,0.559
09-Mar-2026,993,1060,108,0.937
10-Mar-2026,428,1597,92,0.268
11-Mar-2026,1051,870,78,1.208
12-Mar-2026,935,1141,88,0.819
13-Mar-2026,1002,1072,111,0.935
16-Mar-2026,1472,505,68,2.915
17-Mar-2026,511,1453,67,0.352
18-Mar-2026,1146,881,103,1.301
19-Mar-2026,950,1140,45,0.833
20-Mar-2026,773,1325,116,0.583
23-Mar-2026,342,1639,115,0.209
24-Mar-2026,535,1500,59,0.357
25-Mar-2026,617,1338,93,0.461
26-Mar-2026,421,1585,79,0.266
27-Mar-2026,933,1058,101,0.882
30-Mar-2026,944,1115,56,0.847
31-Mar-2026,837,1246,99,0.672
01-Apr-2026,751,1298,57,0.579
02-Apr-2026,885,1166,75,0.759
03-Apr-2026,876,1115,85,0.786
06-Apr-2026,436,1603,93,0.272
07-Apr-2026,1120,931,59,1.203
08-Apr-2026,1229,844,85,1.456
09-Apr-2026,977,1007,83,0.97
10-Apr-2026,1263,747,73,1.691
13-Apr-2026,644,1295,21,0.497
14-Apr-2026,755,1329,56,0.568
15-Apr-2026,795,1222,127,0.651
16-Apr-2026,985,1084,38,0.909
17-Apr-2026,1142,841,49,1.358
20-Apr-2026,1171,886,107,1.322
21-Apr-2026,836,1260,87,0.663
22-Apr-2026,419,1635,123,0.256
23-Apr-2026,514,1386,78,0.371
24-Apr-2026,673,1396,57,0.482
27-Apr-2026,862,1088,43,0.792
28-Apr-2026,655,1330,68,0.492
29-Apr-2026,490,1505,51,0.326
30-Apr-2026,1013,1041,92,0.973
01-May-2026,543,1468,69,0.37
04-May-2026,1016,896,120,1.134
05-May-2026,494,1571,127,0.314
06-May-2026,645,1405,89,0.459
07-May-2026,364,1719,46,0.212
08-May-2026,897,1121,93,0.8
11-May-2026,553,1536,46,0.36
12-May-2026,493,1569,94,0.314
13-May-2026,1132,920,114,1.23
14-May-2026,117,1964,102,0.06
15-May-2026,846,1247,33,0.678
18-May-2026,1137,935,105,1.216
19-May-2026,817,1124,34,0.727
20-May-2026,1092,990,66,1.103
21-May-2026,1168,775,38,1.507
22-May-2026,696,1262,81,0.552
25-May-2026,380,1551,43,0.245
26-May-2026,396,1619,66,0.245
27-May-2026,474,1459,109,0.325
28-May-2026,429,1610,57,0.266
29-May-2026,1137,818,118,1.39
01-Jun-2026,412,1681,34,0.245
02-Jun-2026,1309,626,39,2.091
03-Jun-2026,319,1654,72,0.193
04-Jun-2026,369,1589,89,0.232
05-Jun-2026,954,965,67,0.989
08-Jun-2026,835,1250,129,0.668
09-Jun-2026,1061,959,55,1.106
10-Jun-2026,693,1301,70,0.533
11-Jun-2026,1007,924,56,1.09
12-Jun-2026,809,1204,123,0.672
15-Jun-2026,605,1295,53,0.467
16-Jun-2026,905,1020,53,0.887
17-Jun-2026,537,1550,129,0.346
18-Jun-2026,501,1580,81,0.317
19-Jun-2026,993,1007,103,0.986
22-Jun-2026,667,1322,88,0.505
23-Jun-2026,569,1464,70,0.389
24-Jun-2026,857,1127,46,0.76
25-Jun-2026,926,996,42,0.93
26-Jun-2026,749,1233,125,0.607
29-Jun-2026,778,1125,88,0.692
30-Jun-2026,487,1457,62,0.334
01-Jul-2026,1015,898,97,1.13
02-Jul-2026,904,1096,21,0.825
03-Jul-2026,718,1278,63,0.562
06-Jul-2026,331,1742,49,0.19
07-Jul-2026,506,1432,45,0.353
08-Jul-2026,1311,749,53,1.75
09-Jul-2026,1053,929,97,1.133
10-Jul-2026,685,1216,76,0.563
13-Jul-2026,1403,520,38,2.698
14-Jul-2026,840,1074,32,0.782
15-Jul-2026,522,1539,119,0.339
16-Jul-2026,753,1210,76,0.622
17-Jul-2026,1258,694,117,1.813
20-Jul-2026,563,1502,116,0.375
21-Jul-2026,1072,857,121,1.251
22-Jul-2026,1024,990,104,1.034
23-Jul-2026,1416,673,92,2.104
24-Jul-2026,510,1493,39,0.342
27-Jul-2026,759,1204,123,0.63
28-Jul-2026,793,1167,48,0.68
29-Jul-2026,728,1237,41,0.589
30-Jul-2026,752,1158,91,0.649
31-Jul-2026,852,1068,36,0.798
03-Aug-2026,252,1840,124,0.137
04-Aug-2026,935,1078,82,0.867
05-Aug-2026,1116,798,41,1.398
06-Aug-2026,595,1409,82,0.422
07-Aug-2026,784,1294,67,0.606
10-Aug-2026,196,1733,74,0.113
11-Aug-2026,830,1151,52,0.721
12-Aug-2026,1197,747,108,1.602
13-Aug-2026,1240,688,93,1.802
14-Aug-2026,825,1104,46,0.747
17-Aug-2026,577,1515,32,0.381
18-Aug-2026,466,1554,94,0.3
19-Aug-2026,435,1483,38,0.293
20-Aug-2026,614,1404,121,0.437
21-Aug-2026,1085,988,33,1.098
24-Aug-2026,744,1157,58,0.643
25-Aug-2026,573,1334,53,0.43
26-Aug-2026,1080,858,75,1.259
27-Aug-2026,1062,1019,32,1.042
28-Aug-2026,773,1205,40,0.641
31-Aug-2026,566,1499,53,0.378
01-Sep-2026,286,1628,55,0.176
02-Sep-2026,879,1036,37,0.848
03-Sep-2026,643,1282,65,0.502
04-Sep-2026,1149,931,114,1.234
07-Sep-2026,1001,929,86,1.078
08-Sep-2026,599,1495,125,0.401
09-Sep-2026,883,1075,52,0.821
