Date,Stocks Above 50 DMA (%),Stocks Above 200 DMA (%),Universe Size
01-Jan-2010,53.12,39.9,500
04-Jan-2010,52.54,57.67,500
05-Jan-2010,52.93,44.82,500
06-Jan-2010,53.96,48.23,500
07-Jan-2010,53.29,46.08,500
08-Jan-2010,54.02,38.93,500
11-Jan-2010,55.1,46.45,500
12-Jan-2010,53.53,47.45,500
13-Jan-2010,51.77,45.3,500
14-Jan-2010,51.83,48.78,500
15-Jan-2010,49.03,41.03,500
18-Jan-2010,50.58,46.48,500
19-Jan-2010,49.64,36.66,500
20-Jan-2010,48.87,48.7,500
21-Jan-2010,48.5,38.16,500
22-Jan-2010,49.35,48.56,500
25-Jan-2010,49.14,37.57,500
26-Jan-2010,49.58,38.36,500
27-Jan-2010,50.57,39.81,500
28-Jan-2010,51.06,46.68,500
29-Jan-2010,50.73,44.75,500
01-Feb-2010,51.62,47.39,500
02-Feb-2010,49.71,38.67,500
03-Feb-2010,49.3,36.46,500
04-Feb-2010,50.61,44.87,500
05-Feb-2010,52.85,49.28,500
08-Feb-2010,53.5,50.15,500
09-Feb-2010,54.93,54.55,500
10-Feb-2010,55.4,47.61,500
11-Feb-2010,55.06,44.8,500
12-Feb-2010,53.94,49.01,500
15-Feb-2010,53.96,47.83,500
16-Feb-2010,54.51,46.45,500
17-Feb-2010,53.97,48.82,500
18-Feb-2010,53.06,43.31,500
19-Feb-2010,54.84,51.0,500
22-Feb-2010,55.35,46.04,500
23-Feb-2010,54.55,50.55,500
24-Feb-2010,54.75,52.2,500
25-Feb-2010,57.13,55.82,500
26-Feb-2010,56.65,46.62,500
01-Mar-2010,56.72,52.03,500
02-Mar-2010,57.43,50.22,500
03-Mar-2010,59.13,49.76,500
04-Mar-2010,59.74,52.59,500
05-Mar-2010,60.66,53.42,500
08-Mar-2010,61.93,53.14,500
09-Mar-2010,62.6,60.11,500
10-Mar-2010,64.63,56.7,500
11-Mar-2010,65.7,67.4,500
12-Mar-2010,64.05,55.18,500
15-Mar-2010,64.92,52.76,500
16-Mar-2010,64.06,54.17,500
17-Mar-2010,64.87,60.46,500
18-Mar-2010,64.76,59.95,500
19-Mar-2010,64.81,57.04,500
22-Mar-2010,64.2,56.99,500
23-Mar-2010,65.18,54.17,500
24-Mar-2010,67.21,57.72,500
25-Mar-2010,67.74,61.62,500
26-Mar-2010,69.05,61.89,500
29-Mar-2010,68.09,56.13,500
30-Mar-2010,68.01,62.49,500
31-Mar-2010,67.34,61.14,500
01-Apr-2010,66.56,58.47,500
02-Apr-2010,66.51,56.75,500
05-Apr-2010,64.44,56.94,500
06-Apr-2010,66.28,57.06,500
07-Apr-2010,64.78,62.46,500
08-Apr-2010,64.76,51.31,500
09-Apr-2010,64.04,55.95,500
12-Apr-2010,64.34,63.06,500
13-Apr-2010,64.61,57.56,500
14-Apr-2010,66.86,59.19,500
15-Apr-2010,67.37,54.11,500
16-Apr-2010,69.1,60.0,500
19-Apr-2010,70.24,63.95,500
20-Apr-2010,69.57,58.36,500
21-Apr-2010,69.26,60.38,500
22-Apr-2010,68.84,64.23,500
23-Apr-2010,67.59,60.16,500
26-Apr-2010,68.33,60.24,500
27-Apr-2010,69.41,60.3,500
28-Apr-2010,69.02,58.09,500
29-Apr-2010,70.92,65.42,500
30-Apr-2010,70.36,62.37,500
03-May-2010,71.02,63.44,500
04-May-2010,70.24,67.02,500
05-May-2010,70.03,63.88,500
06-May-2010,70.86,61.27,500
07-May-2010,70.05,64.43,500
10-May-2010,70.84,67.28,500
11-May-2010,70.78,68.06,500
12-May-2010,72.34,59.16,500
13-May-2010,72.33,68.55,500
14-May-2010,73.9,64.22,500
17-May-2010,71.69,57.97,500
18-May-2010,72.92,61.73,500
19-May-2010,73.81,65.6,500
20-May-2010,71.43,62.48,500
21-May-2010,73.46,70.64,500
24-May-2010,74.03,61.53,500
25-May-2010,74.32,63.47,500
26-May-2010,75.04,71.01,500
27-May-2010,75.58,72.95,500
28-May-2010,76.91,78.49,500
31-May-2010,76.14,70.02,500
01-Jun-2010,73.03,60.04,500
02-Jun-2010,73.48,66.56,500
03-Jun-2010,74.35,70.6,500
04-Jun-2010,75.28,69.86,500
07-Jun-2010,75.04,64.17,500
08-Jun-2010,77.28,73.86,500
09-Jun-2010,77.86,68.92,500
10-Jun-2010,80.69,79.2,500
11-Jun-2010,80.26,78.07,500
14-Jun-2010,78.29,75.43,500
15-Jun-2010,78.69,69.04,500
16-Jun-2010,77.6,73.81,500
17-Jun-2010,77.52,79.41,500
18-Jun-2010,77.51,67.12,500
21-Jun-2010,76.26,63.08,500
22-Jun-2010,75.3,65.05,500
23-Jun-2010,76.57,67.52,500
24-Jun-2010,76.5,66.41,500
25-Jun-2010,78.79,71.11,500
28-Jun-2010,75.91,61.98,500
29-Jun-2010,75.08,67.2,500
30-Jun-2010,75.88,70.89,500
01-Jul-2010,77.52,71.67,500
02-Jul-2010,75.06,69.03,500
05-Jul-2010,77.62,59.99,500
06-Jul-2010,78.58,71.19,500
07-Jul-2010,79.94,75.41,500
08-Jul-2010,80.41,66.2,500
09-Jul-2010,79.59,66.17,500
12-Jul-2010,81.26,76.93,500
13-Jul-2010,80.98,68.08,500
14-Jul-2010,81.11,75.6,500
15-Jul-2010,79.39,71.77,500
16-Jul-2010,78.53,81.04,500
19-Jul-2010,77.46,72.25,500
20-Jul-2010,76.06,64.63,500
21-Jul-2010,77.06,72.88,500
22-Jul-2010,77.74,69.03,500
23-Jul-2010,77.22,69.42,500
26-Jul-2010,77.6,68.33,500
27-Jul-2010,77.8,65.46,500
28-Jul-2010,78.08,79.72,500
29-Jul-2010,78.48,79.7,500
30-Jul-2010,76.73,67.75,500
02-Aug-2010,76.67,69.15,500
03-Aug-2010,76.52,73.21,500
04-Aug-2010,74.23,69.88,500
05-Aug-2010,74.74,67.96,500
06-Aug-2010,74.46,75.46,500
09-Aug-2010,72.55,63.73,500
10-Aug-2010,72.03,61.59,500
11-Aug-2010,70.28,65.72,500
12-Aug-2010,70.33,65.5,500
13-Aug-2010,69.92,59.2,500
16-Aug-2010,70.63,60.1,500
17-Aug-2010,69.49,65.95,500
18-Aug-2010,69.18,63.89,500
19-Aug-2010,69.03,65.87,500
20-Aug-2010,70.16,58.94,500
23-Aug-2010,69.26,62.26,500
24-Aug-2010,68.57,59.32,500
25-Aug-2010,68.51,59.83,500
26-Aug-2010,69.16,56.99,500
27-Aug-2010,71.19,65.69,500
30-Aug-2010,73.74,65.77,500
31-Aug-2010,74.59,64.74,500
01-Sep-2010,72.78,66.71,500
02-Sep-2010,71.51,68.24,500
03-Sep-2010,71.3,64.72,500
06-Sep-2010,70.86,65.39,500
07-Sep-2010,67.6,57.59,500
08-Sep-2010,70.99,62.83,500
09-Sep-2010,73.3,71.0,500
10-Sep-2010,72.89,70.69,500
13-Sep-2010,74.83,61.51,500
14-Sep-2010,73.96,64.54,500
15-Sep-2010,74.32,72.61,500
16-Sep-2010,75.21,72.44,500
17-Sep-2010,77.47,67.54,500
20-Sep-2010,77.43,63.36,500
21-Sep-2010,76.12,65.0,500
22-Sep-2010,75.04,68.65,500
23-Sep-2010,76.62,69.3,500
24-Sep-2010,76.78,64.09,500
27-Sep-2010,76.8,64.17,500
28-Sep-2010,77.56,71.52,500
29-Sep-2010,78.44,63.69,500
30-Sep-2010,78.75,66.15,500
01-Oct-2010,78.45,70.1,500
04-Oct-2010,80.01,72.06,500
05-Oct-2010,79.63,69.55,500
06-Oct-2010,80.55,76.07,500
07-Oct-2010,79.47,73.72,500
08-Oct-2010,79.43,77.56,500
11-Oct-2010,78.94,67.52,500
12-Oct-2010,78.66,69.83,500
13-Oct-2010,76.99,76.72,500
14-Oct-2010,76.55,66.16,500
15-Oct-2010,78.32,81.64,500
18-Oct-2010,77.18,69.82,500
19-Oct-2010,79.38,72.83,500
20-Oct-2010,80.91,76.82,500
21-Oct-2010,82.1,78.49,500
22-Oct-2010,83.71,79.64,500
25-Oct-2010,82.36,74.85,500
26-Oct-2010,82.28,80.3,500
27-Oct-2010,82.06,73.04,500
28-Oct-2010,83.01,77.88,500
29-Oct-2010,83.65,70.78,500
01-Nov-2010,84.2,80.88,500
02-Nov-2010,82.77,76.77,500
03-Nov-2010,81.64,74.5,500
04-Nov-2010,86.53,77.18,500
05-Nov-2010,86.3,75.26,500
08-Nov-2010,85.82,79.36,500
09-Nov-2010,85.36,83.53,500
10-Nov-2010,85.06,82.96,500
11-Nov-2010,86.57,82.98,500
12-Nov-2010,86.38,80.71,500
15-Nov-2010,85.22,81.06,500
16-Nov-2010,84.21,78.19,500
17-Nov-2010,83.45,81.91,500
18-Nov-2010,83.16,77.25,500
19-Nov-2010,82.34,71.12,500
22-Nov-2010,82.82,75.05,500
23-Nov-2010,83.32,86.83,500
24-Nov-2010,85.35,79.45,500
25-Nov-2010,85.35,76.85,500
26-Nov-2010,85.59,86.7,500
29-Nov-2010,84.8,70.32,500
30-Nov-2010,83.63,77.94,500
01-Dec-2010,83.55,74.8,500
02-Dec-2010,84.66,78.36,500
03-Dec-2010,85.32,75.55,500
06-Dec-2010,84.61,79.16,500
07-Dec-2010,86.86,81.73,500
08-Dec-2010,86.4,73.52,500
09-Dec-2010,88.39,84.99,500
10-Dec-2010,89.31,81.82,500
13-Dec-2010,88.18,83.77,500
14-Dec-2010,88.9,74.62,500
15-Dec-2010,89.17,75.03,500
16-Dec-2010,89.9,82.46,500
17-Dec-2010,91.19,83.45,500
20-Dec-2010,90.47,78.66,500
21-Dec-2010,91.51,83.85,500
22-Dec-2010,90.57,85.09,500
23-Dec-2010,90.23,83.05,500
24-Dec-2010,91.25,82.23,500
27-Dec-2010,90.72,86.7,500
28-Dec-2010,91.6,83.13,500
29-Dec-2010,91.74,87.19,500
30-Dec-2010,92.21,86.7,500
31-Dec-2010,91.63,83.75,500
03-Jan-2011,93.86,84.9,500
04-Jan-2011,93.33,86.84,500
05-Jan-2011,96.0,84.03,500
06-Jan-2011,96.0,84.3,500
07-Jan-2011,96.0,90.88,500
10-Jan-2011,96.0,85.98,500
11-Jan-2011,96.0,89.56,500
12-Jan-2011,96.0,85.25,500
13-Jan-2011,96.0,96.81,500
14-Jan-2011,96.0,89.32,500
17-Jan-2011,96.0,83.04,500
18-Jan-2011,96.0,92.27,500
19-Jan-2011,96.0,92.45,500
20-Jan-2011,96.0,89.45,500
21-Jan-2011,96.0,94.53,500
24-Jan-2011,96.0,86.42,500
25-Jan-2011,96.0,90.34,500
26-Jan-2011,96.0,84.98,500
27-Jan-2011,96.0,95.94,500
28-Jan-2011,96.0,87.11,500
31-Jan-2011,96.0,93.02,500
01-Feb-2011,96.0,91.04,500
02-Feb-2011,96.0,84.92,500
03-Feb-2011,96.0,96.43,500
04-Feb-2011,96.0,92.55,500
07-Feb-2011,96.0,84.35,500
08-Feb-2011,96.0,88.13,500
09-Feb-2011,96.0,93.07,500
10-Feb-2011,96.0,92.48,500
11-Feb-2011,96.0,88.08,500
14-Feb-2011,96.0,90.88,500
15-Feb-2011,96.0,90.68,500
16-Feb-2011,96.0,88.89,500
17-Feb-2011,96.0,94.06,500
18-Feb-2011,96.0,84.36,500
21-Feb-2011,96.0,76.73,500
22-Feb-2011,96.0,89.14,500
23-Feb-2011,94.18,93.06,500
24-Feb-2011,93.12,87.77,500
25-Feb-2011,91.86,88.86,500
28-Feb-2011,92.52,80.77,500
01-Mar-2011,94.98,86.33,500
02-Mar-2011,95.16,85.32,500
03-Mar-2011,95.68,86.5,500
04-Mar-2011,95.7,95.86,500
07-Mar-2011,96.0,92.46,500
08-Mar-2011,96.0,95.03,500
09-Mar-2011,96.0,89.26,500
10-Mar-2011,94.87,86.7,500
11-Mar-2011,94.33,88.95,500
14-Mar-2011,93.23,85.69,500
15-Mar-2011,95.9,83.76,500
16-Mar-2011,94.09,83.51,500
17-Mar-2011,93.24,79.55,500
18-Mar-2011,94.81,84.54,500
21-Mar-2011,93.22,90.89,500
22-Mar-2011,94.15,90.33,500
23-Mar-2011,92.03,85.9,500
24-Mar-2011,89.87,79.11,500
25-Mar-2011,89.88,81.35,500
28-Mar-2011,89.84,81.55,500
29-Mar-2011,88.98,86.22,500
30-Mar-2011,89.51,82.46,500
31-Mar-2011,88.86,85.93,500
01-Apr-2011,88.02,83.95,500
04-Apr-2011,87.2,80.03,500
05-Apr-2011,87.95,75.72,500
06-Apr-2011,86.52,82.95,500
07-Apr-2011,85.39,72.57,500
08-Apr-2011,85.37,80.08,500
11-Apr-2011,86.11,75.76,500
12-Apr-2011,86.35,84.52,500
13-Apr-2011,87.25,72.64,500
14-Apr-2011,85.34,75.94,500
15-Apr-2011,85.83,80.17,500
18-Apr-2011,85.95,78.58,500
19-Apr-2011,86.33,78.08,500
20-Apr-2011,86.28,76.44,500
21-Apr-2011,86.92,77.97,500
22-Apr-2011,87.13,77.58,500
25-Apr-2011,86.81,84.18,500
26-Apr-2011,84.24,72.12,500
27-Apr-2011,85.12,77.3,500
28-Apr-2011,86.73,83.09,500
29-Apr-2011,85.24,77.27,500
02-May-2011,85.58,75.06,500
03-May-2011,86.45,80.25,500
04-May-2011,86.54,82.71,500
05-May-2011,84.35,74.9,500
06-May-2011,86.08,68.8,500
09-May-2011,86.86,77.92,500
10-May-2011,86.09,72.27,500
11-May-2011,86.49,85.92,500
12-May-2011,85.75,76.36,500
13-May-2011,85.36,71.82,500
16-May-2011,84.76,78.9,500
17-May-2011,84.62,75.45,500
18-May-2011,84.79,82.29,500
19-May-2011,83.98,73.92,500
20-May-2011,83.23,70.23,500
23-May-2011,83.07,76.62,500
24-May-2011,81.29,67.96,500
25-May-2011,81.4,71.59,500
26-May-2011,84.1,80.0,500
27-May-2011,82.85,74.32,500
30-May-2011,81.49,69.61,500
31-May-2011,85.21,75.95,500
01-Jun-2011,84.63,75.26,500
02-Jun-2011,84.71,75.14,500
03-Jun-2011,84.83,81.9,500
06-Jun-2011,87.31,85.56,500
07-Jun-2011,88.56,87.55,500
08-Jun-2011,88.38,84.01,500
09-Jun-2011,86.39,79.82,500
10-Jun-2011,89.67,87.41,500
13-Jun-2011,89.53,79.16,500
14-Jun-2011,89.09,82.17,500
15-Jun-2011,87.76,80.88,500
16-Jun-2011,88.4,85.97,500
17-Jun-2011,89.73,81.63,500
20-Jun-2011,90.31,85.77,500
21-Jun-2011,88.67,75.93,500
22-Jun-2011,87.52,79.69,500
23-Jun-2011,84.77,82.14,500
24-Jun-2011,84.54,77.88,500
27-Jun-2011,85.65,75.21,500
28-Jun-2011,83.86,71.43,500
29-Jun-2011,86.65,81.79,500
30-Jun-2011,88.33,80.19,500
01-Jul-2011,87.47,80.98,500
04-Jul-2011,89.06,82.18,500
05-Jul-2011,87.31,79.3,500
06-Jul-2011,88.06,82.84,500
07-Jul-2011,89.51,82.66,500
08-Jul-2011,90.01,90.09,500
11-Jul-2011,90.12,82.6,500
12-Jul-2011,90.86,81.71,500
13-Jul-2011,89.59,76.43,500
14-Jul-2011,90.61,85.29,500
15-Jul-2011,90.04,84.19,500
18-Jul-2011,91.72,82.15,500
19-Jul-2011,91.78,80.36,500
20-Jul-2011,92.34,86.87,500
21-Jul-2011,92.35,88.73,500
22-Jul-2011,92.46,83.03,500
25-Jul-2011,93.2,88.2,500
26-Jul-2011,95.99,82.99,500
27-Jul-2011,96.0,91.84,500
28-Jul-2011,96.0,85.01,500
29-Jul-2011,92.96,79.7,500
01-Aug-2011,93.87,88.35,500
02-Aug-2011,93.1,83.6,500
03-Aug-2011,93.25,79.44,500
04-Aug-2011,91.7,90.62,500
05-Aug-2011,92.4,90.5,500
08-Aug-2011,90.91,79.37,500
09-Aug-2011,90.98,85.12,500
10-Aug-2011,93.54,88.65,500
11-Aug-2011,93.03,81.27,500
12-Aug-2011,93.08,89.04,500
15-Aug-2011,93.62,86.78,500
16-Aug-2011,95.43,86.65,500
17-Aug-2011,96.0,88.86,500
18-Aug-2011,95.24,83.78,500
19-Aug-2011,94.9,89.22,500
22-Aug-2011,95.98,91.32,500
23-Aug-2011,96.0,92.18,500
24-Aug-2011,96.0,96.36,500
25-Aug-2011,94.95,93.75,500
26-Aug-2011,95.56,88.97,500
29-Aug-2011,96.0,87.07,500
30-Aug-2011,96.0,93.42,500
31-Aug-2011,96.0,89.66,500
01-Sep-2011,96.0,89.6,500
02-Sep-2011,96.0,88.13,500
05-Sep-2011,96.0,91.91,500
06-Sep-2011,96.0,93.06,500
07-Sep-2011,96.0,95.98,500
08-Sep-2011,96.0,88.6,500
09-Sep-2011,96.0,89.16,500
12-Sep-2011,96.0,79.11,500
13-Sep-2011,96.0,90.74,500
14-Sep-2011,96.0,93.81,500
15-Sep-2011,96.0,88.01,500
16-Sep-2011,96.0,93.17,500
19-Sep-2011,96.0,90.07,500
20-Sep-2011,96.0,88.52,500
21-Sep-2011,96.0,93.8,500
22-Sep-2011,96.0,85.59,500
23-Sep-2011,96.0,84.1,500
26-Sep-2011,96.0,90.32,500
27-Sep-2011,96.0,86.24,500
28-Sep-2011,96.0,85.22,500
29-Sep-2011,96.0,84.61,500
30-Sep-2011,96.0,86.83,500
03-Oct-2011,96.0,86.49,500
04-Oct-2011,96.0,92.76,500
05-Oct-2011,96.0,95.08,500
06-Oct-2011,96.0,88.21,500
07-Oct-2011,96.0,91.91,500
10-Oct-2011,96.0,95.28,500
11-Oct-2011,96.0,87.32,500
12-Oct-2011,96.0,93.32,500
13-Oct-2011,96.0,89.54,500
14-Oct-2011,96.0,96.88,500
17-Oct-2011,96.0,83.33,500
18-Oct-2011,96.0,88.34,500
19-Oct-2011,96.0,86.37,500
20-Oct-2011,96.0,90.77,500
21-Oct-2011,96.0,95.48,500
24-Oct-2011,96.0,90.96,500
25-Oct-2011,96.0,86.3,500
26-Oct-2011,96.0,89.29,500
27-Oct-2011,96.0,91.96,500
28-Oct-2011,96.0,92.24,500
31-Oct-2011,96.0,86.63,500
01-Nov-2011,96.0,90.34,500
02-Nov-2011,96.0,93.48,500
03-Nov-2011,96.0,85.51,500
04-Nov-2011,96.0,85.99,500
07-Nov-2011,96.0,90.64,500
08-Nov-2011,96.0,92.28,500
09-Nov-2011,96.0,95.94,500
10-Nov-2011,96.0,86.4,500
11-Nov-2011,96.0,84.24,500
14-Nov-2011,96.0,89.78,500
15-Nov-2011,96.0,88.61,500
16-Nov-2011,96.0,93.45,500
17-Nov-2011,96.0,87.43,500
18-Nov-2011,96.0,88.44,500
21-Nov-2011,96.0,92.05,500
22-Nov-2011,96.0,86.29,500
23-Nov-2011,96.0,92.43,500
24-Nov-2011,96.0,93.41,500
25-Nov-2011,96.0,81.4,500
28-Nov-2011,96.0,92.75,500
29-Nov-2011,96.0,83.5,500
30-Nov-2011,96.0,92.32,500
01-Dec-2011,96.0,82.14,500
02-Dec-2011,96.0,91.25,500
05-Dec-2011,96.0,94.58,500
06-Dec-2011,96.0,90.01,500
07-Dec-2011,96.0,87.84,500
08-Dec-2011,96.0,89.09,500
09-Dec-2011,96.0,95.58,500
12-Dec-2011,96.0,90.78,500
13-Dec-2011,96.0,81.91,500
14-Dec-2011,96.0,86.25,500
15-Dec-2011,96.0,96.75,500
16-Dec-2011,96.0,81.86,500
19-Dec-2011,96.0,86.21,500
20-Dec-2011,96.0,93.56,500
21-Dec-2011,96.0,89.28,500
22-Dec-2011,96.0,87.63,500
23-Dec-2011,96.0,93.29,500
26-Dec-2011,96.0,89.24,500
27-Dec-2011,96.0,88.27,500
28-Dec-2011,96.0,87.46,500
29-Dec-2011,96.0,89.97,500
30-Dec-2011,96.0,87.29,500
02-Jan-2012,96.0,88.16,500
03-Jan-2012,96.0,85.12,500
04-Jan-2012,96.0,91.4,500
05-Jan-2012,96.0,89.65,500
06-Jan-2012,96.0,78.12,500
09-Jan-2012,96.0,84.74,500
10-Jan-2012,96.0,90.77,500
11-Jan-2012,96.0,92.3,500
12-Jan-2012,96.0,91.06,500
13-Jan-2012,96.0,91.03,500
16-Jan-2012,96.0,86.95,500
17-Jan-2012,96.0,96.06,500
18-Jan-2012,96.0,87.79,500
19-Jan-2012,96.0,84.95,500
20-Jan-2012,96.0,89.18,500
23-Jan-2012,96.0,91.5,500
24-Jan-2012,96.0,93.03,500
25-Jan-2012,96.0,82.11,500
26-Jan-2012,96.0,96.51,500
27-Jan-2012,96.0,88.05,500
30-Jan-2012,96.0,95.85,500
31-Jan-2012,96.0,94.84,500
01-Feb-2012,96.0,84.34,500
02-Feb-2012,96.0,91.0,500
03-Feb-2012,96.0,97.41,500
06-Feb-2012,96.0,86.33,500
07-Feb-2012,96.0,89.16,500
08-Feb-2012,96.0,82.77,500
09-Feb-2012,96.0,93.97,500
10-Feb-2012,96.0,92.29,500
13-Feb-2012,96.0,89.87,500
14-Feb-2012,96.0,84.92,500
15-Feb-2012,96.0,90.33,500
16-Feb-2012,96.0,96.35,500
17-Feb-2012,96.0,83.96,500
20-Feb-2012,96.0,90.98,500
21-Feb-2012,96.0,90.6,500
22-Feb-2012,96.0,87.79,500
23-Feb-2012,96.0,89.48,500
24-Feb-2012,96.0,88.58,500
27-Feb-2012,96.0,93.44,500
28-Feb-2012,96.0,92.24,500
29-Feb-2012,96.0,87.17,500
01-Mar-2012,96.0,81.69,500
02-Mar-2012,96.0,84.57,500
05-Mar-2012,96.0,82.68,500
06-Mar-2012,96.0,85.63,500
07-Mar-2012,96.0,86.33,500
08-Mar-2012,96.0,84.51,500
09-Mar-2012,96.0,91.29,500
12-Mar-2012,96.0,86.15,500
13-Mar-2012,96.0,91.5,500
14-Mar-2012,96.0,91.05,500
15-Mar-2012,96.0,94.52,500
16-Mar-2012,96.0,89.91,500
19-Mar-2012,96.0,91.19,500
20-Mar-2012,96.0,92.97,500
21-Mar-2012,96.0,82.79,500
22-Mar-2012,96.0,87.15,500
23-Mar-2012,96.0,85.71,500
26-Mar-2012,96.0,78.52,500
27-Mar-2012,96.0,90.93,500
28-Mar-2012,96.0,85.49,500
29-Mar-2012,96.0,88.31,500
30-Mar-2012,96.0,89.38,500
02-Apr-2012,96.0,90.81,500
03-Apr-2012,96.0,83.86,500
04-Apr-2012,96.0,91.53,500
05-Apr-2012,96.0,89.69,500
06-Apr-2012,96.0,92.65,500
09-Apr-2012,96.0,84.84,500
10-Apr-2012,96.0,83.72,500
11-Apr-2012,96.0,88.29,500
12-Apr-2012,96.0,96.09,500
13-Apr-2012,96.0,84.36,500
16-Apr-2012,96.0,92.45,500
17-Apr-2012,96.0,84.79,500
18-Apr-2012,96.0,92.61,500
19-Apr-2012,96.0,90.03,500
20-Apr-2012,96.0,85.28,500
23-Apr-2012,96.0,93.62,500
24-Apr-2012,96.0,82.58,500
25-Apr-2012,96.0,95.76,500
26-Apr-2012,96.0,91.13,500
27-Apr-2012,96.0,88.95,500
30-Apr-2012,96.0,85.93,500
01-May-2012,96.0,84.96,500
02-May-2012,96.0,82.9,500
03-May-2012,96.0,91.02,500
04-May-2012,96.0,85.6,500
07-May-2012,96.0,84.46,500
08-May-2012,96.0,85.53,500
09-May-2012,96.0,82.66,500
10-May-2012,96.0,93.24,500
11-May-2012,96.0,87.86,500
14-May-2012,96.0,89.55,500
15-May-2012,96.0,88.98,500
16-May-2012,96.0,90.18,500
17-May-2012,96.0,91.17,500
18-May-2012,96.0,80.04,500
21-May-2012,96.0,84.56,500
22-May-2012,96.0,86.59,500
23-May-2012,96.0,91.5,500
24-May-2012,96.0,89.88,500
25-May-2012,96.0,91.6,500
28-May-2012,96.0,93.29,500
29-May-2012,96.0,84.12,500
30-May-2012,96.0,87.97,500
31-May-2012,96.0,89.79,500
01-Jun-2012,96.0,89.96,500
04-Jun-2012,96.0,84.77,500
05-Jun-2012,96.0,86.62,500
06-Jun-2012,96.0,79.43,500
07-Jun-2012,96.0,86.18,500
08-Jun-2012,96.0,89.29,500
11-Jun-2012,96.0,85.81,500
12-Jun-2012,96.0,86.78,500
13-Jun-2012,96.0,90.82,500
14-Jun-2012,96.0,91.14,500
15-Jun-2012,96.0,88.64,500
18-Jun-2012,96.0,91.35,500
19-Jun-2012,96.0,84.52,500
20-Jun-2012,96.0,87.89,500
21-Jun-2012,96.0,83.8,500
22-Jun-2012,96.0,83.99,500
25-Jun-2012,96.0,85.99,500
26-Jun-2012,96.0,91.43,500
27-Jun-2012,96.0,86.7,500
28-Jun-2012,96.0,85.8,500
29-Jun-2012,96.0,88.85,500
02-Jul-2012,96.0,90.26,500
03-Jul-2012,96.0,85.83,500
04-Jul-2012,96.0,88.39,500
05-Jul-2012,96.0,87.69,500
06-Jul-2012,96.0,91.86,500
09-Jul-2012,96.0,92.08,500
10-Jul-2012,96.0,91.56,500
11-Jul-2012,96.0,87.25,500
12-Jul-2012,96.0,90.97,500
13-Jul-2012,96.0,90.64,500
16-Jul-2012,96.0,87.09,500
17-Jul-2012,96.0,87.5,500
18-Jul-2012,96.0,94.18,500
19-Jul-2012,96.0,88.84,500
20-Jul-2012,96.0,88.88,500
23-Jul-2012,96.0,94.07,500
24-Jul-2012,96.0,93.47,500
25-Jul-2012,96.0,85.17,500
26-Jul-2012,96.0,86.5,500
27-Jul-2012,96.0,94.28,500
30-Jul-2012,96.0,87.2,500
31-Jul-2012,96.0,98.0,500
01-Aug-2012,96.0,84.7,500
02-Aug-2012,96.0,97.03,500
03-Aug-2012,96.0,85.35,500
06-Aug-2012,96.0,82.7,500
07-Aug-2012,96.0,86.09,500
08-Aug-2012,96.0,87.36,500
09-Aug-2012,96.0,88.08,500
10-Aug-2012,96.0,86.24,500
13-Aug-2012,96.0,96.67,500
14-Aug-2012,96.0,96.03,500
15-Aug-2012,96.0,85.51,500
16-Aug-2012,96.0,86.09,500
17-Aug-2012,96.0,90.04,500
20-Aug-2012,96.0,85.63,500
21-Aug-2012,95.72,89.85,500
22-Aug-2012,96.0,94.68,500
23-Aug-2012,95.31,87.51,500
24-Aug-2012,95.43,88.8,500
27-Aug-2012,95.1,85.92,500
28-Aug-2012,93.42,92.12,500
29-Aug-2012,94.24,94.52,500
30-Aug-2012,95.27,92.35,500
31-Aug-2012,93.83,94.32,500
03-Sep-2012,93.09,82.01,500
04-Sep-2012,92.9,84.7,500
05-Sep-2012,90.46,78.89,500
06-Sep-2012,91.89,84.73,500
07-Sep-2012,93.26,92.04,500
10-Sep-2012,94.56,87.75,500
11-Sep-2012,95.02,92.88,500
12-Sep-2012,96.0,82.68,500
13-Sep-2012,95.65,89.64,500
14-Sep-2012,93.69,84.49,500
17-Sep-2012,94.89,92.44,500
18-Sep-2012,96.0,98.0,500
19-Sep-2012,96.0,88.69,500
20-Sep-2012,96.0,90.24,500
21-Sep-2012,95.93,96.04,500
24-Sep-2012,92.85,82.18,500
25-Sep-2012,91.56,86.81,500
26-Sep-2012,94.76,85.49,500
27-Sep-2012,95.48,92.09,500
28-Sep-2012,96.0,92.32,500
01-Oct-2012,96.0,86.48,500
02-Oct-2012,96.0,89.82,500
03-Oct-2012,96.0,97.61,500
04-Oct-2012,96.0,87.93,500
05-Oct-2012,96.0,87.89,500
08-Oct-2012,96.0,90.71,500
09-Oct-2012,96.0,93.76,500
10-Oct-2012,96.0,90.51,500
11-Oct-2012,96.0,88.65,500
12-Oct-2012,94.89,88.54,500
15-Oct-2012,94.33,87.41,500
16-Oct-2012,92.31,84.21,500
17-Oct-2012,93.88,82.74,500
18-Oct-2012,92.41,87.41,500
19-Oct-2012,92.46,87.34,500
22-Oct-2012,92.31,81.53,500
23-Oct-2012,91.5,89.8,500
24-Oct-2012,90.51,78.71,500
25-Oct-2012,89.31,80.81,500
26-Oct-2012,89.43,81.1,500
29-Oct-2012,87.82,89.9,500
30-Oct-2012,88.22,80.07,500
31-Oct-2012,86.62,81.86,500
01-Nov-2012,85.28,80.56,500
02-Nov-2012,83.34,76.74,500
05-Nov-2012,84.02,67.72,500
06-Nov-2012,84.29,84.5,500
07-Nov-2012,82.26,74.52,500
08-Nov-2012,80.93,81.49,500
09-Nov-2012,80.5,77.94,500
12-Nov-2012,79.63,68.42,500
13-Nov-2012,78.8,69.72,500
14-Nov-2012,80.97,63.69,500
15-Nov-2012,82.76,72.27,500
16-Nov-2012,83.17,67.28,500
19-Nov-2012,82.69,67.97,500
20-Nov-2012,85.56,72.56,500
21-Nov-2012,86.62,78.24,500
22-Nov-2012,86.48,83.5,500
23-Nov-2012,88.38,81.75,500
26-Nov-2012,87.56,74.27,500
27-Nov-2012,86.39,76.34,500
28-Nov-2012,88.2,79.62,500
29-Nov-2012,88.59,77.14,500
30-Nov-2012,87.14,85.46,500
03-Dec-2012,86.0,75.12,500
04-Dec-2012,84.77,80.57,500
05-Dec-2012,82.26,79.97,500
06-Dec-2012,81.91,73.89,500
07-Dec-2012,78.45,75.52,500
10-Dec-2012,77.83,71.05,500
11-Dec-2012,78.13,70.37,500
12-Dec-2012,76.79,68.55,500
13-Dec-2012,76.83,73.06,500
14-Dec-2012,73.75,67.61,500
17-Dec-2012,73.56,66.42,500
18-Dec-2012,75.38,63.51,500
19-Dec-2012,75.53,68.23,500
20-Dec-2012,75.54,71.06,500
21-Dec-2012,75.22,71.06,500
24-Dec-2012,76.38,68.41,500
25-Dec-2012,74.64,70.29,500
26-Dec-2012,74.12,64.77,500
27-Dec-2012,75.47,64.78,500
28-Dec-2012,73.47,67.38,500
31-Dec-2012,75.39,67.27,500
01-Jan-2013,76.76,58.73,500
02-Jan-2013,77.15,72.86,500
03-Jan-2013,76.18,70.98,500
04-Jan-2013,78.97,72.0,500
07-Jan-2013,79.0,69.46,500
08-Jan-2013,82.91,79.06,500
09-Jan-2013,80.37,68.99,500
10-Jan-2013,79.37,75.2,500
11-Jan-2013,81.77,77.92,500
14-Jan-2013,83.95,75.4,500
15-Jan-2013,82.64,78.35,500
16-Jan-2013,81.55,74.73,500
17-Jan-2013,79.89,74.91,500
18-Jan-2013,80.35,79.2,500
21-Jan-2013,80.41,74.67,500
22-Jan-2013,82.33,73.21,500
23-Jan-2013,80.87,76.7,500
24-Jan-2013,78.59,66.27,500
25-Jan-2013,80.64,70.62,500
28-Jan-2013,84.69,74.27,500
29-Jan-2013,83.96,74.91,500
30-Jan-2013,86.47,75.35,500
31-Jan-2013,86.95,81.13,500
01-Feb-2013,85.75,75.49,500
04-Feb-2013,87.86,83.28,500
05-Feb-2013,86.3,78.84,500
06-Feb-2013,86.42,83.84,500
07-Feb-2013,87.41,78.38,500
08-Feb-2013,85.35,79.43,500
11-Feb-2013,85.32,83.68,500
12-Feb-2013,86.07,78.43,500
13-Feb-2013,87.35,81.78,500
14-Feb-2013,86.29,77.33,500
15-Feb-2013,86.7,77.78,500
18-Feb-2013,86.78,80.27,500
19-Feb-2013,87.92,81.34,500
20-Feb-2013,87.76,80.94,500
21-Feb-2013,87.95,84.72,500
22-Feb-2013,89.21,89.97,500
25-Feb-2013,86.42,79.07,500
26-Feb-2013,87.77,88.06,500
27-Feb-2013,86.92,79.12,500
28-Feb-2013,85.35,82.99,500
01-Mar-2013,87.24,85.05,500
04-Mar-2013,85.51,79.91,500
05-Mar-2013,86.64,79.8,500
06-Mar-2013,88.24,78.94,500
07-Mar-2013,89.64,84.06,500
08-Mar-2013,89.14,84.2,500
11-Mar-2013,87.67,87.01,500
12-Mar-2013,87.74,82.7,500
13-Mar-2013,86.57,78.63,500
14-Mar-2013,86.69,83.89,500
15-Mar-2013,86.47,89.99,500
18-Mar-2013,87.45,81.45,500
19-Mar-2013,85.62,80.36,500
20-Mar-2013,84.99,83.66,500
21-Mar-2013,85.18,77.64,500
22-Mar-2013,82.69,76.02,500
25-Mar-2013,81.94,81.67,500
26-Mar-2013,82.52,73.49,500
27-Mar-2013,83.33,73.55,500
28-Mar-2013,85.03,79.8,500
29-Mar-2013,83.65,71.91,500
01-Apr-2013,85.54,75.79,500
02-Apr-2013,84.9,80.62,500
03-Apr-2013,86.52,83.26,500
04-Apr-2013,87.02,72.32,500
05-Apr-2013,88.64,76.37,500
08-Apr-2013,86.43,84.42,500
09-Apr-2013,87.21,87.57,500
10-Apr-2013,86.66,76.75,500
11-Apr-2013,86.14,83.21,500
12-Apr-2013,85.79,78.74,500
15-Apr-2013,84.56,79.22,500
16-Apr-2013,83.16,81.22,500
17-Apr-2013,83.45,76.97,500
18-Apr-2013,82.68,72.69,500
19-Apr-2013,82.74,86.76,500
22-Apr-2013,84.1,76.8,500
23-Apr-2013,86.86,84.87,500
24-Apr-2013,85.6,82.12,500
25-Apr-2013,85.68,79.23,500
26-Apr-2013,85.02,78.13,500
29-Apr-2013,84.69,73.21,500
30-Apr-2013,84.44,71.18,500
01-May-2013,83.94,76.66,500
02-May-2013,83.22,71.53,500
03-May-2013,84.08,72.02,500
06-May-2013,83.15,73.65,500
07-May-2013,83.9,78.79,500
08-May-2013,83.16,77.96,500
09-May-2013,81.91,74.72,500
10-May-2013,82.67,82.09,500
13-May-2013,82.1,79.26,500
14-May-2013,80.37,74.34,500
15-May-2013,81.81,82.81,500
16-May-2013,81.11,73.14,500
17-May-2013,80.84,70.97,500
20-May-2013,79.82,73.86,500
21-May-2013,80.56,76.33,500
22-May-2013,80.04,72.19,500
23-May-2013,81.37,71.27,500
24-May-2013,81.61,79.57,500
27-May-2013,82.32,80.59,500
28-May-2013,80.84,79.79,500
29-May-2013,79.72,66.31,500
30-May-2013,79.11,76.68,500
31-May-2013,80.14,66.84,500
03-Jun-2013,79.67,77.94,500
04-Jun-2013,78.08,73.5,500
05-Jun-2013,77.23,67.43,500
06-Jun-2013,79.06,74.4,500
07-Jun-2013,77.96,72.07,500
10-Jun-2013,74.98,64.53,500
11-Jun-2013,73.93,69.8,500
12-Jun-2013,73.47,62.78,500
13-Jun-2013,73.58,68.02,500
14-Jun-2013,73.52,66.93,500
17-Jun-2013,74.64,69.14,500
18-Jun-2013,76.48,67.75,500
19-Jun-2013,76.33,70.79,500
20-Jun-2013,76.92,75.04,500
21-Jun-2013,75.21,70.74,500
24-Jun-2013,77.4,65.04,500
25-Jun-2013,78.53,67.05,500
26-Jun-2013,79.44,79.64,500
27-Jun-2013,78.51,70.84,500
28-Jun-2013,78.39,71.23,500
01-Jul-2013,77.14,63.51,500
02-Jul-2013,76.41,73.26,500
03-Jul-2013,76.93,71.55,500
04-Jul-2013,77.36,72.14,500
05-Jul-2013,78.07,74.75,500
08-Jul-2013,77.08,64.04,500
09-Jul-2013,75.72,72.81,500
10-Jul-2013,77.09,67.7,500
11-Jul-2013,77.02,66.11,500
12-Jul-2013,74.53,56.17,500
15-Jul-2013,73.98,64.44,500
16-Jul-2013,73.4,66.23,500
17-Jul-2013,74.51,65.15,500
18-Jul-2013,73.16,71.8,500
19-Jul-2013,71.29,63.38,500
22-Jul-2013,70.15,57.08,500
23-Jul-2013,71.21,65.04,500
24-Jul-2013,71.13,63.01,500
25-Jul-2013,73.46,60.23,500
26-Jul-2013,73.66,63.7,500
29-Jul-2013,73.12,65.41,500
30-Jul-2013,75.46,71.71,500
31-Jul-2013,78.11,72.85,500
01-Aug-2013,75.53,63.12,500
02-Aug-2013,75.59,67.44,500
05-Aug-2013,76.03,65.24,500
06-Aug-2013,74.58,66.32,500
07-Aug-2013,75.35,72.99,500
08-Aug-2013,75.64,62.56,500
09-Aug-2013,75.72,72.57,500
12-Aug-2013,75.85,69.1,500
13-Aug-2013,76.03,71.78,500
14-Aug-2013,74.46,74.29,500
15-Aug-2013,74.25,70.17,500
16-Aug-2013,73.81,67.6,500
19-Aug-2013,75.73,73.33,500
20-Aug-2013,77.37,64.46,500
21-Aug-2013,78.67,71.1,500
22-Aug-2013,77.92,68.69,500
23-Aug-2013,77.88,66.98,500
26-Aug-2013,76.73,76.73,500
27-Aug-2013,77.18,69.07,500
28-Aug-2013,76.07,73.56,500
29-Aug-2013,76.15,72.17,500
30-Aug-2013,75.79,65.3,500
02-Sep-2013,76.24,63.71,500
03-Sep-2013,74.54,65.54,500
04-Sep-2013,74.67,66.65,500
05-Sep-2013,74.1,74.9,500
06-Sep-2013,72.86,70.45,500
09-Sep-2013,73.51,68.8,500
10-Sep-2013,73.44,74.65,500
11-Sep-2013,73.23,70.47,500
12-Sep-2013,72.63,70.46,500
13-Sep-2013,73.98,60.57,500
16-Sep-2013,75.53,78.0,500
17-Sep-2013,75.21,68.21,500
18-Sep-2013,75.36,63.57,500
19-Sep-2013,74.17,65.52,500
20-Sep-2013,74.26,69.21,500
23-Sep-2013,77.52,77.78,500
24-Sep-2013,77.49,73.13,500
25-Sep-2013,77.96,84.24,500
26-Sep-2013,75.64,67.6,500
27-Sep-2013,76.26,65.03,500
30-Sep-2013,77.57,69.17,500
01-Oct-2013,78.08,68.3,500
02-Oct-2013,78.09,73.2,500
03-Oct-2013,77.37,68.13,500
04-Oct-2013,76.7,76.91,500
07-Oct-2013,76.37,69.61,500
08-Oct-2013,77.79,70.38,500
09-Oct-2013,76.79,75.26,500
10-Oct-2013,76.18,70.33,500
11-Oct-2013,76.23,58.64,500
14-Oct-2013,75.49,72.68,500
15-Oct-2013,75.3,69.83,500
16-Oct-2013,74.93,66.21,500
17-Oct-2013,76.0,74.09,500
18-Oct-2013,76.22,69.81,500
21-Oct-2013,76.64,69.78,500
22-Oct-2013,77.21,61.43,500
23-Oct-2013,78.86,75.31,500
24-Oct-2013,79.07,73.29,500
25-Oct-2013,79.06,63.84,500
28-Oct-2013,79.47,70.24,500
29-Oct-2013,78.83,71.73,500
30-Oct-2013,80.8,81.12,500
31-Oct-2013,83.01,75.31,500
01-Nov-2013,81.83,74.86,500
04-Nov-2013,81.41,76.77,500
05-Nov-2013,81.43,76.43,500
06-Nov-2013,82.36,76.08,500
07-Nov-2013,82.86,74.0,500
08-Nov-2013,82.62,73.47,500
11-Nov-2013,85.96,82.85,500
12-Nov-2013,84.54,75.79,500
13-Nov-2013,84.34,82.39,500
14-Nov-2013,82.77,75.45,500
15-Nov-2013,83.74,75.69,500
18-Nov-2013,84.09,74.84,500
19-Nov-2013,85.45,87.53,500
20-Nov-2013,83.95,80.05,500
21-Nov-2013,83.59,76.12,500
22-Nov-2013,82.69,78.67,500
25-Nov-2013,82.25,72.19,500
26-Nov-2013,81.46,80.39,500
27-Nov-2013,81.48,75.67,500
28-Nov-2013,79.5,77.71,500
29-Nov-2013,81.13,71.13,500
02-Dec-2013,80.92,70.37,500
03-Dec-2013,81.44,71.01,500
04-Dec-2013,82.22,76.04,500
05-Dec-2013,81.76,81.24,500
06-Dec-2013,80.96,70.58,500
09-Dec-2013,79.26,68.55,500
10-Dec-2013,79.79,70.41,500
11-Dec-2013,80.71,70.2,500
12-Dec-2013,80.82,68.34,500
13-Dec-2013,80.17,74.68,500
16-Dec-2013,80.97,71.46,500
17-Dec-2013,80.17,71.78,500
18-Dec-2013,77.78,66.87,500
19-Dec-2013,79.44,70.46,500
20-Dec-2013,80.62,65.04,500
23-Dec-2013,80.78,80.82,500
24-Dec-2013,81.55,71.94,500
25-Dec-2013,80.94,71.21,500
26-Dec-2013,82.45,77.23,500
27-Dec-2013,81.9,74.94,500
30-Dec-2013,82.48,82.68,500
31-Dec-2013,84.53,76.34,500
01-Jan-2014,87.21,77.1,500
02-Jan-2014,87.07,77.97,500
03-Jan-2014,85.83,78.89,500
06-Jan-2014,86.12,78.1,500
07-Jan-2014,85.46,78.01,500
08-Jan-2014,86.92,83.25,500
09-Jan-2014,86.77,87.78,500
10-Jan-2014,86.12,75.87,500
13-Jan-2014,86.64,75.97,500
14-Jan-2014,85.45,78.27,500
15-Jan-2014,86.18,74.46,500
16-Jan-2014,86.27,81.02,500
17-Jan-2014,86.63,73.79,500
20-Jan-2014,84.16,79.58,500
21-Jan-2014,80.76,75.65,500
22-Jan-2014,81.53,76.06,500
23-Jan-2014,83.9,74.22,500
24-Jan-2014,82.76,76.3,500
27-Jan-2014,83.68,72.54,500
28-Jan-2014,84.01,72.9,500
29-Jan-2014,82.52,72.37,500
30-Jan-2014,83.08,67.88,500
31-Jan-2014,81.74,71.17,500
03-Feb-2014,82.46,75.37,500
04-Feb-2014,82.04,78.59,500
05-Feb-2014,80.56,74.22,500
06-Feb-2014,80.31,70.95,500
07-Feb-2014,79.32,69.82,500
10-Feb-2014,80.34,78.65,500
11-Feb-2014,82.22,77.28,500
12-Feb-2014,83.68,74.96,500
13-Feb-2014,84.35,69.3,500
14-Feb-2014,83.94,83.76,500
17-Feb-2014,82.28,78.74,500
18-Feb-2014,80.65,76.67,500
19-Feb-2014,79.92,76.02,500
20-Feb-2014,78.27,71.93,500
21-Feb-2014,78.45,78.62,500
24-Feb-2014,79.09,74.0,500
25-Feb-2014,79.17,71.15,500
26-Feb-2014,78.91,67.93,500
27-Feb-2014,77.82,70.79,500
28-Feb-2014,78.37,69.78,500
03-Mar-2014,77.9,68.65,500
04-Mar-2014,77.9,77.46,500
05-Mar-2014,75.96,67.62,500
06-Mar-2014,75.68,67.5,500
07-Mar-2014,74.69,73.4,500
10-Mar-2014,74.65,72.89,500
11-Mar-2014,75.5,70.35,500
12-Mar-2014,75.12,59.3,500
13-Mar-2014,75.52,67.49,500
14-Mar-2014,76.1,68.48,500
17-Mar-2014,75.75,64.72,500
18-Mar-2014,76.77,66.9,500
19-Mar-2014,78.34,77.53,500
20-Mar-2014,80.03,71.58,500
21-Mar-2014,82.3,76.01,500
24-Mar-2014,81.8,75.54,500
25-Mar-2014,80.33,69.77,500
26-Mar-2014,78.72,71.31,500
27-Mar-2014,77.34,71.29,500
28-Mar-2014,77.04,66.62,500
31-Mar-2014,77.03,65.73,500
01-Apr-2014,77.95,75.23,500
02-Apr-2014,79.71,72.91,500
03-Apr-2014,79.02,70.77,500
04-Apr-2014,80.3,74.29,500
07-Apr-2014,81.38,67.88,500
08-Apr-2014,82.19,74.62,500
09-Apr-2014,82.52,87.09,500
10-Apr-2014,82.58,74.1,500
11-Apr-2014,82.34,73.82,500
14-Apr-2014,85.05,77.77,500
15-Apr-2014,86.24,86.19,500
16-Apr-2014,88.03,82.72,500
17-Apr-2014,87.05,73.56,500
18-Apr-2014,87.86,78.05,500
21-Apr-2014,86.33,79.32,500
22-Apr-2014,88.18,81.52,500
23-Apr-2014,89.82,87.32,500
24-Apr-2014,90.61,78.36,500
25-Apr-2014,91.88,89.49,500
28-Apr-2014,93.06,85.66,500
29-Apr-2014,93.53,84.83,500
30-Apr-2014,94.08,87.63,500
01-May-2014,95.58,95.77,500
02-May-2014,96.0,86.52,500
05-May-2014,96.0,82.44,500
06-May-2014,96.0,89.98,500
07-May-2014,96.0,86.2,500
08-May-2014,96.0,88.26,500
09-May-2014,96.0,98.0,500
12-May-2014,96.0,90.67,500
13-May-2014,96.0,95.19,500
14-May-2014,96.0,86.19,500
15-May-2014,96.0,90.94,500
16-May-2014,96.0,92.2,500
19-May-2014,96.0,80.78,500
20-May-2014,96.0,91.42,500
21-May-2014,96.0,90.93,500
22-May-2014,96.0,93.83,500
23-May-2014,96.0,82.35,500
26-May-2014,96.0,87.2,500
27-May-2014,96.0,90.42,500
28-May-2014,96.0,86.01,500
29-May-2014,96.0,89.33,500
30-May-2014,96.0,87.23,500
02-Jun-2014,96.0,94.76,500
03-Jun-2014,96.0,88.06,500
04-Jun-2014,96.0,90.22,500
05-Jun-2014,96.0,92.79,500
06-Jun-2014,96.0,85.2,500
09-Jun-2014,96.0,84.71,500
10-Jun-2014,96.0,86.75,500
11-Jun-2014,96.0,83.79,500
12-Jun-2014,96.0,88.43,500
13-Jun-2014,96.0,84.28,500
16-Jun-2014,96.0,88.28,500
17-Jun-2014,96.0,78.87,500
18-Jun-2014,96.0,91.88,500
19-Jun-2014,96.0,91.23,500
20-Jun-2014,96.0,87.64,500
23-Jun-2014,96.0,92.96,500
24-Jun-2014,96.0,81.19,500
25-Jun-2014,96.0,90.86,500
26-Jun-2014,96.0,88.55,500
27-Jun-2014,96.0,85.94,500
30-Jun-2014,96.0,93.19,500
01-Jul-2014,96.0,91.39,500
02-Jul-2014,96.0,87.45,500
03-Jul-2014,96.0,90.33,500
04-Jul-2014,96.0,85.64,500
07-Jul-2014,96.0,88.09,500
08-Jul-2014,96.0,98.0,500
09-Jul-2014,96.0,95.63,500
10-Jul-2014,96.0,89.33,500
11-Jul-2014,96.0,92.48,500
14-Jul-2014,96.0,90.02,500
15-Jul-2014,96.0,84.23,500
16-Jul-2014,96.0,88.36,500
17-Jul-2014,96.0,87.76,500
18-Jul-2014,96.0,87.38,500
21-Jul-2014,96.0,89.32,500
22-Jul-2014,96.0,85.68,500
23-Jul-2014,96.0,85.67,500
24-Jul-2014,96.0,89.23,500
25-Jul-2014,96.0,93.93,500
28-Jul-2014,96.0,87.21,500
29-Jul-2014,96.0,85.78,500
30-Jul-2014,96.0,87.01,500
31-Jul-2014,96.0,91.41,500
01-Aug-2014,96.0,88.15,500
04-Aug-2014,96.0,89.66,500
05-Aug-2014,96.0,80.09,500
06-Aug-2014,96.0,88.92,500
07-Aug-2014,96.0,87.13,500
08-Aug-2014,96.0,86.21,500
11-Aug-2014,96.0,83.64,500
12-Aug-2014,96.0,83.04,500
13-Aug-2014,96.0,98.0,500
14-Aug-2014,96.0,77.28,500
15-Aug-2014,96.0,86.52,500
18-Aug-2014,96.0,86.55,500
19-Aug-2014,96.0,79.15,500
20-Aug-2014,96.0,87.18,500
21-Aug-2014,96.0,85.54,500
22-Aug-2014,96.0,89.04,500
25-Aug-2014,96.0,89.16,500
26-Aug-2014,96.0,86.26,500
27-Aug-2014,96.0,88.37,500
28-Aug-2014,96.0,86.37,500
29-Aug-2014,96.0,97.07,500
01-Sep-2014,96.0,91.96,500
02-Sep-2014,96.0,89.32,500
03-Sep-2014,96.0,89.8,500
04-Sep-2014,96.0,95.15,500
05-Sep-2014,96.0,90.03,500
08-Sep-2014,96.0,81.55,500
09-Sep-2014,96.0,93.14,500
10-Sep-2014,96.0,85.2,500
11-Sep-2014,96.0,88.04,500
12-Sep-2014,96.0,79.22,500
15-Sep-2014,96.0,85.92,500
16-Sep-2014,96.0,91.17,500
17-Sep-2014,96.0,87.03,500
18-Sep-2014,96.0,93.38,500
19-Sep-2014,96.0,89.63,500
22-Sep-2014,96.0,87.38,500
23-Sep-2014,96.0,89.48,500
24-Sep-2014,96.0,87.89,500
25-Sep-2014,96.0,90.3,500
26-Sep-2014,96.0,84.35,500
29-Sep-2014,96.0,96.24,500
30-Sep-2014,96.0,90.77,500
01-Oct-2014,96.0,93.95,500
02-Oct-2014,96.0,84.62,500
03-Oct-2014,96.0,94.85,500
06-Oct-2014,96.0,88.74,500
07-Oct-2014,96.0,85.97,500
08-Oct-2014,96.0,89.68,500
09-Oct-2014,96.0,84.97,500
10-Oct-2014,96.0,88.06,500
13-Oct-2014,96.0,90.7,500
14-Oct-2014,96.0,91.64,500
15-Oct-2014,96.0,86.07,500
16-Oct-2014,96.0,83.16,500
17-Oct-2014,96.0,89.62,500
20-Oct-2014,96.0,85.65,500
21-Oct-2014,96.0,95.14,500
22-Oct-2014,96.0,89.58,500
23-Oct-2014,96.0,91.69,500
24-Oct-2014,96.0,88.27,500
27-Oct-2014,96.0,86.6,500
28-Oct-2014,96.0,89.73,500
29-Oct-2014,96.0,83.03,500
30-Oct-2014,96.0,87.83,500
31-Oct-2014,96.0,82.02,500
03-Nov-2014,96.0,87.42,500
04-Nov-2014,96.0,87.5,500
05-Nov-2014,96.0,91.64,500
06-Nov-2014,96.0,91.09,500
07-Nov-2014,96.0,93.71,500
10-Nov-2014,96.0,92.03,500
11-Nov-2014,96.0,92.85,500
12-Nov-2014,96.0,88.12,500
13-Nov-2014,96.0,86.0,500
14-Nov-2014,96.0,95.04,500
17-Nov-2014,96.0,93.43,500
18-Nov-2014,96.0,86.65,500
19-Nov-2014,96.0,95.34,500
20-Nov-2014,96.0,86.69,500
21-Nov-2014,96.0,87.89,500
24-Nov-2014,96.0,86.8,500
25-Nov-2014,96.0,88.43,500
26-Nov-2014,96.0,98.0,500
27-Nov-2014,96.0,84.6,500
28-Nov-2014,96.0,88.1,500
01-Dec-2014,96.0,85.43,500
02-Dec-2014,96.0,88.72,500
03-Dec-2014,96.0,93.89,500
04-Dec-2014,96.0,90.35,500
05-Dec-2014,96.0,88.52,500
08-Dec-2014,96.0,88.03,500
09-Dec-2014,96.0,89.2,500
10-Dec-2014,96.0,89.07,500
11-Dec-2014,96.0,93.33,500
12-Dec-2014,96.0,90.91,500
15-Dec-2014,96.0,90.12,500
16-Dec-2014,96.0,87.09,500
17-Dec-2014,96.0,98.0,500
18-Dec-2014,96.0,82.75,500
19-Dec-2014,96.0,94.08,500
22-Dec-2014,96.0,93.97,500
23-Dec-2014,96.0,88.15,500
24-Dec-2014,96.0,88.55,500
25-Dec-2014,96.0,86.32,500
26-Dec-2014,96.0,88.93,500
29-Dec-2014,96.0,95.68,500
30-Dec-2014,96.0,89.02,500
31-Dec-2014,96.0,87.39,500
01-Jan-2015,96.0,89.61,500
02-Jan-2015,96.0,90.11,500
05-Jan-2015,96.0,89.52,500
06-Jan-2015,96.0,89.52,500
07-Jan-2015,96.0,89.84,500
08-Jan-2015,96.0,90.62,500
09-Jan-2015,96.0,83.11,500
12-Jan-2015,96.0,90.29,500
13-Jan-2015,96.0,83.45,500
14-Jan-2015,96.0,93.89,500
15-Jan-2015,96.0,94.22,500
16-Jan-2015,96.0,84.59,500
19-Jan-2015,96.0,92.88,500
20-Jan-2015,96.0,87.91,500
21-Jan-2015,96.0,91.62,500
22-Jan-2015,96.0,89.13,500
23-Jan-2015,96.0,91.07,500
26-Jan-2015,96.0,86.74,500
27-Jan-2015,96.0,88.97,500
28-Jan-2015,96.0,86.05,500
29-Jan-2015,96.0,89.45,500
30-Jan-2015,96.0,82.81,500
02-Feb-2015,96.0,94.83,500
03-Feb-2015,96.0,91.34,500
04-Feb-2015,96.0,85.67,500
05-Feb-2015,96.0,80.38,500
06-Feb-2015,96.0,98.0,500
09-Feb-2015,96.0,94.16,500
10-Feb-2015,96.0,95.74,500
11-Feb-2015,96.0,87.82,500
12-Feb-2015,96.0,93.67,500
13-Feb-2015,96.0,89.57,500
16-Feb-2015,96.0,85.07,500
17-Feb-2015,96.0,90.6,500
18-Feb-2015,96.0,92.37,500
19-Feb-2015,96.0,89.31,500
20-Feb-2015,96.0,88.38,500
23-Feb-2015,96.0,84.65,500
24-Feb-2015,96.0,89.47,500
25-Feb-2015,96.0,94.25,500
26-Feb-2015,96.0,90.4,500
27-Feb-2015,96.0,92.99,500
02-Mar-2015,96.0,90.29,500
03-Mar-2015,96.0,95.17,500
04-Mar-2015,96.0,81.07,500
05-Mar-2015,96.0,89.76,500
06-Mar-2015,96.0,92.4,500
09-Mar-2015,96.0,84.19,500
10-Mar-2015,96.0,91.94,500
11-Mar-2015,96.0,86.17,500
12-Mar-2015,96.0,90.5,500
13-Mar-2015,96.0,92.76,500
16-Mar-2015,96.0,84.93,500
17-Mar-2015,96.0,94.92,500
18-Mar-2015,96.0,80.58,500
19-Mar-2015,96.0,88.45,500
20-Mar-2015,96.0,86.29,500
23-Mar-2015,96.0,85.33,500
24-Mar-2015,96.0,95.8,500
25-Mar-2015,96.0,88.07,500
26-Mar-2015,96.0,88.66,500
27-Mar-2015,96.0,88.36,500
30-Mar-2015,96.0,88.83,500
31-Mar-2015,96.0,92.13,500
01-Apr-2015,96.0,87.38,500
02-Apr-2015,96.0,94.02,500
03-Apr-2015,96.0,89.51,500
06-Apr-2015,96.0,86.65,500
07-Apr-2015,96.0,96.47,500
08-Apr-2015,96.0,94.72,500
09-Apr-2015,96.0,87.25,500
10-Apr-2015,96.0,82.94,500
13-Apr-2015,96.0,85.32,500
14-Apr-2015,96.0,92.27,500
15-Apr-2015,96.0,86.33,500
16-Apr-2015,96.0,93.36,500
17-Apr-2015,96.0,92.13,500
20-Apr-2015,96.0,97.36,500
21-Apr-2015,96.0,83.76,500
22-Apr-2015,96.0,90.09,500
23-Apr-2015,96.0,89.94,500
24-Apr-2015,96.0,81.56,500
27-Apr-2015,96.0,94.57,500
28-Apr-2015,96.0,85.44,500
29-Apr-2015,96.0,90.42,500
30-Apr-2015,96.0,82.54,500
01-May-2015,96.0,88.16,500
04-May-2015,96.0,92.38,500
05-May-2015,96.0,88.39,500
06-May-2015,96.0,86.35,500
07-May-2015,96.0,88.97,500
08-May-2015,96.0,89.69,500
11-May-2015,96.0,81.46,500
12-May-2015,96.0,83.19,500
13-May-2015,96.0,88.29,500
14-May-2015,96.0,91.16,500
15-May-2015,96.0,84.26,500
18-May-2015,96.0,86.33,500
19-May-2015,96.0,90.99,500
20-May-2015,96.0,85.93,500
21-May-2015,96.0,85.47,500
22-May-2015,96.0,88.32,500
25-May-2015,96.0,91.89,500
26-May-2015,96.0,93.61,500
27-May-2015,96.0,91.43,500
28-May-2015,96.0,88.55,500
29-May-2015,96.0,89.98,500
01-Jun-2015,96.0,88.99,500
02-Jun-2015,96.0,88.48,500
03-Jun-2015,96.0,88.62,500
04-Jun-2015,96.0,87.14,500
05-Jun-2015,96.0,89.14,500
08-Jun-2015,96.0,92.31,500
09-Jun-2015,96.0,84.58,500
10-Jun-2015,96.0,87.93,500
11-Jun-2015,96.0,91.88,500
12-Jun-2015,96.0,88.59,500
15-Jun-2015,96.0,90.19,500
16-Jun-2015,96.0,86.8,500
17-Jun-2015,96.0,88.46,500
18-Jun-2015,96.0,86.49,500
19-Jun-2015,96.0,87.77,500
22-Jun-2015,96.0,91.82,500
23-Jun-2015,96.0,85.88,500
24-Jun-2015,96.0,90.07,500
25-Jun-2015,96.0,86.35,500
26-Jun-2015,96.0,88.64,500
29-Jun-2015,96.0,87.61,500
30-Jun-2015,96.0,84.64,500
01-Jul-2015,96.0,82.06,500
02-Jul-2015,96.0,83.81,500
03-Jul-2015,96.0,90.86,500
06-Jul-2015,96.0,91.96,500
07-Jul-2015,96.0,82.78,500
08-Jul-2015,96.0,92.49,500
09-Jul-2015,96.0,90.84,500
10-Jul-2015,96.0,88.93,500
13-Jul-2015,96.0,89.46,500
14-Jul-2015,96.0,85.21,500
15-Jul-2015,96.0,89.96,500
16-Jul-2015,96.0,91.1,500
17-Jul-2015,96.0,78.35,500
20-Jul-2015,96.0,89.74,500
21-Jul-2015,96.0,86.14,500
22-Jul-2015,96.0,89.59,500
23-Jul-2015,96.0,87.5,500
24-Jul-2015,96.0,93.76,500
27-Jul-2015,96.0,93.9,500
28-Jul-2015,96.0,87.03,500
29-Jul-2015,96.0,90.06,500
30-Jul-2015,96.0,97.84,500
31-Jul-2015,96.0,91.6,500
03-Aug-2015,96.0,96.22,500
04-Aug-2015,96.0,90.74,500
05-Aug-2015,96.0,89.69,500
06-Aug-2015,96.0,86.93,500
07-Aug-2015,96.0,86.05,500
10-Aug-2015,96.0,90.71,500
11-Aug-2015,96.0,94.75,500
12-Aug-2015,96.0,88.32,500
13-Aug-2015,96.0,87.86,500
14-Aug-2015,96.0,92.05,500
17-Aug-2015,96.0,86.25,500
18-Aug-2015,96.0,76.55,500
19-Aug-2015,96.0,85.39,500
20-Aug-2015,96.0,89.87,500
21-Aug-2015,96.0,86.7,500
24-Aug-2015,96.0,93.62,500
25-Aug-2015,96.0,87.06,500
26-Aug-2015,96.0,93.38,500
27-Aug-2015,96.0,86.01,500
28-Aug-2015,96.0,91.97,500
31-Aug-2015,96.0,85.36,500
01-Sep-2015,96.0,89.15,500
02-Sep-2015,96.0,89.19,500
03-Sep-2015,96.0,86.33,500
04-Sep-2015,96.0,88.36,500
07-Sep-2015,96.0,84.41,500
08-Sep-2015,96.0,87.91,500
09-Sep-2015,96.0,87.65,500
10-Sep-2015,96.0,90.0,500
11-Sep-2015,96.0,89.62,500
14-Sep-2015,96.0,81.84,500
15-Sep-2015,96.0,90.0,500
16-Sep-2015,96.0,89.12,500
17-Sep-2015,96.0,93.18,500
18-Sep-2015,96.0,88.44,500
21-Sep-2015,96.0,88.86,500
22-Sep-2015,96.0,89.99,500
23-Sep-2015,96.0,90.53,500
24-Sep-2015,96.0,86.07,500
25-Sep-2015,96.0,79.46,500
28-Sep-2015,96.0,94.69,500
29-Sep-2015,96.0,86.33,500
30-Sep-2015,96.0,84.96,500
01-Oct-2015,96.0,85.19,500
02-Oct-2015,96.0,91.93,500
05-Oct-2015,96.0,93.1,500
06-Oct-2015,96.0,92.57,500
07-Oct-2015,96.0,93.47,500
08-Oct-2015,96.0,90.6,500
09-Oct-2015,96.0,94.52,500
12-Oct-2015,96.0,84.62,500
13-Oct-2015,96.0,90.39,500
14-Oct-2015,96.0,86.59,500
15-Oct-2015,96.0,91.53,500
16-Oct-2015,96.0,86.38,500
19-Oct-2015,96.0,94.98,500
20-Oct-2015,96.0,91.64,500
21-Oct-2015,96.0,83.02,500
22-Oct-2015,96.0,90.58,500
23-Oct-2015,96.0,87.88,500
26-Oct-2015,96.0,86.67,500
27-Oct-2015,96.0,88.93,500
28-Oct-2015,96.0,83.69,500
29-Oct-2015,96.0,80.94,500
30-Oct-2015,96.0,89.75,500
02-Nov-2015,96.0,88.37,500
03-Nov-2015,96.0,93.53,500
04-Nov-2015,96.0,89.63,500
05-Nov-2015,96.0,87.42,500
06-Nov-2015,96.0,81.77,500
09-Nov-2015,96.0,95.84,500
10-Nov-2015,96.0,89.33,500
11-Nov-2015,96.0,88.48,500
12-Nov-2015,96.0,90.8,500
13-Nov-2015,96.0,91.44,500
16-Nov-2015,96.0,90.96,500
17-Nov-2015,96.0,87.53,500
18-Nov-2015,96.0,93.11,500
19-Nov-2015,96.0,93.26,500
20-Nov-2015,96.0,88.62,500
23-Nov-2015,96.0,93.3,500
24-Nov-2015,96.0,91.57,500
25-Nov-2015,96.0,87.26,500
26-Nov-2015,96.0,88.74,500
27-Nov-2015,96.0,98.0,500
30-Nov-2015,96.0,86.41,500
01-Dec-2015,96.0,87.31,500
02-Dec-2015,96.0,92.82,500
03-Dec-2015,96.0,92.78,500
04-Dec-2015,96.0,87.67,500
07-Dec-2015,96.0,95.62,500
08-Dec-2015,96.0,89.15,500
09-Dec-2015,96.0,92.51,500
10-Dec-2015,96.0,86.45,500
11-Dec-2015,96.0,83.97,500
14-Dec-2015,96.0,97.73,500
15-Dec-2015,96.0,91.49,500
16-Dec-2015,96.0,85.9,500
17-Dec-2015,96.0,96.45,500
18-Dec-2015,96.0,93.33,500
21-Dec-2015,96.0,94.85,500
22-Dec-2015,96.0,93.16,500
23-Dec-2015,96.0,84.74,500
24-Dec-2015,96.0,96.65,500
25-Dec-2015,96.0,87.23,500
28-Dec-2015,96.0,91.12,500
29-Dec-2015,96.0,91.06,500
30-Dec-2015,96.0,90.79,500
31-Dec-2015,96.0,93.43,500
01-Jan-2016,96.0,85.8,500
04-Jan-2016,96.0,88.25,500
05-Jan-2016,96.0,81.81,500
06-Jan-2016,96.0,88.03,500
07-Jan-2016,96.0,91.83,500
08-Jan-2016,96.0,84.12,500
11-Jan-2016,96.0,91.4,500
12-Jan-2016,96.0,92.85,500
13-Jan-2016,96.0,93.89,500
14-Jan-2016,96.0,91.56,500
15-Jan-2016,96.0,87.68,500
18-Jan-2016,96.0,87.38,500
19-Jan-2016,96.0,94.42,500
20-Jan-2016,96.0,92.45,500
21-Jan-2016,96.0,86.71,500
22-Jan-2016,96.0,82.92,500
25-Jan-2016,96.0,85.52,500
26-Jan-2016,96.0,88.38,500
27-Jan-2016,96.0,86.99,500
28-Jan-2016,96.0,83.36,500
29-Jan-2016,96.0,89.24,500
01-Feb-2016,96.0,88.94,500
02-Feb-2016,96.0,88.38,500
03-Feb-2016,96.0,92.59,500
04-Feb-2016,96.0,83.32,500
05-Feb-2016,96.0,98.0,500
08-Feb-2016,96.0,84.18,500
09-Feb-2016,96.0,85.24,500
10-Feb-2016,96.0,79.2,500
11-Feb-2016,96.0,84.56,500
12-Feb-2016,96.0,98.0,500
15-Feb-2016,96.0,88.53,500
16-Feb-2016,96.0,87.61,500
17-Feb-2016,96.0,93.02,500
18-Feb-2016,96.0,96.63,500
19-Feb-2016,96.0,81.14,500
22-Feb-2016,96.0,87.91,500
23-Feb-2016,96.0,88.41,500
24-Feb-2016,96.0,89.73,500
25-Feb-2016,96.0,89.83,500
26-Feb-2016,96.0,92.28,500
29-Feb-2016,96.0,84.67,500
01-Mar-2016,96.0,97.03,500
02-Mar-2016,96.0,91.6,500
03-Mar-2016,96.0,95.18,500
04-Mar-2016,96.0,78.38,500
07-Mar-2016,96.0,88.76,500
08-Mar-2016,96.0,93.3,500
09-Mar-2016,96.0,91.77,500
10-Mar-2016,96.0,83.33,500
11-Mar-2016,96.0,93.76,500
14-Mar-2016,96.0,93.11,500
15-Mar-2016,96.0,96.25,500
16-Mar-2016,96.0,89.1,500
17-Mar-2016,96.0,89.17,500
18-Mar-2016,96.0,91.47,500
21-Mar-2016,96.0,89.53,500
22-Mar-2016,96.0,89.51,500
23-Mar-2016,96.0,98.0,500
24-Mar-2016,96.0,87.98,500
25-Mar-2016,96.0,91.48,500
28-Mar-2016,96.0,85.65,500
29-Mar-2016,96.0,86.52,500
30-Mar-2016,96.0,82.57,500
31-Mar-2016,96.0,92.55,500
01-Apr-2016,96.0,98.0,500
04-Apr-2016,96.0,92.57,500
05-Apr-2016,96.0,86.48,500
06-Apr-2016,96.0,90.14,500
07-Apr-2016,96.0,91.05,500
08-Apr-2016,96.0,95.82,500
11-Apr-2016,96.0,83.43,500
12-Apr-2016,96.0,87.44,500
13-Apr-2016,96.0,97.07,500
14-Apr-2016,96.0,88.2,500
15-Apr-2016,96.0,90.74,500
18-Apr-2016,96.0,86.35,500
19-Apr-2016,96.0,86.48,500
20-Apr-2016,96.0,86.67,500
21-Apr-2016,96.0,87.57,500
22-Apr-2016,96.0,93.57,500
25-Apr-2016,96.0,80.66,500
26-Apr-2016,96.0,93.46,500
27-Apr-2016,96.0,90.89,500
28-Apr-2016,96.0,88.91,500
29-Apr-2016,96.0,90.76,500
02-May-2016,96.0,86.59,500
03-May-2016,96.0,96.4,500
04-May-2016,96.0,92.06,500
05-May-2016,96.0,88.24,500
06-May-2016,96.0,88.59,500
09-May-2016,96.0,83.95,500
10-May-2016,96.0,89.8,500
11-May-2016,96.0,95.16,500
12-May-2016,96.0,87.39,500
13-May-2016,96.0,89.7,500
16-May-2016,96.0,88.58,500
17-May-2016,96.0,85.43,500
18-May-2016,96.0,88.37,500
19-May-2016,96.0,90.64,500
20-May-2016,96.0,88.55,500
23-May-2016,96.0,89.43,500
24-May-2016,96.0,88.07,500
25-May-2016,96.0,86.28,500
26-May-2016,96.0,87.87,500
27-May-2016,96.0,88.4,500
30-May-2016,96.0,93.64,500
31-May-2016,96.0,92.32,500
01-Jun-2016,96.0,86.98,500
02-Jun-2016,96.0,92.49,500
03-Jun-2016,96.0,93.09,500
06-Jun-2016,96.0,92.58,500
07-Jun-2016,96.0,90.24,500
08-Jun-2016,96.0,85.22,500
09-Jun-2016,96.0,96.21,500
10-Jun-2016,96.0,89.99,500
13-Jun-2016,96.0,95.47,500
14-Jun-2016,96.0,89.28,500
15-Jun-2016,96.0,95.37,500
16-Jun-2016,96.0,90.27,500
17-Jun-2016,96.0,91.3,500
20-Jun-2016,96.0,92.17,500
21-Jun-2016,96.0,82.62,500
22-Jun-2016,96.0,95.54,500
23-Jun-2016,96.0,86.91,500
24-Jun-2016,96.0,87.95,500
27-Jun-2016,96.0,94.07,500
28-Jun-2016,96.0,81.83,500
29-Jun-2016,96.0,89.87,500
30-Jun-2016,96.0,91.43,500
01-Jul-2016,96.0,93.04,500
04-Jul-2016,96.0,94.31,500
05-Jul-2016,96.0,84.93,500
06-Jul-2016,96.0,81.16,500
07-Jul-2016,96.0,88.36,500
08-Jul-2016,96.0,79.82,500
11-Jul-2016,96.0,92.38,500
12-Jul-2016,96.0,84.4,500
13-Jul-2016,96.0,88.28,500
14-Jul-2016,96.0,90.42,500
15-Jul-2016,96.0,88.65,500
18-Jul-2016,96.0,87.25,500
19-Jul-2016,96.0,89.7,500
20-Jul-2016,96.0,87.39,500
21-Jul-2016,96.0,88.33,500
22-Jul-2016,96.0,94.06,500
25-Jul-2016,96.0,79.06,500
26-Jul-2016,96.0,91.36,500
27-Jul-2016,96.0,84.43,500
28-Jul-2016,96.0,83.48,500
29-Jul-2016,96.0,85.05,500
01-Aug-2016,96.0,86.55,500
02-Aug-2016,96.0,90.72,500
03-Aug-2016,96.0,91.09,500
04-Aug-2016,96.0,94.75,500
05-Aug-2016,96.0,88.82,500
08-Aug-2016,96.0,94.42,500
09-Aug-2016,96.0,94.14,500
10-Aug-2016,96.0,90.82,500
11-Aug-2016,96.0,84.86,500
12-Aug-2016,96.0,88.91,500
15-Aug-2016,96.0,78.89,500
16-Aug-2016,96.0,88.44,500
17-Aug-2016,96.0,88.11,500
18-Aug-2016,96.0,90.75,500
19-Aug-2016,96.0,88.02,500
22-Aug-2016,96.0,84.24,500
23-Aug-2016,96.0,87.87,500
24-Aug-2016,96.0,91.14,500
25-Aug-2016,96.0,84.94,500
26-Aug-2016,96.0,87.15,500
29-Aug-2016,96.0,89.36,500
30-Aug-2016,96.0,82.96,500
31-Aug-2016,96.0,87.09,500
01-Sep-2016,96.0,89.94,500
02-Sep-2016,96.0,87.45,500
05-Sep-2016,96.0,92.28,500
06-Sep-2016,96.0,91.96,500
07-Sep-2016,96.0,91.35,500
08-Sep-2016,96.0,91.54,500
09-Sep-2016,96.0,90.29,500
12-Sep-2016,96.0,91.84,500
13-Sep-2016,96.0,83.83,500
14-Sep-2016,96.0,84.47,500
15-Sep-2016,96.0,85.07,500
16-Sep-2016,96.0,97.12,500
19-Sep-2016,96.0,82.5,500
20-Sep-2016,96.0,93.76,500
21-Sep-2016,96.0,88.96,500
22-Sep-2016,96.0,92.56,500
23-Sep-2016,96.0,85.49,500
26-Sep-2016,96.0,85.53,500
27-Sep-2016,96.0,88.06,500
28-Sep-2016,96.0,88.57,500
29-Sep-2016,96.0,87.77,500
30-Sep-2016,96.0,86.11,500
03-Oct-2016,96.0,87.2,500
04-Oct-2016,96.0,83.28,500
05-Oct-2016,96.0,85.73,500
06-Oct-2016,96.0,92.25,500
07-Oct-2016,96.0,86.85,500
10-Oct-2016,96.0,92.98,500
11-Oct-2016,96.0,94.73,500
12-Oct-2016,96.0,91.0,500
13-Oct-2016,96.0,87.64,500
14-Oct-2016,96.0,86.57,500
17-Oct-2016,96.0,90.9,500
18-Oct-2016,96.0,85.72,500
19-Oct-2016,96.0,84.25,500
20-Oct-2016,96.0,88.03,500
21-Oct-2016,96.0,87.3,500
24-Oct-2016,96.0,93.7,500
25-Oct-2016,96.0,84.02,500
26-Oct-2016,96.0,88.59,500
27-Oct-2016,96.0,78.46,500
28-Oct-2016,96.0,85.5,500
31-Oct-2016,96.0,88.45,500
01-Nov-2016,96.0,89.21,500
02-Nov-2016,96.0,92.09,500
03-Nov-2016,96.0,85.54,500
04-Nov-2016,96.0,89.67,500
07-Nov-2016,96.0,90.24,500
08-Nov-2016,96.0,93.68,500
09-Nov-2016,96.0,88.98,500
10-Nov-2016,96.0,85.27,500
11-Nov-2016,96.0,90.97,500
14-Nov-2016,96.0,89.77,500
15-Nov-2016,96.0,96.69,500
16-Nov-2016,96.0,87.35,500
17-Nov-2016,96.0,90.89,500
18-Nov-2016,96.0,94.29,500
21-Nov-2016,96.0,97.23,500
22-Nov-2016,96.0,87.61,500
23-Nov-2016,96.0,90.63,500
24-Nov-2016,96.0,89.25,500
25-Nov-2016,96.0,87.24,500
28-Nov-2016,96.0,83.87,500
29-Nov-2016,96.0,87.82,500
30-Nov-2016,96.0,89.79,500
01-Dec-2016,96.0,90.54,500
02-Dec-2016,96.0,74.78,500
05-Dec-2016,96.0,91.92,500
06-Dec-2016,96.0,92.46,500
07-Dec-2016,96.0,88.75,500
08-Dec-2016,96.0,86.06,500
09-Dec-2016,96.0,95.36,500
12-Dec-2016,96.0,90.17,500
13-Dec-2016,96.0,89.57,500
14-Dec-2016,96.0,89.49,500
15-Dec-2016,96.0,85.47,500
16-Dec-2016,96.0,88.86,500
19-Dec-2016,96.0,88.84,500
20-Dec-2016,96.0,84.12,500
21-Dec-2016,96.0,94.01,500
22-Dec-2016,96.0,90.53,500
23-Dec-2016,96.0,82.03,500
26-Dec-2016,96.0,84.77,500
27-Dec-2016,96.0,86.74,500
28-Dec-2016,96.0,94.87,500
29-Dec-2016,96.0,89.09,500
30-Dec-2016,96.0,89.36,500
02-Jan-2017,96.0,93.12,500
03-Jan-2017,96.0,98.0,500
04-Jan-2017,96.0,88.3,500
05-Jan-2017,96.0,89.88,500
06-Jan-2017,96.0,85.01,500
09-Jan-2017,96.0,91.09,500
10-Jan-2017,96.0,86.32,500
11-Jan-2017,96.0,87.03,500
12-Jan-2017,96.0,83.51,500
13-Jan-2017,96.0,86.31,500
16-Jan-2017,96.0,94.04,500
17-Jan-2017,96.0,87.53,500
18-Jan-2017,96.0,93.99,500
19-Jan-2017,96.0,89.37,500
20-Jan-2017,96.0,90.48,500
23-Jan-2017,96.0,87.81,500
24-Jan-2017,96.0,92.4,500
25-Jan-2017,96.0,92.43,500
26-Jan-2017,96.0,88.66,500
27-Jan-2017,96.0,93.21,500
30-Jan-2017,96.0,87.07,500
31-Jan-2017,96.0,86.47,500
01-Feb-2017,96.0,89.88,500
02-Feb-2017,96.0,94.52,500
03-Feb-2017,96.0,92.0,500
06-Feb-2017,96.0,88.85,500
07-Feb-2017,96.0,88.45,500
08-Feb-2017,96.0,87.54,500
09-Feb-2017,96.0,90.89,500
10-Feb-2017,96.0,90.16,500
13-Feb-2017,96.0,93.71,500
14-Feb-2017,96.0,89.42,500
15-Feb-2017,96.0,92.34,500
16-Feb-2017,96.0,92.25,500
17-Feb-2017,96.0,87.01,500
20-Feb-2017,96.0,86.93,500
21-Feb-2017,96.0,87.76,500
22-Feb-2017,96.0,94.02,500
23-Feb-2017,96.0,89.5,500
24-Feb-2017,96.0,95.36,500
27-Feb-2017,96.0,95.45,500
28-Feb-2017,96.0,90.19,500
01-Mar-2017,96.0,92.21,500
02-Mar-2017,96.0,89.32,500
03-Mar-2017,96.0,94.06,500
06-Mar-2017,96.0,81.16,500
07-Mar-2017,96.0,90.08,500
08-Mar-2017,96.0,87.97,500
09-Mar-2017,96.0,88.98,500
10-Mar-2017,96.0,94.77,500
13-Mar-2017,96.0,87.79,500
14-Mar-2017,96.0,79.56,500
15-Mar-2017,96.0,86.48,500
16-Mar-2017,96.0,93.2,500
17-Mar-2017,96.0,88.69,500
20-Mar-2017,96.0,79.09,500
21-Mar-2017,96.0,95.14,500
22-Mar-2017,96.0,89.94,500
23-Mar-2017,96.0,89.44,500
24-Mar-2017,96.0,90.12,500
27-Mar-2017,96.0,80.46,500
28-Mar-2017,96.0,90.8,500
29-Mar-2017,96.0,83.66,500
30-Mar-2017,96.0,82.34,500
31-Mar-2017,96.0,88.63,500
03-Apr-2017,96.0,93.87,500
04-Apr-2017,96.0,89.2,500
05-Apr-2017,96.0,92.94,500
06-Apr-2017,96.0,88.12,500
07-Apr-2017,96.0,82.74,500
10-Apr-2017,96.0,90.59,500
11-Apr-2017,96.0,90.75,500
12-Apr-2017,96.0,82.44,500
13-Apr-2017,96.0,79.94,500
14-Apr-2017,96.0,87.48,500
17-Apr-2017,96.0,89.55,500
18-Apr-2017,96.0,89.38,500
19-Apr-2017,96.0,83.24,500
20-Apr-2017,96.0,84.35,500
21-Apr-2017,96.0,89.25,500
24-Apr-2017,96.0,81.2,500
25-Apr-2017,96.0,85.85,500
26-Apr-2017,96.0,90.2,500
27-Apr-2017,96.0,84.61,500
28-Apr-2017,96.0,85.46,500
01-May-2017,96.0,84.24,500
02-May-2017,96.0,91.0,500
03-May-2017,96.0,86.67,500
04-May-2017,96.0,97.17,500
05-May-2017,96.0,90.76,500
08-May-2017,96.0,84.95,500
09-May-2017,96.0,86.38,500
10-May-2017,96.0,88.65,500
11-May-2017,96.0,90.32,500
12-May-2017,96.0,91.35,500
15-May-2017,96.0,87.3,500
16-May-2017,96.0,91.74,500
17-May-2017,96.0,89.03,500
18-May-2017,96.0,89.52,500
19-May-2017,96.0,88.84,500
22-May-2017,96.0,86.56,500
23-May-2017,96.0,89.17,500
24-May-2017,96.0,89.91,500
25-May-2017,96.0,92.3,500
26-May-2017,96.0,94.98,500
29-May-2017,96.0,81.76,500
30-May-2017,96.0,82.71,500
31-May-2017,96.0,89.0,500
01-Jun-2017,96.0,85.88,500
02-Jun-2017,96.0,91.19,500
05-Jun-2017,96.0,81.25,500
06-Jun-2017,96.0,90.8,500
07-Jun-2017,96.0,93.57,500
08-Jun-2017,96.0,87.41,500
09-Jun-2017,96.0,87.37,500
12-Jun-2017,96.0,89.4,500
13-Jun-2017,96.0,85.25,500
14-Jun-2017,96.0,90.91,500
15-Jun-2017,96.0,87.56,500
16-Jun-2017,96.0,98.0,500
19-Jun-2017,96.0,79.8,500
20-Jun-2017,96.0,88.19,500
21-Jun-2017,96.0,91.15,500
22-Jun-2017,96.0,87.6,500
23-Jun-2017,96.0,85.61,500
26-Jun-2017,96.0,82.1,500
27-Jun-2017,96.0,92.55,500
28-Jun-2017,96.0,87.39,500
29-Jun-2017,96.0,88.75,500
30-Jun-2017,96.0,84.89,500
03-Jul-2017,96.0,86.23,500
04-Jul-2017,96.0,90.48,500
05-Jul-2017,96.0,93.37,500
06-Jul-2017,96.0,86.82,500
07-Jul-2017,96.0,85.74,500
10-Jul-2017,96.0,90.03,500
11-Jul-2017,96.0,84.53,500
12-Jul-2017,96.0,84.56,500
13-Jul-2017,96.0,85.92,500
14-Jul-2017,96.0,86.78,500
17-Jul-2017,96.0,87.82,500
18-Jul-2017,96.0,92.77,500
19-Jul-2017,96.0,91.18,500
20-Jul-2017,96.0,93.0,500
21-Jul-2017,96.0,82.69,500
24-Jul-2017,96.0,91.08,500
25-Jul-2017,96.0,81.67,500
26-Jul-2017,96.0,89.91,500
27-Jul-2017,96.0,83.47,500
28-Jul-2017,96.0,84.24,500
31-Jul-2017,96.0,89.27,500
01-Aug-2017,96.0,86.97,500
02-Aug-2017,96.0,89.9,500
03-Aug-2017,96.0,92.99,500
04-Aug-2017,96.0,98.0,500
07-Aug-2017,96.0,91.67,500
08-Aug-2017,96.0,86.53,500
09-Aug-2017,96.0,92.36,500
10-Aug-2017,96.0,86.71,500
11-Aug-2017,96.0,85.23,500
14-Aug-2017,96.0,93.06,500
15-Aug-2017,96.0,83.37,500
16-Aug-2017,96.0,86.64,500
17-Aug-2017,96.0,87.1,500
18-Aug-2017,95.35,88.92,500
21-Aug-2017,95.23,85.45,500
22-Aug-2017,95.01,88.06,500
23-Aug-2017,95.24,87.46,500
24-Aug-2017,96.0,82.75,500
25-Aug-2017,95.65,92.25,500
28-Aug-2017,95.34,88.49,500
29-Aug-2017,96.0,89.66,500
30-Aug-2017,96.0,88.06,500
31-Aug-2017,96.0,86.35,500
01-Sep-2017,96.0,85.67,500
04-Sep-2017,96.0,92.15,500
05-Sep-2017,95.61,98.0,500
06-Sep-2017,96.0,84.71,500
07-Sep-2017,96.0,90.42,500
08-Sep-2017,96.0,98.0,500
11-Sep-2017,96.0,90.97,500
12-Sep-2017,95.35,88.03,500
13-Sep-2017,95.37,88.26,500
14-Sep-2017,95.15,94.06,500
15-Sep-2017,95.88,79.67,500
18-Sep-2017,95.97,88.26,500
19-Sep-2017,95.32,89.65,500
20-Sep-2017,96.0,89.89,500
21-Sep-2017,96.0,84.93,500
22-Sep-2017,96.0,83.33,500
25-Sep-2017,96.0,84.45,500
26-Sep-2017,96.0,88.97,500
27-Sep-2017,96.0,88.92,500
28-Sep-2017,96.0,96.65,500
29-Sep-2017,96.0,85.29,500
02-Oct-2017,96.0,87.37,500
03-Oct-2017,96.0,89.58,500
04-Oct-2017,96.0,93.29,500
05-Oct-2017,96.0,89.14,500
06-Oct-2017,96.0,89.89,500
09-Oct-2017,96.0,87.63,500
10-Oct-2017,96.0,87.42,500
11-Oct-2017,96.0,89.82,500
12-Oct-2017,96.0,95.46,500
13-Oct-2017,96.0,94.23,500
16-Oct-2017,96.0,89.21,500
17-Oct-2017,96.0,87.18,500
18-Oct-2017,96.0,90.87,500
19-Oct-2017,96.0,85.43,500
20-Oct-2017,96.0,92.45,500
23-Oct-2017,96.0,90.01,500
24-Oct-2017,96.0,82.57,500
25-Oct-2017,96.0,87.76,500
26-Oct-2017,96.0,87.08,500
27-Oct-2017,96.0,86.57,500
30-Oct-2017,96.0,91.74,500
31-Oct-2017,96.0,94.79,500
01-Nov-2017,96.0,87.56,500
02-Nov-2017,96.0,91.1,500
03-Nov-2017,96.0,92.09,500
06-Nov-2017,96.0,84.03,500
07-Nov-2017,96.0,83.24,500
08-Nov-2017,96.0,86.57,500
09-Nov-2017,96.0,85.58,500
10-Nov-2017,96.0,82.96,500
13-Nov-2017,96.0,89.81,500
14-Nov-2017,96.0,86.86,500
15-Nov-2017,96.0,82.95,500
16-Nov-2017,96.0,81.8,500
17-Nov-2017,96.0,95.3,500
20-Nov-2017,96.0,87.31,500
21-Nov-2017,96.0,93.07,500
22-Nov-2017,96.0,89.61,500
23-Nov-2017,96.0,83.08,500
24-Nov-2017,96.0,91.6,500
27-Nov-2017,96.0,87.01,500
28-Nov-2017,96.0,92.7,500
29-Nov-2017,96.0,89.77,500
30-Nov-2017,96.0,88.49,500
01-Dec-2017,96.0,84.02,500
04-Dec-2017,96.0,87.59,500
05-Dec-2017,96.0,83.26,500
06-Dec-2017,96.0,89.08,500
07-Dec-2017,96.0,86.49,500
08-Dec-2017,96.0,85.6,500
11-Dec-2017,96.0,89.55,500
12-Dec-2017,96.0,86.91,500
13-Dec-2017,96.0,89.51,500
14-Dec-2017,96.0,93.3,500
15-Dec-2017,96.0,84.06,500
18-Dec-2017,96.0,92.21,500
19-Dec-2017,96.0,92.18,500
20-Dec-2017,96.0,83.33,500
21-Dec-2017,96.0,91.08,500
22-Dec-2017,96.0,94.1,500
25-Dec-2017,96.0,92.28,500
26-Dec-2017,96.0,89.13,500
27-Dec-2017,96.0,88.81,500
28-Dec-2017,96.0,88.82,500
29-Dec-2017,96.0,84.63,500
01-Jan-2018,96.0,79.04,500
02-Jan-2018,96.0,89.42,500
03-Jan-2018,96.0,92.47,500
04-Jan-2018,96.0,88.76,500
05-Jan-2018,96.0,92.72,500
08-Jan-2018,96.0,95.41,500
09-Jan-2018,96.0,86.5,500
10-Jan-2018,96.0,93.49,500
11-Jan-2018,96.0,87.86,500
12-Jan-2018,96.0,89.54,500
15-Jan-2018,96.0,89.35,500
16-Jan-2018,96.0,86.36,500
17-Jan-2018,96.0,83.94,500
18-Jan-2018,96.0,92.09,500
19-Jan-2018,96.0,87.81,500
22-Jan-2018,96.0,90.47,500
23-Jan-2018,96.0,92.57,500
24-Jan-2018,96.0,88.89,500
25-Jan-2018,96.0,94.78,500
26-Jan-2018,96.0,87.12,500
29-Jan-2018,96.0,86.11,500
30-Jan-2018,96.0,98.0,500
31-Jan-2018,96.0,87.15,500
01-Feb-2018,96.0,95.6,500
02-Feb-2018,96.0,93.83,500
05-Feb-2018,96.0,85.99,500
06-Feb-2018,96.0,85.27,500
07-Feb-2018,96.0,87.43,500
08-Feb-2018,96.0,88.7,500
09-Feb-2018,96.0,86.65,500
12-Feb-2018,96.0,90.28,500
13-Feb-2018,96.0,94.13,500
14-Feb-2018,96.0,92.55,500
15-Feb-2018,96.0,91.04,500
16-Feb-2018,96.0,92.24,500
19-Feb-2018,96.0,90.95,500
20-Feb-2018,96.0,90.0,500
21-Feb-2018,96.0,91.78,500
22-Feb-2018,96.0,88.34,500
23-Feb-2018,96.0,85.37,500
26-Feb-2018,96.0,83.64,500
27-Feb-2018,96.0,96.54,500
28-Feb-2018,96.0,91.55,500
01-Mar-2018,96.0,84.61,500
02-Mar-2018,96.0,89.5,500
05-Mar-2018,96.0,89.57,500
06-Mar-2018,96.0,98.0,500
07-Mar-2018,96.0,90.39,500
08-Mar-2018,96.0,84.27,500
09-Mar-2018,96.0,97.2,500
12-Mar-2018,96.0,86.59,500
13-Mar-2018,96.0,85.58,500
14-Mar-2018,96.0,88.08,500
15-Mar-2018,96.0,90.41,500
16-Mar-2018,96.0,86.14,500
19-Mar-2018,96.0,92.31,500
20-Mar-2018,96.0,85.32,500
21-Mar-2018,96.0,82.11,500
22-Mar-2018,96.0,92.99,500
23-Mar-2018,96.0,95.22,500
26-Mar-2018,96.0,85.58,500
27-Mar-2018,96.0,82.45,500
28-Mar-2018,96.0,86.93,500
29-Mar-2018,96.0,85.74,500
30-Mar-2018,96.0,90.55,500
02-Apr-2018,96.0,94.5,500
03-Apr-2018,96.0,89.32,500
04-Apr-2018,96.0,92.73,500
05-Apr-2018,96.0,92.26,500
06-Apr-2018,96.0,86.56,500
09-Apr-2018,96.0,96.22,500
10-Apr-2018,96.0,85.08,500
11-Apr-2018,96.0,83.3,500
12-Apr-2018,96.0,90.97,500
13-Apr-2018,96.0,94.86,500
16-Apr-2018,96.0,85.69,500
17-Apr-2018,96.0,94.77,500
18-Apr-2018,96.0,88.9,500
19-Apr-2018,96.0,87.36,500
20-Apr-2018,96.0,81.37,500
23-Apr-2018,96.0,84.48,500
24-Apr-2018,96.0,84.92,500
25-Apr-2018,96.0,90.79,500
26-Apr-2018,96.0,86.39,500
27-Apr-2018,96.0,88.74,500
30-Apr-2018,96.0,93.9,500
01-May-2018,96.0,91.67,500
02-May-2018,96.0,97.3,500
03-May-2018,96.0,86.22,500
04-May-2018,96.0,90.32,500
07-May-2018,96.0,91.61,500
08-May-2018,96.0,85.76,500
09-May-2018,96.0,89.68,500
10-May-2018,96.0,91.41,500
11-May-2018,96.0,89.6,500
14-May-2018,96.0,93.7,500
15-May-2018,96.0,92.58,500
16-May-2018,96.0,91.72,500
17-May-2018,96.0,79.66,500
18-May-2018,96.0,90.61,500
21-May-2018,96.0,88.97,500
22-May-2018,96.0,86.98,500
23-May-2018,96.0,81.24,500
24-May-2018,96.0,76.12,500
25-May-2018,96.0,82.26,500
28-May-2018,96.0,83.98,500
29-May-2018,96.0,90.91,500
30-May-2018,96.0,86.96,500
31-May-2018,96.0,87.46,500
01-Jun-2018,96.0,98.0,500
04-Jun-2018,96.0,94.93,500
05-Jun-2018,96.0,90.35,500
06-Jun-2018,96.0,88.67,500
07-Jun-2018,96.0,86.02,500
08-Jun-2018,96.0,83.18,500
11-Jun-2018,96.0,93.85,500
12-Jun-2018,96.0,88.32,500
13-Jun-2018,96.0,85.34,500
14-Jun-2018,96.0,90.2,500
15-Jun-2018,96.0,87.95,500
18-Jun-2018,96.0,93.34,500
19-Jun-2018,96.0,87.68,500
20-Jun-2018,96.0,91.72,500
21-Jun-2018,96.0,90.45,500
22-Jun-2018,96.0,90.3,500
25-Jun-2018,96.0,86.0,500
26-Jun-2018,96.0,89.85,500
27-Jun-2018,96.0,80.91,500
28-Jun-2018,96.0,82.83,500
29-Jun-2018,96.0,88.36,500
02-Jul-2018,96.0,88.81,500
03-Jul-2018,96.0,87.8,500
04-Jul-2018,96.0,85.54,500
05-Jul-2018,96.0,94.25,500
06-Jul-2018,96.0,87.24,500
09-Jul-2018,96.0,87.83,500
10-Jul-2018,96.0,80.3,500
11-Jul-2018,96.0,91.71,500
12-Jul-2018,96.0,84.35,500
13-Jul-2018,96.0,89.24,500
16-Jul-2018,96.0,96.48,500
17-Jul-2018,96.0,85.28,500
18-Jul-2018,96.0,94.8,500
19-Jul-2018,96.0,81.74,500
20-Jul-2018,96.0,98.0,500
23-Jul-2018,96.0,94.21,500
24-Jul-2018,96.0,90.64,500
25-Jul-2018,96.0,90.0,500
26-Jul-2018,96.0,86.08,500
27-Jul-2018,96.0,88.54,500
30-Jul-2018,96.0,87.81,500
31-Jul-2018,96.0,91.45,500
01-Aug-2018,96.0,87.76,500
02-Aug-2018,96.0,78.5,500
03-Aug-2018,96.0,92.38,500
06-Aug-2018,96.0,85.59,500
07-Aug-2018,96.0,91.1,500
08-Aug-2018,96.0,91.02,500
09-Aug-2018,96.0,90.12,500
10-Aug-2018,96.0,88.67,500
13-Aug-2018,96.0,92.18,500
14-Aug-2018,96.0,87.27,500
15-Aug-2018,96.0,82.82,500
16-Aug-2018,96.0,87.37,500
17-Aug-2018,96.0,89.95,500
20-Aug-2018,96.0,86.9,500
21-Aug-2018,96.0,89.17,500
22-Aug-2018,96.0,84.21,500
23-Aug-2018,96.0,87.64,500
24-Aug-2018,96.0,81.23,500
27-Aug-2018,96.0,79.44,500
28-Aug-2018,96.0,92.21,500
29-Aug-2018,96.0,97.75,500
30-Aug-2018,96.0,91.68,500
31-Aug-2018,96.0,88.12,500
03-Sep-2018,96.0,98.0,500
04-Sep-2018,96.0,84.6,500
05-Sep-2018,96.0,89.66,500
06-Sep-2018,96.0,87.48,500
07-Sep-2018,96.0,93.01,500
10-Sep-2018,96.0,90.11,500
11-Sep-2018,96.0,89.51,500
12-Sep-2018,96.0,92.7,500
13-Sep-2018,96.0,84.55,500
14-Sep-2018,96.0,90.7,500
17-Sep-2018,96.0,95.0,500
18-Sep-2018,96.0,93.61,500
19-Sep-2018,96.0,83.34,500
20-Sep-2018,96.0,86.43,500
21-Sep-2018,96.0,93.15,500
24-Sep-2018,96.0,84.92,500
25-Sep-2018,96.0,92.98,500
26-Sep-2018,96.0,87.36,500
27-Sep-2018,96.0,94.47,500
28-Sep-2018,96.0,86.93,500
01-Oct-2018,96.0,89.04,500
02-Oct-2018,96.0,94.69,500
03-Oct-2018,96.0,83.82,500
04-Oct-2018,96.0,87.25,500
05-Oct-2018,96.0,91.42,500
08-Oct-2018,96.0,88.33,500
09-Oct-2018,96.0,85.56,500
10-Oct-2018,96.0,88.16,500
11-Oct-2018,96.0,87.91,500
12-Oct-2018,96.0,89.89,500
15-Oct-2018,96.0,90.76,500
16-Oct-2018,96.0,87.65,500
17-Oct-2018,96.0,87.27,500
18-Oct-2018,96.0,85.5,500
19-Oct-2018,96.0,89.49,500
22-Oct-2018,96.0,87.89,500
23-Oct-2018,96.0,92.14,500
24-Oct-2018,96.0,84.55,500
25-Oct-2018,96.0,92.68,500
26-Oct-2018,96.0,93.86,500
29-Oct-2018,96.0,90.92,500
30-Oct-2018,96.0,85.59,500
31-Oct-2018,96.0,90.46,500
01-Nov-2018,96.0,90.68,500
02-Nov-2018,96.0,90.91,500
05-Nov-2018,96.0,86.69,500
06-Nov-2018,96.0,90.2,500
07-Nov-2018,96.0,86.9,500
08-Nov-2018,96.0,89.22,500
09-Nov-2018,96.0,92.32,500
12-Nov-2018,96.0,86.24,500
13-Nov-2018,96.0,89.85,500
14-Nov-2018,96.0,92.4,500
15-Nov-2018,96.0,88.84,500
16-Nov-2018,96.0,90.33,500
19-Nov-2018,96.0,90.75,500
20-Nov-2018,96.0,89.49,500
21-Nov-2018,96.0,92.93,500
22-Nov-2018,96.0,92.44,500
23-Nov-2018,96.0,98.0,500
26-Nov-2018,96.0,89.55,500
27-Nov-2018,96.0,90.41,500
28-Nov-2018,96.0,91.94,500
29-Nov-2018,96.0,82.65,500
30-Nov-2018,96.0,89.44,500
03-Dec-2018,96.0,90.82,500
04-Dec-2018,96.0,86.92,500
05-Dec-2018,96.0,90.57,500
06-Dec-2018,96.0,85.71,500
07-Dec-2018,96.0,89.18,500
10-Dec-2018,96.0,92.21,500
11-Dec-2018,96.0,79.92,500
12-Dec-2018,96.0,88.11,500
13-Dec-2018,96.0,92.93,500
14-Dec-2018,96.0,94.76,500
17-Dec-2018,96.0,90.36,500
18-Dec-2018,96.0,87.62,500
19-Dec-2018,96.0,83.04,500
20-Dec-2018,96.0,97.38,500
21-Dec-2018,96.0,95.92,500
24-Dec-2018,96.0,92.6,500
25-Dec-2018,96.0,92.53,500
26-Dec-2018,96.0,88.98,500
27-Dec-2018,96.0,83.98,500
28-Dec-2018,96.0,90.54,500
31-Dec-2018,96.0,87.95,500
01-Jan-2019,96.0,85.3,500
02-Jan-2019,96.0,96.57,500
03-Jan-2019,96.0,89.17,500
04-Jan-2019,96.0,87.5,500
07-Jan-2019,96.0,84.39,500
08-Jan-2019,96.0,90.78,500
09-Jan-2019,96.0,84.7,500
10-Jan-2019,96.0,84.41,500
11-Jan-2019,96.0,83.24,500
14-Jan-2019,96.0,92.31,500
15-Jan-2019,96.0,93.53,500
16-Jan-2019,96.0,91.21,500
17-Jan-2019,96.0,90.22,500
18-Jan-2019,96.0,89.77,500
21-Jan-2019,96.0,92.07,500
22-Jan-2019,96.0,91.12,500
23-Jan-2019,96.0,89.42,500
24-Jan-2019,96.0,89.54,500
25-Jan-2019,96.0,84.64,500
28-Jan-2019,96.0,87.34,500
29-Jan-2019,96.0,90.56,500
30-Jan-2019,96.0,86.06,500
31-Jan-2019,96.0,91.81,500
01-Feb-2019,96.0,89.97,500
04-Feb-2019,96.0,88.11,500
05-Feb-2019,96.0,84.05,500
06-Feb-2019,96.0,87.09,500
07-Feb-2019,96.0,84.95,500
08-Feb-2019,96.0,90.14,500
11-Feb-2019,96.0,86.85,500
12-Feb-2019,96.0,86.55,500
13-Feb-2019,96.0,92.31,500
14-Feb-2019,96.0,93.85,500
15-Feb-2019,96.0,90.05,500
18-Feb-2019,96.0,85.66,500
19-Feb-2019,96.0,88.14,500
20-Feb-2019,96.0,87.76,500
21-Feb-2019,96.0,91.23,500
22-Feb-2019,96.0,86.96,500
25-Feb-2019,96.0,92.87,500
26-Feb-2019,96.0,85.9,500
27-Feb-2019,96.0,91.06,500
28-Feb-2019,96.0,90.08,500
01-Mar-2019,96.0,84.36,500
04-Mar-2019,96.0,85.93,500
05-Mar-2019,96.0,89.28,500
06-Mar-2019,96.0,84.35,500
07-Mar-2019,96.0,87.64,500
08-Mar-2019,96.0,95.67,500
11-Mar-2019,96.0,86.72,500
12-Mar-2019,96.0,87.95,500
13-Mar-2019,96.0,89.88,500
14-Mar-2019,96.0,88.48,500
15-Mar-2019,96.0,86.69,500
18-Mar-2019,96.0,91.09,500
19-Mar-2019,96.0,84.0,500
20-Mar-2019,96.0,88.74,500
21-Mar-2019,96.0,85.8,500
22-Mar-2019,96.0,91.09,500
25-Mar-2019,96.0,87.84,500
26-Mar-2019,96.0,93.56,500
27-Mar-2019,96.0,88.47,500
28-Mar-2019,96.0,91.61,500
29-Mar-2019,96.0,86.11,500
01-Apr-2019,96.0,94.23,500
02-Apr-2019,96.0,89.59,500
03-Apr-2019,96.0,93.49,500
04-Apr-2019,96.0,89.6,500
05-Apr-2019,96.0,92.13,500
08-Apr-2019,96.0,89.09,500
09-Apr-2019,96.0,77.45,500
10-Apr-2019,96.0,81.6,500
11-Apr-2019,96.0,86.83,500
12-Apr-2019,96.0,90.26,500
15-Apr-2019,96.0,92.65,500
16-Apr-2019,96.0,92.65,500
17-Apr-2019,96.0,86.82,500
18-Apr-2019,96.0,90.53,500
19-Apr-2019,96.0,92.55,500
22-Apr-2019,96.0,92.38,500
23-Apr-2019,96.0,90.11,500
24-Apr-2019,96.0,94.46,500
25-Apr-2019,96.0,98.0,500
26-Apr-2019,96.0,84.09,500
29-Apr-2019,96.0,86.34,500
30-Apr-2019,96.0,90.45,500
01-May-2019,96.0,84.91,500
02-May-2019,96.0,83.78,500
03-May-2019,96.0,88.03,500
06-May-2019,96.0,88.12,500
07-May-2019,96.0,85.97,500
08-May-2019,96.0,97.31,500
09-May-2019,96.0,88.22,500
10-May-2019,96.0,90.61,500
13-May-2019,96.0,90.94,500
14-May-2019,96.0,86.47,500
15-May-2019,96.0,84.09,500
16-May-2019,96.0,97.29,500
17-May-2019,96.0,89.31,500
20-May-2019,96.0,95.85,500
21-May-2019,96.0,95.1,500
22-May-2019,96.0,91.17,500
23-May-2019,96.0,87.7,500
24-May-2019,96.0,84.01,500
27-May-2019,96.0,86.03,500
28-May-2019,96.0,80.82,500
29-May-2019,96.0,82.12,500
30-May-2019,96.0,95.97,500
31-May-2019,96.0,93.08,500
03-Jun-2019,96.0,90.77,500
04-Jun-2019,96.0,92.93,500
05-Jun-2019,96.0,94.66,500
06-Jun-2019,96.0,81.79,500
07-Jun-2019,96.0,89.15,500
10-Jun-2019,96.0,87.03,500
11-Jun-2019,96.0,86.45,500
12-Jun-2019,96.0,91.89,500
13-Jun-2019,96.0,87.33,500
14-Jun-2019,96.0,89.34,500
17-Jun-2019,96.0,92.9,500
18-Jun-2019,96.0,87.35,500
19-Jun-2019,96.0,83.32,500
20-Jun-2019,96.0,90.64,500
21-Jun-2019,96.0,88.75,500
24-Jun-2019,96.0,93.59,500
25-Jun-2019,96.0,97.91,500
26-Jun-2019,96.0,88.34,500
27-Jun-2019,96.0,88.44,500
28-Jun-2019,96.0,84.38,500
01-Jul-2019,96.0,94.6,500
02-Jul-2019,96.0,88.95,500
03-Jul-2019,96.0,87.75,500
04-Jul-2019,96.0,88.5,500
05-Jul-2019,96.0,86.56,500
08-Jul-2019,96.0,90.24,500
09-Jul-2019,96.0,88.12,500
10-Jul-2019,96.0,87.74,500
11-Jul-2019,96.0,91.17,500
12-Jul-2019,96.0,98.0,500
15-Jul-2019,96.0,91.42,500
16-Jul-2019,96.0,91.82,500
17-Jul-2019,96.0,87.01,500
18-Jul-2019,96.0,85.52,500
19-Jul-2019,96.0,94.36,500
22-Jul-2019,96.0,85.69,500
23-Jul-2019,96.0,78.25,500
24-Jul-2019,96.0,90.15,500
25-Jul-2019,96.0,88.14,500
26-Jul-2019,96.0,87.82,500
29-Jul-2019,96.0,82.39,500
30-Jul-2019,96.0,81.27,500
31-Jul-2019,96.0,89.23,500
01-Aug-2019,96.0,87.73,500
02-Aug-2019,96.0,85.17,500
05-Aug-2019,96.0,83.82,500
06-Aug-2019,96.0,84.44,500
07-Aug-2019,96.0,85.2,500
08-Aug-2019,96.0,95.09,500
09-Aug-2019,96.0,88.77,500
12-Aug-2019,96.0,91.76,500
13-Aug-2019,96.0,98.0,500
14-Aug-2019,96.0,98.0,500
15-Aug-2019,96.0,92.89,500
16-Aug-2019,96.0,87.75,500
19-Aug-2019,96.0,80.64,500
20-Aug-2019,96.0,85.81,500
21-Aug-2019,96.0,91.62,500
22-Aug-2019,96.0,89.14,500
23-Aug-2019,96.0,90.72,500
26-Aug-2019,96.0,88.44,500
27-Aug-2019,96.0,86.27,500
28-Aug-2019,96.0,93.65,500
29-Aug-2019,96.0,96.49,500
30-Aug-2019,96.0,92.0,500
02-Sep-2019,96.0,87.11,500
03-Sep-2019,96.0,85.61,500
04-Sep-2019,96.0,86.53,500
05-Sep-2019,96.0,95.5,500
06-Sep-2019,96.0,88.3,500
09-Sep-2019,96.0,88.61,500
10-Sep-2019,96.0,83.66,500
11-Sep-2019,96.0,92.87,500
12-Sep-2019,96.0,93.12,500
13-Sep-2019,96.0,92.79,500
16-Sep-2019,96.0,91.37,500
17-Sep-2019,96.0,87.5,500
18-Sep-2019,96.0,88.63,500
19-Sep-2019,96.0,93.53,500
20-Sep-2019,96.0,88.15,500
23-Sep-2019,96.0,90.66,500
24-Sep-2019,96.0,92.83,500
25-Sep-2019,96.0,93.43,500
26-Sep-2019,96.0,94.29,500
27-Sep-2019,96.0,88.78,500
30-Sep-2019,96.0,90.89,500
01-Oct-2019,96.0,91.78,500
02-Oct-2019,96.0,87.95,500
03-Oct-2019,96.0,93.35,500
04-Oct-2019,96.0,85.81,500
07-Oct-2019,96.0,87.99,500
08-Oct-2019,96.0,87.28,500
09-Oct-2019,96.0,90.49,500
10-Oct-2019,96.0,90.7,500
11-Oct-2019,96.0,90.41,500
14-Oct-2019,96.0,88.5,500
15-Oct-2019,96.0,79.59,500
16-Oct-2019,96.0,90.58,500
17-Oct-2019,96.0,86.18,500
18-Oct-2019,96.0,89.88,500
21-Oct-2019,96.0,97.96,500
22-Oct-2019,96.0,89.43,500
23-Oct-2019,96.0,92.57,500
24-Oct-2019,96.0,94.52,500
25-Oct-2019,96.0,87.12,500
28-Oct-2019,96.0,98.0,500
29-Oct-2019,96.0,88.49,500
30-Oct-2019,96.0,92.27,500
31-Oct-2019,96.0,88.79,500
01-Nov-2019,96.0,91.65,500
04-Nov-2019,96.0,92.14,500
05-Nov-2019,96.0,88.47,500
06-Nov-2019,96.0,97.48,500
07-Nov-2019,96.0,91.56,500
08-Nov-2019,96.0,87.55,500
11-Nov-2019,96.0,90.48,500
12-Nov-2019,96.0,91.72,500
13-Nov-2019,96.0,93.14,500
14-Nov-2019,96.0,88.29,500
15-Nov-2019,96.0,82.61,500
18-Nov-2019,96.0,85.77,500
19-Nov-2019,96.0,93.78,500
20-Nov-2019,96.0,87.57,500
21-Nov-2019,96.0,84.5,500
22-Nov-2019,96.0,87.35,500
25-Nov-2019,96.0,91.5,500
26-Nov-2019,96.0,86.3,500
27-Nov-2019,96.0,85.45,500
28-Nov-2019,96.0,91.54,500
29-Nov-2019,96.0,94.01,500
02-Dec-2019,96.0,92.37,500
03-Dec-2019,96.0,89.33,500
04-Dec-2019,96.0,84.1,500
05-Dec-2019,96.0,85.88,500
06-Dec-2019,96.0,97.44,500
09-Dec-2019,96.0,80.11,500
10-Dec-2019,96.0,87.4,500
11-Dec-2019,96.0,86.5,500
12-Dec-2019,96.0,96.44,500
13-Dec-2019,96.0,87.71,500
16-Dec-2019,96.0,94.81,500
17-Dec-2019,96.0,86.28,500
18-Dec-2019,96.0,86.86,500
19-Dec-2019,96.0,93.47,500
20-Dec-2019,96.0,93.36,500
23-Dec-2019,96.0,93.58,500
24-Dec-2019,96.0,93.33,500
25-Dec-2019,96.0,89.05,500
26-Dec-2019,96.0,94.36,500
27-Dec-2019,96.0,81.14,500
30-Dec-2019,96.0,87.96,500
31-Dec-2019,96.0,91.98,500
01-Jan-2020,96.0,84.98,500
02-Jan-2020,96.0,89.67,500
03-Jan-2020,96.0,87.77,500
06-Jan-2020,96.0,87.79,500
07-Jan-2020,96.0,84.49,500
08-Jan-2020,96.0,83.13,500
09-Jan-2020,96.0,90.46,500
10-Jan-2020,96.0,88.97,500
13-Jan-2020,96.0,87.53,500
14-Jan-2020,96.0,91.84,500
15-Jan-2020,96.0,81.75,500
16-Jan-2020,96.0,86.83,500
17-Jan-2020,96.0,90.52,500
20-Jan-2020,96.0,92.16,500
21-Jan-2020,96.0,89.27,500
22-Jan-2020,96.0,86.73,500
23-Jan-2020,96.0,95.97,500
24-Jan-2020,96.0,84.45,500
27-Jan-2020,96.0,87.65,500
28-Jan-2020,96.0,91.16,500
29-Jan-2020,96.0,90.35,500
30-Jan-2020,96.0,86.52,500
31-Jan-2020,96.0,95.22,500
03-Feb-2020,96.0,94.1,500
04-Feb-2020,96.0,90.8,500
05-Feb-2020,96.0,93.6,500
06-Feb-2020,96.0,90.18,500
07-Feb-2020,96.0,84.8,500
10-Feb-2020,96.0,85.07,500
11-Feb-2020,96.0,96.37,500
12-Feb-2020,96.0,86.67,500
13-Feb-2020,96.0,84.0,500
14-Feb-2020,96.0,96.76,500
17-Feb-2020,96.0,90.06,500
18-Feb-2020,96.0,88.48,500
19-Feb-2020,96.0,87.78,500
20-Feb-2020,96.0,87.82,500
21-Feb-2020,96.0,87.38,500
24-Feb-2020,96.0,86.04,500
25-Feb-2020,96.0,92.59,500
26-Feb-2020,96.0,88.25,500
27-Feb-2020,96.0,82.77,500
28-Feb-2020,96.0,90.48,500
02-Mar-2020,96.0,87.95,500
03-Mar-2020,96.0,90.01,500
04-Mar-2020,96.0,93.57,500
05-Mar-2020,96.0,98.0,500
06-Mar-2020,96.0,80.22,500
09-Mar-2020,96.0,86.64,500
10-Mar-2020,96.0,82.56,500
11-Mar-2020,96.0,86.78,500
12-Mar-2020,96.0,86.35,500
13-Mar-2020,96.0,93.58,500
16-Mar-2020,96.0,84.57,500
17-Mar-2020,96.0,96.67,500
18-Mar-2020,96.0,85.15,500
19-Mar-2020,96.0,90.01,500
20-Mar-2020,96.0,80.63,500
23-Mar-2020,96.0,83.76,500
24-Mar-2020,96.0,91.37,500
25-Mar-2020,96.0,87.34,500
26-Mar-2020,96.0,92.63,500
27-Mar-2020,96.0,91.18,500
30-Mar-2020,96.0,84.65,500
31-Mar-2020,96.0,89.46,500
01-Apr-2020,96.0,92.0,500
02-Apr-2020,96.0,85.14,500
03-Apr-2020,96.0,88.34,500
06-Apr-2020,96.0,88.81,500
07-Apr-2020,96.0,87.79,500
08-Apr-2020,96.0,91.2,500
09-Apr-2020,96.0,91.69,500
10-Apr-2020,96.0,97.61,500
13-Apr-2020,96.0,87.64,500
14-Apr-2020,96.0,96.13,500
15-Apr-2020,96.0,91.72,500
16-Apr-2020,96.0,86.09,500
17-Apr-2020,96.0,88.17,500
20-Apr-2020,96.0,89.12,500
21-Apr-2020,96.0,91.26,500
22-Apr-2020,96.0,91.6,500
23-Apr-2020,96.0,84.65,500
24-Apr-2020,96.0,87.94,500
27-Apr-2020,96.0,93.73,500
28-Apr-2020,96.0,84.47,500
29-Apr-2020,96.0,83.41,500
30-Apr-2020,96.0,88.27,500
01-May-2020,96.0,85.28,500
04-May-2020,96.0,85.48,500
05-May-2020,96.0,91.31,500
06-May-2020,96.0,88.5,500
07-May-2020,96.0,90.61,500
08-May-2020,96.0,88.54,500
11-May-2020,96.0,90.35,500
12-May-2020,96.0,90.97,500
13-May-2020,96.0,89.82,500
14-May-2020,96.0,83.42,500
15-May-2020,96.0,87.39,500
18-May-2020,96.0,93.66,500
19-May-2020,96.0,91.29,500
20-May-2020,96.0,90.61,500
21-May-2020,96.0,87.64,500
22-May-2020,96.0,93.26,500
25-May-2020,96.0,84.25,500
26-May-2020,96.0,85.52,500
27-May-2020,96.0,88.29,500
28-May-2020,96.0,83.5,500
29-May-2020,96.0,87.53,500
01-Jun-2020,96.0,89.74,500
02-Jun-2020,96.0,92.79,500
03-Jun-2020,96.0,87.22,500
04-Jun-2020,96.0,98.0,500
05-Jun-2020,96.0,80.95,500
08-Jun-2020,96.0,85.26,500
09-Jun-2020,96.0,85.97,500
10-Jun-2020,96.0,85.93,500
11-Jun-2020,96.0,95.59,500
12-Jun-2020,96.0,96.1,500
15-Jun-2020,96.0,86.56,500
16-Jun-2020,96.0,90.51,500
17-Jun-2020,96.0,88.22,500
18-Jun-2020,96.0,90.85,500
19-Jun-2020,96.0,86.68,500
22-Jun-2020,96.0,84.27,500
23-Jun-2020,96.0,97.65,500
24-Jun-2020,96.0,88.48,500
25-Jun-2020,96.0,88.98,500
26-Jun-2020,96.0,87.93,500
29-Jun-2020,96.0,83.95,500
30-Jun-2020,96.0,90.83,500
01-Jul-2020,96.0,84.92,500
02-Jul-2020,96.0,87.74,500
03-Jul-2020,96.0,92.34,500
06-Jul-2020,96.0,92.79,500
07-Jul-2020,96.0,88.82,500
08-Jul-2020,96.0,89.35,500
09-Jul-2020,96.0,95.62,500
10-Jul-2020,96.0,84.51,500
13-Jul-2020,96.0,88.14,500
14-Jul-2020,96.0,94.29,500
15-Jul-2020,96.0,80.58,500
16-Jul-2020,96.0,93.21,500
17-Jul-2020,96.0,80.73,500
20-Jul-2020,96.0,92.86,500
21-Jul-2020,96.0,96.93,500
22-Jul-2020,96.0,98.0,500
23-Jul-2020,96.0,87.72,500
24-Jul-2020,96.0,92.15,500
27-Jul-2020,96.0,95.9,500
28-Jul-2020,96.0,90.26,500
29-Jul-2020,96.0,84.02,500
30-Jul-2020,96.0,83.72,500
31-Jul-2020,96.0,87.56,500
03-Aug-2020,96.0,84.8,500
04-Aug-2020,96.0,87.24,500
05-Aug-2020,96.0,90.28,500
06-Aug-2020,96.0,89.49,500
07-Aug-2020,96.0,88.28,500
10-Aug-2020,96.0,88.07,500
11-Aug-2020,96.0,90.98,500
12-Aug-2020,96.0,89.86,500
13-Aug-2020,96.0,83.27,500
14-Aug-2020,96.0,91.08,500
17-Aug-2020,96.0,84.38,500
18-Aug-2020,96.0,87.11,500
19-Aug-2020,96.0,86.33,500
20-Aug-2020,96.0,93.03,500
21-Aug-2020,96.0,93.52,500
24-Aug-2020,96.0,90.39,500
25-Aug-2020,96.0,85.76,500
26-Aug-2020,96.0,84.95,500
27-Aug-2020,96.0,87.78,500
28-Aug-2020,96.0,84.37,500
31-Aug-2020,96.0,86.8,500
01-Sep-2020,96.0,90.58,500
02-Sep-2020,96.0,90.83,500
03-Sep-2020,96.0,89.25,500
04-Sep-2020,96.0,90.75,500
07-Sep-2020,96.0,87.13,500
08-Sep-2020,96.0,88.7,500
09-Sep-2020,96.0,91.08,500
10-Sep-2020,96.0,88.18,500
11-Sep-2020,96.0,83.62,500
14-Sep-2020,96.0,88.96,500
15-Sep-2020,96.0,93.59,500
16-Sep-2020,96.0,84.38,500
17-Sep-2020,96.0,90.34,500
18-Sep-2020,96.0,93.82,500
21-Sep-2020,96.0,85.7,500
22-Sep-2020,96.0,90.85,500
23-Sep-2020,96.0,83.39,500
24-Sep-2020,96.0,86.71,500
25-Sep-2020,96.0,95.67,500
28-Sep-2020,96.0,90.57,500
29-Sep-2020,96.0,88.54,500
30-Sep-2020,96.0,95.71,500
01-Oct-2020,96.0,88.19,500
02-Oct-2020,96.0,89.99,500
05-Oct-2020,96.0,83.12,500
06-Oct-2020,96.0,80.18,500
07-Oct-2020,96.0,84.62,500
08-Oct-2020,96.0,89.75,500
09-Oct-2020,96.0,92.66,500
12-Oct-2020,96.0,91.5,500
13-Oct-2020,96.0,90.37,500
14-Oct-2020,96.0,92.34,500
15-Oct-2020,96.0,90.04,500
16-Oct-2020,96.0,90.37,500
19-Oct-2020,96.0,90.9,500
20-Oct-2020,96.0,80.82,500
21-Oct-2020,96.0,85.82,500
22-Oct-2020,96.0,93.21,500
23-Oct-2020,96.0,84.41,500
26-Oct-2020,96.0,92.82,500
27-Oct-2020,96.0,89.74,500
28-Oct-2020,96.0,89.58,500
29-Oct-2020,96.0,90.54,500
30-Oct-2020,96.0,90.39,500
02-Nov-2020,96.0,88.74,500
03-Nov-2020,96.0,84.79,500
04-Nov-2020,96.0,93.69,500
05-Nov-2020,96.0,83.34,500
06-Nov-2020,96.0,94.71,500
09-Nov-2020,96.0,91.8,500
10-Nov-2020,96.0,90.43,500
11-Nov-2020,96.0,86.41,500
12-Nov-2020,96.0,87.25,500
13-Nov-2020,96.0,87.29,500
16-Nov-2020,96.0,86.04,500
17-Nov-2020,96.0,95.65,500
18-Nov-2020,96.0,87.44,500
19-Nov-2020,96.0,92.06,500
20-Nov-2020,96.0,91.04,500
23-Nov-2020,96.0,85.61,500
24-Nov-2020,96.0,86.96,500
25-Nov-2020,96.0,93.92,500
26-Nov-2020,96.0,89.63,500
27-Nov-2020,96.0,89.71,500
30-Nov-2020,96.0,93.22,500
01-Dec-2020,96.0,89.36,500
02-Dec-2020,96.0,88.34,500
03-Dec-2020,96.0,93.87,500
04-Dec-2020,96.0,97.84,500
07-Dec-2020,96.0,91.58,500
08-Dec-2020,96.0,89.17,500
09-Dec-2020,96.0,92.49,500
10-Dec-2020,96.0,96.02,500
11-Dec-2020,96.0,85.09,500
14-Dec-2020,96.0,85.11,500
15-Dec-2020,96.0,90.88,500
16-Dec-2020,96.0,88.37,500
17-Dec-2020,96.0,89.06,500
18-Dec-2020,96.0,92.4,500
21-Dec-2020,96.0,88.91,500
22-Dec-2020,96.0,95.78,500
23-Dec-2020,96.0,94.3,500
24-Dec-2020,96.0,93.69,500
25-Dec-2020,96.0,85.76,500
28-Dec-2020,96.0,86.79,500
29-Dec-2020,96.0,85.63,500
30-Dec-2020,96.0,88.55,500
31-Dec-2020,96.0,95.19,500
01-Jan-2021,96.0,90.18,500
04-Jan-2021,96.0,88.1,500
05-Jan-2021,96.0,98.0,500
06-Jan-2021,96.0,82.17,500
07-Jan-2021,96.0,91.99,500
08-Jan-2021,96.0,92.22,500
11-Jan-2021,96.0,91.65,500
12-Jan-2021,94.89,78.61,500
13-Jan-2021,94.06,84.62,500
14-Jan-2021,95.47,83.4,500
15-Jan-2021,93.14,81.4,500
18-Jan-2021,94.75,82.22,500
19-Jan-2021,94.31,84.75,500
20-Jan-2021,94.7,89.05,500
21-Jan-2021,94.03,94.36,500
22-Jan-2021,94.96,81.19,500
25-Jan-2021,94.22,83.99,500
26-Jan-2021,94.63,89.16,500
27-Jan-2021,94.91,79.55,500
28-Jan-2021,93.29,86.67,500
29-Jan-2021,93.4,88.3,500
01-Feb-2021,92.65,87.95,500
02-Feb-2021,92.57,86.68,500
03-Feb-2021,92.62,86.66,500
04-Feb-2021,92.78,90.54,500
05-Feb-2021,90.26,85.44,500
08-Feb-2021,87.96,82.73,500
09-Feb-2021,89.38,76.88,500
10-Feb-2021,90.88,77.23,500
11-Feb-2021,91.34,83.34,500
12-Feb-2021,91.47,82.96,500
15-Feb-2021,92.02,87.22,500
16-Feb-2021,90.76,84.43,500
17-Feb-2021,92.33,87.06,500
18-Feb-2021,92.64,90.06,500
19-Feb-2021,91.69,86.86,500
22-Feb-2021,93.37,92.17,500
23-Feb-2021,93.8,87.11,500
24-Feb-2021,94.27,88.64,500
25-Feb-2021,94.15,92.02,500
26-Feb-2021,93.01,82.95,500
01-Mar-2021,92.63,79.36,500
02-Mar-2021,92.61,87.68,500
03-Mar-2021,90.88,84.63,500
04-Mar-2021,92.52,84.37,500
05-Mar-2021,91.44,82.68,500
08-Mar-2021,92.32,81.32,500
09-Mar-2021,93.86,85.31,500
10-Mar-2021,93.18,77.27,500
11-Mar-2021,94.25,88.59,500
12-Mar-2021,93.59,82.04,500
15-Mar-2021,92.75,81.57,500
16-Mar-2021,92.3,85.77,500
17-Mar-2021,92.81,90.26,500
18-Mar-2021,92.22,87.46,500
19-Mar-2021,89.37,79.23,500
22-Mar-2021,89.75,80.45,500
23-Mar-2021,88.79,77.14,500
24-Mar-2021,86.91,73.67,500
25-Mar-2021,87.71,78.5,500
26-Mar-2021,87.58,85.64,500
29-Mar-2021,85.75,74.08,500
30-Mar-2021,85.91,83.94,500
31-Mar-2021,85.72,78.33,500
01-Apr-2021,85.71,74.6,500
02-Apr-2021,87.8,80.29,500
05-Apr-2021,87.33,78.86,500
06-Apr-2021,85.9,83.96,500
07-Apr-2021,87.27,82.35,500
08-Apr-2021,87.54,80.61,500
09-Apr-2021,88.27,79.32,500
12-Apr-2021,87.31,75.32,500
13-Apr-2021,85.38,74.62,500
14-Apr-2021,85.1,71.91,500
15-Apr-2021,84.27,79.08,500
16-Apr-2021,82.89,77.13,500
19-Apr-2021,83.09,73.28,500
20-Apr-2021,81.29,76.24,500
21-Apr-2021,83.13,81.22,500
22-Apr-2021,81.42,69.23,500
23-Apr-2021,80.65,75.6,500
26-Apr-2021,81.47,75.06,500
27-Apr-2021,81.97,72.1,500
28-Apr-2021,81.52,65.39,500
29-Apr-2021,82.42,72.16,500
30-Apr-2021,84.78,76.69,500
03-May-2021,86.34,76.9,500
04-May-2021,88.19,82.36,500
05-May-2021,88.1,74.76,500
06-May-2021,88.97,81.8,500
07-May-2021,87.34,80.34,500
10-May-2021,88.28,82.56,500
11-May-2021,88.26,76.44,500
12-May-2021,89.61,81.86,500
13-May-2021,89.26,81.33,500
14-May-2021,88.25,82.49,500
17-May-2021,86.63,82.56,500
18-May-2021,88.9,77.1,500
19-May-2021,88.54,80.97,500
20-May-2021,86.0,80.33,500
21-May-2021,85.0,70.27,500
24-May-2021,84.14,76.95,500
25-May-2021,86.3,79.76,500
26-May-2021,85.87,80.79,500
27-May-2021,86.43,82.27,500
28-May-2021,87.75,79.54,500
31-May-2021,87.1,79.66,500
01-Jun-2021,86.3,83.42,500
02-Jun-2021,87.81,82.34,500
03-Jun-2021,88.34,85.95,500
04-Jun-2021,88.92,86.05,500
07-Jun-2021,87.53,79.61,500
08-Jun-2021,90.23,78.7,500
09-Jun-2021,87.98,84.31,500
10-Jun-2021,87.94,88.53,500
11-Jun-2021,87.83,82.57,500
14-Jun-2021,88.27,86.25,500
15-Jun-2021,90.6,89.03,500
16-Jun-2021,90.03,78.94,500
17-Jun-2021,89.62,86.11,500
18-Jun-2021,88.35,83.76,500
21-Jun-2021,87.65,77.99,500
22-Jun-2021,88.69,79.46,500
23-Jun-2021,87.0,82.94,500
24-Jun-2021,86.61,76.47,500
25-Jun-2021,87.6,82.27,500
28-Jun-2021,86.83,82.37,500
29-Jun-2021,85.28,76.69,500
30-Jun-2021,84.76,76.98,500
01-Jul-2021,84.72,70.1,500
02-Jul-2021,84.87,75.47,500
05-Jul-2021,84.66,82.83,500
06-Jul-2021,86.88,74.97,500
07-Jul-2021,87.45,79.9,500
08-Jul-2021,86.48,78.67,500
09-Jul-2021,84.68,77.71,500
12-Jul-2021,84.05,74.83,500
13-Jul-2021,82.66,75.62,500
14-Jul-2021,83.64,76.03,500
15-Jul-2021,83.48,69.17,500
16-Jul-2021,82.5,72.16,500
19-Jul-2021,80.64,77.07,500
20-Jul-2021,82.12,73.34,500
21-Jul-2021,82.58,73.29,500
22-Jul-2021,82.95,76.22,500
23-Jul-2021,83.31,72.9,500
26-Jul-2021,83.52,73.19,500
27-Jul-2021,84.25,79.72,500
28-Jul-2021,82.75,83.88,500
29-Jul-2021,82.56,77.75,500
30-Jul-2021,81.1,78.59,500
02-Aug-2021,81.55,78.57,500
03-Aug-2021,82.91,73.13,500
04-Aug-2021,81.07,77.67,500
05-Aug-2021,82.39,70.18,500
06-Aug-2021,82.41,81.75,500
09-Aug-2021,81.37,72.78,500
10-Aug-2021,78.63,71.03,500
11-Aug-2021,79.53,75.41,500
12-Aug-2021,80.98,72.92,500
13-Aug-2021,81.72,82.25,500
16-Aug-2021,81.35,67.56,500
17-Aug-2021,81.52,71.26,500
18-Aug-2021,81.29,73.53,500
19-Aug-2021,82.07,69.76,500
20-Aug-2021,81.28,71.71,500
23-Aug-2021,81.13,70.02,500
24-Aug-2021,82.24,76.12,500
25-Aug-2021,81.65,73.61,500
26-Aug-2021,80.91,66.79,500
27-Aug-2021,80.26,77.02,500
30-Aug-2021,83.36,72.31,500
31-Aug-2021,85.53,80.38,500
01-Sep-2021,86.83,86.93,500
02-Sep-2021,85.99,84.72,500
03-Sep-2021,86.0,75.77,500
06-Sep-2021,87.49,82.81,500
07-Sep-2021,87.09,80.02,500
08-Sep-2021,87.47,82.54,500
09-Sep-2021,88.27,82.58,500
10-Sep-2021,87.41,87.54,500
13-Sep-2021,89.22,83.48,500
14-Sep-2021,89.01,86.12,500
15-Sep-2021,86.65,82.51,500
16-Sep-2021,86.01,80.13,500
17-Sep-2021,85.55,82.86,500
20-Sep-2021,87.13,77.12,500
21-Sep-2021,89.26,80.96,500
22-Sep-2021,88.56,94.1,500
23-Sep-2021,89.73,79.92,500
24-Sep-2021,89.76,83.82,500
27-Sep-2021,92.13,89.73,500
28-Sep-2021,91.68,90.47,500
29-Sep-2021,91.85,83.37,500
30-Sep-2021,91.98,82.61,500
01-Oct-2021,90.94,88.26,500
04-Oct-2021,91.13,82.09,500
05-Oct-2021,90.14,84.55,500
06-Oct-2021,88.31,87.17,500
07-Oct-2021,90.77,81.65,500
08-Oct-2021,89.44,86.54,500
11-Oct-2021,88.99,76.94,500
12-Oct-2021,87.68,78.36,500
13-Oct-2021,90.2,82.86,500
14-Oct-2021,91.41,94.48,500
15-Oct-2021,89.7,81.89,500
18-Oct-2021,90.37,82.09,500
19-Oct-2021,93.01,84.25,500
20-Oct-2021,90.47,77.74,500
21-Oct-2021,91.34,93.38,500
22-Oct-2021,90.17,73.35,500
25-Oct-2021,89.45,82.54,500
26-Oct-2021,86.31,75.98,500
27-Oct-2021,87.5,78.14,500
28-Oct-2021,86.95,78.17,500
29-Oct-2021,86.28,77.85,500
01-Nov-2021,86.51,77.8,500
02-Nov-2021,85.53,81.03,500
03-Nov-2021,84.91,80.65,500
04-Nov-2021,85.9,75.91,500
05-Nov-2021,86.35,78.66,500
08-Nov-2021,86.7,77.83,500
09-Nov-2021,87.29,84.41,500
10-Nov-2021,86.59,79.13,500
11-Nov-2021,87.51,83.87,500
12-Nov-2021,87.78,78.36,500
15-Nov-2021,88.74,71.65,500
16-Nov-2021,88.92,82.24,500
17-Nov-2021,88.93,84.65,500
18-Nov-2021,88.65,84.93,500
19-Nov-2021,87.86,82.0,500
22-Nov-2021,87.21,84.63,500
23-Nov-2021,85.48,80.88,500
24-Nov-2021,86.93,86.54,500
25-Nov-2021,86.59,80.45,500
26-Nov-2021,86.03,73.5,500
29-Nov-2021,86.57,80.71,500
30-Nov-2021,87.19,84.48,500
01-Dec-2021,86.9,79.67,500
02-Dec-2021,85.02,75.24,500
03-Dec-2021,85.77,86.95,500
06-Dec-2021,83.85,76.17,500
07-Dec-2021,83.52,73.02,500
08-Dec-2021,84.18,74.22,500
09-Dec-2021,84.58,80.89,500
10-Dec-2021,85.14,83.43,500
13-Dec-2021,83.12,83.18,500
14-Dec-2021,83.75,78.31,500
15-Dec-2021,86.29,75.75,500
16-Dec-2021,87.14,77.96,500
17-Dec-2021,88.45,86.47,500
20-Dec-2021,87.32,89.24,500
21-Dec-2021,87.66,79.89,500
22-Dec-2021,87.55,76.11,500
23-Dec-2021,85.82,78.11,500
24-Dec-2021,85.87,78.71,500
27-Dec-2021,86.67,76.03,500
28-Dec-2021,84.68,75.33,500
29-Dec-2021,85.77,80.57,500
30-Dec-2021,86.02,80.99,500
31-Dec-2021,85.66,78.96,500
03-Jan-2022,88.36,83.63,500
04-Jan-2022,87.45,85.78,500
05-Jan-2022,89.23,74.86,500
06-Jan-2022,88.61,82.34,500
07-Jan-2022,88.6,73.13,500
10-Jan-2022,88.73,80.9,500
11-Jan-2022,88.4,79.42,500
12-Jan-2022,87.09,77.13,500
13-Jan-2022,87.57,82.71,500
14-Jan-2022,87.72,84.52,500
17-Jan-2022,86.13,77.9,500
18-Jan-2022,86.5,77.91,500
19-Jan-2022,86.05,81.25,500
20-Jan-2022,84.84,75.77,500
21-Jan-2022,88.01,77.67,500
24-Jan-2022,90.94,86.44,500
25-Jan-2022,91.66,86.7,500
26-Jan-2022,92.41,87.56,500
27-Jan-2022,91.33,83.05,500
28-Jan-2022,92.04,84.88,500
31-Jan-2022,93.09,80.68,500
01-Feb-2022,93.26,93.56,500
02-Feb-2022,94.76,95.38,500
03-Feb-2022,92.74,82.95,500
04-Feb-2022,92.58,81.56,500
07-Feb-2022,92.68,85.76,500
08-Feb-2022,92.12,84.41,500
09-Feb-2022,89.56,81.69,500
10-Feb-2022,89.78,74.34,500
11-Feb-2022,90.06,83.18,500
14-Feb-2022,91.92,79.9,500
15-Feb-2022,91.4,86.74,500
16-Feb-2022,92.51,81.57,500
17-Feb-2022,92.68,85.65,500
18-Feb-2022,91.34,85.72,500
21-Feb-2022,91.84,87.35,500
22-Feb-2022,91.95,80.35,500
23-Feb-2022,91.18,83.37,500
24-Feb-2022,91.33,84.88,500
25-Feb-2022,89.36,81.97,500
28-Feb-2022,88.0,73.56,500
01-Mar-2022,88.48,78.59,500
02-Mar-2022,89.92,74.44,500
03-Mar-2022,89.0,80.35,500
04-Mar-2022,89.38,80.62,500
07-Mar-2022,90.59,86.95,500
08-Mar-2022,91.09,82.28,500
09-Mar-2022,91.82,86.47,500
10-Mar-2022,92.6,90.36,500
11-Mar-2022,93.01,89.42,500
14-Mar-2022,93.65,94.4,500
15-Mar-2022,92.5,91.7,500
16-Mar-2022,93.31,82.72,500
17-Mar-2022,93.82,93.45,500
18-Mar-2022,95.25,87.84,500
21-Mar-2022,96.0,86.93,500
22-Mar-2022,96.0,83.37,500
23-Mar-2022,96.0,88.15,500
24-Mar-2022,96.0,91.29,500
25-Mar-2022,96.0,88.25,500
28-Mar-2022,96.0,92.91,500
29-Mar-2022,96.0,84.99,500
30-Mar-2022,96.0,92.22,500
31-Mar-2022,96.0,80.89,500
01-Apr-2022,96.0,89.26,500
04-Apr-2022,96.0,87.95,500
05-Apr-2022,96.0,91.39,500
06-Apr-2022,96.0,82.51,500
07-Apr-2022,96.0,84.41,500
08-Apr-2022,96.0,85.12,500
11-Apr-2022,96.0,94.29,500
12-Apr-2022,96.0,89.66,500
13-Apr-2022,96.0,94.41,500
14-Apr-2022,96.0,90.02,500
15-Apr-2022,96.0,87.41,500
18-Apr-2022,96.0,87.47,500
19-Apr-2022,96.0,88.58,500
20-Apr-2022,96.0,89.9,500
21-Apr-2022,96.0,89.28,500
22-Apr-2022,96.0,89.08,500
25-Apr-2022,96.0,85.9,500
26-Apr-2022,96.0,91.45,500
27-Apr-2022,96.0,95.61,500
28-Apr-2022,96.0,94.11,500
29-Apr-2022,96.0,90.07,500
02-May-2022,96.0,91.91,500
03-May-2022,96.0,78.66,500
04-May-2022,96.0,90.68,500
05-May-2022,96.0,90.42,500
06-May-2022,96.0,89.08,500
09-May-2022,96.0,90.74,500
10-May-2022,96.0,94.92,500
11-May-2022,96.0,90.84,500
12-May-2022,96.0,91.31,500
13-May-2022,96.0,89.9,500
16-May-2022,96.0,92.23,500
17-May-2022,96.0,91.61,500
18-May-2022,96.0,89.46,500
19-May-2022,96.0,84.85,500
20-May-2022,96.0,97.41,500
23-May-2022,96.0,86.05,500
24-May-2022,96.0,93.43,500
25-May-2022,96.0,84.64,500
26-May-2022,96.0,86.91,500
27-May-2022,96.0,86.34,500
30-May-2022,96.0,88.27,500
31-May-2022,96.0,85.53,500
01-Jun-2022,96.0,84.14,500
02-Jun-2022,96.0,85.94,500
03-Jun-2022,96.0,90.66,500
06-Jun-2022,96.0,88.94,500
07-Jun-2022,96.0,88.29,500
08-Jun-2022,96.0,97.39,500
09-Jun-2022,96.0,95.21,500
10-Jun-2022,96.0,86.98,500
13-Jun-2022,96.0,87.12,500
14-Jun-2022,96.0,85.97,500
15-Jun-2022,96.0,83.18,500
16-Jun-2022,96.0,89.83,500
17-Jun-2022,96.0,87.78,500
20-Jun-2022,96.0,85.29,500
21-Jun-2022,96.0,89.95,500
22-Jun-2022,96.0,91.47,500
23-Jun-2022,96.0,86.25,500
24-Jun-2022,96.0,92.03,500
27-Jun-2022,96.0,94.65,500
28-Jun-2022,96.0,82.69,500
29-Jun-2022,96.0,94.65,500
30-Jun-2022,96.0,92.7,500
01-Jul-2022,96.0,95.33,500
04-Jul-2022,96.0,94.07,500
05-Jul-2022,96.0,93.96,500
06-Jul-2022,96.0,88.5,500
07-Jul-2022,96.0,89.4,500
08-Jul-2022,96.0,91.24,500
11-Jul-2022,96.0,81.16,500
12-Jul-2022,96.0,93.33,500
13-Jul-2022,96.0,90.28,500
14-Jul-2022,96.0,88.95,500
15-Jul-2022,96.0,96.06,500
18-Jul-2022,96.0,87.26,500
19-Jul-2022,96.0,91.96,500
20-Jul-2022,96.0,88.0,500
21-Jul-2022,96.0,84.98,500
22-Jul-2022,96.0,89.0,500
25-Jul-2022,96.0,95.89,500
26-Jul-2022,96.0,87.98,500
27-Jul-2022,96.0,83.49,500
28-Jul-2022,96.0,86.48,500
29-Jul-2022,96.0,93.6,500
01-Aug-2022,96.0,85.84,500
02-Aug-2022,96.0,94.77,500
03-Aug-2022,96.0,90.75,500
04-Aug-2022,96.0,87.85,500
05-Aug-2022,96.0,88.0,500
08-Aug-2022,96.0,96.3,500
09-Aug-2022,96.0,94.04,500
10-Aug-2022,96.0,90.43,500
11-Aug-2022,96.0,95.57,500
12-Aug-2022,96.0,94.77,500
15-Aug-2022,96.0,92.5,500
16-Aug-2022,96.0,86.8,500
17-Aug-2022,96.0,96.34,500
18-Aug-2022,96.0,89.68,500
19-Aug-2022,96.0,83.39,500
22-Aug-2022,96.0,96.21,500
23-Aug-2022,96.0,91.38,500
24-Aug-2022,96.0,92.87,500
25-Aug-2022,96.0,86.64,500
26-Aug-2022,96.0,85.83,500
29-Aug-2022,96.0,90.11,500
30-Aug-2022,96.0,84.88,500
31-Aug-2022,96.0,89.86,500
01-Sep-2022,96.0,85.94,500
02-Sep-2022,96.0,88.28,500
05-Sep-2022,96.0,89.7,500
06-Sep-2022,96.0,80.12,500
07-Sep-2022,96.0,88.08,500
08-Sep-2022,96.0,95.1,500
09-Sep-2022,96.0,90.19,500
12-Sep-2022,96.0,84.92,500
13-Sep-2022,96.0,91.95,500
14-Sep-2022,96.0,85.9,500
15-Sep-2022,96.0,89.23,500
16-Sep-2022,96.0,92.49,500
19-Sep-2022,96.0,85.32,500
20-Sep-2022,96.0,93.31,500
21-Sep-2022,96.0,87.99,500
22-Sep-2022,96.0,88.76,500
23-Sep-2022,96.0,89.32,500
26-Sep-2022,96.0,90.86,500
27-Sep-2022,96.0,86.59,500
28-Sep-2022,96.0,92.64,500
29-Sep-2022,96.0,89.66,500
30-Sep-2022,96.0,91.45,500
03-Oct-2022,96.0,97.02,500
04-Oct-2022,96.0,81.29,500
05-Oct-2022,96.0,88.12,500
06-Oct-2022,96.0,98.0,500
07-Oct-2022,96.0,92.57,500
10-Oct-2022,96.0,86.2,500
11-Oct-2022,96.0,89.06,500
12-Oct-2022,96.0,92.37,500
13-Oct-2022,96.0,92.42,500
14-Oct-2022,96.0,89.61,500
17-Oct-2022,96.0,86.6,500
18-Oct-2022,96.0,90.1,500
19-Oct-2022,96.0,84.94,500
20-Oct-2022,96.0,85.3,500
21-Oct-2022,96.0,90.76,500
24-Oct-2022,96.0,86.66,500
25-Oct-2022,96.0,90.88,500
26-Oct-2022,96.0,92.28,500
27-Oct-2022,96.0,94.01,500
28-Oct-2022,96.0,89.88,500
31-Oct-2022,96.0,92.81,500
01-Nov-2022,93.36,86.87,500
02-Nov-2022,92.91,91.39,500
03-Nov-2022,92.89,87.21,500
04-Nov-2022,91.99,85.32,500
07-Nov-2022,93.42,83.41,500
08-Nov-2022,92.56,82.1,500
09-Nov-2022,91.97,83.55,500
10-Nov-2022,93.2,87.9,500
11-Nov-2022,93.04,83.72,500
14-Nov-2022,93.32,85.41,500
15-Nov-2022,91.57,85.92,500
16-Nov-2022,91.23,84.88,500
17-Nov-2022,90.91,84.82,500
18-Nov-2022,89.31,76.71,500
21-Nov-2022,88.77,81.79,500
22-Nov-2022,86.62,80.81,500
23-Nov-2022,85.91,75.36,500
24-Nov-2022,83.43,75.1,500
25-Nov-2022,84.33,82.58,500
28-Nov-2022,87.67,78.29,500
29-Nov-2022,86.26,85.61,500
30-Nov-2022,85.92,78.63,500
01-Dec-2022,87.18,85.47,500
02-Dec-2022,85.64,73.16,500
05-Dec-2022,85.02,77.03,500
06-Dec-2022,82.23,76.86,500
07-Dec-2022,81.27,77.24,500
08-Dec-2022,80.2,76.63,500
09-Dec-2022,80.74,75.27,500
12-Dec-2022,80.08,72.39,500
13-Dec-2022,80.23,73.39,500
14-Dec-2022,79.52,78.18,500
15-Dec-2022,77.75,69.21,500
16-Dec-2022,77.25,73.76,500
19-Dec-2022,78.14,72.33,500
20-Dec-2022,78.32,70.49,500
21-Dec-2022,78.81,74.07,500
22-Dec-2022,78.89,69.1,500
23-Dec-2022,77.25,66.7,500
26-Dec-2022,76.7,75.97,500
27-Dec-2022,76.64,72.84,500
28-Dec-2022,75.61,72.43,500
29-Dec-2022,75.21,64.99,500
30-Dec-2022,75.47,62.61,500
02-Jan-2023,74.91,68.21,500
03-Jan-2023,76.15,68.07,500
04-Jan-2023,75.74,74.93,500
05-Jan-2023,78.26,69.72,500
06-Jan-2023,79.81,71.24,500
09-Jan-2023,76.83,67.93,500
10-Jan-2023,77.47,66.23,500
11-Jan-2023,78.39,76.36,500
12-Jan-2023,76.92,74.71,500
13-Jan-2023,77.03,73.25,500
16-Jan-2023,76.26,70.45,500
17-Jan-2023,78.83,73.2,500
18-Jan-2023,77.78,76.17,500
19-Jan-2023,77.54,71.12,500
20-Jan-2023,79.13,80.72,500
23-Jan-2023,78.45,73.37,500
24-Jan-2023,76.98,64.69,500
25-Jan-2023,74.42,65.73,500
26-Jan-2023,73.47,66.66,500
27-Jan-2023,74.36,66.88,500
30-Jan-2023,74.11,68.72,500
31-Jan-2023,73.37,65.33,500
01-Feb-2023,72.78,59.56,500
02-Feb-2023,73.02,62.41,500
03-Feb-2023,75.22,66.86,500
06-Feb-2023,73.39,76.3,500
07-Feb-2023,72.0,59.41,500
08-Feb-2023,73.51,71.8,500
09-Feb-2023,73.88,66.48,500
10-Feb-2023,74.4,61.74,500
13-Feb-2023,74.55,65.04,500
14-Feb-2023,73.6,66.87,500
15-Feb-2023,75.27,69.2,500
16-Feb-2023,72.67,61.14,500
17-Feb-2023,72.91,59.46,500
20-Feb-2023,69.37,62.5,500
21-Feb-2023,69.94,61.38,500
22-Feb-2023,70.26,54.83,500
23-Feb-2023,72.96,60.96,500
24-Feb-2023,74.73,65.25,500
27-Feb-2023,74.37,66.11,500
28-Feb-2023,72.6,70.56,500
01-Mar-2023,73.78,68.33,500
02-Mar-2023,73.54,63.77,500
03-Mar-2023,72.62,65.42,500
06-Mar-2023,71.06,68.36,500
07-Mar-2023,70.71,67.8,500
08-Mar-2023,72.25,58.97,500
09-Mar-2023,71.02,58.2,500
10-Mar-2023,73.23,63.35,500
13-Mar-2023,75.19,76.8,500
14-Mar-2023,75.35,69.5,500
15-Mar-2023,76.66,70.17,500
16-Mar-2023,77.02,67.54,500
17-Mar-2023,75.78,66.48,500
20-Mar-2023,76.88,71.8,500
21-Mar-2023,77.69,76.63,500
22-Mar-2023,78.41,66.66,500
23-Mar-2023,78.15,68.64,500
24-Mar-2023,76.74,61.46,500
27-Mar-2023,75.81,70.28,500
28-Mar-2023,72.6,58.66,500
29-Mar-2023,73.5,64.99,500
30-Mar-2023,75.13,66.27,500
31-Mar-2023,75.97,70.95,500
03-Apr-2023,74.75,68.8,500
04-Apr-2023,75.84,64.44,500
05-Apr-2023,76.27,68.03,500
06-Apr-2023,78.35,70.74,500
07-Apr-2023,82.05,72.82,500
10-Apr-2023,81.71,75.88,500
11-Apr-2023,81.36,81.26,500
12-Apr-2023,81.43,71.83,500
13-Apr-2023,80.96,73.98,500
14-Apr-2023,81.68,79.42,500
17-Apr-2023,81.48,73.62,500
18-Apr-2023,81.6,76.65,500
19-Apr-2023,82.88,81.87,500
20-Apr-2023,82.31,74.01,500
21-Apr-2023,79.23,71.5,500
24-Apr-2023,80.35,70.1,500
25-Apr-2023,80.72,81.58,500
26-Apr-2023,78.25,63.64,500
27-Apr-2023,78.01,69.3,500
28-Apr-2023,76.49,70.43,500
01-May-2023,75.45,65.17,500
02-May-2023,74.75,72.67,500
03-May-2023,74.62,62.9,500
04-May-2023,72.96,68.82,500
05-May-2023,71.65,66.67,500
08-May-2023,71.62,63.27,500
09-May-2023,73.96,72.16,500
10-May-2023,73.36,62.72,500
11-May-2023,73.28,69.61,500
12-May-2023,74.04,68.57,500
15-May-2023,74.65,70.07,500
16-May-2023,75.35,71.39,500
17-May-2023,76.26,65.76,500
18-May-2023,78.36,75.15,500
19-May-2023,77.94,71.74,500
22-May-2023,77.86,76.79,500
23-May-2023,78.07,74.73,500
24-May-2023,76.64,69.42,500
25-May-2023,76.42,72.63,500
26-May-2023,76.76,70.08,500
29-May-2023,75.07,71.83,500
30-May-2023,75.39,74.9,500
31-May-2023,75.83,70.2,500
01-Jun-2023,76.1,70.73,500
02-Jun-2023,74.7,66.1,500
05-Jun-2023,71.43,60.99,500
06-Jun-2023,73.22,66.92,500
07-Jun-2023,71.43,62.61,500
08-Jun-2023,71.46,64.11,500
09-Jun-2023,72.56,63.22,500
12-Jun-2023,71.32,61.64,500
13-Jun-2023,70.8,70.26,500
14-Jun-2023,72.61,62.66,500
15-Jun-2023,73.3,65.46,500
16-Jun-2023,75.7,66.55,500
19-Jun-2023,75.15,58.75,500
20-Jun-2023,76.81,66.93,500
21-Jun-2023,75.47,68.97,500
22-Jun-2023,74.01,57.95,500
23-Jun-2023,74.23,62.55,500
26-Jun-2023,73.77,69.92,500
27-Jun-2023,74.22,69.33,500
28-Jun-2023,72.52,57.62,500
29-Jun-2023,74.63,73.82,500
30-Jun-2023,73.8,67.2,500
03-Jul-2023,71.84,68.39,500
04-Jul-2023,72.55,57.98,500
05-Jul-2023,73.42,66.65,500
06-Jul-2023,75.14,70.64,500
07-Jul-2023,76.08,65.69,500
10-Jul-2023,75.37,71.75,500
11-Jul-2023,75.86,68.97,500
12-Jul-2023,77.26,73.19,500
13-Jul-2023,75.54,73.28,500
14-Jul-2023,77.71,76.7,500
17-Jul-2023,77.51,72.57,500
18-Jul-2023,76.77,66.9,500
19-Jul-2023,75.85,71.17,500
20-Jul-2023,74.83,65.93,500
21-Jul-2023,74.66,66.69,500
24-Jul-2023,76.15,74.97,500
25-Jul-2023,77.61,70.51,500
26-Jul-2023,77.87,66.36,500
27-Jul-2023,78.82,72.34,500
28-Jul-2023,78.99,76.28,500
31-Jul-2023,78.6,68.19,500
01-Aug-2023,77.65,73.0,500
02-Aug-2023,78.98,68.32,500
03-Aug-2023,76.73,70.85,500
04-Aug-2023,76.51,76.68,500
07-Aug-2023,76.63,68.47,500
08-Aug-2023,76.01,73.5,500
09-Aug-2023,73.92,69.58,500
10-Aug-2023,73.52,64.88,500
11-Aug-2023,73.35,64.81,500
14-Aug-2023,73.86,74.8,500
15-Aug-2023,72.57,70.8,500
16-Aug-2023,74.67,71.02,500
17-Aug-2023,74.66,63.88,500
18-Aug-2023,73.14,66.98,500
21-Aug-2023,73.06,72.01,500
22-Aug-2023,73.75,68.33,500
23-Aug-2023,72.6,63.02,500
24-Aug-2023,73.29,61.54,500
25-Aug-2023,70.71,73.07,500
28-Aug-2023,70.42,68.93,500
29-Aug-2023,70.14,60.07,500
30-Aug-2023,70.14,61.11,500
31-Aug-2023,69.5,62.11,500
01-Sep-2023,69.2,62.37,500
04-Sep-2023,68.38,65.88,500
05-Sep-2023,67.29,62.04,500
06-Sep-2023,66.86,59.48,500
07-Sep-2023,67.24,54.27,500
08-Sep-2023,69.22,66.72,500
11-Sep-2023,69.77,57.79,500
12-Sep-2023,68.27,59.56,500
13-Sep-2023,70.35,61.35,500
14-Sep-2023,68.55,66.78,500
15-Sep-2023,66.92,57.54,500
18-Sep-2023,66.0,55.32,500
19-Sep-2023,66.59,60.57,500
20-Sep-2023,66.07,68.59,500
21-Sep-2023,67.12,61.71,500
22-Sep-2023,69.22,68.29,500
25-Sep-2023,67.11,61.5,500
26-Sep-2023,66.03,60.26,500
27-Sep-2023,65.19,61.89,500
28-Sep-2023,65.32,56.93,500
29-Sep-2023,64.9,58.75,500
02-Oct-2023,65.69,62.67,500
03-Oct-2023,66.59,58.51,500
04-Oct-2023,66.02,59.5,500
05-Oct-2023,64.55,55.55,500
06-Oct-2023,61.45,53.9,500
09-Oct-2023,62.14,51.89,500
10-Oct-2023,63.97,57.05,500
11-Oct-2023,64.01,55.45,500
12-Oct-2023,62.78,50.29,500
13-Oct-2023,64.57,58.72,500
16-Oct-2023,65.76,66.89,500
17-Oct-2023,65.01,58.95,500
18-Oct-2023,64.07,55.27,500
19-Oct-2023,64.12,60.0,500
20-Oct-2023,63.6,52.84,500
23-Oct-2023,64.67,58.9,500
24-Oct-2023,63.17,51.0,500
25-Oct-2023,62.74,54.8,500
26-Oct-2023,62.55,54.85,500
27-Oct-2023,60.92,48.79,500
30-Oct-2023,61.54,55.31,500
31-Oct-2023,60.47,56.05,500
01-Nov-2023,58.9,48.78,500
02-Nov-2023,57.54,52.71,500
03-Nov-2023,57.81,49.45,500
06-Nov-2023,58.81,46.52,500
07-Nov-2023,57.66,46.93,500
08-Nov-2023,59.99,56.06,500
09-Nov-2023,59.74,51.88,500
10-Nov-2023,61.27,56.88,500
13-Nov-2023,63.35,54.06,500
14-Nov-2023,64.18,46.37,500
15-Nov-2023,62.91,50.58,500
16-Nov-2023,61.12,65.22,500
17-Nov-2023,62.05,60.27,500
20-Nov-2023,62.92,62.26,500
21-Nov-2023,62.98,50.66,500
22-Nov-2023,61.72,54.22,500
23-Nov-2023,61.05,57.41,500
24-Nov-2023,61.9,55.96,500
27-Nov-2023,61.02,60.08,500
28-Nov-2023,61.51,55.17,500
29-Nov-2023,60.44,51.94,500
30-Nov-2023,61.83,54.32,500
01-Dec-2023,61.41,60.86,500
04-Dec-2023,60.91,48.95,500
05-Dec-2023,61.38,59.78,500
06-Dec-2023,58.79,48.18,500
07-Dec-2023,57.01,55.02,500
08-Dec-2023,57.17,51.5,500
11-Dec-2023,55.87,46.19,500
12-Dec-2023,56.73,40.22,500
13-Dec-2023,55.41,45.1,500
14-Dec-2023,53.64,47.37,500
15-Dec-2023,54.37,47.81,500
18-Dec-2023,53.49,44.43,500
19-Dec-2023,53.23,39.96,500
20-Dec-2023,55.13,50.06,500
21-Dec-2023,56.71,55.81,500
22-Dec-2023,55.55,49.77,500
25-Dec-2023,55.96,47.83,500
26-Dec-2023,54.97,54.3,500
27-Dec-2023,55.25,42.16,500
28-Dec-2023,53.86,48.66,500
29-Dec-2023,54.94,50.15,500
01-Jan-2024,55.26,46.87,500
02-Jan-2024,54.25,45.16,500
03-Jan-2024,53.53,50.62,500
04-Jan-2024,52.49,51.91,500
05-Jan-2024,52.3,48.85,500
08-Jan-2024,49.86,39.96,500
09-Jan-2024,50.51,39.98,500
10-Jan-2024,50.46,45.18,500
11-Jan-2024,50.1,42.47,500
12-Jan-2024,48.72,37.54,500
15-Jan-2024,48.46,41.5,500
16-Jan-2024,48.45,46.24,500
17-Jan-2024,50.12,42.33,500
18-Jan-2024,50.96,48.41,500
19-Jan-2024,51.52,49.15,500
22-Jan-2024,52.51,47.05,500
23-Jan-2024,53.3,49.89,500
24-Jan-2024,51.97,42.9,500
25-Jan-2024,51.35,38.78,500
26-Jan-2024,50.04,45.33,500
29-Jan-2024,51.56,46.38,500
30-Jan-2024,53.29,41.93,500
31-Jan-2024,53.24,48.17,500
01-Feb-2024,57.32,44.01,500
02-Feb-2024,57.58,59.73,500
05-Feb-2024,58.38,52.72,500
06-Feb-2024,59.55,53.14,500
07-Feb-2024,59.26,46.2,500
08-Feb-2024,58.71,57.46,500
09-Feb-2024,60.22,58.17,500
12-Feb-2024,60.58,55.19,500
13-Feb-2024,59.56,56.95,500
14-Feb-2024,57.69,53.79,500
15-Feb-2024,58.28,54.45,500
16-Feb-2024,61.79,56.4,500
19-Feb-2024,60.29,53.8,500
20-Feb-2024,62.69,51.63,500
21-Feb-2024,62.47,56.95,500
22-Feb-2024,63.17,56.58,500
23-Feb-2024,61.47,57.72,500
26-Feb-2024,63.09,51.15,500
27-Feb-2024,63.33,53.15,500
28-Feb-2024,63.21,59.03,500
29-Feb-2024,62.72,57.48,500
01-Mar-2024,63.69,53.51,500
04-Mar-2024,62.94,55.0,500
05-Mar-2024,61.61,61.41,500
06-Mar-2024,62.17,52.89,500
07-Mar-2024,62.95,51.52,500
08-Mar-2024,64.24,47.73,500
11-Mar-2024,66.54,56.38,500
12-Mar-2024,65.31,49.5,500
13-Mar-2024,65.44,58.66,500
14-Mar-2024,65.23,52.68,500
15-Mar-2024,66.05,64.15,500
18-Mar-2024,66.37,53.93,500
19-Mar-2024,64.49,60.86,500
20-Mar-2024,63.51,55.04,500
21-Mar-2024,62.86,50.85,500
22-Mar-2024,63.78,56.18,500
25-Mar-2024,64.13,55.92,500
26-Mar-2024,67.44,60.41,500
27-Mar-2024,70.16,61.28,500
28-Mar-2024,70.24,65.84,500
29-Mar-2024,69.34,66.97,500
01-Apr-2024,70.31,63.45,500
02-Apr-2024,70.83,62.87,500
03-Apr-2024,71.27,64.59,500
04-Apr-2024,70.35,62.7,500
05-Apr-2024,68.84,57.52,500
08-Apr-2024,69.26,58.02,500
09-Apr-2024,69.44,57.58,500
10-Apr-2024,69.12,58.1,500
11-Apr-2024,69.52,64.25,500
12-Apr-2024,69.56,61.86,500
15-Apr-2024,67.47,55.0,500
16-Apr-2024,66.13,52.47,500
17-Apr-2024,65.04,60.29,500
18-Apr-2024,65.5,64.13,500
19-Apr-2024,65.29,57.35,500
22-Apr-2024,65.46,63.17,500
23-Apr-2024,64.9,54.17,500
24-Apr-2024,65.95,59.44,500
25-Apr-2024,65.46,56.05,500
26-Apr-2024,66.17,63.37,500
29-Apr-2024,66.73,60.53,500
30-Apr-2024,65.09,57.16,500
01-May-2024,66.01,56.53,500
02-May-2024,65.19,54.81,500
03-May-2024,64.24,58.63,500
06-May-2024,64.34,56.15,500
07-May-2024,66.05,63.34,500
08-May-2024,66.12,55.3,500
09-May-2024,67.48,63.61,500
10-May-2024,66.26,55.39,500
13-May-2024,67.03,57.06,500
14-May-2024,68.84,59.62,500
15-May-2024,69.22,60.94,500
16-May-2024,69.79,65.42,500
17-May-2024,71.46,64.58,500
20-May-2024,72.59,67.16,500
21-May-2024,73.59,72.32,500
22-May-2024,71.56,64.7,500
23-May-2024,72.81,66.24,500
24-May-2024,72.46,66.66,500
27-May-2024,71.1,65.07,500
28-May-2024,71.12,64.58,500
29-May-2024,69.69,54.63,500
30-May-2024,69.21,61.6,500
31-May-2024,69.27,73.12,500
03-Jun-2024,71.25,64.85,500
04-Jun-2024,70.6,61.37,500
05-Jun-2024,69.94,63.17,500
06-Jun-2024,72.51,71.02,500
07-Jun-2024,70.95,63.04,500
10-Jun-2024,72.32,65.47,500
11-Jun-2024,71.58,66.4,500
12-Jun-2024,71.58,74.19,500
13-Jun-2024,72.91,65.75,500
14-Jun-2024,72.87,62.78,500
17-Jun-2024,72.97,65.59,500
18-Jun-2024,73.34,64.63,500
19-Jun-2024,73.64,66.24,500
20-Jun-2024,75.34,66.76,500
21-Jun-2024,76.82,65.66,500
24-Jun-2024,75.35,64.49,500
25-Jun-2024,74.41,66.78,500
26-Jun-2024,74.61,62.47,500
27-Jun-2024,73.21,62.47,500
28-Jun-2024,72.63,68.73,500
01-Jul-2024,72.55,59.4,500
02-Jul-2024,69.61,63.37,500
03-Jul-2024,72.15,63.51,500
04-Jul-2024,71.92,72.67,500
05-Jul-2024,72.81,69.04,500
08-Jul-2024,73.05,71.1,500
09-Jul-2024,73.86,70.3,500
10-Jul-2024,74.01,61.37,500
11-Jul-2024,74.77,69.35,500
12-Jul-2024,71.27,63.17,500
15-Jul-2024,71.01,62.91,500
16-Jul-2024,71.66,63.46,500
17-Jul-2024,71.82,58.78,500
18-Jul-2024,73.02,70.36,500
19-Jul-2024,72.8,71.91,500
22-Jul-2024,73.1,61.28,500
23-Jul-2024,73.33,67.14,500
24-Jul-2024,74.47,68.93,500
25-Jul-2024,73.77,60.6,500
26-Jul-2024,75.2,65.3,500
29-Jul-2024,75.97,68.59,500
30-Jul-2024,75.5,69.77,500
31-Jul-2024,72.34,57.16,500
01-Aug-2024,71.28,64.71,500
02-Aug-2024,72.36,66.51,500
05-Aug-2024,72.99,67.59,500
06-Aug-2024,71.68,65.62,500
07-Aug-2024,69.7,63.06,500
08-Aug-2024,68.61,61.32,500
09-Aug-2024,71.48,60.6,500
12-Aug-2024,71.55,68.94,500
13-Aug-2024,71.81,68.23,500
14-Aug-2024,73.09,72.38,500
15-Aug-2024,71.76,67.44,500
16-Aug-2024,74.02,64.66,500
19-Aug-2024,74.31,66.78,500
20-Aug-2024,75.32,68.21,500
21-Aug-2024,75.39,65.1,500
22-Aug-2024,73.71,66.6,500
23-Aug-2024,74.94,68.69,500
26-Aug-2024,78.03,69.36,500
27-Aug-2024,78.41,77.83,500
28-Aug-2024,76.19,71.68,500
29-Aug-2024,73.64,59.54,500
30-Aug-2024,75.44,70.41,500
02-Sep-2024,75.41,76.41,500
03-Sep-2024,75.19,64.94,500
04-Sep-2024,75.0,60.32,500
05-Sep-2024,73.97,65.77,500
06-Sep-2024,74.51,68.38,500
09-Sep-2024,73.58,72.25,500
10-Sep-2024,75.01,71.26,500
11-Sep-2024,74.73,63.52,500
12-Sep-2024,75.58,66.95,500
13-Sep-2024,75.57,63.21,500
16-Sep-2024,75.3,62.77,500
17-Sep-2024,74.0,63.43,500
18-Sep-2024,73.59,68.83,500
19-Sep-2024,71.0,66.69,500
20-Sep-2024,70.57,62.64,500
23-Sep-2024,71.53,67.93,500
24-Sep-2024,73.03,60.46,500
25-Sep-2024,74.5,64.27,500
26-Sep-2024,75.45,70.29,500
27-Sep-2024,75.92,69.45,500
30-Sep-2024,73.83,59.71,500
01-Oct-2024,73.6,64.33,500
02-Oct-2024,74.98,72.47,500
03-Oct-2024,74.6,67.99,500
04-Oct-2024,75.84,68.14,500
07-Oct-2024,75.96,72.52,500
08-Oct-2024,75.55,62.47,500
09-Oct-2024,77.78,68.52,500
10-Oct-2024,78.83,67.86,500
11-Oct-2024,77.29,72.01,500
14-Oct-2024,77.56,72.65,500
15-Oct-2024,76.66,66.06,500
16-Oct-2024,77.23,70.3,500
17-Oct-2024,75.89,75.45,500
18-Oct-2024,77.97,76.1,500
21-Oct-2024,76.68,67.66,500
22-Oct-2024,76.85,70.69,500
23-Oct-2024,76.67,70.79,500
24-Oct-2024,79.62,74.84,500
25-Oct-2024,78.83,73.29,500
28-Oct-2024,78.85,74.44,500
29-Oct-2024,78.42,64.45,500
30-Oct-2024,78.88,65.22,500
31-Oct-2024,76.34,79.28,500
01-Nov-2024,75.81,64.01,500
04-Nov-2024,75.52,73.54,500
05-Nov-2024,75.38,69.1,500
06-Nov-2024,76.29,70.44,500
07-Nov-2024,75.21,70.81,500
08-Nov-2024,74.82,66.21,500
11-Nov-2024,77.62,69.8,500
12-Nov-2024,76.24,68.3,500
13-Nov-2024,75.69,68.91,500
14-Nov-2024,75.38,67.09,500
15-Nov-2024,75.42,66.44,500
18-Nov-2024,75.21,69.3,500
19-Nov-2024,73.77,69.93,500
20-Nov-2024,73.67,69.55,500
21-Nov-2024,73.85,66.63,500
22-Nov-2024,73.25,73.18,500
25-Nov-2024,70.86,63.74,500
26-Nov-2024,71.98,70.57,500
27-Nov-2024,70.63,62.84,500
28-Nov-2024,69.79,61.55,500
29-Nov-2024,69.62,66.48,500
02-Dec-2024,70.31,69.85,500
03-Dec-2024,70.29,61.02,500
04-Dec-2024,68.41,62.02,500
05-Dec-2024,68.27,59.71,500
06-Dec-2024,69.91,72.71,500
09-Dec-2024,71.87,55.46,500
10-Dec-2024,70.44,69.24,500
11-Dec-2024,70.23,64.07,500
12-Dec-2024,71.66,63.78,500
13-Dec-2024,73.07,62.68,500
16-Dec-2024,71.48,68.05,500
17-Dec-2024,70.59,66.96,500
18-Dec-2024,70.19,58.11,500
19-Dec-2024,69.42,59.99,500
20-Dec-2024,69.43,62.52,500
23-Dec-2024,69.99,70.28,500
24-Dec-2024,72.74,66.28,500
25-Dec-2024,74.05,72.37,500
26-Dec-2024,74.47,70.5,500
27-Dec-2024,74.86,68.55,500
30-Dec-2024,75.36,68.73,500
31-Dec-2024,75.21,64.01,500
01-Jan-2025,78.32,71.52,500
02-Jan-2025,78.55,71.14,500
03-Jan-2025,78.63,70.55,500
06-Jan-2025,77.34,77.42,500
07-Jan-2025,76.07,61.24,500
08-Jan-2025,75.6,65.4,500
09-Jan-2025,73.61,68.57,500
10-Jan-2025,74.14,69.08,500
13-Jan-2025,72.63,66.79,500
14-Jan-2025,73.04,68.86,500
15-Jan-2025,73.29,68.26,500
16-Jan-2025,72.81,67.33,500
17-Jan-2025,71.88,61.2,500
20-Jan-2025,73.72,71.29,500
21-Jan-2025,73.24,61.74,500
22-Jan-2025,72.43,68.96,500
23-Jan-2025,70.8,61.39,500
24-Jan-2025,71.12,65.04,500
27-Jan-2025,71.12,70.83,500
28-Jan-2025,70.44,69.8,500
29-Jan-2025,71.48,60.82,500
30-Jan-2025,69.44,67.97,500
31-Jan-2025,67.7,63.45,500
03-Feb-2025,66.75,63.57,500
04-Feb-2025,66.22,54.42,500
05-Feb-2025,66.4,56.46,500
06-Feb-2025,65.83,67.56,500
07-Feb-2025,65.56,57.56,500
10-Feb-2025,64.88,50.95,500
11-Feb-2025,66.06,61.48,500
12-Feb-2025,66.19,58.61,500
13-Feb-2025,65.86,65.52,500
14-Feb-2025,63.35,58.15,500
17-Feb-2025,65.02,65.87,500
18-Feb-2025,63.19,57.66,500
19-Feb-2025,64.24,54.17,500
20-Feb-2025,65.31,49.66,500
21-Feb-2025,64.42,61.63,500
24-Feb-2025,63.91,53.67,500
25-Feb-2025,62.84,54.94,500
26-Feb-2025,63.31,54.77,500
27-Feb-2025,63.54,56.5,500
28-Feb-2025,64.6,53.04,500
03-Mar-2025,64.19,54.85,500
04-Mar-2025,63.08,55.21,500
05-Mar-2025,63.42,53.32,500
06-Mar-2025,62.21,56.73,500
07-Mar-2025,62.61,53.07,500
10-Mar-2025,61.82,63.16,500
11-Mar-2025,61.84,60.57,500
12-Mar-2025,63.01,56.29,500
13-Mar-2025,60.32,56.21,500
14-Mar-2025,60.53,60.84,500
17-Mar-2025,61.04,49.35,500
18-Mar-2025,62.09,56.59,500
19-Mar-2025,61.83,54.23,500
20-Mar-2025,61.43,59.99,500
21-Mar-2025,59.48,53.53,500
24-Mar-2025,60.64,52.07,500
25-Mar-2025,61.13,55.56,500
26-Mar-2025,61.36,49.92,500
27-Mar-2025,61.1,60.62,500
28-Mar-2025,61.03,48.91,500
31-Mar-2025,60.65,55.2,500
01-Apr-2025,61.86,51.89,500
02-Apr-2025,61.21,51.68,500
03-Apr-2025,62.52,52.11,500
04-Apr-2025,62.68,57.37,500
07-Apr-2025,62.53,47.85,500
08-Apr-2025,61.02,51.13,500
09-Apr-2025,61.75,47.79,500
10-Apr-2025,60.53,51.4,500
11-Apr-2025,59.23,53.92,500
14-Apr-2025,58.19,46.27,500
15-Apr-2025,60.07,50.6,500
16-Apr-2025,59.48,54.23,500
17-Apr-2025,60.13,56.89,500
18-Apr-2025,59.95,44.42,500
21-Apr-2025,60.08,54.19,500
22-Apr-2025,59.05,54.53,500
23-Apr-2025,58.15,51.24,500
24-Apr-2025,60.12,53.84,500
25-Apr-2025,62.62,52.68,500
28-Apr-2025,62.37,55.66,500
29-Apr-2025,62.92,56.63,500
30-Apr-2025,63.98,51.19,500
01-May-2025,64.76,62.56,500
02-May-2025,66.34,52.41,500
05-May-2025,65.9,55.36,500
06-May-2025,67.59,63.26,500
07-May-2025,67.3,60.76,500
08-May-2025,69.73,67.67,500
09-May-2025,70.86,63.16,500
12-May-2025,70.89,63.53,500
13-May-2025,70.82,60.99,500
14-May-2025,71.41,65.69,500
15-May-2025,70.61,71.18,500
16-May-2025,70.55,72.23,500
19-May-2025,70.82,61.28,500
20-May-2025,69.07,66.05,500
21-May-2025,68.53,65.0,500
22-May-2025,68.56,63.15,500
23-May-2025,69.21,57.49,500
26-May-2025,68.96,61.59,500
27-May-2025,70.33,58.07,500
28-May-2025,69.09,59.33,500
29-May-2025,69.46,59.7,500
30-May-2025,70.23,58.6,500
02-Jun-2025,68.38,65.74,500
03-Jun-2025,69.09,57.55,500
04-Jun-2025,68.58,59.39,500
05-Jun-2025,69.51,62.54,500
06-Jun-2025,68.61,64.76,500
09-Jun-2025,66.39,57.18,500
10-Jun-2025,67.1,60.29,500
11-Jun-2025,66.71,59.45,500
12-Jun-2025,65.36,60.12,500
13-Jun-2025,64.23,61.43,500
16-Jun-2025,64.24,52.74,500
17-Jun-2025,63.81,61.91,500
18-Jun-2025,65.66,60.25,500
19-Jun-2025,67.41,60.75,500
20-Jun-2025,66.28,57.86,500
23-Jun-2025,66.14,49.92,500
24-Jun-2025,63.84,63.02,500
25-Jun-2025,62.26,54.06,500
26-Jun-2025,61.07,55.3,500
27-Jun-2025,60.96,52.78,500
30-Jun-2025,60.63,53.94,500
01-Jul-2025,63.08,52.88,500
02-Jul-2025,62.35,54.36,500
03-Jul-2025,63.79,54.77,500
04-Jul-2025,65.25,63.81,500
07-Jul-2025,63.25,56.02,500
08-Jul-2025,62.73,55.53,500
09-Jul-2025,62.0,58.12,500
10-Jul-2025,62.11,49.01,500
11-Jul-2025,62.89,52.02,500
14-Jul-2025,63.14,62.51,500
15-Jul-2025,65.26,58.15,500
16-Jul-2025,67.55,50.17,500
17-Jul-2025,67.97,61.2,500
18-Jul-2025,69.37,60.61,500
21-Jul-2025,70.59,58.58,500
22-Jul-2025,70.38,58.65,500
23-Jul-2025,68.46,63.39,500
24-Jul-2025,69.59,65.8,500
25-Jul-2025,68.45,61.67,500
28-Jul-2025,68.53,62.64,500
29-Jul-2025,68.08,60.23,500
30-Jul-2025,67.16,59.87,500
31-Jul-2025,66.24,61.01,500
01-Aug-2025,65.12,61.39,500
04-Aug-2025,66.71,52.72,500
05-Aug-2025,68.78,64.05,500
06-Aug-2025,69.98,61.11,500
07-Aug-2025,70.86,63.12,500
08-Aug-2025,72.08,70.21,500
11-Aug-2025,73.4,60.77,500
12-Aug-2025,71.19,63.56,500
13-Aug-2025,71.41,74.6,500
14-Aug-2025,73.4,59.78,500
15-Aug-2025,73.86,70.92,500
18-Aug-2025,74.49,72.49,500
19-Aug-2025,72.69,64.5,500
20-Aug-2025,74.92,69.91,500
21-Aug-2025,74.65,67.26,500
22-Aug-2025,74.84,69.53,500
25-Aug-2025,73.17,70.16,500
26-Aug-2025,71.14,68.74,500
27-Aug-2025,72.31,67.37,500
28-Aug-2025,73.48,61.27,500
29-Aug-2025,75.2,72.85,500
01-Sep-2025,76.29,73.42,500
02-Sep-2025,75.06,67.63,500
03-Sep-2025,76.28,66.94,500
04-Sep-2025,76.41,67.04,500
05-Sep-2025,76.31,75.74,500
08-Sep-2025,76.74,69.52,500
09-Sep-2025,75.25,68.82,500
10-Sep-2025,76.22,68.57,500
11-Sep-2025,76.13,68.9,500
12-Sep-2025,76.76,60.69,500
15-Sep-2025,73.87,63.15,500
16-Sep-2025,75.02,66.16,500
17-Sep-2025,72.43,64.6,500
18-Sep-2025,71.39,65.56,500
19-Sep-2025,73.51,60.99,500
22-Sep-2025,73.96,66.48,500
23-Sep-2025,73.76,67.74,500
24-Sep-2025,73.4,61.35,500
25-Sep-2025,73.03,65.2,500
26-Sep-2025,73.61,67.87,500
29-Sep-2025,72.96,62.64,500
30-Sep-2025,72.99,60.37,500
01-Oct-2025,73.84,69.62,500
02-Oct-2025,73.05,69.78,500
03-Oct-2025,74.29,74.66,500
06-Oct-2025,74.31,66.78,500
07-Oct-2025,73.98,75.81,500
08-Oct-2025,74.67,65.99,500
09-Oct-2025,75.96,73.73,500
10-Oct-2025,76.29,70.79,500
13-Oct-2025,74.4,63.93,500
14-Oct-2025,74.88,67.23,500
15-Oct-2025,76.18,66.71,500
16-Oct-2025,76.13,74.24,500
17-Oct-2025,72.67,68.55,500
20-Oct-2025,72.0,63.46,500
21-Oct-2025,71.32,53.8,500
22-Oct-2025,71.7,65.15,500
23-Oct-2025,70.28,61.31,500
24-Oct-2025,69.91,63.31,500
27-Oct-2025,70.06,63.77,500
28-Oct-2025,70.94,71.13,500
29-Oct-2025,70.78,64.31,500
30-Oct-2025,72.59,66.68,500
31-Oct-2025,72.22,64.51,500
03-Nov-2025,71.52,67.41,500
04-Nov-2025,73.15,69.24,500
05-Nov-2025,72.16,65.98,500
06-Nov-2025,71.54,70.39,500
07-Nov-2025,72.5,55.54,500
10-Nov-2025,71.95,60.3,500
11-Nov-2025,70.93,59.82,500
12-Nov-2025,72.39,64.93,500
13-Nov-2025,73.59,75.9,500
14-Nov-2025,71.93,69.22,500
17-Nov-2025,69.61,54.02,500
18-Nov-2025,69.63,60.5,500
19-Nov-2025,70.62,53.85,500
20-Nov-2025,68.8,57.27,500
21-Nov-2025,66.66,58.02,500
24-Nov-2025,64.52,56.51,500
25-Nov-2025,64.1,57.13,500
26-Nov-2025,62.94,54.96,500
27-Nov-2025,65.06,58.29,500
28-Nov-2025,64.69,55.79,500
01-Dec-2025,66.55,61.48,500
02-Dec-2025,66.76,58.65,500
03-Dec-2025,68.02,54.73,500
04-Dec-2025,68.85,62.18,500
05-Dec-2025,71.17,64.49,500
08-Dec-2025,70.74,64.81,500
09-Dec-2025,68.91,56.42,500
10-Dec-2025,69.2,60.63,500
11-Dec-2025,68.85,58.64,500
12-Dec-2025,66.36,63.82,500
15-Dec-2025,67.52,59.91,500
16-Dec-2025,66.5,60.76,500
17-Dec-2025,67.67,62.05,500
18-Dec-2025,67.38,61.41,500
19-Dec-2025,66.03,61.08,500
22-Dec-2025,68.16,62.45,500
23-Dec-2025,66.03,63.91,500
24-Dec-2025,66.25,56.52,500
25-Dec-2025,64.92,59.34,500
26-Dec-2025,63.61,61.74,500
29-Dec-2025,63.52,59.03,500
30-Dec-2025,61.99,50.95,500
31-Dec-2025,61.84,50.51,500
01-Jan-2026,60.5,59.73,500
02-Jan-2026,61.46,55.19,500
05-Jan-2026,62.14,52.18,500
06-Jan-2026,61.94,49.99,500
07-Jan-2026,64.04,55.33,500
08-Jan-2026,64.17,56.51,500
09-Jan-2026,62.99,59.38,500
12-Jan-2026,63.34,58.42,500
13-Jan-2026,63.14,56.75,500
14-Jan-2026,64.15,57.06,500
15-Jan-2026,59.81,50.25,500
16-Jan-2026,59.56,51.17,500
19-Jan-2026,58.85,49.29,500
20-Jan-2026,58.64,53.11,500
21-Jan-2026,59.14,57.91,500
22-Jan-2026,57.99,50.94,500
23-Jan-2026,57.93,46.9,500
26-Jan-2026,57.44,51.18,500
27-Jan-2026,59.01,48.5,500
28-Jan-2026,59.5,48.52,500
29-Jan-2026,59.31,52.14,500
30-Jan-2026,57.83,46.72,500
02-Feb-2026,57.26,51.01,500
03-Feb-2026,58.05,46.2,500
04-Feb-2026,58.2,44.05,500
05-Feb-2026,57.65,46.24,500
06-Feb-2026,56.41,50.38,500
09-Feb-2026,54.6,54.04,500
10-Feb-2026,52.05,44.66,500
11-Feb-2026,53.22,42.84,500
12-Feb-2026,53.41,46.72,500
13-Feb-2026,52.94,46.18,500
16-Feb-2026,51.75,45.39,500
17-Feb-2026,52.32,50.39,500
18-Feb-2026,53.63,42.06,500
19-Feb-2026,53.69,44.34,500
20-Feb-2026,53.13,42.71,500
23-Feb-2026,52.91,48.62,500
24-Feb-2026,53.06,42.53,500
25-Feb-2026,51.47,47.59,500
26-Feb-2026,53.84,51.63,500
27-Feb-2026,55.04,54.43,500
02-Mar-2026,53.09,39.32,500
03-Mar-2026,54.29,55.24,500
04-Mar-2026,54.68,51.25,500
05-Mar-2026,53.97,44.75,500
06-Mar-2026,53.14,38.14,500
09-Mar-2026,51.54,44.55,500
10-Mar-2026,52.63,43.44,500
11-Mar-2026,53.42,46.85,500
12-Mar-2026,53.51,47.05,500
13-Mar-2026,53.65,43.81,500
16-Mar-2026,53.17,55.6,500
17-Mar-2026,52.33,45.87,500
18-Mar-2026,51.57,43.46,500
19-Mar-2026,54.77,48.13,500
20-Mar-2026,55.24,49.98,500
23-Mar-2026,54.7,58.79,500
24-Mar-2026,56.07,45.93,500
25-Mar-2026,57.56,45.07,500
26-Mar-2026,58.33,50.17,500
27-Mar-2026,57.62,49.7,500
30-Mar-2026,56.97,46.55,500
31-Mar-2026,57.41,46.07,500
01-Apr-2026,58.59,61.42,500
02-Apr-2026,58.58,57.39,500
03-Apr-2026,60.24,54.95,500
06-Apr-2026,62.07,58.7,500
07-Apr-2026,60.86,50.59,500
08-Apr-2026,60.66,54.34,500
09-Apr-2026,59.7,55.43,500
10-Apr-2026,60.64,61.6,500
13-Apr-2026,62.34,45.43,500
14-Apr-2026,58.89,53.27,500
15-Apr-2026,59.49,58.29,500
16-Apr-2026,62.86,60.96,500
17-Apr-2026,61.41,46.99,500
20-Apr-2026,60.13,52.5,500
21-Apr-2026,60.23,52.69,500
22-Apr-2026,60.39,59.26,500
23-Apr-2026,60.52,49.81,500
24-Apr-2026,59.53,56.35,500
27-Apr-2026,59.2,55.8,500
28-Apr-2026,60.44,57.97,500
29-Apr-2026,59.63,56.36,500
30-Apr-2026,58.11,48.76,500
01-May-2026,58.75,50.51,500
04-May-2026,58.94,55.23,500
05-May-2026,60.58,44.2,500
06-May-2026,60.16,54.11,500
07-May-2026,62.09,55.37,500
08-May-2026,62.18,58.03,500
11-May-2026,63.38,55.42,500
12-May-2026,61.05,53.71,500
13-May-2026,62.15,57.04,500
14-May-2026,62.74,59.12,500
15-May-2026,62.38,54.75,500
18-May-2026,62.77,57.54,500
19-May-2026,63.73,58.6,500
20-May-2026,64.48,57.39,500
21-May-2026,65.76,58.9,500
22-May-2026,66.97,59.08,500
25-May-2026,66.82,57.48,500
26-May-2026,66.49,47.82,500
27-May-2026,66.46,58.4,500
28-May-2026,67.51,54.96,500
29-May-2026,65.96,64.69,500
01-Jun-2026,65.35,54.64,500
02-Jun-2026,65.39,55.1,500
03-Jun-2026,65.08,53.45,500
04-Jun-2026,63.53,62.81,500
05-Jun-2026,65.17,57.31,500
08-Jun-2026,65.78,65.04,500
09-Jun-2026,65.87,63.96,500
10-Jun-2026,65.42,57.21,500
11-Jun-2026,62.63,58.7,500
12-Jun-2026,63.19,60.12,500
15-Jun-2026,61.39,55.72,500
16-Jun-2026,62.39,54.69,500
17-Jun-2026,61.42,57.27,500
18-Jun-2026,62.66,50.82,500
19-Jun-2026,62.64,59.36,500
22-Jun-2026,61.08,52.07,500
23-Jun-2026,61.45,50.47,500
24-Jun-2026,61.66,63.74,500
25-Jun-2026,59.27,43.48,500
26-Jun-2026,59.11,49.44,500
29-Jun-2026,58.76,56.81,500
30-Jun-2026,58.21,49.82,500
01-Jul-2026,58.85,49.33,500
02-Jul-2026,59.87,54.44,500
03-Jul-2026,59.69,57.79,500
06-Jul-2026,61.86,49.85,500
07-Jul-2026,60.74,52.32,500
08-Jul-2026,61.63,50.31,500
09-Jul-2026,61.03,49.99,500
10-Jul-2026,61.44,51.71,500
13-Jul-2026,60.38,48.59,500
14-Jul-2026,61.03,53.54,500
15-Jul-2026,59.99,52.3,500
16-Jul-2026,61.18,54.75,500
17-Jul-2026,61.29,43.84,500
20-Jul-2026,62.08,57.78,500
21-Jul-2026,60.47,56.5,500
22-Jul-2026,62.34,48.19,500
23-Jul-2026,60.92,49.6,500
24-Jul-2026,61.74,53.78,500
27-Jul-2026,61.06,56.01,500
28-Jul-2026,62.93,60.18,500
29-Jul-2026,63.87,61.02,500
30-Jul-2026,62.27,54.05,500
31-Jul-2026,62.15,63.63,500
03-Aug-2026,61.55,51.2,500
04-Aug-2026,60.56,59.08,500
05-Aug-2026,61.61,55.58,500
06-Aug-2026,60.47,62.28,500
07-Aug-2026,60.7,58.55,500
10-Aug-2026,63.23,62.13,500
11-Aug-2026,64.13,62.62,500
12-Aug-2026,64.78,59.01,500
13-Aug-2026,64.19,52.84,500
14-Aug-2026,63.09,59.62,500
17-Aug-2026,62.77,52.47,500
18-Aug-2026,63.95,60.89,500
19-Aug-2026,62.88,61.92,500
20-Aug-2026,61.25,51.55,500
21-Aug-2026,60.83,62.65,500
24-Aug-2026,60.75,53.79,500
25-Aug-2026,60.69,55.83,500
26-Aug-2026,60.53,49.92,500
27-Aug-2026,61.22,51.3,500
28-Aug-2026,60.81,53.4,500
31-Aug-2026,60.89,57.11,500
01-Sep-2026,62.59,55.66,500
02-Sep-2026,62.9,59.41,500
03-Sep-2026,61.93,62.43,500
04-Sep-2026,64.81,53.38,500
07-Sep-2026,62.55,59.39,500
08-Sep-2026,61.98,53.12,500
09-Sep-2026,62.95,55.27,500
