Date,Nifty_Open,Nifty_High,Nifty_Low,Nifty_Close,Nifty_Shares,Nifty_Turnover_Cr,Midcap_Close,Smallcap_Close,India_VIX,VIX_Change,VIX_Pct_Change,Gilt10Y,Gilt_Change,FII_Net_Cr,DII_Net_Cr,Advances,Declines,Unchanged,Advance Decline Ratio,Stocks Above 50 DMA (%),Stocks Above 200 DMA (%),Universe Size,USDINR,CPI_Index,IIP_Index,PMI_Manufacturing,WPI_Index,Brent,DXY,Gold,US10Y,GDP_Growth_YoY
2010-01-01,5196.59,5361.65,5160.96,5325.13,0,3687.9,6654.73,3071.12,15.35,0.0,0.0,7.5081,0.0,1324.96,2461.02,143,1841,22,0.078,53.12,39.9,500,45.65,100.32,95.69,48.86,99.94,79.81,79.91,1121.1,3.18,6.58
2010-01-04,5315.94,5461.5,5276.28,5421.06,0,3225.95,6780.21,3115.19,16.15,0.79,5.17,7.5128,0.0047,-1521.42,198.08,597,1460,44,0.409,52.54,57.67,500,45.65,100.32,95.69,48.86,99.94,77.52,79.86,1123.82,3.19,6.58
2010-01-05,5430.4,5446.53,5309.82,5325.64,0,2950.99,6670.59,3044.04,23.37,7.22,44.72,7.5152,0.0023,-1017.16,2063.26,1369,707,25,1.936,52.93,44.82,500,45.65,100.32,95.69,48.86,99.94,78.74,80.57,1097.5,3.15,6.58
2010-01-06,5327.93,5357.06,5269.6,5298.57,0,2747.36,6656.85,3032.19,20.37,-3.0,-12.82,7.53,0.0149,-3375.37,2651.69,1023,923,81,1.108,53.96,48.23,500,45.65,100.32,95.69,48.86,99.94,78.57,80.83,1078.09,3.16,6.58
2010-01-07,5305.37,5335.33,5288.82,5318.74,0,2166.79,6654.58,3024.18,17.77,-2.6,-12.77,7.5281,-0.0019,3314.67,823.8,794,1230,86,0.646,53.29,46.08,500,45.65,100.32,95.69,48.86,99.94,80.36,80.56,1089.31,3.22,6.58
2010-01-08,5327.7,5357.86,5268.44,5298.43,0,3349.98,6613.99,3010.44,17.66,-0.11,-0.59,7.5335,0.0054,2031.05,-2242.53,605,1396,29,0.433,54.02,38.93,500,45.65,100.32,95.69,48.86,99.94,80.41,80.21,1075.02,3.25,6.58
2010-01-11,5285.79,5321.78,5173.79,5209.26,0,3176.42,6519.1,2961.02,22.8,5.14,29.08,7.534,0.0005,1524.32,-265.62,1480,528,61,2.803,55.1,46.45,500,45.65,100.32,95.69,48.86,99.94,77.28,80.6,1069.23,3.18,6.58
2010-01-12,5191.7,5302.48,5178.72,5289.26,0,3671.09,6621.12,3004.15,16.41,-6.39,-28.05,7.5396,0.0055,-2580.27,702.15,403,1516,94,0.266,53.53,47.45,500,45.65,100.32,95.69,48.86,99.94,74.78,80.72,1063.31,3.23,6.58
2010-01-13,5273.59,5315.57,5248.1,5290.0,0,1476.46,6602.44,2994.19,19.32,2.91,17.74,7.539,-0.0005,-2204.94,-3713.63,1097,823,21,1.333,51.77,45.3,500,45.65,100.32,95.69,48.86,99.94,72.41,81.0,1047.76,3.25,6.58
2010-01-14,5285.52,5380.69,5238.27,5333.02,0,2519.68,6643.63,3007.28,13.89,-5.43,-28.09,7.5569,0.0179,113.71,-3676.49,664,1323,129,0.502,51.83,48.78,500,45.65,100.32,95.69,48.86,99.94,72.92,81.35,1051.07,3.25,6.58
2010-01-15,5330.72,5376.31,5302.2,5347.7,0,3253.17,6668.76,3015.6,18.24,4.35,31.32,7.5388,-0.0181,1821.06,-1647.18,688,1395,49,0.493,49.03,41.03,500,45.65,100.32,95.69,48.86,99.94,74.55,81.38,1057.8,3.26,6.58
2010-01-18,5345.15,5409.0,5293.7,5357.43,0,2762.93,6670.57,3036.46,16.42,-1.82,-10.0,7.5452,0.0064,48.78,-673.59,627,1386,76,0.452,50.58,46.48,500,45.65,100.32,95.69,48.86,99.94,73.28,81.02,1052.93,3.25,6.58
2010-01-19,5359.83,5516.44,5306.85,5462.45,0,3555.78,6828.68,3110.53,17.82,1.4,8.53,7.5664,0.0212,425.4,-1327.15,294,1615,86,0.182,49.64,36.66,500,45.65,100.32,95.69,48.86,99.94,72.21,81.09,1035.34,3.32,6.58
2010-01-20,5455.0,5501.44,5329.11,5374.87,0,2543.89,6721.54,3062.55,22.08,4.26,23.92,7.5584,-0.008,3046.21,4365.32,1214,851,94,1.427,48.87,48.7,500,45.65,100.32,95.69,48.86,99.94,74.19,80.81,1047.97,3.29,6.58
2010-01-21,5370.07,5373.15,5292.81,5295.84,0,1393.61,6634.76,3029.35,20.93,-1.15,-5.22,7.5705,0.0121,838.48,216.48,1591,450,75,3.536,48.5,38.16,500,45.65,100.32,95.69,48.86,99.94,74.4,80.86,1052.97,3.29,6.58
2010-01-22,5314.15,5353.19,5284.28,5323.28,0,3782.81,6684.43,3051.43,17.49,-3.44,-16.44,7.5669,-0.0036,315.58,3057.77,817,1143,36,0.715,49.35,48.56,500,45.65,100.32,95.69,48.86,99.94,74.7,80.98,1058.98,3.27,6.58
2010-01-25,5324.76,5415.63,5287.51,5378.0,0,2536.05,6730.79,3076.62,14.79,-2.7,-15.43,7.5746,0.0077,-9.63,660.75,672,1333,56,0.504,49.14,37.57,500,45.65,100.32,95.69,48.86,99.94,74.79,80.41,1064.62,3.22,6.58
2010-01-26,5371.38,5419.7,5323.82,5372.14,0,1654.96,6739.04,3083.48,15.41,0.62,4.21,7.5922,0.0176,-5404.79,-26.7,761,1298,105,0.586,49.58,38.36,500,45.65,100.32,95.69,48.86,99.94,75.04,80.17,1083.69,3.22,6.58
2010-01-27,5370.49,5419.56,5283.49,5332.22,0,3617.25,6661.97,3044.07,17.59,2.18,14.13,7.5885,-0.0036,3171.7,-183.08,888,1135,34,0.782,50.57,39.81,500,45.65,100.32,95.69,48.86,99.94,76.26,80.11,1105.43,3.14,6.58
2010-01-28,5335.12,5354.06,5331.93,5350.86,0,1172.5,6686.76,3050.08,16.89,-0.7,-3.96,7.5796,-0.009,751.19,-410.86,864,1115,123,0.775,51.06,46.68,500,45.65,100.32,95.69,48.86,99.94,80.05,80.38,1121.3,3.17,6.58
2010-01-29,5336.55,5443.94,5288.88,5395.74,0,1790.12,6709.04,3067.56,16.98,0.09,0.52,7.5804,0.0008,-1237.91,-3060.57,859,1134,77,0.757,50.73,44.75,500,45.65,100.32,95.69,48.86,99.94,82.97,80.39,1132.64,3.17,6.58
2010-02-01,5389.48,5466.56,5352.09,5428.9,0,2497.74,6738.45,3088.23,20.74,3.76,22.14,7.562,-0.0185,4062.84,-1058.24,566,1430,33,0.396,51.62,47.39,500,45.6,100.79,101.77,53.46,100.36,81.46,80.0,1120.45,3.21,6.58
2010-02-02,5424.59,5526.37,5382.28,5483.6,0,1621.84,6774.07,3111.35,13.93,-6.8,-32.81,7.5549,-0.007,3293.66,-1270.03,775,1154,113,0.672,49.71,38.67,500,45.6,100.79,101.77,53.46,100.36,84.55,79.83,1141.22,3.23,6.58
2010-02-03,5484.14,5569.13,5450.39,5535.06,0,3108.23,6816.65,3129.64,18.34,4.41,31.66,7.5558,0.0008,-2568.98,1051.1,427,1572,94,0.272,49.3,36.46,500,45.6,100.79,101.77,53.46,100.36,82.56,80.27,1129.56,3.25,6.58
2010-02-04,5530.22,5574.68,5452.21,5496.41,0,3135.14,6814.71,3135.27,17.72,-0.63,-3.43,7.5418,-0.0139,-9264.1,1800.21,1007,1028,120,0.98,50.61,44.87,500,45.6,100.79,101.77,53.46,100.36,82.45,80.33,1137.45,3.23,6.58
2010-02-05,5502.71,5563.28,5449.74,5510.24,0,4375.48,6827.18,3133.5,16.38,-1.33,-7.53,7.533,-0.0088,866.23,1015.11,486,1468,20,0.331,52.85,49.28,500,45.6,100.79,101.77,53.46,100.36,83.51,80.31,1145.13,3.21,6.58
2010-02-08,5500.68,5583.76,5473.66,5556.47,0,2384.01,6907.92,3151.06,17.83,1.45,8.86,7.5203,-0.0127,-468.39,-187.28,556,1469,75,0.378,53.5,50.15,500,45.6,100.79,101.77,53.46,100.36,83.85,80.8,1155.36,3.17,6.58
2010-02-09,5558.62,5604.11,5414.59,5459.27,0,6011.13,6791.09,3103.92,20.02,2.18,12.25,7.5213,0.0009,2839.56,950.59,1033,964,37,1.072,54.93,54.55,500,45.6,100.79,101.77,53.46,100.36,81.56,80.55,1149.99,3.17,6.58
2010-02-10,5464.14,5516.12,5364.3,5415.82,0,3379.32,6752.65,3089.35,17.59,-2.43,-12.13,7.4999,-0.0214,-633.32,-272.17,908,1043,122,0.871,55.4,47.61,500,45.6,100.79,101.77,53.46,100.36,86.62,80.76,1165.56,3.25,6.58
2010-02-11,5417.24,5492.25,5390.02,5464.79,0,1586.03,6774.02,3123.53,15.18,-2.41,-13.69,7.5043,0.0045,470.6,-616.93,427,1586,98,0.269,55.06,44.8,500,45.6,100.79,101.77,53.46,100.36,87.28,81.01,1161.3,3.3,6.58
2010-02-12,5449.1,5547.46,5393.84,5491.77,0,2329.49,6800.84,3127.63,13.11,-2.07,-13.62,7.5071,0.0028,6507.33,2183.03,713,1333,83,0.535,53.94,49.01,500,45.6,100.79,101.77,53.46,100.36,83.94,80.66,1148.86,3.26,6.58
2010-02-15,5505.61,5561.11,5371.13,5425.82,0,4273.38,6681.25,3076.26,21.78,8.66,66.07,7.5324,0.0253,2910.54,1381.8,1168,894,54,1.306,53.96,47.83,500,45.6,100.79,101.77,53.46,100.36,83.93,80.91,1169.46,3.16,6.58
2010-02-16,5429.98,5454.3,5316.91,5340.83,0,2700.06,6576.15,3051.0,19.33,-2.45,-11.23,7.5425,0.0101,-2431.86,2079.55,1189,862,68,1.379,54.51,46.45,500,45.6,100.79,101.77,53.46,100.36,81.3,80.74,1160.58,3.18,6.58
2010-02-17,5330.54,5365.2,5294.46,5329.11,0,3045.84,6538.73,3030.89,17.25,-2.08,-10.75,7.5392,-0.0033,-1489.33,-749.83,893,1124,129,0.794,53.97,48.82,500,45.6,100.79,101.77,53.46,100.36,80.51,80.58,1164.49,3.18,6.58
2010-02-18,5332.41,5387.41,5296.01,5350.88,0,4251.83,6584.28,3040.63,15.28,-1.97,-11.43,7.537,-0.0022,-4812.13,-2243.97,567,1465,119,0.387,53.06,43.31,500,45.6,100.79,101.77,53.46,100.36,85.3,80.84,1162.85,3.24,6.58
2010-02-19,5363.66,5414.93,5302.94,5354.12,0,3213.06,6615.86,3023.7,18.99,3.71,24.27,7.5353,-0.0017,-1914.01,-318.39,984,1012,122,0.972,54.84,51.0,500,45.6,100.79,101.77,53.46,100.36,83.44,80.7,1186.0,3.24,6.58
2010-02-22,5356.5,5419.14,5283.26,5345.77,0,7079.56,6619.56,3039.8,19.22,0.23,1.19,7.5313,-0.0041,-2107.54,-1072.39,840,1231,44,0.682,55.35,46.04,500,45.6,100.79,101.77,53.46,100.36,84.6,80.36,1186.65,3.26,6.58
2010-02-23,5359.92,5409.37,5325.35,5374.71,0,6231.99,6659.31,3049.75,20.24,1.03,5.34,7.5351,0.0038,-823.85,832.5,870,1229,20,0.708,54.55,50.55,500,45.6,100.79,101.77,53.46,100.36,81.4,80.86,1209.71,3.3,6.58
2010-02-24,5384.02,5475.91,5356.55,5448.12,0,4953.15,6727.84,3095.12,16.29,-3.95,-19.53,7.5112,-0.0239,-3380.38,2124.46,498,1592,41,0.313,54.75,52.2,500,45.6,100.79,101.77,53.46,100.36,86.02,81.13,1212.16,3.33,6.58
2010-02-25,5456.21,5500.84,5406.56,5451.15,0,3237.14,6775.37,3101.2,19.27,2.98,18.32,7.5195,0.0083,225.23,-372.79,508,1556,48,0.326,57.13,55.82,500,45.6,100.79,101.77,53.46,100.36,86.03,80.75,1228.35,3.35,6.58
2010-02-26,5438.78,5537.08,5436.41,5534.67,0,4001.69,6889.74,3156.86,16.51,-2.76,-14.34,7.5341,0.0147,2195.94,-73.47,451,1523,29,0.296,56.65,46.62,500,45.6,100.79,101.77,53.46,100.36,84.61,80.67,1218.51,3.36,6.58
2010-03-01,5533.52,5576.69,5518.07,5561.17,0,4471.23,6923.14,3152.76,19.64,3.13,18.95,7.5277,-0.0064,4555.13,1751.38,875,1050,104,0.833,56.72,52.03,500,46.41,101.07,105.17,50.33,99.9,85.75,80.99,1235.32,3.39,6.58
2010-03-02,5584.7,5609.3,5515.72,5540.13,0,2828.52,6907.06,3144.86,21.46,1.82,9.29,7.5356,0.0079,-181.87,-92.86,1169,824,117,1.419,57.43,50.22,500,46.41,101.07,105.17,50.33,99.9,88.31,80.7,1259.75,3.39,6.58
2010-03-03,5529.91,5557.31,5479.89,5507.17,0,1012.54,6877.28,3132.73,20.51,-0.96,-4.45,7.5407,0.0051,-4153.78,135.45,989,1103,29,0.897,59.13,49.76,500,46.41,101.07,105.17,50.33,99.9,89.18,80.4,1252.09,3.41,6.58
2010-03-04,5519.82,5527.49,5507.57,5515.24,0,4162.29,6871.51,3137.0,19.18,-1.33,-6.49,7.5643,0.0236,-7380.07,880.07,794,1304,52,0.609,59.74,52.59,500,46.41,101.07,105.17,50.33,99.9,87.25,80.3,1265.18,3.33,6.58
2010-03-05,5525.38,5549.53,5437.16,5461.03,0,3501.6,6826.95,3117.68,18.38,-0.79,-4.14,7.5602,-0.0041,-481.16,-189.76,1122,798,23,1.406,60.66,53.42,500,46.41,101.07,105.17,50.33,99.9,89.94,80.35,1270.69,3.31,6.58
2010-03-08,5452.03,5500.81,5309.07,5357.01,0,5979.24,6685.27,3048.75,22.46,4.08,22.17,7.5562,-0.004,-254.82,948.32,1434,630,83,2.276,61.93,53.14,500,46.41,101.07,105.17,50.33,99.9,89.07,80.0,1269.87,3.29,6.58
2010-03-09,5382.71,5432.72,5344.65,5394.58,0,4200.98,6742.96,3087.53,12.58,-9.88,-44.0,7.5395,-0.0167,2026.82,-3253.46,783,1145,113,0.684,62.6,60.11,500,46.41,101.07,105.17,50.33,99.9,84.14,79.98,1291.56,3.24,6.58
2010-03-10,5391.46,5400.17,5345.55,5354.19,0,1531.04,6657.61,3074.19,15.44,2.86,22.76,7.5383,-0.0012,-1033.27,-49.0,1047,923,63,1.134,64.63,56.7,500,46.41,101.07,105.17,50.33,99.9,84.45,80.21,1289.34,3.27,6.58
2010-03-11,5355.78,5379.21,5254.76,5277.85,0,1331.12,6613.17,3034.67,16.33,0.89,5.76,7.5075,-0.0308,647.16,1001.8,1358,666,68,2.039,65.7,67.4,500,46.41,101.07,105.17,50.33,99.9,84.35,80.26,1294.39,3.25,6.58
2010-03-12,5284.87,5319.89,5226.59,5261.45,0,2627.33,6643.13,3031.08,16.47,0.14,0.84,7.5234,0.0158,-7169.01,-1830.58,733,1275,29,0.575,64.05,55.18,500,46.41,101.07,105.17,50.33,99.9,88.85,80.34,1287.44,3.24,6.58
2010-03-15,5255.65,5346.58,5216.89,5307.43,0,2606.93,6685.53,3051.36,19.33,2.87,17.41,7.5195,-0.0039,2527.09,1285.45,586,1459,61,0.402,64.92,52.76,500,46.41,101.07,105.17,50.33,99.9,90.88,80.62,1308.16,3.27,6.58
2010-03-16,5306.49,5404.71,5255.54,5353.31,0,3151.52,6781.3,3091.81,17.03,-2.31,-11.92,7.5021,-0.0174,-2075.31,-1767.7,453,1487,96,0.305,64.06,54.17,500,46.41,101.07,105.17,50.33,99.9,93.09,80.19,1341.67,3.22,6.58
2010-03-17,5356.16,5421.84,5315.28,5380.78,0,3267.69,6847.28,3123.69,17.61,0.58,3.43,7.504,0.0019,3278.32,1136.29,503,1526,62,0.33,64.87,60.46,500,46.41,101.07,105.17,50.33,99.9,91.52,79.42,1340.24,3.23,6.58
2010-03-18,5389.22,5459.91,5342.95,5413.43,0,2783.3,6857.94,3122.15,17.02,-0.6,-3.38,7.4944,-0.0096,-2666.75,-1771.26,799,1264,126,0.632,64.76,59.95,500,46.41,101.07,105.17,50.33,99.9,89.09,79.45,1323.49,3.29,6.58
2010-03-19,5406.07,5448.24,5349.05,5391.09,0,1424.84,6833.96,3114.91,15.13,-1.88,-11.07,7.4933,-0.0011,-629.72,-2440.0,796,1177,118,0.676,64.81,57.04,500,46.41,101.07,105.17,50.33,99.9,90.25,79.42,1320.31,3.31,6.58
2010-03-22,5404.27,5412.95,5347.95,5356.55,0,3192.91,6764.38,3089.58,18.26,3.12,20.63,7.4976,0.0043,-437.41,-129.38,1129,885,26,1.276,64.2,56.99,500,46.41,101.07,105.17,50.33,99.9,87.26,79.48,1327.28,3.32,6.58
2010-03-23,5347.48,5449.49,5334.11,5435.89,0,3707.89,6870.52,3140.96,17.88,-0.38,-2.06,7.5079,0.0104,2190.66,1204.02,458,1511,122,0.303,65.18,54.17,500,46.41,101.07,105.17,50.33,99.9,87.98,79.6,1326.38,3.32,6.58
2010-03-24,5417.65,5454.93,5337.22,5374.2,0,6757.16,6765.18,3115.97,19.74,1.86,10.39,7.5169,0.009,-2204.22,2744.6,1010,1072,22,0.942,67.21,57.72,500,46.41,101.07,105.17,50.33,99.9,91.33,79.34,1321.98,3.28,6.58
2010-03-25,5363.14,5466.44,5320.11,5422.93,0,3249.6,6825.19,3130.41,18.53,-1.2,-6.09,7.5006,-0.0163,1282.1,-895.34,556,1452,118,0.383,67.74,61.62,500,46.41,101.07,105.17,50.33,99.9,88.96,79.52,1330.18,3.29,6.58
2010-03-26,5410.98,5653.1,5384.57,5625.64,0,4035.9,7059.06,3222.83,10.86,-7.67,-41.41,7.4979,-0.0026,1851.79,-1342.12,20,2013,111,0.01,69.05,61.89,500,46.41,101.07,105.17,50.33,99.9,86.19,80.1,1324.44,3.32,6.58
2010-03-29,5625.92,5665.6,5533.03,5572.34,0,3059.49,6989.03,3190.41,21.8,10.94,100.7,7.4971,-0.0008,-673.51,603.78,983,971,82,1.012,68.09,56.13,500,46.41,101.07,105.17,50.33,99.9,88.43,79.27,1336.11,3.4,6.58
2010-03-30,5571.67,5619.45,5503.03,5550.63,0,2198.81,6977.39,3186.57,15.37,-6.43,-29.48,7.4933,-0.0039,-7215.37,1086.82,1142,937,126,1.219,68.01,62.49,500,46.41,101.07,105.17,50.33,99.9,92.96,78.87,1336.02,3.45,6.58
2010-03-31,5560.38,5640.56,5527.36,5607.26,0,2039.09,7067.93,3237.8,17.31,1.94,12.61,7.4989,0.0056,3435.47,440.35,651,1340,62,0.486,67.34,61.14,500,46.41,101.07,105.17,50.33,99.9,92.01,78.87,1371.09,3.48,6.58
2010-04-01,5612.03,5658.32,5457.98,5503.38,0,1942.01,6989.46,3209.49,20.57,3.26,18.84,7.4976,-0.0013,5176.59,624.85,1227,856,109,1.433,66.56,58.47,500,46.56,101.24,108.76,54.67,99.94,91.92,78.69,1378.58,3.49,8.82
2010-04-02,5491.43,5513.85,5410.71,5432.9,0,2408.9,6818.4,3164.15,21.4,0.83,4.04,7.5023,0.0047,450.51,905.75,1172,851,107,1.377,66.51,56.75,500,46.56,101.24,108.76,54.67,99.94,89.88,78.55,1383.35,3.5,8.82
2010-04-05,5433.55,5522.31,5378.6,5467.02,0,3529.56,6844.43,3174.82,15.76,-5.64,-26.37,7.512,0.0096,1204.27,2315.56,893,1149,53,0.777,64.44,56.94,500,46.56,101.24,108.76,54.67,99.94,87.39,78.21,1370.55,3.49,8.82
2010-04-06,5466.58,5556.05,5422.62,5511.73,0,4662.3,6882.82,3193.79,20.28,4.52,28.7,7.5156,0.0036,-197.69,6235.53,687,1316,117,0.522,66.28,57.06,500,46.56,101.24,108.76,54.67,99.94,89.62,78.32,1369.9,3.51,8.82
2010-04-07,5520.41,5616.18,5504.22,5599.75,0,1936.85,6982.66,3241.84,18.01,-2.27,-11.18,7.5262,0.0106,-1146.93,-1780.47,481,1572,79,0.306,64.78,62.46,500,46.56,101.24,108.76,54.67,99.94,94.48,78.34,1371.0,3.49,8.82
2010-04-08,5618.4,5669.02,5545.54,5595.95,0,3529.78,6999.34,3228.51,20.66,2.65,14.72,7.5515,0.0253,1529.28,1717.74,722,1332,43,0.542,64.76,51.31,500,46.56,101.24,108.76,54.67,99.94,95.17,78.26,1377.1,3.49,8.82
2010-04-09,5591.05,5702.07,5546.04,5656.52,0,3144.59,7030.63,3252.5,17.02,-3.65,-17.65,7.5638,0.0123,-2912.24,-644.97,825,1244,75,0.663,64.04,55.95,500,46.56,101.24,108.76,54.67,99.94,96.44,77.99,1396.39,3.5,8.82
2010-04-12,5652.54,5795.56,5612.0,5754.29,0,6415.5,7119.56,3294.18,19.13,2.11,12.42,7.5795,0.0157,-679.18,1183.88,376,1553,76,0.242,64.34,63.06,500,46.56,101.24,108.76,54.67,99.94,97.26,78.2,1390.4,3.47,8.82
2010-04-13,5735.94,5841.74,5687.32,5792.63,0,8889.46,7115.9,3299.57,16.75,-2.38,-12.46,7.5992,0.0197,-5182.39,-2365.32,573,1337,80,0.429,64.61,57.56,500,46.56,101.24,108.76,54.67,99.94,100.48,78.33,1374.76,3.45,8.82
2010-04-14,5800.28,5887.96,5757.84,5845.2,0,1963.85,7089.24,3322.8,16.51,-0.23,-1.39,7.6093,0.0101,-3302.03,2582.46,734,1254,57,0.585,66.86,59.19,500,46.56,101.24,108.76,54.67,99.94,100.87,78.01,1369.07,3.45,8.82
2010-04-15,5829.59,5847.66,5825.0,5843.05,0,2561.93,7040.82,3322.94,16.09,-0.42,-2.55,7.5973,-0.012,6514.45,-2357.06,1073,1015,34,1.057,67.37,54.11,500,46.56,101.24,108.76,54.67,99.94,104.54,77.71,1396.7,3.49,8.82
2010-04-16,5832.61,5859.56,5680.77,5707.14,0,2557.06,6920.51,3247.51,20.7,4.61,28.64,7.6086,0.0113,-4.16,3287.78,1337,733,68,1.824,69.1,60.0,500,46.56,101.24,108.76,54.67,99.94,100.59,77.53,1389.23,3.42,8.82
2010-04-19,5696.75,5803.04,5648.25,5754.06,0,3398.34,6964.65,3274.93,19.91,-0.79,-3.83,7.605,-0.0036,-3660.29,63.76,693,1385,78,0.5,70.24,63.95,500,46.56,101.24,108.76,54.67,99.94,103.75,78.13,1390.69,3.46,8.82
2010-04-20,5766.35,5841.43,5707.63,5782.55,0,2929.67,7007.63,3301.53,18.09,-1.82,-9.13,7.5856,-0.0194,-8110.69,811.58,620,1415,97,0.438,69.57,58.36,500,46.56,101.24,108.76,54.67,99.94,103.75,77.97,1392.64,3.45,8.82
2010-04-21,5785.28,5812.17,5741.58,5768.39,0,4524.65,6964.29,3288.81,19.8,1.7,9.42,7.5712,-0.0144,-394.69,-1874.91,955,963,81,0.992,69.26,60.38,500,46.56,101.24,108.76,54.67,99.94,105.33,77.59,1406.22,3.43,8.82
2010-04-22,5760.22,5804.67,5723.3,5767.7,0,1514.68,6965.41,3289.56,18.53,-1.26,-6.39,7.5655,-0.0056,2243.04,1378.12,987,1112,33,0.888,68.84,64.23,500,46.56,101.24,108.76,54.67,99.94,104.69,77.81,1407.11,3.41,8.82
2010-04-23,5774.74,5791.86,5715.75,5732.75,0,870.7,6939.01,3262.07,17.08,-1.46,-7.85,7.5588,-0.0067,2602.5,-1367.1,1061,1038,20,1.022,67.59,60.16,500,46.56,101.24,108.76,54.67,99.94,106.23,77.43,1428.42,3.33,8.82
2010-04-26,5748.84,5767.24,5669.29,5687.49,0,2542.58,6866.71,3214.1,22.32,5.25,30.72,7.5562,-0.0026,-4110.08,-579.02,1331,631,55,2.109,68.33,60.24,500,46.56,101.24,108.76,54.67,99.94,109.26,77.45,1451.2,3.34,8.82
2010-04-27,5693.12,5720.93,5674.66,5702.44,0,1416.52,6912.97,3232.18,21.05,-1.27,-5.68,7.5456,-0.0106,1476.56,272.36,729,1172,99,0.622,69.41,60.3,500,46.56,101.24,108.76,54.67,99.94,105.94,77.85,1443.82,3.35,8.82
2010-04-28,5705.33,5731.0,5610.82,5636.19,0,2633.18,6841.35,3204.8,20.64,-0.41,-1.96,7.579,0.0334,3573.94,-61.38,1095,958,42,1.143,69.02,58.09,500,46.56,101.24,108.76,54.67,99.94,106.64,78.25,1438.07,3.29,8.82
2010-04-29,5638.13,5752.19,5596.77,5710.3,0,4609.74,6937.85,3237.23,13.1,-7.55,-36.55,7.5687,-0.0103,2172.71,-425.74,555,1351,29,0.411,70.92,65.42,500,46.56,101.24,108.76,54.67,99.94,106.59,78.18,1456.27,3.29,8.82
2010-04-30,5716.95,5739.26,5678.0,5700.25,0,1752.47,6966.69,3236.27,14.56,1.47,11.19,7.5525,-0.0161,-1456.75,-188.18,774,1149,69,0.674,70.36,62.37,500,46.56,101.24,108.76,54.67,99.94,107.16,78.79,1460.96,3.28,8.82
2010-05-03,5671.33,5855.95,5625.65,5809.15,0,3961.56,7117.22,3315.45,15.7,1.13,7.79,7.5524,-0.0002,-1864.47,-5394.34,38,1902,43,0.02,71.02,63.44,500,46.16,101.23,110.71,52.81,99.75,104.85,78.8,1454.76,3.29,8.82
2010-05-04,5801.92,5909.63,5790.15,5897.66,0,2591.67,7221.75,3354.88,15.76,0.06,0.41,7.55,-0.0023,691.22,814.76,552,1523,45,0.362,70.24,67.02,500,46.16,101.23,110.71,52.81,99.75,102.75,78.72,1431.11,3.28,8.82
2010-05-05,5877.04,6062.08,5845.78,6030.01,0,3190.33,7367.37,3419.91,14.32,-1.44,-9.12,7.5551,0.005,2053.67,822.4,244,1798,54,0.136,70.03,63.88,500,46.16,101.23,110.71,52.81,99.75,106.45,78.42,1423.1,3.3,8.82
2010-05-06,6027.59,6044.24,5969.83,5986.36,0,1725.94,7312.9,3409.45,18.47,4.15,28.95,7.5562,0.0011,2795.13,2039.42,1367,612,79,2.234,70.86,61.27,500,46.16,101.23,110.71,52.81,99.75,107.24,78.69,1450.95,3.26,8.82
2010-05-07,5973.67,6029.66,5861.95,5917.4,0,1904.41,7257.8,3376.69,18.77,0.3,1.64,7.5667,0.0105,482.72,-552.94,944,1102,56,0.857,70.05,64.43,500,46.16,101.23,110.71,52.81,99.75,105.08,78.66,1457.37,3.23,8.82
2010-05-10,5920.24,5928.45,5893.34,5901.52,0,4838.9,7255.04,3369.11,19.44,0.67,3.56,7.5932,0.0265,2593.27,-1343.08,877,1153,66,0.761,70.84,67.28,500,46.16,101.23,110.71,52.81,99.75,105.59,78.33,1442.22,3.28,8.82
2010-05-11,5927.94,5943.11,5789.1,5803.95,0,4951.11,7134.88,3335.34,22.3,2.86,14.69,7.5806,-0.0127,-1463.36,-1540.74,1016,1017,29,0.999,70.78,68.06,500,46.16,101.23,110.71,52.81,99.75,104.95,78.22,1440.95,3.3,8.82
2010-05-12,5820.15,5854.43,5752.57,5786.65,0,2460.4,7133.46,3334.94,20.09,-2.21,-9.9,7.5738,-0.0068,-127.11,1141.11,1060,919,60,1.153,72.34,59.16,500,46.16,101.23,110.71,52.81,99.75,107.51,77.94,1435.24,3.27,8.82
2010-05-13,5794.84,5825.51,5749.45,5780.04,0,4867.37,7137.2,3352.46,14.84,-5.25,-26.15,7.5616,-0.0121,-4517.92,-1154.25,715,1222,112,0.585,72.33,68.55,500,46.16,101.23,110.71,52.81,99.75,110.55,78.31,1436.74,3.25,8.82
2010-05-14,5758.43,5923.45,5705.69,5869.69,0,2726.34,7237.23,3388.23,16.4,1.57,10.56,7.557,-0.0047,1367.5,665.06,566,1525,52,0.371,73.9,64.22,500,46.16,101.23,110.71,52.81,99.75,112.25,78.2,1411.03,3.24,8.82
2010-05-17,5881.15,5915.25,5836.07,5870.11,0,2993.78,7219.69,3414.07,14.43,-1.98,-12.05,7.5531,-0.0039,-930.17,2247.64,1009,1000,97,1.009,71.69,57.97,500,46.16,101.23,110.71,52.81,99.75,114.26,78.56,1397.71,3.28,8.82
2010-05-18,5866.1,5951.58,5831.2,5916.38,0,3870.53,7252.6,3427.2,14.0,-0.42,-2.94,7.5624,0.0093,-2264.28,1056.31,869,1049,87,0.828,72.92,61.73,500,46.16,101.23,110.71,52.81,99.75,111.69,78.63,1413.38,3.28,8.82
2010-05-19,5904.94,5967.57,5870.97,5933.44,0,2784.66,7267.8,3446.32,19.05,5.05,36.08,7.561,-0.0013,6871.18,-141.15,665,1417,98,0.469,73.81,65.6,500,46.16,101.23,110.71,52.81,99.75,113.96,78.27,1428.93,3.33,8.82
2010-05-20,5947.64,5990.98,5918.97,5962.24,0,2485.31,7235.54,3455.07,16.22,-2.84,-14.89,7.5576,-0.0034,-2032.6,2230.37,809,1168,127,0.693,71.43,62.48,500,46.16,101.23,110.71,52.81,99.75,120.33,78.18,1434.86,3.34,8.82
2010-05-21,5955.56,5996.03,5935.09,5975.49,0,3610.81,7311.93,3478.31,16.92,0.71,4.35,7.562,0.0043,811.91,-1062.64,546,1524,72,0.358,73.46,70.64,500,46.16,101.23,110.71,52.81,99.75,120.67,78.29,1430.05,3.33,8.82
2010-05-24,5956.76,6001.95,5882.51,5927.48,0,2119.73,7235.9,3439.52,20.91,3.99,23.58,7.5589,-0.003,1998.15,-1529.08,1157,859,93,1.347,74.03,61.53,500,46.16,101.23,110.71,52.81,99.75,120.65,78.21,1428.88,3.36,8.82
2010-05-25,5917.16,6043.14,5876.97,6002.37,0,3419.08,7317.76,3506.41,15.15,-5.76,-27.56,7.572,0.0131,-668.09,1022.33,547,1522,72,0.359,74.32,63.47,500,46.16,101.23,110.71,52.81,99.75,116.73,78.25,1435.2,3.37,8.82
2010-05-26,6012.93,6048.59,5936.73,5972.15,0,2234.38,7299.64,3522.82,19.42,4.27,28.2,7.5577,-0.0143,5882.73,-1599.46,937,1141,128,0.821,75.04,71.01,500,46.16,101.23,110.71,52.81,99.75,115.86,78.8,1433.84,3.36,8.82
2010-05-27,5988.07,6014.25,5942.61,5968.71,0,3943.8,7270.41,3503.13,19.66,0.24,1.21,7.578,0.0203,-2866.67,2195.9,1107,839,45,1.319,75.58,72.95,500,46.16,101.23,110.71,52.81,99.75,116.43,78.93,1448.85,3.4,8.82
2010-05-28,5996.93,6058.18,5935.45,5996.69,0,2694.67,7332.97,3533.0,18.66,-0.99,-5.06,7.5702,-0.0079,-1510.78,1833.46,618,1361,53,0.454,76.91,78.49,500,46.16,101.23,110.71,52.81,99.75,117.21,78.63,1469.19,3.42,8.82
2010-05-31,5997.0,6046.43,5963.59,6012.93,0,3631.16,7318.16,3539.93,17.25,-1.41,-7.54,7.5663,-0.0039,-2552.66,-153.0,658,1326,78,0.496,76.14,70.02,500,46.16,101.23,110.71,52.81,99.75,114.98,78.93,1474.06,3.44,8.82
2010-06-01,6004.0,6045.17,5869.73,5910.25,0,1996.0,7179.67,3471.25,20.39,3.14,18.19,7.5436,-0.0226,1907.95,2510.25,1504,517,56,2.909,73.03,60.04,500,46.57,101.3,104.27,54.51,100.19,117.15,79.15,1475.93,3.45,8.82
2010-06-02,5898.2,5941.57,5723.44,5765.84,0,3052.41,7019.41,3400.29,16.73,-3.66,-17.94,7.5548,0.0112,2430.2,2415.45,1382,560,88,2.468,73.48,66.56,500,46.57,101.3,104.27,54.51,100.19,119.37,78.98,1461.22,3.49,8.82
2010-06-03,5752.09,5830.95,5728.87,5807.51,0,3555.29,7106.64,3436.79,16.04,-0.7,-4.16,7.5504,-0.0044,-4241.42,927.76,611,1437,45,0.425,74.35,70.6,500,46.57,101.3,104.27,54.51,100.19,121.01,78.58,1457.36,3.48,8.82
2010-06-04,5808.38,5852.29,5754.15,5797.98,0,3194.8,7096.68,3413.5,16.26,0.22,1.39,7.5581,0.0077,999.98,-743.54,558,1435,30,0.389,75.28,69.86,500,46.57,101.3,104.27,54.51,100.19,117.26,78.7,1477.61,3.5,8.82
2010-06-07,5798.94,5828.22,5682.1,5710.94,0,4093.27,6985.45,3358.58,21.16,4.9,30.15,7.5789,0.0207,-2225.31,2331.93,1122,812,34,1.382,75.04,64.17,500,46.57,101.3,104.27,54.51,100.19,121.1,78.73,1472.91,3.5,8.82
2010-06-08,5713.41,5763.7,5641.63,5691.73,0,5249.61,6926.98,3347.65,20.47,-0.69,-3.27,7.5753,-0.0036,2760.01,612.32,986,1104,127,0.893,77.28,73.86,500,46.57,101.3,104.27,54.51,100.19,118.81,78.97,1470.95,3.47,8.82
2010-06-09,5696.13,5822.46,5650.71,5776.39,0,3420.63,7018.96,3378.64,17.18,-3.29,-16.09,7.5777,0.0024,2306.0,-2000.56,473,1579,98,0.3,77.86,68.92,500,46.57,101.3,104.27,54.51,100.19,117.05,79.08,1484.37,3.46,8.82
2010-06-10,5755.56,5826.93,5698.81,5770.03,0,3659.06,7043.19,3379.35,19.61,2.44,14.18,7.5916,0.014,-1053.8,1806.33,597,1353,22,0.441,80.69,79.2,500,46.57,101.3,104.27,54.51,100.19,120.27,79.81,1485.71,3.43,8.82
2010-06-11,5769.24,5842.67,5732.92,5806.12,0,2867.28,7042.95,3382.1,18.07,-1.54,-7.87,7.5956,0.0039,1783.85,-91.64,689,1401,55,0.492,80.26,78.07,500,46.57,101.3,104.27,54.51,100.19,120.33,80.47,1493.24,3.4,8.82
2010-06-14,5801.5,5848.95,5775.5,5822.86,0,1337.32,7079.49,3420.03,17.68,-0.39,-2.15,7.6205,0.025,-2343.24,1817.28,841,1112,57,0.756,78.29,75.43,500,46.57,101.3,104.27,54.51,100.19,117.38,80.21,1494.51,3.42,8.82
2010-06-15,5836.56,5861.74,5680.41,5705.02,0,4441.15,6962.12,3358.98,22.03,4.34,24.57,7.6087,-0.0118,2972.52,3278.04,1197,764,68,1.567,78.69,69.04,500,46.57,101.3,104.27,54.51,100.19,118.15,79.92,1483.72,3.45,8.82
2010-06-16,5702.58,5727.96,5636.16,5661.35,0,2691.22,6923.96,3360.46,20.14,-1.89,-8.58,7.6278,0.0191,1023.22,1328.24,1008,929,70,1.085,77.6,73.81,500,46.57,101.3,104.27,54.51,100.19,118.44,80.35,1467.11,3.43,8.82
2010-06-17,5678.26,5717.05,5525.0,5563.0,0,2245.03,6825.91,3320.77,16.73,-3.4,-16.9,7.6285,0.0006,1508.29,1823.97,1382,547,91,2.527,77.52,79.41,500,46.57,101.3,104.27,54.51,100.19,121.3,80.69,1481.81,3.41,8.82
2010-06-18,5565.17,5656.92,5549.67,5641.21,0,3948.04,6910.01,3369.84,15.21,-1.52,-9.11,7.6396,0.0112,1831.51,1945.17,500,1459,75,0.343,77.51,67.12,500,46.57,101.3,104.27,54.51,100.19,116.95,80.1,1493.32,3.36,8.82
2010-06-21,5636.46,5657.43,5607.29,5628.23,0,3684.45,6936.16,3367.36,16.54,1.33,8.75,7.6491,0.0095,-1767.76,333.86,1170,874,24,1.339,76.26,63.08,500,46.57,101.3,104.27,54.51,100.19,121.91,80.13,1500.4,3.41,8.82
2010-06-22,5627.74,5649.89,5596.6,5618.72,0,1472.32,6935.2,3365.51,16.08,-0.45,-2.75,7.6453,-0.0038,-1398.4,-2714.42,802,1282,80,0.626,75.3,65.05,500,46.57,101.3,104.27,54.51,100.19,121.28,79.94,1496.69,3.42,8.82
2010-06-23,5614.06,5654.33,5528.08,5568.02,0,1209.26,6867.64,3323.84,14.8,-1.28,-7.99,7.648,0.0026,-1526.56,2142.59,992,1045,20,0.949,76.57,67.52,500,46.57,101.3,104.27,54.51,100.19,123.64,79.54,1529.3,3.31,8.82
2010-06-24,5568.25,5649.62,5534.83,5615.91,0,3870.27,6888.15,3312.54,16.87,2.07,13.97,7.6463,-0.0017,10800.86,-173.02,669,1387,79,0.482,76.5,66.41,500,46.57,101.3,104.27,54.51,100.19,122.77,79.4,1549.8,3.32,8.82
2010-06-25,5602.91,5632.4,5593.15,5622.61,0,2162.14,6865.4,3310.91,18.86,1.99,11.8,7.6505,0.0042,-5070.28,617.32,1215,712,25,1.706,78.79,71.11,500,46.57,101.3,104.27,54.51,100.19,122.5,79.59,1541.59,3.28,8.82
2010-06-28,5600.92,5668.66,5595.49,5663.18,0,3036.27,6910.48,3340.42,18.25,-0.6,-3.2,7.647,-0.0035,3314.5,183.07,689,1325,56,0.52,75.91,61.98,500,46.57,101.3,104.27,54.51,100.19,121.66,79.96,1553.2,3.28,8.82
2010-06-29,5662.69,5772.28,5640.31,5749.55,0,3531.28,7029.49,3396.06,15.72,-2.53,-13.88,7.6622,0.0152,5453.6,-847.68,483,1587,123,0.304,75.08,67.2,500,46.57,101.3,104.27,54.51,100.19,122.53,79.89,1564.18,3.32,8.82
2010-06-30,5745.6,5811.62,5738.92,5804.87,0,4706.24,7096.12,3426.37,18.69,2.97,18.9,7.6615,-0.0007,3984.11,-10.63,748,1195,121,0.626,75.88,70.89,500,46.57,101.3,104.27,54.51,100.19,122.33,80.4,1581.18,3.29,8.82
2010-07-01,5819.18,5864.56,5756.36,5801.6,0,2906.54,7075.14,3425.09,18.89,0.2,1.08,7.6659,0.0045,-1081.95,-2469.32,892,1067,43,0.836,77.52,71.67,500,48.42,101.55,113.71,52.78,100.14,128.97,80.92,1579.74,3.3,8.53
2010-07-02,5820.42,5866.93,5685.42,5731.21,0,5114.55,6920.68,3357.59,18.9,0.01,0.03,7.674,0.008,245.5,-1705.94,1340,686,101,1.953,75.06,69.03,500,48.42,101.55,113.71,52.78,100.14,126.21,80.76,1604.22,3.26,8.53
2010-07-05,5720.5,5773.46,5678.59,5731.48,0,4782.42,6893.0,3369.46,17.55,-1.35,-7.14,7.6588,-0.0152,3363.86,-2249.9,835,1140,50,0.732,77.62,59.99,500,48.42,101.55,113.71,52.78,100.14,129.08,80.72,1595.93,3.23,8.53
2010-07-06,5710.6,5836.85,5685.93,5811.74,0,4871.2,7020.15,3427.08,13.58,-3.97,-22.62,7.6629,0.0042,-1863.16,1016.61,477,1524,45,0.313,78.58,71.19,500,48.42,101.55,113.71,52.78,100.14,132.05,80.41,1607.15,3.2,8.53
2010-07-07,5813.51,5864.36,5734.74,5785.35,0,2259.47,7008.41,3413.48,19.92,6.34,46.67,7.6524,-0.0105,2416.74,-45.85,848,1081,58,0.784,79.94,75.41,500,48.42,101.55,113.71,52.78,100.14,130.3,80.3,1591.36,3.25,8.53
2010-07-08,5780.58,5793.4,5657.47,5670.04,0,1631.07,6908.88,3360.02,21.4,1.48,7.43,7.6304,-0.022,1150.2,-1357.55,1287,794,106,1.621,80.41,66.2,500,48.42,101.55,113.71,52.78,100.14,130.32,79.84,1578.74,3.28,8.53
2010-07-09,5646.53,5670.33,5572.8,5596.39,0,1811.82,6832.42,3322.62,18.95,-2.45,-11.46,7.6385,0.0081,2634.71,2095.13,1064,907,81,1.173,79.59,66.17,500,48.42,101.55,113.71,52.78,100.14,128.42,79.39,1580.23,3.26,8.53
2010-07-12,5599.15,5640.79,5482.15,5523.22,0,2172.74,6757.72,3291.69,21.32,2.37,12.53,7.6348,-0.0037,-3656.02,2641.65,1142,919,85,1.243,81.26,76.93,500,48.42,101.55,113.71,52.78,100.14,131.63,79.64,1560.03,3.21,8.53
2010-07-13,5545.1,5627.74,5520.93,5603.32,0,4301.88,6852.46,3341.14,15.92,-5.4,-25.33,7.6441,0.0093,927.34,-2010.3,732,1244,59,0.588,80.98,68.08,500,48.42,101.55,113.71,52.78,100.14,130.88,79.7,1558.45,3.2,8.53
2010-07-14,5614.79,5625.69,5486.72,5497.4,0,3474.86,6686.7,3263.12,19.19,3.27,20.57,7.6465,0.0023,-130.21,1844.2,1718,227,21,7.568,81.11,75.6,500,48.42,101.55,113.71,52.78,100.14,134.34,80.12,1594.42,3.24,8.53
2010-07-15,5497.38,5508.55,5390.47,5401.45,0,6065.01,6565.74,3190.84,16.41,-2.78,-14.5,7.6455,-0.0009,-3166.71,1126.57,1437,531,44,2.706,79.39,71.77,500,48.42,101.55,113.71,52.78,100.14,135.77,79.85,1584.56,3.18,8.53
2010-07-16,5406.05,5440.94,5388.03,5422.86,0,3688.69,6572.79,3198.79,18.34,1.93,11.78,7.6576,0.012,186.08,1135.06,947,1152,109,0.822,78.53,81.04,500,48.42,101.55,113.71,52.78,100.14,134.42,79.81,1578.09,3.2,8.53
2010-07-19,5428.2,5480.48,5298.58,5350.11,0,2382.0,6519.41,3161.64,15.44,-2.9,-15.83,7.6582,0.0006,812.34,-389.54,1028,1056,36,0.973,77.46,72.25,500,48.42,101.55,113.71,52.78,100.14,132.16,79.73,1586.07,3.22,8.53
2010-07-20,5369.81,5397.75,5227.68,5255.02,0,2469.6,6399.3,3105.25,19.99,4.55,29.46,7.6632,0.0049,-619.08,4110.51,1522,472,117,3.225,76.06,64.63,500,48.42,101.55,113.71,52.78,100.14,133.15,79.73,1600.64,3.17,8.53
2010-07-21,5267.92,5346.0,5203.07,5281.0,0,2202.87,6418.08,3089.2,15.87,-4.11,-20.58,7.6663,0.0031,-167.33,-2111.32,892,1144,23,0.78,77.06,72.88,500,48.42,101.55,113.71,52.78,100.14,134.48,79.79,1668.84,3.23,8.53
2010-07-22,5280.97,5359.71,5247.82,5326.27,0,1968.49,6448.56,3106.12,15.13,-0.74,-4.68,7.6752,0.0089,-820.57,152.4,810,1175,112,0.689,77.74,69.03,500,48.42,101.55,113.71,52.78,100.14,131.37,80.1,1668.46,3.27,8.53
2010-07-23,5357.84,5387.36,5342.28,5371.77,0,3444.35,6506.02,3123.85,15.44,0.31,2.07,7.6731,-0.0021,4237.36,-836.71,746,1168,100,0.639,77.22,69.42,500,48.42,101.55,113.71,52.78,100.14,135.63,80.46,1660.28,3.25,8.53
2010-07-26,5369.22,5413.38,5307.68,5351.71,0,2123.38,6444.85,3104.59,17.42,1.98,12.82,7.6567,-0.0164,3714.89,699.06,956,1032,53,0.926,77.6,68.33,500,48.42,101.55,113.71,52.78,100.14,134.1,80.52,1681.23,3.28,8.53
2010-07-27,5345.52,5411.08,5260.84,5326.16,0,3955.25,6419.37,3088.07,16.5,-0.92,-5.31,7.6602,0.0035,3569.19,-3292.19,1189,850,77,1.399,77.8,65.46,500,48.42,101.55,113.71,52.78,100.14,134.37,80.61,1641.96,3.24,8.53
2010-07-28,5312.73,5381.05,5292.7,5360.84,0,2289.35,6432.1,3095.26,18.45,1.95,11.81,7.6729,0.0127,243.92,-330.38,923,1041,77,0.887,78.08,79.72,500,48.42,101.55,113.71,52.78,100.14,132.88,80.22,1640.12,3.28,8.53
2010-07-29,5357.48,5382.67,5250.87,5275.68,0,5931.55,6335.86,3059.27,19.16,0.71,3.84,7.662,-0.0109,-4257.92,-22.89,1103,852,64,1.295,78.48,79.7,500,48.42,101.55,113.71,52.78,100.14,134.74,80.06,1660.89,3.28,8.53
2010-07-30,5282.38,5342.46,5115.96,5174.82,0,2087.56,6210.42,2993.11,17.99,-1.16,-6.07,7.6618,-0.0002,7728.99,-976.94,1270,818,126,1.553,76.73,67.75,500,48.42,101.55,113.71,52.78,100.14,136.63,80.32,1645.24,3.3,8.53
2010-08-02,5191.18,5214.95,5053.81,5077.06,0,3359.17,6053.99,2939.89,22.11,4.12,22.87,7.6404,-0.0214,3689.15,-447.57,1500,453,56,3.311,76.67,69.15,500,48.67,101.77,109.89,50.53,100.34,141.85,80.04,1684.68,3.25,8.53
2010-08-03,5080.9,5125.65,5077.4,5122.11,0,3214.07,6156.9,2970.51,17.47,-4.64,-21.0,7.6505,0.0101,-10249.89,-642.04,430,1507,100,0.285,76.52,73.21,500,48.67,101.77,109.89,50.53,100.34,141.17,79.51,1734.23,3.29,8.53
2010-08-04,5142.38,5163.49,5129.55,5150.64,0,1625.97,6207.18,2999.65,17.37,-0.1,-0.55,7.6562,0.0057,-1029.9,-1411.02,628,1381,91,0.455,74.23,69.88,500,48.67,101.77,109.89,50.53,100.34,138.84,80.06,1764.47,3.27,8.53
2010-08-05,5134.59,5269.02,5094.11,5227.8,0,2013.67,6258.36,3034.85,18.92,1.55,8.92,7.651,-0.0052,-255.42,5015.51,723,1257,94,0.575,74.74,67.96,500,48.67,101.77,109.89,50.53,100.34,134.22,79.41,1739.28,3.32,8.53
2010-08-06,5235.04,5299.16,5179.44,5243.47,0,2340.94,6286.93,3044.75,12.9,-6.02,-31.82,7.6611,0.0101,-18.07,1884.75,621,1434,38,0.433,74.46,75.46,500,48.67,101.77,109.89,50.53,100.34,134.1,79.24,1732.21,3.3,8.53
2010-08-09,5250.93,5274.23,5210.29,5233.5,0,5246.15,6299.2,3063.82,17.81,4.91,38.1,7.68,0.0189,9157.08,-3025.7,807,1260,39,0.64,72.55,63.73,500,48.67,101.77,109.89,50.53,100.34,136.72,78.62,1740.01,3.28,8.53
2010-08-10,5244.76,5265.44,5191.86,5212.41,0,2964.3,6262.86,3044.77,19.32,1.51,8.48,7.6796,-0.0004,-2149.11,846.39,799,1242,64,0.643,72.03,61.59,500,48.67,101.77,109.89,50.53,100.34,134.07,78.91,1750.69,3.22,8.53
2010-08-11,5211.2,5244.16,5151.92,5184.72,0,1558.45,6207.68,3040.7,19.18,-0.14,-0.75,7.6707,-0.0089,-2566.62,-1227.92,963,993,101,0.97,70.28,65.72,500,48.67,101.77,109.89,50.53,100.34,136.16,78.98,1718.27,3.22,8.53
2010-08-12,5184.45,5219.98,5131.94,5167.35,0,2251.0,6186.8,3040.43,18.84,-0.34,-1.76,7.6741,0.0034,-486.96,-4235.23,673,1255,86,0.536,70.33,65.5,500,48.67,101.77,109.89,50.53,100.34,139.53,79.05,1713.48,3.24,8.53
2010-08-13,5157.7,5184.54,5134.83,5161.66,0,3752.17,6167.11,3026.59,17.3,-1.54,-8.19,7.6568,-0.0173,-1741.22,-1869.87,801,1155,107,0.694,69.92,59.2,500,48.67,101.77,109.89,50.53,100.34,139.06,79.25,1691.84,3.19,8.53
2010-08-16,5152.09,5219.01,5125.57,5192.28,0,2748.04,6171.41,3045.79,19.72,2.42,14.0,7.6602,0.0033,778.27,-924.16,989,966,68,1.024,70.63,60.1,500,48.67,101.77,109.89,50.53,100.34,142.45,79.17,1710.01,3.2,8.53
2010-08-17,5181.81,5212.46,5112.76,5143.18,0,5074.87,6098.27,3002.23,21.74,2.02,10.22,7.6532,-0.007,159.5,761.46,1115,897,43,1.243,69.49,65.95,500,48.67,101.77,109.89,50.53,100.34,135.58,79.03,1725.95,3.25,8.53
2010-08-18,5139.82,5191.79,5106.25,5158.1,0,4183.21,6124.09,3001.77,18.93,-2.8,-12.9,7.6574,0.0042,680.34,-808.15,800,1230,121,0.65,69.18,63.89,500,48.67,101.77,109.89,50.53,100.34,135.42,78.28,1743.99,3.28,8.53
2010-08-19,5168.45,5261.34,5111.19,5203.69,0,2604.77,6204.95,3032.63,14.35,-4.58,-24.2,7.6498,-0.0076,864.1,1862.26,489,1513,34,0.323,69.03,65.87,500,48.67,101.77,109.89,50.53,100.34,133.87,78.14,1724.25,3.37,8.53
2010-08-20,5197.93,5304.12,5177.17,5283.02,0,2610.46,6336.78,3102.31,14.99,0.64,4.48,7.6311,-0.0187,-201.2,-219.46,435,1543,40,0.282,70.16,58.94,500,48.67,101.77,109.89,50.53,100.34,133.76,78.77,1716.77,3.33,8.53
2010-08-23,5288.04,5288.94,5259.04,5259.93,0,4591.15,6301.92,3080.72,21.13,6.13,40.91,7.6271,-0.004,-1785.66,-1954.08,757,1219,52,0.621,69.26,62.26,500,48.67,101.77,109.89,50.53,100.34,135.49,79.02,1730.48,3.34,8.53
2010-08-24,5261.32,5384.62,5238.48,5361.35,0,1924.43,6414.19,3141.18,13.82,-7.31,-34.61,7.62,-0.0071,-1323.63,-1302.86,651,1266,51,0.514,68.57,59.32,500,48.67,101.77,109.89,50.53,100.34,134.81,79.39,1743.16,3.4,8.53
2010-08-25,5350.34,5380.43,5319.85,5349.94,0,1697.83,6368.71,3110.11,16.85,3.03,21.93,7.6191,-0.0009,-841.88,1440.33,829,1175,65,0.706,68.51,59.83,500,48.67,101.77,109.89,50.53,100.34,132.54,79.76,1740.98,3.42,8.53
2010-08-26,5333.09,5371.9,5259.02,5297.57,0,1612.51,6308.32,3069.83,16.16,-0.69,-4.08,7.6422,0.0231,2498.24,524.88,1334,681,96,1.959,69.16,56.99,500,48.67,101.77,109.89,50.53,100.34,138.54,80.08,1744.52,3.41,8.53
2010-08-27,5296.92,5352.35,5156.77,5211.31,0,2915.09,6196.81,3037.29,17.21,1.05,6.49,7.6386,-0.0036,415.24,-537.2,886,1069,118,0.829,71.19,65.69,500,48.67,101.77,109.89,50.53,100.34,134.62,79.89,1753.38,3.37,8.53
2010-08-30,5225.12,5298.38,5171.79,5244.85,0,2167.36,6189.26,3037.65,17.15,-0.05,-0.31,7.6511,0.0125,-69.69,-2729.26,748,1246,122,0.6,73.74,65.77,500,48.67,101.77,109.89,50.53,100.34,134.87,80.28,1747.28,3.3,8.53
2010-08-31,5239.26,5263.91,5209.17,5233.79,0,2848.16,6173.66,3050.17,20.29,3.14,18.28,7.6499,-0.0012,-264.01,-432.39,894,1191,128,0.751,74.59,64.74,500,48.67,101.77,109.89,50.53,100.34,139.7,80.17,1742.27,3.29,8.53
2010-09-01,5229.78,5267.68,5152.37,5189.98,0,1854.9,6105.96,3025.01,20.31,0.02,0.09,7.6404,-0.0095,2313.64,-474.24,891,1034,62,0.862,72.78,66.71,500,48.52,101.73,110.94,54.41,100.02,143.75,80.05,1720.01,3.29,8.53
2010-09-02,5202.94,5302.14,5137.71,5236.48,0,2464.52,6187.12,3050.64,17.35,-2.96,-14.58,7.6553,0.0149,1586.62,3559.29,701,1302,111,0.538,71.51,68.24,500,48.52,101.73,110.94,54.41,100.02,146.04,80.22,1727.16,3.36,8.53
2010-09-03,5236.61,5295.79,5221.3,5280.36,0,5294.27,6251.48,3054.7,15.58,-1.77,-10.2,7.6502,-0.005,-411.58,-964.17,698,1301,24,0.537,71.3,64.72,500,48.52,101.73,110.94,54.41,100.02,140.51,79.97,1751.43,3.37,8.53
2010-09-06,5266.17,5298.72,5211.35,5243.77,0,2145.42,6234.13,3040.93,22.11,6.54,41.97,7.6538,0.0036,256.37,4280.24,1030,886,29,1.163,70.86,65.39,500,48.52,101.73,110.94,54.41,100.02,139.15,79.81,1773.55,3.4,8.53
2010-09-07,5238.5,5297.14,5223.2,5281.71,0,2025.26,6304.57,3060.39,14.4,-7.71,-34.88,7.6586,0.0048,-958.61,-810.08,638,1410,119,0.452,67.6,57.59,500,48.52,101.73,110.94,54.41,100.02,143.25,80.11,1784.04,3.39,8.53
2010-09-08,5284.37,5322.9,5204.25,5242.48,0,3545.78,6224.79,3024.45,19.58,5.18,36.0,7.6675,0.0089,-585.11,-530.29,1030,1033,82,0.997,70.99,62.83,500,48.52,101.73,110.94,54.41,100.02,144.92,80.1,1765.45,3.37,8.53
2010-09-09,5244.38,5304.09,5226.39,5285.96,0,1595.86,6280.06,3036.32,18.06,-1.53,-7.81,7.6859,0.0184,138.55,2123.43,738,1246,58,0.592,73.3,71.0,500,48.52,101.73,110.94,54.41,100.02,149.54,80.12,1779.78,3.32,8.53
2010-09-10,5296.57,5446.36,5227.95,5376.69,0,3055.74,6392.04,3080.63,16.44,-1.62,-8.95,7.6803,-0.0057,-4232.67,541.14,140,1945,61,0.072,72.89,70.69,500,48.52,101.73,110.94,54.41,100.02,153.14,80.7,1807.85,3.26,8.53
2010-09-13,5367.39,5396.98,5272.51,5301.74,0,3617.43,6356.23,3027.66,20.54,4.1,24.93,7.6904,0.0102,-591.95,2814.31,1312,609,36,2.154,74.83,61.51,500,48.52,101.73,110.94,54.41,100.02,160.62,80.49,1864.1,3.33,8.53
2010-09-14,5298.77,5340.39,5287.57,5329.13,0,5525.98,6405.05,3058.11,16.75,-3.78,-18.43,7.7313,0.0409,-201.0,-1555.78,838,1230,80,0.681,73.96,64.54,500,48.52,101.73,110.94,54.41,100.02,159.07,80.17,1894.49,3.32,8.53
2010-09-15,5308.12,5312.53,5249.88,5254.25,0,2755.23,6294.15,3001.64,18.12,1.36,8.14,7.7296,-0.0017,-7386.97,1110.6,1286,626,86,2.054,74.32,72.61,500,48.52,101.73,110.94,54.41,100.02,159.64,80.53,1851.45,3.28,8.53
2010-09-16,5249.21,5303.74,5075.96,5129.25,0,1314.9,6159.53,2941.86,18.94,0.82,4.55,7.7243,-0.0053,-1663.94,973.47,1357,597,61,2.273,75.21,72.44,500,48.52,101.73,110.94,54.41,100.02,159.48,80.62,1849.62,3.26,8.53
2010-09-17,5139.54,5200.94,5078.5,5139.89,0,4706.56,6179.12,2954.91,16.82,-2.12,-11.21,7.7114,-0.0129,4293.94,-416.59,604,1481,38,0.408,77.47,67.54,500,48.52,101.73,110.94,54.41,100.02,163.67,80.1,1849.01,3.27,8.53
2010-09-20,5122.95,5325.18,5064.15,5264.76,0,2907.41,6266.78,3017.63,17.18,0.36,2.14,7.7083,-0.0031,4220.17,-2320.52,388,1655,55,0.234,77.43,63.36,500,48.52,101.73,110.94,54.41,100.02,162.35,80.88,1872.8,3.3,8.53
2010-09-21,5253.93,5323.39,5226.77,5296.01,0,2350.27,6268.31,3014.5,19.91,2.73,15.91,7.689,-0.0193,1054.28,3905.47,901,1029,48,0.876,76.12,65.0,500,48.52,101.73,110.94,54.41,100.02,162.89,80.64,1884.81,3.29,8.53
2010-09-22,5311.0,5346.71,5211.07,5246.35,0,3028.08,6215.31,3001.12,16.09,-3.82,-19.17,7.6789,-0.0101,-2997.2,-2562.3,1059,1023,50,1.035,75.04,68.65,500,48.52,101.73,110.94,54.41,100.02,164.13,80.71,1937.2,3.28,8.53
2010-09-23,5247.92,5312.24,5167.2,5231.32,0,2042.25,6201.49,2975.56,22.77,6.68,41.5,7.6502,-0.0287,2197.22,-2089.62,969,980,26,0.989,76.62,69.3,500,48.52,101.73,110.94,54.41,100.02,159.99,81.03,1933.43,3.31,8.53
2010-09-24,5210.86,5310.58,5208.26,5307.93,0,2964.34,6283.18,3012.71,13.82,-8.96,-39.34,7.6377,-0.0125,-2481.02,-3736.75,417,1503,58,0.277,76.78,64.09,500,48.52,101.73,110.94,54.41,100.02,157.31,80.77,1929.11,3.32,8.53
2010-09-27,5307.21,5341.96,5239.37,5273.9,0,1834.72,6291.17,3004.77,20.78,6.96,50.38,7.6204,-0.0172,452.33,2461.43,703,1220,24,0.576,76.8,64.17,500,48.52,101.73,110.94,54.41,100.02,164.11,80.63,1911.13,3.35,8.53
2010-09-28,5258.35,5307.09,5217.19,5265.87,0,4880.47,6293.99,2983.14,21.38,0.6,2.9,7.6318,0.0114,925.64,396.22,870,1180,52,0.737,77.56,71.52,500,48.52,101.73,110.94,54.41,100.02,162.87,80.5,1917.87,3.37,8.53
2010-09-29,5274.24,5305.16,5233.85,5264.72,0,1382.51,6296.7,2972.1,16.43,-4.94,-23.13,7.6356,0.0038,1137.02,299.49,856,1162,124,0.737,78.44,63.69,500,48.52,101.73,110.94,54.41,100.02,170.58,80.23,1924.3,3.33,8.53
2010-09-30,5267.47,5315.33,5184.84,5232.38,0,5798.69,6270.1,2964.96,17.63,1.19,7.24,7.6411,0.0055,-4242.51,1929.84,823,1222,120,0.673,78.75,66.15,500,48.52,101.73,110.94,54.41,100.02,173.4,80.87,1931.98,3.29,8.53
2010-10-01,5235.27,5293.26,5150.54,5208.24,0,5343.16,6238.02,2957.01,16.63,-1.0,-5.65,7.6226,-0.0185,1315.22,4028.57,1027,1028,21,0.999,78.45,70.1,500,47.7,102.3,111.6,55.23,99.5,171.57,80.59,1925.62,3.26,7.26
2010-10-04,5196.47,5218.32,5139.43,5161.14,0,4328.88,6208.86,2936.93,16.09,-0.54,-3.22,7.6071,-0.0155,5750.87,255.13,998,1042,116,0.958,80.01,72.06,500,47.7,102.3,111.6,55.23,99.5,167.46,80.83,1913.45,3.27,7.26
2010-10-05,5167.27,5215.26,5046.95,5094.26,0,5506.51,6159.3,2905.48,21.44,5.35,33.25,7.5907,-0.0164,5146.06,18.56,1453,545,104,2.666,79.63,69.55,500,47.7,102.3,111.6,55.23,99.5,175.16,81.18,1901.48,3.19,7.26
2010-10-06,5087.25,5162.23,5070.51,5145.3,0,1932.24,6173.38,2913.72,19.92,-1.52,-7.11,7.5853,-0.0054,4866.72,-1706.59,573,1448,22,0.396,80.55,76.07,500,47.7,102.3,111.6,55.23,99.5,180.65,81.17,1918.98,3.2,7.26
2010-10-07,5141.45,5220.33,5123.65,5202.32,0,1801.52,6211.16,2937.4,17.52,-2.4,-12.03,7.5757,-0.0096,950.18,-3906.06,686,1311,126,0.523,79.47,73.72,500,47.7,102.3,111.6,55.23,99.5,182.58,81.49,1919.4,3.26,7.26
2010-10-08,5190.6,5299.26,5137.45,5245.55,0,2945.04,6285.63,2961.35,16.26,-1.26,-7.19,7.5896,0.0139,-2755.93,-416.64,621,1410,82,0.44,79.43,77.56,500,47.7,102.3,111.6,55.23,99.5,188.73,81.16,1944.47,3.26,7.26
2010-10-11,5231.62,5310.16,5206.94,5285.23,0,3229.63,6321.74,2967.91,17.47,1.21,7.43,7.6136,0.024,1808.71,2344.43,728,1301,67,0.56,78.94,67.52,500,47.7,102.3,111.6,55.23,99.5,190.13,81.08,1988.25,3.28,7.26
2010-10-12,5298.13,5376.17,5236.29,5314.15,0,2011.73,6360.6,2970.28,19.12,1.65,9.43,7.625,0.0114,-666.23,-2671.21,770,1146,53,0.672,78.66,69.83,500,47.7,102.3,111.6,55.23,99.5,194.27,81.41,2007.75,3.26,7.26
2010-10-13,5305.31,5357.04,5280.58,5332.19,0,6097.18,6384.54,2969.89,17.89,-1.23,-6.42,7.6175,-0.0075,-1529.64,4588.1,744,1210,101,0.615,76.99,76.72,500,47.7,102.3,111.6,55.23,99.5,188.33,81.19,1970.76,3.27,7.26
2010-10-14,5340.13,5428.5,5300.04,5388.05,0,2243.27,6456.56,3000.41,15.62,-2.27,-12.68,7.6242,0.0067,643.86,-548.2,637,1446,93,0.441,76.55,66.16,500,47.7,102.3,111.6,55.23,99.5,185.71,81.05,1945.33,3.24,7.26
2010-10-15,5378.18,5415.71,5280.35,5317.46,0,1402.22,6349.23,2958.32,16.16,0.54,3.45,7.6251,0.0009,-776.51,-183.87,1265,675,54,1.874,78.32,81.64,500,47.7,102.3,111.6,55.23,99.5,178.45,81.14,1930.27,3.25,7.26
2010-10-18,5320.38,5361.05,5289.3,5329.91,0,1420.61,6355.87,2972.57,15.72,-0.44,-2.74,7.5981,-0.027,87.92,1005.06,646,1294,68,0.499,77.18,69.82,500,47.7,102.3,111.6,55.23,99.5,173.58,81.43,1932.81,3.23,7.26
2010-10-19,5306.59,5349.53,5297.11,5339.99,0,3275.04,6406.29,2971.18,14.57,-1.15,-7.29,7.5796,-0.0186,354.07,1098.8,494,1445,60,0.342,79.38,72.83,500,47.7,102.3,111.6,55.23,99.5,169.8,81.09,1923.04,3.22,7.26
2010-10-20,5344.55,5383.31,5270.41,5308.91,0,4396.77,6395.2,2958.24,20.39,5.81,39.89,7.5841,0.0046,2640.19,1429.52,969,1063,63,0.912,80.91,76.82,500,47.7,102.3,111.6,55.23,99.5,170.35,81.08,1947.42,3.18,7.26
2010-10-21,5314.57,5396.57,5288.18,5369.91,0,2578.59,6480.01,2977.17,14.95,-5.43,-26.65,7.575,-0.0092,2028.49,372.62,856,1102,87,0.777,82.1,78.49,500,47.7,102.3,111.6,55.23,99.5,162.0,81.37,1981.29,3.18,7.26
2010-10-22,5364.14,5483.29,5325.12,5443.7,0,4166.78,6559.01,2990.02,20.55,5.6,37.44,7.5983,0.0233,1395.53,4159.55,665,1361,73,0.489,83.71,79.64,500,47.7,102.3,111.6,55.23,99.5,169.43,81.45,2005.37,3.16,7.26
2010-10-25,5452.69,5547.76,5414.7,5509.37,0,2701.42,6667.69,3039.24,17.33,-3.22,-15.67,7.601,0.0027,399.42,-1004.08,514,1566,111,0.328,82.36,74.85,500,47.7,102.3,111.6,55.23,99.5,174.36,81.54,1988.96,3.12,7.26
2010-10-26,5509.92,5576.6,5463.76,5530.27,0,5118.95,6662.12,3048.43,18.03,0.7,4.06,7.6226,0.0216,1502.17,-307.58,918,1145,45,0.802,82.28,80.3,500,47.7,102.3,111.6,55.23,99.5,169.29,81.32,2015.68,3.09,7.26
2010-10-27,5526.26,5637.9,5494.65,5605.83,0,4042.92,6694.44,3093.04,17.47,-0.57,-3.14,7.6211,-0.0016,820.08,-1230.53,668,1425,122,0.469,82.06,73.04,500,47.7,102.3,111.6,55.23,99.5,167.38,81.61,2005.64,3.09,7.26
2010-10-28,5610.63,5626.86,5533.35,5549.41,0,1805.23,6639.58,3060.78,20.11,2.64,15.13,7.6131,-0.0079,-4322.14,617.3,1035,1051,86,0.985,83.01,77.88,500,47.7,102.3,111.6,55.23,99.5,168.33,81.64,2016.85,3.09,7.26
2010-10-29,5545.85,5590.6,5509.57,5554.27,0,2030.26,6647.39,3078.39,15.77,-4.34,-21.58,7.6193,0.0061,2970.74,-892.39,711,1363,70,0.522,83.65,70.78,500,47.7,102.3,111.6,55.23,99.5,169.35,82.29,2056.89,3.09,7.26
2010-11-01,5554.71,5594.7,5502.97,5542.87,0,1594.13,6586.78,3083.27,20.23,4.46,28.26,7.6348,0.0155,1429.04,-4642.52,891,1045,81,0.853,84.2,80.88,500,47.85,102.25,105.34,55.06,100.0,170.16,82.25,2087.68,3.11,7.26
2010-11-02,5516.06,5584.12,5477.02,5544.87,0,4326.9,6590.51,3073.63,18.13,-2.09,-10.35,7.639,0.0042,1027.49,1424.29,803,1280,39,0.627,82.77,76.77,500,47.85,102.25,105.34,55.06,100.0,173.71,82.06,2062.16,3.12,7.26
2010-11-03,5560.46,5650.29,5514.49,5603.97,0,4211.25,6632.73,3094.49,16.24,-1.89,-10.45,7.6419,0.003,-1525.86,-1303.94,605,1301,46,0.465,81.64,74.5,500,47.85,102.25,105.34,55.06,100.0,176.53,82.85,2094.27,3.02,7.26
2010-11-04,5614.18,5715.52,5613.07,5714.4,0,1734.87,6757.19,3152.23,18.57,2.34,14.38,7.6313,-0.0106,3430.87,218.75,380,1635,70,0.232,86.53,77.18,500,47.85,102.25,105.34,55.06,100.0,180.38,82.47,2105.27,3.0,7.26
2010-11-05,5701.72,5846.06,5651.69,5795.21,0,2926.67,6851.03,3205.51,17.27,-1.31,-7.03,7.6339,0.0026,-1017.9,2043.57,578,1343,109,0.43,86.3,75.26,500,47.85,102.25,105.34,55.06,100.0,186.53,82.78,2125.67,3.01,7.26
2010-11-08,5801.13,5837.78,5678.17,5714.26,0,1629.08,6789.52,3169.52,17.67,0.4,2.32,7.6401,0.0062,1014.78,81.11,1170,765,29,1.529,85.82,79.36,500,47.85,102.25,105.34,55.06,100.0,186.74,82.87,2108.75,2.97,7.26
2010-11-09,5703.68,5738.1,5681.06,5715.43,0,5819.55,6795.84,3173.84,21.81,4.14,23.45,7.6315,-0.0086,3383.7,4989.7,978,1022,66,0.957,85.36,83.53,500,47.85,102.25,105.34,55.06,100.0,188.62,83.06,2139.83,3.0,7.26
2010-11-10,5728.53,5794.97,5668.28,5734.66,0,3627.11,6806.46,3167.83,17.13,-4.68,-21.46,7.6543,0.0228,2287.26,3037.52,562,1509,57,0.372,85.06,82.96,500,47.85,102.25,105.34,55.06,100.0,177.32,83.26,2159.24,3.04,7.26
2010-11-11,5723.97,5754.76,5623.61,5654.02,0,2859.82,6739.64,3147.21,20.75,3.62,21.14,7.6649,0.0106,-2193.19,-803.67,1380,528,94,2.614,86.57,82.98,500,47.85,102.25,105.34,55.06,100.0,177.13,83.73,2163.23,3.04,7.26
2010-11-12,5650.89,5786.8,5614.93,5750.2,0,3261.48,6832.93,3190.74,15.67,-5.08,-24.48,7.652,-0.0129,987.37,-2926.69,483,1453,22,0.332,86.38,80.71,500,47.85,102.25,105.34,55.06,100.0,175.74,83.05,2118.38,3.03,7.26
2010-11-15,5736.78,5766.72,5721.1,5750.99,0,2704.6,6822.29,3170.1,16.16,0.49,3.13,7.6394,-0.0125,-651.11,-1325.28,647,1366,116,0.474,85.22,81.06,500,47.85,102.25,105.34,55.06,100.0,178.27,82.84,2147.68,3.1,7.26
2010-11-16,5740.38,5766.29,5629.49,5655.03,0,1847.8,6691.14,3124.49,21.51,5.35,33.08,7.6561,0.0167,1186.95,1820.41,1280,652,92,1.963,84.21,78.19,500,47.85,102.25,105.34,55.06,100.0,171.9,83.63,2146.49,3.04,7.26
2010-11-17,5648.36,5707.01,5606.48,5665.0,0,3000.05,6710.15,3127.56,15.38,-6.14,-28.52,7.6578,0.0017,1895.11,526.01,671,1310,43,0.512,83.45,81.91,500,47.85,102.25,105.34,55.06,100.0,175.4,83.46,2186.89,3.1,7.26
2010-11-18,5655.77,5680.11,5625.11,5649.42,0,2705.37,6654.47,3103.94,18.86,3.48,22.66,7.6538,-0.0039,-1039.53,2098.05,896,1102,71,0.813,83.16,77.25,500,47.85,102.25,105.34,55.06,100.0,172.55,83.45,2227.76,3.06,7.26
2010-11-19,5656.59,5690.55,5601.71,5635.54,0,3024.05,6637.42,3114.02,20.36,1.5,7.95,7.639,-0.0148,3973.47,1738.25,908,1053,64,0.862,82.34,71.12,500,47.85,102.25,105.34,55.06,100.0,171.95,82.86,2204.89,3.07,7.26
2010-11-22,5643.55,5676.68,5525.97,5558.61,0,2406.7,6546.0,3077.25,19.68,-0.68,-3.33,7.6319,-0.0071,695.24,9420.15,1262,781,97,1.616,82.82,75.05,500,47.85,102.25,105.34,55.06,100.0,168.18,82.79,2256.73,3.08,7.26
2010-11-23,5571.89,5626.8,5484.71,5539.3,0,1170.74,6486.92,3049.18,18.01,-1.67,-8.5,7.6483,0.0164,2460.84,254.08,947,1101,87,0.86,83.32,86.83,500,47.85,102.25,105.34,55.06,100.0,166.27,83.23,2268.17,3.07,7.26
2010-11-24,5545.64,5567.13,5478.39,5499.69,0,3376.48,6453.88,3014.75,17.92,-0.09,-0.48,7.6508,0.0025,-1965.77,3617.31,1172,765,26,1.532,85.35,79.45,500,47.85,102.25,105.34,55.06,100.0,165.3,83.22,2263.21,3.07,7.26
2010-11-25,5490.46,5546.17,5439.42,5495.09,0,6077.45,6484.57,3011.32,18.22,0.3,1.65,7.6475,-0.0033,297.64,-1275.88,708,1345,128,0.526,85.35,76.85,500,47.85,102.25,105.34,55.06,100.0,160.37,82.72,2253.34,3.05,7.26
2010-11-26,5500.12,5545.59,5460.82,5506.25,0,1829.37,6555.22,3018.29,19.44,1.22,6.7,7.6516,0.0041,1127.34,1924.12,735,1318,69,0.558,85.59,86.7,500,47.85,102.25,105.34,55.06,100.0,165.87,82.4,2238.06,3.03,7.26
2010-11-29,5504.64,5547.47,5355.97,5397.96,0,3908.86,6406.37,2966.55,20.36,0.93,4.76,7.6706,0.0191,2378.96,-1682.09,1520,545,124,2.789,84.8,70.32,500,47.85,102.25,105.34,55.06,100.0,166.02,83.19,2225.83,2.99,7.26
2010-11-30,5399.05,5444.38,5395.95,5441.26,0,3838.17,6478.19,2981.65,15.65,-4.71,-23.15,7.6722,0.0015,-7376.44,-1257.33,765,1145,108,0.668,83.63,77.94,500,47.85,102.25,105.34,55.06,100.0,166.02,83.02,2247.13,2.97,7.26
2010-12-01,5459.37,5567.78,5425.94,5533.9,0,2717.75,6577.4,3051.95,17.31,1.67,10.64,7.6662,-0.006,8478.02,2264.71,408,1626,39,0.251,83.55,74.8,500,47.2,102.74,108.41,59.42,100.52,162.82,83.45,2194.84,2.98,7.26
2010-12-02,5535.85,5593.13,5493.78,5550.95,0,2432.01,6585.26,3067.85,17.86,0.55,3.17,7.6551,-0.0111,4145.53,472.63,618,1458,119,0.424,84.66,78.36,500,47.2,102.74,108.41,59.42,100.52,162.28,83.76,2206.28,2.92,7.26
2010-12-03,5555.75,5736.4,5501.43,5680.86,0,2943.41,6718.07,3132.03,17.74,-0.12,-0.69,7.6564,0.0014,2610.29,-2156.05,469,1571,75,0.299,85.32,75.55,500,47.2,102.74,108.41,59.42,100.52,161.73,83.76,2212.34,2.94,7.26
2010-12-06,5667.19,5672.2,5660.47,5665.48,0,2163.9,6716.32,3142.5,18.67,0.93,5.23,7.6702,0.0138,2042.65,885.6,602,1385,52,0.435,84.61,79.16,500,47.2,102.74,108.41,59.42,100.52,157.54,83.79,2226.6,2.9,7.26
2010-12-07,5666.2,5685.21,5661.56,5680.56,0,3213.46,6765.81,3175.66,17.72,-0.94,-5.06,7.6746,0.0044,-3990.81,278.57,619,1323,108,0.468,86.86,81.73,500,47.2,102.74,108.41,59.42,100.52,167.46,84.2,2210.73,2.92,7.26
2010-12-08,5687.81,5749.69,5591.75,5653.26,0,4203.83,6718.72,3151.57,22.46,4.74,26.74,7.6661,-0.0085,-2075.93,-593.42,833,1171,29,0.711,86.4,73.52,500,47.2,102.74,108.41,59.42,100.52,170.48,84.25,2173.14,2.88,7.26
2010-12-09,5637.89,5691.05,5530.74,5583.38,0,5721.1,6678.75,3102.51,16.94,-5.53,-24.6,7.6532,-0.0129,728.02,-4882.37,1169,736,106,1.588,88.39,84.99,500,47.2,102.74,108.41,59.42,100.52,166.6,84.34,2129.52,2.85,7.26
2010-12-10,5594.56,5743.58,5535.74,5683.82,0,4609.42,6820.84,3171.58,18.53,1.59,9.39,7.6466,-0.0066,-1195.83,976.11,340,1574,119,0.216,89.31,81.82,500,47.2,102.74,108.41,59.42,100.52,168.77,84.42,2150.92,2.87,7.26
2010-12-13,5692.23,5840.04,5643.17,5790.15,0,5497.31,6971.79,3262.82,16.78,-1.74,-9.41,7.6526,0.006,-4111.84,1454.45,434,1530,24,0.284,88.18,83.77,500,47.2,102.74,108.41,59.42,100.52,164.24,84.42,2151.23,2.93,7.26
2010-12-14,5785.68,5888.04,5757.99,5859.99,0,4698.91,7037.52,3307.68,18.67,1.89,11.28,7.6434,-0.0092,2739.5,2963.29,532,1563,73,0.34,88.9,74.62,500,47.2,102.74,108.41,59.42,100.52,167.48,84.86,2179.06,2.89,7.26
2010-12-15,5860.44,5876.76,5824.43,5840.7,0,4339.85,7011.86,3300.56,19.38,0.7,3.76,7.6218,-0.0216,-757.63,467.87,833,1189,46,0.701,89.17,75.03,500,47.2,102.74,108.41,59.42,100.52,166.03,85.01,2202.61,2.89,7.26
2010-12-16,5862.42,5916.84,5774.48,5828.58,0,7022.79,6991.5,3280.88,22.34,2.96,15.29,7.6259,0.0042,338.52,-776.55,970,1101,69,0.881,89.9,82.46,500,47.2,102.74,108.41,59.42,100.52,166.01,84.94,2183.53,2.86,7.26
2010-12-17,5853.29,5884.39,5707.17,5737.65,0,4916.63,6843.3,3216.83,20.94,-1.4,-6.28,7.6199,-0.006,439.53,-4779.81,1179,770,114,1.531,91.19,83.45,500,47.2,102.74,108.41,59.42,100.52,162.25,84.66,2207.39,2.84,7.26
2010-12-20,5735.17,5843.28,5684.28,5791.88,0,3620.17,6890.32,3237.92,16.54,-4.4,-21.0,7.6206,0.0007,1398.2,-1227.31,798,1185,51,0.673,90.47,78.66,500,47.2,102.74,108.41,59.42,100.52,161.79,85.21,2170.78,2.85,7.26
2010-12-21,5795.2,5825.51,5720.7,5750.77,0,3246.81,6874.13,3229.02,18.2,1.66,10.03,7.6339,0.0132,695.72,-864.06,1086,895,99,1.213,91.51,83.85,500,47.2,102.74,108.41,59.42,100.52,155.75,85.32,2151.96,2.88,7.26
2010-12-22,5745.71,5809.69,5600.47,5663.53,0,2491.29,6804.12,3186.53,16.52,-1.68,-9.22,7.6409,0.007,-1005.33,327.33,865,1176,82,0.736,90.57,85.09,500,47.2,102.74,108.41,59.42,100.52,153.36,85.52,2166.67,2.93,7.26
2010-12-23,5656.04,5719.27,5641.0,5704.1,0,2893.32,6856.3,3207.83,18.29,1.77,10.69,7.639,-0.0019,-3134.95,1378.2,879,1181,34,0.744,90.23,83.05,500,47.2,102.74,108.41,59.42,100.52,154.24,85.45,2163.43,2.93,7.26
2010-12-24,5690.63,5746.66,5665.7,5721.59,0,3321.06,6876.0,3224.17,18.4,0.11,0.59,7.6313,-0.0078,1277.03,19.51,665,1414,30,0.47,91.25,82.23,500,47.2,102.74,108.41,59.42,100.52,156.13,85.7,2211.45,2.9,7.26
2010-12-27,5731.15,5736.3,5672.31,5677.42,0,1431.54,6816.31,3211.37,16.48,-1.92,-10.41,7.6416,0.0103,2430.56,-1141.78,1126,895,89,1.258,90.72,86.7,500,47.2,102.74,108.41,59.42,100.52,149.57,85.31,2232.44,2.92,7.26
2010-12-28,5681.12,5790.64,5629.27,5738.26,0,4400.59,6850.92,3236.07,11.84,-4.64,-28.18,7.6428,0.0012,15.04,854.12,440,1569,121,0.28,91.6,83.13,500,47.2,102.74,108.41,59.42,100.52,148.05,85.22,2233.03,2.92,7.26
2010-12-29,5739.31,5773.59,5717.27,5751.49,0,1585.52,6909.93,3259.21,12.48,0.65,5.47,7.6449,0.0021,2253.2,-1879.33,914,1084,105,0.843,91.74,87.19,500,47.2,102.74,108.41,59.42,100.52,149.08,85.62,2221.96,2.87,7.26
2010-12-30,5736.7,5765.83,5647.81,5676.63,0,3741.06,6881.12,3231.65,19.88,7.4,59.27,7.6512,0.0063,650.77,-253.01,1009,1045,68,0.966,92.21,86.7,500,47.2,102.74,108.41,59.42,100.52,149.69,85.7,2264.64,2.9,7.26
2010-12-31,5705.15,5741.46,5589.6,5625.41,0,3942.51,6781.2,3209.25,20.15,0.27,1.34,7.6395,-0.0117,13.48,2091.11,1110,823,21,1.349,91.63,83.75,500,47.2,102.74,108.41,59.42,100.52,152.77,85.86,2270.85,2.89,7.26
2011-01-03,5613.45,5655.85,5602.21,5644.54,0,2521.74,6767.92,3206.56,18.74,-1.41,-7.01,7.6274,-0.0122,-1085.4,-584.22,809,1275,38,0.635,93.86,84.9,500,50.69,103.04,112.79,55.47,100.88,154.81,85.65,2281.31,2.86,8.2
2011-01-04,5654.6,5690.55,5594.41,5630.2,0,2839.95,6759.91,3208.18,16.61,-2.12,-11.33,7.631,0.0036,527.18,-1261.64,894,1128,43,0.793,93.33,86.84,500,50.69,103.04,112.79,55.47,100.88,155.64,85.93,2279.96,2.87,8.2
2011-01-05,5625.68,5674.61,5590.44,5639.29,0,3272.65,6798.22,3215.39,15.24,-1.37,-8.27,7.6294,-0.0016,368.12,348.35,909,1061,35,0.857,96.0,84.03,500,50.69,103.04,112.79,55.47,100.88,152.6,85.97,2250.73,2.9,8.2
2011-01-06,5624.52,5674.5,5539.32,5588.98,0,3264.45,6735.76,3184.04,19.79,4.55,29.85,7.633,0.0036,729.28,2180.13,904,998,22,0.906,96.0,84.3,500,50.69,103.04,112.79,55.47,100.88,149.25,85.42,2266.74,2.88,8.2
2011-01-07,5591.61,5601.79,5547.33,5557.45,0,2896.78,6685.17,3146.2,22.05,2.26,11.41,7.6462,0.0132,3394.51,-1337.46,1071,971,26,1.103,96.0,90.88,500,50.69,103.04,112.79,55.47,100.88,154.15,85.71,2265.63,2.92,8.2
2011-01-10,5544.8,5704.84,5509.31,5668.56,0,3119.4,6807.78,3200.36,14.38,-7.67,-34.78,7.6251,-0.021,-1592.96,607.99,500,1400,101,0.357,96.0,85.98,500,50.69,103.04,112.79,55.47,100.88,150.52,85.9,2218.86,2.98,8.2
2011-01-11,5667.8,5714.33,5516.16,5561.82,0,2094.55,6691.2,3151.47,19.84,5.46,37.98,7.6186,-0.0065,-498.37,-3148.76,1468,447,38,3.284,96.0,89.56,500,50.69,103.04,112.79,55.47,100.88,149.55,85.85,2259.19,2.93,8.2
2011-01-12,5569.18,5600.43,5482.91,5513.85,0,5493.95,6678.02,3151.64,17.89,-1.95,-9.84,7.6287,0.0101,-103.22,-1926.14,950,1111,122,0.855,96.0,85.25,500,50.69,103.04,112.79,55.47,100.88,142.02,85.65,2254.57,2.88,8.2
2011-01-13,5495.34,5544.89,5469.48,5518.92,0,2531.26,6679.34,3153.95,19.61,1.72,9.63,7.647,0.0183,-2060.69,7042.05,695,1226,84,0.567,96.0,96.81,500,50.69,103.04,112.79,55.47,100.88,138.98,86.04,2243.2,2.87,8.2
2011-01-14,5511.74,5583.44,5470.66,5542.13,0,7079.43,6712.42,3165.42,17.55,-2.06,-10.51,7.6348,-0.0122,-4067.07,1756.88,634,1285,67,0.493,96.0,89.32,500,50.69,103.04,112.79,55.47,100.88,145.56,86.61,2228.57,2.83,8.2
2011-01-17,5542.98,5639.63,5496.22,5592.45,0,3332.94,6760.13,3184.01,15.67,-1.88,-10.72,7.6275,-0.0073,-1048.21,1172.47,756,1226,92,0.617,96.0,83.04,500,50.69,103.04,112.79,55.47,100.88,148.13,86.62,2236.55,2.91,8.2
2011-01-18,5595.98,5630.33,5420.5,5453.98,0,1992.71,6622.95,3121.95,19.36,3.69,23.56,7.6204,-0.0071,2395.2,5265.88,1246,779,115,1.599,96.0,92.27,500,50.69,103.04,112.79,55.47,100.88,148.0,86.69,2217.47,2.94,8.2
2011-01-19,5451.68,5493.91,5389.63,5431.71,0,980.56,6617.43,3090.98,17.51,-1.85,-9.54,7.6326,0.0122,-1960.25,4497.12,1005,1080,21,0.931,96.0,92.45,500,50.69,103.04,112.79,55.47,100.88,147.07,86.17,2222.49,2.94,8.2
2011-01-20,5424.13,5561.01,5377.85,5513.97,0,3187.79,6724.25,3162.98,17.32,-0.2,-1.12,7.6099,-0.0227,2052.72,-1541.93,259,1678,34,0.154,96.0,89.45,500,50.69,103.04,112.79,55.47,100.88,145.54,86.5,2207.64,2.97,8.2
2011-01-21,5522.16,5606.03,5504.63,5588.29,0,2398.23,6808.07,3204.21,15.44,-1.87,-10.82,7.6192,0.0092,4006.05,-1468.0,504,1446,42,0.349,96.0,94.53,500,50.69,103.04,112.79,55.47,100.88,137.53,86.44,2241.34,2.98,8.2
2011-01-24,5568.86,5684.46,5524.94,5639.98,0,2049.99,6818.09,3231.14,18.85,3.41,22.09,7.6254,0.0062,-1801.38,148.07,570,1451,88,0.393,96.0,86.42,500,50.69,103.04,112.79,55.47,100.88,135.28,86.58,2249.06,3.06,8.2
2011-01-25,5644.05,5675.95,5462.38,5493.43,0,3625.11,6580.67,3152.1,22.2,3.34,17.74,7.6575,0.0321,511.13,-170.12,1602,367,33,4.365,96.0,90.34,500,50.69,103.04,112.79,55.47,100.88,136.72,86.58,2262.03,3.05,8.2
2011-01-26,5499.25,5574.62,5478.11,5553.26,0,3403.67,6647.57,3201.19,15.34,-6.86,-30.9,7.6564,-0.001,-1303.71,1219.43,721,1250,44,0.577,96.0,84.98,500,50.69,103.04,112.79,55.47,100.88,138.36,86.33,2278.78,3.04,8.2
2011-01-27,5531.97,5660.09,5485.52,5612.96,0,2599.27,6680.18,3206.43,15.44,0.1,0.66,7.6839,0.0275,-609.85,633.91,674,1390,121,0.485,96.0,95.94,500,50.69,103.04,112.79,55.47,100.88,141.56,86.16,2252.07,3.05,8.2
2011-01-28,5609.57,5666.91,5492.48,5549.21,0,4953.97,6596.4,3179.22,16.46,1.02,6.58,7.6896,0.0057,1662.06,1497.3,976,1004,26,0.972,96.0,87.11,500,50.69,103.04,112.79,55.47,100.88,141.34,86.38,2224.15,3.06,8.2
2011-01-31,5561.93,5607.41,5534.23,5579.62,0,3019.39,6627.61,3182.86,18.54,2.09,12.69,7.6827,-0.007,-139.25,769.18,993,973,100,1.021,96.0,93.02,500,50.69,103.04,112.79,55.47,100.88,143.99,86.13,2204.83,3.05,8.2
2011-02-01,5545.83,5604.97,5521.71,5580.7,0,5710.43,6620.4,3186.33,20.34,1.8,9.69,7.6704,-0.0123,-2415.86,-4270.77,949,1070,30,0.887,96.0,91.04,500,48.61,103.42,108.71,55.27,100.77,145.36,85.89,2200.99,3.09,8.2
2011-02-02,5579.0,5630.95,5486.0,5537.57,0,3598.99,6599.02,3167.95,18.63,-1.71,-8.42,7.6724,0.002,5526.03,-3257.07,1153,827,106,1.394,96.0,84.92,500,48.61,103.42,108.71,55.27,100.77,144.49,86.27,2231.52,3.11,8.2
2011-02-03,5536.13,5584.65,5485.37,5533.87,0,1853.23,6613.28,3173.64,17.76,-0.87,-4.69,7.6669,-0.0055,-3125.38,-1021.89,778,1174,92,0.663,96.0,96.43,500,48.61,103.42,108.71,55.27,100.77,139.07,86.7,2221.85,3.07,8.2
2011-02-04,5543.44,5559.75,5502.69,5518.92,0,1975.14,6598.26,3181.69,19.07,1.32,7.41,7.6892,0.0223,-10871.16,-1415.15,907,1138,109,0.797,96.0,92.55,500,48.61,103.42,108.71,55.27,100.77,137.34,86.52,2235.98,3.05,8.2
2011-02-07,5515.8,5557.27,5469.72,5511.16,0,1354.87,6598.03,3188.43,17.02,-2.05,-10.76,7.6891,-0.0001,-627.46,-684.83,765,1250,23,0.612,96.0,84.35,500,48.61,103.42,108.71,55.27,100.77,139.09,86.6,2259.62,3.07,8.2
2011-02-08,5505.09,5538.04,5496.37,5529.28,0,3421.67,6573.38,3181.36,19.93,2.91,17.11,7.6896,0.0005,5872.95,-976.55,574,1476,107,0.389,96.0,88.13,500,48.61,103.42,108.71,55.27,100.77,146.2,86.69,2255.59,3.08,8.2
2011-02-09,5530.96,5556.78,5425.48,5450.93,0,3586.53,6506.66,3145.63,18.84,-1.09,-5.49,7.6688,-0.0207,-2298.06,-702.44,1174,801,128,1.466,96.0,93.07,500,48.61,103.42,108.71,55.27,100.77,148.05,86.83,2252.77,3.08,8.2
2011-02-10,5460.77,5500.76,5439.99,5479.9,0,2018.54,6549.06,3166.92,16.15,-2.69,-14.26,7.6812,0.0123,-7492.37,1074.7,1044,1037,59,1.007,96.0,92.48,500,48.61,103.42,108.71,55.27,100.77,150.12,86.74,2263.54,3.08,8.2
2011-02-11,5484.76,5517.01,5422.82,5454.89,0,2345.66,6555.37,3176.01,18.44,2.29,14.19,7.679,-0.0021,3929.76,383.68,948,1078,103,0.879,96.0,88.08,500,48.61,103.42,108.71,55.27,100.77,147.37,86.76,2264.29,3.1,8.2
2011-02-14,5456.91,5576.7,5416.97,5536.18,0,4608.11,6630.51,3214.27,16.13,-2.32,-12.56,7.6828,0.0038,-2051.65,1049.93,427,1666,64,0.256,96.0,90.88,500,48.61,103.42,108.71,55.27,100.77,144.69,86.28,2255.36,3.1,8.2
2011-02-15,5522.6,5589.53,5496.63,5563.37,0,2807.17,6660.78,3220.26,17.46,1.33,8.26,7.6854,0.0025,-398.53,-3126.47,370,1568,119,0.236,96.0,90.68,500,48.61,103.42,108.71,55.27,100.77,148.43,86.7,2271.1,3.08,8.2
2011-02-16,5567.69,5586.54,5471.1,5489.69,0,3663.89,6535.54,3175.2,19.92,2.47,14.12,7.6923,0.0069,3966.12,-1476.6,1129,801,69,1.409,96.0,88.89,500,48.61,103.42,108.71,55.27,100.77,145.88,86.46,2303.82,3.1,8.2
2011-02-17,5495.85,5590.65,5460.27,5554.69,0,3795.18,6625.77,3225.14,19.67,-0.25,-1.26,7.703,0.0107,-1784.9,1082.29,453,1528,23,0.296,96.0,94.06,500,48.61,103.42,108.71,55.27,100.77,145.52,86.48,2260.57,3.06,8.2
2011-02-18,5573.46,5625.81,5411.56,5462.88,0,3353.56,6521.7,3173.2,20.27,0.6,3.04,7.7238,0.0209,-28.9,2091.37,1025,927,21,1.106,96.0,84.36,500,48.61,103.42,108.71,55.27,100.77,151.41,86.77,2249.02,3.06,8.2
2011-02-21,5480.78,5498.13,5406.81,5423.98,0,2176.14,6516.61,3180.55,18.97,-1.3,-6.43,7.7004,-0.0235,-2875.89,-152.22,965,995,58,0.97,96.0,76.73,500,48.61,103.42,108.71,55.27,100.77,152.94,86.56,2235.58,3.09,8.2
2011-02-22,5422.52,5456.36,5354.23,5387.85,0,4180.77,6457.52,3159.38,20.34,1.37,7.25,7.7046,0.0042,698.67,-2136.13,890,1184,51,0.752,96.0,89.14,500,48.61,103.42,108.71,55.27,100.77,150.14,86.24,2250.41,3.05,8.2
2011-02-23,5390.5,5456.79,5356.98,5423.07,0,2143.01,6496.7,3178.39,15.58,-4.76,-23.4,7.7133,0.0086,-1136.82,5471.62,1078,833,31,1.294,94.18,93.06,500,48.61,103.42,108.71,55.27,100.77,155.68,86.23,2210.33,3.09,8.2
2011-02-24,5430.91,5496.14,5418.37,5483.48,0,2387.56,6580.37,3205.4,14.59,-0.99,-6.34,7.6846,-0.0286,2492.96,3526.65,656,1410,75,0.465,93.12,87.77,500,48.61,103.42,108.71,55.27,100.77,145.93,86.51,2198.48,3.12,8.2
2011-02-25,5483.29,5591.38,5444.64,5552.24,0,4678.49,6675.1,3241.25,19.18,4.58,31.4,7.6888,0.0042,2599.82,-661.09,654,1375,52,0.476,91.86,88.86,500,48.61,103.42,108.71,55.27,100.77,148.89,86.29,2205.8,3.11,8.2
2011-02-28,5541.31,5698.72,5483.8,5640.19,0,3251.36,6712.2,3275.87,15.33,-3.85,-20.08,7.7097,0.0209,279.23,-29.5,915,1174,123,0.779,92.52,80.77,500,48.61,103.42,108.71,55.27,100.77,149.57,86.34,2182.67,3.09,8.2
2011-03-01,5651.1,5664.43,5560.83,5573.98,0,2839.12,6688.23,3267.88,15.66,0.34,2.2,7.7173,0.0076,-1015.14,-4302.11,1062,918,90,1.157,94.98,86.33,500,49.16,103.65,107.62,56.68,101.26,143.25,86.41,2223.65,3.13,8.2
2011-03-02,5595.55,5628.25,5551.13,5583.76,0,4037.8,6696.77,3267.24,18.74,3.08,19.66,7.7108,-0.0066,-591.39,928.21,795,1132,45,0.702,95.16,85.32,500,49.16,103.65,107.62,56.68,101.26,142.08,86.62,2227.22,3.19,8.2
2011-03-03,5590.34,5627.07,5524.37,5560.9,0,4204.64,6695.51,3261.2,15.97,-2.77,-14.78,7.7045,-0.0063,-4123.41,-1034.12,1038,876,43,1.185,95.68,86.5,500,49.16,103.65,107.62,56.68,101.26,136.91,86.15,2225.57,3.2,8.2
2011-03-04,5548.89,5658.72,5509.71,5619.05,0,2387.18,6780.31,3297.92,18.31,2.34,14.65,7.6927,-0.0118,-8718.74,-1422.74,596,1473,122,0.405,95.7,95.86,500,49.16,103.65,107.62,56.68,101.26,141.0,85.61,2287.01,3.22,8.2
2011-03-07,5604.22,5631.93,5542.75,5570.3,0,2440.44,6725.17,3274.75,20.23,1.91,10.45,7.703,0.0103,-1691.93,1633.5,937,974,81,0.962,96.0,92.46,500,49.16,103.65,107.62,56.68,101.26,139.76,85.7,2285.4,3.21,8.2
2011-03-08,5575.29,5597.87,5486.3,5508.6,0,2483.59,6649.02,3243.19,18.09,-2.14,-10.56,7.7047,0.0017,-7908.4,-6347.51,944,1072,112,0.881,96.0,95.03,500,49.16,103.65,107.62,56.68,101.26,137.61,85.77,2319.54,3.17,8.2
2011-03-09,5504.99,5577.06,5461.04,5532.88,0,1582.1,6685.02,3263.13,18.84,0.75,4.14,7.7106,0.0058,1746.47,556.14,862,1128,42,0.764,96.0,89.26,500,49.16,103.65,107.62,56.68,101.26,135.87,86.44,2320.55,3.16,8.2
2011-03-10,5534.6,5583.75,5439.38,5488.11,0,3987.72,6615.6,3241.29,20.69,1.85,9.81,7.724,0.0134,1233.9,3828.1,1097,927,117,1.183,94.87,86.7,500,49.16,103.65,107.62,56.68,101.26,135.58,86.94,2288.0,3.08,8.2
2011-03-11,5500.24,5584.48,5462.65,5546.57,0,3998.92,6692.54,3260.75,17.71,-2.98,-14.4,7.7272,0.0032,6076.03,678.87,499,1431,128,0.349,94.33,88.95,500,49.16,103.65,107.62,56.68,101.26,134.21,87.57,2216.71,3.11,8.2
2011-03-14,5552.97,5592.52,5405.87,5444.64,0,2338.6,6590.2,3185.63,18.55,0.84,4.77,7.7488,0.0216,1119.42,-2720.03,1293,773,86,1.673,93.23,85.69,500,49.16,103.65,107.62,56.68,101.26,137.83,86.99,2190.84,3.08,8.2
2011-03-15,5441.99,5512.78,5423.9,5494.52,0,4632.38,6636.51,3210.42,13.99,-4.56,-24.59,7.7472,-0.0016,2647.0,1656.19,721,1332,73,0.541,95.9,83.76,500,49.16,103.65,107.62,56.68,101.26,137.76,86.78,2192.18,3.07,8.2
2011-03-16,5508.92,5568.48,5386.76,5445.64,0,4390.26,6568.29,3189.29,19.34,5.35,38.25,7.7452,-0.0021,1886.43,-76.49,948,985,106,0.962,94.09,83.51,500,49.16,103.65,107.62,56.68,101.26,139.36,87.0,2207.58,3.12,8.2
2011-03-17,5441.3,5561.54,5372.65,5492.25,0,2910.68,6584.12,3225.47,16.89,-2.45,-12.67,7.7394,-0.0058,4188.15,-209.12,877,1212,59,0.724,93.24,79.55,500,49.16,103.65,107.62,56.68,101.26,142.48,86.33,2254.98,3.07,8.2
2011-03-18,5501.98,5580.02,5468.28,5546.05,0,3195.45,6655.24,3231.78,16.41,-0.48,-2.82,7.754,0.0146,1967.59,4860.96,777,1178,28,0.66,94.81,84.54,500,49.16,103.65,107.62,56.68,101.26,153.05,86.45,2240.2,3.08,8.2
2011-03-21,5546.08,5608.56,5429.85,5491.72,0,2225.03,6584.77,3208.05,16.02,-0.39,-2.38,7.7464,-0.0076,1946.6,-3555.27,1138,905,107,1.257,93.22,90.89,500,49.16,103.65,107.62,56.68,101.26,150.55,86.1,2276.93,3.1,8.2
2011-03-22,5503.31,5608.23,5444.79,5549.22,0,2471.09,6678.57,3255.12,14.73,-1.29,-8.07,7.745,-0.0015,1096.09,-1342.68,470,1444,99,0.325,94.15,90.33,500,49.16,103.65,107.62,56.68,101.26,150.81,86.23,2235.76,3.11,8.2
2011-03-23,5538.9,5565.34,5508.98,5535.4,0,3036.55,6655.05,3266.67,19.13,4.4,29.85,7.7487,0.0038,5702.96,1607.46,1221,855,88,1.428,92.03,85.9,500,49.16,103.65,107.62,56.68,101.26,150.99,86.47,2228.29,3.1,8.2
2011-03-24,5539.86,5631.88,5441.55,5533.46,0,2833.53,6626.76,3258.66,21.01,1.88,9.83,7.7311,-0.0176,854.18,737.4,864,1097,48,0.788,89.87,79.11,500,49.16,103.65,107.62,56.68,101.26,147.7,86.28,2242.21,3.06,8.2
2011-03-25,5527.88,5586.82,5520.09,5578.95,0,2232.98,6680.47,3263.87,17.7,-3.31,-15.76,7.7071,-0.024,2741.63,-1006.97,725,1345,71,0.539,89.88,81.35,500,49.16,103.65,107.62,56.68,101.26,151.29,86.52,2254.88,3.05,8.2
2011-03-28,5590.46,5664.53,5388.87,5461.23,0,2525.52,6545.99,3208.75,17.36,-0.34,-1.91,7.7112,0.0041,2615.51,2461.01,1324,765,126,1.731,89.84,81.55,500,49.16,103.65,107.62,56.68,101.26,157.54,85.95,2234.47,3.07,8.2
2011-03-29,5442.97,5499.18,5411.62,5467.69,0,2591.34,6512.91,3201.22,16.76,-0.6,-3.44,7.7129,0.0018,353.33,993.87,994,1009,87,0.985,88.98,86.22,500,49.16,103.65,107.62,56.68,101.26,157.78,86.06,2244.08,3.1,8.2
2011-03-30,5458.42,5500.03,5327.62,5368.55,0,6653.76,6392.4,3143.84,21.5,4.74,28.27,7.7098,-0.0032,4936.4,-2803.3,1365,581,24,2.349,89.51,82.46,500,49.16,103.65,107.62,56.68,101.26,153.61,86.05,2336.59,3.15,8.2
2011-03-31,5368.7,5519.25,5344.1,5494.08,0,3847.9,6489.65,3219.01,14.18,-7.32,-34.06,7.7027,-0.0071,3320.45,1965.08,295,1787,20,0.165,88.86,85.93,500,49.16,103.65,107.62,56.68,101.26,153.56,85.84,2352.58,3.13,8.2
2011-04-01,5496.87,5509.48,5365.07,5377.41,0,2447.72,6361.14,3147.49,20.36,6.19,43.63,7.7134,0.0107,5260.11,41.56,1355,662,126,2.047,88.02,83.95,500,49.32,104.1,110.16,57.09,101.41,147.3,86.03,2354.31,3.14,6.57
2011-04-04,5385.44,5478.76,5325.44,5418.39,0,3410.46,6405.06,3186.92,18.58,-1.79,-8.78,7.7078,-0.0056,191.46,117.65,534,1565,64,0.341,87.2,80.03,500,49.32,104.1,110.16,57.09,101.41,153.38,86.14,2379.35,3.2,6.57
2011-04-05,5413.73,5456.66,5348.69,5391.45,0,2636.1,6388.53,3188.53,19.03,0.46,2.45,7.6994,-0.0084,1795.07,3872.16,1075,903,92,1.19,87.95,75.72,500,49.32,104.1,110.16,57.09,101.41,150.99,86.25,2361.95,3.22,6.57
2011-04-06,5403.64,5425.82,5279.51,5301.26,0,2434.4,6344.88,3152.58,17.05,-1.98,-10.42,7.703,0.0036,-108.08,-2551.76,998,971,125,1.028,86.52,82.95,500,49.32,104.1,110.16,57.09,101.41,144.19,86.33,2358.77,3.19,6.57
2011-04-07,5306.95,5355.91,5225.23,5273.88,0,4581.1,6311.2,3133.29,17.17,0.13,0.74,7.7107,0.0077,-1883.27,636.08,867,1231,78,0.704,85.39,72.57,500,49.32,104.1,110.16,57.09,101.41,153.14,86.06,2369.25,3.2,6.57
2011-04-08,5274.06,5310.7,5176.72,5212.94,0,4173.51,6224.89,3114.43,23.68,6.51,37.88,7.6946,-0.0161,-11168.5,371.57,981,1083,33,0.906,85.37,80.08,500,49.32,104.1,110.16,57.09,101.41,152.29,85.47,2452.8,3.18,6.57
2011-04-11,5215.85,5240.94,5075.53,5100.06,0,2457.32,6106.34,3048.42,20.74,-2.94,-12.42,7.6958,0.0012,3233.7,-549.4,1411,502,54,2.811,86.11,75.76,500,49.32,104.1,110.16,57.09,101.41,148.01,85.85,2471.89,3.24,6.57
2011-04-12,5108.87,5148.53,5025.11,5064.43,0,1967.59,6059.12,3044.04,19.06,-1.68,-8.09,7.6949,-0.0008,-4958.49,1174.45,516,1562,51,0.33,86.35,84.52,500,49.32,104.1,110.16,57.09,101.41,147.75,85.41,2488.15,3.24,6.57
2011-04-13,5058.69,5094.78,5026.18,5062.25,0,1991.05,6042.52,3041.89,20.47,1.41,7.4,7.6923,-0.0026,3847.98,-284.39,655,1356,57,0.483,87.25,72.64,500,49.32,104.1,110.16,57.09,101.41,144.05,85.21,2487.75,3.25,6.57
2011-04-14,5075.65,5157.14,5003.83,5085.19,0,2759.4,6050.12,3057.93,18.18,-2.29,-11.18,7.7096,0.0173,-379.86,-648.57,943,1043,32,0.904,85.34,75.94,500,49.32,104.1,110.16,57.09,101.41,151.51,85.17,2502.94,3.27,6.57
2011-04-15,5104.62,5134.14,4932.11,4960.8,0,4772.04,5943.43,3012.36,23.77,5.59,30.73,7.698,-0.0116,2605.46,2209.81,1120,848,89,1.321,85.83,80.17,500,49.32,104.1,110.16,57.09,101.41,153.24,85.74,2529.02,3.31,6.57
2011-04-18,4952.1,4995.38,4879.54,4922.55,0,2784.6,5854.65,2972.23,18.38,-5.39,-22.66,7.6887,-0.0093,476.78,3646.96,1063,842,96,1.262,85.95,78.58,500,49.32,104.1,110.16,57.09,101.41,153.36,86.15,2565.37,3.31,6.57
2011-04-19,4912.15,4956.28,4845.02,4888.93,0,2594.52,5821.36,2948.22,21.49,3.11,16.9,7.7125,0.0238,2914.41,3656.87,963,1123,119,0.858,86.33,78.08,500,49.32,104.1,110.16,57.09,101.41,149.16,85.56,2593.23,3.33,6.57
2011-04-20,4894.67,4919.66,4840.57,4865.42,0,2163.11,5815.68,2948.47,16.0,-5.49,-25.56,7.7244,0.0119,-1408.37,-208.77,764,1266,128,0.603,86.28,76.44,500,49.32,104.1,110.16,57.09,101.41,141.48,85.49,2592.5,3.34,6.57
2011-04-21,4871.07,4904.82,4792.79,4826.22,0,4277.6,5804.73,2928.92,19.09,3.09,19.33,7.7108,-0.0136,1503.05,798.6,1194,809,29,1.476,86.92,77.97,500,49.32,104.1,110.16,57.09,101.41,141.37,85.61,2594.86,3.33,6.57
2011-04-22,4829.73,4877.09,4712.86,4759.53,0,2744.73,5763.63,2913.71,17.67,-1.42,-7.46,7.7142,0.0034,3917.63,939.0,1147,894,44,1.283,87.13,77.58,500,49.32,104.1,110.16,57.09,101.41,140.78,85.62,2584.02,3.31,6.57
2011-04-25,4779.45,4794.97,4738.79,4754.24,0,2877.2,5757.79,2911.59,19.04,1.38,7.79,7.6979,-0.0163,-2228.69,-2352.96,897,1039,118,0.863,86.81,84.18,500,49.32,104.1,110.16,57.09,101.41,147.9,84.76,2603.74,3.3,6.57
2011-04-26,4770.1,4793.16,4643.67,4666.23,0,4711.92,5647.53,2862.89,17.76,-1.28,-6.72,7.6981,0.0001,-885.06,1442.03,1284,724,77,1.773,84.24,72.12,500,49.32,104.1,110.16,57.09,101.41,153.68,84.52,2615.35,3.3,6.57
2011-04-27,4655.38,4699.6,4608.31,4652.51,0,3508.99,5629.6,2848.95,22.33,4.56,25.7,7.6903,-0.0077,5642.07,2617.42,1042,963,87,1.082,85.12,77.3,500,49.32,104.1,110.16,57.09,101.41,158.97,83.6,2623.83,3.25,6.57
2011-04-28,4665.33,4706.41,4627.35,4668.4,0,7371.69,5665.37,2890.7,18.03,-4.3,-19.25,7.7107,0.0204,-6130.56,-2586.89,778,1259,68,0.618,86.73,83.09,500,49.32,104.1,110.16,57.09,101.41,149.12,83.73,2650.09,3.26,6.57
2011-04-29,4653.91,4700.39,4589.45,4635.74,0,3111.77,5597.98,2875.78,20.58,2.55,14.14,7.7175,0.0067,3369.55,-1989.26,1092,978,30,1.117,85.24,77.27,500,49.32,104.1,110.16,57.09,101.41,155.0,83.4,2684.99,3.22,6.57
2011-05-02,4629.76,4659.91,4617.9,4648.0,0,6134.26,5609.63,2888.72,21.47,0.89,4.3,7.713,-0.0045,-2721.51,2216.01,885,1045,121,0.847,85.58,75.06,500,47.92,104.64,105.09,50.3,102.15,156.01,83.17,2717.75,3.29,6.57
2011-05-03,4639.43,4677.42,4593.02,4630.94,0,3031.18,5585.08,2886.12,18.72,-2.75,-12.81,7.7083,-0.0047,4638.98,3450.29,1122,974,56,1.152,86.45,80.25,500,47.92,104.64,105.09,50.3,102.15,157.86,83.04,2657.1,3.3,6.57
2011-05-04,4641.2,4686.33,4552.77,4597.46,0,2089.59,5554.81,2862.98,19.73,1.01,5.4,7.7158,0.0075,812.52,-296.3,1124,797,41,1.41,86.54,82.71,500,47.92,104.64,105.09,50.3,102.15,162.27,82.92,2645.01,3.31,6.57
2011-05-05,4590.22,4641.73,4571.96,4623.34,0,2077.47,5570.29,2878.2,15.47,-4.25,-21.56,7.7042,-0.0116,-308.29,1358.05,804,1168,72,0.688,84.35,74.9,500,47.92,104.64,105.09,50.3,102.15,163.29,83.0,2658.29,3.3,6.57
2011-05-06,4623.03,4671.66,4506.25,4554.15,0,2553.56,5511.02,2840.48,18.99,3.51,22.71,7.6935,-0.0107,701.46,2368.64,947,955,64,0.992,86.08,68.8,500,47.92,104.64,105.09,50.3,102.15,159.04,83.09,2675.24,3.32,6.57
2011-05-09,4552.3,4654.16,4516.95,4618.31,0,2531.56,5596.22,2899.07,16.54,-2.45,-12.89,7.6994,0.0059,-213.03,1778.77,39,1975,67,0.02,86.86,77.92,500,47.92,104.64,105.09,50.3,102.15,160.41,83.21,2698.95,3.32,6.57
2011-05-10,4629.95,4661.53,4559.22,4590.52,0,3202.48,5568.05,2897.63,20.78,4.24,25.61,7.7008,0.0015,1893.53,483.81,876,1080,83,0.811,86.09,72.27,500,47.92,104.64,105.09,50.3,102.15,163.2,82.7,2728.79,3.3,6.57
2011-05-11,4597.94,4651.54,4577.06,4630.51,0,1612.61,5641.05,2960.06,17.76,-3.01,-14.5,7.7051,0.0043,1351.72,831.02,666,1360,86,0.49,86.49,85.92,500,47.92,104.64,105.09,50.3,102.15,160.95,83.41,2722.34,3.31,6.57
2011-05-12,4630.04,4668.03,4544.85,4582.46,0,2688.07,5552.17,2930.24,21.27,3.51,19.74,7.7153,0.0101,-3909.06,-1179.02,1081,962,104,1.124,85.75,76.36,500,47.92,104.64,105.09,50.3,102.15,158.86,83.49,2709.1,3.34,6.57
2011-05-13,4583.99,4618.55,4583.19,4617.75,0,3316.51,5622.7,2951.55,15.98,-5.29,-24.86,7.7141,-0.0012,-2603.38,956.4,632,1294,64,0.488,85.36,71.82,500,47.92,104.64,105.09,50.3,102.15,161.91,83.93,2744.62,3.37,6.57
2011-05-16,4628.52,4743.02,4587.1,4700.95,0,1634.89,5712.8,2994.28,16.5,0.52,3.25,7.7544,0.0403,2811.16,-328.47,379,1593,25,0.238,84.76,78.9,500,47.92,104.64,105.09,50.3,102.15,162.68,83.73,2705.1,3.38,6.57
2011-05-17,4685.49,4710.88,4658.95,4684.34,0,3223.87,5664.15,2981.14,19.75,3.24,19.66,7.762,0.0076,-1059.5,3388.98,825,1093,26,0.755,84.62,75.45,500,47.92,104.64,105.09,50.3,102.15,166.36,84.08,2678.64,3.44,6.57
2011-05-18,4658.59,4690.14,4630.52,4662.04,0,2625.42,5612.41,2971.71,20.36,0.62,3.12,7.7805,0.0185,-889.63,-1389.57,930,978,23,0.951,84.79,82.29,500,47.92,104.64,105.09,50.3,102.15,162.2,83.96,2701.35,3.42,6.57
2011-05-19,4648.31,4719.76,4633.54,4704.82,0,1682.15,5671.09,3008.71,16.46,-3.9,-19.15,7.7658,-0.0147,5084.4,-58.9,348,1624,20,0.214,83.98,73.92,500,47.92,104.64,105.09,50.3,102.15,157.93,84.07,2741.16,3.39,6.57
2011-05-20,4709.44,4750.14,4627.18,4667.52,0,1768.46,5633.08,2989.61,17.47,1.01,6.13,7.7783,0.0125,779.76,1685.78,1089,860,125,1.266,83.23,70.23,500,47.92,104.64,105.09,50.3,102.15,159.05,83.73,2747.08,3.4,6.57
2011-05-23,4657.49,4738.05,4626.7,4706.94,0,3517.83,5638.13,2991.98,14.59,-2.89,-16.52,7.7888,0.0105,-581.03,488.01,634,1388,65,0.457,83.07,76.62,500,47.92,104.64,105.09,50.3,102.15,158.74,83.43,2756.79,3.39,6.57
2011-05-24,4718.07,4795.08,4690.03,4766.75,0,1211.71,5732.29,3042.9,12.46,-2.13,-14.6,7.7987,0.0099,-3125.75,1197.37,428,1650,96,0.259,81.29,67.96,500,47.92,104.64,105.09,50.3,102.15,168.03,83.99,2758.2,3.38,6.57
2011-05-25,4760.91,4777.82,4747.36,4764.26,0,2148.39,5744.76,3055.9,18.68,6.22,49.94,7.7911,-0.0077,369.28,320.92,761,1161,24,0.655,81.4,71.59,500,47.92,104.64,105.09,50.3,102.15,166.1,83.47,2787.78,3.39,6.57
2011-05-26,4757.25,4807.88,4751.8,4802.38,0,1355.22,5800.99,3079.4,13.11,-5.57,-29.83,7.797,0.0059,-8628.67,669.03,310,1644,73,0.189,84.1,80.0,500,47.92,104.64,105.09,50.3,102.15,173.42,83.26,2824.19,3.35,6.57
2011-05-27,4822.98,4867.84,4804.33,4849.09,0,2345.0,5898.05,3115.36,16.4,3.29,25.13,7.7986,0.0016,5601.38,2733.66,474,1610,99,0.294,82.85,74.32,500,47.92,104.64,105.09,50.3,102.15,174.21,83.59,2874.49,3.32,6.57
2011-05-30,4847.78,4893.4,4785.99,4831.46,0,2226.85,5913.42,3095.66,20.09,3.69,22.5,7.814,0.0154,-3641.52,2405.46,998,951,102,1.049,81.49,69.61,500,47.92,104.64,105.09,50.3,102.15,174.03,83.45,2805.37,3.28,6.57
2011-05-31,4819.25,4939.28,4772.25,4891.58,0,1774.16,5997.62,3130.44,16.56,-3.53,-17.56,7.8054,-0.0085,-3178.29,217.49,184,1772,94,0.104,85.21,75.95,500,47.92,104.64,105.09,50.3,102.15,187.64,83.55,2771.39,3.24,6.57
2011-06-01,4887.28,4917.64,4836.42,4866.65,0,5468.33,5983.51,3124.65,20.36,3.8,22.95,7.8006,-0.0049,791.43,1107.58,924,1135,68,0.814,84.63,75.26,500,48.57,105.25,107.32,54.61,102.97,184.49,82.84,2790.24,3.28,6.57
2011-06-02,4873.56,4903.18,4822.36,4851.85,0,4540.23,5965.92,3117.49,17.29,-3.07,-15.1,7.7983,-0.0023,5056.05,-2198.15,672,1412,63,0.476,84.71,75.14,500,48.57,105.25,107.32,54.61,102.97,185.0,82.93,2753.95,3.3,6.57
2011-06-03,4858.39,4896.57,4811.72,4849.83,0,1654.38,5944.84,3121.7,15.68,-1.61,-9.29,7.8031,0.0048,-1564.45,-2369.05,754,1232,23,0.612,84.83,81.9,500,48.57,105.25,107.32,54.61,102.97,180.43,83.06,2720.38,3.36,6.57
2011-06-06,4846.24,4886.65,4827.48,4867.81,0,3445.09,5989.7,3139.92,18.63,2.95,18.81,7.8021,-0.001,722.76,-1796.85,643,1455,57,0.442,87.31,85.56,500,48.57,105.25,107.32,54.61,102.97,187.2,82.99,2705.12,3.29,6.57
2011-06-07,4866.39,4925.3,4812.98,4871.83,0,6395.36,6008.13,3155.24,18.64,0.01,0.04,7.7965,-0.0056,900.78,-2070.91,939,1132,111,0.83,88.56,87.55,500,48.57,105.25,107.32,54.61,102.97,183.8,83.0,2659.46,3.24,6.57
2011-06-08,4865.29,4884.49,4821.93,4841.03,0,2444.26,5980.37,3130.07,19.65,1.0,5.39,7.8036,0.0072,1774.97,-521.58,726,1222,57,0.594,88.38,84.01,500,48.57,105.25,107.32,54.61,102.97,179.69,83.32,2633.5,3.23,6.57
2011-06-09,4854.12,4903.56,4817.95,4867.29,0,3028.18,6000.44,3140.58,18.54,-1.1,-5.61,7.8054,0.0017,-2154.71,1682.09,509,1421,30,0.358,86.39,79.82,500,48.57,105.25,107.32,54.61,102.97,182.54,83.92,2620.49,3.2,6.57
2011-06-10,4888.09,4918.41,4826.84,4856.97,0,2395.94,5993.34,3149.04,19.08,0.54,2.89,7.8144,0.009,1631.13,-1521.7,989,1046,37,0.946,89.67,87.41,500,48.57,105.25,107.32,54.61,102.97,188.75,83.5,2645.77,3.26,6.57
2011-06-13,4860.2,4892.91,4846.36,4879.02,0,1784.94,6011.7,3147.43,18.77,-0.31,-1.63,7.8421,0.0277,-1550.59,1655.3,1089,964,31,1.13,89.53,79.16,500,48.57,105.25,107.32,54.61,102.97,188.06,83.23,2684.49,3.25,6.57
2011-06-14,4877.83,4888.51,4853.31,4863.97,0,1724.98,6018.2,3135.39,17.08,-1.69,-9.02,7.8502,0.0081,-3628.75,-262.26,678,1369,115,0.495,89.09,82.17,500,48.57,105.25,107.32,54.61,102.97,186.72,83.62,2648.49,3.21,6.57
2011-06-15,4867.98,4891.75,4815.66,4839.29,0,2276.52,5960.59,3091.11,21.01,3.94,23.05,7.8614,0.0112,-932.49,3897.98,915,1140,102,0.803,87.76,80.88,500,48.57,105.25,107.32,54.61,102.97,184.64,83.39,2627.25,3.24,6.57
2011-06-16,4823.96,4876.31,4811.04,4863.29,0,1952.93,6001.22,3122.78,15.77,-5.24,-24.94,7.8576,-0.0038,-687.94,274.75,614,1294,127,0.474,88.4,85.97,500,48.57,105.25,107.32,54.61,102.97,176.14,83.87,2631.52,3.24,6.57
2011-06-17,4864.81,4896.25,4809.39,4840.67,0,2210.55,5973.56,3107.65,17.79,2.02,12.83,7.8467,-0.0109,269.72,3222.03,966,981,30,0.985,89.73,81.63,500,48.57,105.25,107.32,54.61,102.97,174.46,84.5,2623.8,3.24,6.57
2011-06-20,4843.87,4949.81,4816.58,4922.07,0,2818.47,6119.58,3154.19,11.2,-6.6,-37.08,7.8392,-0.0075,2965.75,-895.2,249,1730,76,0.144,90.31,85.77,500,48.57,105.25,107.32,54.61,102.97,173.48,84.46,2639.13,3.25,6.57
2011-06-21,4924.38,5053.11,4910.32,5038.72,0,1989.7,6296.66,3257.98,9.38,-1.81,-16.18,7.8333,-0.0059,-4003.88,3132.01,148,1763,99,0.084,88.67,75.93,500,48.57,105.25,107.32,54.61,102.97,183.58,84.61,2623.0,3.31,6.57
2011-06-22,5030.85,5051.69,5012.33,5033.17,0,2623.56,6292.36,3257.7,17.5,8.12,86.53,7.839,0.0057,-4317.47,-1383.73,1011,1070,106,0.945,87.52,79.69,500,48.57,105.25,107.32,54.61,102.97,179.21,84.8,2633.48,3.31,6.57
2011-06-23,5039.12,5078.65,4972.09,5011.4,0,2925.03,6267.59,3249.62,20.52,3.02,17.24,7.8298,-0.0092,2098.66,-1334.31,855,1215,63,0.704,84.77,82.14,500,48.57,105.25,107.32,54.61,102.97,184.17,85.02,2619.62,3.3,6.57
2011-06-24,5021.99,5049.61,4890.33,4917.38,0,3067.93,6101.6,3207.57,23.06,2.54,12.35,7.8357,0.0059,-1654.49,45.87,1419,583,42,2.434,84.54,77.88,500,48.57,105.25,107.32,54.61,102.97,188.18,85.07,2655.64,3.4,6.57
2011-06-27,4931.67,4958.95,4797.87,4824.55,0,2637.7,6005.93,3147.97,16.83,-6.23,-27.02,7.8516,0.0159,38.68,-620.0,1260,645,123,1.953,85.65,75.21,500,48.57,105.25,107.32,54.61,102.97,191.07,85.28,2665.01,3.43,6.57
2011-06-28,4819.23,4828.33,4765.53,4774.54,0,3770.27,5931.44,3115.35,17.81,0.98,5.84,7.8547,0.0031,2244.43,1536.26,1197,814,123,1.471,83.86,71.43,500,48.57,105.25,107.32,54.61,102.97,197.85,85.43,2730.78,3.42,6.57
2011-06-29,4778.61,4795.45,4680.95,4697.51,0,3956.06,5849.69,3061.57,18.45,0.64,3.61,7.8697,0.015,-1837.51,-3521.7,1373,532,50,2.581,86.65,81.79,500,48.57,105.25,107.32,54.61,102.97,209.09,85.54,2706.62,3.5,6.57
2011-06-30,4697.36,4778.49,4555.9,4635.97,0,3211.33,5766.64,3021.39,22.28,3.83,20.74,7.8833,0.0136,-11480.78,-930.61,1298,739,41,1.756,88.33,80.19,500,48.57,105.25,107.32,54.61,102.97,206.19,84.76,2681.96,3.54,6.57
2011-07-01,4628.82,4680.32,4592.29,4643.67,0,1855.29,5794.34,3008.56,15.88,-6.41,-28.75,7.8804,-0.0029,-1306.3,1935.69,843,1167,95,0.722,87.47,80.98,500,50.35,105.64,108.76,53.97,103.32,200.72,84.72,2660.84,3.52,8.03
2011-07-04,4651.88,4714.88,4630.79,4693.59,0,1754.24,5849.53,3043.48,19.8,3.92,24.7,7.8872,0.0068,3240.7,332.53,620,1383,29,0.448,89.06,82.18,500,50.35,105.64,108.76,53.97,103.32,210.02,85.17,2655.28,3.61,8.03
2011-07-05,4698.36,4712.97,4695.18,4709.77,0,2254.0,5903.62,3066.13,13.34,-6.46,-32.64,7.8974,0.0102,2111.59,-3141.68,603,1397,34,0.432,87.31,79.3,500,50.35,105.64,108.76,53.97,103.32,206.91,85.66,2705.77,3.62,8.03
2011-07-06,4706.66,4734.59,4668.81,4696.68,0,3345.65,5892.27,3072.87,16.86,3.52,26.38,7.8803,-0.0171,2983.48,-1533.64,878,1057,29,0.831,88.06,82.84,500,50.35,105.64,108.76,53.97,103.32,207.36,85.88,2692.0,3.59,8.03
2011-07-07,4688.16,4717.81,4589.36,4618.57,0,7258.7,5770.5,3014.66,20.51,3.66,21.7,7.8834,0.0031,-1525.35,2658.11,1181,836,91,1.413,89.51,82.66,500,50.35,105.64,108.76,53.97,103.32,206.44,85.95,2669.99,3.6,8.03
2011-07-08,4607.04,4649.86,4533.24,4575.77,0,1586.66,5745.88,3011.83,18.47,-2.05,-9.98,7.8811,-0.0023,-1185.08,2081.98,1249,819,63,1.525,90.01,90.09,500,50.35,105.64,108.76,53.97,103.32,206.33,85.43,2682.35,3.64,8.03
2011-07-11,4578.89,4602.85,4506.44,4530.14,0,2693.25,5664.42,2995.34,16.64,-1.83,-9.91,7.8774,-0.0036,5896.36,-45.17,1027,1026,66,1.001,90.12,82.6,500,50.35,105.64,108.76,53.97,103.32,208.76,85.11,2651.7,3.61,8.03
2011-07-12,4531.87,4601.96,4498.92,4568.74,0,2660.83,5724.23,3032.36,21.01,4.37,26.29,7.8884,0.0109,1081.44,86.29,494,1509,30,0.327,90.86,81.71,500,50.35,105.64,108.76,53.97,103.32,210.47,84.93,2687.64,3.67,8.03
2011-07-13,4576.43,4600.83,4536.0,4560.32,0,5335.9,5743.18,3039.65,19.73,-1.28,-6.08,7.9017,0.0133,1825.66,4301.21,592,1319,87,0.449,89.59,76.43,500,50.35,105.64,108.76,53.97,103.32,213.55,84.86,2616.82,3.67,8.03
2011-07-14,4548.83,4583.62,4513.35,4548.14,0,2698.38,5702.47,3029.69,18.99,-0.74,-3.77,7.8985,-0.0031,-423.22,-1847.08,1125,926,123,1.215,90.61,85.29,500,50.35,105.64,108.76,53.97,103.32,214.96,84.41,2620.89,3.71,8.03
2011-07-15,4551.48,4565.81,4464.81,4478.92,0,2150.81,5627.63,3003.52,22.12,3.13,16.48,7.9042,0.0057,-1511.14,-988.75,1313,615,35,2.135,90.04,84.19,500,50.35,105.64,108.76,53.97,103.32,221.49,84.4,2649.17,3.74,8.03
2011-07-18,4474.13,4532.19,4460.0,4517.92,0,1680.0,5695.54,3027.62,15.22,-6.9,-31.18,7.8846,-0.0197,1879.07,-746.94,446,1554,72,0.287,91.72,82.15,500,50.35,105.64,108.76,53.97,103.32,224.51,84.28,2664.22,3.7,8.03
2011-07-19,4510.96,4606.27,4477.51,4572.37,0,1602.73,5768.35,3071.89,15.65,0.43,2.83,7.8913,0.0067,4012.0,1694.49,246,1747,120,0.141,91.78,80.36,500,50.35,105.64,108.76,53.97,103.32,224.2,83.94,2634.16,3.72,8.03
2011-07-20,4566.45,4658.64,4557.74,4649.77,0,3700.01,5851.8,3117.01,16.06,0.4,2.58,7.897,0.0057,-1593.03,-671.16,585,1460,29,0.401,92.34,86.87,500,50.35,105.64,108.76,53.97,103.32,223.11,83.35,2662.79,3.7,8.03
2011-07-21,4644.4,4666.79,4557.8,4579.87,0,3422.73,5781.13,3070.32,19.62,3.57,22.21,7.8926,-0.0043,5142.9,1203.61,1250,743,25,1.682,92.35,88.73,500,50.35,105.64,108.76,53.97,103.32,218.53,82.97,2666.22,3.67,8.03
2011-07-22,4603.14,4624.19,4501.02,4521.7,0,1385.74,5712.95,3046.76,15.9,-3.73,-19.0,7.8659,-0.0268,1264.33,-1896.5,1316,711,102,1.851,92.46,83.03,500,50.35,105.64,108.76,53.97,103.32,209.8,82.81,2710.17,3.68,8.03
2011-07-25,4521.22,4595.34,4498.62,4572.49,0,1273.62,5767.27,3088.57,19.34,3.44,21.64,7.8848,0.0189,-2260.01,2094.13,625,1446,59,0.432,93.2,88.2,500,50.35,105.64,108.76,53.97,103.32,207.56,82.71,2759.32,3.69,8.03
2011-07-26,4571.04,4654.95,4526.68,4610.22,0,1985.04,5792.92,3116.83,18.58,-0.76,-3.92,7.8761,-0.0087,2002.06,-574.49,528,1404,61,0.376,95.99,82.99,500,50.35,105.64,108.76,53.97,103.32,216.05,83.05,2801.61,3.68,8.03
2011-07-27,4609.73,4663.42,4594.67,4648.23,0,4610.37,5820.22,3116.82,22.43,3.85,20.74,7.8705,-0.0055,-1206.07,1537.29,673,1400,31,0.481,96.0,91.84,500,50.35,105.64,108.76,53.97,103.32,205.76,83.4,2796.75,3.7,8.03
2011-07-28,4635.38,4676.45,4618.57,4659.56,0,2898.32,5842.8,3123.77,15.78,-6.65,-29.65,7.8648,-0.0058,343.94,122.05,806,1268,65,0.636,96.0,85.01,500,50.35,105.64,108.76,53.97,103.32,210.27,83.33,2825.19,3.67,8.03
2011-07-29,4648.93,4705.71,4619.16,4675.76,0,2300.3,5877.45,3142.76,20.13,4.35,27.55,7.8695,0.0047,1588.36,-872.04,619,1361,81,0.455,92.96,79.7,500,50.35,105.64,108.76,53.97,103.32,203.92,83.55,2884.15,3.63,8.03
2011-08-01,4677.8,4742.97,4631.95,4696.94,0,3058.63,5942.32,3171.55,15.53,-4.6,-22.84,7.8737,0.0042,490.02,2576.21,504,1544,65,0.326,93.87,88.35,500,50.36,106.18,94.82,53.68,103.39,201.4,83.69,2841.5,3.67,8.03
2011-08-02,4679.53,4721.59,4662.44,4704.41,0,2532.47,5959.38,3170.1,19.63,4.1,26.37,7.8639,-0.0098,4745.86,-742.27,951,1047,81,0.908,93.1,83.6,500,50.36,106.18,94.82,53.68,103.39,198.08,83.87,2814.98,3.66,8.03
2011-08-03,4699.49,4727.85,4646.99,4675.21,0,4432.02,5933.13,3150.94,17.92,-1.7,-8.68,7.8557,-0.0082,2656.01,1538.88,848,1214,85,0.699,93.25,79.44,500,50.36,106.18,94.82,53.68,103.39,202.48,84.32,2826.02,3.68,8.03
2011-08-04,4682.02,4805.66,4617.89,4740.73,0,2193.78,6014.01,3194.49,14.91,-3.02,-16.83,7.858,0.0024,167.89,-37.5,545,1411,33,0.386,91.7,90.62,500,50.36,106.18,94.82,53.68,103.39,203.03,84.5,2825.17,3.63,8.03
2011-08-05,4756.81,4800.48,4651.02,4694.11,0,3167.81,5942.78,3159.53,20.11,5.2,34.9,7.8404,-0.0176,1960.31,3337.86,986,1002,31,0.984,92.4,90.5,500,50.36,106.18,94.82,53.68,103.39,198.96,84.04,2864.23,3.69,8.03
2011-08-08,4682.36,4710.77,4656.45,4684.84,0,4291.73,5920.39,3152.66,17.99,-2.12,-10.56,7.8492,0.0088,-95.42,-154.35,963,1134,51,0.849,90.91,79.37,500,50.36,106.18,94.82,53.68,103.39,202.77,84.2,2879.86,3.66,8.03
2011-08-09,4680.39,4755.9,4663.43,4738.73,0,1646.88,5969.41,3181.82,16.29,-1.7,-9.43,7.8343,-0.0148,390.14,332.15,470,1578,77,0.298,90.98,85.12,500,50.36,106.18,94.82,53.68,103.39,202.65,84.56,2873.29,3.7,8.03
2011-08-10,4746.98,4755.62,4708.93,4717.52,0,3399.63,5929.67,3171.21,19.23,2.94,18.07,7.8487,0.0144,-797.4,1287.41,1129,965,126,1.17,93.54,88.65,500,50.36,106.18,94.82,53.68,103.39,198.89,84.76,2816.0,3.65,8.03
2011-08-11,4716.8,4770.13,4699.49,4752.69,0,1650.64,5999.9,3212.22,16.75,-2.48,-12.91,7.8529,0.0042,-3735.97,1445.0,529,1540,62,0.344,93.03,81.27,500,50.36,106.18,94.82,53.68,103.39,201.19,84.62,2880.87,3.66,8.03
2011-08-12,4747.72,4779.43,4644.15,4675.38,0,2218.49,5943.8,3170.16,17.25,0.5,3.01,7.8701,0.0173,4369.78,873.89,1278,677,42,1.888,93.08,89.04,500,50.36,106.18,94.82,53.68,103.39,213.15,84.84,2887.76,3.61,8.03
2011-08-15,4675.05,4709.43,4645.47,4679.82,0,1311.28,5945.55,3153.14,19.41,2.16,12.52,7.8914,0.0213,-2976.4,1998.33,1024,1027,50,0.997,93.62,86.78,500,50.36,106.18,94.82,53.68,103.39,208.07,84.83,2913.95,3.6,8.03
2011-08-16,4662.26,4781.88,4634.53,4753.6,0,3169.71,6043.28,3199.25,16.24,-3.18,-16.36,7.8914,-0.0,2075.4,-1659.92,520,1417,28,0.367,95.43,86.65,500,50.36,106.18,94.82,53.68,103.39,209.95,84.82,2969.03,3.62,8.03
2011-08-17,4749.87,4787.52,4716.42,4754.03,0,4700.69,6063.31,3194.85,16.91,0.68,4.18,7.888,-0.0034,-499.15,-2889.39,743,1191,72,0.624,96.0,88.86,500,50.36,106.18,94.82,53.68,103.39,207.95,84.96,2930.01,3.66,8.03
2011-08-18,4728.12,4796.39,4706.95,4775.01,0,1608.15,6046.89,3205.18,17.7,0.78,4.62,7.8857,-0.0023,-1708.52,2248.55,908,1100,124,0.825,95.24,83.78,500,50.36,106.18,94.82,53.68,103.39,202.38,85.08,2875.16,3.68,8.03
2011-08-19,4770.18,4828.18,4728.78,4786.64,0,2635.07,6127.52,3197.0,16.66,-1.04,-5.85,7.9013,0.0157,-635.38,-1717.09,686,1393,81,0.492,94.9,89.22,500,50.36,106.18,94.82,53.68,103.39,206.0,85.09,2892.46,3.7,8.03
2011-08-22,4793.44,4816.09,4747.1,4769.63,0,6258.73,6154.91,3178.16,20.34,3.68,22.08,7.8865,-0.0148,3248.45,-1362.16,887,1183,88,0.75,95.98,91.32,500,50.36,106.18,94.82,53.68,103.39,211.35,85.38,2919.06,3.67,8.03
2011-08-23,4763.6,4802.82,4724.23,4763.44,0,2289.93,6164.65,3182.11,22.07,1.73,8.5,7.8928,0.0063,99.1,686.06,1129,958,56,1.178,96.0,92.18,500,50.36,106.18,94.82,53.68,103.39,207.67,85.69,2934.64,3.64,8.03
2011-08-24,4762.93,4804.87,4705.48,4747.28,0,1680.77,6148.42,3165.61,21.89,-0.17,-0.78,7.873,-0.0199,54.96,-1084.62,939,1016,56,0.924,96.0,96.36,500,50.36,106.18,94.82,53.68,103.39,202.55,86.1,2899.07,3.63,8.03
2011-08-25,4748.62,4791.04,4683.92,4726.14,0,1341.22,6105.6,3137.65,17.01,-4.88,-22.3,7.8531,-0.0199,-6948.01,-225.85,1367,654,51,2.09,94.95,93.75,500,50.36,106.18,94.82,53.68,103.39,205.19,85.88,2875.64,3.6,8.03
2011-08-26,4698.12,4746.7,4676.55,4725.01,0,2173.71,6102.19,3106.16,20.66,3.65,21.45,7.8678,0.0147,622.88,-1898.98,918,1122,118,0.818,95.56,88.97,500,50.36,106.18,94.82,53.68,103.39,209.58,86.0,2861.39,3.63,8.03
2011-08-29,4712.48,4813.38,4686.25,4786.74,0,1178.45,6158.08,3142.59,16.65,-4.01,-19.42,7.8683,0.0005,4516.58,1395.71,645,1331,74,0.485,96.0,87.07,500,50.36,106.18,94.82,53.68,103.39,214.29,86.86,2868.42,3.63,8.03
2011-08-30,4788.07,4803.77,4722.55,4738.09,0,3573.17,6060.34,3111.45,20.22,3.57,21.47,7.874,0.0057,-1838.92,-5385.77,1269,813,60,1.561,96.0,93.42,500,50.36,106.18,94.82,53.68,103.39,209.17,86.34,2855.79,3.67,8.03
2011-08-31,4732.7,4754.49,4696.88,4718.61,0,3458.34,6026.27,3090.49,14.34,-5.88,-29.08,7.8747,0.0007,-2790.01,-1281.58,1130,847,86,1.334,96.0,89.66,500,50.36,106.18,94.82,53.68,103.39,215.97,86.34,2843.78,3.63,8.03
2011-09-01,4695.83,4769.27,4678.99,4752.23,0,3001.89,6061.17,3100.67,15.61,1.27,8.83,7.8672,-0.0075,68.57,647.0,559,1468,86,0.381,96.0,89.6,500,50.12,106.56,102.56,51.66,103.65,218.68,86.13,2811.9,3.65,8.03
2011-09-02,4757.91,4811.93,4710.58,4764.54,0,3822.28,6104.65,3124.91,17.41,1.8,11.53,7.8541,-0.0131,431.96,1745.8,873,1187,97,0.735,96.0,88.13,500,50.12,106.56,102.56,51.66,103.65,219.47,86.71,2793.0,3.72,8.03
2011-09-05,4759.23,4798.67,4692.67,4731.89,0,3121.02,6065.58,3109.37,19.9,2.49,14.3,7.8498,-0.0043,796.64,1381.9,1074,922,50,1.165,96.0,91.91,500,50.12,106.56,102.56,51.66,103.65,211.04,87.04,2760.86,3.77,8.03
2011-09-06,4739.11,4778.78,4660.11,4699.45,0,4622.55,6021.05,3101.3,20.16,0.27,1.34,7.8694,0.0196,1271.49,1142.03,1096,928,129,1.181,96.0,93.06,500,50.12,106.56,102.56,51.66,103.65,216.73,87.08,2758.75,3.7,8.03
2011-09-07,4711.13,4753.63,4644.26,4686.53,0,1567.97,6040.86,3089.22,16.22,-3.94,-19.55,7.8849,0.0155,-676.62,3703.12,1125,856,57,1.314,96.0,95.98,500,50.12,106.56,102.56,51.66,103.65,216.44,87.54,2791.65,3.65,8.03
2011-09-08,4687.67,4705.61,4583.87,4601.49,0,3745.04,5960.1,3040.33,21.61,5.39,33.2,7.8794,-0.0055,-1575.54,-3117.94,996,927,28,1.074,96.0,88.6,500,50.12,106.56,102.56,51.66,103.65,216.55,87.2,2849.2,3.66,8.03
2011-09-09,4600.42,4653.87,4595.81,4649.2,0,4218.37,6033.42,3074.97,12.8,-8.81,-40.78,7.8822,0.0028,-5003.37,2271.44,406,1566,125,0.259,96.0,89.16,500,50.12,106.56,102.56,51.66,103.65,218.33,86.98,2850.39,3.6,8.03
2011-09-12,4636.78,4694.48,4610.44,4667.97,0,3824.85,6040.52,3076.1,16.88,4.08,31.89,7.8697,-0.0125,-3067.64,2343.86,690,1397,60,0.494,96.0,79.11,500,50.12,106.56,102.56,51.66,103.65,215.72,86.16,2905.97,3.64,8.03
2011-09-13,4661.29,4708.58,4582.16,4629.13,0,5413.44,5980.58,3053.73,18.15,1.28,7.56,7.8578,-0.0119,2373.82,1582.9,1016,1058,25,0.96,96.0,90.74,500,50.12,106.56,102.56,51.66,103.65,221.76,86.22,2946.41,3.66,8.03
2011-09-14,4640.6,4670.62,4532.76,4562.28,0,2648.18,5882.35,2999.82,16.87,-1.28,-7.07,7.8747,0.0169,-2172.11,-528.4,1322,682,29,1.938,96.0,93.81,500,50.12,106.56,102.56,51.66,103.65,226.92,86.15,2952.1,3.7,8.03
2011-09-15,4572.63,4610.14,4535.95,4573.46,0,1931.28,5918.64,3017.98,18.4,1.53,9.06,7.8719,-0.0028,542.32,-76.76,562,1488,114,0.378,96.0,88.01,500,50.12,106.56,102.56,51.66,103.65,224.02,86.16,2953.88,3.72,8.03
2011-09-16,4568.36,4657.51,4541.66,4630.45,0,2712.6,6006.85,3067.54,17.83,-0.57,-3.08,7.8741,0.0021,732.01,1554.77,509,1414,60,0.36,96.0,93.17,500,50.12,106.56,102.56,51.66,103.65,223.59,86.65,3008.09,3.71,8.03
2011-09-19,4621.16,4647.48,4594.17,4620.49,0,1417.67,6035.32,3086.85,19.98,2.15,12.06,7.8581,-0.0159,-2522.24,3177.53,752,1163,123,0.647,96.0,90.07,500,50.12,106.56,102.56,51.66,103.65,215.56,86.36,3051.33,3.68,8.03
2011-09-20,4613.05,4680.83,4568.11,4635.67,0,2955.12,6071.74,3085.87,15.94,-4.05,-20.25,7.8547,-0.0034,-3963.74,-2199.89,744,1297,118,0.574,96.0,88.52,500,50.12,106.56,102.56,51.66,103.65,217.38,86.65,3064.03,3.68,8.03
2011-09-21,4644.56,4659.03,4631.65,4646.12,0,2095.67,6106.68,3095.21,17.56,1.62,10.17,7.8736,0.0189,2329.25,225.17,808,1213,64,0.666,96.0,93.8,500,50.12,106.56,102.56,51.66,103.65,223.24,86.11,3087.38,3.73,8.03
2011-09-22,4661.31,4704.92,4611.07,4654.62,0,2667.95,6110.75,3106.21,16.08,-1.48,-8.4,7.8826,0.009,-1385.48,955.23,797,1295,114,0.615,96.0,85.59,500,50.12,106.56,102.56,51.66,103.65,222.09,87.11,3117.46,3.76,8.03
2011-09-23,4656.29,4689.97,4582.43,4615.81,0,1800.1,6019.85,3082.87,20.63,4.55,28.29,7.8686,-0.014,-2276.87,-3443.1,1183,878,54,1.347,96.0,84.1,500,50.12,106.56,102.56,51.66,103.65,216.88,86.75,3163.26,3.71,8.03
2011-09-26,4623.37,4670.4,4539.15,4585.8,0,1913.57,5995.14,3081.84,16.28,-4.35,-21.09,7.8717,0.0031,42.82,2056.83,843,1138,103,0.741,96.0,90.32,500,50.12,106.56,102.56,51.66,103.65,210.85,87.44,3116.64,3.7,8.03
2011-09-27,4571.2,4593.03,4494.76,4516.33,0,4520.28,5896.17,3028.04,19.31,3.03,18.58,7.891,0.0192,-3300.67,-1274.14,1387,551,109,2.517,96.0,86.24,500,50.12,106.56,102.56,51.66,103.65,204.27,87.35,3143.46,3.7,8.03
2011-09-28,4512.87,4556.0,4354.82,4396.85,0,4755.98,5777.1,2944.88,20.42,1.11,5.75,7.8847,-0.0063,-273.95,-1119.92,1510,587,119,2.572,96.0,85.22,500,50.12,106.56,102.56,51.66,103.65,207.39,87.85,3154.85,3.69,8.03
2011-09-29,4387.93,4448.18,4349.33,4409.39,0,3152.02,5801.38,2937.91,22.83,2.41,11.82,7.8915,0.0068,1648.62,-2862.35,806,1225,72,0.658,96.0,84.61,500,50.12,106.56,102.56,51.66,103.65,197.98,88.21,3166.68,3.67,8.03
2011-09-30,4421.22,4447.29,4400.31,4426.36,0,4933.97,5807.22,2945.36,14.71,-8.12,-35.55,7.8891,-0.0024,-3650.47,3566.36,681,1236,42,0.551,96.0,86.83,500,50.12,106.56,102.56,51.66,103.65,204.97,88.67,3188.36,3.61,8.03
2011-10-03,4439.87,4464.45,4416.79,4441.36,0,4360.54,5823.46,2983.92,14.89,0.18,1.2,7.8825,-0.0066,1061.32,-528.65,777,1153,103,0.674,96.0,86.49,500,49.57,106.83,100.16,51.05,104.24,201.86,89.14,3201.98,3.59,7.45
2011-10-04,4435.95,4447.42,4337.73,4348.97,0,7367.13,5702.26,2918.02,18.5,3.61,24.23,7.857,-0.0255,4754.96,894.02,1337,740,85,1.807,96.0,92.76,500,49.57,106.83,100.16,51.05,104.24,209.5,88.83,3268.85,3.56,7.45
2011-10-05,4350.49,4391.24,4245.42,4285.55,0,2424.33,5618.07,2889.65,18.7,0.21,1.11,7.871,0.014,-2614.49,771.63,1128,772,62,1.461,96.0,95.08,500,49.57,106.83,100.16,51.05,104.24,212.2,88.62,3342.79,3.57,7.45
2011-10-06,4293.43,4315.07,4278.18,4299.79,0,2335.94,5662.73,2907.98,14.85,-3.85,-20.61,7.8604,-0.0106,535.92,-1794.61,506,1583,62,0.32,96.0,88.21,500,49.57,106.83,100.16,51.05,104.24,210.41,88.12,3344.81,3.48,7.45
2011-10-07,4294.86,4322.87,4230.52,4258.29,0,3993.44,5630.73,2881.83,20.63,5.79,38.97,7.8859,0.0255,-225.18,322.63,1097,935,106,1.173,96.0,91.91,500,49.57,106.83,100.16,51.05,104.24,214.45,87.36,3364.4,3.54,7.45
2011-10-10,4253.83,4324.71,4210.01,4280.61,0,3126.38,5690.8,2915.14,15.5,-5.13,-24.87,7.8934,0.0075,762.79,-5279.07,573,1358,39,0.422,96.0,95.28,500,49.57,106.83,100.16,51.05,104.24,217.68,87.5,3395.62,3.51,7.45
2011-10-11,4294.13,4316.93,4210.91,4233.38,0,1757.07,5638.83,2898.8,19.7,4.2,27.08,7.9031,0.0097,-5008.36,4051.65,852,1141,29,0.747,96.0,87.32,500,49.57,106.83,100.16,51.05,104.24,231.56,87.89,3349.92,3.45,7.45
2011-10-12,4242.28,4307.28,4210.3,4275.05,0,3064.22,5702.58,2938.66,17.7,-2.0,-10.14,7.9051,0.002,-551.06,-3299.46,783,1309,80,0.598,96.0,93.32,500,49.57,106.83,100.16,51.05,104.24,237.82,88.0,3375.41,3.43,7.45
2011-10-13,4286.14,4321.86,4230.27,4265.82,0,2906.84,5692.74,2935.75,18.2,0.5,2.82,7.891,-0.0142,-3017.31,-4012.6,846,1188,65,0.712,96.0,89.54,500,49.57,106.83,100.16,51.05,104.24,250.16,87.48,3407.51,3.4,7.45
2011-10-14,4284.88,4323.02,4274.34,4312.41,0,1814.84,5744.59,2960.85,14.75,-3.46,-18.99,7.8899,-0.0011,-6142.57,1097.04,485,1418,93,0.342,96.0,96.88,500,49.57,106.83,100.16,51.05,104.24,258.68,87.1,3416.34,3.35,7.45
2011-10-17,4306.7,4317.1,4277.15,4287.51,0,3913.06,5718.5,2950.48,20.34,5.59,37.91,7.8927,0.0029,-4878.53,-982.31,812,1267,55,0.641,96.0,83.33,500,49.57,106.83,100.16,51.05,104.24,260.48,86.54,3444.58,3.35,7.45
2011-10-18,4264.67,4287.76,4227.53,4250.55,0,3907.19,5690.03,2933.12,19.22,-1.11,-5.47,7.8991,0.0064,111.24,2866.53,964,1060,49,0.909,96.0,88.34,500,49.57,106.83,100.16,51.05,104.24,264.59,86.86,3462.27,3.35,7.45
2011-10-19,4247.91,4310.11,4194.8,4256.88,0,5241.4,5721.22,2943.71,18.84,-0.39,-2.01,7.9114,0.0122,-4938.01,1822.04,693,1347,101,0.514,96.0,86.37,500,49.57,106.83,100.16,51.05,104.24,262.55,86.41,3508.63,3.28,7.45
2011-10-20,4262.86,4284.01,4213.77,4234.79,0,2813.38,5728.51,2942.21,22.29,3.46,18.35,7.9254,0.014,-568.65,1455.09,1055,896,86,1.177,96.0,90.77,500,49.57,106.83,100.16,51.05,104.24,253.37,86.12,3496.75,3.34,7.45
2011-10-21,4231.82,4254.28,4164.19,4186.41,0,3379.02,5697.5,2927.56,18.8,-3.49,-15.68,7.9071,-0.0183,1663.63,-1668.37,930,1161,82,0.801,96.0,95.48,500,49.57,106.83,100.16,51.05,104.24,255.58,86.51,3455.84,3.3,7.45
2011-10-24,4183.24,4220.89,4161.76,4199.32,0,2328.14,5724.33,2921.03,18.25,-0.55,-2.94,7.9077,0.0006,3022.57,-2288.76,924,1032,89,0.895,96.0,90.96,500,49.57,106.83,100.16,51.05,104.24,256.7,85.94,3396.75,3.25,7.45
2011-10-25,4209.21,4226.14,4122.35,4139.0,0,1336.89,5648.97,2866.66,21.62,3.37,18.48,7.8962,-0.0115,-6707.04,-1321.93,1252,724,39,1.729,96.0,86.3,500,49.57,106.83,100.16,51.05,104.24,262.4,85.98,3396.39,3.25,7.45
2011-10-26,4142.47,4169.09,4125.34,4151.91,0,2189.96,5639.01,2866.55,20.84,-0.78,-3.6,7.883,-0.0132,268.3,1189.58,976,1072,102,0.91,96.0,89.29,500,49.57,106.83,100.16,51.05,104.24,256.05,86.24,3407.63,3.26,7.45
2011-10-27,4158.07,4212.72,4129.87,4184.34,0,1637.53,5662.74,2886.25,16.24,-4.6,-22.08,7.8767,-0.0063,-1743.94,2739.22,581,1444,27,0.402,96.0,91.96,500,49.57,106.83,100.16,51.05,104.24,258.32,86.43,3462.04,3.24,7.45
2011-10-28,4177.85,4246.27,4151.47,4219.63,0,1527.36,5718.44,2913.44,17.4,1.16,7.13,7.875,-0.0016,507.05,-1049.78,674,1343,52,0.502,96.0,92.24,500,49.57,106.83,100.16,51.05,104.24,258.9,86.3,3468.45,3.23,7.45
2011-10-31,4201.28,4251.73,4169.48,4219.79,0,3499.68,5743.01,2925.98,16.18,-1.22,-6.99,7.8805,0.0054,-2259.33,-1712.13,639,1324,92,0.483,96.0,86.63,500,49.57,106.83,100.16,51.05,104.24,258.6,86.34,3449.87,3.17,7.45
2011-11-01,4214.35,4235.71,4183.98,4205.29,0,1682.13,5705.01,2920.59,19.46,3.28,20.28,7.8563,-0.0242,1266.84,170.1,1266,675,117,1.876,96.0,90.34,500,49.27,107.04,96.44,50.38,104.27,258.57,85.37,3439.92,3.19,7.45
2011-11-02,4201.59,4216.3,4164.27,4178.91,0,1803.07,5650.86,2883.68,16.47,-2.99,-15.35,7.8473,-0.009,553.51,-1537.13,869,1210,40,0.718,96.0,93.48,500,49.27,107.04,96.44,50.38,104.27,260.15,85.9,3461.38,3.2,7.45
2011-11-03,4189.55,4223.97,4048.83,4082.38,0,3150.95,5495.66,2808.31,17.96,1.48,8.99,7.8602,0.0129,3971.97,-1011.21,1625,376,63,4.322,96.0,85.51,500,49.27,107.04,96.44,50.38,104.27,255.2,86.27,3492.04,3.16,7.45
2011-11-04,4096.76,4111.08,4088.15,4102.46,0,3517.85,5527.35,2823.68,15.94,-2.02,-11.26,7.8622,0.002,-1221.92,681.41,869,1061,97,0.819,96.0,85.99,500,49.27,107.04,96.44,50.38,104.27,260.14,86.59,3530.34,3.22,7.45
2011-11-07,4104.32,4190.73,4060.83,4146.8,0,2104.46,5600.14,2858.06,16.58,0.65,4.06,7.8527,-0.0094,3325.99,-1684.4,502,1502,69,0.334,96.0,90.64,500,49.27,107.04,96.44,50.38,104.27,255.61,86.48,3503.69,3.24,7.45
2011-11-08,4150.74,4158.58,4148.93,4156.76,0,2432.78,5601.48,2868.69,20.48,3.9,23.53,7.8596,0.0069,-4578.59,-1371.32,849,1158,60,0.733,96.0,92.28,500,49.27,107.04,96.44,50.38,104.27,264.93,86.36,3526.86,3.23,7.45
2011-11-09,4145.75,4157.12,4074.14,4085.35,0,4317.35,5544.26,2847.45,19.67,-0.81,-3.96,7.8456,-0.0141,5883.28,2475.17,1287,628,74,2.049,96.0,95.94,500,49.27,107.04,96.44,50.38,104.27,265.0,86.62,3530.13,3.26,7.45
2011-11-10,4090.97,4114.78,4062.29,4086.07,0,2184.48,5533.39,2825.13,14.59,-5.08,-25.85,7.8216,-0.024,-525.95,-557.28,1179,780,101,1.512,96.0,86.4,500,49.27,107.04,96.44,50.38,104.27,261.54,87.05,3510.14,3.28,7.45
2011-11-11,4075.67,4127.67,4062.93,4114.81,0,1980.34,5585.62,2852.17,15.39,0.81,5.52,7.8287,0.0071,-1856.13,2721.02,608,1454,82,0.418,96.0,84.24,500,49.27,107.04,96.44,50.38,104.27,265.99,87.28,3594.39,3.26,7.45
2011-11-14,4110.21,4176.34,4091.27,4157.19,0,1752.92,5652.34,2883.17,18.82,3.42,22.23,7.8456,0.0168,3807.7,129.74,720,1322,127,0.545,96.0,89.78,500,49.27,107.04,96.44,50.38,104.27,266.74,87.78,3560.11,3.23,7.45
2011-11-15,4156.22,4186.1,4137.95,4167.77,0,5251.9,5695.66,2910.43,18.89,0.07,0.38,7.8476,0.0021,-2101.76,3378.02,557,1358,49,0.41,96.0,88.61,500,49.27,107.04,96.44,50.38,104.27,265.21,87.51,3575.97,3.27,7.45
2011-11-16,4178.28,4193.92,4145.99,4161.57,0,1823.34,5675.2,2888.48,15.33,-3.56,-18.84,7.8491,0.0015,2919.69,389.77,679,1370,24,0.496,96.0,93.45,500,49.27,107.04,96.44,50.38,104.27,279.27,87.95,3584.86,3.25,7.45
2011-11-17,4164.41,4203.97,4120.48,4159.99,0,2984.68,5705.24,2885.32,18.31,2.98,19.43,7.8667,0.0176,8265.77,-1418.26,1025,1011,60,1.014,96.0,87.43,500,49.27,107.04,96.44,50.38,104.27,275.96,88.08,3621.68,3.26,7.45
2011-11-18,4172.62,4188.15,4130.92,4146.35,0,4625.05,5704.15,2869.65,16.95,-1.35,-7.39,7.8814,0.0147,10696.16,-1228.81,839,1131,116,0.742,96.0,88.44,500,49.27,107.04,96.44,50.38,104.27,276.3,88.6,3618.81,3.27,7.45
2011-11-21,4145.95,4196.44,4105.23,4155.62,0,1583.68,5758.86,2890.09,17.19,0.24,1.4,7.8712,-0.0102,-3517.53,-4262.77,463,1447,63,0.32,96.0,92.05,500,49.27,107.04,96.44,50.38,104.27,274.54,89.2,3710.79,3.25,7.45
2011-11-22,4150.82,4183.15,4110.35,4142.62,0,3074.68,5703.89,2866.75,19.47,2.28,13.25,7.8655,-0.0056,1299.31,-331.84,959,995,78,0.964,96.0,86.29,500,49.27,107.04,96.44,50.38,104.27,275.86,89.03,3732.45,3.3,7.45
2011-11-23,4141.67,4161.61,4133.66,4153.57,0,4799.47,5746.06,2894.27,14.22,-5.25,-26.96,7.8758,0.0103,2649.83,-804.7,529,1531,88,0.346,96.0,92.43,500,49.27,107.04,96.44,50.38,104.27,288.2,88.89,3766.44,3.27,7.45
2011-11-24,4163.96,4167.84,4109.01,4112.84,0,2933.36,5714.75,2865.04,20.96,6.74,47.42,7.877,0.0012,3276.98,-739.99,1208,873,48,1.384,96.0,93.41,500,49.27,107.04,96.44,50.38,104.27,285.5,89.31,3819.72,3.23,7.45
2011-11-25,4114.25,4179.14,4068.8,4133.47,0,6573.88,5748.62,2873.77,13.97,-6.99,-33.37,7.8926,0.0157,-483.55,697.37,636,1300,84,0.489,96.0,81.4,500,49.27,107.04,96.44,50.38,104.27,288.76,89.48,3822.33,3.18,7.45
2011-11-28,4137.8,4180.18,4113.12,4155.39,0,1913.82,5753.87,2883.92,18.09,4.12,29.49,7.9047,0.012,4074.74,1427.33,602,1474,37,0.408,96.0,92.75,500,49.27,107.04,96.44,50.38,104.27,286.86,89.31,3888.42,3.2,7.45
2011-11-29,4158.17,4188.23,4128.27,4158.32,0,3256.69,5786.77,2896.82,17.79,-0.29,-1.63,7.9084,0.0038,-3406.0,-777.38,924,1169,52,0.79,96.0,83.5,500,49.27,107.04,96.44,50.38,104.27,282.85,89.48,3933.86,3.21,7.45
2011-11-30,4158.01,4249.35,4108.53,4199.38,0,4152.96,5865.47,2920.1,19.16,1.37,7.68,7.9003,-0.0081,-975.01,4176.19,303,1708,129,0.177,96.0,92.32,500,49.27,107.04,96.44,50.38,104.27,281.33,89.6,3911.98,3.22,7.45
2011-12-01,4195.17,4212.66,4155.46,4172.86,0,1975.92,5859.81,2894.06,17.12,-2.04,-10.63,7.8992,-0.0011,3301.85,2217.74,785,1241,100,0.633,96.0,82.14,500,48.88,107.49,100.9,51.28,104.29,296.84,89.24,3891.57,3.15,7.45
2011-12-02,4176.25,4276.48,4157.55,4257.41,0,1189.14,5961.63,2937.48,16.73,-0.4,-2.31,7.8874,-0.0119,5808.2,2316.52,273,1676,106,0.163,96.0,91.25,500,48.88,107.49,100.9,51.28,104.29,285.96,88.98,3926.51,3.1,7.45
2011-12-05,4257.79,4281.8,4176.0,4199.68,0,2611.3,5871.6,2910.64,19.39,2.67,15.94,7.8898,0.0024,646.58,-1709.48,1539,509,33,3.024,96.0,94.58,500,48.88,107.49,100.9,51.28,104.29,307.13,88.7,3845.06,3.13,7.45
2011-12-06,4199.69,4207.28,4165.21,4172.75,0,1873.53,5889.97,2898.91,21.26,1.87,9.63,7.883,-0.0068,2213.28,3147.48,684,1282,49,0.534,96.0,90.01,500,48.88,107.49,100.9,51.28,104.29,313.76,88.89,3847.76,3.16,7.45
2011-12-07,4162.09,4228.28,4134.55,4200.48,0,2370.3,5868.68,2902.36,18.73,-2.53,-11.92,7.8855,0.0025,3373.22,-1102.49,844,1097,88,0.769,96.0,87.84,500,48.88,107.49,100.9,51.28,104.29,308.6,88.51,3889.86,3.17,7.45
2011-12-08,4201.99,4283.54,4180.09,4261.33,0,4325.32,5979.95,2948.67,17.3,-1.43,-7.65,7.8965,0.011,1499.6,-1968.49,198,1861,57,0.106,96.0,89.09,500,48.88,107.49,100.9,51.28,104.29,307.79,88.63,3863.44,3.17,7.45
2011-12-09,4260.23,4290.17,4208.46,4238.24,0,6566.61,5948.33,2923.81,15.06,-2.24,-12.94,7.8783,-0.0182,4.31,4147.84,892,1098,32,0.812,96.0,95.58,500,48.88,107.49,100.9,51.28,104.29,300.36,88.48,3927.56,3.12,7.45
2011-12-12,4232.09,4278.28,4206.23,4252.29,0,2400.3,6019.28,2968.77,18.35,3.29,21.85,7.8885,0.0103,-3120.48,3331.61,676,1326,23,0.51,96.0,90.78,500,48.88,107.49,100.9,51.28,104.29,306.17,88.36,3965.94,3.15,7.45
2011-12-13,4255.03,4365.64,4216.25,4326.22,0,2352.06,6119.72,3010.76,11.69,-6.66,-36.29,7.8747,-0.0139,-2653.82,-2081.27,418,1617,30,0.259,96.0,81.91,500,48.88,107.49,100.9,51.28,104.29,302.91,88.52,3941.52,3.11,7.45
2011-12-14,4314.0,4380.79,4306.6,4373.28,0,2437.82,6181.18,3046.53,14.4,2.71,23.18,7.8826,0.008,362.32,-3914.94,484,1492,49,0.324,96.0,86.25,500,48.88,107.49,100.9,51.28,104.29,311.31,88.69,3898.63,3.15,7.45
2011-12-15,4379.68,4383.13,4363.48,4366.91,0,5687.94,6199.51,3034.33,14.71,0.32,2.19,7.8948,0.0122,9522.0,5886.54,1033,1012,123,1.021,96.0,96.75,500,48.88,107.49,100.9,51.28,104.29,335.91,88.96,3912.63,3.14,7.45
2011-12-16,4353.33,4455.82,4317.07,4419.01,0,5475.86,6276.07,3078.49,17.25,2.54,17.25,7.8975,0.0027,7418.57,-2582.12,353,1696,63,0.208,96.0,81.86,500,48.88,107.49,100.9,51.28,104.29,327.32,88.53,3780.78,3.1,7.45
2011-12-19,4443.68,4457.24,4389.87,4403.3,0,1739.36,6212.77,3089.84,22.94,5.69,32.98,7.9034,0.0059,3246.48,-1298.6,896,1163,30,0.77,96.0,86.21,500,48.88,107.49,100.9,51.28,104.29,331.38,88.45,3824.33,3.18,7.45
2011-12-20,4413.66,4470.01,4388.41,4444.59,0,2373.6,6276.37,3110.75,15.85,-7.09,-30.92,7.912,0.0086,1218.2,1567.6,429,1590,49,0.27,96.0,93.56,500,48.88,107.49,100.9,51.28,104.29,342.05,88.48,3759.19,3.2,7.45
2011-12-21,4447.49,4483.91,4424.51,4460.86,0,2941.99,6342.58,3124.61,18.71,2.86,18.05,7.9312,0.0192,-5917.77,-413.33,800,1281,52,0.625,96.0,89.28,500,48.88,107.49,100.9,51.28,104.29,333.36,88.05,3841.21,3.21,7.45
2011-12-22,4461.87,4496.07,4369.19,4402.94,0,2252.21,6276.53,3099.58,20.36,1.65,8.83,7.9566,0.0253,791.97,638.49,1139,845,124,1.348,96.0,87.63,500,48.88,107.49,100.9,51.28,104.29,340.71,88.38,3868.56,3.22,7.45
2011-12-23,4397.22,4410.93,4369.16,4382.82,0,3991.62,6235.87,3075.77,19.54,-0.82,-4.04,7.9498,-0.0068,2507.44,4080.52,1208,853,124,1.416,96.0,93.29,500,48.88,107.49,100.9,51.28,104.29,339.03,88.75,3856.6,3.28,7.45
2011-12-26,4378.73,4434.81,4335.16,4391.12,0,2848.37,6240.46,3090.47,17.54,-2.0,-10.23,7.9528,0.0031,230.38,779.25,688,1277,27,0.539,96.0,89.24,500,48.88,107.49,100.9,51.28,104.29,337.51,88.89,3849.69,3.26,7.45
2011-12-27,4396.5,4430.66,4333.89,4367.83,0,3071.87,6146.75,3049.45,18.56,1.02,5.81,7.9284,-0.0244,-5778.33,-17.78,1010,925,68,1.092,96.0,88.27,500,48.88,107.49,100.9,51.28,104.29,338.91,88.5,3925.86,3.27,7.45
2011-12-28,4373.58,4391.14,4342.49,4360.0,0,3022.64,6107.28,3028.7,18.54,-0.01,-0.08,7.9236,-0.0048,6410.89,-320.46,1005,914,82,1.1,96.0,87.46,500,48.88,107.49,100.9,51.28,104.29,329.17,88.38,3932.52,3.29,7.45
2011-12-29,4349.66,4359.53,4333.29,4343.15,0,3686.2,6072.45,3018.73,16.13,-2.42,-13.04,7.9214,-0.0022,-8238.42,2999.36,997,966,23,1.032,96.0,89.97,500,48.88,107.49,100.9,51.28,104.29,352.86,87.23,3957.54,3.29,7.45
2011-12-30,4343.69,4367.98,4313.61,4337.87,0,2551.89,6007.64,3010.2,19.28,3.15,19.56,7.9048,-0.0166,4532.33,-909.5,751,1329,64,0.565,96.0,87.29,500,48.88,107.49,100.9,51.28,104.29,361.25,87.03,3915.07,3.29,7.45
2012-01-02,4329.08,4392.55,4317.38,4380.71,0,3184.4,6072.12,3053.53,14.96,-4.32,-22.38,7.897,-0.0078,1515.0,4416.81,742,1301,28,0.57,96.0,88.16,500,51.17,108.31,102.47,54.22,104.87,361.5,86.94,3936.85,3.26,8.51
2012-01-03,4374.02,4469.29,4347.46,4442.31,0,2683.29,6181.14,3093.67,16.25,1.28,8.57,7.8866,-0.0105,1842.47,75.98,586,1490,41,0.393,96.0,85.12,500,51.17,108.31,102.47,54.22,104.87,351.2,86.07,3926.41,3.32,8.51
2012-01-04,4447.67,4479.08,4410.69,4442.05,0,2062.59,6174.93,3108.94,16.19,-0.06,-0.37,7.8997,0.0132,768.34,315.03,885,1212,28,0.73,96.0,91.4,500,51.17,108.31,102.47,54.22,104.87,352.58,85.95,3965.48,3.37,8.51
2012-01-05,4450.33,4466.44,4411.09,4427.11,0,3469.62,6186.52,3125.01,15.61,-0.57,-3.54,7.9114,0.0117,-901.56,601.98,878,1024,60,0.857,96.0,89.65,500,51.17,108.31,102.47,54.22,104.87,335.83,85.25,3924.42,3.39,8.51
2012-01-06,4415.99,4498.14,4355.94,4437.79,0,1793.33,6178.17,3128.7,17.53,1.91,12.24,7.8921,-0.0193,3267.25,499.51,698,1269,25,0.55,96.0,78.12,500,51.17,108.31,102.47,54.22,104.87,345.99,84.7,3882.36,3.36,8.51
2012-01-09,4440.08,4503.05,4339.87,4402.31,0,1629.94,6127.54,3101.22,15.99,-1.53,-8.75,7.8803,-0.0118,-2783.59,-726.9,1098,955,117,1.15,96.0,84.74,500,51.17,108.31,102.47,54.22,104.87,334.47,84.79,3851.18,3.38,8.51
2012-01-10,4405.59,4440.2,4316.18,4350.35,0,4150.9,6118.77,3093.2,17.47,1.48,9.26,7.8704,-0.0098,-4936.74,3780.28,593,1410,71,0.421,96.0,90.77,500,51.17,108.31,102.47,54.22,104.87,334.7,85.27,3897.94,3.37,8.51
2012-01-11,4345.84,4379.47,4306.94,4340.53,0,7671.58,6125.84,3089.62,17.58,0.1,0.6,7.8632,-0.0072,-1998.87,-66.21,646,1375,74,0.47,96.0,92.3,500,51.17,108.31,102.47,54.22,104.87,346.83,84.92,3886.22,3.33,8.51
2012-01-12,4346.52,4378.84,4248.46,4280.28,0,2882.91,6044.7,3043.94,21.49,3.91,22.26,7.8384,-0.0248,1329.75,-797.48,1209,728,47,1.661,96.0,91.06,500,51.17,108.31,102.47,54.22,104.87,353.76,84.97,3879.73,3.29,8.51
2012-01-13,4281.94,4312.5,4232.79,4263.21,0,6264.99,6002.46,3040.02,19.64,-1.85,-8.61,7.8421,0.0036,-3149.52,729.9,966,1004,30,0.962,96.0,91.03,500,51.17,108.31,102.47,54.22,104.87,347.35,84.45,3868.7,3.23,8.51
2012-01-16,4252.75,4316.63,4240.64,4304.38,0,4747.77,6076.03,3073.54,16.73,-2.91,-14.82,7.8269,-0.0151,-2515.37,1543.89,910,1053,41,0.864,96.0,86.95,500,51.17,108.31,102.47,54.22,104.87,343.76,84.4,3890.83,3.25,8.51
2012-01-17,4311.26,4314.74,4295.48,4298.96,0,6246.94,6107.96,3078.61,18.88,2.15,12.87,7.8334,0.0065,-2187.08,-808.17,697,1302,128,0.535,96.0,96.06,500,51.17,108.31,102.47,54.22,104.87,344.38,84.64,3818.05,3.26,8.51
2012-01-18,4295.71,4350.25,4277.58,4331.96,0,4563.35,6217.43,3096.99,15.85,-3.04,-16.09,7.8406,0.0073,3135.83,591.11,538,1382,50,0.389,96.0,87.79,500,51.17,108.31,102.47,54.22,104.87,341.87,84.51,3898.54,3.31,8.51
2012-01-19,4339.63,4362.58,4284.49,4307.28,0,1592.44,6195.39,3069.89,18.31,2.46,15.54,7.8817,0.0411,2429.86,-120.51,1146,902,52,1.271,96.0,84.95,500,51.17,108.31,102.47,54.22,104.87,349.23,84.25,3908.19,3.28,8.51
2012-01-20,4300.1,4334.79,4296.88,4331.55,0,2023.9,6246.53,3088.42,18.03,-0.28,-1.52,7.8709,-0.0108,-2389.85,4491.14,703,1300,98,0.541,96.0,89.18,500,51.17,108.31,102.47,54.22,104.87,345.02,83.99,3925.15,3.27,8.51
2012-01-23,4334.37,4372.22,4317.44,4355.21,0,2784.81,6280.92,3089.12,15.58,-2.45,-13.59,7.865,-0.0059,-330.11,179.05,712,1356,20,0.525,96.0,91.5,500,51.17,108.31,102.47,54.22,104.87,346.15,83.74,3831.13,3.24,8.51
2012-01-24,4351.85,4380.62,4307.05,4335.7,0,3862.88,6210.0,3072.39,22.38,6.8,43.68,7.8841,0.019,-2940.86,-1116.81,1164,737,65,1.579,96.0,93.03,500,51.17,108.31,102.47,54.22,104.87,338.89,83.64,3839.34,3.18,8.51
2012-01-25,4322.3,4380.67,4288.29,4346.46,0,2921.22,6179.19,3079.87,16.49,-5.89,-26.32,7.904,0.0199,-4426.76,1509.89,811,1257,92,0.645,96.0,82.11,500,51.17,108.31,102.47,54.22,104.87,333.73,83.41,3851.88,3.18,8.51
2012-01-26,4347.23,4382.23,4288.7,4323.52,0,5099.39,6177.36,3076.13,19.0,2.5,15.18,7.8987,-0.0053,3190.61,919.35,807,1149,22,0.702,96.0,96.51,500,51.17,108.31,102.47,54.22,104.87,334.33,83.33,3789.62,3.12,8.51
2012-01-27,4313.03,4333.54,4262.64,4283.0,0,3295.23,6120.32,3037.68,18.76,-0.23,-1.23,7.891,-0.0077,2605.07,-3266.88,1018,1068,124,0.953,96.0,88.05,500,51.17,108.31,102.47,54.22,104.87,343.74,83.04,3782.85,3.16,8.51
2012-01-30,4290.37,4349.01,4280.48,4339.01,0,6287.55,6146.48,3063.36,17.27,-1.49,-7.94,7.8975,0.0065,125.29,-2358.41,560,1363,115,0.411,96.0,95.85,500,51.17,108.31,102.47,54.22,104.87,342.89,82.6,3730.69,3.12,8.51
2012-01-31,4327.44,4444.89,4288.38,4405.13,0,2201.32,6231.65,3110.25,14.03,-3.24,-18.75,7.9071,0.0096,-558.27,101.59,402,1575,74,0.255,96.0,94.84,500,51.17,108.31,102.47,54.22,104.87,345.37,82.82,3723.13,3.14,8.51
2012-02-01,4405.02,4492.8,4398.03,4485.68,0,3682.46,6345.21,3157.26,16.71,2.68,19.08,7.9159,0.0087,4382.49,5478.86,660,1410,27,0.468,96.0,84.34,500,50.47,108.94,95.5,48.6,105.91,338.64,82.91,3761.93,3.17,8.51
2012-02-02,4479.7,4532.01,4468.0,4520.2,0,4826.68,6387.3,3172.8,15.89,-0.82,-4.9,7.9023,-0.0136,1006.09,-570.45,643,1260,56,0.51,96.0,91.0,500,50.47,108.94,95.5,48.6,105.91,359.31,82.7,3760.14,3.12,8.51
2012-02-03,4524.73,4580.77,4473.96,4529.94,0,2770.97,6377.16,3169.3,16.52,0.62,3.92,7.8925,-0.0098,3744.95,178.19,887,1120,116,0.792,96.0,97.41,500,50.47,108.94,95.5,48.6,105.91,367.13,82.71,3882.84,3.18,8.51
2012-02-06,4538.05,4603.53,4515.24,4580.5,0,8382.54,6485.35,3217.86,17.05,0.54,3.24,7.8935,0.0011,4613.18,-1513.02,511,1401,77,0.365,96.0,86.33,500,50.47,108.94,95.5,48.6,105.91,360.83,82.33,3923.94,3.22,8.51
2012-02-07,4577.43,4650.37,4556.01,4628.71,0,3043.65,6559.63,3278.96,17.35,0.29,1.71,7.894,0.0004,-388.43,-52.47,490,1471,24,0.333,96.0,89.16,500,50.47,108.94,95.5,48.6,105.91,349.61,81.69,3869.27,3.2,8.51
2012-02-08,4630.79,4660.0,4589.39,4618.52,0,2014.45,6557.46,3267.08,15.82,-1.53,-8.8,7.8887,-0.0052,-3841.71,-2863.83,1000,1050,25,0.952,96.0,82.77,500,50.47,108.94,95.5,48.6,105.91,347.52,81.85,3902.15,3.17,8.51
2012-02-09,4623.62,4673.74,4583.59,4633.63,0,3730.88,6532.57,3273.9,19.8,3.98,25.13,7.8844,-0.0044,-3542.91,1142.17,900,1175,37,0.766,96.0,93.97,500,50.47,108.94,95.5,48.6,105.91,346.52,81.67,3948.1,3.18,8.51
2012-02-10,4631.49,4702.8,4617.79,4688.94,0,4545.47,6635.99,3301.31,19.75,-0.05,-0.23,7.8754,-0.0089,-5899.97,2302.67,422,1531,128,0.276,96.0,92.29,500,50.47,108.94,95.5,48.6,105.91,330.75,81.65,4012.87,3.23,8.51
2012-02-13,4684.07,4741.17,4677.79,4734.82,0,1616.75,6737.3,3343.3,18.69,-1.06,-5.35,7.868,-0.0074,6302.77,44.53,709,1309,70,0.542,96.0,89.87,500,50.47,108.94,95.5,48.6,105.91,337.36,81.83,4032.31,3.2,8.51
2012-02-14,4738.22,4796.83,4709.91,4768.34,0,4842.05,6812.44,3392.97,19.11,0.42,2.23,7.8487,-0.0193,-467.21,-867.22,383,1558,78,0.246,96.0,84.92,500,50.47,108.94,95.5,48.6,105.91,349.48,82.06,4068.8,3.2,8.51
2012-02-15,4782.85,4816.21,4753.24,4786.58,0,2931.96,6805.28,3408.19,17.39,-1.72,-9.02,7.8626,0.0139,-185.13,2376.43,728,1312,82,0.555,96.0,90.33,500,50.47,108.94,95.5,48.6,105.91,338.21,82.03,4064.33,3.25,8.51
2012-02-16,4797.1,4829.3,4702.69,4734.46,0,7742.32,6763.71,3384.63,17.87,0.48,2.77,7.8502,-0.0124,-1346.97,-1867.77,1137,942,27,1.207,96.0,96.35,500,50.47,108.94,95.5,48.6,105.91,352.67,82.36,4117.44,3.28,8.51
2012-02-17,4741.08,4760.13,4692.41,4711.34,0,3667.25,6714.0,3360.81,18.13,0.27,1.49,7.8442,-0.006,-647.56,-1417.53,861,1213,35,0.71,96.0,83.96,500,50.47,108.94,95.5,48.6,105.91,352.51,82.24,4119.84,3.26,8.51
2012-02-20,4708.0,4729.36,4681.61,4702.95,0,2646.48,6747.22,3361.45,19.13,0.99,5.48,7.8345,-0.0097,2275.99,1759.62,851,1232,100,0.691,96.0,90.98,500,50.47,108.94,95.5,48.6,105.91,342.1,81.8,4131.02,3.28,8.51
2012-02-21,4697.65,4796.18,4647.06,4745.08,0,1859.68,6806.15,3380.96,19.66,0.54,2.81,7.8211,-0.0134,-2053.89,2872.55,508,1513,128,0.336,96.0,90.6,500,50.47,108.94,95.5,48.6,105.91,351.48,81.72,4058.74,3.27,8.51
2012-02-22,4765.72,4781.72,4627.42,4643.01,0,2340.66,6659.55,3315.85,19.57,-0.1,-0.5,7.8087,-0.0124,6020.84,2765.55,1209,846,128,1.429,96.0,87.79,500,50.47,108.94,95.5,48.6,105.91,353.58,82.35,4035.04,3.22,8.51
2012-02-23,4629.37,4704.72,4598.94,4673.99,0,4525.55,6685.78,3322.94,15.78,-3.78,-19.33,7.8089,0.0002,1538.49,942.13,779,1309,53,0.595,96.0,89.48,500,50.47,108.94,95.5,48.6,105.91,358.85,82.29,4114.24,3.26,8.51
2012-02-24,4678.73,4726.52,4627.79,4675.54,0,2007.69,6705.55,3340.29,17.31,1.53,9.66,7.792,-0.0169,-1701.83,2548.63,670,1232,62,0.544,96.0,88.58,500,50.47,108.94,95.5,48.6,105.91,360.41,82.78,4011.23,3.32,8.51
2012-02-27,4687.5,4698.6,4633.92,4644.93,0,4340.45,6665.67,3324.29,18.68,1.37,7.89,7.7753,-0.0167,-233.0,3999.74,738,1280,94,0.577,96.0,93.44,500,50.47,108.94,95.5,48.6,105.91,361.46,83.16,4021.13,3.34,8.51
2012-02-28,4643.16,4664.86,4606.51,4628.13,0,9074.45,6659.08,3330.1,18.58,-0.1,-0.52,7.743,-0.0323,-2731.97,1001.42,1103,811,33,1.36,96.0,92.24,500,50.47,108.94,95.5,48.6,105.91,355.96,82.76,4075.38,3.35,8.51
2012-02-29,4627.15,4647.0,4551.02,4570.62,0,2600.9,6583.43,3296.02,20.21,1.64,8.81,7.7408,-0.0022,-3484.52,1586.79,1001,997,38,1.004,96.0,87.17,500,50.47,108.94,95.5,48.6,105.91,365.25,83.25,4211.26,3.36,8.51
2012-03-01,4584.26,4610.38,4525.75,4551.68,0,4564.9,6538.26,3273.31,20.71,0.49,2.44,7.7526,0.0117,4334.51,-3913.59,917,1039,39,0.883,96.0,81.69,500,52.05,109.58,94.25,49.81,106.34,360.39,83.46,4294.58,3.4,8.51
2012-03-02,4555.44,4625.42,4535.61,4605.38,0,8965.38,6604.21,3317.67,15.09,-5.62,-27.12,7.7585,0.0059,-2200.25,4445.03,545,1546,88,0.353,96.0,84.57,500,52.05,109.58,94.25,49.81,106.34,364.98,83.72,4384.71,3.41,8.51
2012-03-05,4592.47,4604.07,4573.47,4585.05,0,4105.79,6588.62,3296.37,19.47,4.38,29.0,7.7586,0.0001,1729.17,1134.69,1122,837,20,1.341,96.0,82.68,500,52.05,109.58,94.25,49.81,106.34,370.59,83.81,4413.49,3.43,8.51
2012-03-06,4583.51,4665.09,4556.53,4637.79,0,3815.65,6593.5,3318.06,14.27,-5.2,-26.72,7.7842,0.0256,-1705.01,4508.61,477,1455,103,0.328,96.0,85.63,500,52.05,109.58,94.25,49.81,106.34,351.41,84.13,4357.0,3.43,8.51
2012-03-07,4639.71,4711.43,4631.66,4703.27,0,2536.51,6688.01,3365.51,11.41,-2.86,-20.04,7.8025,0.0184,-2485.44,614.07,296,1752,35,0.169,96.0,86.33,500,52.05,109.58,94.25,49.81,106.34,351.74,84.91,4326.71,3.45,8.51
2012-03-08,4693.27,4714.06,4681.98,4702.75,0,3609.71,6685.73,3371.73,18.42,7.01,61.45,7.8159,0.0133,2347.19,-306.49,858,1061,31,0.809,96.0,84.51,500,52.05,109.58,94.25,49.81,106.34,349.71,84.65,4335.24,3.46,8.51
2012-03-09,4702.68,4739.89,4658.29,4695.44,0,4644.11,6637.11,3365.05,19.55,1.13,6.15,7.8215,0.0056,-40.21,-557.29,1080,851,107,1.269,96.0,91.29,500,52.05,109.58,94.25,49.81,106.34,334.88,84.44,4262.39,3.44,8.51
2012-03-12,4701.46,4771.99,4677.18,4747.47,0,3358.5,6663.04,3376.58,15.55,-4.0,-20.48,7.8164,-0.0051,-1870.48,1180.8,613,1289,55,0.476,96.0,86.15,500,52.05,109.58,94.25,49.81,106.34,344.31,84.75,4313.89,3.39,8.51
2012-03-13,4746.44,4846.68,4690.76,4790.48,0,2245.12,6776.25,3426.14,15.99,0.44,2.86,7.8292,0.0129,435.62,-143.11,543,1375,61,0.395,96.0,91.5,500,52.05,109.58,94.25,49.81,106.34,325.93,85.64,4303.64,3.37,8.51
2012-03-14,4790.04,4859.73,4747.26,4816.71,0,2122.0,6814.38,3439.37,16.63,0.64,4.03,7.831,0.0018,9944.14,1183.03,565,1386,65,0.408,96.0,91.05,500,52.05,109.58,94.25,49.81,106.34,327.63,85.53,4320.71,3.4,8.51
2012-03-15,4821.25,4843.23,4668.32,4689.71,0,3470.19,6618.35,3357.5,24.48,7.84,47.14,7.8292,-0.0018,-972.07,-1287.04,1508,533,100,2.829,96.0,94.52,500,52.05,109.58,94.25,49.81,106.34,331.13,85.7,4425.28,3.35,8.51
2012-03-16,4691.93,4734.29,4617.77,4659.85,0,9977.4,6591.53,3331.6,16.06,-8.42,-34.39,7.8347,0.0055,1143.12,2103.77,1051,1006,49,1.045,96.0,89.91,500,52.05,109.58,94.25,49.81,106.34,341.46,85.44,4324.92,3.35,8.51
2012-03-19,4662.15,4712.93,4641.26,4691.91,0,2533.26,6616.1,3355.24,18.29,2.23,13.9,7.849,0.0143,72.3,1596.6,844,1060,109,0.796,96.0,91.19,500,52.05,109.58,94.25,49.81,106.34,339.69,85.74,4253.79,3.32,8.51
2012-03-20,4692.03,4698.71,4637.15,4643.76,0,4559.8,6553.19,3323.43,19.9,1.61,8.78,7.8636,0.0146,411.07,812.81,1036,943,63,1.099,96.0,92.97,500,52.05,109.58,94.25,49.81,106.34,348.28,86.14,4230.24,3.28,8.51
2012-03-21,4643.05,4685.82,4546.05,4588.31,0,2176.95,6501.88,3269.88,17.99,-1.9,-9.57,7.8735,0.0098,-564.82,-1199.32,1081,976,21,1.108,96.0,82.79,500,52.05,109.58,94.25,49.81,106.34,348.88,85.96,4231.13,3.34,8.51
2012-03-22,4600.42,4657.82,4562.9,4620.13,0,3513.22,6541.45,3302.66,20.79,2.8,15.57,7.9019,0.0284,5505.16,268.46,611,1416,63,0.431,96.0,87.15,500,52.05,109.58,94.25,49.81,106.34,354.03,85.71,4229.15,3.44,8.51
2012-03-23,4618.79,4644.42,4557.34,4582.77,0,3802.18,6522.76,3277.14,19.18,-1.62,-7.78,7.8901,-0.0118,-1979.21,-765.45,1404,509,66,2.758,96.0,85.71,500,52.05,109.58,94.25,49.81,106.34,356.18,84.47,4321.79,3.44,8.51
2012-03-26,4579.06,4582.33,4535.11,4538.36,0,2803.57,6487.46,3267.93,20.76,1.59,8.28,7.8865,-0.0036,-2755.04,5145.61,925,1099,53,0.842,96.0,78.52,500,52.05,109.58,94.25,49.81,106.34,384.0,84.25,4329.53,3.49,8.51
2012-03-27,4549.5,4576.48,4489.76,4516.54,0,3918.86,6444.63,3249.19,14.81,-5.96,-28.69,7.8752,-0.0113,850.72,2534.12,1055,851,92,1.24,96.0,90.93,500,52.05,109.58,94.25,49.81,106.34,387.64,84.37,4456.79,3.53,8.51
2012-03-28,4517.79,4586.57,4478.38,4546.89,0,8740.24,6456.08,3254.62,20.01,5.2,35.14,7.8847,0.0096,325.47,-2543.81,648,1414,78,0.458,96.0,85.49,500,52.05,109.58,94.25,49.81,106.34,390.76,84.47,4391.5,3.48,8.51
2012-03-29,4548.74,4581.64,4493.0,4525.72,0,3739.03,6494.4,3264.66,16.18,-3.83,-19.16,7.8707,-0.014,966.19,-1447.17,851,1096,50,0.776,96.0,88.31,500,52.05,109.58,94.25,49.81,106.34,400.88,84.95,4381.91,3.47,8.51
2012-03-30,4527.82,4559.92,4425.99,4457.6,0,4316.59,6436.83,3216.26,18.46,2.29,14.14,7.8558,-0.0149,-2470.75,252.51,1024,881,70,1.162,96.0,89.38,500,52.05,109.58,94.25,49.81,106.34,386.97,85.36,4364.17,3.43,8.51
2012-04-02,4446.41,4461.62,4410.61,4425.76,0,3301.43,6369.22,3211.72,19.01,0.55,2.98,7.8459,-0.0099,-4229.92,1545.62,1035,946,21,1.094,96.0,90.81,500,51.44,109.64,98.59,48.18,106.89,378.64,84.76,4432.3,3.43,8.03
2012-04-03,4406.53,4433.7,4380.87,4408.03,0,2133.67,6332.19,3178.81,21.93,2.91,15.33,7.852,0.0062,-878.87,2143.81,1196,757,67,1.58,96.0,83.86,500,51.44,109.64,98.59,48.18,106.89,390.08,84.97,4440.73,3.45,8.03
2012-04-04,4414.16,4552.39,4371.29,4508.61,0,4712.41,6534.58,3252.47,14.23,-7.7,-35.09,7.8224,-0.0296,-2607.61,2134.49,391,1613,124,0.242,96.0,91.53,500,51.44,109.64,98.59,48.18,106.89,400.85,85.1,4387.8,3.45,8.03
2012-04-05,4503.1,4597.2,4489.26,4583.11,0,2429.21,6630.07,3302.68,12.81,-1.43,-10.03,7.8182,-0.0042,-4295.05,2134.36,520,1470,85,0.354,96.0,89.69,500,51.44,109.64,98.59,48.18,106.89,413.85,85.3,4469.71,3.47,8.03
2012-04-06,4586.33,4654.95,4551.52,4619.89,0,2507.12,6669.19,3326.88,18.72,5.92,46.2,7.8058,-0.0124,1242.4,-416.15,703,1278,116,0.55,96.0,92.65,500,51.44,109.64,98.59,48.18,106.89,421.83,85.27,4545.96,3.45,8.03
2012-04-09,4609.9,4630.4,4471.21,4491.19,0,1923.88,6533.67,3256.44,17.91,-0.81,-4.32,7.7874,-0.0184,-1461.18,735.72,1718,240,27,7.158,96.0,84.84,500,51.44,109.64,98.59,48.18,106.89,439.59,85.35,4617.15,3.4,8.03
2012-04-10,4489.35,4521.93,4471.12,4503.64,0,2111.19,6576.51,3281.85,18.17,0.26,1.45,7.7885,0.0011,-228.51,-373.15,924,1010,78,0.915,96.0,83.72,500,51.44,109.64,98.59,48.18,106.89,430.47,85.33,4610.93,3.35,8.03
2012-04-11,4500.19,4578.84,4472.76,4551.11,0,1913.97,6634.7,3308.12,16.11,-2.06,-11.32,7.7669,-0.0216,1312.35,-1037.81,691,1224,84,0.565,96.0,88.29,500,51.44,109.64,98.59,48.18,106.89,415.31,85.04,4700.68,3.35,8.03
2012-04-12,4549.93,4600.46,4520.6,4571.0,0,3816.19,6652.9,3289.37,17.79,1.67,10.38,7.7237,-0.0432,-139.47,-155.13,1307,617,22,2.118,96.0,96.09,500,51.44,109.64,98.59,48.18,106.89,403.19,85.48,4713.37,3.3,8.03
2012-04-13,4580.38,4593.98,4564.72,4578.31,0,3708.67,6662.12,3270.44,18.87,1.09,6.11,7.7263,0.0026,-2734.44,1038.15,984,1018,70,0.967,96.0,84.36,500,51.44,109.64,98.59,48.18,106.89,398.29,85.3,4730.11,3.26,8.03
2012-04-16,4582.58,4642.25,4527.7,4587.31,0,2149.6,6690.73,3284.08,19.18,0.31,1.62,7.7106,-0.0157,-3829.1,1694.14,736,1173,91,0.627,96.0,92.45,500,51.44,109.64,98.59,48.18,106.89,390.5,85.4,4682.26,3.31,8.03
2012-04-17,4582.48,4651.09,4559.03,4627.41,0,3204.39,6740.74,3311.54,18.19,-0.99,-5.18,7.6965,-0.0141,486.67,-1714.32,506,1441,93,0.351,96.0,84.79,500,51.44,109.64,98.59,48.18,106.89,377.84,85.24,4679.56,3.31,8.03
2012-04-18,4650.79,4666.71,4604.59,4620.41,0,2727.76,6741.24,3320.1,17.13,-1.06,-5.82,7.6972,0.0007,-686.75,588.48,893,1111,115,0.804,96.0,92.61,500,51.44,109.64,98.59,48.18,106.89,378.32,85.06,4629.86,3.3,8.03
2012-04-19,4612.62,4712.67,4576.09,4675.64,0,3261.46,6788.09,3350.8,15.28,-1.84,-10.77,7.6923,-0.005,2271.55,-497.47,537,1455,24,0.369,96.0,90.03,500,51.44,109.64,98.59,48.18,106.89,371.1,85.35,4662.39,3.3,8.03
2012-04-20,4659.49,4814.3,4624.39,4778.31,0,1586.63,6940.93,3402.08,14.91,-0.37,-2.43,7.6911,-0.0012,-355.69,-638.76,506,1478,120,0.342,96.0,85.28,500,51.44,109.64,98.59,48.18,106.89,368.51,85.28,4716.23,3.33,8.03
2012-04-23,4796.71,4857.41,4778.27,4838.81,0,3143.2,6974.25,3437.53,15.47,0.56,3.77,7.6881,-0.003,-4039.21,-1963.49,892,1184,61,0.753,96.0,93.62,500,51.44,109.64,98.59,48.18,106.89,370.69,84.79,4886.24,3.37,8.03
2012-04-24,4825.82,4837.3,4812.01,4823.48,0,2953.93,6954.23,3421.93,18.41,2.94,18.97,7.686,-0.0021,1812.98,4212.73,1195,805,76,1.484,96.0,82.58,500,51.44,109.64,98.59,48.18,106.89,362.62,84.5,4881.14,3.35,8.03
2012-04-25,4818.8,4841.29,4795.07,4817.55,0,1664.71,6903.53,3439.47,19.82,1.42,7.69,7.6615,-0.0245,2344.2,728.59,791,1285,114,0.616,96.0,95.76,500,51.44,109.64,98.59,48.18,106.89,370.22,84.75,4888.1,3.37,8.03
2012-04-26,4823.25,4870.28,4788.13,4835.07,0,4084.99,6905.63,3454.1,18.46,-1.37,-6.9,7.6646,0.0032,-1406.51,1048.78,922,1160,45,0.795,96.0,91.13,500,51.44,109.64,98.59,48.18,106.89,369.9,84.44,4851.62,3.32,8.03
2012-04-27,4829.86,4870.6,4767.47,4808.02,0,2927.57,6835.53,3432.38,20.19,1.73,9.4,7.6564,-0.0082,-2918.78,878.2,1042,923,84,1.129,96.0,88.95,500,51.44,109.64,98.59,48.18,106.89,359.92,83.82,4861.76,3.31,8.03
2012-04-30,4810.94,4862.57,4776.54,4828.04,0,2733.25,6864.9,3441.47,19.53,-0.66,-3.29,7.6503,-0.0061,-1648.83,-970.47,748,1256,70,0.596,96.0,85.93,500,51.44,109.64,98.59,48.18,106.89,361.4,83.94,4886.27,3.28,8.03
2012-05-01,4829.09,4866.24,4773.53,4810.53,0,1377.63,6816.04,3424.21,20.88,1.35,6.92,7.6398,-0.0105,-1920.61,1281.57,933,1105,86,0.844,96.0,84.96,500,50.85,110.13,90.49,50.27,107.43,361.28,84.27,4815.07,3.26,8.03
2012-05-02,4814.22,4828.86,4775.12,4789.68,0,3254.76,6810.19,3424.71,22.6,1.72,8.24,7.64,0.0001,-2717.84,14.27,956,1047,89,0.913,96.0,82.9,500,50.85,110.13,90.49,50.27,107.43,372.86,85.01,4802.42,3.27,8.03
2012-05-03,4811.33,4823.05,4751.22,4762.83,0,2434.68,6808.17,3443.96,17.03,-5.57,-24.66,7.6418,0.0019,-1854.6,58.01,921,1016,95,0.906,96.0,91.02,500,50.85,110.13,90.49,50.27,107.43,381.76,85.82,4747.28,3.26,8.03
2012-05-04,4765.98,4800.57,4665.8,4699.92,0,3602.45,6752.24,3404.61,15.13,-1.9,-11.15,7.6429,0.0011,841.97,3400.11,986,933,94,1.057,96.0,85.6,500,50.85,110.13,90.49,50.27,107.43,380.15,86.02,4835.2,3.27,8.03
2012-05-07,4685.34,4708.3,4638.17,4661.0,0,1274.3,6688.58,3387.83,19.93,4.8,31.75,7.6483,0.0053,-555.73,-1502.64,759,1207,35,0.629,96.0,84.46,500,50.85,110.13,90.49,50.27,107.43,382.64,86.2,4762.26,3.28,8.03
2012-05-08,4666.22,4785.25,4619.97,4738.28,0,1825.78,6797.31,3437.91,17.25,-2.68,-13.44,7.6436,-0.0046,38.75,-739.31,463,1509,70,0.307,96.0,85.53,500,50.85,110.13,90.49,50.27,107.43,371.71,86.23,4858.27,3.23,8.03
2012-05-09,4724.47,4850.9,4682.64,4808.33,0,4402.59,6900.88,3501.86,16.4,-0.86,-4.97,7.6384,-0.0052,-2421.48,-5619.03,628,1471,26,0.427,96.0,82.66,500,50.85,110.13,90.49,50.27,107.43,381.22,86.44,4826.01,3.27,8.03
2012-05-10,4801.37,4818.64,4800.8,4818.08,0,3070.16,6918.0,3509.96,13.81,-2.59,-15.78,7.6467,0.0083,2902.17,-1765.34,861,1197,66,0.719,96.0,93.24,500,50.85,110.13,90.49,50.27,107.43,395.64,86.27,4820.5,3.2,8.03
2012-05-11,4821.14,4914.84,4792.81,4886.14,0,2379.1,7016.11,3574.55,16.41,2.6,18.86,7.6544,0.0077,418.35,599.89,420,1526,50,0.275,96.0,87.86,500,50.85,110.13,90.49,50.27,107.43,390.38,86.22,4859.24,3.23,8.03
2012-05-14,4880.18,4922.94,4836.77,4879.53,0,3054.87,6965.68,3565.57,21.02,4.61,28.08,7.6618,0.0074,-4273.87,-572.87,772,1155,78,0.668,96.0,89.55,500,50.85,110.13,90.49,50.27,107.43,403.12,86.06,4899.38,3.24,8.03
2012-05-15,4891.09,4927.56,4877.16,4913.57,0,3106.68,7067.72,3611.3,16.6,-4.42,-21.01,7.6786,0.0168,375.73,-3513.16,415,1581,41,0.262,96.0,88.98,500,50.85,110.13,90.49,50.27,107.43,398.35,86.36,4900.19,3.25,8.03
2012-05-16,4912.54,4954.4,4844.22,4885.85,0,3891.32,6967.88,3575.95,18.62,2.01,12.13,7.6649,-0.0137,-2219.87,1131.74,1000,970,20,1.031,96.0,90.18,500,50.85,110.13,90.49,50.27,107.43,395.6,87.05,4975.0,3.27,8.03
2012-05-17,4893.59,4949.29,4883.06,4938.66,0,1658.3,6992.75,3595.34,15.51,-3.11,-16.69,7.6526,-0.0123,-4361.34,3692.64,465,1468,77,0.317,96.0,91.17,500,50.85,110.13,90.49,50.27,107.43,382.38,87.2,4986.33,3.27,8.03
2012-05-18,4938.65,4959.42,4914.53,4935.28,0,3235.82,6962.38,3587.3,22.4,6.88,44.38,7.6624,0.0098,725.29,-205.62,1092,846,25,1.291,96.0,80.04,500,50.85,110.13,90.49,50.27,107.43,395.47,87.27,4969.44,3.22,8.03
2012-05-21,4945.14,4977.83,4916.87,4949.54,0,4475.93,6908.35,3561.89,18.21,-4.19,-18.69,7.6739,0.0115,-262.26,560.85,849,1178,27,0.721,96.0,84.56,500,50.85,110.13,90.49,50.27,107.43,377.99,87.19,4933.85,3.16,8.03
2012-05-22,4952.89,4988.03,4918.3,4953.43,0,2979.36,6927.42,3561.56,19.91,1.7,9.34,7.6787,0.0049,2263.81,-2610.09,893,1083,89,0.825,96.0,86.59,500,50.85,110.13,90.49,50.27,107.43,393.83,87.5,4921.75,3.15,8.03
2012-05-23,4958.9,5036.87,4925.61,5003.28,0,3985.49,6982.52,3598.09,19.96,0.05,0.26,7.6878,0.0091,102.62,-52.74,544,1472,34,0.37,96.0,91.5,500,50.85,110.13,90.49,50.27,107.43,398.15,87.25,4866.84,3.11,8.03
2012-05-24,4999.21,5024.87,4974.96,5000.61,0,3318.94,7030.96,3607.85,19.4,-0.56,-2.82,7.6779,-0.0099,-5557.37,-18.09,685,1329,110,0.515,96.0,89.88,500,50.85,110.13,90.49,50.27,107.43,394.83,86.96,4959.32,3.12,8.03
2012-05-25,4984.4,5000.73,4960.69,4976.99,0,7387.02,6990.95,3594.88,19.07,-0.33,-1.71,7.6969,0.0191,-2265.64,-1316.19,1156,857,88,1.349,96.0,91.6,500,50.85,110.13,90.49,50.27,107.43,385.75,87.04,4972.07,3.14,8.03
2012-05-28,4964.88,5047.54,4906.36,4988.74,0,3254.86,7032.56,3603.1,18.53,-0.54,-2.84,7.6913,-0.0057,-2492.71,-3077.88,637,1438,42,0.443,96.0,93.29,500,50.85,110.13,90.49,50.27,107.43,381.93,86.86,4968.88,3.1,8.03
2012-05-29,4987.39,5031.95,4966.27,5010.73,0,3704.63,7062.72,3613.95,18.43,-0.1,-0.52,7.6964,0.0051,-1383.11,-2883.23,819,1190,111,0.688,96.0,84.12,500,50.85,110.13,90.49,50.27,107.43,368.55,87.01,4902.41,3.17,8.03
2012-05-30,5031.89,5032.98,5027.21,5028.3,0,3119.09,7119.3,3622.04,17.09,-1.34,-7.29,7.7041,0.0078,-3196.79,4135.59,663,1268,119,0.523,96.0,87.97,500,50.85,110.13,90.49,50.27,107.43,369.56,87.33,4938.0,3.23,8.03
2012-05-31,5021.4,5066.27,4971.35,5016.17,0,1998.99,7095.58,3596.86,17.49,0.4,2.34,7.7075,0.0033,-1968.84,-1959.62,1038,1060,65,0.979,96.0,89.79,500,50.85,110.13,90.49,50.27,107.43,382.87,87.46,4958.69,3.22,8.03
2012-06-01,5017.75,5090.98,4912.13,4984.88,0,2744.19,7050.14,3579.62,17.49,0.0,0.02,7.7416,0.0341,5146.79,-197.39,952,1031,109,0.923,96.0,89.96,500,51.11,110.5,84.98,46.69,107.56,396.0,87.93,4942.27,3.22,8.03
2012-06-04,4975.71,5029.69,4965.73,5019.63,0,2592.88,7045.65,3590.99,17.81,0.32,1.83,7.7369,-0.0047,-777.81,2254.75,698,1399,113,0.499,96.0,84.77,500,51.11,110.5,84.98,46.69,107.56,394.18,88.35,4996.15,3.23,8.03
2012-06-05,5028.88,5080.16,4996.8,5047.96,0,3157.32,7076.25,3613.73,19.16,1.35,7.59,7.7307,-0.0062,-581.92,3325.26,665,1431,84,0.465,96.0,86.62,500,51.11,110.5,84.98,46.69,107.56,382.88,88.38,4976.97,3.23,8.03
2012-06-06,5043.09,5069.64,5002.77,5029.25,0,2589.67,7106.34,3614.13,18.11,-1.06,-5.51,7.7234,-0.0072,1772.17,-51.46,1002,928,46,1.08,96.0,79.43,500,51.11,110.5,84.98,46.69,107.56,396.39,88.25,5031.1,3.18,8.03
2012-06-07,5019.79,5066.16,4992.9,5039.17,0,5783.74,7109.77,3626.44,18.48,0.38,2.08,7.7168,-0.0066,-99.94,2204.89,941,1067,75,0.882,96.0,86.18,500,51.11,110.5,84.98,46.69,107.56,412.83,88.38,5148.91,3.29,8.03
2012-06-08,5053.17,5139.61,5004.24,5090.31,0,4415.21,7207.99,3684.46,14.26,-4.22,-22.84,7.7297,0.0129,-1290.62,-1725.65,551,1536,122,0.359,96.0,89.29,500,51.11,110.5,84.98,46.69,107.56,413.89,88.81,5103.06,3.31,8.03
2012-06-11,5108.44,5151.75,5056.51,5099.75,0,2315.06,7210.39,3699.86,17.16,2.9,20.31,7.7461,0.0164,468.09,991.0,978,1049,39,0.932,96.0,85.81,500,51.11,110.5,84.98,46.69,107.56,418.34,88.73,5136.33,3.3,8.03
2012-06-12,5094.35,5137.74,5054.64,5097.99,0,1762.9,7223.4,3690.62,16.5,-0.66,-3.85,7.741,-0.0051,-3026.58,3118.28,417,1540,73,0.271,96.0,86.78,500,51.11,110.5,84.98,46.69,107.56,408.71,89.1,5062.22,3.3,8.03
2012-06-13,5088.66,5119.79,5015.87,5046.74,0,1639.65,7134.25,3659.39,14.8,-1.69,-10.26,7.7439,0.0029,6107.69,-2157.51,977,1112,56,0.879,96.0,90.82,500,51.11,110.5,84.98,46.69,107.56,400.19,88.44,5217.58,3.29,8.03
2012-06-14,5040.57,5095.11,5033.93,5088.4,0,3972.82,7201.88,3699.6,17.57,2.77,18.71,7.728,-0.0159,-2432.52,1261.13,814,1265,76,0.643,96.0,91.14,500,51.11,110.5,84.98,46.69,107.56,405.29,88.44,5241.7,3.2,8.03
2012-06-15,5098.51,5112.22,5044.19,5057.8,0,2631.2,7228.44,3709.78,15.39,-2.18,-12.4,7.7452,0.0173,-1025.05,670.34,757,1183,60,0.64,96.0,88.64,500,51.11,110.5,84.98,46.69,107.56,400.11,88.53,5268.79,3.18,8.03
2012-06-18,5071.76,5096.32,5037.18,5061.69,0,7278.46,7222.24,3723.88,20.32,4.93,32.02,7.7458,0.0005,3613.51,306.18,745,1239,99,0.601,96.0,91.35,500,51.11,110.5,84.98,46.69,107.56,382.25,88.43,5262.9,3.21,8.03
2012-06-19,5052.99,5095.44,4968.95,5011.05,0,3463.48,7144.32,3695.03,18.38,-1.94,-9.57,7.7381,-0.0076,3119.43,-50.11,1025,961,119,1.067,96.0,84.52,500,51.11,110.5,84.98,46.69,107.56,379.9,88.5,5221.23,3.28,8.03
2012-06-20,5037.05,5085.15,5016.12,5064.1,0,2180.53,7187.15,3727.09,20.04,1.67,9.06,7.7553,0.0172,4518.97,-5882.8,605,1402,53,0.432,96.0,87.89,500,51.11,110.5,84.98,46.69,107.56,374.19,88.43,5155.18,3.3,8.03
2012-06-21,5073.76,5117.25,5043.14,5086.56,0,1580.91,7174.94,3747.27,20.67,0.63,3.15,7.7672,0.0119,4903.21,765.07,646,1433,43,0.451,96.0,83.8,500,51.11,110.5,84.98,46.69,107.56,371.27,89.24,5208.31,3.34,8.03
2012-06-22,5099.86,5145.85,5011.21,5056.82,0,2289.96,7149.25,3712.05,17.37,-3.3,-15.96,7.761,-0.0062,2664.68,-557.76,918,1146,112,0.801,96.0,83.99,500,51.11,110.5,84.98,46.69,107.56,373.49,88.85,5280.27,3.35,8.03
2012-06-25,5067.46,5100.58,4998.53,5031.42,0,1348.01,7147.4,3683.37,18.16,0.78,4.5,7.7686,0.0076,-4662.39,2251.66,912,1022,91,0.892,96.0,85.99,500,51.11,110.5,84.98,46.69,107.56,377.51,88.35,5301.54,3.4,8.03
2012-06-26,5051.3,5109.4,4871.14,4927.83,0,2366.84,7033.54,3633.73,21.72,3.56,19.61,7.7699,0.0013,-2060.24,661.09,1429,489,98,2.922,96.0,91.43,500,51.11,110.5,84.98,46.69,107.56,389.29,88.71,5357.35,3.36,8.03
2012-06-27,4930.28,4998.22,4894.6,4962.31,0,2638.5,7052.21,3647.81,21.01,-0.7,-3.24,7.765,-0.0049,6245.94,563.49,593,1391,38,0.426,96.0,86.7,500,51.11,110.5,84.98,46.69,107.56,390.92,88.62,5297.93,3.38,8.03
2012-06-28,4959.1,4971.74,4950.57,4963.21,0,1756.99,7077.15,3658.4,19.92,-1.1,-5.22,7.7787,0.0137,238.33,4068.34,799,1204,36,0.664,96.0,85.8,500,51.11,110.5,84.98,46.69,107.56,372.48,88.95,5295.54,3.39,8.03
2012-06-29,4970.23,4998.97,4938.46,4967.19,0,3230.37,7132.12,3661.64,19.65,-0.26,-1.33,7.787,0.0083,-3280.98,3083.51,852,1187,60,0.718,96.0,88.85,500,51.11,110.5,84.98,46.69,107.56,379.43,88.93,5314.82,3.43,8.03
2012-07-02,4970.45,5025.61,4946.96,5001.96,0,3243.79,7190.17,3682.2,18.33,-1.32,-6.74,7.7998,0.0129,-303.48,-3293.03,715,1253,59,0.571,96.0,90.26,500,51.69,111.32,93.07,49.85,107.31,385.63,88.55,5351.62,3.44,5.76
2012-07-03,4992.7,5105.48,4956.78,5069.01,0,2228.75,7286.81,3737.7,17.32,-1.01,-5.49,7.7999,0.0,-962.36,-380.19,530,1567,20,0.338,96.0,85.83,500,51.69,111.32,93.07,49.85,107.31,388.2,87.84,5338.35,3.42,5.76
2012-07-04,5059.47,5124.79,5052.33,5117.56,0,3443.14,7355.27,3775.46,16.78,-0.54,-3.1,7.7952,-0.0047,-2830.3,-1881.0,621,1352,88,0.459,96.0,88.39,500,51.69,111.32,93.07,49.85,107.31,407.66,87.94,5427.36,3.38,5.76
2012-07-05,5113.99,5144.47,5081.24,5111.71,0,5280.4,7336.83,3773.24,17.24,0.46,2.75,7.7959,0.0007,-7307.54,-2100.82,589,1446,80,0.407,96.0,87.69,500,51.69,111.32,93.07,49.85,107.31,392.23,88.05,5477.93,3.49,5.76
2012-07-06,5096.62,5133.33,5048.37,5084.99,0,3960.9,7350.86,3737.86,18.75,1.5,8.7,7.7849,-0.011,-2750.9,-826.37,906,1179,93,0.768,96.0,91.86,500,51.69,111.32,93.07,49.85,107.31,397.41,88.12,5485.25,3.48,5.76
2012-07-09,5087.15,5111.63,4975.41,4999.47,0,1992.4,7217.37,3673.85,19.96,1.21,6.48,7.7867,0.0018,-695.25,-545.68,1360,675,106,2.015,96.0,92.08,500,51.69,111.32,93.07,49.85,107.31,404.05,88.45,5528.75,3.47,5.76
2012-07-10,4993.92,5010.17,4965.9,4982.11,0,2580.82,7226.65,3662.4,18.63,-1.33,-6.66,7.8028,0.0161,4246.76,-976.5,598,1439,50,0.416,96.0,91.56,500,51.69,111.32,93.07,49.85,107.31,401.06,88.37,5522.14,3.44,5.76
2012-07-11,4983.73,5025.98,4944.88,4987.11,0,2265.37,7214.65,3661.51,19.55,0.92,4.94,7.802,-0.0007,4667.44,-1358.78,676,1351,101,0.5,96.0,87.25,500,51.69,111.32,93.07,49.85,107.31,395.65,88.25,5571.56,3.47,5.76
2012-07-12,5017.53,5040.62,4949.11,4971.99,0,1427.54,7195.4,3638.95,19.01,-0.54,-2.78,7.8108,0.0088,-3918.07,-451.16,1143,877,82,1.303,96.0,90.97,500,51.69,111.32,93.07,49.85,107.31,397.7,88.34,5545.52,3.49,5.76
2012-07-13,4987.29,5014.47,4957.79,4984.95,0,4170.98,7132.31,3626.87,17.73,-1.28,-6.74,7.826,0.0152,4754.52,242.68,757,1324,32,0.572,96.0,90.64,500,51.69,111.32,93.07,49.85,107.31,397.61,88.6,5610.75,3.53,5.76
2012-07-16,4987.29,5001.27,4840.02,4853.62,0,2153.95,6975.0,3544.32,23.04,5.31,29.97,7.8409,0.0149,1078.57,2514.8,1366,670,115,2.039,96.0,87.09,500,51.69,111.32,93.07,49.85,107.31,412.07,88.23,5597.93,3.48,5.76
2012-07-17,4859.38,4885.91,4801.59,4827.95,0,3457.85,6964.81,3527.63,17.48,-5.56,-24.11,7.8453,0.0043,-5145.8,1496.6,833,1220,42,0.683,96.0,87.5,500,51.69,111.32,93.07,49.85,107.31,405.88,87.8,5528.96,3.45,5.76
2012-07-18,4820.2,4912.36,4806.97,4898.91,0,2671.66,7035.88,3589.0,17.67,0.19,1.09,7.8611,0.0158,2935.55,-2042.28,435,1492,116,0.292,96.0,94.18,500,51.69,111.32,93.07,49.85,107.31,411.35,88.11,5615.69,3.45,5.76
2012-07-19,4897.24,4935.66,4859.31,4897.72,0,3149.47,7066.93,3597.63,17.71,0.03,0.19,7.846,-0.0151,105.53,3784.52,700,1368,38,0.512,96.0,88.84,500,51.69,111.32,93.07,49.85,107.31,410.18,88.16,5577.91,3.48,5.76
2012-07-20,4897.13,5007.0,4843.16,4952.42,0,3674.96,7097.01,3591.17,16.5,-1.2,-6.8,7.8389,-0.0071,2082.9,-3430.49,710,1329,58,0.534,96.0,88.88,500,51.69,111.32,93.07,49.85,107.31,413.14,88.17,5613.97,3.46,5.76
2012-07-23,4949.85,5025.63,4919.94,4995.44,0,1514.36,7126.15,3627.74,12.31,-4.19,-25.42,7.8316,-0.0073,-2169.52,-2860.09,504,1560,129,0.323,96.0,94.07,500,51.69,111.32,93.07,49.85,107.31,403.86,88.76,5578.05,3.45,5.76
2012-07-24,5000.11,5047.42,4867.32,4913.81,0,2474.69,7076.52,3599.78,18.76,6.45,52.4,7.8552,0.0236,-4145.79,973.93,1183,833,103,1.42,96.0,93.47,500,51.69,111.32,93.07,49.85,107.31,404.09,88.83,5645.06,3.4,5.76
2012-07-25,4902.01,4978.51,4852.41,4928.64,0,2699.98,7122.76,3621.01,14.88,-3.88,-20.67,7.8472,-0.008,4116.4,-794.87,595,1362,77,0.437,96.0,85.17,500,51.69,111.32,93.07,49.85,107.31,403.51,88.67,5655.75,3.43,5.76
2012-07-26,4934.74,4958.29,4854.08,4877.36,0,1990.07,7046.58,3596.61,17.17,2.29,15.39,7.8599,0.0127,183.21,2091.08,933,1047,27,0.891,96.0,86.5,500,51.69,111.32,93.07,49.85,107.31,422.33,88.77,5729.72,3.4,5.76
2012-07-27,4878.54,4914.29,4836.55,4872.25,0,5871.78,6986.74,3570.82,18.48,1.31,7.64,7.868,0.0081,3545.27,-111.26,949,1020,77,0.93,96.0,94.28,500,51.69,111.32,93.07,49.85,107.31,423.26,88.12,5807.84,3.43,5.76
2012-07-30,4878.8,4957.29,4829.32,4907.52,0,4531.23,7045.26,3594.18,19.6,1.12,6.06,7.8774,0.0094,6596.55,-91.95,675,1290,35,0.523,96.0,87.2,500,51.69,111.32,93.07,49.85,107.31,429.79,88.1,5898.14,3.48,5.76
2012-07-31,4919.68,4937.59,4887.61,4905.48,0,3591.44,7028.29,3581.5,18.55,-1.05,-5.37,7.8652,-0.0122,-1759.14,2880.69,936,967,46,0.968,96.0,98.0,500,51.69,111.32,93.07,49.85,107.31,425.33,88.02,5969.8,3.54,5.76
2012-08-01,4931.17,4950.16,4823.65,4842.3,0,4941.71,6979.9,3528.6,18.04,-0.51,-2.76,7.8621,-0.0032,1944.6,-979.97,1054,945,111,1.115,96.0,84.7,500,51.64,111.47,86.32,49.81,108.89,434.79,87.89,6041.46,3.52,5.76
2012-08-02,4829.97,5012.66,4802.11,4983.91,0,2732.5,7127.51,3629.05,15.17,-2.87,-15.93,7.8506,-0.0115,-234.72,-1922.31,187,1773,51,0.105,96.0,97.03,500,51.64,111.47,86.32,49.81,108.89,422.94,87.93,6111.68,3.59,5.76
2012-08-03,4978.23,5001.01,4963.56,4986.32,0,2247.21,7156.06,3619.48,19.62,4.46,29.4,7.8746,0.024,1748.5,3217.84,875,1199,23,0.73,96.0,85.35,500,51.64,111.47,86.32,49.81,108.89,406.84,88.09,6203.5,3.56,5.76
2012-08-06,4999.42,5032.94,4916.35,4949.54,0,2286.54,7079.58,3579.9,18.1,-1.52,-7.74,7.8662,-0.0084,-3363.41,-1232.89,1136,961,101,1.182,96.0,82.7,500,51.64,111.47,86.32,49.81,108.89,400.5,88.11,6329.86,3.59,5.76
2012-08-07,4937.07,5021.54,4899.16,4983.27,0,4091.49,7164.93,3614.65,16.22,-1.89,-10.41,7.8732,0.007,2498.72,3798.25,537,1435,83,0.374,96.0,86.09,500,51.64,111.47,86.32,49.81,108.89,396.39,88.61,6254.52,3.55,5.76
2012-08-08,4990.47,4993.92,4939.72,4943.14,0,3078.29,7079.06,3572.87,17.69,1.48,9.1,7.8637,-0.0095,-3396.39,2567.07,843,1119,128,0.753,96.0,87.36,500,51.64,111.47,86.32,49.81,108.89,410.62,87.86,6381.41,3.55,5.76
2012-08-09,4945.86,4982.14,4903.72,4939.95,0,3589.46,7042.22,3547.47,18.74,1.04,5.89,7.8817,0.018,-2384.97,-698.34,1047,980,51,1.068,96.0,88.08,500,51.64,111.47,86.32,49.81,108.89,410.77,87.99,6298.68,3.57,5.76
2012-08-10,4929.07,4975.48,4908.53,4954.84,0,2985.51,7104.03,3590.89,12.33,-6.4,-34.18,7.9001,0.0185,5960.55,2211.75,460,1613,35,0.285,96.0,86.24,500,51.64,111.47,86.32,49.81,108.89,429.95,88.18,6379.01,3.49,5.76
2012-08-13,4947.1,5116.89,4900.56,5069.2,0,3716.99,7274.12,3675.93,11.35,-0.98,-7.98,7.919,0.0189,-167.92,2475.53,295,1661,84,0.178,96.0,96.67,500,51.64,111.47,86.32,49.81,108.89,432.87,87.83,6533.1,3.51,5.76
2012-08-14,5080.83,5151.01,5037.31,5107.27,0,1658.37,7325.64,3687.09,18.61,7.26,63.93,7.9236,0.0046,1151.61,1698.35,400,1555,35,0.257,96.0,96.03,500,51.64,111.47,86.32,49.81,108.89,432.88,88.05,6607.87,3.5,5.76
2012-08-15,5084.72,5119.91,5019.38,5054.36,0,7443.16,7273.06,3637.01,21.8,3.19,17.15,7.9402,0.0166,1363.38,569.96,1135,927,107,1.224,96.0,85.51,500,51.64,111.47,86.32,49.81,108.89,432.06,88.34,6746.19,3.52,5.76
2012-08-16,5062.87,5102.27,5003.45,5042.7,0,1258.73,7222.85,3659.07,20.79,-1.01,-4.62,7.9293,-0.0109,2942.25,-2245.06,714,1214,123,0.588,96.0,86.09,500,51.64,111.47,86.32,49.81,108.89,459.96,88.55,6721.48,3.52,5.76
2012-08-17,5041.09,5069.06,5007.48,5035.42,0,1856.01,7180.63,3644.3,20.3,-0.48,-2.33,7.9228,-0.0066,2383.12,-1807.77,889,1210,36,0.735,96.0,90.04,500,51.64,111.47,86.32,49.81,108.89,477.19,88.95,6834.5,3.49,5.76
2012-08-20,5028.04,5070.19,4987.85,5029.98,0,2211.82,7185.33,3642.82,17.11,-3.19,-15.72,7.9324,0.0097,604.59,-252.27,691,1236,66,0.559,96.0,85.63,500,51.64,111.47,86.32,49.81,108.89,490.62,89.29,6782.98,3.46,5.76
2012-08-21,5014.88,5019.06,4976.24,4980.39,0,2556.36,7100.15,3600.23,18.54,1.43,8.34,7.9267,-0.0058,7902.54,2531.78,1068,847,20,1.261,95.72,89.85,500,51.64,111.47,86.32,49.81,108.89,504.96,89.37,6765.44,3.47,5.76
2012-08-22,4987.09,5037.28,4939.57,4989.74,0,3568.65,7055.93,3567.61,15.37,-3.17,-17.12,7.9196,-0.007,4117.17,-532.46,974,1025,38,0.95,96.0,94.68,500,51.64,111.47,86.32,49.81,108.89,499.12,88.64,6840.75,3.48,5.76
2012-08-23,4997.24,5075.28,4972.42,5050.2,0,2326.12,7194.97,3624.98,15.22,-0.14,-0.94,7.9265,0.0069,9156.33,2745.79,229,1864,55,0.123,95.31,87.51,500,51.64,111.47,86.32,49.81,108.89,496.27,88.84,6965.22,3.51,5.76
2012-08-24,5049.58,5078.2,4988.35,5016.79,0,1654.23,7121.44,3596.47,18.69,3.46,22.76,7.9136,-0.0129,1979.84,3310.27,1181,756,25,1.562,95.43,88.8,500,51.64,111.47,86.32,49.81,108.89,486.78,89.53,7181.29,3.49,5.76
2012-08-27,5020.23,5139.32,4975.52,5093.95,0,2105.46,7214.34,3635.91,18.53,-0.15,-0.83,7.9144,0.0007,-4619.93,2266.62,521,1381,65,0.377,95.1,85.92,500,51.64,111.47,86.32,49.81,108.89,496.91,89.42,7212.52,3.51,5.76
2012-08-28,5087.65,5108.08,5019.35,5039.59,0,2311.56,7173.52,3613.21,21.91,3.38,18.21,7.9104,-0.004,-4846.72,7251.31,968,1051,68,0.921,93.42,92.12,500,51.64,111.47,86.32,49.81,108.89,495.55,89.99,7279.96,3.52,5.76
2012-08-29,5037.56,5201.03,5022.55,5185.58,0,2286.66,7339.75,3704.44,13.45,-8.46,-38.6,7.9067,-0.0037,-4848.92,1815.34,488,1484,102,0.329,94.24,94.52,500,51.64,111.47,86.32,49.81,108.89,484.79,90.37,7323.31,3.48,5.76
2012-08-30,5180.91,5276.65,5145.03,5240.36,0,3534.97,7390.65,3728.87,17.13,3.68,27.37,7.9011,-0.0055,1099.64,-590.45,814,1141,84,0.713,95.27,92.35,500,51.64,111.47,86.32,49.81,108.89,491.97,90.52,7416.24,3.56,5.76
2012-08-31,5238.95,5287.55,5186.54,5235.1,0,3123.24,7393.25,3718.14,16.58,-0.55,-3.23,7.9122,0.0111,3458.83,-635.58,572,1516,112,0.377,93.83,94.32,500,51.64,111.47,86.32,49.81,108.89,490.13,90.31,7414.69,3.55,5.76
2012-09-03,5235.87,5327.65,5201.68,5293.09,0,2273.16,7429.1,3754.18,19.89,3.31,19.94,7.917,0.0047,-1170.49,2720.46,695,1296,50,0.536,93.09,82.01,500,51.12,112.33,95.72,49.81,108.97,471.4,90.07,7424.68,3.57,5.76
2012-09-04,5292.88,5326.9,5215.31,5249.04,0,3633.38,7345.13,3729.39,19.43,-0.46,-2.3,7.9207,0.0037,1773.07,873.52,985,974,76,1.011,92.9,84.7,500,51.12,112.33,95.72,49.81,108.97,463.57,90.43,7472.05,3.59,5.76
2012-09-05,5264.13,5300.32,5180.82,5216.68,0,2549.99,7311.7,3700.05,17.19,-2.24,-11.52,7.9194,-0.0013,615.77,3696.78,904,1113,84,0.812,90.46,78.89,500,51.12,112.33,95.72,49.81,108.97,486.2,90.44,7471.59,3.64,5.76
2012-09-06,5224.2,5293.02,5198.93,5267.55,0,1716.74,7374.61,3720.72,13.88,-3.31,-19.28,7.9086,-0.0109,423.12,2043.01,797,1210,127,0.659,91.89,84.73,500,51.12,112.33,95.72,49.81,108.97,500.32,89.94,7481.51,3.67,5.76
2012-09-07,5293.9,5326.37,5236.85,5269.16,0,2387.27,7371.22,3690.73,19.03,5.15,37.13,7.8895,-0.0191,4278.26,4623.35,968,1123,75,0.862,93.26,92.04,500,51.12,112.33,95.72,49.81,108.97,507.98,90.25,7541.46,3.7,5.76
2012-09-10,5246.06,5376.67,5200.86,5330.74,0,3640.28,7463.97,3738.25,15.6,-3.43,-18.04,7.8905,0.001,-11874.07,349.85,528,1412,55,0.374,94.56,87.75,500,51.12,112.33,95.72,49.81,108.97,503.96,89.7,7602.0,3.7,5.76
2012-09-11,5308.44,5350.42,5153.34,5194.42,0,3398.24,7258.17,3650.62,20.48,4.89,31.33,7.8775,-0.0131,-6733.14,591.41,1618,466,116,3.472,95.02,92.88,500,51.12,112.33,95.72,49.81,108.97,537.2,89.95,7639.53,3.68,5.76
2012-09-12,5187.7,5215.37,5154.55,5182.18,0,3824.01,7225.16,3616.76,18.27,-2.21,-10.81,7.8673,-0.0101,2394.21,-1781.97,971,1032,99,0.941,96.0,82.68,500,51.12,112.33,95.72,49.81,108.97,545.1,89.99,7590.13,3.68,5.76
2012-09-13,5190.17,5205.01,5090.91,5105.5,0,2918.96,7157.34,3584.92,17.82,-0.44,-2.42,7.8724,0.0051,-6298.74,483.13,959,1140,106,0.841,95.65,89.64,500,51.12,112.33,95.72,49.81,108.97,556.47,90.09,7688.16,3.74,5.76
2012-09-14,5112.69,5176.36,5077.85,5141.33,0,1546.01,7209.39,3615.75,18.72,0.89,5.0,7.8618,-0.0106,-646.8,-321.97,562,1482,41,0.379,93.69,84.49,500,51.12,112.33,95.72,49.81,108.97,568.47,90.28,7649.47,3.73,5.76
2012-09-17,5131.59,5151.76,5110.02,5130.19,0,4179.86,7212.89,3612.04,17.62,-1.09,-5.83,7.8767,0.015,-1258.68,-1001.04,1014,1033,30,0.982,94.89,92.44,500,51.12,112.33,95.72,49.81,108.97,545.5,89.64,7443.97,3.68,5.76
2012-09-18,5133.58,5173.9,5033.45,5073.29,0,5501.4,7124.82,3569.36,20.14,2.52,14.28,7.8778,0.0011,-1793.87,-859.31,1115,943,129,1.182,96.0,98.0,500,51.12,112.33,95.72,49.81,108.97,552.76,88.96,7499.38,3.6,5.76
2012-09-19,5056.93,5097.25,4986.66,5026.74,0,2025.41,7061.31,3547.43,16.14,-4.0,-19.85,7.8784,0.0006,1301.05,606.37,1047,942,78,1.111,96.0,88.69,500,51.12,112.33,95.72,49.81,108.97,544.38,88.88,7561.51,3.62,5.76
2012-09-20,5036.31,5087.44,5015.1,5066.1,0,1846.65,7051.16,3546.4,16.18,0.03,0.21,7.8639,-0.0145,-611.69,-753.98,767,1215,92,0.631,96.0,90.24,500,51.12,112.33,95.72,49.81,108.97,532.35,88.76,7419.52,3.63,5.76
2012-09-21,5077.92,5132.64,4974.63,5028.82,0,2607.05,6975.07,3524.83,20.53,4.35,26.91,7.8534,-0.0106,4242.26,2299.39,1096,976,21,1.123,95.93,96.04,500,51.12,112.33,95.72,49.81,108.97,539.97,89.42,7429.69,3.59,5.76
2012-09-24,5023.35,5138.45,4964.54,5078.99,0,3836.93,7073.39,3553.22,15.29,-5.23,-25.49,7.8732,0.0198,732.82,1733.42,653,1321,48,0.494,92.85,82.18,500,51.12,112.33,95.72,49.81,108.97,551.25,89.81,7457.49,3.5,5.76
2012-09-25,5082.45,5156.99,5048.08,5122.34,0,3390.6,7140.02,3578.5,17.97,2.68,17.52,7.8747,0.0016,1141.35,2492.71,544,1548,92,0.351,91.56,86.81,500,51.12,112.33,95.72,49.81,108.97,557.02,90.17,7479.81,3.49,5.76
2012-09-26,5103.88,5106.53,5037.23,5039.85,0,6930.36,6988.61,3533.05,24.24,6.27,34.89,7.8824,0.0076,-2208.43,-1638.36,1342,749,42,1.792,94.76,85.49,500,51.12,112.33,95.72,49.81,108.97,573.31,90.3,7363.12,3.51,5.76
2012-09-27,5032.27,5084.67,4943.86,4995.88,0,3358.04,6939.28,3522.04,18.69,-5.55,-22.9,7.8816,-0.0008,-1934.08,214.13,925,980,21,0.944,95.48,92.09,500,51.12,112.33,95.72,49.81,108.97,588.6,89.8,7413.89,3.52,5.76
2012-09-28,4996.18,5024.63,4968.4,4996.85,0,2970.7,6938.76,3542.19,18.99,0.3,1.61,7.8727,-0.0089,-5540.72,2403.12,727,1242,122,0.585,96.0,92.32,500,51.12,112.33,95.72,49.81,108.97,593.69,88.98,7242.01,3.5,5.76
2012-10-01,4998.06,5023.81,4968.67,4994.4,0,4315.18,6944.5,3538.15,15.4,-3.59,-18.9,7.8799,0.0072,-4845.53,-1749.92,678,1385,24,0.49,96.0,86.48,500,52.07,112.73,96.98,49.54,108.86,603.42,89.47,7170.5,3.49,8.48
2012-10-02,4996.52,5078.06,4966.06,5047.29,0,1936.56,6996.28,3578.3,18.3,2.89,18.79,7.8732,-0.0067,1792.69,5770.7,445,1564,51,0.285,96.0,89.82,500,52.07,112.73,96.98,49.54,108.86,597.76,89.26,7245.86,3.52,8.48
2012-10-03,5052.5,5066.83,5005.76,5020.0,0,3101.16,6986.5,3575.08,16.5,-1.79,-9.79,7.8602,-0.013,216.74,-2565.6,964,981,63,0.983,96.0,97.61,500,52.07,112.73,96.98,49.54,108.86,602.11,89.49,7228.73,3.56,8.48
2012-10-04,5017.12,5048.99,4930.49,4962.01,0,2587.16,6873.31,3516.56,19.0,2.49,15.1,7.8636,0.0034,71.15,-3853.54,1290,731,113,1.765,96.0,87.93,500,52.07,112.73,96.98,49.54,108.86,597.22,89.81,7128.07,3.58,8.48
2012-10-05,4952.45,4973.53,4900.86,4921.81,0,2305.23,6806.79,3475.96,19.02,0.03,0.14,7.8849,0.0213,1746.66,-2131.65,1045,1026,101,1.019,96.0,87.89,500,52.07,112.73,96.98,49.54,108.86,613.79,89.92,7228.7,3.63,8.48
2012-10-08,4921.08,4963.2,4848.44,4890.3,0,1760.91,6797.91,3455.27,22.01,2.99,15.72,7.8884,0.0035,-1483.31,1670.94,949,976,108,0.972,96.0,90.71,500,52.07,112.73,96.98,49.54,108.86,613.57,90.08,7420.11,3.63,8.48
2012-10-09,4892.06,4944.72,4883.01,4935.6,0,3412.25,6871.56,3472.79,14.07,-7.94,-36.08,7.8822,-0.0063,-314.88,-1259.04,501,1579,110,0.317,96.0,93.76,500,52.07,112.73,96.98,49.54,108.86,620.95,90.22,7239.39,3.6,8.48
2012-10-10,4911.71,4937.56,4884.46,4910.3,0,2048.87,6821.6,3448.55,15.27,1.2,8.54,7.8909,0.0088,-2677.48,-2002.82,864,1134,113,0.762,96.0,90.51,500,52.07,112.73,96.98,49.54,108.86,627.4,90.0,7154.75,3.61,8.48
2012-10-11,4911.22,4939.88,4889.86,4918.49,0,2416.02,6857.23,3466.67,15.65,0.38,2.48,7.8901,-0.0008,-37.17,6702.23,641,1364,33,0.47,96.0,88.65,500,52.07,112.73,96.98,49.54,108.86,635.09,89.56,7282.71,3.62,8.48
2012-10-12,4910.21,4961.28,4770.33,4820.46,0,3194.13,6741.37,3382.39,19.18,3.53,22.56,7.8981,0.008,-698.53,-2287.47,1323,723,78,1.83,94.89,88.54,500,52.07,112.73,96.98,49.54,108.86,620.71,89.07,7312.25,3.62,8.48
2012-10-15,4834.03,4890.67,4800.21,4856.69,0,6392.3,6804.01,3391.3,17.51,-1.67,-8.72,7.9179,0.0198,2791.26,834.03,793,1128,120,0.703,94.33,87.41,500,52.07,112.73,96.98,49.54,108.86,601.74,88.78,7356.84,3.58,8.48
2012-10-16,4881.66,4929.9,4851.37,4899.5,0,2949.85,6844.31,3405.73,19.49,1.98,11.31,7.9299,0.012,-1277.57,-199.37,782,1285,83,0.609,92.31,84.21,500,52.07,112.73,96.98,49.54,108.86,578.07,88.73,7214.7,3.63,8.48
2012-10-17,4907.2,5012.85,4888.45,4993.78,0,1696.19,6979.28,3466.55,16.3,-3.19,-16.37,7.9238,-0.0061,802.66,-2834.45,241,1839,90,0.131,93.88,82.74,500,52.07,112.73,96.98,49.54,108.86,578.42,88.51,7163.24,3.63,8.48
2012-10-18,4990.41,5087.48,4937.09,5033.69,0,2642.71,6969.1,3454.04,15.15,-1.15,-7.06,7.8996,-0.0243,-555.18,2258.26,857,1147,108,0.747,92.41,87.41,500,52.07,112.73,96.98,49.54,108.86,601.8,88.28,7267.06,3.66,8.48
2012-10-19,5036.67,5069.37,4985.18,5017.76,0,3706.71,6916.8,3438.36,17.74,2.59,17.07,7.8918,-0.0077,-1137.55,-1409.55,1232,704,42,1.75,92.46,87.34,500,52.07,112.73,96.98,49.54,108.86,620.55,88.76,7211.63,3.73,8.48
2012-10-22,5019.03,5026.81,5013.51,5021.29,0,2008.47,6902.02,3447.14,17.7,-0.03,-0.2,7.8957,0.0039,-5250.45,1790.74,828,1130,51,0.733,92.31,81.53,500,52.07,112.73,96.98,49.54,108.86,603.36,88.41,7283.6,3.74,8.48
2012-10-23,5017.88,5053.7,4942.48,4978.01,0,2853.52,6859.38,3404.74,21.71,4.0,22.62,7.8883,-0.0074,-4104.0,711.76,881,1176,98,0.749,91.5,89.8,500,52.07,112.73,96.98,49.54,108.86,599.88,88.83,7288.6,3.79,8.48
2012-10-24,4961.63,5014.93,4923.24,4976.43,0,5503.72,6864.23,3407.69,18.78,-2.92,-13.46,7.8882,-0.0001,-3188.53,-945.5,911,1121,120,0.813,90.51,78.71,500,52.07,112.73,96.98,49.54,108.86,585.22,88.89,7241.09,3.79,8.48
2012-10-25,4970.78,4979.0,4948.94,4957.14,0,2559.33,6834.25,3393.69,20.25,1.47,7.83,7.8856,-0.0026,5315.72,6443.48,884,1160,120,0.762,89.31,80.81,500,52.07,112.73,96.98,49.54,108.86,583.58,88.46,7430.15,3.77,8.48
2012-10-26,4954.91,4964.24,4930.18,4939.48,0,1327.57,6774.29,3390.37,18.08,-2.18,-10.75,7.8731,-0.0125,1957.0,1040.11,995,923,58,1.078,89.43,81.1,500,52.07,112.73,96.98,49.54,108.86,616.53,88.37,7433.96,3.74,8.48
2012-10-29,4935.04,4958.33,4915.14,4938.41,0,4890.55,6760.12,3370.68,15.79,-2.29,-12.64,7.8722,-0.0009,-2435.51,1340.75,678,1255,129,0.54,87.82,89.9,500,52.07,112.73,96.98,49.54,108.86,645.31,87.65,7324.6,3.73,8.48
2012-10-30,4939.67,5028.07,4925.69,5013.87,0,1216.7,6852.39,3399.77,16.01,0.22,1.39,7.8516,-0.0206,4524.27,-2389.71,444,1623,44,0.274,88.22,80.07,500,52.07,112.73,96.98,49.54,108.86,653.96,87.72,7335.35,3.78,8.48
2012-10-31,5032.6,5080.29,4969.4,5016.94,0,3504.34,6836.35,3405.37,15.5,-0.51,-3.2,7.857,0.0053,1816.03,-879.03,876,1145,73,0.765,86.62,81.86,500,52.07,112.73,96.98,49.54,108.86,669.25,87.63,7390.66,3.73,8.48
2012-11-01,5023.71,5050.38,4996.29,5022.95,0,5229.42,6856.99,3426.92,20.29,4.79,30.93,7.8506,-0.0064,-1518.05,750.65,925,1173,22,0.789,85.28,80.56,500,52.1,113.62,101.2,50.01,108.82,614.99,87.94,7459.23,3.78,8.48
2012-11-02,5018.96,5110.08,5009.84,5100.8,0,1615.53,6925.63,3461.0,18.25,-2.05,-10.1,7.8373,-0.0133,957.65,1146.37,512,1577,89,0.325,83.34,76.74,500,52.1,113.62,101.2,50.01,108.82,621.34,87.81,7548.37,3.82,8.48
2012-11-05,5126.46,5173.87,5113.73,5161.05,0,2684.56,6998.09,3479.0,20.1,1.86,10.19,7.8432,0.0059,-3652.31,196.28,755,1191,65,0.634,84.02,67.72,500,52.1,113.62,101.2,50.01,108.82,625.19,87.9,7483.08,3.85,8.48
2012-11-06,5143.04,5187.91,5140.67,5185.53,0,3495.02,7003.2,3518.67,18.16,-1.94,-9.65,7.827,-0.0162,810.11,-1452.25,848,1112,66,0.763,84.29,84.5,500,52.1,113.62,101.2,50.01,108.82,624.41,87.99,7505.38,3.92,8.48
2012-11-07,5184.4,5216.13,5151.13,5182.85,0,2417.53,6985.56,3530.03,14.93,-3.23,-17.79,7.8166,-0.0104,2559.11,-4977.54,964,1020,73,0.945,82.26,74.52,500,52.1,113.62,101.2,50.01,108.82,635.73,87.88,7559.88,3.97,8.48
2012-11-08,5188.72,5211.28,5158.45,5180.97,0,4935.95,6966.2,3493.28,20.57,5.64,37.78,7.8255,0.0089,1211.74,919.94,941,1012,42,0.93,80.93,81.49,500,52.1,113.62,101.2,50.01,108.82,642.59,87.51,7638.72,3.98,8.48
2012-11-09,5192.13,5222.68,5130.67,5161.04,0,3278.89,6935.23,3460.61,22.29,1.71,8.33,7.8211,-0.0044,-2994.95,190.05,1251,708,118,1.767,80.5,77.94,500,52.1,113.62,101.2,50.01,108.82,644.46,86.29,7772.62,4.06,8.48
2012-11-12,5166.96,5207.62,5093.42,5133.82,0,2680.35,6935.9,3468.29,18.35,-3.94,-17.68,7.8085,-0.0126,1413.8,1017.98,813,1124,106,0.723,79.63,68.42,500,52.1,113.62,101.2,50.01,108.82,632.57,85.8,7751.55,4.06,8.48
2012-11-13,5133.42,5156.41,5132.86,5155.85,0,3182.22,6911.51,3470.87,15.43,-2.92,-15.93,7.8082,-0.0003,1565.41,2187.08,687,1245,123,0.552,78.8,69.72,500,52.1,113.62,101.2,50.01,108.82,657.92,85.53,7711.99,4.05,8.48
2012-11-14,5147.39,5187.22,5060.16,5099.62,0,2141.54,6831.22,3436.01,23.03,7.61,49.32,7.8077,-0.0005,-1510.43,-821.56,1214,736,113,1.649,80.97,63.69,500,52.1,113.62,101.2,50.01,108.82,658.28,85.3,7617.44,4.05,8.48
2012-11-15,5091.63,5228.6,5077.38,5214.01,0,3829.81,6973.91,3522.63,17.05,-5.98,-25.97,7.8097,0.002,-4772.4,-1421.15,285,1700,78,0.168,82.76,72.27,500,52.1,113.62,101.2,50.01,108.82,696.04,85.6,7679.55,4.05,8.48
2012-11-16,5218.67,5245.13,5170.38,5196.73,0,2331.84,6942.24,3524.75,16.44,-0.62,-3.61,7.8288,0.0191,-175.69,453.41,1212,872,47,1.39,83.17,67.28,500,52.1,113.62,101.2,50.01,108.82,680.23,86.02,7616.34,4.0,8.48
2012-11-19,5199.65,5238.26,5181.65,5220.18,0,2635.38,6988.26,3558.25,19.1,2.67,16.21,7.8049,-0.0239,-6298.23,-1038.6,601,1413,119,0.425,82.69,67.97,500,52.1,113.62,101.2,50.01,108.82,681.56,85.8,7627.26,4.0,8.48
2012-11-20,5217.41,5219.93,5183.64,5186.15,0,4479.43,6941.86,3518.11,15.76,-3.35,-17.51,7.8204,0.0155,574.92,115.3,1032,1056,68,0.977,85.56,72.56,500,52.1,113.62,101.2,50.01,108.82,682.13,85.93,7773.99,4.01,8.48
2012-11-21,5192.45,5212.71,5182.18,5202.42,0,3829.57,6980.09,3516.11,21.14,5.39,34.19,7.8183,-0.0021,-7666.68,4681.61,390,1592,120,0.245,86.62,78.24,500,52.1,113.62,101.2,50.01,108.82,682.07,86.23,7678.12,4.04,8.48
2012-11-22,5210.11,5270.08,5161.7,5221.56,0,5001.29,7031.56,3538.57,16.2,-4.94,-23.37,7.825,0.0067,3461.11,-501.64,620,1317,118,0.471,86.48,83.5,500,52.1,113.62,101.2,50.01,108.82,698.43,85.72,7736.19,4.03,8.48
2012-11-23,5234.12,5263.49,5210.79,5240.13,0,2296.22,7045.66,3560.85,18.24,2.03,12.56,7.8369,0.0119,2872.27,1800.95,865,1175,126,0.736,88.38,81.75,500,52.1,113.62,101.2,50.01,108.82,700.44,86.19,7744.47,3.99,8.48
2012-11-26,5233.68,5251.59,5153.83,5171.54,0,1862.22,6957.87,3539.36,14.99,-3.24,-17.78,7.8367,-0.0002,4819.08,1573.33,1213,783,125,1.549,87.56,74.27,500,52.1,113.62,101.2,50.01,108.82,708.81,86.33,7919.25,4.01,8.48
2012-11-27,5173.06,5173.45,5135.96,5136.34,0,6587.14,6922.94,3514.53,18.17,3.18,21.18,7.8303,-0.0063,274.3,144.24,1010,967,129,1.044,86.39,76.34,500,52.1,113.62,101.2,50.01,108.82,689.83,86.35,7832.17,4.07,8.48
2012-11-28,5153.54,5190.76,5070.73,5107.62,0,2083.95,6906.0,3499.57,20.15,1.98,10.9,7.8223,-0.008,848.72,-1308.69,1079,826,114,1.306,88.2,79.62,500,52.1,113.62,101.2,50.01,108.82,681.06,86.6,7750.14,4.13,8.48
2012-11-29,5096.87,5198.56,5073.51,5174.84,0,1294.27,7009.3,3543.12,16.24,-3.92,-19.43,7.8258,0.0035,-285.45,2506.2,585,1439,58,0.407,88.59,77.14,500,52.1,113.62,101.2,50.01,108.82,670.1,86.28,7795.7,4.12,8.48
2012-11-30,5159.25,5313.19,5097.32,5250.17,0,2370.62,7081.31,3588.62,18.67,2.43,14.99,7.8262,0.0004,6479.15,407.76,647,1341,74,0.482,87.14,85.46,500,52.1,113.62,101.2,50.01,108.82,656.05,86.54,7747.93,4.14,8.48
2012-12-03,5265.87,5274.8,5197.91,5206.74,0,3137.85,7005.04,3574.12,17.03,-1.64,-8.76,7.8213,-0.0049,2959.2,3728.77,986,952,37,1.036,86.0,75.12,500,50.81,114.21,104.42,47.44,109.44,637.84,86.84,7882.21,4.11,8.48
2012-12-04,5180.71,5229.59,5102.27,5150.87,0,3950.46,6925.59,3536.76,22.44,5.4,31.72,7.806,-0.0153,1586.44,1386.56,831,1126,111,0.738,84.77,80.57,500,50.81,114.21,104.42,47.44,109.44,649.59,86.74,8010.21,4.06,8.48
2012-12-05,5150.12,5242.53,5117.77,5209.8,0,2685.36,7050.84,3593.1,14.02,-8.42,-37.52,7.7913,-0.0147,950.77,-1590.69,496,1459,84,0.34,82.26,79.97,500,50.81,114.21,104.42,47.44,109.44,674.62,86.23,8086.85,4.07,8.48
2012-12-06,5195.5,5314.97,5146.3,5265.11,0,3500.82,7122.28,3613.91,18.6,4.58,32.7,7.805,0.0137,13.5,-807.92,393,1578,88,0.249,81.91,73.89,500,50.81,114.21,104.42,47.44,109.44,692.68,85.85,8002.95,4.08,8.48
2012-12-07,5244.74,5277.45,5206.2,5238.88,0,1422.8,7102.62,3613.33,18.37,-0.23,-1.25,7.7954,-0.0096,-1125.09,-4073.51,1042,1014,69,1.028,78.45,75.52,500,50.81,114.21,104.42,47.44,109.44,710.64,85.52,8334.86,4.11,8.48
2012-12-10,5226.18,5269.52,5144.67,5187.69,0,2608.33,7026.09,3582.53,20.4,2.03,11.04,7.7836,-0.0117,-170.2,4198.6,1340,565,105,2.372,77.83,71.05,500,50.81,114.21,104.42,47.44,109.44,695.51,85.65,8229.78,4.12,8.48
2012-12-11,5170.07,5194.41,5138.37,5162.68,0,4457.09,6974.38,3569.2,19.09,-1.31,-6.43,7.804,0.0203,535.57,457.43,822,1249,34,0.658,78.13,70.37,500,50.81,114.21,104.42,47.44,109.44,687.56,85.42,8256.17,4.08,8.48
2012-12-12,5172.59,5221.82,5082.24,5131.07,0,3412.44,6965.56,3553.71,19.73,0.64,3.35,7.7994,-0.0045,622.26,-2597.85,853,1118,123,0.763,76.79,68.55,500,50.81,114.21,104.42,47.44,109.44,707.03,84.81,8095.92,4.04,8.48
2012-12-13,5140.63,5187.2,5067.1,5113.42,0,3599.04,6957.08,3534.77,16.15,-3.58,-18.13,7.7933,-0.0061,1388.58,1277.61,851,1105,87,0.77,76.83,73.06,500,50.81,114.21,104.42,47.44,109.44,716.67,85.25,8145.68,3.98,8.48
2012-12-14,5100.98,5228.14,5053.93,5180.35,0,3355.34,7065.59,3562.17,18.59,2.44,15.1,7.7718,-0.0215,816.4,910.52,455,1546,38,0.294,73.75,67.61,500,50.81,114.21,104.42,47.44,109.44,699.42,85.01,8231.46,4.0,8.48
2012-12-17,5181.32,5238.28,5133.23,5190.1,0,2733.24,7094.28,3570.71,16.88,-1.71,-9.19,7.7727,0.0009,2176.65,916.16,608,1405,51,0.433,73.56,66.42,500,50.81,114.21,104.42,47.44,109.44,706.16,84.96,8245.25,4.01,8.48
2012-12-18,5202.18,5225.07,5070.61,5093.02,0,3171.86,6959.91,3514.87,16.68,-0.2,-1.21,7.7915,0.0189,-47.91,-251.86,1201,863,102,1.392,75.38,63.51,500,50.81,114.21,104.42,47.44,109.44,704.25,85.22,8317.96,4.01,8.48
2012-12-19,5090.84,5139.56,5002.93,5051.27,0,3572.43,6898.84,3489.19,21.45,4.78,28.64,7.7885,-0.0031,1850.92,-477.63,879,1195,44,0.736,75.53,68.23,500,50.81,114.21,104.42,47.44,109.44,674.65,85.53,8130.4,4.04,8.48
2012-12-20,5063.11,5096.72,5041.85,5075.41,0,4401.88,6901.23,3509.13,19.92,-1.53,-7.14,7.7928,0.0043,-51.58,-120.65,709,1351,99,0.525,75.54,71.06,500,50.81,114.21,104.42,47.44,109.44,690.82,85.71,8090.03,3.99,8.48
2012-12-21,5080.47,5119.12,5076.28,5114.91,0,2754.37,6972.01,3545.53,14.12,-5.8,-29.12,7.8003,0.0075,-2008.92,1526.66,478,1548,31,0.309,75.22,71.06,500,50.81,114.21,104.42,47.44,109.44,686.88,85.37,8221.48,4.0,8.48
2012-12-24,5120.81,5139.04,5044.08,5062.1,0,6572.03,6952.15,3475.78,18.11,3.99,28.27,7.8074,0.0071,4676.11,-433.62,1564,341,127,4.587,76.38,68.41,500,50.81,114.21,104.42,47.44,109.44,678.88,85.33,8260.35,4.0,8.48
2012-12-25,5054.05,5104.5,4963.77,5013.81,0,1651.21,6930.56,3477.18,16.15,-1.96,-10.82,7.8296,0.0223,724.07,1026.23,931,985,126,0.945,74.64,70.29,500,50.81,114.21,104.42,47.44,109.44,696.53,85.65,8483.12,4.04,8.48
2012-12-26,5004.56,5025.21,4951.16,4971.69,0,2600.91,6866.96,3443.37,18.41,2.26,13.97,7.8108,-0.0189,-148.67,-575.24,1087,971,58,1.119,74.12,64.77,500,50.81,114.21,104.42,47.44,109.44,702.53,85.53,8413.42,4.02,8.48
2012-12-27,4968.06,5032.08,4936.55,5000.36,0,5012.28,6924.67,3469.2,21.88,3.46,18.82,7.8,-0.0108,1923.15,1187.55,570,1456,20,0.391,75.47,64.78,500,50.81,114.21,104.42,47.44,109.44,731.27,85.39,8501.17,3.97,8.48
2012-12-28,4988.42,5004.72,4965.67,4981.95,0,1860.68,6926.84,3461.2,20.96,-0.91,-4.17,7.8005,0.0006,198.2,168.4,860,1185,77,0.726,73.47,67.38,500,50.81,114.21,104.42,47.44,109.44,707.87,85.97,8452.27,3.95,8.48
2012-12-31,4988.56,5010.81,4973.1,4995.33,0,2596.46,6935.53,3464.72,19.47,-1.5,-7.13,7.8058,0.0053,-628.98,2170.47,905,1021,41,0.886,75.39,67.27,500,50.81,114.21,104.42,47.44,109.44,695.56,85.3,8424.36,3.96,8.48
2013-01-01,4987.69,5044.11,4945.75,5002.06,0,2606.08,6913.52,3450.1,18.55,-0.92,-4.72,7.7945,-0.0113,-3062.88,-23.69,961,950,75,1.012,76.76,58.73,500,51.71,114.67,105.74,49.51,108.75,728.42,84.81,8222.65,3.98,5.31
2013-01-02,5008.05,5038.04,4946.84,4976.64,0,1960.52,6891.74,3434.14,21.34,2.79,15.02,7.7802,-0.0143,2351.28,-2172.03,1235,834,73,1.481,77.15,72.86,500,51.71,114.67,105.74,49.51,108.75,722.2,84.76,8167.8,4.0,5.31
2013-01-03,4975.55,5041.49,4952.57,5018.31,0,1216.7,6899.55,3431.43,19.49,-1.85,-8.65,7.7614,-0.0188,-9202.64,1416.77,850,1102,91,0.771,76.18,70.98,500,51.71,114.67,105.74,49.51,108.75,730.59,84.96,8115.71,3.96,5.31
2013-01-04,5004.58,5149.35,4978.0,5122.13,0,2365.77,7053.44,3500.22,17.29,-2.2,-11.29,7.7643,0.0029,-1996.15,-2698.62,377,1570,99,0.24,78.97,72.0,500,51.71,114.67,105.74,49.51,108.75,759.54,85.46,8076.98,3.99,5.31
2013-01-07,5126.25,5194.65,5010.63,5078.39,0,1597.23,6986.08,3478.59,20.77,3.48,20.14,7.7633,-0.0011,-2579.51,101.08,1013,975,47,1.039,79.0,69.46,500,51.71,114.67,105.74,49.51,108.75,733.05,86.11,8098.39,3.98,5.31
2013-01-08,5090.67,5202.48,5051.97,5163.23,0,2324.27,7111.31,3573.36,14.38,-6.39,-30.77,7.7687,0.0054,1147.77,106.0,431,1503,89,0.287,82.91,79.06,500,51.71,114.67,105.74,49.51,108.75,727.61,85.99,8074.12,4.01,5.31
2013-01-09,5156.85,5193.33,5045.83,5081.77,0,1405.12,6957.52,3500.57,20.18,5.8,40.34,7.771,0.0023,3783.13,-604.05,1210,733,33,1.651,80.37,68.99,500,51.71,114.67,105.74,49.51,108.75,697.96,85.32,8217.09,3.98,5.31
2013-01-10,5089.04,5100.6,5027.95,5039.4,0,2317.05,6957.4,3495.24,18.62,-1.56,-7.73,7.7814,0.0105,-2520.29,-2040.26,540,1430,127,0.378,79.37,75.2,500,51.71,114.67,105.74,49.51,108.75,660.5,84.88,8175.86,3.97,5.31
2013-01-11,5061.05,5092.32,5052.16,5083.39,0,2073.88,6948.33,3517.82,22.75,4.13,22.15,7.7633,-0.0182,567.44,652.35,906,1169,112,0.775,81.77,77.92,500,51.71,114.67,105.74,49.51,108.75,671.84,85.24,8160.49,3.97,5.31
2013-01-14,5071.44,5152.88,5028.33,5109.45,0,5487.37,6937.06,3529.02,15.74,-7.01,-30.81,7.764,0.0007,-4259.15,8476.64,855,1066,40,0.802,83.95,75.4,500,51.71,114.67,105.74,49.51,108.75,676.64,85.57,8203.55,3.98,5.31
2013-01-15,5102.77,5185.87,4991.42,5074.05,0,4192.01,6880.85,3493.05,18.47,2.73,17.36,7.7562,-0.0077,-969.9,1135.73,998,922,43,1.082,82.64,78.35,500,51.71,114.67,105.74,49.51,108.75,666.12,85.66,8171.13,4.0,5.31
2013-01-16,5072.92,5160.9,5035.52,5123.13,0,2137.11,6971.46,3539.15,18.32,-0.15,-0.81,7.7605,0.0043,-2384.52,693.84,579,1372,83,0.422,81.55,74.73,500,51.71,114.67,105.74,49.51,108.75,656.32,85.85,8291.29,3.97,5.31
2013-01-17,5126.43,5162.98,5100.7,5137.19,0,2018.78,6986.76,3556.96,18.47,0.15,0.81,7.7678,0.0073,4115.39,-583.47,827,1189,124,0.696,79.89,74.91,500,51.71,114.67,105.74,49.51,108.75,680.1,85.56,8336.11,3.95,5.31
2013-01-18,5132.56,5174.71,5111.67,5153.74,0,1870.68,7045.09,3557.54,19.86,1.39,7.54,7.7868,0.019,-3608.27,747.32,530,1474,42,0.36,80.35,79.2,500,51.71,114.67,105.74,49.51,108.75,677.49,85.29,8284.38,3.87,5.31
2013-01-21,5153.07,5188.36,5066.58,5101.52,0,3006.18,7006.16,3533.52,16.82,-3.04,-15.33,7.7867,-0.0001,-430.22,2093.03,932,1059,83,0.88,80.41,74.67,500,51.71,114.67,105.74,49.51,108.75,682.25,85.76,8437.25,3.84,5.31
2013-01-22,5115.47,5136.86,5048.2,5069.4,0,3933.84,6940.14,3483.08,21.34,4.52,26.86,7.7731,-0.0136,7176.22,-293.62,937,1091,75,0.859,82.33,73.21,500,51.71,114.67,105.74,49.51,108.75,675.13,85.82,8354.75,3.85,5.31
2013-01-23,5072.57,5093.31,5033.04,5053.7,0,1828.56,6933.66,3488.15,17.47,-3.86,-18.11,7.7693,-0.0039,239.28,489.13,899,1136,82,0.791,80.87,76.7,500,51.71,114.67,105.74,49.51,108.75,676.57,86.01,8436.8,3.92,5.31
2013-01-24,5048.18,5084.24,4958.51,4994.18,0,3057.89,6834.84,3456.74,15.06,-2.41,-13.8,7.7902,0.021,991.91,870.7,1067,854,118,1.249,78.59,66.27,500,51.71,114.67,105.74,49.51,108.75,680.12,86.02,8605.97,3.92,5.31
2013-01-25,5002.02,5036.98,4924.49,4959.15,0,4252.08,6791.31,3433.34,22.84,7.78,51.64,7.8008,0.0106,4291.19,1215.96,880,1140,114,0.772,80.64,70.62,500,51.71,114.67,105.74,49.51,108.75,678.1,86.05,8620.26,3.92,5.31
2013-01-28,4957.71,5052.59,4918.57,5013.02,0,5129.02,6835.69,3480.41,20.65,-2.19,-9.57,7.7915,-0.0093,-2533.31,1269.63,675,1360,101,0.496,84.69,74.27,500,51.71,114.67,105.74,49.51,108.75,676.17,85.72,8630.99,3.99,5.31
2013-01-29,5018.59,5044.21,4998.88,5024.48,0,1715.05,6797.0,3481.86,20.88,0.23,1.12,7.7755,-0.016,-14240.57,1536.84,854,1082,38,0.789,83.96,74.91,500,51.71,114.67,105.74,49.51,108.75,704.95,85.3,8765.47,4.03,5.31
2013-01-30,5037.77,5165.18,4999.54,5126.27,0,3242.6,6907.41,3521.9,16.42,-4.46,-21.38,7.7606,-0.0149,1488.32,2132.73,538,1432,105,0.376,86.47,75.35,500,51.71,114.67,105.74,49.51,108.75,717.7,84.98,8850.33,4.01,5.31
2013-01-31,5136.93,5184.63,5101.49,5149.11,0,3442.25,6992.82,3552.95,17.36,0.94,5.71,7.7648,0.0042,-632.85,1842.9,595,1313,57,0.453,86.95,81.13,500,51.71,114.67,105.74,49.51,108.75,717.95,84.86,8815.72,4.02,5.31
2013-02-01,5145.99,5183.57,5063.05,5100.3,0,3212.8,6928.71,3512.89,20.15,2.79,16.09,7.7758,0.0109,-574.42,400.31,1070,851,116,1.257,85.75,75.49,500,50.38,115.08,106.7,49.03,109.23,724.78,85.13,8829.38,3.99,5.31
2013-02-04,5113.16,5123.44,5051.64,5061.81,0,3042.07,6900.92,3509.35,21.27,1.12,5.55,7.76,-0.0157,-912.87,732.26,915,1137,105,0.805,87.86,83.28,500,50.38,115.08,106.7,49.03,109.23,716.59,85.04,8897.27,3.93,5.31
2013-02-05,5078.78,5112.28,4993.44,5026.6,0,3773.53,6776.53,3461.06,17.57,-3.7,-17.41,7.7568,-0.0032,2717.62,1447.31,1391,599,129,2.322,86.3,78.84,500,50.38,115.08,106.7,49.03,109.23,716.34,85.27,8615.02,3.91,5.31
2013-02-06,5022.04,5078.56,4976.82,5033.24,0,1465.89,6789.06,3478.34,17.82,0.26,1.45,7.7466,-0.0103,-1660.22,2231.46,1126,774,23,1.455,86.42,83.84,500,50.38,115.08,106.7,49.03,109.23,724.33,84.97,8863.35,3.88,5.31
2013-02-07,5031.39,5141.38,5011.48,5121.11,0,2413.97,6971.01,3553.03,10.62,-7.2,-40.41,7.7674,0.0208,390.51,1563.12,494,1565,118,0.316,87.41,78.38,500,50.38,115.08,106.7,49.03,109.23,731.33,84.89,8880.19,3.86,5.31
2013-02-08,5106.4,5137.11,5067.71,5098.37,0,2930.1,6966.35,3543.57,16.65,6.03,56.82,7.7896,0.0223,319.41,2489.22,877,1166,70,0.752,85.35,79.43,500,50.38,115.08,106.7,49.03,109.23,729.75,84.81,8934.14,3.91,5.31
2013-02-11,5108.54,5124.61,5096.39,5112.45,0,1658.08,7013.87,3558.32,15.6,-1.06,-6.35,7.7884,-0.0012,2444.5,4270.39,981,1005,116,0.976,85.32,83.68,500,50.38,115.08,106.7,49.03,109.23,724.31,84.85,8839.08,3.82,5.31
2013-02-12,5131.8,5205.21,5103.52,5176.68,0,4110.64,7089.12,3590.97,17.2,1.6,10.29,7.7829,-0.0055,-5266.51,29.04,702,1201,110,0.585,86.07,78.43,500,50.38,115.08,106.7,49.03,109.23,710.65,84.97,9039.17,3.8,5.31
2013-02-13,5186.51,5229.26,5109.8,5152.27,0,2270.15,7064.59,3585.6,17.88,0.68,3.94,7.779,-0.004,989.81,-313.77,866,1096,42,0.79,87.35,81.78,500,50.38,115.08,106.7,49.03,109.23,737.11,84.6,9140.24,3.79,5.31
2013-02-14,5142.33,5178.25,5083.88,5119.64,0,4202.29,7079.88,3580.7,16.66,-1.22,-6.81,7.7795,0.0006,36.17,2498.06,720,1282,42,0.562,86.29,77.33,500,50.38,115.08,106.7,49.03,109.23,713.87,84.3,9045.31,3.86,5.31
2013-02-15,5126.12,5257.99,5109.57,5241.07,0,3345.17,7226.75,3652.44,16.49,-0.17,-1.04,7.7915,0.012,-1223.86,4033.4,405,1649,87,0.246,86.7,77.78,500,50.38,115.08,106.7,49.03,109.23,713.72,84.52,9061.31,3.86,5.31
2013-02-18,5244.93,5304.39,5169.55,5228.83,0,3407.38,7162.73,3614.34,19.88,3.39,20.59,7.7935,0.002,966.1,132.75,1095,924,36,1.185,86.78,80.27,500,50.38,115.08,106.7,49.03,109.23,751.77,85.12,9070.96,3.85,5.31
2013-02-19,5225.92,5281.68,5178.65,5234.34,0,2941.5,7217.32,3643.13,17.17,-2.71,-13.62,7.7887,-0.0048,-3387.15,-1807.26,860,1095,88,0.785,87.92,81.34,500,50.38,115.08,106.7,49.03,109.23,778.02,84.91,9001.71,3.88,5.31
2013-02-20,5234.1,5274.15,5137.46,5177.07,0,2720.92,7105.97,3600.19,19.54,2.37,13.78,7.7892,0.0005,-1614.81,4518.1,1426,596,25,2.393,87.76,80.94,500,50.38,115.08,106.7,49.03,109.23,738.21,84.73,9035.69,3.86,5.31
2013-02-21,5167.35,5194.21,5135.32,5162.15,0,1715.71,7096.86,3591.58,19.09,-0.44,-2.28,7.7943,0.005,-2520.06,3059.32,1029,1050,42,0.98,87.95,84.72,500,50.38,115.08,106.7,49.03,109.23,733.3,84.81,9097.24,3.85,5.31
2013-02-22,5169.14,5225.02,5133.24,5188.98,0,4217.97,7107.48,3576.1,15.56,-3.53,-18.49,7.7777,-0.0166,1996.16,2341.98,760,1172,88,0.648,89.21,89.97,500,50.38,115.08,106.7,49.03,109.23,773.5,85.29,9123.68,3.81,5.31
2013-02-25,5176.09,5208.19,5161.94,5193.99,0,3456.67,7132.06,3588.25,20.05,4.49,28.84,7.7746,-0.0031,3010.42,383.25,845,1121,86,0.754,86.42,79.07,500,50.38,115.08,106.7,49.03,109.23,780.38,85.15,8931.41,3.77,5.31
2013-02-26,5185.34,5225.57,5135.7,5175.86,0,2322.26,7105.28,3589.06,19.56,-0.49,-2.44,7.7813,0.0067,-1576.38,1377.0,859,1098,90,0.782,87.77,88.06,500,50.38,115.08,106.7,49.03,109.23,794.37,84.92,8864.54,3.74,5.31
2013-02-27,5193.62,5244.29,5169.68,5220.24,0,1787.77,7128.52,3591.5,17.82,-1.74,-8.9,7.7617,-0.0196,-364.22,596.24,559,1349,69,0.414,86.92,79.12,500,50.38,115.08,106.7,49.03,109.23,772.11,84.69,9126.76,3.72,5.31
2013-02-28,5234.72,5293.15,5201.29,5259.56,0,5636.29,7136.87,3601.43,17.37,-0.45,-2.51,7.7405,-0.0212,15106.66,-1440.05,546,1389,27,0.393,85.35,82.99,500,50.38,115.08,106.7,49.03,109.23,729.0,84.48,8975.16,3.69,5.31
2013-03-01,5256.03,5287.35,5211.79,5243.03,0,3690.19,7178.19,3604.67,18.09,0.72,4.16,7.7475,0.007,-4014.58,3892.69,983,942,81,1.044,87.24,85.05,500,51.81,115.95,111.78,46.91,109.14,736.11,84.87,9107.39,3.66,5.31
2013-03-04,5251.64,5295.33,5147.98,5191.16,0,2345.19,7104.7,3559.69,17.87,-0.23,-1.25,7.7454,-0.0021,106.28,-2228.46,969,973,34,0.996,85.51,79.91,500,51.81,115.95,111.78,46.91,109.14,747.58,84.7,9148.22,3.72,5.31
2013-03-05,5188.47,5214.82,5148.55,5174.82,0,1445.48,7078.45,3551.08,16.51,-1.35,-7.58,7.7492,0.0038,-1686.36,5311.07,1081,948,102,1.14,86.64,79.8,500,51.81,115.95,111.78,46.91,109.14,742.44,84.25,9326.45,3.62,5.31
2013-03-06,5172.8,5195.32,5081.99,5104.21,0,5771.46,6970.74,3489.77,17.03,0.52,3.12,7.7484,-0.0008,1258.15,703.21,1221,793,34,1.54,88.24,78.94,500,51.81,115.95,111.78,46.91,109.14,742.7,83.68,9335.99,3.64,5.31
2013-03-07,5106.42,5114.13,5074.97,5082.65,0,3072.05,6983.63,3484.28,16.54,-0.49,-2.9,7.7556,0.0072,-2072.44,1055.21,914,1182,80,0.773,89.64,84.06,500,51.81,115.95,111.78,46.91,109.14,751.6,83.23,9284.9,3.61,5.31
2013-03-08,5088.88,5115.01,4992.83,5018.6,0,1080.21,6871.21,3440.94,18.61,2.07,12.53,7.7628,0.0073,-378.21,-2093.89,1113,791,63,1.407,89.14,84.2,500,51.81,115.95,111.78,46.91,109.14,766.85,82.52,9377.38,3.63,5.31
2013-03-11,5021.77,5046.61,4946.15,4970.74,0,2283.92,6780.33,3383.45,19.93,1.32,7.09,7.7759,0.0131,-137.72,2837.91,1278,756,65,1.69,87.67,87.01,500,51.81,115.95,111.78,46.91,109.14,767.23,82.65,9338.7,3.57,5.31
2013-03-12,4973.28,5021.28,4887.32,4934.95,0,5344.25,6731.4,3365.55,18.85,-1.08,-5.41,7.7784,0.0024,-1796.15,215.9,903,1170,22,0.772,87.74,82.7,500,51.81,115.95,111.78,46.91,109.14,735.66,82.81,9243.21,3.52,5.31
2013-03-13,4940.63,5006.8,4883.26,4949.33,0,2819.75,6726.9,3379.46,19.83,0.98,5.19,7.7837,0.0053,1340.18,-3505.44,599,1493,104,0.401,86.57,78.63,500,51.81,115.95,111.78,46.91,109.14,712.54,83.07,9418.9,3.54,5.31
2013-03-14,4947.23,4988.46,4935.77,4976.93,0,1210.43,6730.09,3394.79,15.17,-4.65,-23.46,7.7683,-0.0153,3569.39,-2879.58,779,1126,25,0.692,86.69,83.89,500,51.81,115.95,111.78,46.91,109.14,696.55,82.98,9381.17,3.56,5.31
2013-03-15,4965.35,5068.42,4930.37,5032.96,0,1404.88,6759.32,3409.61,18.33,3.16,20.79,7.7651,-0.0032,-1755.19,634.59,888,1166,79,0.762,86.47,89.99,500,51.81,115.95,111.78,46.91,109.14,731.8,83.37,9303.2,3.55,5.31
2013-03-18,5038.49,5039.2,4974.26,4974.95,0,3701.45,6716.33,3369.52,23.21,4.88,26.6,7.7796,0.0145,-1176.07,2657.18,1074,918,63,1.17,87.45,81.45,500,51.81,115.95,111.78,46.91,109.14,758.52,82.96,9443.76,3.55,5.31
2013-03-19,4991.86,5073.97,4948.48,5030.26,0,2110.35,6802.16,3410.99,18.29,-4.92,-21.18,7.7623,-0.0173,-537.16,-2430.47,523,1401,65,0.373,85.62,80.36,500,51.81,115.95,111.78,46.91,109.14,785.59,83.02,9609.41,3.59,5.31
2013-03-20,5029.74,5079.15,5015.99,5065.31,0,1360.52,6868.95,3434.63,12.72,-5.57,-30.45,7.7429,-0.0195,-4029.7,-2300.16,455,1542,21,0.295,84.99,83.66,500,51.81,115.95,111.78,46.91,109.14,763.04,83.43,9701.77,3.53,5.31
2013-03-21,5072.61,5083.45,5061.3,5072.14,0,3725.25,6862.51,3425.0,18.99,6.27,49.25,7.7477,0.0048,3992.37,-633.04,648,1262,53,0.513,85.18,77.64,500,51.81,115.95,111.78,46.91,109.14,795.45,83.22,9549.8,3.51,5.31
2013-03-22,5083.18,5171.94,5077.94,5166.62,0,2512.48,6989.14,3476.31,13.62,-5.36,-28.25,7.7619,0.0142,-2143.36,-2007.46,246,1745,60,0.141,82.69,76.02,500,51.81,115.95,111.78,46.91,109.14,849.6,82.95,9367.51,3.5,5.31
2013-03-25,5164.04,5231.75,5112.35,5179.9,0,1954.85,6999.57,3489.62,18.04,4.41,32.4,7.7639,0.0021,-10303.69,-307.96,834,1104,118,0.755,81.94,81.67,500,51.81,115.95,111.78,46.91,109.14,828.87,83.04,9316.63,3.45,5.31
2013-03-26,5186.17,5234.05,5118.11,5165.81,0,1858.43,7043.12,3489.99,19.58,1.54,8.54,7.7451,-0.0189,2871.5,-346.99,620,1280,51,0.484,82.52,73.49,500,51.81,115.95,111.78,46.91,109.14,867.47,83.21,9336.7,3.44,5.31
2013-03-27,5184.2,5260.06,5156.76,5232.36,0,1642.67,7131.12,3548.51,16.9,-2.67,-13.66,7.7436,-0.0015,5727.52,-25.07,354,1677,116,0.211,83.33,73.55,500,51.81,115.95,111.78,46.91,109.14,886.25,83.66,9521.79,3.51,5.31
2013-03-28,5245.27,5386.9,5229.37,5370.63,0,2556.56,7298.41,3649.16,13.87,-3.04,-17.96,7.7542,0.0106,-2006.72,1896.1,406,1495,29,0.272,85.03,79.8,500,51.81,115.95,111.78,46.91,109.14,852.42,83.66,9610.9,3.5,5.31
2013-03-29,5360.61,5395.09,5334.61,5369.06,0,1570.52,7282.06,3655.11,20.89,7.03,50.66,7.7584,0.0042,-627.54,-3802.92,1000,971,92,1.03,83.65,71.91,500,51.81,115.95,111.78,46.91,109.14,834.99,84.36,9799.14,3.49,5.31
2013-04-01,5375.71,5486.47,5333.59,5443.81,0,1646.35,7390.2,3677.61,17.3,-3.6,-17.22,7.7716,0.0133,-360.22,-1275.56,601,1380,84,0.436,85.54,75.79,500,51.09,115.92,104.96,53.11,109.84,820.78,84.33,9634.52,3.51,4.57
2013-04-02,5429.18,5482.37,5316.12,5368.72,0,3919.34,7251.21,3627.74,14.87,-2.42,-13.99,7.7692,-0.0024,-2577.41,-4039.24,1016,932,79,1.09,84.9,80.62,500,51.09,115.92,104.96,53.11,109.84,824.51,84.16,9573.1,3.45,4.57
2013-04-03,5367.32,5424.92,5354.28,5411.77,0,8813.58,7290.5,3641.77,16.8,1.93,12.95,7.7829,0.0137,3032.56,-4177.53,852,1142,97,0.746,86.52,83.26,500,51.09,115.92,104.96,53.11,109.84,824.02,84.05,9571.52,3.47,4.57
2013-04-04,5418.52,5452.64,5318.8,5352.51,0,3073.06,7143.61,3579.91,20.77,3.96,23.59,7.7855,0.0026,-486.02,3831.09,1181,844,126,1.399,87.02,72.32,500,51.09,115.92,104.96,53.11,109.84,871.76,83.77,9583.14,3.45,4.57
2013-04-05,5344.79,5373.61,5229.65,5258.0,0,1721.68,7035.39,3518.24,19.64,-1.13,-5.44,7.778,-0.0075,-3784.85,-2253.89,1353,634,72,2.134,88.64,76.37,500,51.09,115.92,104.96,53.11,109.84,872.92,83.63,9726.48,3.41,4.57
2013-04-08,5263.13,5286.32,5218.03,5241.13,0,2891.13,7052.85,3535.93,19.44,-0.2,-1.0,7.7965,0.0185,-3369.46,540.75,807,1261,104,0.64,86.43,84.42,500,51.09,115.92,104.96,53.11,109.84,894.08,83.82,9603.58,3.37,4.57
2013-04-09,5252.34,5292.8,5190.55,5230.85,0,2725.95,7025.95,3507.49,17.16,-2.27,-11.7,7.815,0.0185,155.99,2890.34,1054,1021,65,1.032,87.21,87.57,500,51.09,115.92,104.96,53.11,109.84,878.31,83.7,9569.05,3.31,4.57
2013-04-10,5217.67,5276.66,5200.96,5259.81,0,2307.73,7076.1,3530.85,17.39,0.22,1.3,7.8257,0.0107,1200.97,-545.7,829,1220,69,0.68,86.66,76.75,500,51.09,115.92,104.96,53.11,109.84,887.88,84.25,9454.36,3.29,4.57
2013-04-11,5282.9,5330.02,5253.72,5300.75,0,2162.1,7100.34,3545.37,15.88,-1.51,-8.68,7.8259,0.0002,1247.5,-208.4,641,1345,43,0.477,86.14,83.21,500,51.09,115.92,104.96,53.11,109.84,915.83,83.46,9592.63,3.33,4.57
2013-04-12,5298.17,5332.93,5232.91,5267.46,0,5081.93,7106.91,3559.86,18.91,3.03,19.09,7.8294,0.0036,-279.64,-38.7,939,1142,53,0.822,85.79,78.74,500,51.09,115.92,104.96,53.11,109.84,872.62,83.65,9578.42,3.37,4.57
2013-04-15,5268.82,5345.1,5239.71,5315.74,0,4762.46,7199.94,3583.98,19.54,0.63,3.35,7.8209,-0.0085,1885.47,-6404.03,517,1462,68,0.354,84.56,79.22,500,51.09,115.92,104.96,53.11,109.84,859.24,84.12,9494.14,3.34,4.57
2013-04-16,5304.59,5322.71,5278.15,5296.24,0,1245.1,7187.97,3567.88,19.15,-0.4,-2.03,7.8095,-0.0114,1543.22,2795.33,880,1032,121,0.853,83.16,81.22,500,51.09,115.92,104.96,53.11,109.84,852.93,83.64,9483.11,3.38,4.57
2013-04-17,5295.63,5298.81,5152.83,5155.93,0,3718.96,7017.88,3470.0,25.97,6.83,35.65,7.8085,-0.001,5613.41,-799.51,1466,502,79,2.92,83.45,76.97,500,51.09,115.92,104.96,53.11,109.84,869.39,83.34,9547.7,3.41,4.57
2013-04-18,5156.28,5190.24,5108.12,5141.99,0,3099.79,7014.99,3463.76,15.04,-10.93,-42.1,7.7878,-0.0207,-765.19,2159.4,711,1191,58,0.597,82.68,72.69,500,51.09,115.92,104.96,53.11,109.84,900.49,82.95,9625.69,3.37,4.57
2013-04-19,5136.71,5262.93,5102.21,5227.82,0,2102.52,7134.46,3509.68,14.36,-0.68,-4.52,7.8079,0.0202,-124.35,2870.09,426,1553,114,0.274,82.74,86.76,500,51.09,115.92,104.96,53.11,109.84,918.97,83.13,9633.12,3.33,4.57
2013-04-22,5247.07,5293.01,5182.25,5228.01,0,2196.27,7137.44,3500.35,19.42,5.06,35.23,7.795,-0.0129,-905.28,2984.79,864,1162,47,0.744,84.1,76.8,500,51.09,115.92,104.96,53.11,109.84,891.19,83.83,9652.17,3.38,4.57
2013-04-23,5234.16,5293.77,5216.69,5276.16,0,4174.81,7144.96,3516.58,14.26,-5.15,-26.55,7.7771,-0.0179,1729.53,-871.43,821,1157,104,0.71,86.86,84.87,500,51.09,115.92,104.96,53.11,109.84,912.11,83.85,9724.79,3.38,4.57
2013-04-24,5280.31,5317.14,5205.98,5242.55,0,3177.88,7134.09,3497.2,18.23,3.97,27.81,7.7953,0.0182,-1564.18,-1519.97,1030,982,29,1.049,85.6,82.12,500,51.09,115.92,104.96,53.11,109.84,906.59,84.0,9770.0,3.4,4.57
2013-04-25,5256.55,5267.56,5244.42,5255.42,0,4073.02,7091.01,3477.16,18.32,0.09,0.49,7.7905,-0.0047,857.87,-1676.82,949,1101,122,0.862,85.68,79.23,500,51.09,115.92,104.96,53.11,109.84,903.89,84.07,9813.35,3.48,4.57
2013-04-26,5268.39,5331.22,5237.2,5299.84,0,3564.88,7084.37,3486.29,16.06,-2.26,-12.34,7.8129,0.0224,5078.41,-1510.1,609,1333,47,0.457,85.02,78.13,500,51.09,115.92,104.96,53.11,109.84,897.72,84.2,9871.87,3.48,4.57
2013-04-29,5312.62,5346.6,5261.38,5295.25,0,6610.33,7044.9,3466.81,15.31,-0.75,-4.67,7.805,-0.0079,-8481.1,2581.24,684,1293,25,0.529,84.69,73.21,500,51.09,115.92,104.96,53.11,109.84,877.0,84.08,9907.94,3.47,4.57
2013-04-30,5295.0,5473.49,5236.7,5413.88,0,2295.89,7215.1,3531.05,16.84,1.54,10.04,7.8129,0.0079,2773.74,2554.21,409,1639,111,0.25,84.44,71.18,500,51.09,115.92,104.96,53.11,109.84,928.82,85.09,10001.91,3.41,4.57
2013-05-01,5419.16,5477.61,5416.91,5475.33,0,3773.16,7287.39,3542.66,20.33,3.49,20.72,7.7902,-0.0228,472.0,2968.29,791,1191,124,0.664,83.94,76.66,500,51.63,116.56,109.02,52.9,109.6,895.64,85.5,10030.43,3.42,4.57
2013-05-02,5478.96,5523.19,5344.9,5388.39,0,5281.79,7221.95,3486.68,20.61,0.28,1.37,7.7671,-0.023,-1185.4,548.37,1318,744,125,1.772,83.22,71.53,500,51.63,116.56,109.02,52.9,109.6,868.37,85.35,10153.77,3.5,4.57
2013-05-03,5388.56,5401.07,5376.63,5389.14,0,3553.92,7239.68,3497.56,15.46,-5.15,-24.99,7.7789,0.0118,690.14,1756.01,738,1280,48,0.577,84.08,72.02,500,51.63,116.56,109.02,52.9,109.6,858.86,85.22,10152.09,3.5,4.57
2013-05-06,5390.84,5411.0,5364.69,5384.82,0,2388.3,7164.63,3480.19,17.17,1.71,11.06,7.7679,-0.011,-5910.31,-3430.94,953,1042,114,0.915,83.15,73.65,500,51.63,116.56,109.02,52.9,109.6,840.99,85.27,10300.83,3.54,4.57
2013-05-07,5396.47,5503.83,5327.03,5433.91,0,1984.38,7235.27,3524.81,17.45,0.28,1.64,7.7719,0.004,89.86,290.72,590,1372,84,0.43,83.9,78.79,500,51.63,116.56,109.02,52.9,109.6,863.98,85.05,10136.78,3.58,4.57
2013-05-08,5423.19,5440.99,5396.69,5414.46,0,3691.77,7225.06,3522.11,17.4,-0.05,-0.31,7.7795,0.0076,-2211.65,-2632.89,1006,934,75,1.077,83.16,77.96,500,51.63,116.56,109.02,52.9,109.6,880.62,85.01,10169.98,3.6,4.57
2013-05-09,5418.34,5461.25,5353.95,5396.68,0,2563.43,7167.74,3519.85,19.38,1.99,11.41,7.764,-0.0155,2432.64,-2449.84,494,1530,60,0.323,81.91,74.72,500,51.63,116.56,109.02,52.9,109.6,875.63,85.02,10130.72,3.56,4.57
2013-05-10,5388.31,5477.09,5379.92,5468.58,0,5996.51,7241.72,3566.87,14.77,-4.61,-23.8,7.7613,-0.0027,2511.82,482.1,385,1580,87,0.244,82.67,82.09,500,51.63,116.56,109.02,52.9,109.6,844.84,85.34,10194.47,3.55,4.57
2013-05-13,5472.91,5500.45,5444.84,5472.38,0,2042.95,7207.04,3525.28,19.59,4.82,32.61,7.7555,-0.0058,-3018.86,-370.67,889,1188,102,0.748,82.1,79.26,500,51.63,116.56,109.02,52.9,109.6,841.72,85.66,10070.81,3.54,4.57
2013-05-14,5465.39,5484.49,5420.77,5439.78,0,3984.42,7195.66,3516.56,18.82,-0.77,-3.92,7.7509,-0.0046,-1823.28,3090.24,860,1082,89,0.795,80.37,74.34,500,51.63,116.56,109.02,52.9,109.6,820.01,85.44,10141.05,3.5,4.57
2013-05-15,5430.88,5505.49,5427.84,5502.41,0,1724.06,7308.59,3544.94,17.04,-1.78,-9.45,7.7342,-0.0167,972.96,-1300.64,351,1587,51,0.221,81.81,82.81,500,51.63,116.56,109.02,52.9,109.6,816.17,85.43,10199.49,3.48,4.57
2013-05-16,5504.0,5626.56,5455.56,5577.46,0,2127.88,7368.37,3580.28,16.96,-0.08,-0.5,7.7484,0.0141,5652.69,-2707.75,678,1381,56,0.491,81.11,73.14,500,51.63,116.56,109.02,52.9,109.6,816.24,85.7,10075.18,3.53,4.57
2013-05-17,5574.62,5608.68,5486.48,5520.2,0,4246.72,7342.57,3555.2,21.09,4.14,24.39,7.7354,-0.0129,734.36,1543.06,1262,801,98,1.576,80.84,70.97,500,51.63,116.56,109.02,52.9,109.6,823.63,85.84,10187.48,3.58,4.57
2013-05-20,5526.73,5556.19,5525.04,5554.48,0,3450.59,7400.71,3562.22,14.62,-6.48,-30.71,7.7197,-0.0157,-132.75,2094.95,882,1122,86,0.786,79.82,73.86,500,51.63,116.56,109.02,52.9,109.6,811.19,85.54,10271.81,3.59,4.57
2013-05-21,5568.13,5575.6,5566.05,5573.51,0,2242.97,7481.05,3575.18,14.05,-0.57,-3.88,7.7077,-0.012,-1785.97,671.75,599,1419,29,0.422,80.56,76.33,500,51.63,116.56,109.02,52.9,109.6,806.94,85.84,10259.13,3.59,4.57
2013-05-22,5565.14,5635.33,5515.16,5585.18,0,4270.68,7559.83,3561.21,16.9,2.85,20.27,7.7029,-0.0047,-1367.85,5630.68,670,1301,39,0.515,80.04,72.19,500,51.63,116.56,109.02,52.9,109.6,819.87,86.76,10119.31,3.57,4.57
2013-05-23,5583.25,5619.71,5581.5,5617.95,0,4333.02,7598.78,3570.26,14.89,-2.0,-11.86,7.709,0.0061,579.71,-2300.72,843,1128,26,0.747,81.37,71.27,500,51.63,116.56,109.02,52.9,109.6,840.83,86.95,10036.31,3.54,4.57
2013-05-24,5598.26,5662.55,5551.77,5615.92,0,2157.43,7582.25,3596.26,20.17,5.27,35.41,7.6994,-0.0096,5161.95,1330.84,806,1212,40,0.665,81.61,79.57,500,51.63,116.56,109.02,52.9,109.6,827.04,86.96,9817.09,3.58,4.57
2013-05-27,5613.55,5730.03,5571.05,5686.98,0,3418.39,7659.49,3646.16,16.06,-4.1,-20.35,7.7044,0.0051,-3955.15,2131.63,532,1548,76,0.344,82.32,80.59,500,51.63,116.56,109.02,52.9,109.6,794.29,87.23,9871.92,3.57,4.57
2013-05-28,5684.81,5742.64,5580.23,5637.58,0,2899.19,7562.77,3612.32,17.27,1.2,7.49,7.6948,-0.0096,3472.71,-3127.57,1348,657,52,2.052,80.84,79.79,500,51.63,116.56,109.02,52.9,109.6,772.7,87.18,9851.17,3.6,4.57
2013-05-29,5639.21,5677.24,5567.19,5604.99,0,5940.91,7542.68,3603.79,20.67,3.41,19.72,7.686,-0.0088,-9.88,1420.33,1046,997,29,1.049,79.72,66.31,500,51.63,116.56,109.02,52.9,109.6,760.26,87.38,9900.12,3.67,4.57
2013-05-30,5602.36,5665.37,5548.29,5611.21,0,2542.55,7598.25,3629.78,17.33,-3.34,-16.17,7.6992,0.0132,-2219.67,-4118.79,570,1509,75,0.378,79.11,76.68,500,51.63,116.56,109.02,52.9,109.6,760.58,87.48,9985.77,3.61,4.57
2013-05-31,5609.23,5743.89,5584.95,5719.14,0,3812.53,7755.36,3686.45,15.4,-1.93,-11.15,7.6961,-0.0032,-6668.19,1341.53,520,1478,89,0.352,80.14,66.84,500,51.63,116.56,109.02,52.9,109.6,748.21,86.96,10043.2,3.57,4.57
2013-06-03,5733.95,5776.28,5617.23,5659.01,0,1432.52,7690.76,3671.7,19.33,3.93,25.54,7.6755,-0.0206,2892.13,-1496.9,1404,593,87,2.368,79.67,77.94,500,51.29,117.04,114.03,45.53,109.99,751.07,87.69,10149.47,3.63,4.57
2013-06-04,5646.7,5726.8,5606.2,5686.02,0,4662.42,7740.04,3689.16,19.61,0.28,1.43,7.6841,0.0086,107.0,-352.43,758,1259,52,0.602,78.08,73.5,500,51.29,117.04,114.03,45.53,109.99,770.04,87.82,10012.96,3.61,4.57
2013-06-05,5670.84,5706.96,5610.71,5646.67,0,1691.08,7698.16,3670.16,19.46,-0.14,-0.72,7.6957,0.0117,1757.74,1780.4,837,1206,35,0.694,77.23,67.43,500,51.29,117.04,114.03,45.53,109.99,763.87,88.42,9996.56,3.52,4.57
2013-06-06,5658.41,5717.6,5649.56,5708.67,0,1529.19,7806.44,3720.25,20.2,0.74,3.8,7.7202,0.0245,-2648.86,1587.1,441,1552,25,0.284,79.06,74.4,500,51.29,117.04,114.03,45.53,109.99,771.06,88.57,10129.47,3.56,4.57
2013-06-07,5692.6,5779.1,5669.51,5755.75,0,3805.42,7857.5,3742.57,15.11,-5.1,-25.22,7.7392,0.019,3644.88,1154.63,564,1517,81,0.372,77.96,72.07,500,51.29,117.04,114.03,45.53,109.99,808.74,88.47,10070.75,3.63,4.57
2013-06-10,5752.57,5881.91,5717.68,5846.44,0,3016.6,7984.22,3813.56,16.71,1.6,10.61,7.7408,0.0016,-246.43,5484.56,168,1780,89,0.094,74.98,64.53,500,51.29,117.04,114.03,45.53,109.99,804.21,87.68,10056.35,3.58,4.57
2013-06-11,5850.67,6031.59,5816.46,5996.52,0,5452.9,8173.21,3911.14,17.52,0.8,4.81,7.7311,-0.0097,1820.73,-2294.18,136,1925,30,0.071,73.93,69.8,500,51.29,117.04,114.03,45.53,109.99,807.32,86.79,9832.83,3.61,4.57
2013-06-12,6001.19,6156.49,5941.73,6096.1,0,1929.62,8347.57,3996.6,16.67,-0.85,-4.84,7.7208,-0.0103,-1943.79,3667.41,376,1664,44,0.226,73.47,62.78,500,51.29,117.04,114.03,45.53,109.99,819.99,87.6,9819.4,3.6,4.57
2013-06-13,6092.25,6134.44,5995.69,6037.5,0,5173.23,8276.55,3957.26,18.27,1.61,9.64,7.7202,-0.0006,-1773.0,2190.02,987,964,56,1.024,73.58,68.02,500,51.29,117.04,114.03,45.53,109.99,810.98,87.51,9974.32,3.55,4.57
2013-06-14,6028.72,6120.34,5980.23,6071.51,0,4721.54,8309.61,3974.59,19.19,0.91,5.01,7.7105,-0.0097,1608.12,-1326.8,520,1430,125,0.364,73.52,66.93,500,51.29,117.04,114.03,45.53,109.99,773.66,87.67,10006.05,3.52,4.57
2013-06-17,6092.59,6235.27,6041.41,6183.32,0,2825.66,8415.03,4056.68,15.88,-3.31,-17.24,7.7136,0.003,-5444.77,-384.44,508,1510,54,0.336,74.64,69.14,500,51.29,117.04,114.03,45.53,109.99,741.36,87.56,9782.73,3.52,4.57
2013-06-18,6177.17,6222.61,6032.48,6077.19,0,2993.32,8288.16,3997.51,17.15,1.27,8.01,7.7161,0.0025,1192.86,-2783.97,1514,413,45,3.666,76.48,67.75,500,51.29,117.04,114.03,45.53,109.99,730.19,87.69,9965.13,3.54,4.57
2013-06-19,6070.2,6141.3,6032.27,6103.16,0,5044.91,8306.37,4012.39,18.83,1.68,9.8,7.7258,0.0097,1587.67,1195.29,685,1332,36,0.514,76.33,70.79,500,51.29,117.04,114.03,45.53,109.99,742.32,87.58,9760.23,3.52,4.57
2013-06-20,6106.01,6149.95,6033.8,6077.54,0,3144.89,8276.07,4008.53,16.35,-2.49,-13.21,7.7336,0.0078,-5027.8,4075.39,677,1243,103,0.545,76.92,75.04,500,51.29,117.04,114.03,45.53,109.99,729.06,87.83,9899.46,3.47,4.57
2013-06-21,6077.46,6112.12,5995.08,6029.47,0,4004.96,8211.0,3975.28,16.41,0.07,0.41,7.7216,-0.012,-248.63,-2568.63,908,999,58,0.909,75.21,70.74,500,51.29,117.04,114.03,45.53,109.99,735.53,87.92,10022.87,3.5,4.57
2013-06-24,6021.82,6180.28,5981.26,6138.93,0,3791.53,8377.57,4048.72,14.95,-1.47,-8.93,7.7137,-0.0079,-556.91,-1598.54,599,1343,54,0.446,77.4,65.04,500,51.29,117.04,114.03,45.53,109.99,730.64,87.82,9996.79,3.48,4.57
2013-06-25,6130.92,6172.89,6113.46,6155.36,0,3173.97,8423.39,4049.73,17.94,2.99,20.03,7.7139,0.0002,-1334.16,1235.73,874,1178,40,0.742,78.53,67.05,500,51.29,117.04,114.03,45.53,109.99,728.65,88.35,9877.39,3.44,4.57
2013-06-26,6154.01,6188.06,6088.57,6122.44,0,3370.41,8389.21,4052.02,19.33,1.39,7.76,7.71,-0.0039,-2255.33,1512.15,1306,603,124,2.166,79.44,79.64,500,51.29,117.04,114.03,45.53,109.99,727.27,89.0,10062.57,3.41,4.57
2013-06-27,6149.01,6205.6,6095.37,6151.93,0,5283.86,8446.99,4052.3,20.63,1.3,6.7,7.7064,-0.0036,-2827.06,-612.15,671,1236,74,0.543,78.51,70.84,500,51.29,117.04,114.03,45.53,109.99,753.31,89.17,9884.44,3.42,4.57
2013-06-28,6155.63,6248.25,6098.79,6191.08,0,7400.68,8484.81,4093.62,18.99,-1.63,-7.93,7.7043,-0.002,-2532.93,-1866.32,550,1401,72,0.393,78.39,71.23,500,51.29,117.04,114.03,45.53,109.99,777.81,89.63,9798.47,3.43,4.57
2013-07-01,6184.89,6209.56,6029.54,6053.68,0,3795.13,8296.25,4012.07,20.88,1.88,9.92,7.6953,-0.009,-888.44,1057.27,1349,584,89,2.31,77.14,63.51,500,48.94,117.3,111.9,52.99,110.59,765.3,89.66,9743.62,3.43,5.99
2013-07-02,6065.19,6089.24,6015.08,6039.03,0,2364.0,8310.68,4008.14,18.31,-2.57,-12.29,7.6924,-0.0029,2259.06,5665.0,858,1222,33,0.702,76.41,73.26,500,48.94,117.3,111.9,52.99,110.59,787.96,89.65,9840.27,3.41,5.99
2013-07-03,6033.06,6121.8,6010.57,6099.07,0,2859.59,8410.75,4051.68,17.28,-1.03,-5.65,7.6894,-0.003,240.63,470.86,394,1699,25,0.232,76.93,71.55,500,48.94,117.3,111.9,52.99,110.59,780.55,89.5,9949.58,3.42,5.99
2013-07-04,6117.36,6159.89,5978.84,6020.7,0,4304.87,8357.62,4012.5,16.23,-1.04,-6.04,7.6939,0.0045,-2857.08,-2713.93,850,1127,56,0.754,77.36,72.14,500,48.94,117.3,111.9,52.99,110.59,774.94,89.04,9853.13,3.4,5.99
2013-07-05,6014.47,6055.97,5880.26,5921.12,0,1542.3,8237.41,3964.16,19.91,3.68,22.65,7.6929,-0.0011,3711.85,324.54,1176,825,36,1.425,78.07,74.75,500,48.94,117.3,111.9,52.99,110.59,769.17,89.23,9990.01,3.36,5.99
2013-07-08,5918.28,5935.85,5891.88,5909.42,0,5207.71,8189.9,3939.08,17.19,-2.71,-13.63,7.685,-0.0078,2466.2,1887.01,1028,1070,41,0.961,77.08,64.04,500,48.94,117.3,111.9,52.99,110.59,765.5,88.78,9841.15,3.3,5.99
2013-07-09,5894.58,5937.93,5878.48,5921.76,0,1678.07,8187.22,3932.6,17.83,0.64,3.71,7.6897,0.0047,786.93,-306.93,868,1228,123,0.707,75.72,72.81,500,48.94,117.3,111.9,52.99,110.59,790.41,88.78,9772.46,3.34,5.99
2013-07-10,5933.82,5987.3,5905.77,5959.13,0,3272.05,8298.16,3976.02,15.66,-2.18,-12.21,7.6605,-0.0292,2411.44,244.48,743,1351,46,0.55,77.09,67.7,500,48.94,117.3,111.9,52.99,110.59,793.59,88.21,9888.86,3.3,5.99
2013-07-11,5983.09,6108.76,5920.89,6045.9,0,2321.74,8437.9,4029.37,15.64,-0.01,-0.09,7.6709,0.0104,-4889.31,887.98,494,1488,32,0.332,77.02,66.11,500,48.94,117.3,111.9,52.99,110.59,809.88,88.41,10008.26,3.31,5.99
2013-07-12,6032.88,6102.38,5960.38,6029.84,0,1102.05,8469.29,4005.68,14.72,-0.92,-5.9,7.6908,0.0198,-2539.53,776.29,837,1075,52,0.779,74.53,56.17,500,48.94,117.3,111.9,52.99,110.59,837.58,88.16,10179.27,3.32,5.99
2013-07-15,6021.64,6037.56,5870.55,5886.12,0,3487.79,8280.22,3918.03,23.31,8.59,58.4,7.7063,0.0155,-842.36,356.19,1380,553,125,2.495,73.98,64.44,500,48.94,117.3,111.9,52.99,110.59,845.64,87.77,10147.18,3.34,5.99
2013-07-16,5887.71,6052.77,5845.32,6009.5,0,4743.06,8425.68,3972.68,17.55,-5.76,-24.7,7.7236,0.0174,218.93,2184.3,616,1453,123,0.424,73.4,66.23,500,48.94,117.3,111.9,52.99,110.59,827.48,87.79,10029.21,3.3,5.99
2013-07-17,6016.95,6107.65,5959.97,6050.35,0,1808.06,8496.0,3982.31,17.04,-0.51,-2.92,7.7235,-0.0001,-728.09,1557.74,910,1032,114,0.882,74.51,65.15,500,48.94,117.3,111.9,52.99,110.59,834.31,87.99,10008.45,3.25,5.99
2013-07-18,6046.45,6062.66,6029.02,6045.23,0,3853.69,8479.62,3966.55,16.49,-0.56,-3.27,7.7198,-0.0037,-1840.14,-665.38,768,1186,61,0.648,73.16,71.8,500,48.94,117.3,111.9,52.99,110.59,824.33,88.09,9898.59,3.26,5.99
2013-07-19,6059.63,6115.51,6029.55,6085.3,0,3453.34,8488.69,3991.77,17.71,1.23,7.45,7.717,-0.0028,-3859.05,3346.2,738,1236,85,0.597,71.29,63.38,500,48.94,117.3,111.9,52.99,110.59,836.65,87.94,9799.62,3.25,5.99
2013-07-22,6081.42,6088.86,6000.46,6007.8,0,5267.34,8419.13,3936.86,20.77,3.06,17.25,7.7305,0.0136,1443.34,697.75,1050,1045,105,1.005,70.15,57.08,500,48.94,117.3,111.9,52.99,110.59,854.09,87.93,9786.34,3.23,5.99
2013-07-23,6016.77,6098.64,5998.8,6080.48,0,3693.21,8519.42,3974.29,18.36,-2.41,-11.59,7.7112,-0.0193,-542.38,2189.27,456,1607,50,0.284,71.21,65.04,500,48.94,117.3,111.9,52.99,110.59,856.61,88.28,9839.14,3.21,5.99
2013-07-24,6094.82,6156.81,6061.46,6123.29,0,3150.62,8586.97,3988.95,19.48,1.12,6.07,7.7249,0.0137,3815.09,1047.25,764,1274,108,0.6,71.13,63.01,500,48.94,117.3,111.9,52.99,110.59,922.89,87.97,9853.97,3.24,5.99
2013-07-25,6127.57,6195.23,6095.68,6163.15,0,2671.21,8695.53,4034.47,17.44,-2.03,-10.44,7.7126,-0.0124,-987.01,-87.64,599,1364,71,0.439,73.46,60.23,500,48.94,117.3,111.9,52.99,110.59,940.6,87.98,9641.84,3.18,5.99
2013-07-26,6159.2,6226.1,6083.27,6150.07,0,2178.38,8667.27,4019.81,18.78,1.34,7.69,7.6922,-0.0203,85.65,403.81,1046,1018,36,1.028,73.66,63.7,500,48.94,117.3,111.9,52.99,110.59,920.86,88.06,9635.81,3.21,5.99
2013-07-29,6153.66,6174.59,6053.61,6074.26,0,1769.34,8620.91,3973.38,18.92,0.14,0.73,7.6871,-0.0051,-3703.6,798.73,982,1093,44,0.898,73.12,65.41,500,48.94,117.3,111.9,52.99,110.59,920.67,87.98,9798.87,3.2,5.99
2013-07-30,6077.83,6266.14,6014.85,6201.87,0,3342.95,8731.7,4028.72,16.35,-2.57,-13.57,7.6841,-0.003,2320.08,1799.53,860,1055,56,0.815,75.46,71.71,500,48.94,117.3,111.9,52.99,110.59,975.61,87.88,9839.62,3.16,5.99
2013-07-31,6187.62,6294.08,6136.8,6242.81,0,2240.11,8795.23,4072.25,15.06,-1.3,-7.92,7.6765,-0.0077,-1426.06,224.82,399,1601,97,0.249,78.11,72.85,500,48.94,117.3,111.9,52.99,110.59,938.1,87.88,9801.28,3.14,5.99
2013-08-01,6236.12,6264.24,6167.31,6195.25,0,3204.36,8690.97,4044.37,20.85,5.79,38.44,7.6918,0.0153,2069.01,-1042.01,997,1060,26,0.941,75.53,63.12,500,51.69,117.43,114.11,47.33,111.0,973.04,88.03,9999.92,3.13,5.99
2013-08-02,6201.18,6233.28,6188.83,6220.89,0,4717.91,8683.6,4034.34,18.54,-2.31,-11.08,7.6817,-0.0101,-7646.78,1104.57,1013,990,79,1.023,75.59,67.44,500,51.69,117.43,114.11,47.33,111.0,972.73,87.13,10058.79,3.08,5.99
2013-08-05,6222.88,6274.45,6058.61,6109.23,0,3033.48,8547.26,3939.09,21.22,2.68,14.47,7.6778,-0.0039,-955.48,3552.24,1192,857,86,1.391,76.03,65.24,500,51.69,117.43,114.11,47.33,111.0,975.4,87.61,10169.5,3.03,5.99
2013-08-06,6109.73,6224.11,6078.24,6192.19,0,2961.02,8680.1,4003.67,17.31,-3.91,-18.42,7.6743,-0.0035,1887.61,951.13,403,1674,128,0.241,74.58,66.32,500,51.69,117.43,114.11,47.33,111.0,954.01,87.23,9947.39,3.03,5.99
2013-08-07,6182.29,6209.16,6068.17,6094.66,0,3170.21,8505.71,3946.94,22.68,5.37,31.0,7.6762,0.0018,11221.53,1475.23,1370,586,59,2.338,75.35,72.99,500,51.69,117.43,114.11,47.33,111.0,970.4,87.79,10096.8,3.02,5.99
2013-08-08,6086.89,6142.92,6048.23,6104.15,0,2111.97,8545.16,3963.43,16.89,-5.79,-25.54,7.6945,0.0183,-3897.1,531.72,750,1268,84,0.591,75.64,62.56,500,51.69,117.43,114.11,47.33,111.0,947.71,88.27,10162.44,3.03,5.99
2013-08-09,6095.61,6213.86,6094.34,6212.56,0,2170.52,8678.01,4021.36,16.09,-0.8,-4.73,7.7082,0.0137,126.02,-434.27,627,1314,122,0.477,75.72,72.57,500,51.69,117.43,114.11,47.33,111.0,921.26,88.72,10205.68,3.07,5.99
2013-08-12,6218.88,6281.42,6172.45,6234.87,0,5286.14,8708.43,4043.09,18.56,2.48,15.39,7.728,0.0198,5419.18,-13.88,797,1229,95,0.648,75.85,69.1,500,51.69,117.43,114.11,47.33,111.0,934.9,88.53,9998.16,3.02,5.99
2013-08-13,6232.33,6267.31,6197.9,6232.88,0,2630.99,8684.12,4036.68,20.31,1.75,9.4,7.7289,0.0009,-824.0,375.61,907,994,87,0.912,76.03,71.78,500,51.69,117.43,114.11,47.33,111.0,896.63,88.15,10270.09,2.99,5.99
2013-08-14,6251.5,6266.96,6143.59,6158.82,0,2705.15,8613.16,3997.2,18.84,-1.47,-7.22,7.737,0.0082,-302.2,1574.58,1077,893,53,1.206,74.46,74.29,500,51.69,117.43,114.11,47.33,111.0,867.45,87.61,10099.25,3.05,5.99
2013-08-15,6159.71,6267.0,6088.41,6195.29,0,2314.81,8654.89,4033.44,17.16,-1.68,-8.91,7.7508,0.0138,7248.57,6916.08,545,1359,95,0.401,74.25,70.17,500,51.69,117.43,114.11,47.33,111.0,862.01,88.12,10198.41,3.1,5.99
2013-08-16,6205.14,6291.46,6146.19,6232.25,0,2614.2,8731.64,4072.07,19.35,2.18,12.71,7.7568,0.006,-8449.88,-925.97,739,1330,98,0.556,73.81,67.6,500,51.69,117.43,114.11,47.33,111.0,830.56,88.34,10291.0,3.02,5.99
2013-08-19,6204.35,6272.97,6179.32,6247.76,0,3011.28,8780.04,4107.28,14.06,-5.29,-27.35,7.7547,-0.0021,-81.1,1177.44,701,1324,94,0.529,75.73,73.33,500,51.69,117.43,114.11,47.33,111.0,841.68,88.2,10475.21,3.02,5.99
2013-08-20,6261.15,6352.76,6228.24,6319.55,0,2162.62,8886.29,4162.16,14.9,0.84,5.99,7.7664,0.0117,4460.56,-317.5,635,1414,37,0.449,77.37,64.46,500,51.69,117.43,114.11,47.33,111.0,863.88,88.26,10528.26,3.06,5.99
2013-08-21,6321.36,6496.98,6268.87,6443.48,0,2846.6,8982.65,4234.81,18.98,4.08,27.42,7.7606,-0.0058,-183.75,1735.04,515,1394,21,0.369,78.67,71.1,500,51.69,117.43,114.11,47.33,111.0,878.59,87.85,10683.65,3.04,5.99
2013-08-22,6448.65,6616.52,6399.19,6566.16,0,5388.75,9173.64,4279.5,17.49,-1.49,-7.84,7.7774,0.0168,265.29,2579.79,651,1268,41,0.513,77.92,68.69,500,51.69,117.43,114.11,47.33,111.0,887.15,87.71,10692.41,3.06,5.99
2013-08-23,6574.76,6603.57,6529.38,6558.12,0,2475.69,9074.41,4249.45,15.9,-1.6,-9.13,7.7804,0.003,-540.83,728.5,1088,999,30,1.089,77.88,66.98,500,51.69,117.43,114.11,47.33,111.0,877.14,88.03,10696.57,3.07,5.99
2013-08-26,6570.37,6615.13,6542.6,6587.29,0,3134.38,9102.39,4240.86,19.65,3.75,23.61,7.7612,-0.0192,1581.79,-582.91,692,1215,91,0.57,76.73,76.73,500,51.69,117.43,114.11,47.33,111.0,880.45,88.51,10789.25,3.08,5.99
2013-08-27,6575.01,6630.42,6549.31,6604.6,0,1411.82,9234.11,4267.38,19.4,-0.25,-1.27,7.7479,-0.0133,7862.35,1174.69,732,1326,127,0.552,77.18,69.07,500,51.69,117.43,114.11,47.33,111.0,882.18,88.78,10871.45,3.04,5.99
2013-08-28,6573.47,6706.83,6546.26,6679.18,0,3448.05,9336.97,4335.33,14.38,-5.02,-25.87,7.7664,0.0185,1787.94,1747.37,739,1356,61,0.545,76.07,73.56,500,51.69,117.43,114.11,47.33,111.0,914.69,88.86,11042.45,3.02,5.99
2013-08-29,6675.66,6749.58,6641.86,6715.57,0,5260.97,9369.91,4374.52,17.2,2.82,19.61,7.7855,0.0191,-1268.13,-835.45,575,1476,26,0.39,76.15,72.17,500,51.69,117.43,114.11,47.33,111.0,890.14,88.23,11012.29,3.03,5.99
2013-08-30,6699.96,6795.68,6636.04,6731.46,0,5689.3,9430.32,4413.66,14.13,-3.07,-17.85,7.7782,-0.0073,-1435.3,70.01,531,1466,108,0.362,75.79,65.3,500,51.69,117.43,114.11,47.33,111.0,880.4,87.91,11050.04,3.01,5.99
2013-09-02,6733.61,6787.22,6665.3,6718.79,0,3649.96,9412.72,4392.7,18.87,4.74,33.54,7.7695,-0.0087,-1049.49,1713.93,805,1193,57,0.675,76.24,63.71,500,51.39,118.13,113.17,52.02,110.82,901.19,87.65,11344.51,3.0,5.99
2013-09-03,6737.73,6906.39,6695.96,6863.84,0,4340.99,9646.87,4493.34,14.47,-4.4,-23.34,7.7624,-0.0071,-1323.06,-4783.62,139,1893,126,0.073,74.54,65.54,500,51.39,118.13,113.17,52.02,110.82,928.8,87.13,11273.96,3.03,5.99
2013-09-04,6852.12,7004.27,6814.75,6966.27,0,1665.91,9747.9,4556.0,19.67,5.2,35.98,7.7325,-0.0299,-3120.05,-1730.77,331,1751,52,0.189,74.67,66.65,500,51.39,118.13,113.17,52.02,110.82,934.08,87.08,10943.91,3.04,5.99
2013-09-05,6943.69,6985.92,6859.09,6901.06,0,2586.39,9618.19,4497.44,20.65,0.98,4.96,7.7315,-0.001,1917.58,529.11,1109,892,74,1.243,74.1,74.9,500,51.39,118.13,113.17,52.02,110.82,917.85,87.38,11243.25,3.02,5.99
2013-09-06,6900.37,6939.81,6886.63,6926.03,0,2118.19,9611.22,4507.94,17.27,-3.38,-16.37,7.716,-0.0155,558.79,517.87,587,1464,81,0.401,72.86,70.45,500,51.39,118.13,113.17,52.02,110.82,862.0,87.21,11199.47,3.03,5.99
2013-09-09,6928.74,7017.64,6907.65,6996.34,0,2146.08,9619.91,4530.57,17.58,0.32,1.84,7.712,-0.004,1026.81,421.21,600,1327,112,0.452,73.51,68.8,500,51.39,118.13,113.17,52.02,110.82,845.57,86.71,11300.8,3.02,5.99
2013-09-10,7002.31,7044.39,6901.91,6943.64,0,4346.02,9573.56,4506.33,16.18,-1.41,-8.01,7.7043,-0.0077,-2381.82,-482.93,918,1023,73,0.897,73.44,74.65,500,51.39,118.13,113.17,52.02,110.82,853.77,86.96,11394.7,3.02,5.99
2013-09-11,6965.72,7130.09,6907.85,7071.34,0,2051.65,9754.79,4567.29,16.19,0.01,0.07,7.7037,-0.0006,2613.15,3130.05,445,1633,110,0.273,73.23,70.47,500,51.39,118.13,113.17,52.02,110.82,847.85,86.38,11590.77,3.05,5.99
2013-09-12,7047.71,7104.79,6967.54,7024.44,0,2133.34,9648.1,4525.55,17.27,1.09,6.71,7.7055,0.0018,-1254.03,-2628.88,1209,726,89,1.665,72.63,70.46,500,51.39,118.13,113.17,52.02,110.82,809.68,86.55,11831.08,3.06,5.99
2013-09-13,7024.24,7085.23,6910.27,6970.8,0,4075.11,9543.98,4495.87,16.88,-0.39,-2.27,7.7019,-0.0036,307.38,3035.22,1225,869,39,1.41,73.98,60.57,500,51.39,118.13,113.17,52.02,110.82,862.51,86.82,11798.03,3.05,5.99
2013-09-16,6971.06,7112.99,6906.6,7047.82,0,2288.75,9666.33,4542.35,14.48,-2.4,-14.24,7.7032,0.0014,-1502.12,-333.91,534,1462,40,0.365,75.53,78.0,500,51.39,118.13,113.17,52.02,110.82,824.53,87.03,11964.36,2.98,5.99
2013-09-17,7029.0,7089.67,7019.35,7079.95,0,2548.77,9698.17,4579.89,17.45,2.97,20.51,7.7183,0.0151,16.9,-5053.23,886,1174,114,0.755,75.21,68.21,500,51.39,118.13,113.17,52.02,110.82,819.86,86.89,11763.48,2.97,5.99
2013-09-18,7092.68,7116.06,6990.55,7013.67,0,1616.26,9648.14,4562.59,16.68,-0.76,-4.38,7.6952,-0.0231,-2732.89,-2279.57,1270,679,67,1.87,75.36,63.57,500,51.39,118.13,113.17,52.02,110.82,835.5,87.25,12233.25,2.97,5.99
2013-09-19,7036.51,7100.33,6861.94,6924.75,0,2020.62,9564.76,4504.78,22.21,5.52,33.12,7.6896,-0.0056,-2199.67,968.21,1391,531,39,2.62,74.17,65.52,500,51.39,118.13,113.17,52.02,110.82,849.34,86.96,12610.93,3.0,5.99
2013-09-20,6920.8,7016.69,6875.41,6970.97,0,2887.24,9679.07,4559.54,18.0,-4.21,-18.95,7.7129,0.0233,-728.99,3323.63,366,1565,86,0.234,74.26,69.21,500,51.39,118.13,113.17,52.02,110.82,839.38,87.49,12899.26,3.0,5.99
2013-09-23,6967.66,7076.68,6920.83,7029.43,0,4005.71,9767.51,4599.61,19.1,1.1,6.1,7.7402,0.0273,8515.01,-2335.24,650,1368,52,0.475,77.52,77.78,500,51.39,118.13,113.17,52.02,110.82,843.63,87.16,12956.9,3.01,5.99
2013-09-24,7044.91,7074.67,6950.96,6980.45,0,3958.0,9684.99,4565.28,16.39,-2.71,-14.19,7.7429,0.0027,2609.28,-2409.3,703,1202,31,0.585,77.49,73.13,500,51.39,118.13,113.17,52.02,110.82,846.73,88.04,12922.45,2.96,5.99
2013-09-25,6970.27,6991.89,6967.87,6989.48,0,3704.86,9723.35,4563.03,16.2,-0.19,-1.17,7.7481,0.0052,4679.02,-853.62,617,1374,65,0.449,77.96,84.24,500,51.39,118.13,113.17,52.02,110.82,846.03,88.56,12930.46,2.92,5.99
2013-09-26,7005.71,7048.28,7001.79,7044.34,0,1703.22,9844.22,4600.72,17.73,1.54,9.48,7.756,0.008,-1075.14,298.36,445,1623,116,0.274,75.64,67.6,500,51.39,118.13,113.17,52.02,110.82,872.31,88.24,12908.27,2.86,5.99
2013-09-27,7038.19,7069.9,6976.06,7007.64,0,4495.63,9901.01,4594.12,19.71,1.98,11.15,7.7557,-0.0003,-872.8,-1550.22,544,1386,106,0.392,76.26,65.03,500,51.39,118.13,113.17,52.02,110.82,860.92,88.67,13001.35,2.89,5.99
2013-09-30,6992.18,7029.55,6972.92,7010.25,0,3857.66,9889.71,4579.29,17.96,-1.75,-8.9,7.7663,0.0106,8775.9,2175.37,696,1374,109,0.507,77.57,69.17,500,51.39,118.13,113.17,52.02,110.82,868.89,88.82,12897.55,2.95,5.99
2013-10-01,7023.6,7105.19,6949.42,7030.94,0,5593.69,9894.16,4577.34,16.86,-1.1,-6.13,7.7927,0.0264,3452.54,222.33,908,1006,47,0.903,78.08,68.3,500,50.96,118.42,117.24,51.77,111.26,877.05,88.79,12973.66,2.98,3.73
2013-10-02,7043.43,7096.31,6996.42,7049.26,0,4889.8,9925.99,4600.96,17.34,0.48,2.86,7.7801,-0.0126,-58.52,4073.03,1036,883,61,1.173,78.09,73.2,500,50.96,118.42,117.24,51.77,111.26,851.58,88.21,12812.1,2.92,3.73
2013-10-03,7036.84,7080.97,6975.89,7019.91,0,2595.73,9827.47,4559.99,19.55,2.21,12.75,7.7828,0.0027,-1268.18,451.62,953,969,48,0.983,77.37,68.13,500,50.96,118.42,117.24,51.77,111.26,854.12,88.51,13066.75,2.89,3.73
2013-10-04,7028.88,7107.01,6883.46,6960.84,0,2404.5,9757.02,4526.47,20.28,0.73,3.75,7.7948,0.0121,-3110.36,-1668.61,881,1027,41,0.858,76.7,76.91,500,50.96,118.42,117.24,51.77,111.26,871.37,88.7,13270.19,2.92,3.73
2013-10-07,6971.19,7085.29,6930.05,7043.73,0,2390.21,9843.89,4583.77,14.06,-6.22,-30.65,7.7969,0.002,3260.88,-157.54,430,1524,103,0.282,76.37,69.61,500,50.96,118.42,117.24,51.77,111.26,873.69,89.35,13131.72,2.92,3.73
2013-10-08,7049.74,7060.61,6951.47,6962.2,0,2249.46,9745.75,4524.3,16.7,2.63,18.73,7.7981,0.0013,268.35,1612.77,1369,535,20,2.559,77.79,70.38,500,50.96,118.42,117.24,51.77,111.26,847.3,89.09,13153.34,2.91,3.73
2013-10-09,6979.11,7028.54,6903.42,6952.66,0,12538.95,9783.76,4538.38,18.87,2.17,12.98,7.8077,0.0096,-133.16,-211.29,632,1391,20,0.454,76.79,75.26,500,50.96,118.42,117.24,51.77,111.26,824.53,88.95,13062.52,2.87,3.73
2013-10-10,6939.33,7119.91,6893.89,7073.59,0,2447.64,9953.97,4601.38,17.76,-1.11,-5.88,7.7944,-0.0134,4533.0,1979.12,549,1460,91,0.376,76.18,70.33,500,50.96,118.42,117.24,51.77,111.26,849.67,89.16,12901.82,2.84,3.73
2013-10-11,7066.88,7097.16,7009.57,7039.74,0,2666.07,9948.99,4603.42,16.55,-1.2,-6.78,7.7843,-0.0101,-3210.39,636.41,1102,955,62,1.154,76.23,58.64,500,50.96,118.42,117.24,51.77,111.26,858.36,88.75,13049.22,2.87,3.73
2013-10-14,7037.99,7095.29,6934.53,6991.44,0,2014.07,9827.98,4565.61,22.0,5.45,32.9,7.7716,-0.0127,-9267.34,1.33,1156,923,62,1.252,75.49,72.68,500,50.96,118.42,117.24,51.77,111.26,875.37,88.39,12901.31,2.88,3.73
2013-10-15,6975.65,7074.23,6929.53,7027.77,0,3901.67,9914.79,4606.6,16.71,-5.29,-24.06,7.7587,-0.0129,1387.01,1204.23,717,1308,52,0.548,75.3,69.83,500,50.96,118.42,117.24,51.77,111.26,876.79,88.15,12840.17,2.88,3.73
2013-10-16,7010.1,7050.61,6995.67,7036.13,0,10021.47,9937.64,4607.52,15.23,-1.48,-8.84,7.7708,0.0121,1696.0,93.32,667,1296,22,0.515,74.93,66.21,500,50.96,118.42,117.24,51.77,111.26,888.63,88.02,12872.92,2.94,3.73
2013-10-17,7035.58,7083.13,6870.66,6917.42,0,3988.14,9860.37,4566.06,21.54,6.31,41.46,7.7636,-0.0072,5200.73,-1375.52,1142,851,128,1.342,76.0,74.09,500,50.96,118.42,117.24,51.77,111.26,866.49,87.89,13185.65,2.96,3.73
2013-10-18,6936.6,6947.75,6812.63,6823.6,0,5692.26,9723.02,4476.13,14.16,-7.38,-34.27,7.7535,-0.0101,-1822.51,-3953.74,1195,754,105,1.585,76.22,69.81,500,50.96,118.42,117.24,51.77,111.26,869.86,87.94,13121.51,2.97,3.73
2013-10-21,6836.87,6918.24,6755.08,6836.45,0,3333.79,9752.37,4492.35,16.49,2.33,16.47,7.7728,0.0194,1027.95,-991.13,613,1478,22,0.415,76.64,69.78,500,50.96,118.42,117.24,51.77,111.26,866.29,88.24,13404.81,2.97,3.73
2013-10-22,6834.57,6863.71,6749.6,6778.5,0,1620.47,9682.03,4462.52,18.46,1.97,11.95,7.7631,-0.0097,775.75,-264.84,1030,1034,56,0.996,77.21,61.43,500,50.96,118.42,117.24,51.77,111.26,861.22,88.45,13318.94,2.91,3.73
2013-10-23,6772.98,6813.73,6738.67,6779.39,0,4369.82,9701.78,4459.33,19.86,1.4,7.57,7.7488,-0.0143,-3916.07,-696.32,592,1460,61,0.405,78.86,75.31,500,50.96,118.42,117.24,51.77,111.26,877.07,88.5,13813.41,2.96,3.73
2013-10-24,6776.75,6867.24,6720.4,6810.6,0,3173.53,9789.18,4463.99,17.44,-2.42,-12.19,7.738,-0.0109,3445.6,-2377.89,517,1527,21,0.339,79.07,73.29,500,50.96,118.42,117.24,51.77,111.26,875.13,87.94,13855.22,2.96,3.73
2013-10-25,6797.71,6891.85,6778.02,6871.94,0,3890.87,9889.37,4543.54,16.33,-1.11,-6.37,7.7352,-0.0027,637.65,-67.03,544,1390,32,0.391,79.06,63.84,500,50.96,118.42,117.24,51.77,111.26,893.65,88.42,13915.41,2.98,3.73
2013-10-28,6865.51,6908.01,6824.46,6866.95,0,4033.11,9868.34,4536.62,21.6,5.27,32.26,7.7456,0.0104,390.86,-330.55,1133,826,23,1.372,79.47,70.24,500,50.96,118.42,117.24,51.77,111.26,859.75,88.68,13898.68,3.0,3.73
2013-10-29,6856.56,6862.24,6823.92,6829.57,0,3472.19,9853.98,4496.43,20.46,-1.14,-5.26,7.7376,-0.008,-11057.6,-638.12,880,1068,45,0.824,78.83,71.73,500,50.96,118.42,117.24,51.77,111.26,842.8,88.93,13706.76,3.03,3.73
2013-10-30,6839.56,6866.31,6658.32,6684.46,0,4212.26,9639.38,4414.58,22.75,2.29,11.19,7.7278,-0.0098,5455.31,2809.73,1274,815,101,1.563,80.8,81.12,500,50.96,118.42,117.24,51.77,111.26,844.71,89.2,13848.43,3.09,3.73
2013-10-31,6681.19,6720.82,6651.91,6691.5,0,2860.36,9608.1,4409.26,14.35,-8.4,-36.92,7.7201,-0.0077,7505.03,-404.99,730,1290,31,0.566,83.01,75.31,500,50.96,118.42,117.24,51.77,111.26,840.73,89.25,14090.35,3.1,3.73
2013-11-01,6697.92,6783.99,6637.22,6723.06,0,4452.6,9595.39,4408.48,13.77,-0.59,-4.08,7.7093,-0.0108,4540.08,-582.23,946,1092,52,0.866,81.83,74.86,500,50.0,118.83,112.45,52.9,111.12,823.83,89.32,14126.43,3.14,3.73
2013-11-04,6735.84,6769.29,6725.96,6759.38,0,3753.72,9593.83,4412.87,19.82,6.05,43.98,7.7122,0.0029,529.0,1748.52,803,1242,63,0.647,81.41,76.77,500,50.0,118.83,112.45,52.9,111.12,792.77,89.22,14390.4,3.1,3.73
2013-11-05,6766.18,6859.31,6738.41,6831.28,0,6173.66,9698.92,4484.26,13.28,-6.54,-32.98,7.7136,0.0013,2644.14,-862.44,721,1363,23,0.529,81.43,76.43,500,50.0,118.83,112.45,52.9,111.12,826.33,89.15,14328.49,3.12,3.73
2013-11-06,6819.84,6868.11,6758.62,6806.79,0,1808.51,9661.12,4493.42,18.15,4.87,36.65,7.7214,0.0078,224.08,-1314.28,890,1049,86,0.848,82.36,76.08,500,50.0,118.83,112.45,52.9,111.12,864.82,88.86,14474.81,3.14,3.73
2013-11-07,6784.55,6890.25,6713.68,6819.02,0,2827.63,9703.24,4507.57,17.02,-1.13,-6.21,7.7344,0.013,424.02,-211.42,807,1283,120,0.629,82.86,74.0,500,50.0,118.83,112.45,52.9,111.12,876.14,88.56,14723.39,3.21,3.73
2013-11-08,6798.61,6815.66,6749.6,6766.56,0,3524.96,9591.8,4472.06,18.15,1.12,6.6,7.7232,-0.0112,-1519.36,-1839.25,881,1181,104,0.746,82.62,73.47,500,50.0,118.83,112.45,52.9,111.12,879.98,88.78,14639.25,3.22,3.73
2013-11-11,6774.07,6826.66,6715.6,6768.15,0,1253.93,9556.78,4491.69,18.31,0.16,0.9,7.7173,-0.0059,9597.17,1559.87,988,948,107,1.042,85.96,82.85,500,50.0,118.83,112.45,52.9,111.12,893.88,89.25,14663.56,3.2,3.73
2013-11-12,6756.08,6780.5,6659.83,6683.99,0,2624.16,9395.05,4447.29,20.39,2.08,11.34,7.7198,0.0025,2860.55,960.52,1056,944,110,1.119,84.54,75.79,500,50.0,118.83,112.45,52.9,111.12,875.51,88.82,14946.61,3.27,3.73
2013-11-13,6681.15,6742.42,6662.74,6723.89,0,3971.24,9456.63,4484.11,18.88,-1.51,-7.4,7.7398,0.02,-1194.02,728.61,788,1177,41,0.669,84.34,82.39,500,50.0,118.83,112.45,52.9,111.12,815.25,88.33,15210.06,3.33,3.73
2013-11-14,6733.9,6803.31,6710.56,6779.81,0,2538.82,9582.89,4533.12,13.03,-5.85,-30.97,7.7191,-0.0207,48.55,-547.67,703,1232,70,0.571,82.77,75.45,500,50.0,118.83,112.45,52.9,111.12,809.7,88.56,15078.48,3.37,3.73
2013-11-15,6782.47,6806.12,6699.56,6722.99,0,2280.26,9551.57,4526.04,16.65,3.62,27.78,7.7198,0.0007,3871.59,-2354.12,1000,1017,103,0.983,83.74,75.69,500,50.0,118.83,112.45,52.9,111.12,779.21,88.72,15219.78,3.35,3.73
2013-11-18,6704.95,6761.07,6614.03,6669.85,0,2976.16,9440.78,4460.04,21.12,4.47,26.86,7.7033,-0.0165,1518.83,2388.44,1195,738,62,1.619,84.09,74.84,500,50.0,118.83,112.45,52.9,111.12,771.56,89.53,15082.36,3.38,3.73
2013-11-19,6661.81,6772.11,6619.53,6729.4,0,2344.87,9528.85,4496.2,16.88,-4.25,-20.1,7.7133,0.01,201.43,-2672.95,688,1213,72,0.567,85.45,87.53,500,50.0,118.83,112.45,52.9,111.12,760.44,89.69,15307.98,3.29,3.73
2013-11-20,6707.94,6863.81,6667.64,6822.82,0,3024.24,9635.47,4521.08,16.52,-0.36,-2.13,7.7202,0.0069,-2135.28,-636.87,995,1102,67,0.903,83.95,80.05,500,50.0,118.83,112.45,52.9,111.12,768.27,89.45,14987.99,3.24,3.73
2013-11-21,6800.92,6858.97,6722.94,6780.82,0,4412.72,9570.16,4515.15,20.06,3.54,21.44,7.7227,0.0025,-2280.79,-318.87,1157,873,93,1.325,83.59,76.12,500,50.0,118.83,112.45,52.9,111.12,765.07,89.05,14918.96,3.28,3.73
2013-11-22,6798.01,6871.23,6682.74,6755.5,0,3460.56,9550.55,4503.72,19.35,-0.71,-3.56,7.7176,-0.0052,1276.43,-967.75,1030,1022,102,1.008,82.69,78.67,500,50.0,118.83,112.45,52.9,111.12,799.59,89.24,14661.06,3.27,3.73
2013-11-25,6786.15,6821.9,6735.02,6770.69,0,2337.42,9685.56,4549.9,15.43,-3.91,-20.22,7.7111,-0.0064,3975.74,1886.18,506,1526,98,0.332,82.25,72.19,500,50.0,118.83,112.45,52.9,111.12,777.17,89.75,14653.9,3.27,3.73
2013-11-26,6802.68,6856.64,6699.28,6752.85,0,2400.16,9734.16,4576.49,17.95,2.52,16.31,7.7133,0.0022,-828.35,1808.3,714,1196,43,0.597,81.46,80.39,500,50.0,118.83,112.45,52.9,111.12,769.28,89.74,14628.85,3.24,3.73
2013-11-27,6743.71,6804.69,6671.7,6732.59,0,4642.13,9745.11,4589.4,21.21,3.26,18.15,7.7256,0.0122,1856.73,-1220.71,984,953,53,1.033,81.48,75.67,500,50.0,118.83,112.45,52.9,111.12,754.79,89.19,14347.02,3.25,3.73
2013-11-28,6720.93,6801.28,6671.51,6751.64,0,1472.31,9824.62,4628.51,18.42,-2.79,-13.16,7.7099,-0.0156,4502.99,333.16,556,1521,69,0.366,79.5,77.71,500,50.0,118.83,112.45,52.9,111.12,761.39,88.93,14235.67,3.26,3.73
2013-11-29,6739.59,6830.93,6700.79,6791.83,0,2081.06,9817.3,4646.71,18.13,-0.29,-1.57,7.7249,0.015,794.69,-963.28,837,1218,58,0.687,81.13,71.13,500,50.0,118.83,112.45,52.9,111.12,753.51,88.59,14365.36,3.25,3.73
2013-12-02,6814.81,6860.33,6763.66,6809.13,0,1498.82,9871.19,4649.74,18.11,-0.02,-0.1,7.7309,0.006,-906.81,1253.18,757,1239,81,0.611,80.92,70.37,500,50.22,118.73,120.48,52.22,111.3,763.75,88.58,14150.86,3.23,3.73
2013-12-03,6799.39,6916.25,6759.46,6875.86,0,3163.95,9954.93,4688.16,14.13,-3.98,-21.97,7.7343,0.0034,-1092.49,601.25,539,1548,97,0.348,81.44,71.01,500,50.22,118.73,120.48,52.22,111.3,767.99,88.71,13994.1,3.25,3.73
2013-12-04,6855.6,6947.78,6803.83,6895.71,0,4399.98,9960.29,4725.13,16.97,2.84,20.1,7.719,-0.0153,-2456.02,1218.46,824,1121,121,0.735,82.22,76.04,500,50.22,118.73,120.48,52.22,111.3,751.72,89.0,13771.17,3.28,3.73
2013-12-05,6881.4,6931.51,6745.24,6794.71,0,2238.9,9817.45,4658.65,19.44,2.47,14.53,7.7243,0.0053,-302.29,-1447.05,1311,701,92,1.87,81.76,81.24,500,50.22,118.73,120.48,52.22,111.3,774.13,89.03,13887.3,3.25,3.73
2013-12-06,6800.45,6841.72,6726.62,6767.69,0,2428.1,9814.17,4655.47,17.5,-1.94,-9.99,7.7261,0.0018,1477.7,2234.31,946,994,112,0.952,80.96,70.58,500,50.22,118.73,120.48,52.22,111.3,770.57,88.63,14041.94,3.26,3.73
2013-12-09,6771.85,6823.16,6730.62,6781.87,0,3053.53,9829.86,4666.69,17.59,0.1,0.55,7.7289,0.0028,1351.81,366.91,796,1247,57,0.638,79.26,68.55,500,50.22,118.73,120.48,52.22,111.3,789.5,89.06,14049.1,3.22,3.73
2013-12-10,6771.79,6912.78,6715.86,6856.15,0,1104.29,9915.45,4691.52,12.91,-4.68,-26.6,7.7559,0.027,7011.17,2073.5,667,1432,92,0.466,79.79,70.41,500,50.22,118.73,120.48,52.22,111.3,828.85,88.78,14348.47,3.24,3.73
2013-12-11,6860.55,6952.53,6817.27,6908.95,0,4060.04,10003.72,4715.15,17.86,4.94,38.26,7.7587,0.0029,-5045.35,1690.98,541,1359,64,0.398,80.71,70.2,500,50.22,118.73,120.48,52.22,111.3,855.19,89.2,14783.12,3.17,3.73
2013-12-12,6878.68,7030.36,6857.08,7008.35,0,1957.01,10225.42,4803.84,18.33,0.47,2.66,7.7612,0.0025,-4052.49,440.82,469,1515,34,0.31,80.82,68.34,500,50.22,118.73,120.48,52.22,111.3,848.04,89.11,14847.23,3.17,3.73
2013-12-13,7012.37,7024.86,6988.19,7000.66,0,1366.86,10212.7,4792.94,22.84,4.51,24.62,7.7782,0.017,1246.66,-2139.84,785,1214,117,0.647,80.17,74.68,500,50.22,118.73,120.48,52.22,111.3,808.2,89.09,14549.9,3.18,3.73
2013-12-16,7012.46,7071.89,6955.13,7014.54,0,1890.94,10254.04,4796.19,15.41,-7.43,-32.55,7.7808,0.0026,-4200.02,685.64,656,1264,110,0.519,80.97,71.46,500,50.22,118.73,120.48,52.22,111.3,802.83,89.16,14797.93,3.18,3.73
2013-12-17,7019.89,7145.46,6974.68,7099.74,0,2338.29,10362.07,4855.87,17.94,2.53,16.43,7.7943,0.0136,-1033.88,-452.77,532,1493,62,0.356,80.17,71.78,500,50.22,118.73,120.48,52.22,111.3,807.32,88.94,14970.98,3.16,3.73
2013-12-18,7103.94,7130.92,7076.01,7102.98,0,2142.13,10409.61,4870.42,17.51,-0.43,-2.38,7.8003,0.0059,-1156.47,3732.29,765,1311,129,0.584,77.78,66.87,500,50.22,118.73,120.48,52.22,111.3,784.81,89.34,15020.66,3.17,3.73
2013-12-19,7102.59,7150.64,7049.8,7097.83,0,5936.24,10397.02,4874.78,17.3,-0.22,-1.25,7.7993,-0.001,130.97,-2165.61,790,1116,35,0.708,79.44,70.46,500,50.22,118.73,120.48,52.22,111.3,798.88,89.81,15347.64,3.2,3.73
2013-12-20,7125.97,7176.06,7020.97,7070.67,0,1561.93,10407.79,4864.45,20.66,3.36,19.46,7.8108,0.0116,-2590.11,-1572.83,793,1288,20,0.616,80.62,65.04,500,50.22,118.73,120.48,52.22,111.3,811.35,89.86,15535.33,3.19,3.73
2013-12-23,7060.59,7160.75,6997.22,7097.04,0,2839.42,10469.64,4848.93,16.71,-3.95,-19.1,7.8097,-0.0011,-1232.99,1490.2,690,1221,45,0.565,80.78,80.82,500,50.22,118.73,120.48,52.22,111.3,846.41,90.06,15283.17,3.22,3.73
2013-12-24,7077.34,7229.21,7039.59,7190.85,0,3685.64,10612.77,4926.02,19.68,2.96,17.72,7.8142,0.0045,-2705.53,2982.26,324,1767,99,0.183,81.55,71.94,500,50.22,118.73,120.48,52.22,111.3,849.3,89.73,15550.06,3.25,3.73
2013-12-25,7198.69,7238.05,7136.86,7176.1,0,2286.94,10605.43,4893.3,24.26,4.59,23.31,7.8178,0.0036,-250.21,-695.22,975,1119,64,0.871,80.94,71.21,500,50.22,118.73,120.48,52.22,111.3,836.35,89.91,15390.3,3.25,3.73
2013-12-26,7170.68,7180.63,7170.01,7179.97,0,4311.44,10596.78,4904.13,19.94,-4.32,-17.8,7.8111,-0.0067,590.18,-4794.05,769,1150,76,0.669,82.45,77.23,500,50.22,118.73,120.48,52.22,111.3,791.83,90.23,15354.94,3.21,3.73
2013-12-27,7176.83,7198.54,7163.8,7185.5,0,2899.92,10497.58,4878.7,20.26,0.31,1.57,7.8134,0.0023,690.47,1852.12,880,1020,90,0.863,81.9,74.94,500,50.22,118.73,120.48,52.22,111.3,764.33,89.91,15342.71,3.2,3.73
2013-12-30,7172.61,7284.53,7088.49,7200.09,0,3885.6,10495.65,4872.29,17.93,-2.33,-11.5,7.8195,0.0061,1258.2,2254.14,873,1200,36,0.728,82.48,82.68,500,50.22,118.73,120.48,52.22,111.3,763.19,90.51,15410.08,3.24,3.73
2013-12-31,7199.0,7238.65,7087.13,7126.37,0,1573.36,10335.01,4838.86,21.82,3.89,21.69,7.8092,-0.0103,-1773.69,-2038.24,1184,818,73,1.447,84.53,76.34,500,50.22,118.73,120.48,52.22,111.3,808.45,89.53,15286.1,3.21,3.73
2014-01-01,7127.48,7199.41,7065.42,7137.27,0,1898.1,10364.14,4845.0,19.83,-1.99,-9.1,7.7876,-0.0216,-1901.23,3154.11,833,1161,33,0.717,87.21,77.1,500,52.1,119.0,121.96,54.57,111.88,835.34,89.57,15434.09,3.17,2.81
2014-01-02,7134.68,7282.18,7079.87,7226.66,0,1640.86,10508.47,4884.16,14.17,-5.66,-28.56,7.7962,0.0086,-1680.17,2791.2,726,1345,57,0.54,87.07,77.97,500,52.1,119.0,121.96,54.57,111.88,855.25,89.64,15573.6,3.18,2.81
2014-01-03,7207.54,7315.22,7193.7,7301.19,0,3582.58,10618.55,4933.56,14.21,0.04,0.31,7.7887,-0.0075,5402.11,-1496.85,454,1509,92,0.301,85.83,78.89,500,52.1,119.0,121.96,54.57,111.88,840.83,89.29,15561.97,3.23,2.81
2014-01-06,7290.04,7328.37,7181.16,7219.11,0,2461.41,10537.52,4891.18,21.85,7.63,53.72,7.7973,0.0086,-2440.98,1250.43,1047,865,89,1.21,86.12,78.1,500,52.1,119.0,121.96,54.57,111.88,815.64,88.71,15536.9,3.24,2.81
2014-01-07,7232.44,7379.06,7169.88,7315.78,0,2862.86,10664.5,4960.06,17.58,-4.26,-19.52,7.8036,0.0063,-383.38,-1267.05,474,1493,115,0.317,85.46,78.01,500,52.1,119.0,121.96,54.57,111.88,808.39,88.85,15276.2,3.2,2.81
2014-01-08,7316.96,7397.98,7214.61,7295.39,0,2764.25,10644.8,4952.41,16.61,-0.97,-5.51,7.8018,-0.0018,-1034.71,739.65,1189,794,77,1.497,86.92,83.25,500,52.1,119.0,121.96,54.57,111.88,780.52,88.9,15067.7,3.24,2.81
2014-01-09,7287.78,7521.25,7225.78,7457.8,0,2089.7,10852.41,5059.29,16.48,-0.13,-0.8,7.8089,0.0071,-1580.5,633.89,194,1722,113,0.113,86.77,87.78,500,52.1,119.0,121.96,54.57,111.88,781.28,88.83,15035.01,3.19,2.81
2014-01-10,7441.61,7545.89,7397.7,7501.63,0,4219.34,10910.7,5078.67,19.23,2.75,16.68,7.813,0.0041,233.47,1236.67,814,1175,47,0.693,86.12,75.87,500,52.1,119.0,121.96,54.57,111.88,792.66,88.05,15063.22,3.22,2.81
2014-01-13,7518.89,7588.16,7423.01,7492.03,0,1642.65,11006.78,5103.1,19.31,0.08,0.42,7.8042,-0.0087,3110.5,1498.47,661,1241,93,0.533,86.64,75.97,500,52.1,119.0,121.96,54.57,111.88,794.21,88.1,15104.13,3.18,2.81
2014-01-14,7482.98,7595.8,7429.07,7541.47,0,3042.89,11155.14,5115.78,17.15,-2.16,-11.21,7.7781,-0.0262,1284.1,12.19,482,1457,26,0.331,85.45,78.27,500,52.1,119.0,121.96,54.57,111.88,807.84,88.33,15237.5,3.16,2.81
2014-01-15,7531.16,7578.31,7457.11,7504.09,0,3126.49,11054.34,5089.23,14.77,-2.37,-13.84,7.7934,0.0153,4324.03,-752.5,783,1228,84,0.638,86.18,74.46,500,52.1,119.0,121.96,54.57,111.88,822.54,88.39,15233.94,3.14,2.81
2014-01-16,7505.77,7557.39,7431.79,7483.25,0,1841.28,11097.47,5106.37,18.27,3.49,23.65,7.8063,0.0129,-787.02,-1247.71,838,1131,58,0.741,86.27,81.02,500,52.1,119.0,121.96,54.57,111.88,819.73,88.38,15058.36,3.13,2.81
2014-01-17,7476.19,7516.47,7444.84,7485.08,0,3375.75,11109.01,5139.97,12.63,-5.64,-30.85,7.7897,-0.0166,2146.85,-589.43,1096,965,37,1.136,86.63,73.79,500,52.1,119.0,121.96,54.57,111.88,830.08,88.15,15264.91,3.08,2.81
2014-01-20,7479.77,7539.41,7402.37,7461.87,0,3613.0,11093.85,5125.38,14.05,1.42,11.24,7.7996,0.0099,1142.12,98.73,774,1131,39,0.684,84.16,79.58,500,52.1,119.0,121.96,54.57,111.88,831.53,88.15,15639.32,3.05,2.81
2014-01-21,7476.37,7556.57,7303.83,7383.02,0,3222.31,11000.73,5051.69,17.39,3.34,23.78,7.8167,0.017,2821.86,2753.12,1268,650,100,1.951,80.76,75.65,500,52.1,119.0,121.96,54.57,111.88,850.35,88.05,15677.09,3.07,2.81
2014-01-22,7383.27,7485.63,7303.58,7405.7,0,1908.17,10998.98,5024.26,20.48,3.09,17.78,7.8233,0.0066,2244.69,-1888.98,660,1353,99,0.488,81.53,76.06,500,52.1,119.0,121.96,54.57,111.88,875.18,87.89,15393.71,3.1,2.81
2014-01-23,7411.72,7463.59,7386.16,7437.94,0,2022.08,11027.36,5028.01,18.84,-1.65,-8.03,7.8124,-0.0109,-3884.19,385.33,886,1211,93,0.732,83.9,74.22,500,52.1,119.0,121.96,54.57,111.88,919.61,87.67,15529.45,3.08,2.81
2014-01-24,7396.93,7429.76,7375.54,7408.33,0,1184.84,11013.41,5015.6,20.08,1.24,6.61,7.8218,0.0094,240.04,-779.77,598,1473,24,0.406,82.76,76.3,500,52.1,119.0,121.96,54.57,111.88,909.34,87.58,14970.03,3.1,2.81
2014-01-27,7423.96,7502.93,7369.22,7448.01,0,5500.5,10989.73,5036.36,15.88,-4.2,-20.94,7.8145,-0.0073,-1162.35,-4489.58,1004,931,69,1.078,83.68,72.54,500,52.1,119.0,121.96,54.57,111.88,917.33,87.45,14782.43,3.08,2.81
2014-01-28,7475.23,7517.63,7365.42,7407.44,0,2808.23,10913.24,5005.94,19.46,3.58,22.55,7.8038,-0.0108,-5477.71,-661.52,754,1318,122,0.572,84.01,72.9,500,52.1,119.0,121.96,54.57,111.88,921.75,87.52,14748.39,3.06,2.81
2014-01-29,7435.12,7496.72,7414.3,7475.79,0,4874.55,10975.34,5029.83,15.99,-3.46,-17.8,7.8323,0.0285,-2153.66,2464.72,675,1296,56,0.521,82.52,72.37,500,52.1,119.0,121.96,54.57,111.88,929.87,87.02,14532.69,3.05,2.81
2014-01-30,7489.72,7533.66,7442.64,7486.56,0,3092.66,10931.87,5029.06,19.99,3.99,24.96,7.8253,-0.007,1055.96,-985.7,839,1115,64,0.752,83.08,67.88,500,52.1,119.0,121.96,54.57,111.88,932.27,87.35,14546.5,3.06,2.81
2014-01-31,7487.99,7513.87,7447.02,7472.85,0,1492.77,10944.25,5035.33,19.08,-0.91,-4.55,7.8135,-0.0117,8974.39,-4557.18,834,1120,57,0.745,81.74,71.17,500,52.1,119.0,121.96,54.57,111.88,965.48,87.71,14570.69,3.04,2.81
2014-02-03,7498.08,7540.87,7455.03,7497.82,0,2792.0,10912.41,5035.19,23.75,4.67,24.48,7.8224,0.0089,-896.01,-3305.28,706,1350,119,0.523,82.46,75.37,500,50.51,119.02,113.02,55.85,112.02,921.17,88.03,14519.01,3.01,2.81
2014-02-04,7475.89,7531.08,7320.18,7374.62,0,2809.96,10785.08,4957.19,20.5,-3.25,-13.68,7.8112,-0.0112,7560.37,-1406.57,1247,797,53,1.565,82.04,78.59,500,50.51,119.02,113.02,55.85,112.02,890.66,87.97,14549.43,3.02,2.81
2014-02-05,7392.41,7505.36,7362.4,7475.02,0,3861.52,10943.0,5047.51,15.06,-5.43,-26.51,7.8318,0.0206,9554.49,-905.96,472,1603,30,0.294,80.56,74.22,500,50.51,119.02,113.02,55.85,112.02,884.23,88.13,14613.43,3.02,2.81
2014-02-06,7484.26,7506.94,7398.4,7420.89,0,5749.5,10827.25,4975.76,19.51,4.44,29.5,7.8273,-0.0045,11105.58,1999.86,787,1147,58,0.686,80.31,70.95,500,50.51,119.02,113.02,55.85,112.02,896.09,87.99,14767.62,3.07,2.81
2014-02-07,7433.34,7483.7,7388.2,7438.52,0,3476.26,10823.74,4985.69,18.26,-1.25,-6.39,7.8321,0.0048,-1838.12,-2612.39,881,1081,102,0.815,79.32,69.82,500,50.51,119.02,113.02,55.85,112.02,929.51,87.63,14667.5,3.06,2.81
2014-02-10,7452.02,7564.62,7411.81,7524.03,0,3941.01,10878.51,5030.5,16.09,-2.17,-11.91,7.8359,0.0038,37.85,120.32,582,1392,103,0.418,80.34,78.65,500,50.51,119.02,113.02,55.85,112.02,940.51,87.81,14543.28,3.07,2.81
2014-02-11,7518.13,7549.79,7393.18,7424.45,0,2272.73,10759.61,4970.73,16.38,0.3,1.84,7.8447,0.0088,1032.58,726.1,1152,915,94,1.259,82.22,77.28,500,50.51,119.02,113.02,55.85,112.02,975.03,87.74,14367.97,3.05,2.81
2014-02-12,7421.14,7488.7,7306.68,7373.81,0,6940.2,10744.89,4978.02,20.05,3.66,22.36,7.8525,0.0078,966.82,-364.52,774,1197,67,0.647,83.68,74.96,500,50.51,119.02,113.02,55.85,112.02,951.05,88.22,14549.17,2.96,2.81
2014-02-13,7416.38,7444.48,7393.28,7421.37,0,2410.24,10738.81,4973.15,17.54,-2.51,-12.53,7.8644,0.0119,-3032.64,284.72,974,1074,34,0.907,84.35,69.3,500,50.51,119.02,113.02,55.85,112.02,964.38,88.1,14509.07,2.97,2.81
2014-02-14,7412.47,7470.99,7355.42,7413.93,0,1464.87,10743.08,4982.52,21.33,3.79,21.64,7.878,0.0136,10584.04,-2246.63,797,1184,129,0.673,83.94,83.76,500,50.51,119.02,113.02,55.85,112.02,976.47,89.17,14385.01,2.97,2.81
2014-02-17,7412.6,7461.06,7392.83,7441.21,0,4468.56,10758.64,5017.76,18.42,-2.91,-13.67,7.8766,-0.0014,-1435.82,-2074.11,554,1461,109,0.379,82.28,78.74,500,50.51,119.02,113.02,55.85,112.02,1001.93,89.16,14410.12,2.92,2.81
2014-02-18,7441.86,7478.21,7381.07,7417.3,0,3183.2,10719.9,4971.24,13.58,-4.83,-26.25,7.9077,0.0311,499.62,1939.36,1112,977,82,1.138,80.65,76.67,500,50.51,119.02,113.02,55.85,112.02,948.77,89.14,14605.67,2.94,2.81
2014-02-19,7392.41,7513.23,7379.04,7499.67,0,5582.33,10811.3,5015.15,18.21,4.63,34.06,7.8998,-0.0079,1280.97,-2038.58,699,1325,86,0.528,79.92,76.02,500,50.51,119.02,113.02,55.85,112.02,927.24,89.44,14518.54,2.94,2.81
2014-02-20,7509.74,7592.36,7362.14,7444.03,0,2185.99,10781.34,4993.06,20.84,2.64,14.48,7.9041,0.0043,2103.02,300.33,604,1440,44,0.419,78.27,71.93,500,50.51,119.02,113.02,55.85,112.02,952.65,89.56,14773.68,2.97,2.81
2014-02-21,7444.98,7509.07,7343.19,7406.96,0,1728.11,10782.98,4978.24,18.08,-2.76,-13.26,7.9157,0.0116,-1913.27,-601.43,797,1273,49,0.626,78.45,78.62,500,50.51,119.02,113.02,55.85,112.02,929.54,89.03,14577.81,3.03,2.81
2014-02-24,7394.52,7478.9,7285.88,7369.98,0,1658.63,10693.98,4955.19,16.68,-1.4,-7.73,7.9282,0.0125,-58.5,-232.29,817,1167,110,0.7,79.09,74.0,500,50.51,119.02,113.02,55.85,112.02,886.69,89.55,14538.67,3.04,2.81
2014-02-25,7363.28,7618.48,7355.8,7610.75,0,1979.74,11129.67,5111.98,12.36,-4.33,-25.93,7.8935,-0.0347,-9181.03,-1062.54,202,1780,74,0.113,79.17,71.15,500,50.51,119.02,113.02,55.85,112.02,942.13,89.72,14461.42,2.98,2.81
2014-02-26,7611.35,7709.96,7327.77,7423.96,0,4239.8,10918.3,4997.47,18.88,6.52,52.79,7.8863,-0.0072,-3733.63,1450.21,1602,435,93,3.683,78.91,67.93,500,50.51,119.02,113.02,55.85,112.02,967.02,89.57,14500.01,2.93,2.81
2014-02-27,7407.99,7624.39,7357.04,7572.31,0,1971.36,11069.37,5067.19,19.89,1.01,5.34,7.8757,-0.0106,-3168.73,2245.74,441,1616,73,0.273,77.82,70.79,500,50.51,119.02,113.02,55.85,112.02,960.88,90.26,14748.62,2.9,2.81
2014-02-28,7582.41,7652.01,7517.42,7586.98,0,6588.02,11164.39,5082.34,17.18,-2.71,-13.61,7.8928,0.0171,2207.42,2133.99,640,1393,56,0.459,78.37,69.78,500,50.51,119.02,113.02,55.85,112.02,946.31,90.18,14658.38,2.91,2.81
2014-03-03,7592.18,7639.1,7492.81,7539.4,0,1212.02,11169.94,5069.53,14.92,-2.26,-13.18,7.9091,0.0163,2758.2,2043.46,806,1254,62,0.643,77.9,68.65,500,51.28,119.45,119.98,55.14,112.92,941.62,90.0,14671.08,2.87,2.81
2014-03-04,7540.15,7599.85,7516.23,7575.81,0,3416.86,11188.76,5087.99,16.49,1.57,10.53,7.9056,-0.0035,610.74,177.19,725,1260,108,0.575,77.9,77.46,500,51.28,119.45,119.98,55.14,112.92,888.55,89.35,14741.48,2.79,2.81
2014-03-05,7559.67,7638.42,7386.85,7464.61,0,2230.36,11016.8,4995.31,16.65,0.16,0.97,7.9045,-0.0012,322.19,-186.65,1312,673,37,1.949,75.96,67.62,500,51.28,119.45,119.98,55.14,112.92,874.16,89.54,14448.45,2.7,2.81
2014-03-06,7476.89,7543.04,7361.87,7427.59,0,6007.07,10978.5,4996.07,18.97,2.32,13.95,7.9187,0.0142,-642.89,-4921.49,937,1021,82,0.918,75.68,67.5,500,51.28,119.45,119.98,55.14,112.92,889.52,89.7,14532.98,2.73,2.81
2014-03-07,7463.8,7514.59,7327.49,7377.69,0,2291.39,10897.13,4963.31,17.42,-1.55,-8.19,7.9074,-0.0113,-6219.39,208.02,766,1165,109,0.658,74.69,73.4,500,51.28,119.45,119.98,55.14,112.92,885.27,89.46,14515.31,2.72,2.81
2014-03-10,7395.94,7444.03,7365.09,7413.1,0,1825.9,10908.13,4994.15,17.02,-0.39,-2.25,7.9204,0.013,753.08,2152.75,601,1472,25,0.408,74.65,72.89,500,51.28,119.45,119.98,55.14,112.92,907.52,88.76,14859.82,2.76,2.81
2014-03-11,7422.04,7523.91,7370.85,7472.37,0,3524.81,10974.55,5022.94,17.11,0.08,0.49,7.9048,-0.0156,2431.3,102.55,866,1226,50,0.706,75.5,70.35,500,51.28,119.45,119.98,55.14,112.92,963.8,88.55,15181.47,2.75,2.81
2014-03-12,7483.81,7545.2,7410.08,7471.36,0,1622.5,10926.99,5024.3,20.05,2.94,17.19,7.9017,-0.0031,1360.46,3505.5,1085,1009,51,1.075,75.12,59.3,500,51.28,119.45,119.98,55.14,112.92,987.69,89.07,15064.31,2.73,2.81
2014-03-13,7476.68,7617.98,7414.93,7555.58,0,1657.73,11061.79,5083.59,14.37,-5.68,-28.34,7.9043,0.0026,6331.91,3584.65,476,1436,63,0.331,75.52,67.49,500,51.28,119.45,119.98,55.14,112.92,988.66,89.52,15053.17,2.74,2.81
2014-03-14,7518.92,7672.5,7487.21,7640.28,0,2947.06,11204.51,5160.74,16.03,1.66,11.55,7.8924,-0.0119,-4055.85,3037.36,621,1307,68,0.475,76.1,68.48,500,51.28,119.45,119.98,55.14,112.92,959.56,89.69,14701.14,2.72,2.81
2014-03-17,7645.45,7657.31,7497.48,7509.13,0,4212.64,11040.56,5064.89,21.67,5.65,35.23,7.9049,0.0125,2698.06,2914.28,1115,885,22,1.26,75.75,64.72,500,51.28,119.45,119.98,55.14,112.92,952.92,89.49,14934.74,2.7,2.81
2014-03-18,7496.55,7530.85,7408.18,7442.24,0,3267.17,10868.91,5015.6,14.73,-6.94,-32.04,7.8938,-0.0111,-2240.56,3569.3,1215,804,96,1.511,76.77,66.9,500,51.28,119.45,119.98,55.14,112.92,901.93,89.85,14999.98,2.74,2.81
2014-03-19,7459.62,7553.47,7425.37,7518.95,0,5248.64,10889.77,5038.31,16.04,1.31,8.88,7.8826,-0.0112,2362.83,164.08,917,1052,23,0.872,78.34,77.53,500,51.28,119.45,119.98,55.14,112.92,889.43,89.57,14942.78,2.8,2.81
2014-03-20,7498.76,7522.05,7444.4,7467.59,0,4803.19,10739.35,5004.91,20.46,4.43,27.61,7.8747,-0.0079,2348.76,-2599.87,1071,1028,112,1.042,80.03,71.58,500,51.28,119.45,119.98,55.14,112.92,887.58,89.27,15156.87,2.83,2.81
2014-03-21,7445.11,7543.77,7402.97,7501.32,0,1869.2,10741.26,5009.73,17.37,-3.1,-15.13,7.887,0.0122,6672.63,1215.57,705,1291,33,0.546,82.3,76.01,500,51.28,119.45,119.98,55.14,112.92,858.07,89.57,15208.43,2.87,2.81
2014-03-24,7497.86,7542.52,7471.46,7516.05,0,2146.68,10785.87,5001.96,19.18,1.81,10.41,7.8819,-0.0051,-2704.64,1756.46,880,1191,77,0.739,81.8,75.54,500,51.28,119.45,119.98,55.14,112.92,848.16,89.83,15137.56,2.89,2.81
2014-03-25,7519.8,7636.38,7501.6,7617.93,0,2692.0,10906.21,5030.5,16.41,-2.76,-14.41,7.8645,-0.0173,3407.14,-394.94,290,1643,96,0.177,80.33,69.77,500,51.28,119.45,119.98,55.14,112.92,864.26,89.66,15018.44,2.92,2.81
2014-03-26,7576.17,7626.23,7515.79,7565.77,0,2214.07,10767.78,4996.42,18.46,2.05,12.48,7.8565,-0.0081,4437.51,3357.62,928,1121,123,0.828,78.72,71.31,500,51.28,119.45,119.98,55.14,112.92,866.48,89.36,14976.06,2.93,2.81
2014-03-27,7551.73,7607.77,7516.83,7572.77,0,2003.19,10785.9,4989.14,16.69,-1.77,-9.58,7.8669,0.0105,-6338.53,-2666.17,812,1272,53,0.638,77.34,71.29,500,51.28,119.45,119.98,55.14,112.92,886.99,88.99,15023.52,2.92,2.81
2014-03-28,7547.92,7560.02,7532.92,7545.01,0,3957.66,10769.6,4977.88,18.01,1.32,7.89,7.8836,0.0167,5159.22,1932.34,937,1028,26,0.911,77.04,66.62,500,51.28,119.45,119.98,55.14,112.92,913.21,89.06,15208.33,2.94,2.81
2014-03-31,7574.28,7623.4,7453.68,7502.33,0,3089.42,10676.02,4975.8,16.38,-1.63,-9.07,7.8661,-0.0175,16.25,1626.0,1211,884,75,1.37,77.03,65.73,500,51.28,119.45,119.98,55.14,112.92,925.37,88.82,15268.86,2.87,2.81
2014-04-01,7511.45,7689.61,7413.8,7590.92,0,3314.88,10766.89,5008.74,17.05,0.68,4.14,7.8549,-0.0112,633.68,1948.54,451,1633,75,0.276,77.95,75.23,500,51.54,119.52,118.03,53.46,113.62,961.19,88.71,15234.19,2.89,6.17
2014-04-02,7600.0,7611.46,7465.43,7476.7,0,2319.78,10698.15,4966.65,20.33,3.27,19.19,7.8654,0.0105,3753.93,3169.05,943,1010,103,0.934,79.71,72.91,500,51.54,119.52,118.03,53.46,113.62,949.8,88.65,15309.71,2.87,6.17
2014-04-03,7496.72,7512.32,7387.41,7402.82,0,5961.69,10508.52,4898.85,22.87,2.54,12.51,7.8719,0.0065,-324.76,832.98,1198,809,72,1.481,79.02,70.77,500,51.54,119.52,118.03,53.46,113.62,939.7,88.57,15468.11,2.88,6.17
2014-04-04,7393.43,7449.52,7211.14,7266.27,0,4505.42,10354.29,4835.19,18.6,-4.27,-18.66,7.8541,-0.0178,-1857.34,-214.26,1075,902,63,1.192,80.3,74.29,500,51.54,119.52,118.03,53.46,113.62,891.2,89.21,15406.36,2.95,6.17
2014-04-07,7268.85,7340.53,7268.82,7340.5,0,2480.96,10433.19,4858.4,17.09,-1.52,-8.15,7.8349,-0.0192,3484.04,-122.51,856,1202,42,0.712,81.38,67.88,500,51.54,119.52,118.03,53.46,113.62,902.35,88.95,15214.86,2.9,6.17
2014-04-08,7350.96,7393.79,7243.5,7285.95,0,3744.86,10392.68,4822.31,16.68,-0.4,-2.37,7.8388,0.0039,-6.66,-576.54,964,966,77,0.998,82.19,74.62,500,51.54,119.52,118.03,53.46,113.62,919.6,89.08,15500.65,2.91,6.17
2014-04-09,7274.98,7328.44,7171.28,7224.37,0,2386.54,10271.54,4763.29,18.63,1.95,11.69,7.819,-0.0199,1086.19,-3760.41,1256,822,126,1.528,82.52,87.09,500,51.54,119.52,118.03,53.46,113.62,917.36,88.59,15683.98,2.92,6.17
2014-04-10,7220.7,7294.58,7174.74,7248.44,0,3394.14,10265.02,4770.07,15.84,-2.79,-14.98,7.8121,-0.0069,922.5,884.23,783,1240,87,0.631,82.58,74.1,500,51.54,119.52,118.03,53.46,113.62,891.4,89.12,15599.68,2.93,6.17
2014-04-11,7260.03,7285.24,7189.35,7214.41,0,2521.23,10211.8,4765.16,18.35,2.51,15.84,7.8165,0.0045,-1382.81,106.36,935,1059,104,0.883,82.34,73.82,500,51.54,119.52,118.03,53.46,113.62,885.83,88.67,15748.54,2.96,6.17
2014-04-14,7202.08,7333.66,7161.26,7292.33,0,3518.1,10216.39,4786.13,19.98,1.63,8.88,7.8283,0.0118,819.18,2316.68,763,1157,108,0.659,85.05,77.77,500,51.54,119.52,118.03,53.46,113.62,893.63,88.14,15634.76,2.9,6.17
2014-04-15,7305.62,7385.8,7268.26,7348.23,0,3104.91,10170.47,4773.07,17.78,-2.2,-11.01,7.8385,0.0102,-1326.05,2927.61,1168,775,20,1.507,86.24,86.19,500,51.54,119.52,118.03,53.46,113.62,902.66,87.93,15758.07,2.92,6.17
2014-04-16,7348.42,7368.7,7326.94,7347.21,0,3535.66,10226.33,4784.19,12.67,-5.11,-28.75,7.8342,-0.0042,3221.74,-1086.86,782,1217,85,0.643,88.03,82.72,500,51.54,119.52,118.03,53.46,113.62,910.24,88.12,15830.16,2.89,6.17
2014-04-17,7349.17,7436.8,7307.21,7394.58,0,4479.99,10334.57,4801.99,18.63,5.96,47.07,7.8445,0.0103,-4092.21,516.04,408,1519,49,0.269,87.05,73.56,500,51.54,119.52,118.03,53.46,113.62,899.9,88.09,16202.18,2.9,6.17
2014-04-18,7402.19,7443.84,7231.66,7272.58,0,1478.86,10187.77,4705.01,18.17,-0.46,-2.47,7.8189,-0.0256,-1797.03,2142.12,1288,788,24,1.635,87.86,78.05,500,51.54,119.52,118.03,53.46,113.62,907.4,88.36,15990.04,2.9,6.17
2014-04-21,7287.74,7313.9,7219.85,7245.85,0,2674.06,10174.29,4714.31,17.57,-0.61,-3.34,7.7936,-0.0253,5626.2,1790.98,877,1098,99,0.799,86.33,79.32,500,51.54,119.52,118.03,53.46,113.62,915.25,88.13,15946.35,2.88,6.17
2014-04-22,7281.72,7355.25,7186.12,7259.43,0,2880.68,10182.69,4714.47,20.62,3.05,17.36,7.7757,-0.018,2175.61,-905.01,831,1205,89,0.69,88.18,81.52,500,51.54,119.52,118.03,53.46,113.62,956.54,87.88,16174.61,2.88,6.17
2014-04-23,7279.06,7304.62,7246.89,7272.43,0,3065.52,10212.2,4730.98,15.65,-4.97,-24.09,7.7614,-0.0143,-6117.28,-1322.93,549,1365,38,0.402,89.82,87.32,500,51.54,119.52,118.03,53.46,113.62,940.28,87.38,16181.22,2.83,6.17
2014-04-24,7271.92,7339.99,7248.84,7316.77,0,7412.7,10233.65,4732.8,13.47,-2.18,-13.93,7.7533,-0.0081,2240.21,1145.9,720,1240,45,0.581,90.61,78.36,500,51.54,119.52,118.03,53.46,113.62,954.38,87.6,16064.95,2.77,6.17
2014-04-25,7322.14,7379.45,7267.76,7325.05,0,3680.84,10221.82,4713.36,16.56,3.09,22.91,7.7489,-0.0044,2937.6,4307.5,895,1176,34,0.761,91.88,89.49,500,51.54,119.52,118.03,53.46,113.62,957.3,87.94,16094.44,2.77,6.17
2014-04-28,7313.31,7385.8,7222.86,7295.17,0,1379.93,10169.59,4686.77,21.98,5.42,32.75,7.7454,-0.0035,-1925.92,571.2,1052,905,62,1.162,93.06,85.66,500,51.54,119.52,118.03,53.46,113.62,1011.99,88.27,16090.88,2.73,6.17
2014-04-29,7286.17,7333.04,7224.21,7270.98,0,1946.41,10105.89,4672.55,15.78,-6.2,-28.21,7.7464,0.0011,-4164.53,-269.39,830,1146,44,0.724,93.53,84.83,500,51.54,119.52,118.03,53.46,113.62,1035.16,88.0,16311.74,2.7,6.17
2014-04-30,7281.15,7370.81,7249.48,7338.89,0,3767.55,10146.82,4708.26,14.74,-1.04,-6.56,7.7475,0.001,2362.77,164.09,566,1393,123,0.406,94.08,87.63,500,51.54,119.52,118.03,53.46,113.62,1015.15,88.04,16338.78,2.69,6.17
2014-05-01,7359.28,7422.62,7327.3,7390.5,0,3107.4,10274.04,4742.56,16.46,1.72,11.66,7.7631,0.0156,4914.19,-138.42,739,1317,103,0.561,95.58,95.77,500,50.65,120.11,117.74,55.67,114.27,1008.88,87.97,16321.1,2.68,6.17
2014-05-02,7390.6,7573.84,7350.1,7532.57,0,2906.66,10480.47,4810.36,14.68,-1.78,-10.81,7.7467,-0.0164,-403.76,-467.5,557,1448,90,0.385,96.0,86.52,500,50.65,120.11,117.74,55.67,114.27,994.08,88.26,16478.89,2.67,6.17
2014-05-05,7527.46,7554.43,7491.84,7518.78,0,4492.69,10457.08,4775.76,18.8,4.12,28.05,7.7216,-0.0251,-1677.31,289.9,1046,955,58,1.095,96.0,82.44,500,50.65,120.11,117.74,55.67,114.27,972.82,88.09,16298.09,2.69,6.17
2014-05-06,7546.08,7622.68,7382.41,7458.11,0,2402.12,10405.18,4748.65,19.65,0.85,4.53,7.7303,0.0088,1720.79,1613.54,1054,984,32,1.071,96.0,89.98,500,50.65,120.11,117.74,55.67,114.27,954.57,87.88,15925.55,2.69,6.17
2014-05-07,7454.85,7483.8,7350.52,7379.18,0,1398.39,10313.27,4689.23,18.28,-1.37,-6.97,7.7545,0.0242,1246.09,-42.57,1071,959,80,1.117,96.0,86.2,500,50.65,120.11,117.74,55.67,114.27,953.51,87.53,16383.97,2.65,6.17
2014-05-08,7360.98,7457.76,7334.82,7431.34,0,3434.69,10411.2,4694.87,17.64,-0.64,-3.5,7.7491,-0.0054,-1338.74,2564.31,887,1185,64,0.749,96.0,88.26,500,50.65,120.11,117.74,55.67,114.27,927.88,87.53,16414.8,2.65,6.17
2014-05-09,7428.09,7474.53,7309.45,7355.43,0,2644.54,10361.77,4659.45,17.1,-0.54,-3.08,7.7538,0.0047,3102.22,-460.97,813,1163,45,0.699,96.0,98.0,500,50.65,120.11,117.74,55.67,114.27,935.69,87.56,16465.84,2.65,6.17
2014-05-12,7350.72,7392.38,7264.92,7306.33,0,2437.4,10277.79,4624.18,17.66,0.56,3.27,7.773,0.0192,-167.82,1874.8,1159,923,91,1.256,96.0,90.67,500,50.65,120.11,117.74,55.67,114.27,963.17,87.47,16470.84,2.62,6.17
2014-05-13,7312.18,7533.94,7274.41,7495.22,0,5298.15,10469.59,4686.81,13.53,-4.13,-23.38,7.7682,-0.0048,-4546.56,1055.34,326,1731,39,0.188,96.0,95.19,500,50.65,120.11,117.74,55.67,114.27,938.48,87.5,16583.34,2.68,6.17
2014-05-14,7474.4,7578.66,7457.29,7561.35,0,3831.76,10589.83,4745.66,17.57,4.04,29.85,7.7648,-0.0035,-3164.8,4544.62,342,1579,26,0.217,96.0,86.19,500,50.65,120.11,117.74,55.67,114.27,919.46,87.9,16625.55,2.73,6.17
2014-05-15,7572.0,7623.17,7548.46,7599.54,0,2442.69,10584.98,4736.34,19.49,1.92,10.93,7.762,-0.0028,-944.22,1527.24,1017,1050,105,0.969,96.0,90.94,500,50.65,120.11,117.74,55.67,114.27,948.65,87.65,16906.86,2.7,6.17
2014-05-16,7598.58,7766.54,7535.94,7703.05,0,3491.88,10712.14,4793.22,19.3,-0.19,-0.98,7.7461,-0.0159,2711.87,2231.73,722,1206,88,0.599,96.0,92.2,500,50.65,120.11,117.74,55.67,114.27,920.96,88.29,17006.58,2.75,6.17
2014-05-19,7682.78,7700.92,7540.58,7558.43,0,4768.78,10565.55,4707.45,21.7,2.4,12.42,7.7366,-0.0095,1308.45,1236.93,1333,654,100,2.038,96.0,80.78,500,50.65,120.11,117.74,55.67,114.27,929.08,88.26,17511.19,2.73,6.17
2014-05-20,7576.49,7635.23,7445.28,7503.45,0,4401.47,10475.32,4649.05,19.4,-2.29,-10.57,7.73,-0.0066,6357.38,1875.09,666,1335,126,0.499,96.0,91.42,500,50.65,120.11,117.74,55.67,114.27,901.76,88.49,17729.29,2.75,6.17
2014-05-21,7518.09,7594.1,7454.5,7530.41,0,3074.99,10508.55,4629.57,18.23,-1.17,-6.03,7.7322,0.0022,2657.08,3738.27,846,1193,81,0.709,96.0,90.93,500,50.65,120.11,117.74,55.67,114.27,911.31,88.56,18295.24,2.77,6.17
2014-05-22,7534.8,7572.79,7489.18,7527.13,0,3290.87,10490.61,4630.25,17.13,-1.1,-6.02,7.7351,0.003,1654.28,951.47,514,1570,117,0.327,96.0,93.83,500,50.65,120.11,117.74,55.67,114.27,891.37,88.4,18410.29,2.73,6.17
2014-05-23,7528.62,7663.56,7453.22,7587.56,0,2088.74,10642.19,4667.32,11.52,-5.62,-32.79,7.7168,-0.0184,476.18,-2641.88,609,1469,127,0.415,96.0,82.35,500,50.65,120.11,117.74,55.67,114.27,902.6,88.46,18298.63,2.67,6.17
2014-05-26,7569.76,7618.06,7539.45,7587.68,0,4564.6,10676.98,4663.2,17.53,6.01,52.23,7.7236,0.0068,-2532.99,522.11,803,1286,94,0.624,96.0,87.2,500,50.65,120.11,117.74,55.67,114.27,878.76,89.06,18535.31,2.63,6.17
2014-05-27,7547.59,7616.3,7514.62,7583.17,0,2855.41,10688.51,4663.41,19.31,1.78,10.15,7.7091,-0.0145,497.66,-1102.24,776,1302,63,0.596,96.0,90.42,500,50.65,120.11,117.74,55.67,114.27,889.06,88.94,18299.82,2.63,6.17
2014-05-28,7586.4,7625.81,7470.66,7509.67,0,3120.44,10575.07,4618.3,16.17,-3.14,-16.28,7.7236,0.0144,5367.76,1062.31,963,1117,109,0.862,96.0,86.01,500,50.65,120.11,117.74,55.67,114.27,843.6,89.44,18289.11,2.58,6.17
2014-05-29,7536.94,7554.47,7473.63,7491.05,0,2945.56,10633.08,4636.12,18.93,2.76,17.06,7.7215,-0.0021,4317.61,289.36,728,1213,31,0.6,96.0,89.33,500,50.65,120.11,117.74,55.67,114.27,837.3,89.52,18646.12,2.49,6.17
2014-05-30,7494.0,7568.63,7322.46,7396.12,0,2816.89,10476.82,4551.35,19.08,0.15,0.79,7.7235,0.002,-2480.51,3406.24,1274,796,93,1.601,96.0,87.23,500,50.65,120.11,117.74,55.67,114.27,812.65,89.54,18925.56,2.49,6.17
2014-06-02,7417.89,7519.5,7386.19,7487.51,0,4083.47,10653.93,4629.76,16.4,-2.67,-14.0,7.6944,-0.0291,203.13,-75.68,420,1554,106,0.27,96.0,94.76,500,49.73,121.05,108.72,57.94,115.1,825.14,89.26,18739.6,2.5,6.17
2014-06-03,7492.44,7537.04,7388.28,7432.52,0,1832.82,10616.96,4580.54,16.24,-0.16,-0.99,7.7059,0.0116,-3382.48,5995.03,1211,754,36,1.606,96.0,88.06,500,49.73,121.05,108.72,57.94,115.1,824.43,89.57,18836.04,2.52,6.17
2014-06-04,7431.98,7536.72,7389.35,7493.74,0,3220.7,10749.52,4604.31,17.22,0.98,6.04,7.713,0.0071,472.04,3848.69,523,1463,47,0.357,96.0,90.22,500,49.73,121.05,108.72,57.94,115.1,817.07,89.94,19292.02,2.5,6.17
2014-06-05,7473.41,7537.7,7291.97,7355.25,0,4895.65,10585.26,4522.91,22.34,5.12,29.71,7.7155,0.0025,-2139.14,-259.52,1169,753,95,1.552,96.0,92.79,500,49.73,121.05,108.72,57.94,115.1,795.82,90.06,19136.1,2.45,6.17
2014-06-06,7355.76,7446.22,7276.87,7367.21,0,2075.18,10642.75,4549.91,16.28,-6.06,-27.13,7.7178,0.0022,14286.38,1429.56,753,1327,99,0.567,96.0,85.2,500,49.73,121.05,108.72,57.94,115.1,789.61,89.84,18673.19,2.4,6.17
2014-06-09,7351.16,7507.93,7321.71,7477.97,0,2600.2,10757.65,4608.14,19.47,3.19,19.58,7.7096,-0.0082,403.66,-960.45,722,1351,23,0.534,96.0,84.71,500,49.73,121.05,108.72,57.94,115.1,804.95,89.33,18623.16,2.37,6.17
2014-06-10,7480.14,7628.77,7444.65,7592.76,0,2369.79,10922.75,4657.84,16.11,-3.36,-17.26,7.694,-0.0156,-4545.35,-1022.24,600,1466,53,0.409,96.0,86.75,500,49.73,121.05,108.72,57.94,115.1,780.92,89.38,18573.19,2.38,6.17
2014-06-11,7589.67,7692.33,7515.54,7617.93,0,4178.35,10971.15,4673.12,17.74,1.64,10.16,7.6976,0.0036,-3427.38,-2024.48,1053,966,56,1.09,96.0,83.79,500,49.73,121.05,108.72,57.94,115.1,814.3,89.56,18492.81,2.44,6.17
2014-06-12,7637.41,7703.73,7593.83,7660.03,0,2677.16,11054.58,4723.07,17.89,0.15,0.84,7.7019,0.0043,-13.84,-1044.08,704,1318,95,0.534,96.0,88.43,500,49.73,121.05,108.72,57.94,115.1,816.81,89.87,18984.45,2.41,6.17
2014-06-13,7633.22,7807.12,7567.64,7740.62,0,4739.82,11173.3,4766.46,17.69,-0.2,-1.14,7.7024,0.0004,7370.35,2489.48,637,1281,42,0.497,96.0,84.28,500,49.73,121.05,108.72,57.94,115.1,820.73,90.01,19220.96,2.38,6.17
2014-06-16,7723.09,7812.42,7677.45,7766.52,0,5070.84,11255.27,4784.76,14.78,-2.91,-16.47,7.6963,-0.0061,1950.39,3414.7,892,1021,70,0.874,96.0,88.28,500,49.73,121.05,108.72,57.94,115.1,789.64,90.26,19218.28,2.3,6.17
2014-06-17,7756.95,7871.73,7703.37,7817.73,0,6214.67,11385.13,4821.12,18.16,3.39,22.92,7.7023,0.006,-899.38,3740.4,854,1089,85,0.784,96.0,78.87,500,49.73,121.05,108.72,57.94,115.1,787.28,90.15,19355.3,2.33,6.17
2014-06-18,7817.59,7920.26,7736.61,7839.06,0,2004.39,11404.26,4855.19,18.98,0.82,4.53,7.7055,0.0033,1384.05,1462.74,886,1024,85,0.865,96.0,91.88,500,49.73,121.05,108.72,57.94,115.1,780.88,90.12,19351.48,2.29,6.17
2014-06-19,7846.17,7867.38,7844.09,7865.3,0,2490.22,11514.7,4890.0,19.58,0.6,3.14,7.684,-0.0215,-917.8,-501.46,563,1421,122,0.396,96.0,91.23,500,49.73,121.05,108.72,57.94,115.1,815.59,89.73,19515.49,2.27,6.17
2014-06-20,7864.05,7935.11,7766.53,7837.35,0,2700.7,11444.68,4902.43,20.18,0.6,3.06,7.68,-0.004,1900.35,2073.26,623,1429,40,0.436,96.0,87.64,500,49.73,121.05,108.72,57.94,115.1,844.12,90.0,19469.44,2.23,6.17
2014-06-23,7839.06,7910.76,7752.6,7824.17,0,3222.45,11407.41,4926.52,16.3,-3.88,-19.24,7.6941,0.0141,3707.49,917.19,1016,926,56,1.097,96.0,92.96,500,49.73,121.05,108.72,57.94,115.1,812.5,89.43,19852.99,2.21,6.17
2014-06-24,7831.29,7902.31,7708.54,7779.09,0,4233.48,11320.95,4868.04,20.48,4.19,25.7,7.6803,-0.0138,4390.99,2528.19,1063,950,30,1.119,96.0,81.19,500,49.73,121.05,108.72,57.94,115.1,808.24,89.62,19935.11,2.23,6.17
2014-06-25,7802.38,7869.79,7678.4,7745.32,0,2427.74,11209.13,4861.04,21.48,1.0,4.89,7.6734,-0.0069,-678.92,2482.51,1200,733,120,1.637,96.0,90.86,500,49.73,121.05,108.72,57.94,115.1,865.42,89.91,19987.78,2.2,6.17
2014-06-26,7750.66,7936.82,7685.36,7870.51,0,7079.42,11315.1,4929.82,17.08,-4.4,-20.48,7.6625,-0.0109,-2659.75,146.09,721,1325,127,0.544,96.0,88.55,500,49.73,121.05,108.72,57.94,115.1,874.34,89.62,20064.85,2.2,6.17
2014-06-27,7855.86,7979.41,7853.74,7977.26,0,4772.12,11478.6,4973.87,14.9,-2.18,-12.76,7.6749,0.0124,-1390.31,1682.02,808,1183,73,0.683,96.0,85.94,500,49.73,121.05,108.72,57.94,115.1,861.99,88.95,19809.87,2.18,6.17
2014-06-30,7978.9,7988.53,7904.0,7913.55,0,3392.16,11367.08,4921.63,18.54,3.64,24.4,7.6776,0.0027,-1164.02,339.82,981,1071,83,0.916,96.0,93.19,500,49.73,121.05,108.72,57.94,115.1,898.33,88.76,19933.87,2.18,6.17
2014-07-01,7927.52,7991.33,7827.4,7890.92,0,3522.21,11290.2,4897.27,22.25,3.71,20.0,7.6544,-0.0233,1665.24,708.56,962,1073,26,0.897,96.0,91.39,500,50.98,121.51,112.98,54.03,115.06,910.5,88.92,19780.47,2.18,5.88
2014-07-02,7894.88,7945.6,7837.42,7888.1,0,3636.53,11290.61,4889.66,14.71,-7.54,-33.88,7.6645,0.0102,2288.85,910.17,1070,916,64,1.168,96.0,87.45,500,50.98,121.51,112.98,54.03,115.06,893.11,88.58,19351.48,2.22,5.88
2014-07-03,7897.54,7918.22,7858.58,7879.22,0,2276.41,11232.91,4881.06,19.3,4.59,31.22,7.6657,0.0012,2823.39,570.08,1155,899,123,1.285,96.0,90.33,500,50.98,121.51,112.98,54.03,115.06,904.31,88.67,19493.48,2.22,5.88
2014-07-04,7883.27,7931.84,7706.3,7754.07,0,2073.0,11070.56,4800.98,19.38,0.08,0.39,7.6674,0.0017,-3985.85,-320.53,1157,871,109,1.328,96.0,85.64,500,50.98,121.51,112.98,54.03,115.06,904.22,88.24,19473.05,2.19,5.88
2014-07-07,7781.58,7801.32,7711.96,7731.58,0,5858.49,11016.36,4780.07,18.64,-0.73,-3.79,7.6574,-0.0101,-4471.67,1979.52,979,939,25,1.043,96.0,88.09,500,50.98,121.51,112.98,54.03,115.06,951.58,88.3,19454.09,2.21,5.88
2014-07-08,7705.64,7823.69,7660.25,7777.87,0,3222.19,11118.38,4815.3,18.8,0.16,0.84,7.648,-0.0094,-2361.83,-1146.58,921,1084,98,0.85,96.0,98.0,500,50.98,121.51,112.98,54.03,115.06,947.36,88.34,19595.62,2.22,5.88
2014-07-09,7791.13,7841.14,7643.46,7692.85,0,2765.4,11052.76,4776.51,19.65,0.85,4.54,7.6421,-0.0059,2501.63,-818.88,635,1370,38,0.464,96.0,95.63,500,50.98,121.51,112.98,54.03,115.06,941.56,87.28,20045.34,2.13,5.88
2014-07-10,7693.23,7771.79,7648.81,7727.17,0,3312.1,11151.09,4813.49,19.47,-0.19,-0.95,7.6216,-0.0205,3565.32,-3133.99,555,1379,118,0.402,96.0,89.33,500,50.98,121.51,112.98,54.03,115.06,963.4,87.38,20843.26,2.18,5.88
2014-07-11,7753.05,7772.25,7640.79,7659.75,0,2951.38,11040.93,4771.6,20.19,0.72,3.72,7.6165,-0.0051,2572.77,3433.63,1020,996,24,1.024,96.0,92.48,500,50.98,121.51,112.98,54.03,115.06,974.45,87.24,20719.97,2.24,5.88
2014-07-14,7630.46,7751.91,7582.75,7703.75,0,3430.21,11169.75,4819.23,17.91,-2.28,-11.31,7.5944,-0.0221,295.33,1231.6,697,1297,96,0.537,96.0,90.02,500,50.98,121.51,112.98,54.03,115.06,963.83,86.83,20416.93,2.28,5.88
2014-07-15,7684.88,7711.83,7603.37,7630.14,0,2321.35,11074.41,4794.59,17.45,-0.46,-2.54,7.5959,0.0015,3040.5,7376.58,826,1198,79,0.689,96.0,84.23,500,50.98,121.51,112.98,54.03,115.06,943.67,86.53,20625.52,2.27,5.88
2014-07-16,7629.75,7744.8,7592.75,7707.42,0,2342.67,11183.74,4859.87,16.19,-1.26,-7.24,7.6068,0.0109,4860.05,1206.82,630,1275,36,0.494,96.0,88.36,500,50.98,121.51,112.98,54.03,115.06,988.12,86.44,20818.89,2.22,5.88
2014-07-17,7700.42,7788.73,7658.1,7746.16,0,2766.33,11234.04,4888.34,15.42,-0.77,-4.73,7.6029,-0.0038,1679.92,-274.93,680,1299,53,0.523,96.0,87.76,500,50.98,121.51,112.98,54.03,115.06,1030.93,87.45,20595.89,2.2,5.88
2014-07-18,7744.65,7893.59,7707.96,7856.37,0,2189.44,11501.06,4935.17,14.49,-0.94,-6.07,7.6153,0.0124,-523.14,-1566.59,470,1461,115,0.322,96.0,87.38,500,50.98,121.51,112.98,54.03,115.06,984.23,87.72,20615.8,2.15,5.88
2014-07-21,7862.54,7914.91,7669.52,7720.95,0,2415.35,11245.61,4855.14,17.86,3.37,23.3,7.6166,0.0013,2174.7,-2863.63,1107,793,40,1.396,96.0,89.32,500,50.98,121.51,112.98,54.03,115.06,994.18,87.9,20698.58,2.17,5.88
2014-07-22,7726.15,7760.34,7681.33,7715.47,0,2247.6,11213.18,4837.29,20.13,2.27,12.71,7.647,0.0304,-1777.71,2273.31,774,1228,33,0.63,96.0,85.68,500,50.98,121.51,112.98,54.03,115.06,1025.56,88.01,21080.84,2.22,5.88
2014-07-23,7695.97,7723.54,7621.2,7648.6,0,5048.72,11133.3,4793.79,16.45,-3.68,-18.3,7.6516,0.0046,-4169.45,-758.04,1005,972,62,1.034,96.0,85.67,500,50.98,121.51,112.98,54.03,115.06,1067.49,88.51,21406.03,2.28,5.88
2014-07-24,7636.68,7714.99,7500.75,7578.47,0,2960.8,11058.87,4750.68,18.11,1.66,10.12,7.6774,0.0258,55.81,2480.33,809,1162,67,0.696,96.0,89.23,500,50.98,121.51,112.98,54.03,115.06,1081.87,88.58,20870.42,2.26,5.88
2014-07-25,7578.68,7779.56,7521.99,7721.79,0,5641.4,11310.79,4846.14,15.65,-2.46,-13.58,7.6653,-0.0121,2401.18,-385.71,204,1733,105,0.118,96.0,93.93,500,50.98,121.51,112.98,54.03,115.06,1077.43,88.97,21001.71,2.29,5.88
2014-07-28,7748.88,7820.6,7708.92,7780.48,0,1539.19,11368.47,4882.38,19.39,3.74,23.89,7.6696,0.0043,-277.63,506.79,679,1360,98,0.499,96.0,87.21,500,50.98,121.51,112.98,54.03,115.06,1084.69,88.66,21493.77,2.38,5.88
2014-07-29,7766.4,7809.7,7643.41,7686.26,0,1861.39,11280.88,4817.85,16.57,-2.83,-14.57,7.684,0.0144,-2159.18,2951.06,1134,854,47,1.328,96.0,85.78,500,50.98,121.51,112.98,54.03,115.06,1157.24,88.63,21400.87,2.43,5.88
2014-07-30,7687.5,7740.31,7632.11,7684.91,0,3945.28,11263.27,4802.09,18.56,1.99,12.04,7.6733,-0.0107,-2483.65,1760.95,848,1219,126,0.696,96.0,87.01,500,50.98,121.51,112.98,54.03,115.06,1149.18,88.6,21268.94,2.36,5.88
2014-07-31,7699.87,7769.21,7530.97,7599.41,0,2967.33,11183.91,4767.48,18.62,0.06,0.34,7.6519,-0.0214,5798.23,666.07,975,1019,59,0.957,96.0,91.41,500,50.98,121.51,112.98,54.03,115.06,1158.99,88.78,21062.92,2.33,5.88
2014-08-01,7604.23,7679.45,7539.8,7614.93,0,1772.42,11200.82,4754.56,19.6,0.98,5.26,7.6417,-0.0102,-952.26,-412.23,919,986,60,0.932,96.0,88.15,500,48.54,122.07,113.17,53.44,115.35,1176.38,88.55,21048.81,2.39,5.88
2014-08-04,7602.16,7710.41,7544.7,7652.58,0,1961.91,11268.46,4785.03,17.64,-1.96,-10.02,7.6483,0.0067,762.34,-6403.69,1056,1033,56,1.022,96.0,89.66,500,48.54,122.07,113.17,53.44,115.35,1208.45,88.56,21251.88,2.4,5.88
2014-08-05,7627.09,7680.78,7525.5,7578.85,0,4049.09,11180.4,4765.71,19.65,2.01,11.41,7.6441,-0.0043,-517.73,1887.69,1200,798,34,1.504,96.0,80.09,500,48.54,122.07,113.17,53.44,115.35,1202.77,88.36,21553.1,2.35,5.88
2014-08-06,7594.94,7746.02,7503.95,7654.32,0,5150.77,11313.08,4812.91,15.25,-4.4,-22.38,7.636,-0.008,-2568.66,4117.72,539,1551,36,0.348,96.0,88.92,500,48.54,122.07,113.17,53.44,115.35,1217.34,88.69,21925.49,2.31,5.88
2014-08-07,7653.17,7682.13,7561.21,7589.93,0,3420.5,11122.6,4722.59,19.82,4.56,29.9,7.6242,-0.0119,624.35,1714.69,1334,605,68,2.205,96.0,87.13,500,48.54,122.07,113.17,53.44,115.35,1257.14,88.45,22053.9,2.31,5.88
2014-08-08,7635.25,7804.5,7581.47,7749.91,0,2281.07,11330.49,4837.52,15.45,-4.37,-22.05,7.6225,-0.0017,-2604.21,1454.15,405,1580,115,0.256,96.0,86.21,500,48.54,122.07,113.17,53.44,115.35,1249.53,88.62,22516.86,2.36,5.88
2014-08-11,7725.18,7926.1,7635.25,7834.89,0,2533.46,11426.83,4883.6,17.64,2.19,14.18,7.5975,-0.0249,-37.91,2538.94,607,1411,42,0.43,96.0,83.64,500,48.54,122.07,113.17,53.44,115.35,1244.27,88.35,22551.56,2.35,5.88
2014-08-12,7834.69,7952.59,7770.53,7887.99,0,2046.0,11481.67,4904.93,13.32,-4.31,-24.44,7.5972,-0.0003,-1161.15,3578.8,515,1403,104,0.367,96.0,83.04,500,48.54,122.07,113.17,53.44,115.35,1265.03,88.77,22453.51,2.28,5.88
2014-08-13,7874.6,7919.32,7852.79,7897.45,0,6332.16,11466.25,4886.49,19.39,6.06,45.5,7.6095,0.0123,3083.62,-1056.95,679,1400,96,0.485,96.0,98.0,500,48.54,122.07,113.17,53.44,115.35,1316.15,88.77,22212.06,2.31,5.88
2014-08-14,7864.64,7948.87,7772.09,7856.23,0,3029.3,11508.53,4885.09,17.06,-2.32,-11.99,7.6238,0.0143,-2027.73,3627.05,482,1519,83,0.317,96.0,77.28,500,48.54,122.07,113.17,53.44,115.35,1327.81,89.16,22408.28,2.35,5.88
2014-08-15,7851.97,7913.24,7808.79,7869.96,0,3123.44,11476.56,4887.27,13.68,-3.39,-19.85,7.6353,0.0116,2556.23,-2848.51,692,1315,50,0.526,96.0,86.52,500,48.54,122.07,113.17,53.44,115.35,1341.21,89.27,22725.88,2.31,5.88
2014-08-18,7861.37,7953.51,7758.32,7850.33,0,3617.62,11425.94,4852.34,16.71,3.03,22.15,7.6552,0.0199,1991.58,3281.45,1099,945,20,1.163,96.0,86.55,500,48.54,122.07,113.17,53.44,115.35,1310.83,89.95,23255.19,2.3,5.88
2014-08-19,7857.7,7877.86,7818.3,7838.41,0,7603.72,11382.77,4818.85,18.47,1.76,10.54,7.6403,-0.015,2033.33,-1618.44,1095,919,27,1.192,96.0,79.15,500,48.54,122.07,113.17,53.44,115.35,1317.43,89.94,23277.91,2.3,5.88
2014-08-20,7851.64,7904.42,7779.78,7832.43,0,3214.22,11358.1,4815.27,14.46,-4.01,-21.7,7.6359,-0.0043,-5084.0,7554.22,598,1500,28,0.399,96.0,87.18,500,48.54,122.07,113.17,53.44,115.35,1295.3,89.54,23687.76,2.34,5.88
2014-08-21,7849.49,7872.7,7745.3,7768.27,0,2443.02,11262.48,4774.24,19.21,4.75,32.82,7.6228,-0.0131,-1726.78,2210.93,1245,719,50,1.732,96.0,85.54,500,48.54,122.07,113.17,53.44,115.35,1363.16,89.19,23996.91,2.38,5.88
2014-08-22,7758.06,7822.36,7726.85,7791.02,0,4421.94,11323.87,4794.12,18.48,-0.73,-3.78,7.6186,-0.0042,-6010.19,-1877.02,318,1613,26,0.197,96.0,89.04,500,48.54,122.07,113.17,53.44,115.35,1363.09,89.71,23970.79,2.38,5.88
2014-08-25,7793.13,7975.69,7711.39,7892.9,0,1097.8,11419.65,4847.99,19.11,0.63,3.4,7.6036,-0.015,-33.19,1867.69,787,1160,129,0.678,96.0,89.16,500,48.54,122.07,113.17,53.44,115.35,1387.24,89.66,23915.79,2.35,5.88
2014-08-26,7906.15,7969.39,7871.4,7934.52,0,2644.42,11380.06,4879.75,15.6,-3.51,-18.36,7.6056,0.002,2058.96,1331.28,939,999,127,0.94,96.0,86.26,500,48.54,122.07,113.17,53.44,115.35,1435.58,89.82,23957.47,2.34,5.88
2014-08-27,7934.57,8055.42,7885.34,8005.74,0,2869.35,11488.7,4924.2,16.45,0.85,5.48,7.5818,-0.0239,511.06,-727.36,637,1436,129,0.444,96.0,88.37,500,48.54,122.07,113.17,53.44,115.35,1394.26,89.79,23960.89,2.38,5.88
2014-08-28,7994.9,8048.83,7918.75,7972.53,0,2296.27,11422.63,4865.88,15.82,-0.63,-3.84,7.6042,0.0225,5007.15,-1212.55,913,1106,94,0.825,96.0,86.37,500,48.54,122.07,113.17,53.44,115.35,1385.14,89.79,23921.49,2.41,5.88
2014-08-29,7931.79,7970.21,7872.39,7910.71,0,3012.27,11346.1,4856.5,17.02,1.2,7.58,7.6021,-0.0021,-1444.63,855.01,1238,722,43,1.715,96.0,97.07,500,48.54,122.07,113.17,53.44,115.35,1385.89,89.58,24254.43,2.42,5.88
2014-09-01,7882.76,8156.25,7828.21,8100.19,0,6045.19,11629.25,4969.04,17.01,-0.01,-0.06,7.5834,-0.0187,171.97,-1123.02,439,1620,32,0.271,96.0,91.96,500,50.17,122.7,109.8,56.94,116.75,1405.81,89.76,24247.71,2.41,5.88
2014-09-02,8105.61,8204.33,8075.67,8174.14,0,2367.12,11698.46,4996.4,18.23,1.22,7.15,7.5602,-0.0232,1809.68,-2169.9,633,1268,95,0.499,96.0,89.32,500,50.17,122.7,109.8,56.94,116.75,1424.49,89.56,23843.79,2.45,5.88
2014-09-03,8169.97,8225.1,8097.26,8152.26,0,2618.34,11635.68,4993.57,21.55,3.32,18.21,7.554,-0.0063,2153.9,1733.08,898,1128,38,0.796,96.0,89.8,500,50.17,122.7,109.8,56.94,116.75,1421.52,89.55,23833.2,2.41,5.88
2014-09-04,8169.17,8230.61,8073.08,8134.26,0,2107.47,11533.59,4939.2,16.71,-4.84,-22.47,7.5594,0.0054,-504.79,1425.05,899,1191,55,0.755,96.0,95.15,500,50.17,122.7,109.8,56.94,116.75,1403.87,89.47,24044.4,2.42,5.88
2014-09-05,8097.73,8151.22,8061.13,8114.55,0,2265.37,11541.98,4913.93,18.64,1.93,11.58,7.5665,0.0071,-553.46,953.54,762,1284,63,0.593,96.0,90.03,500,50.17,122.7,109.8,56.94,116.75,1407.27,89.78,24090.5,2.4,5.88
2014-09-08,8115.11,8202.48,8048.12,8135.32,0,3376.9,11571.44,4929.61,16.04,-2.6,-13.96,7.5597,-0.0068,4179.15,-1123.43,788,1164,21,0.677,96.0,81.55,500,50.17,122.7,109.8,56.94,116.75,1348.33,89.71,23684.28,2.32,5.88
2014-09-09,8144.76,8174.37,8094.42,8123.96,0,2549.15,11507.86,4913.75,17.97,1.94,12.07,7.5522,-0.0075,12062.34,-1366.93,813,1147,22,0.709,96.0,93.14,500,50.17,122.7,109.8,56.94,116.75,1369.63,89.97,23617.2,2.32,5.88
2014-09-10,8152.16,8227.21,8099.09,8173.99,0,1771.99,11633.8,4996.35,11.54,-6.44,-35.82,7.5701,0.0179,100.32,-299.08,763,1219,128,0.626,96.0,85.2,500,50.17,122.7,109.8,56.94,116.75,1290.08,90.76,23442.11,2.35,5.88
2014-09-11,8182.09,8216.08,7996.59,8029.94,0,6501.1,11435.09,4909.3,23.92,12.39,107.41,7.5704,0.0003,-1222.19,-356.08,1274,636,85,2.003,96.0,88.04,500,50.17,122.7,109.8,56.94,116.75,1323.06,90.98,23377.36,2.35,5.88
2014-09-12,8037.28,8065.1,7960.22,7987.88,0,2817.9,11456.55,4880.27,21.67,-2.25,-9.42,7.5573,-0.0131,1556.03,-4056.24,926,1089,35,0.85,96.0,79.22,500,50.17,122.7,109.8,56.94,116.75,1300.7,90.79,23668.37,2.36,5.88
2014-09-15,8007.35,8088.69,7904.45,7985.57,0,4006.33,11509.1,4909.7,17.6,-4.07,-18.79,7.5763,0.019,-2023.83,-424.86,819,1144,39,0.716,96.0,85.92,500,50.17,122.7,109.8,56.94,116.75,1335.6,90.48,24076.04,2.4,5.88
2014-09-16,7960.78,7982.51,7888.98,7910.56,0,1998.4,11427.55,4866.38,20.09,2.49,14.14,7.588,0.0117,-1416.97,-553.94,993,942,32,1.054,96.0,91.17,500,50.17,122.7,109.8,56.94,116.75,1332.16,90.65,23989.29,2.5,5.88
2014-09-17,7910.22,7987.37,7792.99,7869.74,0,2304.18,11452.98,4863.12,17.77,-2.32,-11.56,7.5844,-0.0037,-2202.15,-1306.06,641,1388,91,0.462,96.0,87.03,500,50.17,122.7,109.8,56.94,116.75,1300.18,90.85,23855.04,2.52,5.88
2014-09-18,7856.74,7935.22,7715.33,7793.18,0,8989.89,11300.77,4792.98,19.17,1.4,7.9,7.5912,0.0068,-1071.13,-2777.55,1270,769,26,1.651,96.0,93.38,500,50.17,122.7,109.8,56.94,116.75,1291.85,90.29,23631.71,2.54,5.88
2014-09-19,7796.17,7866.26,7643.42,7712.75,0,3534.67,11258.64,4731.47,17.48,-1.69,-8.82,7.5958,0.0046,305.09,2068.01,1066,887,31,1.202,96.0,89.63,500,50.17,122.7,109.8,56.94,116.75,1281.41,90.39,23644.39,2.5,5.88
2014-09-22,7694.25,7810.57,7612.38,7728.34,0,3748.71,11212.74,4724.42,15.05,-2.42,-13.87,7.6082,0.0125,-1737.65,-755.5,714,1292,91,0.553,96.0,87.38,500,50.17,122.7,109.8,56.94,116.75,1276.31,90.04,23445.86,2.47,5.88
2014-09-23,7704.13,7754.57,7668.08,7718.44,0,3067.22,11183.43,4724.83,21.66,6.61,43.9,7.5917,-0.0166,100.34,-23.03,1126,885,57,1.272,96.0,89.48,500,50.17,122.7,109.8,56.94,116.75,1282.81,89.99,22798.26,2.47,5.88
2014-09-24,7714.81,7775.83,7650.24,7711.23,0,2328.61,11221.96,4709.54,16.71,-4.95,-22.86,7.5932,0.0016,4213.82,-693.12,954,975,98,0.978,96.0,87.89,500,50.17,122.7,109.8,56.94,116.75,1233.66,90.3,22877.98,2.47,5.88
2014-09-25,7710.66,7775.16,7593.85,7657.9,0,1584.03,11152.37,4676.22,19.4,2.69,16.07,7.5754,-0.0179,246.63,-1378.95,1430,474,105,3.017,96.0,90.3,500,50.17,122.7,109.8,56.94,116.75,1199.78,90.65,22856.92,2.43,5.88
2014-09-26,7666.13,7718.32,7606.8,7658.94,0,1739.03,11253.99,4718.71,14.9,-4.5,-23.21,7.5705,-0.0049,2329.89,-879.53,724,1366,44,0.53,96.0,84.35,500,50.17,122.7,109.8,56.94,116.75,1203.57,90.94,22965.2,2.36,5.88
2014-09-29,7656.7,7719.78,7532.45,7595.02,0,1370.16,11266.75,4753.86,16.66,1.76,11.83,7.5577,-0.0128,686.11,3410.79,795,1195,30,0.665,96.0,96.24,500,50.17,122.7,109.8,56.94,116.75,1157.11,91.24,23614.05,2.36,5.88
2014-09-30,7608.02,7684.62,7537.9,7614.43,0,1810.63,11288.65,4759.13,13.71,-2.94,-17.67,7.5792,0.0215,-5353.72,-781.07,749,1286,127,0.582,96.0,90.77,500,50.17,122.7,109.8,56.94,116.75,1156.65,91.16,23681.49,2.31,5.88
2014-10-01,7642.36,7687.2,7567.17,7611.84,0,2339.54,11308.32,4751.89,21.54,7.82,57.04,7.5825,0.0033,-1294.14,-2266.83,940,1072,83,0.877,96.0,93.95,500,50.07,123.46,106.07,53.9,117.11,1168.79,91.49,23487.83,2.3,3.38
2014-10-02,7608.57,7677.11,7524.74,7593.15,0,2418.36,11209.77,4701.85,19.34,-2.2,-10.2,7.5811,-0.0014,-2035.32,791.28,888,1208,48,0.735,96.0,84.62,500,50.07,123.46,106.07,53.9,117.11,1162.21,91.82,23323.17,2.3,3.38
2014-10-03,7614.91,7643.61,7583.34,7612.02,0,3161.02,11289.66,4726.44,18.14,-1.2,-6.21,7.6049,0.0238,-909.51,1653.64,714,1341,24,0.532,96.0,94.85,500,50.07,123.46,106.07,53.9,117.11,1157.93,91.91,23852.63,2.32,3.38
2014-10-06,7618.09,7665.47,7563.43,7610.76,0,2377.66,11285.78,4708.26,17.4,-0.73,-4.04,7.5842,-0.0207,-374.92,702.23,887,1212,127,0.732,96.0,88.74,500,50.07,123.46,106.07,53.9,117.11,1144.04,91.0,23796.36,2.29,3.38
2014-10-07,7607.03,7683.9,7471.86,7548.13,0,3717.54,11285.05,4693.2,20.27,2.87,16.47,7.5743,-0.01,-108.32,-1396.74,1035,997,112,1.038,96.0,85.97,500,50.07,123.46,106.07,53.9,117.11,1091.11,91.37,23855.88,2.27,3.38
2014-10-08,7574.66,7680.61,7548.24,7653.92,0,4295.48,11411.86,4719.73,20.62,0.35,1.75,7.559,-0.0153,700.87,1941.29,637,1462,67,0.436,96.0,89.68,500,50.07,123.46,106.07,53.9,117.11,1141.7,91.53,24022.96,2.27,3.38
2014-10-09,7655.03,7666.72,7646.96,7658.65,0,2250.9,11371.11,4694.63,17.22,-3.4,-16.49,7.5721,0.0131,1264.7,372.79,1104,930,97,1.187,96.0,84.97,500,50.07,123.46,106.07,53.9,117.11,1092.51,91.66,24298.02,2.25,3.38
2014-10-10,7675.31,7717.47,7654.77,7696.87,0,2337.51,11541.52,4715.26,15.34,-1.89,-10.95,7.5649,-0.0072,1820.82,1150.81,913,1123,38,0.813,96.0,88.06,500,50.07,123.46,106.07,53.9,117.11,1133.0,91.5,24282.68,2.2,3.38
2014-10-13,7732.53,7812.44,7564.43,7643.42,0,4073.66,11567.56,4719.83,17.37,2.03,13.25,7.5646,-0.0003,-380.24,-1888.66,828,1198,121,0.691,96.0,90.7,500,50.07,123.46,106.07,53.9,117.11,1130.97,91.89,24240.7,2.17,3.38
2014-10-14,7648.11,7890.38,7575.33,7816.01,0,1790.83,11875.02,4836.76,13.37,-3.99,-23.0,7.573,0.0084,706.53,-1114.95,226,1858,60,0.122,96.0,91.64,500,50.07,123.46,106.07,53.9,117.11,1102.92,91.44,23988.26,2.21,3.38
2014-10-15,7812.24,7899.29,7753.36,7840.19,0,2937.28,11858.91,4856.83,16.38,3.0,22.45,7.5923,0.0193,-142.64,-1285.47,615,1298,100,0.474,96.0,86.07,500,50.07,123.46,106.07,53.9,117.11,1112.71,91.42,23917.93,2.21,3.38
2014-10-16,7866.73,7966.19,7799.52,7898.71,0,4229.21,11855.97,4892.66,16.44,0.06,0.39,7.6006,0.0083,2199.77,-1528.24,931,1012,50,0.92,96.0,83.16,500,50.07,123.46,106.07,53.9,117.11,1125.16,91.91,23714.07,2.17,3.38
2014-10-17,7911.88,7921.14,7881.28,7890.51,0,3893.51,11846.12,4878.35,18.72,2.28,13.84,7.6172,0.0166,4405.26,538.25,762,1287,36,0.592,96.0,89.62,500,50.07,123.46,106.07,53.9,117.11,1155.13,93.01,23900.55,2.15,3.38
2014-10-20,7877.17,8062.62,7807.14,7991.57,0,1577.14,11957.39,4947.06,18.21,-0.5,-2.69,7.6238,0.0066,2065.67,34.77,536,1546,29,0.347,96.0,85.65,500,50.07,123.46,106.07,53.9,117.11,1122.54,93.48,24020.12,2.16,3.38
2014-10-21,7989.65,8060.11,7982.78,8053.18,0,3645.33,11913.94,4973.64,16.99,-1.22,-6.69,7.6322,0.0084,5399.08,1362.11,1070,920,79,1.163,96.0,95.14,500,50.07,123.46,106.07,53.9,117.11,1135.74,94.1,24325.13,2.21,3.38
2014-10-22,8056.74,8147.43,8049.37,8139.98,0,5352.39,11999.5,5034.87,17.18,0.19,1.1,7.6544,0.0221,-553.68,901.45,589,1501,105,0.392,96.0,89.58,500,50.07,123.46,106.07,53.9,117.11,1150.76,93.51,24282.95,2.16,3.38
2014-10-23,8141.43,8278.57,8078.24,8214.81,0,3058.64,12164.76,5108.68,16.2,-0.99,-5.73,7.6724,0.0181,-1902.38,4336.46,406,1642,103,0.247,96.0,91.69,500,50.07,123.46,106.07,53.9,117.11,1141.71,93.43,23853.74,2.14,3.38
2014-10-24,8210.99,8270.49,8195.1,8254.52,0,4239.86,12198.08,5114.71,18.63,2.43,15.03,7.6745,0.0021,-3128.11,2423.54,750,1228,83,0.611,96.0,88.27,500,50.07,123.46,106.07,53.9,117.11,1138.59,93.68,23740.25,2.18,3.38
2014-10-27,8234.98,8338.89,8178.75,8282.34,0,2395.6,12242.43,5142.44,13.43,-5.2,-27.91,7.6622,-0.0124,-1694.17,-1691.21,705,1228,35,0.574,96.0,86.6,500,50.07,123.46,106.07,53.9,117.11,1142.14,93.97,23552.19,2.22,3.38
2014-10-28,8292.78,8331.63,8182.1,8220.61,0,4787.78,12185.2,5088.35,18.56,5.13,38.21,7.6787,0.0165,2237.31,-333.89,930,1019,50,0.913,96.0,89.73,500,50.07,123.46,106.07,53.9,117.11,1129.13,94.81,23944.55,2.22,3.38
2014-10-29,8248.19,8326.86,8238.88,8317.48,0,2716.42,12294.16,5139.98,13.49,-5.07,-27.31,7.6909,0.0123,-159.79,226.61,446,1525,78,0.292,96.0,83.03,500,50.07,123.46,106.07,53.9,117.11,1136.98,95.38,23926.44,2.24,3.38
2014-10-30,8314.21,8685.44,8252.01,8620.95,0,3736.68,12707.17,5324.76,12.83,-0.66,-4.92,7.6577,-0.0332,-74.66,-8044.37,20,2002,48,0.01,96.0,87.83,500,50.07,123.46,106.07,53.9,117.11,1125.07,95.55,23782.12,2.22,3.38
2014-10-31,8619.4,8680.41,8534.59,8595.44,0,2779.24,12653.12,5324.95,19.79,6.96,54.25,7.6737,0.0161,64.88,4259.97,662,1310,82,0.505,96.0,82.02,500,50.07,123.46,106.07,53.9,117.11,1125.05,95.08,23583.84,2.26,3.38
2014-11-03,8588.17,8718.26,8535.57,8665.18,0,2892.86,12691.35,5381.25,21.71,1.92,9.7,7.6661,-0.0076,-1035.14,-901.81,757,1335,115,0.567,96.0,87.42,500,50.98,123.83,102.16,55.9,117.92,1127.44,95.1,23603.75,2.27,3.38
2014-11-04,8704.13,8759.1,8643.16,8698.09,0,1756.04,12778.55,5378.25,23.1,1.39,6.43,7.6692,0.0031,1187.43,-3672.46,977,975,65,1.002,96.0,87.5,500,50.98,123.83,102.16,55.9,117.92,1128.56,94.57,23584.58,2.29,3.38
2014-11-05,8705.63,8769.23,8657.17,8720.68,0,4920.43,12807.35,5392.73,21.25,-1.85,-8.02,7.6619,-0.0073,-3497.2,950.11,894,1049,60,0.852,96.0,91.64,500,50.98,123.83,102.16,55.9,117.92,1201.34,94.41,24110.71,2.27,3.38
2014-11-06,8737.68,8974.85,8677.44,8913.4,0,3002.34,12965.12,5448.15,15.22,-6.03,-28.38,7.6781,0.0162,-3442.92,4666.55,544,1555,76,0.35,96.0,91.09,500,50.98,123.83,102.16,55.9,117.92,1187.29,94.3,24229.84,2.27,3.38
2014-11-07,8915.58,9006.94,8836.51,8927.77,0,2626.56,12983.69,5457.28,16.7,1.48,9.73,7.6845,0.0064,2403.15,2418.81,804,1228,64,0.655,96.0,93.71,500,50.98,123.83,102.16,55.9,117.92,1141.53,93.96,24176.81,2.25,3.38
2014-11-10,8936.13,9062.06,8853.77,8979.3,0,2720.1,13090.28,5488.34,20.47,3.77,22.55,7.702,0.0175,-2469.9,1798.47,672,1381,78,0.487,96.0,92.03,500,50.98,123.83,102.16,55.9,117.92,1155.46,93.93,24177.25,2.22,3.38
2014-11-11,8984.97,9056.36,8913.59,8984.98,0,2552.31,13177.24,5517.84,15.33,-5.13,-25.09,7.702,0.0,-1108.47,-480.69,865,1092,99,0.792,96.0,92.85,500,50.98,123.83,102.16,55.9,117.92,1177.92,94.17,23943.09,2.27,3.38
2014-11-12,9000.87,9036.49,8924.87,8960.34,0,2967.85,13225.89,5474.57,20.14,4.8,31.32,7.7164,0.0144,2441.45,-3829.36,769,1300,93,0.592,96.0,88.12,500,50.98,123.83,102.16,55.9,117.92,1193.25,94.15,24016.16,2.26,3.38
2014-11-13,8957.23,9022.47,8898.53,8963.73,0,3339.59,13283.22,5473.25,16.64,-3.5,-17.38,7.7043,-0.0121,-1817.7,-2388.85,604,1338,31,0.451,96.0,86.0,500,50.98,123.83,102.16,55.9,117.92,1201.63,93.85,23897.11,2.3,3.38
2014-11-14,8975.02,9092.53,8792.88,8909.52,0,3847.73,13244.94,5458.58,19.92,3.29,19.75,7.7085,0.0042,-1719.03,1092.82,1036,950,97,1.091,96.0,95.04,500,50.98,123.83,102.16,55.9,117.92,1181.49,94.05,24121.42,2.26,3.38
2014-11-17,8896.18,9048.03,8855.05,9006.4,0,2037.07,13457.48,5562.87,11.11,-8.82,-44.26,7.7252,0.0167,-2349.72,-2923.21,463,1606,98,0.288,96.0,93.43,500,50.98,123.83,102.16,55.9,117.92,1135.93,94.44,23926.66,2.26,3.38
2014-11-18,9008.89,9044.88,9000.43,9036.39,0,3356.85,13483.31,5598.0,15.98,4.88,43.93,7.7134,-0.0118,2270.57,-822.84,1050,884,96,1.188,96.0,86.65,500,50.98,123.83,102.16,55.9,117.92,1154.82,94.34,23848.93,2.21,3.38
2014-11-19,9039.42,9167.12,8960.95,9088.23,0,1940.75,13531.91,5610.29,20.78,4.79,29.99,7.7134,0.0001,439.18,-212.17,877,1123,90,0.781,96.0,95.34,500,50.98,123.83,102.16,55.9,117.92,1157.72,94.23,23697.12,2.26,3.38
2014-11-20,9097.16,9292.02,8991.09,9184.93,0,4013.85,13679.78,5679.22,16.93,-3.85,-18.52,7.7278,0.0144,-2853.31,-966.9,268,1671,27,0.16,96.0,86.69,500,50.98,123.83,102.16,55.9,117.92,1145.83,93.59,23640.31,2.26,3.38
2014-11-21,9165.61,9376.16,9114.02,9323.68,0,3734.19,13876.67,5762.86,16.72,-0.21,-1.27,7.7375,0.0097,-818.23,-2117.09,576,1354,67,0.425,96.0,87.89,500,50.98,123.83,102.16,55.9,117.92,1156.65,93.83,24155.73,2.26,3.38
2014-11-24,9302.51,9319.58,9234.68,9251.66,0,3382.61,13709.63,5707.98,21.72,5.01,29.96,7.7408,0.0032,3502.76,-4448.32,1256,714,44,1.759,96.0,86.8,500,50.98,123.83,102.16,55.9,117.92,1190.83,93.53,24641.17,2.28,3.38
2014-11-25,9241.37,9273.85,9138.62,9170.84,0,2409.09,13660.68,5651.66,18.63,-3.09,-14.24,7.7326,-0.0082,3298.4,-72.99,821,1104,75,0.744,96.0,88.43,500,50.98,123.83,102.16,55.9,117.92,1207.82,92.74,25096.5,2.29,3.38
2014-11-26,9177.98,9290.63,9008.52,9120.46,0,4079.23,13652.84,5627.82,16.97,-1.66,-8.91,7.7321,-0.0005,-6414.52,-7710.79,866,1220,26,0.71,96.0,98.0,500,50.98,123.83,102.16,55.9,117.92,1240.7,93.46,25292.38,2.3,3.38
2014-11-27,9144.09,9242.99,9116.99,9215.68,0,1370.57,13781.64,5645.59,16.78,-0.19,-1.11,7.7176,-0.0145,-881.64,20.83,863,1118,92,0.772,96.0,84.6,500,50.98,123.83,102.16,55.9,117.92,1258.56,93.53,25672.82,2.36,3.38
2014-11-28,9229.41,9365.62,9140.98,9276.74,0,1774.47,13860.19,5696.29,18.19,1.41,8.39,7.7115,-0.0061,-2086.05,3151.99,603,1373,48,0.439,96.0,88.1,500,50.98,123.83,102.16,55.9,117.92,1263.81,93.38,26057.23,2.35,3.38
2014-12-01,9271.02,9324.85,9251.93,9305.69,0,2308.97,13998.4,5758.8,17.75,-0.44,-2.44,7.6963,-0.0152,-1474.15,-124.65,836,1108,32,0.755,96.0,85.43,500,49.17,124.19,98.37,50.88,118.24,1267.72,94.02,25571.7,2.34,3.38
2014-12-02,9293.37,9421.2,9222.95,9350.36,0,5124.2,14067.95,5815.1,18.9,1.15,6.49,7.6977,0.0014,-2469.93,-3599.5,661,1370,47,0.482,96.0,88.72,500,49.17,124.19,98.37,50.88,118.24,1219.52,94.28,25653.74,2.33,3.38
2014-12-03,9344.63,9389.19,9234.34,9278.59,0,3732.32,13933.28,5773.97,22.98,4.08,21.59,7.6938,-0.004,7837.0,2135.83,1148,785,109,1.462,96.0,93.89,500,49.17,124.19,98.37,50.88,118.24,1278.74,94.02,26023.28,2.3,3.38
2014-12-04,9317.06,9335.63,9247.46,9265.93,0,4268.27,13894.68,5729.32,21.53,-1.45,-6.31,7.7024,0.0086,582.01,2636.18,997,1051,129,0.949,96.0,90.35,500,49.17,124.19,98.37,50.88,118.24,1255.6,94.22,26489.93,2.29,3.38
2014-12-05,9292.51,9357.5,9235.32,9300.26,0,3098.83,14009.88,5762.71,18.12,-3.41,-15.86,7.6916,-0.0108,2062.87,-2096.19,551,1349,120,0.408,96.0,88.52,500,49.17,124.19,98.37,50.88,118.24,1256.06,94.63,26358.16,2.34,3.38
2014-12-08,9291.76,9469.47,9282.29,9459.83,0,2060.68,14194.93,5805.21,18.53,0.42,2.3,7.7122,0.0206,4136.84,13.19,423,1572,55,0.269,96.0,88.03,500,49.17,124.19,98.37,50.88,118.24,1259.98,95.17,26448.8,2.38,3.38
2014-12-09,9431.39,9573.44,9354.32,9495.84,0,2218.08,14307.8,5844.62,18.75,0.22,1.18,7.7009,-0.0113,-1121.92,-502.06,777,1182,129,0.657,96.0,89.2,500,49.17,124.19,98.37,50.88,118.24,1262.45,95.37,26608.48,2.4,3.38
2014-12-10,9520.54,9574.87,9466.25,9520.58,0,1485.08,14424.81,5846.98,18.2,-0.55,-2.93,7.695,-0.0059,611.7,2767.95,673,1370,119,0.491,96.0,89.07,500,49.17,124.19,98.37,50.88,118.24,1235.4,95.23,26017.63,2.39,3.38
2014-12-11,9523.49,9700.98,9396.35,9573.18,0,2433.0,14474.58,5871.97,16.6,-1.61,-8.82,7.7103,0.0153,-3848.11,533.54,873,1108,120,0.788,96.0,93.33,500,49.17,124.19,98.37,50.88,118.24,1251.87,95.3,26191.54,2.41,3.38
2014-12-12,9586.05,9659.01,9507.65,9580.57,0,2727.82,14441.99,5872.75,22.85,6.25,37.67,7.7283,0.018,1612.94,-254.33,1006,960,116,1.048,96.0,90.91,500,49.17,124.19,98.37,50.88,118.24,1219.19,94.88,26341.53,2.42,3.38
2014-12-15,9565.2,9746.08,9490.43,9670.49,0,2880.26,14618.5,5924.72,15.32,-7.53,-32.97,7.7399,0.0116,-3190.17,-3457.43,493,1426,63,0.346,96.0,90.12,500,49.17,124.19,98.37,50.88,118.24,1226.9,94.5,26420.47,2.37,3.38
2014-12-16,9716.19,9850.62,9665.18,9799.18,0,3153.37,14872.55,6036.69,15.97,0.65,4.25,7.729,-0.011,-658.12,2004.2,407,1641,22,0.248,96.0,87.09,500,49.17,124.19,98.37,50.88,118.24,1186.47,94.69,26248.51,2.4,3.38
2014-12-17,9823.1,9879.79,9637.93,9693.88,0,3327.33,14779.38,5978.65,17.61,1.64,10.27,7.7534,0.0244,-3045.92,726.35,1170,877,126,1.334,96.0,98.0,500,49.17,124.19,98.37,50.88,118.24,1159.44,94.95,26525.25,2.39,3.38
2014-12-18,9658.14,9740.88,9626.89,9709.47,0,4140.56,14778.99,5957.07,18.37,0.76,4.33,7.7541,0.0007,-821.9,2456.24,806,1161,118,0.694,96.0,82.75,500,49.17,124.19,98.37,50.88,118.24,1181.99,95.07,26014.82,2.43,3.38
2014-12-19,9683.5,9755.63,9625.73,9697.78,0,4256.88,14873.4,5979.98,17.08,-1.29,-7.04,7.7507,-0.0034,4331.88,546.31,769,1292,126,0.595,96.0,94.08,500,49.17,124.19,98.37,50.88,118.24,1209.94,95.23,26636.28,2.45,3.38
2014-12-22,9703.73,9768.1,9495.54,9558.94,0,2528.0,14742.7,5864.1,21.66,4.58,26.84,7.7473,-0.0035,-3055.25,-1618.93,1304,667,85,1.955,96.0,93.97,500,49.17,124.19,98.37,50.88,118.24,1238.09,94.39,27073.32,2.44,3.38
2014-12-23,9562.65,9699.73,9469.92,9606.57,0,6875.2,14848.76,5907.7,21.08,-0.58,-2.68,7.7568,0.0096,-3179.08,2128.04,803,1105,73,0.727,96.0,88.15,500,49.17,124.19,98.37,50.88,118.24,1265.03,94.71,27189.91,2.49,3.38
2014-12-24,9595.19,9875.35,9526.37,9805.02,0,5727.49,15119.59,6030.6,17.15,-3.93,-18.63,7.7539,-0.0029,2090.0,-220.41,326,1703,92,0.191,96.0,88.55,500,49.17,124.19,98.37,50.88,118.24,1264.06,94.66,27286.38,2.5,3.38
2014-12-25,9798.8,9958.28,9713.65,9872.49,0,4847.22,15275.25,6100.41,14.78,-2.37,-13.84,7.7484,-0.0055,-707.84,1006.33,694,1287,22,0.539,96.0,86.32,500,49.17,124.19,98.37,50.88,118.24,1235.3,94.04,27208.5,2.53,3.38
2014-12-26,9902.17,10075.84,9836.76,10009.72,0,4284.12,15447.09,6175.33,14.07,-0.71,-4.83,7.7302,-0.0182,47.8,2821.6,581,1465,52,0.397,96.0,88.93,500,49.17,124.19,98.37,50.88,118.24,1227.82,93.43,27446.85,2.55,3.38
2014-12-29,10015.92,10208.25,10002.87,10194.97,0,1258.55,15625.28,6277.32,18.44,4.37,31.07,7.7534,0.0232,1972.89,-481.44,361,1545,84,0.234,96.0,95.68,500,49.17,124.19,98.37,50.88,118.24,1284.35,93.9,27954.55,2.57,3.38
2014-12-30,10179.31,10256.63,10083.48,10160.66,0,3977.72,15525.54,6221.13,20.11,1.68,9.1,7.7462,-0.0072,3875.6,921.59,1173,817,89,1.436,96.0,89.02,500,49.17,124.19,98.37,50.88,118.24,1282.65,93.75,28182.58,2.57,3.38
2014-12-31,10143.49,10326.49,9987.47,10170.06,0,2463.95,15634.21,6239.95,14.83,-5.28,-26.25,7.7445,-0.0017,1011.87,3357.69,670,1270,99,0.528,96.0,87.39,500,49.17,124.19,98.37,50.88,118.24,1316.47,93.63,28016.73,2.51,3.38
2015-01-01,10149.31,10232.32,10132.5,10215.39,0,4057.78,15725.15,6309.59,16.3,1.47,9.88,7.7593,0.0148,-380.48,7938.92,640,1445,103,0.443,96.0,89.61,500,51.3,124.13,104.04,51.96,118.49,1333.65,93.34,27889.48,2.55,4.69
2015-01-02,10193.08,10263.97,10185.44,10256.29,0,1891.65,15724.2,6355.2,19.21,2.91,17.86,7.7741,0.0148,-2174.39,1382.5,859,1165,96,0.737,96.0,90.11,500,51.3,124.13,104.04,51.96,118.49,1342.06,93.86,28610.92,2.56,4.69
2015-01-05,10241.22,10333.4,10051.2,10142.49,0,3512.9,15569.25,6309.12,21.51,2.29,11.94,7.7877,0.0136,360.46,2392.77,961,1070,63,0.898,96.0,89.52,500,51.3,124.13,104.04,51.96,118.49,1374.7,93.44,28450.1,2.56,4.69
2015-01-06,10150.11,10271.01,10036.1,10156.92,0,2413.41,15489.45,6286.29,17.79,-3.71,-17.26,7.7988,0.0111,1651.7,1553.33,800,1274,110,0.628,96.0,89.52,500,51.3,124.13,104.04,51.96,118.49,1444.24,93.35,28807.32,2.57,4.69
2015-01-07,10175.72,10416.34,10090.91,10330.25,0,1642.98,15714.15,6326.79,17.21,-0.59,-3.3,7.8096,0.0108,-1774.34,-223.56,442,1583,74,0.279,96.0,89.84,500,51.3,124.13,104.04,51.96,118.49,1397.13,93.36,28745.96,2.58,4.69
2015-01-08,10299.61,10446.88,10254.71,10401.53,0,3472.34,15886.27,6378.79,18.09,0.88,5.12,7.8343,0.0247,910.12,1079.86,775,1155,44,0.671,96.0,90.62,500,51.3,124.13,104.04,51.96,118.49,1371.93,93.9,28764.45,2.69,4.69
2015-01-09,10404.81,10470.04,10256.73,10321.43,0,1591.96,15800.65,6327.17,15.62,-2.47,-13.63,7.8314,-0.0029,-2001.46,1235.68,862,1230,112,0.701,96.0,83.11,500,51.3,124.13,104.04,51.96,118.49,1368.61,93.94,29059.19,2.67,4.69
2015-01-12,10333.47,10380.82,10031.57,10077.75,0,6661.69,15420.67,6189.4,20.25,4.63,29.63,7.8173,-0.014,2110.72,999.26,1475,578,85,2.552,96.0,90.29,500,51.3,124.13,104.04,51.96,118.49,1403.44,94.35,28911.12,2.73,4.69
2015-01-13,10098.28,10115.89,9981.12,9998.55,0,4322.94,15263.91,6137.02,22.11,1.86,9.18,7.8293,0.012,-644.63,5707.88,845,1196,84,0.707,96.0,83.45,500,51.3,124.13,104.04,51.96,118.49,1429.6,93.93,29308.61,2.76,4.69
2015-01-14,10001.65,10125.44,9940.66,10064.06,0,2807.78,15451.41,6184.77,16.24,-5.87,-26.54,7.8388,0.0095,-6.21,354.87,770,1176,38,0.655,96.0,93.89,500,51.3,124.13,104.04,51.96,118.49,1467.56,93.35,29166.28,2.76,4.69
2015-01-15,10050.82,10069.73,9892.92,9911.58,0,3587.15,15158.68,6077.46,21.73,5.48,33.76,7.844,0.0051,5266.24,-93.12,1558,424,119,3.675,96.0,94.22,500,51.3,124.13,104.04,51.96,118.49,1518.41,93.47,29203.53,2.74,4.69
2015-01-16,9918.71,10003.87,9871.07,9956.05,0,1435.62,15313.45,6099.89,19.11,-2.62,-12.06,7.8524,0.0084,-10.03,399.37,701,1283,56,0.546,96.0,84.59,500,51.3,124.13,104.04,51.96,118.49,1517.97,93.24,28940.4,2.72,4.69
2015-01-19,9986.5,10082.17,9980.73,10076.35,0,4066.44,15409.95,6160.57,14.18,-4.92,-25.77,7.8371,-0.0153,-2549.66,-1199.37,690,1316,58,0.524,96.0,92.88,500,51.3,124.13,104.04,51.96,118.49,1527.36,93.57,28096.08,2.75,4.69
2015-01-20,10070.14,10094.15,10033.15,10057.13,0,3443.97,15330.31,6148.84,20.23,6.05,42.67,7.8325,-0.0046,-2917.51,-1479.5,895,1166,33,0.768,96.0,87.91,500,51.3,124.13,104.04,51.96,118.49,1474.78,93.31,28559.4,2.76,4.69
2015-01-21,10068.51,10115.29,10019.57,10066.34,0,1317.62,15342.28,6164.63,19.48,-0.75,-3.73,7.8595,0.0269,-1939.02,-348.57,563,1367,95,0.412,96.0,91.62,500,51.3,124.13,104.04,51.96,118.49,1527.74,93.06,29076.49,2.74,4.69
2015-01-22,10047.61,10198.51,9969.05,10119.39,0,3094.69,15492.03,6194.65,15.04,-4.44,-22.78,7.8581,-0.0013,7012.24,914.45,513,1513,64,0.339,96.0,89.13,500,51.3,124.13,104.04,51.96,118.49,1538.67,93.09,29743.22,2.79,4.69
2015-01-23,10138.86,10204.06,10074.52,10139.71,0,1373.03,15568.19,6227.94,16.05,1.01,6.71,7.8444,-0.0138,-2900.49,-3114.04,460,1508,40,0.305,96.0,91.07,500,51.3,124.13,104.04,51.96,118.49,1540.64,92.66,29508.48,2.74,4.69
2015-01-26,10181.34,10277.92,10028.93,10124.98,0,4524.18,15682.91,6196.21,16.15,0.1,0.62,7.8421,-0.0022,-1370.1,-2231.85,820,1278,42,0.642,96.0,86.74,500,51.3,124.13,104.04,51.96,118.49,1582.96,92.11,30281.87,2.73,4.69
2015-01-27,10087.03,10278.5,10012.6,10203.21,0,2926.84,15892.75,6258.86,18.32,2.16,13.4,7.8362,-0.0059,-1131.51,-2315.7,478,1578,21,0.303,96.0,88.97,500,51.3,124.13,104.04,51.96,118.49,1607.98,92.15,30000.51,2.78,4.69
2015-01-28,10239.47,10302.4,10149.38,10212.14,0,3232.62,15992.77,6295.82,15.87,-2.45,-13.38,7.8349,-0.0014,111.71,-336.67,796,1127,118,0.706,96.0,86.05,500,51.3,124.13,104.04,51.96,118.49,1588.22,92.14,30318.63,2.79,4.69
2015-01-29,10238.4,10345.78,10182.18,10289.29,0,3713.82,16139.76,6357.24,18.96,3.09,19.47,7.8078,-0.0271,-478.76,280.45,617,1378,65,0.448,96.0,89.45,500,51.3,124.13,104.04,51.96,118.49,1569.16,91.77,30275.46,2.77,4.69
2015-01-30,10279.76,10378.8,10121.17,10219.62,0,3839.59,15968.01,6287.83,17.78,-1.17,-6.18,7.8091,0.0013,1092.29,5122.14,1376,684,103,2.012,96.0,82.81,500,51.3,124.13,104.04,51.96,118.49,1598.14,92.34,30956.17,2.83,4.69
2015-02-02,10235.31,10348.41,10023.48,10135.47,0,2610.8,15813.95,6249.27,20.45,2.66,14.97,7.8278,0.0187,-1321.65,2989.74,1051,1032,78,1.018,96.0,94.83,500,50.79,124.33,102.89,54.25,118.72,1547.25,92.04,30506.52,2.81,4.69
2015-02-03,10127.1,10280.9,10034.46,10187.71,0,3158.41,15877.27,6287.14,17.53,-2.91,-14.25,7.8235,-0.0043,-3085.2,-475.42,732,1247,91,0.587,96.0,91.34,500,50.79,124.33,102.89,54.25,118.72,1593.34,91.67,30389.64,2.81,4.69
2015-02-04,10178.3,10273.96,10102.4,10197.91,0,7565.07,15815.94,6267.52,19.7,2.17,12.36,7.8383,0.0148,2732.94,1784.44,569,1364,29,0.417,96.0,85.67,500,50.79,124.33,102.89,54.25,118.72,1557.22,92.35,30354.83,2.83,4.69
2015-02-05,10197.38,10281.39,10048.24,10131.72,0,2338.08,15689.03,6204.38,21.67,1.97,10.01,7.8452,0.007,-5982.87,-4287.52,901,1036,90,0.87,96.0,80.38,500,50.79,124.33,102.89,54.25,118.72,1568.07,92.52,30302.41,2.83,4.69
2015-02-06,10135.94,10190.63,10086.64,10141.31,0,3935.78,15677.81,6205.96,18.86,-2.81,-12.98,7.842,-0.0032,347.55,2796.67,1011,1029,33,0.983,96.0,98.0,500,50.79,124.33,102.89,54.25,118.72,1495.88,92.74,29800.14,2.78,4.69
2015-02-09,10140.78,10317.4,10065.08,10240.95,0,2246.12,15839.81,6305.29,12.35,-6.51,-34.53,7.8507,0.0087,2413.43,2020.47,470,1561,113,0.301,96.0,94.16,500,50.79,124.33,102.89,54.25,118.72,1533.97,92.66,30482.9,2.81,4.69
2015-02-10,10235.62,10342.38,10212.98,10319.55,0,3020.36,15935.93,6366.21,14.81,2.46,19.93,7.8759,0.0252,-3606.84,-3574.8,724,1280,80,0.566,96.0,95.74,500,50.79,124.33,102.89,54.25,118.72,1541.57,92.96,30888.65,2.82,4.69
2015-02-11,10306.63,10405.46,10238.0,10336.63,0,5083.19,16010.55,6361.34,16.28,1.47,9.93,7.8743,-0.0015,4176.52,-7143.55,561,1348,54,0.416,96.0,87.82,500,50.79,124.33,102.89,54.25,118.72,1547.56,93.14,31111.53,2.84,4.69
2015-02-12,10361.86,10410.32,10246.9,10295.04,0,1910.96,15942.33,6359.35,18.81,2.54,15.58,7.8736,-0.0008,475.75,2824.3,969,1097,21,0.883,96.0,93.67,500,50.79,124.33,102.89,54.25,118.72,1592.07,93.13,31022.01,2.87,4.69
2015-02-13,10316.16,10391.62,10211.24,10286.48,0,6402.41,15911.03,6364.19,18.04,-0.77,-4.09,7.878,0.0045,-2241.3,-1573.34,622,1442,23,0.431,96.0,89.57,500,50.79,124.33,102.89,54.25,118.72,1582.53,93.33,30632.44,2.86,4.69
2015-02-16,10281.88,10293.17,10252.1,10263.37,0,2653.78,15852.26,6315.54,19.44,1.4,7.75,7.8762,-0.0018,3908.28,29.59,1058,882,75,1.2,96.0,85.07,500,50.79,124.33,102.89,54.25,118.72,1603.89,93.01,30863.67,2.85,4.69
2015-02-17,10255.54,10448.13,10193.61,10385.43,0,5621.31,16045.75,6366.05,15.04,-4.4,-22.61,7.8769,0.0006,2186.39,-1086.12,253,1746,32,0.145,96.0,90.6,500,50.79,124.33,102.89,54.25,118.72,1611.86,92.82,30539.66,2.83,4.69
2015-02-18,10382.71,10446.46,10269.73,10333.17,0,2214.11,15929.04,6347.1,20.46,5.41,35.97,7.9004,0.0235,-1901.38,4512.88,850,1153,129,0.737,96.0,92.37,500,50.79,124.33,102.89,54.25,118.72,1615.04,92.32,30843.31,2.8,4.69
2015-02-19,10329.54,10567.56,10210.4,10447.07,0,3008.27,15907.75,6385.62,14.99,-5.46,-26.7,7.9042,0.0038,-8043.95,1081.9,1122,939,107,1.195,96.0,89.31,500,50.79,124.33,102.89,54.25,118.72,1636.66,92.39,30576.79,2.78,4.69
2015-02-20,10457.97,10621.04,10381.49,10543.93,0,2529.9,15921.68,6384.79,14.5,-0.5,-3.31,7.8754,-0.0288,5431.32,1263.84,435,1629,113,0.267,96.0,88.38,500,50.79,124.33,102.89,54.25,118.72,1626.17,91.55,30483.44,2.81,4.69
2015-02-23,10548.72,10622.89,10419.97,10493.75,0,2780.69,15848.96,6347.86,16.39,1.89,13.04,7.8825,0.0071,-198.54,-1949.32,946,1077,27,0.878,96.0,84.65,500,50.79,124.33,102.89,54.25,118.72,1684.33,91.78,30073.0,2.79,4.69
2015-02-24,10513.85,10558.74,10433.09,10477.83,0,2505.06,15809.05,6345.27,19.47,3.08,18.79,7.8932,0.0107,3101.13,1613.24,1141,931,107,1.226,96.0,89.47,500,50.79,124.33,102.89,54.25,118.72,1633.91,91.77,29923.32,2.75,4.69
2015-02-25,10441.62,10603.27,10387.49,10548.59,0,3009.42,15974.06,6439.89,17.56,-1.91,-9.8,7.8814,-0.0119,-488.93,1959.33,734,1349,111,0.544,96.0,94.25,500,50.79,124.33,102.89,54.25,118.72,1702.17,92.28,29388.08,2.82,4.69
2015-02-26,10545.53,10625.25,10456.15,10535.8,0,4177.26,15976.93,6475.64,20.89,3.33,18.97,7.8715,-0.0098,-2655.65,70.5,581,1469,89,0.396,96.0,90.4,500,50.79,124.33,102.89,54.25,118.72,1736.62,92.19,29100.37,2.77,4.69
2015-02-27,10524.73,10609.63,10458.5,10543.28,0,2467.38,16077.42,6529.42,18.14,-2.75,-13.16,7.8709,-0.0007,1739.35,900.9,785,1178,28,0.666,96.0,92.99,500,50.79,124.33,102.89,54.25,118.72,1767.5,91.86,29199.08,2.78,4.69
2015-03-02,10565.65,10659.83,10393.66,10487.14,0,5499.81,15992.09,6468.52,18.33,0.19,1.03,7.8711,0.0002,160.61,-1390.73,1066,991,51,1.076,96.0,90.29,500,50.08,124.61,105.6,55.09,119.27,1754.29,91.32,29354.84,2.79,4.69
2015-03-03,10486.95,10532.13,10429.78,10474.91,0,1947.98,15907.4,6469.84,20.56,2.23,12.19,7.8615,-0.0096,-909.18,-3185.15,947,982,56,0.964,96.0,95.17,500,50.08,124.61,105.6,55.09,119.27,1771.72,91.48,29588.5,2.77,4.69
2015-03-04,10451.0,10536.78,10296.45,10381.67,0,3752.44,15790.82,6425.75,18.47,-2.09,-10.19,7.8437,-0.0178,6658.77,-447.64,1289,778,76,1.657,96.0,81.07,500,50.08,124.61,105.6,55.09,119.27,1777.36,91.1,29895.6,2.76,4.69
2015-03-05,10375.48,10395.98,10293.5,10313.89,0,2600.29,15703.74,6449.5,17.95,-0.51,-2.78,7.8463,0.0026,-425.12,-346.72,1034,1029,84,1.005,96.0,89.76,500,50.08,124.61,105.6,55.09,119.27,1792.54,90.8,30021.78,2.76,4.69
2015-03-06,10362.92,10449.33,10259.63,10345.89,0,2072.22,15738.09,6433.76,17.84,-0.11,-0.61,7.8449,-0.0014,13480.2,2731.61,541,1363,95,0.397,96.0,92.4,500,50.08,124.61,105.6,55.09,119.27,1756.72,91.05,29130.81,2.8,4.69
2015-03-09,10353.68,10410.69,10274.73,10331.61,0,3722.0,15716.47,6388.62,14.18,-3.66,-20.51,7.8302,-0.0147,7710.13,-2241.12,985,994,78,0.991,96.0,84.19,500,50.08,124.61,105.6,55.09,119.27,1795.75,90.37,29334.45,2.79,4.69
2015-03-10,10278.41,10392.35,10240.97,10354.64,0,1885.54,15728.87,6424.04,15.62,1.44,10.15,7.827,-0.0033,-743.49,-733.85,767,1143,41,0.671,96.0,91.94,500,50.08,124.61,105.6,55.09,119.27,1788.79,90.18,29915.51,2.76,4.69
2015-03-11,10371.12,10419.8,10240.72,10289.02,0,1167.22,15501.81,6367.38,19.03,3.41,21.81,7.8195,-0.0075,2142.82,137.71,1113,914,109,1.218,96.0,86.17,500,50.08,124.61,105.6,55.09,119.27,1797.63,89.6,30037.94,2.76,4.69
2015-03-12,10299.56,10456.26,10250.6,10406.79,0,4295.61,15746.63,6430.55,18.25,-0.78,-4.1,7.8126,-0.0069,2015.31,1549.22,504,1417,101,0.356,96.0,90.5,500,50.08,124.61,105.6,55.09,119.27,1821.65,89.45,30986.14,2.69,4.69
2015-03-13,10410.49,10479.86,10265.58,10334.45,0,3011.13,15661.19,6390.58,16.7,-1.55,-8.5,7.8224,0.0098,875.8,-2877.64,821,1115,113,0.736,96.0,92.76,500,50.08,124.61,105.6,55.09,119.27,1853.28,89.15,30758.87,2.74,4.69
2015-03-16,10309.9,10485.87,10199.63,10374.9,0,1854.98,15606.42,6383.97,17.59,0.89,5.32,7.8315,0.0091,-3454.53,1408.56,727,1277,67,0.569,96.0,84.93,500,50.08,124.61,105.6,55.09,119.27,1899.75,89.24,31065.47,2.68,4.69
2015-03-17,10406.55,10466.58,10219.93,10279.24,0,4393.72,15603.31,6376.24,19.54,1.96,11.12,7.8431,0.0116,-6517.83,304.95,1116,861,46,1.296,96.0,94.92,500,50.08,124.61,105.6,55.09,119.27,1893.48,89.67,31221.96,2.53,4.69
2015-03-18,10306.68,10318.19,10218.57,10229.99,0,4360.28,15628.93,6351.99,18.29,-1.26,-6.42,7.8384,-0.0048,-2719.39,-575.05,989,979,70,1.01,96.0,80.58,500,50.08,124.61,105.6,55.09,119.27,1870.26,89.71,31164.25,2.45,4.69
2015-03-19,10231.26,10304.83,10189.28,10262.73,0,7908.05,15681.24,6339.98,21.21,2.92,15.96,7.8255,-0.0129,1121.1,1472.58,959,1074,74,0.893,96.0,88.45,500,50.08,124.61,105.6,55.09,119.27,1942.32,89.49,31706.14,2.44,4.69
2015-03-20,10266.29,10329.31,10202.87,10265.89,0,2900.25,15692.81,6392.24,19.06,-2.15,-10.12,7.8356,0.0101,781.93,-2676.28,918,1143,40,0.803,96.0,86.29,500,50.08,124.61,105.6,55.09,119.27,1925.31,89.99,31991.57,2.44,4.69
2015-03-23,10229.04,10317.61,10146.05,10234.58,0,11000.05,15643.75,6362.32,20.71,1.64,8.63,7.8173,-0.0183,-1491.65,867.16,871,1130,117,0.771,96.0,85.33,500,50.08,124.61,105.6,55.09,119.27,1956.23,89.54,31406.86,2.45,4.69
2015-03-24,10230.95,10365.06,10199.58,10333.38,0,2451.14,15922.23,6456.0,16.03,-4.67,-22.57,7.8309,0.0135,-1678.36,3715.19,544,1505,122,0.361,96.0,95.8,500,50.08,124.61,105.6,55.09,119.27,2004.55,89.48,30980.94,2.43,4.69
2015-03-25,10326.03,10426.41,10250.92,10351.11,0,3797.48,15964.81,6481.86,18.72,2.69,16.76,7.8348,0.004,-947.51,45.83,799,1169,57,0.683,96.0,88.07,500,50.08,124.61,105.6,55.09,119.27,2032.91,89.67,31263.13,2.42,4.69
2015-03-26,10342.06,10516.67,10260.42,10434.31,0,7732.01,16106.91,6522.29,15.11,-3.61,-19.27,7.8324,-0.0025,-2802.58,-2059.12,744,1163,34,0.64,96.0,88.66,500,50.08,124.61,105.6,55.09,119.27,2129.59,90.04,31429.12,2.37,4.69
2015-03-27,10438.15,10570.18,10159.89,10290.05,0,1995.92,15900.02,6462.31,18.21,3.09,20.47,7.8295,-0.0029,-1078.2,3907.47,1171,740,72,1.582,96.0,88.36,500,50.08,124.61,105.6,55.09,119.27,2157.95,90.81,31547.78,2.33,4.69
2015-03-30,10308.66,10364.09,10136.36,10191.16,0,2936.89,15756.07,6373.42,23.99,5.78,31.76,7.8195,-0.01,-314.49,-1325.3,980,1082,43,0.906,96.0,88.83,500,50.08,124.61,105.6,55.09,119.27,2166.63,90.54,31070.22,2.3,4.69
2015-03-31,10190.65,10282.49,10138.39,10230.03,0,6041.25,15867.84,6388.03,19.57,-4.41,-18.4,7.8277,0.0082,5895.65,1879.36,884,1162,42,0.761,96.0,92.13,500,50.08,124.61,105.6,55.09,119.27,2229.13,90.97,31476.67,2.38,4.69
2015-04-01,10224.36,10352.94,10194.74,10323.03,0,2082.42,16020.34,6462.72,19.67,0.1,0.51,7.832,0.0043,1301.05,-1095.62,513,1486,119,0.345,96.0,87.38,500,50.79,124.62,108.01,54.6,119.24,2103.21,91.36,31770.42,2.38,6.41
2015-04-02,10341.49,10399.56,10192.34,10249.89,0,4493.86,15980.53,6439.28,18.3,-1.37,-6.96,7.842,0.01,-2376.75,-3481.92,1008,1004,122,1.004,96.0,94.02,500,50.79,124.62,108.01,54.6,119.24,2004.92,91.71,31970.57,2.42,6.41
2015-04-03,10283.27,10367.75,10176.42,10260.72,0,2525.99,16055.2,6491.2,16.52,-1.79,-9.75,7.8354,-0.0066,1480.76,-2773.13,812,1270,91,0.639,96.0,89.51,500,50.79,124.62,108.01,54.6,119.24,1932.59,91.65,32396.21,2.38,6.41
2015-04-06,10234.48,10327.36,10069.58,10161.81,0,1600.69,15924.36,6474.43,17.78,1.26,7.61,7.8534,0.0179,-308.86,-1836.15,1224,813,88,1.506,96.0,86.65,500,50.79,124.62,108.01,54.6,119.24,1950.53,92.16,32917.1,2.41,6.41
2015-04-07,10164.0,10198.5,10052.4,10086.64,0,4413.96,15942.8,6511.39,20.98,3.2,18.02,7.8342,-0.0191,1495.68,-1096.16,975,1004,53,0.971,96.0,96.47,500,50.79,124.62,108.01,54.6,119.24,1935.87,91.65,32404.33,2.41,6.41
2015-04-08,10085.54,10252.1,9978.6,10144.53,0,4066.25,15961.73,6532.66,19.34,-1.64,-7.82,7.8411,0.0069,-2145.1,5628.52,854,1098,38,0.778,96.0,94.72,500,50.79,124.62,108.01,54.6,119.24,2004.94,91.28,32081.99,2.4,6.41
2015-04-09,10146.33,10224.53,10092.99,10171.06,0,5329.49,15939.36,6506.5,18.34,-1.0,-5.17,7.8379,-0.0032,2799.75,1608.78,1128,839,81,1.344,96.0,87.25,500,50.79,124.62,108.01,54.6,119.24,1996.88,91.05,32143.37,2.45,6.41
2015-04-10,10161.0,10254.23,10028.11,10120.97,0,2706.45,15907.55,6487.67,16.74,-1.6,-8.74,7.844,0.0061,1199.49,745.12,1222,847,128,1.443,96.0,82.94,500,50.79,124.62,108.01,54.6,119.24,2030.15,91.57,32642.89,2.48,6.41
2015-04-13,10122.44,10192.12,10064.48,10134.1,0,3383.34,15955.11,6506.96,18.98,2.24,13.39,7.8289,-0.0151,2767.03,-5053.65,686,1330,94,0.516,96.0,85.32,500,50.79,124.62,108.01,54.6,119.24,2090.52,91.59,32772.66,2.57,6.41
2015-04-14,10160.19,10305.87,10085.3,10230.46,0,2073.89,16129.38,6552.79,17.02,-1.96,-10.31,7.8401,0.0112,-2673.36,-5220.07,407,1640,79,0.248,96.0,92.27,500,50.79,124.62,108.01,54.6,119.24,2074.45,91.51,32654.94,2.53,6.41
2015-04-15,10232.37,10310.38,10025.51,10102.52,0,3119.96,15763.03,6432.49,16.89,-0.13,-0.78,7.8247,-0.0153,6135.3,2648.65,1099,809,92,1.358,96.0,86.33,500,50.79,124.62,108.01,54.6,119.24,2131.0,91.62,32903.63,2.52,6.41
2015-04-16,10143.63,10206.21,10031.07,10093.34,0,3360.32,15793.07,6408.0,16.37,-0.52,-3.08,7.8514,0.0267,-4037.19,-2251.66,873,1050,30,0.831,96.0,93.36,500,50.79,124.62,108.01,54.6,119.24,2050.49,91.49,33145.04,2.47,6.41
2015-04-17,10078.0,10312.17,9981.38,10214.25,0,1430.61,15913.44,6458.91,15.74,-0.62,-3.82,7.8206,-0.0309,331.22,1912.17,599,1410,42,0.425,96.0,92.13,500,50.79,124.62,108.01,54.6,119.24,1944.94,91.53,33112.09,2.47,6.41
2015-04-20,10221.91,10393.0,10162.85,10333.29,0,2128.57,16167.89,6557.61,17.31,1.56,9.94,7.8413,0.0207,2061.23,-999.73,618,1387,51,0.446,96.0,97.36,500,50.79,124.62,108.01,54.6,119.24,1979.34,91.37,33994.82,2.48,6.41
2015-04-21,10285.32,10376.9,10198.85,10290.38,0,4575.02,16139.46,6530.41,16.08,-1.23,-7.11,7.8436,0.0023,-134.57,3245.65,880,1211,122,0.727,96.0,83.76,500,50.79,124.62,108.01,54.6,119.24,2024.26,91.88,33912.01,2.43,6.41
2015-04-22,10283.24,10493.4,10238.8,10448.25,0,1546.48,16345.7,6642.13,15.32,-0.76,-4.71,7.8463,0.0028,2285.15,2136.64,481,1458,79,0.33,96.0,90.09,500,50.79,124.62,108.01,54.6,119.24,1983.73,91.98,34186.46,2.45,6.41
2015-04-23,10431.93,10503.06,10118.67,10188.14,0,3685.94,16018.32,6492.36,19.47,4.15,27.08,7.8233,-0.023,1632.93,380.78,1579,329,118,4.799,96.0,89.94,500,50.79,124.62,108.01,54.6,119.24,1930.59,91.47,33682.94,2.48,6.41
2015-04-24,10182.08,10189.87,10087.78,10095.51,0,2430.73,15838.24,6433.73,21.15,1.69,8.67,7.8298,0.0065,-617.06,1605.03,865,1196,98,0.723,96.0,81.56,500,50.79,124.62,108.01,54.6,119.24,1945.4,90.89,34428.34,2.51,6.41
2015-04-27,10071.21,10123.2,9980.47,10032.26,0,880.71,15605.32,6385.24,16.49,-4.67,-22.07,7.837,0.0072,3906.08,387.76,935,1026,123,0.911,96.0,94.57,500,50.79,124.62,108.01,54.6,119.24,1991.19,90.15,34540.36,2.46,6.41
2015-04-28,10023.28,10122.04,10020.32,10119.05,0,4032.84,15694.73,6438.41,18.79,2.3,13.97,7.8394,0.0024,1367.64,-749.42,731,1296,99,0.564,96.0,85.44,500,50.79,124.62,108.01,54.6,119.24,2018.21,90.07,34681.86,2.51,6.41
2015-04-29,10102.41,10139.58,10016.1,10053.09,0,3460.9,15452.15,6366.25,17.82,-0.97,-5.16,7.8389,-0.0005,88.77,1018.2,1162,785,84,1.48,96.0,90.42,500,50.79,124.62,108.01,54.6,119.24,2012.76,90.11,35268.48,2.5,6.41
2015-04-30,10099.72,10224.86,9997.92,10122.82,0,4204.37,15619.17,6409.89,18.81,0.99,5.55,7.8356,-0.0033,-7007.17,-1328.54,534,1409,33,0.379,96.0,82.54,500,50.79,124.62,108.01,54.6,119.24,2043.61,90.47,34628.3,2.49,6.41
2015-05-01,10141.22,10213.4,9822.58,9892.99,0,4912.85,15283.22,6276.01,20.66,1.85,9.82,7.837,0.0014,1951.45,1191.66,1603,327,114,4.902,96.0,88.16,500,49.18,125.3,94.42,53.26,119.34,2052.89,89.91,35444.47,2.47,6.41
2015-05-04,9873.38,10008.82,9786.57,9921.58,0,3353.57,15240.45,6284.66,20.34,-0.32,-1.53,7.842,0.0049,1983.94,460.88,700,1251,82,0.56,96.0,92.38,500,49.18,125.3,94.42,53.26,119.34,2065.48,89.41,35831.05,2.44,6.41
2015-05-05,9935.8,9991.46,9867.8,9923.4,0,4201.76,15351.67,6338.97,18.0,-2.34,-11.49,7.8173,-0.0247,487.85,-1330.38,700,1399,96,0.5,96.0,88.39,500,49.18,125.3,94.42,53.26,119.34,2049.59,89.27,35594.12,2.42,6.41
2015-05-06,9924.57,9951.71,9808.46,9835.36,0,3538.01,15246.42,6312.44,18.98,0.98,5.43,7.8251,0.0079,7849.53,-323.48,839,1189,81,0.706,96.0,86.35,500,49.18,125.3,94.42,53.26,119.34,2037.92,89.14,35751.89,2.38,6.41
2015-05-07,9836.43,9918.21,9734.47,9816.09,0,2066.93,15159.55,6289.13,21.21,2.23,11.76,7.8352,0.01,1364.4,636.55,1140,838,46,1.36,96.0,88.97,500,49.18,125.3,94.42,53.26,119.34,1982.88,89.12,35178.77,2.33,6.41
2015-05-08,9815.35,9904.88,9747.3,9836.69,0,1897.79,15288.88,6330.88,17.6,-3.61,-17.04,7.8165,-0.0186,143.73,2764.63,751,1346,106,0.558,96.0,89.69,500,49.18,125.3,94.42,53.26,119.34,2096.42,88.74,35425.69,2.28,6.41
2015-05-11,9831.57,9914.13,9751.57,9834.12,0,1935.5,15354.44,6376.83,18.61,1.01,5.75,7.819,0.0025,531.1,-5376.22,818,1204,38,0.679,96.0,81.46,500,49.18,125.3,94.42,53.26,119.34,2064.73,88.33,35442.72,2.26,6.41
2015-05-12,9827.58,9983.87,9753.35,9909.03,0,1848.62,15500.35,6430.89,17.1,-1.51,-8.14,7.8152,-0.0039,-1038.11,5194.37,604,1335,75,0.452,96.0,83.19,500,49.18,125.3,94.42,53.26,119.34,2112.24,88.29,35106.16,2.24,6.41
2015-05-13,9915.87,9989.21,9788.0,9860.93,0,4328.88,15382.21,6388.53,21.95,4.85,28.38,7.7888,-0.0264,-1094.9,1472.11,1050,1007,91,1.043,96.0,88.29,500,49.18,125.3,94.42,53.26,119.34,2075.58,88.55,35396.75,2.23,6.41
2015-05-14,9865.07,9928.39,9626.65,9688.83,0,6801.4,15147.47,6299.49,18.23,-3.71,-16.93,7.793,0.0043,-3013.64,2641.91,1285,744,128,1.727,96.0,91.16,500,49.18,125.3,94.42,53.26,119.34,2109.48,88.68,35459.89,2.16,6.41
2015-05-15,9722.35,9855.08,9568.91,9701.35,0,3530.36,15169.46,6315.47,18.24,0.01,0.04,7.7827,-0.0103,1738.01,-696.95,713,1257,64,0.567,96.0,84.26,500,49.18,125.3,94.42,53.26,119.34,2172.64,88.59,35261.96,2.1,6.41
2015-05-18,9678.72,9708.75,9662.99,9693.0,0,4177.04,15202.17,6317.02,15.35,-2.89,-15.85,7.7744,-0.0083,-3524.78,2187.65,857,1138,129,0.753,96.0,86.33,500,49.18,125.3,94.42,53.26,119.34,2231.98,87.97,35459.63,2.13,6.41
2015-05-19,9684.91,9719.87,9665.23,9700.16,0,2375.35,15338.48,6325.33,17.38,2.03,13.21,7.7859,0.0115,-340.01,-946.41,871,1119,108,0.778,96.0,90.99,500,49.18,125.3,94.42,53.26,119.34,2309.45,88.31,35404.63,2.08,6.41
2015-05-20,9664.89,9707.0,9599.05,9641.05,0,2217.93,15250.88,6299.74,17.46,0.08,0.45,7.7857,-0.0002,-99.76,-682.53,1100,899,63,1.224,96.0,85.93,500,49.18,125.3,94.42,53.26,119.34,2363.57,88.2,35664.64,2.13,6.41
2015-05-21,9645.05,9747.62,9550.71,9653.2,0,2750.25,15341.4,6316.28,19.54,2.08,11.93,7.792,0.0063,-1225.66,-4352.74,959,962,129,0.997,96.0,85.47,500,49.18,125.3,94.42,53.26,119.34,2456.74,87.58,35948.12,2.16,6.41
2015-05-22,9657.89,9728.64,9520.65,9590.91,0,1774.96,15204.95,6253.36,20.92,1.39,7.1,7.7984,0.0064,2517.59,-64.92,1059,867,41,1.221,96.0,88.32,500,49.18,125.3,94.42,53.26,119.34,2449.74,87.66,34988.57,2.2,6.41
2015-05-25,9567.52,9704.9,9241.16,9375.79,0,4322.4,14928.78,6094.51,22.13,1.21,5.78,7.8057,0.0073,-1454.57,1189.74,1375,636,33,2.162,96.0,91.89,500,49.18,125.3,94.42,53.26,119.34,2408.11,88.49,35602.51,2.22,6.41
2015-05-26,9350.08,9394.98,9277.46,9322.22,0,3388.19,14793.73,6063.82,20.33,-1.81,-8.17,7.7979,-0.0077,-848.25,2246.52,935,1082,81,0.864,96.0,93.61,500,49.18,125.3,94.42,53.26,119.34,2311.66,88.69,35939.63,2.21,6.41
2015-05-27,9343.2,9499.21,9287.53,9442.95,0,3526.78,15028.04,6203.35,15.06,-5.26,-25.89,7.8034,0.0054,-1185.1,5120.94,538,1545,52,0.348,96.0,91.43,500,49.18,125.3,94.42,53.26,119.34,2333.35,89.2,36070.77,2.23,6.41
2015-05-28,9441.95,9506.13,9285.26,9348.8,0,2530.85,14850.57,6151.32,18.55,3.48,23.12,7.8269,0.0236,-5659.34,-2437.9,1169,808,105,1.447,96.0,88.55,500,49.18,125.3,94.42,53.26,119.34,2285.47,88.54,36553.19,2.23,6.41
2015-05-29,9327.91,9443.4,9254.5,9369.67,0,5392.68,14900.68,6171.35,16.86,-1.68,-9.07,7.8387,0.0118,-1884.45,2464.11,751,1156,122,0.65,96.0,89.98,500,49.18,125.3,94.42,53.26,119.34,2269.44,88.23,36906.61,2.23,6.41
2015-06-01,9389.4,9510.02,9378.0,9498.49,0,2613.91,14974.54,6237.8,15.24,-1.62,-9.62,7.8369,-0.0018,2913.3,1576.05,632,1280,127,0.494,96.0,88.99,500,50.01,125.91,96.81,52.91,119.65,2303.38,87.96,36579.3,2.2,6.41
2015-06-02,9503.3,9703.5,9414.63,9613.8,0,2813.49,15110.11,6286.22,12.63,-2.61,-17.13,7.8534,0.0164,8990.22,-65.23,441,1536,57,0.287,96.0,88.48,500,50.01,125.91,96.81,52.91,119.65,2237.69,88.67,35658.35,2.2,6.41
2015-06-03,9596.05,9714.97,9545.31,9663.87,0,4393.01,15163.02,6288.08,18.83,6.2,49.08,7.8443,-0.009,-583.69,721.32,1149,791,116,1.453,96.0,88.62,500,50.01,125.91,96.81,52.91,119.65,2255.56,87.98,36056.49,2.19,6.41
2015-06-04,9636.02,9741.35,9523.33,9628.58,0,2733.94,15191.77,6259.41,17.41,-1.42,-7.53,7.8629,0.0186,-1443.64,-598.72,728,1262,41,0.577,96.0,87.14,500,50.01,125.91,96.81,52.91,119.65,2256.17,88.26,36333.11,2.13,6.41
2015-06-05,9627.02,9653.7,9482.64,9509.0,0,2140.32,15026.48,6202.83,20.92,3.51,20.17,7.8616,-0.0013,-1610.79,-3495.82,920,1006,114,0.915,96.0,89.14,500,50.01,125.91,96.81,52.91,119.65,2425.6,87.85,36102.49,2.12,6.41
2015-06-08,9436.12,9519.04,9379.42,9462.18,0,4788.18,15040.15,6171.57,14.27,-6.66,-31.81,7.8486,-0.013,2482.08,-1414.26,900,1009,38,0.892,96.0,92.31,500,50.01,125.91,96.81,52.91,119.65,2498.2,87.83,35827.44,2.07,6.41
2015-06-09,9464.56,9614.79,9426.37,9576.15,0,5466.76,15212.3,6242.26,12.44,-1.83,-12.83,7.8488,0.0003,-1176.92,-1104.28,820,1178,40,0.696,96.0,84.58,500,50.01,125.91,96.81,52.91,119.65,2537.77,87.57,35966.97,2.11,6.41
2015-06-10,9552.89,9605.11,9471.69,9523.75,0,1951.46,15253.37,6274.4,18.19,5.75,46.24,7.8414,-0.0074,-42.18,-3027.22,825,1134,96,0.728,96.0,87.93,500,50.01,125.91,96.81,52.91,119.65,2523.88,87.75,36224.97,2.05,6.41
2015-06-11,9526.32,9586.57,9447.44,9507.56,0,2013.63,15200.39,6216.94,19.59,1.4,7.69,7.8305,-0.0109,1021.39,3167.33,1003,949,65,1.057,96.0,91.88,500,50.01,125.91,96.81,52.91,119.65,2494.6,87.94,36764.62,2.03,6.41
2015-06-12,9521.38,9572.42,9426.01,9476.81,0,2490.59,15176.47,6186.36,17.0,-2.59,-13.22,7.8274,-0.003,71.41,1894.22,771,1248,71,0.618,96.0,88.59,500,50.01,125.91,96.81,52.91,119.65,2507.49,87.89,37144.43,1.98,6.41
2015-06-15,9483.79,9534.44,9395.09,9445.53,0,3195.98,15142.67,6201.04,18.55,1.55,9.13,7.8175,-0.01,1625.47,899.34,962,1088,28,0.884,96.0,90.19,500,50.01,125.91,96.81,52.91,119.65,2562.58,87.69,36586.97,1.95,6.41
2015-06-16,9452.6,9522.33,9276.98,9345.92,0,5097.48,15007.93,6145.37,18.43,-0.12,-0.65,7.8373,0.0199,1154.21,1534.43,1034,1034,93,1.0,96.0,86.8,500,50.01,125.91,96.81,52.91,119.65,2463.18,87.98,36876.1,1.93,6.41
2015-06-17,9348.29,9427.3,9283.91,9362.81,0,4207.09,15124.57,6169.06,17.83,-0.6,-3.24,7.8261,-0.0112,3051.96,1674.41,743,1297,26,0.573,96.0,88.46,500,50.01,125.91,96.81,52.91,119.65,2430.76,88.03,36789.23,1.91,6.41
2015-06-18,9346.36,9527.07,9236.38,9416.26,0,4812.59,15169.89,6168.21,17.15,-0.68,-3.81,7.8191,-0.0071,5471.59,-853.58,1022,923,35,1.107,96.0,86.49,500,50.01,125.91,96.81,52.91,119.65,2621.74,87.54,37222.84,1.94,6.41
2015-06-19,9417.32,9523.37,9357.11,9462.86,0,2474.22,15165.59,6150.16,20.8,3.65,21.27,7.8388,0.0198,310.26,626.59,742,1264,99,0.587,96.0,87.77,500,50.01,125.91,96.81,52.91,119.65,2764.93,87.18,37547.44,1.91,6.41
2015-06-22,9476.09,9689.59,9347.6,9559.96,0,2312.25,15224.48,6172.09,17.98,-2.82,-13.54,7.834,-0.0049,-3611.16,317.7,595,1416,80,0.42,96.0,91.82,500,50.01,125.91,96.81,52.91,119.65,2707.64,87.07,37949.55,1.82,6.41
2015-06-23,9560.97,9640.28,9447.44,9526.47,0,5017.95,15256.06,6156.49,16.22,-1.77,-9.82,7.847,0.0131,-2081.54,324.36,789,1170,64,0.674,96.0,85.88,500,50.01,125.91,96.81,52.91,119.65,2713.74,87.02,38807.58,1.77,6.41
2015-06-24,9516.32,9640.59,9476.09,9600.01,0,2805.2,15397.99,6245.87,21.22,5.01,30.88,7.8409,-0.0061,1877.43,2507.22,572,1429,83,0.4,96.0,90.07,500,50.01,125.91,96.81,52.91,119.65,2846.78,87.43,38368.61,1.76,6.41
2015-06-25,9613.56,9651.9,9488.5,9526.5,0,2685.47,15264.59,6182.23,17.82,-3.41,-16.06,7.8298,-0.0111,1851.89,3494.83,989,943,38,1.049,96.0,86.35,500,50.01,125.91,96.81,52.91,119.65,2713.17,88.16,38552.29,1.74,6.41
2015-06-26,9556.29,9620.22,9409.19,9472.56,0,3823.13,15252.27,6152.7,19.63,1.81,10.18,7.8569,0.0271,1024.51,-1863.78,1117,815,25,1.371,96.0,88.64,500,50.01,125.91,96.81,52.91,119.65,2689.67,88.11,38319.35,1.76,6.41
2015-06-29,9482.27,9539.03,9406.77,9463.42,0,1969.8,15207.56,6138.94,15.05,-4.58,-23.33,7.8559,-0.001,-2913.91,1589.6,699,1320,53,0.53,96.0,87.61,500,50.01,125.91,96.81,52.91,119.65,2648.98,88.05,38734.03,1.81,6.41
2015-06-30,9444.68,9542.49,9389.45,9487.01,0,2243.81,15186.78,6119.09,20.54,5.49,36.49,7.8668,0.011,-2951.57,73.75,1127,820,97,1.374,96.0,84.64,500,50.01,125.91,96.81,52.91,119.65,2690.3,88.37,38755.64,1.77,6.41
2015-07-01,9485.28,9601.89,9292.76,9408.43,0,1733.82,14979.97,6048.32,21.39,0.85,4.13,7.8534,-0.0134,2278.28,-647.46,1088,871,50,1.249,96.0,82.06,500,49.47,126.27,99.03,52.83,119.9,2782.02,88.75,38726.27,1.76,6.17
2015-07-02,9419.6,9525.52,9377.28,9482.91,0,3022.16,15083.22,6086.43,17.08,-4.31,-20.15,7.8494,-0.004,3460.76,4002.96,1051,957,22,1.098,96.0,83.81,500,49.47,126.27,99.03,52.83,119.9,2890.12,88.45,38654.43,1.78,6.17
2015-07-03,9477.2,9560.33,9334.67,9417.27,0,3195.86,14881.35,6023.64,18.42,1.34,7.86,7.8525,0.003,7160.78,863.41,1260,733,93,1.719,96.0,90.86,500,49.47,126.27,99.03,52.83,119.9,2787.46,88.96,38445.12,1.83,6.17
2015-07-06,9415.69,9493.2,9387.58,9464.95,0,2583.15,15036.51,6072.43,16.47,-1.95,-10.61,7.841,-0.0114,2304.01,691.12,402,1555,98,0.259,96.0,91.96,500,49.47,126.27,99.03,52.83,119.9,2777.02,88.18,39081.18,1.8,6.17
2015-07-07,9451.92,9630.15,9397.61,9575.13,0,3124.22,15149.05,6123.94,16.63,0.16,0.95,7.8604,0.0194,328.52,3304.91,784,1256,31,0.624,96.0,82.78,500,49.47,126.27,99.03,52.83,119.9,2665.41,88.55,39560.89,1.8,6.17
2015-07-08,9556.17,9654.05,9349.88,9446.63,0,3470.48,15069.46,6057.99,19.09,2.47,14.83,7.8586,-0.0019,-5389.94,1560.12,1103,928,110,1.189,96.0,92.49,500,49.47,126.27,99.03,52.83,119.9,2663.82,88.45,39648.55,1.82,6.17
2015-07-09,9458.85,9498.59,9419.62,9459.36,0,2259.07,15190.61,6033.03,19.29,0.2,1.02,7.8754,0.0168,19.89,-2.83,733,1194,29,0.614,96.0,90.84,500,49.47,126.27,99.03,52.83,119.9,2729.74,88.46,39675.75,1.84,6.17
2015-07-10,9435.17,9532.38,9335.57,9432.76,0,5569.67,15271.31,6016.98,18.31,-0.97,-5.04,7.8925,0.0172,929.88,2356.29,728,1307,109,0.557,96.0,88.93,500,49.47,126.27,99.03,52.83,119.9,2785.01,87.95,39892.67,1.79,6.17
2015-07-13,9434.01,9549.47,9268.09,9382.92,0,4826.08,15238.53,6017.9,20.92,2.6,14.21,7.9046,0.0121,5884.89,-4728.87,1120,885,75,1.266,96.0,89.46,500,49.47,126.27,99.03,52.83,119.9,2812.28,87.78,40052.13,1.81,6.17
2015-07-14,9384.75,9455.01,9348.98,9419.11,0,3617.85,15256.62,6051.39,17.28,-3.64,-17.41,7.9054,0.0007,461.71,3591.07,706,1277,124,0.553,96.0,85.21,500,49.47,126.27,99.03,52.83,119.9,2763.63,87.54,40255.9,1.8,6.17
2015-07-15,9409.52,9656.41,9341.83,9587.44,0,4346.0,15438.17,6135.04,16.69,-0.58,-3.37,7.8818,-0.0236,-1345.2,-1007.73,503,1528,59,0.329,96.0,89.96,500,49.47,126.27,99.03,52.83,119.9,2593.69,87.18,40689.62,1.79,6.17
2015-07-16,9581.19,9700.9,9502.07,9621.45,0,9143.19,15484.75,6125.16,19.35,2.66,15.92,7.9163,0.0345,-2614.3,906.41,697,1310,126,0.532,96.0,91.1,500,49.47,126.27,99.03,52.83,119.9,2668.44,87.58,40785.42,1.77,6.17
2015-07-17,9650.83,9717.36,9495.36,9561.26,0,4491.72,15319.39,6058.19,19.75,0.4,2.06,7.921,0.0047,-1187.52,-1917.42,1273,758,55,1.679,96.0,78.35,500,49.47,126.27,99.03,52.83,119.9,2603.24,87.56,40806.69,1.74,6.17
2015-07-20,9562.03,9719.19,9481.48,9638.0,0,4940.9,15479.85,6124.49,17.36,-2.39,-12.09,7.9374,0.0164,3822.49,1120.49,738,1262,89,0.585,96.0,89.74,500,49.47,126.27,99.03,52.83,119.9,2565.1,87.25,40628.53,1.79,6.17
2015-07-21,9619.51,9771.75,9618.13,9770.34,0,3206.14,15781.39,6229.21,16.88,-0.48,-2.78,7.943,0.0056,-1668.93,-1167.1,350,1704,37,0.205,96.0,86.14,500,49.47,126.27,99.03,52.83,119.9,2476.82,86.83,40332.54,1.81,6.17
2015-07-22,9782.48,9842.89,9719.8,9780.19,0,3487.06,15843.74,6262.22,17.32,0.44,2.6,7.9289,-0.0141,805.69,1200.1,592,1350,91,0.439,96.0,89.59,500,49.47,126.27,99.03,52.83,119.9,2545.88,87.45,40317.78,1.77,6.17
2015-07-23,9791.22,9963.45,9713.79,9885.28,0,4646.17,16001.77,6332.08,17.62,0.3,1.75,7.9382,0.0092,5160.03,697.95,715,1306,29,0.547,96.0,87.5,500,49.47,126.27,99.03,52.83,119.9,2690.68,86.92,40549.06,1.75,6.17
2015-07-24,9837.84,9956.53,9778.94,9897.28,0,1127.75,16035.84,6338.75,17.1,-0.52,-2.94,7.9445,0.0064,-131.92,-1379.52,834,1186,84,0.703,96.0,93.76,500,49.47,126.27,99.03,52.83,119.9,2641.87,86.7,40758.64,1.8,6.17
2015-07-27,9930.68,10022.55,9891.29,9982.95,0,2322.24,16228.1,6419.07,16.82,-0.28,-1.66,7.9451,0.0006,-1412.79,-1681.3,736,1170,20,0.629,96.0,93.9,500,49.47,126.27,99.03,52.83,119.9,2597.85,86.4,41019.23,1.81,6.17
2015-07-28,9963.55,10035.79,9646.36,9716.81,0,3025.04,15853.16,6308.87,17.68,0.86,5.14,7.9339,-0.0112,-1974.0,-3219.84,1035,889,98,1.164,96.0,87.03,500,49.47,126.27,99.03,52.83,119.9,2692.15,86.28,40674.58,1.79,6.17
2015-07-29,9708.8,9892.24,9627.45,9810.04,0,2579.32,16008.08,6401.53,19.41,1.72,9.75,7.9312,-0.0027,2797.57,-3353.43,418,1490,37,0.281,96.0,90.06,500,49.47,126.27,99.03,52.83,119.9,2818.81,86.7,41552.13,1.87,6.17
2015-07-30,9830.9,10063.57,9760.03,9991.55,0,2383.68,16216.44,6475.68,15.85,-3.56,-18.34,7.9467,0.0155,-2151.5,3704.34,314,1586,90,0.198,96.0,97.84,500,49.47,126.27,99.03,52.83,119.9,2865.1,86.47,42436.06,1.88,6.17
2015-07-31,9959.85,10024.59,9848.0,9912.43,0,2345.27,16087.14,6439.35,20.83,4.98,31.45,7.9607,0.014,3668.21,1637.58,1458,629,92,2.318,96.0,91.6,500,49.47,126.27,99.03,52.83,119.9,2881.57,86.34,42094.89,1.88,6.17
2015-08-03,9896.09,10014.34,9828.24,9946.16,0,3420.58,16259.49,6499.88,19.2,-1.63,-7.83,7.958,-0.0027,-2795.99,2228.55,743,1297,52,0.573,96.0,96.22,500,49.77,126.58,99.83,51.26,119.14,2905.31,86.65,42663.75,1.92,6.17
2015-08-04,9981.47,10025.35,9913.62,9957.39,0,3739.71,16265.74,6537.36,16.29,-2.91,-15.16,7.9484,-0.0096,2627.49,122.48,798,1180,108,0.676,96.0,90.74,500,49.77,126.58,99.83,51.26,119.14,2907.53,86.35,42043.49,1.92,6.17
2015-08-05,9987.3,10125.87,9869.17,10007.5,0,2765.51,16337.87,6535.51,17.58,1.29,7.92,7.934,-0.0143,-5659.32,-171.38,967,1002,39,0.965,96.0,89.69,500,49.77,126.58,99.83,51.26,119.14,2964.67,86.35,41836.03,1.89,6.17
2015-08-06,10026.96,10043.19,9927.75,9943.84,0,5854.57,16201.74,6471.41,17.95,0.37,2.09,7.9287,-0.0053,-4778.42,-1553.81,1010,956,24,1.056,96.0,86.93,500,49.77,126.58,99.83,51.26,119.14,2968.0,86.78,40897.82,1.83,6.17
2015-08-07,9942.56,10018.99,9722.05,9797.36,0,1959.8,16018.68,6395.14,18.49,0.54,3.02,7.9287,-0.0,5760.85,1353.87,1169,783,33,1.493,96.0,86.05,500,49.77,126.58,99.83,51.26,119.14,3123.41,86.5,40870.39,1.86,6.17
2015-08-10,9828.09,10034.81,9760.93,9966.7,0,3981.42,16361.09,6544.97,14.07,-4.42,-23.9,7.9694,0.0407,639.21,-529.75,540,1392,123,0.388,96.0,90.71,500,49.77,126.58,99.83,51.26,119.14,3235.08,86.86,40679.58,1.9,6.17
2015-08-11,9961.87,9963.54,9885.65,9887.3,0,3257.04,16243.87,6477.88,18.93,4.86,34.57,7.9787,0.0094,1658.01,-383.03,1168,826,97,1.414,96.0,94.75,500,49.77,126.58,99.83,51.26,119.14,3095.42,87.0,41647.68,1.91,6.17
2015-08-12,9885.08,9940.44,9723.26,9778.02,0,2238.92,15962.76,6441.25,18.68,-0.25,-1.32,7.969,-0.0097,3804.53,2876.55,1248,718,100,1.738,96.0,88.32,500,49.77,126.58,99.83,51.26,119.14,3209.78,86.51,41924.99,1.94,6.17
2015-08-13,9801.4,9897.26,9693.44,9789.18,0,3964.58,15963.04,6428.75,15.14,-3.54,-18.94,7.9652,-0.0038,109.95,-1105.57,1086,999,126,1.087,96.0,87.86,500,49.77,126.58,99.83,51.26,119.14,3320.59,86.34,42264.67,2.0,6.17
2015-08-14,9749.18,9921.0,9674.04,9845.12,0,2703.7,16133.02,6477.28,17.7,2.56,16.89,7.9656,0.0004,-2943.25,-514.55,501,1450,101,0.346,96.0,92.05,500,49.77,126.58,99.83,51.26,119.14,3395.9,85.72,43009.52,2.07,6.17
2015-08-17,9853.69,9929.7,9721.25,9796.82,0,4199.63,15995.49,6432.76,16.59,-1.11,-6.3,7.9477,-0.018,-1355.04,2638.18,1070,985,69,1.086,96.0,86.25,500,49.77,126.58,99.83,51.26,119.14,3476.43,85.65,43076.6,2.1,6.17
2015-08-18,9822.73,9937.04,9530.22,9642.43,0,3062.03,15799.88,6343.98,20.67,4.09,24.64,7.9444,-0.0032,-1271.67,2658.51,1333,751,105,1.775,96.0,76.55,500,49.77,126.58,99.83,51.26,119.14,3532.46,85.57,43551.73,2.08,6.17
2015-08-19,9668.66,9760.48,9405.99,9496.17,0,4271.95,15628.63,6265.29,20.94,0.26,1.27,7.9462,0.0018,-818.41,-3291.22,1156,830,121,1.393,96.0,85.39,500,49.77,126.58,99.83,51.26,119.14,3643.27,85.56,43497.86,2.09,6.17
2015-08-20,9476.86,9677.24,9437.68,9637.4,0,4032.57,15811.73,6339.86,18.83,-2.1,-10.04,7.9449,-0.0013,2516.91,866.43,448,1464,78,0.306,96.0,89.87,500,49.77,126.58,99.83,51.26,119.14,3582.03,85.79,42625.27,2.11,6.17
2015-08-21,9669.77,9732.86,9521.97,9584.51,0,3393.16,15856.9,6313.47,17.69,-1.14,-6.06,7.9185,-0.0263,-487.06,-1633.69,570,1448,71,0.394,96.0,86.7,500,49.77,126.58,99.83,51.26,119.14,3608.5,85.9,42311.66,2.14,6.17
2015-08-24,9585.18,9648.8,9503.65,9567.14,0,3413.08,15772.73,6318.87,19.18,1.48,8.39,7.9128,-0.0058,4589.58,255.53,774,1316,121,0.588,96.0,93.62,500,49.77,126.58,99.83,51.26,119.14,3508.2,85.48,41475.65,2.07,6.17
2015-08-25,9541.82,9642.53,9464.96,9565.48,0,3092.91,15709.53,6295.83,16.68,-2.5,-13.04,7.9083,-0.0044,4158.68,-3076.33,1083,842,50,1.286,96.0,87.06,500,49.77,126.58,99.83,51.26,119.14,3498.99,85.79,41821.48,2.14,6.17
2015-08-26,9561.45,9610.85,9377.6,9426.29,0,2779.68,15456.17,6215.21,17.01,0.33,2.01,7.9232,0.0149,1371.73,3570.31,1032,945,54,1.092,96.0,93.38,500,49.77,126.58,99.83,51.26,119.14,3381.42,85.46,42087.4,2.13,6.17
2015-08-27,9434.17,9485.23,9377.3,9428.33,0,4923.63,15393.96,6197.86,18.26,1.25,7.32,7.9243,0.0011,-2325.32,-1349.6,887,1122,34,0.791,96.0,86.01,500,49.77,126.58,99.83,51.26,119.14,3343.91,85.21,42723.75,2.14,6.17
2015-08-28,9423.81,9470.72,9235.61,9281.81,0,4182.97,15176.45,6118.84,19.31,1.06,5.79,7.9163,-0.008,-641.84,-1658.51,1210,869,80,1.392,96.0,91.97,500,49.77,126.58,99.83,51.26,119.14,3373.06,85.05,43440.69,2.15,6.17
2015-08-31,9296.0,9367.48,9211.03,9282.4,0,3420.87,15134.67,6120.52,18.89,-0.43,-2.2,7.9314,0.0151,-2038.91,-2322.73,1013,903,53,1.122,96.0,85.36,500,49.77,126.58,99.83,51.26,119.14,3456.09,85.08,44106.3,2.16,6.17
2015-09-01,9287.68,9335.1,9244.41,9291.8,0,1866.51,15199.3,6134.15,15.97,-2.92,-15.47,7.9364,0.0049,-2509.47,-2998.13,926,1090,114,0.85,96.0,89.15,500,50.0,126.68,104.1,54.96,120.16,3561.63,84.52,43978.04,2.12,6.17
2015-09-02,9302.66,9407.85,9085.6,9189.51,0,3431.96,15087.08,6076.08,18.47,2.5,15.67,7.9428,0.0064,4013.33,-2856.16,1003,1049,59,0.956,96.0,89.19,500,50.0,126.68,104.1,54.96,120.16,3622.58,84.8,43633.47,2.15,6.17
2015-09-03,9172.48,9250.35,9108.08,9185.85,0,1622.94,14982.16,6075.21,19.8,1.33,7.22,7.9407,-0.0021,-4139.0,-811.26,855,1224,54,0.699,96.0,86.33,500,50.0,126.68,104.1,54.96,120.16,3568.54,85.37,43950.04,2.14,6.17
2015-09-04,9199.24,9282.99,9119.92,9203.63,0,4307.27,14923.01,6045.12,17.73,-2.07,-10.48,7.9423,0.0017,2633.49,-2146.52,1170,744,69,1.573,96.0,88.36,500,50.0,126.68,104.1,54.96,120.16,3674.24,85.03,45108.66,2.09,6.17
2015-09-07,9173.88,9317.03,9102.59,9245.19,0,2477.3,14878.37,6032.11,16.2,-1.53,-8.64,7.937,-0.0054,2164.98,-189.64,790,1216,51,0.65,96.0,84.41,500,50.0,126.68,104.1,54.96,120.16,3693.84,85.52,45144.22,2.06,6.17
2015-09-08,9259.17,9282.11,9160.28,9183.03,0,8240.16,14778.48,5953.15,17.55,1.35,8.34,7.9228,-0.0141,1597.62,-1286.42,1018,975,79,1.044,96.0,87.91,500,50.0,126.68,104.1,54.96,120.16,3727.14,85.81,45173.41,2.0,6.17
2015-09-09,9168.21,9279.3,8988.85,9099.1,0,1727.0,14594.64,5904.76,20.27,2.72,15.53,7.9244,0.0016,255.83,361.49,983,1011,95,0.972,96.0,87.65,500,50.0,126.68,104.1,54.96,120.16,3710.16,85.58,44633.27,2.01,6.17
2015-09-10,9082.27,9148.64,8949.65,9015.53,0,3259.13,14377.71,5848.79,16.56,-3.72,-18.33,7.9217,-0.0027,-449.35,1934.31,1186,884,60,1.342,96.0,90.0,500,50.0,126.68,104.1,54.96,120.16,3773.34,85.78,44561.8,2.03,6.17
2015-09-11,9032.65,9101.76,8912.92,8981.64,0,2055.39,14352.51,5834.09,18.98,2.42,14.62,7.914,-0.0078,3333.59,-2473.47,910,1157,30,0.787,96.0,89.62,500,50.0,126.68,104.1,54.96,120.16,3758.29,85.61,44295.55,2.03,6.17
2015-09-14,8981.76,9105.8,8912.71,9036.33,0,3761.6,14358.5,5864.03,18.48,-0.5,-2.62,7.9127,-0.0013,-10096.15,1221.95,811,1234,125,0.657,96.0,81.84,500,50.0,126.68,104.1,54.96,120.16,3865.48,85.7,44877.52,2.07,6.17
2015-09-15,9059.36,9213.15,8965.7,9118.88,0,1989.47,14392.28,5902.09,17.98,-0.49,-2.68,7.9074,-0.0053,326.19,857.02,987,932,44,1.059,96.0,90.0,500,50.0,126.68,104.1,54.96,120.16,3865.2,85.39,44722.37,2.0,6.17
2015-09-16,9111.76,9121.89,9020.44,9030.47,0,2645.59,14146.21,5822.31,20.32,2.33,12.97,7.9027,-0.0047,191.75,2278.31,1116,951,91,1.174,96.0,89.12,500,50.0,126.68,104.1,54.96,120.16,3945.06,85.63,43791.57,2.03,6.17
2015-09-17,8986.02,9058.12,8877.17,8948.98,0,3218.85,14117.89,5790.22,15.15,-5.16,-25.41,7.9014,-0.0013,-1187.48,3711.2,1027,981,42,1.047,96.0,93.18,500,50.0,126.68,104.1,54.96,120.16,3830.64,85.87,43981.02,2.09,6.17
2015-09-18,8947.48,9030.73,8903.22,8986.27,0,1543.39,14164.64,5801.9,22.95,7.8,51.47,7.8896,-0.0119,3198.85,-1333.2,581,1513,50,0.384,96.0,88.44,500,50.0,126.68,104.1,54.96,120.16,3760.53,86.0,43860.13,2.08,6.17
2015-09-21,9004.5,9124.19,8807.68,8926.33,0,2979.61,14035.04,5739.79,18.17,-4.79,-20.85,7.8983,0.0087,1931.97,550.45,972,1101,112,0.883,96.0,88.86,500,50.0,126.68,104.1,54.96,120.16,3564.23,86.29,43571.2,2.14,6.17
2015-09-22,8932.06,8980.08,8691.32,8738.3,0,3747.1,13790.02,5634.77,17.48,-0.68,-3.77,7.9094,0.0111,-1521.33,52.22,1300,689,117,1.887,96.0,89.99,500,50.0,126.68,104.1,54.96,120.16,3535.37,86.95,43810.48,2.15,6.17
2015-09-23,8699.64,8797.26,8666.16,8763.53,0,2243.81,13836.76,5641.96,17.15,-0.33,-1.89,7.9071,-0.0022,-4154.37,-266.25,571,1417,73,0.403,96.0,90.53,500,50.0,126.68,104.1,54.96,120.16,3452.25,87.08,44000.45,2.27,6.17
2015-09-24,8779.69,8965.96,8651.88,8837.3,0,5742.98,14050.82,5725.13,19.2,2.05,11.94,7.9193,0.0121,-668.85,2814.09,496,1502,109,0.33,96.0,86.07,500,50.0,126.68,104.1,54.96,120.16,3415.35,87.17,44478.27,2.3,6.17
2015-09-25,8861.7,8868.01,8682.79,8688.97,0,1320.08,13754.96,5642.73,21.5,2.3,11.96,7.9026,-0.0166,-354.57,1609.63,1059,874,69,1.212,96.0,79.46,500,50.0,126.68,104.1,54.96,120.16,3575.01,87.55,44983.63,2.3,6.17
2015-09-28,8698.14,8776.34,8507.7,8584.87,0,4902.72,13631.3,5585.16,19.93,-1.57,-7.3,7.902,-0.0006,210.47,1807.0,1084,847,78,1.28,96.0,94.69,500,50.0,126.68,104.1,54.96,120.16,3562.67,87.74,44875.89,2.27,6.17
2015-09-29,8597.53,8676.72,8509.39,8588.49,0,4187.58,13626.81,5562.29,20.06,0.13,0.66,7.894,-0.008,935.69,1620.3,1120,886,108,1.264,96.0,86.33,500,50.0,126.68,104.1,54.96,120.16,3564.73,88.07,44553.4,2.28,6.17
2015-09-30,8600.66,8716.93,8502.45,8618.53,0,2600.47,13644.8,5572.07,18.76,-1.3,-6.5,7.8949,0.0008,-2080.09,-2090.93,843,1224,102,0.689,96.0,84.96,500,50.0,126.68,104.1,54.96,120.16,3598.77,88.0,44093.61,2.3,6.17
2015-10-01,8627.62,8656.02,8541.88,8570.1,0,2885.08,13509.9,5518.12,16.63,-2.13,-11.35,7.8948,-0.0001,-502.27,-3625.72,1209,837,89,1.444,96.0,85.19,500,51.69,127.02,100.63,52.54,120.58,3626.03,88.19,44627.62,2.3,4.85
2015-10-02,8541.83,8622.77,8484.67,8565.45,0,2998.51,13513.12,5508.99,20.08,3.45,20.76,7.8842,-0.0106,-268.68,-1258.3,747,1244,71,0.6,96.0,91.93,500,51.69,127.02,100.63,52.54,120.58,3728.23,88.48,44621.76,2.31,4.85
2015-10-05,8561.17,8589.4,8437.44,8465.35,0,1789.22,13354.3,5447.64,21.72,1.64,8.16,7.8887,0.0045,-4396.75,-2291.48,1145,911,97,1.257,96.0,93.1,500,51.69,127.02,100.63,52.54,120.58,3740.92,87.87,43418.51,2.32,4.85
2015-10-06,8459.06,8519.43,8399.85,8460.22,0,2621.75,13402.08,5467.0,15.35,-6.36,-29.3,7.8941,0.0054,801.45,-4192.98,916,1019,24,0.899,96.0,92.57,500,51.69,127.02,100.63,52.54,120.58,3711.23,88.41,44377.95,2.35,4.85
2015-10-07,8477.01,8525.77,8412.3,8460.98,0,3367.64,13365.07,5444.4,16.53,1.18,7.69,7.8902,-0.0039,3043.16,480.31,682,1338,111,0.51,96.0,93.47,500,51.69,127.02,100.63,52.54,120.58,3702.54,88.21,43812.47,2.38,4.85
2015-10-08,8460.37,8502.05,8337.42,8378.7,0,3080.84,13321.38,5466.74,19.62,3.08,18.64,7.8955,0.0053,-1431.31,-472.65,708,1192,94,0.594,96.0,90.6,500,51.69,127.02,100.63,52.54,120.58,3860.04,88.0,43517.36,2.32,4.85
2015-10-09,8395.55,8437.21,8308.13,8349.56,0,3272.17,13310.18,5470.77,17.95,-1.67,-8.51,7.8987,0.0032,-3990.45,-414.73,847,1186,128,0.714,96.0,94.52,500,51.69,127.02,100.63,52.54,120.58,3852.21,87.73,43633.63,2.31,4.85
2015-10-12,8338.55,8497.0,8256.89,8414.59,0,2854.17,13499.93,5526.66,14.65,-3.29,-18.35,7.9031,0.0044,1885.47,67.88,527,1397,75,0.377,96.0,84.62,500,51.69,127.02,100.63,52.54,120.58,3751.22,88.28,43429.43,2.31,4.85
2015-10-13,8398.41,8439.87,8297.64,8338.8,0,3282.15,13356.67,5488.8,22.11,7.46,50.9,7.9097,0.0067,-1989.72,-1705.18,889,1183,106,0.751,96.0,90.39,500,51.69,127.02,100.63,52.54,120.58,3914.27,88.64,43145.89,2.39,4.85
2015-10-14,8347.27,8388.47,8293.97,8335.11,0,1998.4,13353.45,5471.57,15.16,-6.96,-31.45,7.9312,0.0214,988.11,-1210.19,910,1158,59,0.786,96.0,86.59,500,51.69,127.02,100.63,52.54,120.58,3985.04,87.94,43750.18,2.36,4.85
2015-10-15,8308.89,8567.84,8254.99,8512.62,0,4961.62,13565.14,5583.67,15.78,0.62,4.1,7.9216,-0.0096,-197.07,-128.73,292,1773,67,0.165,96.0,91.53,500,51.69,127.02,100.63,52.54,120.58,4152.99,88.13,43949.16,2.32,4.85
2015-10-16,8504.63,8556.04,8490.95,8542.3,0,1866.57,13681.91,5617.93,15.1,-0.68,-4.31,7.9271,0.0055,-6391.23,-548.03,863,1100,77,0.785,96.0,86.38,500,51.69,127.02,100.63,52.54,120.58,4156.38,87.67,43864.89,2.35,4.85
2015-10-19,8568.52,8602.81,8507.46,8541.65,0,1671.57,13624.84,5541.34,15.96,0.86,5.72,7.9103,-0.0168,3134.92,-4223.64,758,1299,37,0.584,96.0,94.98,500,51.69,127.02,100.63,52.54,120.58,4271.84,87.16,43768.19,2.3,4.85
2015-10-20,8546.82,8614.63,8482.22,8550.0,0,3484.95,13583.6,5515.96,19.55,3.59,22.48,7.9232,0.0129,5357.81,-2391.48,832,1247,118,0.667,96.0,91.64,500,51.69,127.02,100.63,52.54,120.58,4257.83,87.13,43911.85,2.33,4.85
2015-10-21,8562.05,8588.39,8490.12,8516.32,0,3160.23,13573.91,5486.89,18.47,-1.08,-5.53,7.9144,-0.0089,144.43,2834.24,637,1383,99,0.461,96.0,83.02,500,51.69,127.02,100.63,52.54,120.58,4262.32,87.46,43845.61,2.34,4.85
2015-10-22,8500.69,8561.13,8481.07,8541.42,0,3174.51,13570.98,5480.37,16.9,-1.56,-8.47,7.929,0.0146,3492.28,579.5,922,1048,62,0.88,96.0,90.58,500,51.69,127.02,100.63,52.54,120.58,4043.67,87.91,43961.1,2.36,4.85
2015-10-23,8502.46,8580.26,8434.99,8512.71,0,1955.51,13606.68,5495.53,16.03,-0.87,-5.16,7.936,0.007,-324.87,992.2,906,1139,47,0.795,96.0,87.88,500,51.69,127.02,100.63,52.54,120.58,4091.04,87.8,44915.88,2.35,4.85
2015-10-26,8520.0,8592.14,8359.89,8431.29,0,3281.11,13470.25,5467.58,20.54,4.5,28.09,7.9443,0.0083,-4154.56,-278.98,986,1062,30,0.928,96.0,86.67,500,51.69,127.02,100.63,52.54,120.58,4006.16,87.23,44254.78,2.32,4.85
2015-10-27,8410.42,8512.3,8358.09,8459.66,0,2713.66,13428.12,5470.86,17.28,-3.26,-15.86,7.9469,0.0026,118.15,2232.13,892,1178,83,0.757,96.0,88.93,500,51.69,127.02,100.63,52.54,120.58,3842.34,87.01,44419.69,2.37,4.85
2015-10-28,8467.99,8476.69,8342.09,8350.67,0,2354.7,13230.5,5391.49,21.34,4.07,23.53,7.9258,-0.0211,-1547.2,7491.31,1507,584,89,2.58,96.0,83.69,500,51.69,127.02,100.63,52.54,120.58,3963.18,86.58,44625.53,2.38,4.85
2015-10-29,8328.6,8405.14,8247.61,8324.1,0,3039.26,13171.67,5371.08,16.05,-5.29,-24.8,7.9203,-0.0055,-2988.89,1980.61,750,1208,116,0.621,96.0,80.94,500,51.69,127.02,100.63,52.54,120.58,3954.54,86.23,44807.42,2.39,4.85
2015-10-30,8339.95,8479.12,8267.76,8406.37,0,2140.47,13206.93,5410.66,16.89,0.84,5.24,7.9154,-0.005,656.99,-104.67,649,1306,116,0.497,96.0,89.75,500,51.69,127.02,100.63,52.54,120.58,3906.33,86.68,44352.71,2.4,4.85
2015-11-02,8435.79,8500.58,8350.96,8415.59,0,1332.17,13207.01,5428.98,16.83,-0.06,-0.38,7.9353,0.0199,611.35,-5922.18,766,1311,55,0.584,96.0,88.37,500,49.96,127.37,102.0,51.06,120.61,4010.17,86.46,44029.83,2.39,4.85
2015-11-03,8436.0,8529.27,8319.73,8412.74,0,6446.64,13306.46,5444.15,16.5,-0.33,-1.95,7.933,-0.0023,3496.62,928.2,535,1420,23,0.377,96.0,93.53,500,49.96,127.37,102.0,51.06,120.61,4268.58,86.49,44742.91,2.36,4.85
2015-11-04,8418.81,8524.52,8328.64,8434.19,0,2989.98,13234.24,5433.69,16.91,0.41,2.5,7.9233,-0.0097,5577.31,2172.49,991,928,78,1.068,96.0,89.63,500,49.96,127.37,102.0,51.06,120.61,4497.39,86.29,44938.24,2.4,4.85
2015-11-05,8450.77,8470.88,8421.33,8441.42,0,1439.65,13268.18,5459.75,16.42,-0.49,-2.9,7.918,-0.0053,9009.98,1536.03,809,1203,75,0.672,96.0,87.42,500,49.96,127.37,102.0,51.06,120.61,4436.66,86.58,45273.3,2.4,4.85
2015-11-06,8457.52,8499.81,8321.78,8363.6,0,1282.12,13205.86,5437.24,16.2,-0.22,-1.32,7.9389,0.0209,-1128.22,3949.13,1103,903,52,1.221,96.0,81.77,500,49.96,127.37,102.0,51.06,120.61,4303.19,87.16,46163.58,2.35,4.85
2015-11-09,8373.06,8392.96,8354.86,8374.76,0,3911.31,13287.98,5436.66,18.64,2.44,15.04,7.9555,0.0166,-2670.27,-2649.18,719,1308,35,0.55,96.0,95.84,500,49.96,127.37,102.0,51.06,120.61,4446.39,86.97,45413.15,2.28,4.85
2015-11-10,8345.17,8479.55,8305.48,8439.42,0,3221.66,13387.82,5500.53,16.7,-1.94,-10.4,7.9393,-0.0163,-2271.0,-1401.77,795,1295,93,0.614,96.0,89.33,500,49.96,127.37,102.0,51.06,120.61,4426.31,87.24,45057.18,2.26,4.85
2015-11-11,8405.79,8614.12,8309.17,8516.23,0,1087.69,13360.54,5521.49,16.94,0.23,1.41,7.9438,0.0045,-3756.63,-2795.9,744,1160,31,0.641,96.0,88.48,500,49.96,127.37,102.0,51.06,120.61,4316.46,87.39,45299.8,2.25,4.85
2015-11-12,8491.23,8509.36,8444.27,8462.33,0,3401.11,13223.18,5468.98,19.6,2.66,15.72,7.9409,-0.0028,382.14,-2686.56,1061,858,44,1.237,96.0,90.8,500,49.96,127.37,102.0,51.06,120.61,4308.41,86.53,46298.63,2.29,4.85
2015-11-13,8464.81,8479.92,8262.73,8277.51,0,4106.87,12921.26,5335.89,21.5,1.9,9.68,7.9287,-0.0123,-4741.36,3422.08,1580,484,24,3.264,96.0,91.44,500,49.96,127.37,102.0,51.06,120.61,4251.12,86.36,46330.35,2.34,4.85
2015-11-16,8291.91,8344.76,8244.9,8297.71,0,1677.58,12866.96,5346.27,17.91,-3.59,-16.71,7.9242,-0.0044,377.35,860.36,960,971,101,0.989,96.0,90.96,500,49.96,127.37,102.0,51.06,120.61,4500.35,86.43,46493.82,2.33,4.85
2015-11-17,8278.05,8429.09,8235.22,8385.7,0,3397.01,12904.01,5374.77,13.86,-4.05,-22.61,7.9219,-0.0023,2616.14,3428.44,493,1592,104,0.31,96.0,87.53,500,49.96,127.37,102.0,51.06,120.61,4491.73,86.48,46977.2,2.3,4.85
2015-11-18,8381.25,8453.42,8201.02,8272.25,0,3873.28,12798.98,5358.79,19.6,5.74,41.44,7.9295,0.0075,-1630.36,288.49,987,1048,84,0.942,96.0,93.11,500,49.96,127.37,102.0,51.06,120.61,4584.5,86.81,47872.78,2.31,4.85
2015-11-19,8265.98,8319.57,8109.93,8162.86,0,3009.42,12744.01,5309.17,18.12,-1.48,-7.55,7.9272,-0.0023,-34.0,3417.93,1185,903,45,1.312,96.0,93.26,500,49.96,127.37,102.0,51.06,120.61,4703.9,87.44,48732.25,2.3,4.85
2015-11-20,8179.27,8264.89,8150.13,8235.54,0,1593.17,12822.44,5342.59,19.39,1.27,7.01,7.9276,0.0004,929.98,612.85,702,1259,91,0.558,96.0,88.62,500,49.96,127.37,102.0,51.06,120.61,4567.37,87.42,48807.73,2.23,4.85
2015-11-23,8240.36,8284.09,8111.31,8154.58,0,3976.5,12743.74,5305.26,16.56,-2.83,-14.57,7.9147,-0.0129,989.64,-360.05,948,981,75,0.966,96.0,93.3,500,49.96,127.37,102.0,51.06,120.61,4508.67,87.33,48787.98,2.24,4.85
2015-11-24,8159.02,8299.36,8116.19,8256.03,0,3519.55,12914.86,5387.71,18.92,2.36,14.22,7.903,-0.0117,184.12,-875.61,554,1543,85,0.359,96.0,91.57,500,49.96,127.37,102.0,51.06,120.61,4313.09,86.83,48287.07,2.27,4.85
2015-11-25,8237.88,8252.97,8030.96,8045.7,0,1976.56,12652.56,5284.32,16.53,-2.39,-12.63,7.9094,0.0063,-428.35,-2437.29,1545,364,103,4.245,96.0,87.26,500,49.96,127.37,102.0,51.06,120.61,4233.32,86.98,48242.98,2.28,4.85
2015-11-26,8022.9,8087.82,7916.69,7981.27,0,4336.61,12527.61,5213.81,18.72,2.19,13.24,7.9013,-0.0081,2133.55,-1007.34,1188,762,33,1.559,96.0,88.74,500,49.96,127.37,102.0,51.06,120.61,4163.95,87.97,48400.92,2.29,4.85
2015-11-27,7942.71,8046.54,7876.25,7979.77,0,2124.48,12498.38,5240.64,16.12,-2.6,-13.87,7.9051,0.0038,-4028.18,4073.14,989,1058,124,0.935,96.0,98.0,500,49.96,127.37,102.0,51.06,120.61,4315.63,88.0,49350.32,2.26,4.85
2015-11-30,7991.57,8083.27,7934.51,8025.97,0,3128.79,12388.72,5229.24,17.45,1.33,8.26,7.9012,-0.004,314.09,1171.69,939,1132,61,0.83,96.0,86.41,500,49.96,127.37,102.0,51.06,120.61,4322.88,87.88,49403.29,2.3,4.85
2015-12-01,8004.64,8010.15,7954.8,7960.28,0,2453.11,12277.22,5209.87,21.04,3.59,20.57,7.9014,0.0002,-5023.24,4699.23,1193,775,65,1.539,96.0,87.31,500,49.58,127.34,107.26,44.24,121.74,4348.05,87.68,49399.53,2.29,4.85
2015-12-02,7967.39,8027.44,7888.16,7948.06,0,3220.82,12222.02,5184.08,14.74,-6.3,-29.96,7.8992,-0.0021,-3613.62,-3661.58,695,1400,88,0.496,96.0,92.82,500,49.58,127.34,107.26,44.24,121.74,4362.41,87.42,48341.77,2.3,4.85
2015-12-03,7918.48,8024.38,7880.84,7986.42,0,4424.21,12278.51,5210.01,18.14,3.41,23.1,7.8812,-0.0181,-11603.4,4702.24,870,1162,47,0.749,96.0,92.78,500,49.58,127.34,107.26,44.24,121.74,4348.29,87.31,48511.21,2.32,4.85
2015-12-04,7982.89,8029.92,7927.29,7974.28,0,2650.65,12334.49,5213.41,15.52,-2.62,-14.45,7.8628,-0.0183,3974.63,2563.26,964,1113,35,0.866,96.0,87.67,500,49.58,127.34,107.26,44.24,121.74,4310.67,87.67,48066.85,2.36,4.85
2015-12-07,7970.98,8024.29,7924.78,7978.05,0,1905.16,12310.41,5177.47,17.42,1.9,12.25,7.856,-0.0068,2825.06,1029.49,816,1166,83,0.7,96.0,95.62,500,49.58,127.34,107.26,44.24,121.74,4315.51,87.03,47154.03,2.35,4.85
2015-12-08,7955.37,8260.83,7916.82,8220.99,0,4065.94,12641.47,5310.76,17.67,0.25,1.41,7.8669,0.0108,-6949.16,1251.37,73,1838,27,0.04,96.0,89.15,500,49.58,127.34,107.26,44.24,121.74,4251.4,86.92,46899.82,2.3,4.85
2015-12-09,8217.18,8322.66,8130.89,8236.17,0,3693.05,12649.41,5318.03,15.23,-2.44,-13.81,7.8743,0.0074,-233.21,-4803.82,991,955,104,1.038,96.0,92.51,500,49.58,127.34,107.26,44.24,121.74,4046.31,86.9,47248.26,2.35,4.85
2015-12-10,8232.58,8340.13,8231.17,8338.7,0,3469.9,12803.4,5375.3,19.82,4.59,30.17,7.8869,0.0126,245.21,-808.58,561,1493,119,0.376,96.0,86.45,500,49.58,127.34,107.26,44.24,121.74,4218.67,86.26,46957.59,2.37,4.85
2015-12-11,8364.67,8495.14,8264.0,8394.11,0,3352.25,12904.93,5407.9,14.8,-5.03,-25.36,7.9021,0.0153,-565.0,1821.92,651,1395,95,0.467,96.0,83.97,500,49.58,127.34,107.26,44.24,121.74,4536.27,85.84,46762.94,2.4,4.85
2015-12-14,8406.42,8474.88,8263.69,8331.54,0,4037.54,12697.86,5366.73,18.85,4.05,27.38,7.9131,0.0109,525.66,3087.44,931,1055,29,0.882,96.0,97.73,500,49.58,127.34,107.26,44.24,121.74,4526.26,86.14,46229.46,2.42,4.85
2015-12-15,8324.68,8370.95,8301.65,8347.87,0,1242.54,12765.2,5377.28,17.38,-1.47,-7.78,7.9123,-0.0008,-1085.31,724.92,864,1105,128,0.782,96.0,91.49,500,49.58,127.34,107.26,44.24,121.74,4463.4,85.95,46280.2,2.35,4.85
2015-12-16,8347.72,8390.56,8336.23,8379.03,0,2989.85,12815.49,5419.13,14.75,-2.63,-15.15,7.9141,0.0019,1803.85,-168.48,604,1377,26,0.439,96.0,85.9,500,49.58,127.34,107.26,44.24,121.74,4657.79,86.11,45837.39,2.36,4.85
2015-12-17,8378.5,8589.95,8309.61,8519.89,0,5437.31,13001.81,5504.07,17.5,2.75,18.64,7.9136,-0.0005,1643.27,2663.11,412,1634,23,0.252,96.0,96.45,500,49.58,127.34,107.26,44.24,121.74,4686.48,85.79,45663.44,2.33,4.85
2015-12-18,8571.22,8693.37,8537.99,8659.79,0,3463.55,13203.52,5597.37,15.99,-1.5,-8.6,7.8962,-0.0174,-2555.9,-594.58,514,1583,52,0.325,96.0,93.33,500,49.58,127.34,107.26,44.24,121.74,4562.18,85.72,45525.11,2.32,4.85
2015-12-21,8638.98,8700.24,8597.9,8659.07,0,1928.67,13176.45,5587.25,19.47,3.47,21.72,7.9066,0.0104,-899.13,1313.48,915,1107,53,0.827,96.0,94.85,500,49.58,127.34,107.26,44.24,121.74,4633.23,85.96,45694.88,2.28,4.85
2015-12-22,8699.59,8745.42,8575.39,8620.81,0,1520.51,13130.66,5554.35,17.22,-2.25,-11.55,7.8948,-0.0118,1190.03,26.02,1041,934,82,1.115,96.0,93.16,500,49.58,127.34,107.26,44.24,121.74,4539.31,86.43,45171.09,2.24,4.85
2015-12-23,8649.69,8811.86,8606.47,8768.06,0,2465.26,13284.81,5639.11,18.01,0.79,4.61,7.8957,0.0009,-1774.03,-1122.44,441,1525,123,0.289,96.0,84.74,500,49.58,127.34,107.26,44.24,121.74,4593.15,86.21,44538.65,2.29,4.85
2015-12-24,8775.05,8824.3,8691.31,8740.36,0,1767.58,13177.09,5584.24,19.47,1.45,8.08,7.9024,0.0067,-335.18,-1445.96,1121,935,55,1.199,96.0,96.65,500,49.58,127.34,107.26,44.24,121.74,4559.17,85.91,44954.41,2.29,4.85
2015-12-25,8757.5,8797.09,8674.27,8713.67,0,2877.65,12997.01,5526.15,20.76,1.29,6.62,7.9107,0.0083,3059.18,104.52,988,1041,119,0.949,96.0,87.23,500,49.58,127.34,107.26,44.24,121.74,4712.29,86.02,44373.92,2.32,4.85
2015-12-28,8725.79,8845.25,8689.96,8809.08,0,3470.99,13154.6,5590.94,17.69,-3.07,-14.77,7.909,-0.0017,703.12,-1539.39,612,1332,128,0.459,96.0,91.12,500,49.58,127.34,107.26,44.24,121.74,4658.5,85.89,44603.53,2.34,4.85
2015-12-29,8813.87,8904.15,8775.83,8865.87,0,3834.58,13176.12,5596.9,17.45,-0.24,-1.34,7.9078,-0.0012,-1473.32,-559.37,1106,905,63,1.222,96.0,91.06,500,49.58,127.34,107.26,44.24,121.74,4643.96,85.59,44648.36,2.32,4.85
2015-12-30,8869.91,8894.81,8844.8,8869.71,0,1865.26,13149.59,5594.83,23.31,5.86,33.56,7.9141,0.0063,8158.68,-175.24,829,1089,91,0.761,96.0,90.79,500,49.58,127.34,107.26,44.24,121.74,4531.98,86.09,45151.69,2.27,4.85
2015-12-31,8869.94,8966.19,8780.61,8876.8,0,3135.82,13141.52,5586.12,19.57,-3.74,-16.03,7.9173,0.0032,-5137.54,311.88,845,1095,94,0.772,96.0,93.43,500,49.58,127.34,107.26,44.24,121.74,4362.5,85.87,45068.22,2.24,4.85
2016-01-01,8889.04,8998.82,8811.03,8920.53,0,2502.67,13181.37,5643.44,18.0,-1.57,-8.01,7.9161,-0.0012,-392.58,1391.68,756,1308,120,0.578,96.0,85.8,500,51.07,128.29,101.01,47.09,122.18,4339.89,85.94,45524.14,2.29,5.32
2016-01-04,8906.29,8971.34,8807.46,8872.26,0,4078.98,13158.29,5656.08,19.52,1.51,8.41,7.9341,0.0181,2548.45,3963.01,1096,875,29,1.253,96.0,88.25,500,51.07,128.29,101.01,47.09,122.18,4273.08,85.81,45023.86,2.32,5.32
2016-01-05,8866.06,8907.56,8697.11,8738.02,0,2659.11,12938.33,5581.8,17.98,-1.53,-7.85,7.9312,-0.0029,-1083.59,893.18,1039,995,84,1.044,96.0,81.81,500,51.07,128.29,101.01,47.09,122.18,4363.95,85.54,45264.15,2.3,5.32
2016-01-06,8744.67,8889.37,8707.35,8851.6,0,2105.21,13112.11,5654.51,19.21,1.23,6.82,7.9381,0.0069,-1551.81,-560.08,475,1510,76,0.315,96.0,88.03,500,51.07,128.29,101.01,47.09,122.18,4623.58,85.36,45379.93,2.34,5.32
2016-01-07,8869.61,8964.37,8813.09,8907.61,0,4307.5,13283.49,5727.57,15.81,-3.4,-17.72,7.937,-0.0011,1501.09,2954.72,606,1358,70,0.446,96.0,91.83,500,51.07,128.29,101.01,47.09,122.18,4782.83,85.23,46412.12,2.27,5.32
2016-01-08,8912.43,9111.45,8805.23,9003.16,0,2232.6,13422.59,5781.77,13.24,-2.57,-16.24,7.9303,-0.0067,903.42,-291.23,711,1328,27,0.535,96.0,84.12,500,51.07,128.29,101.01,47.09,122.18,4989.33,85.48,46493.2,2.25,5.32
2016-01-11,9011.54,9075.8,8915.26,8979.29,0,2087.6,13440.2,5734.05,15.57,2.33,17.63,7.9232,-0.0071,838.43,1376.35,1131,805,67,1.405,96.0,91.4,500,51.07,128.29,101.01,47.09,122.18,4874.29,85.33,47099.25,2.29,5.32
2016-01-12,8972.91,9089.4,8769.98,8885.33,0,4139.23,13333.87,5677.22,20.38,4.81,30.87,7.9059,-0.0172,2015.26,1391.39,1330,614,124,2.166,96.0,92.85,500,51.07,128.29,101.01,47.09,122.18,4700.39,85.24,47146.25,2.29,5.32
2016-01-13,8872.65,9000.86,8829.08,8956.87,0,1917.46,13427.79,5742.55,18.82,-1.56,-7.66,7.9084,0.0025,11401.61,25.26,538,1483,52,0.363,96.0,93.89,500,51.07,128.29,101.01,47.09,122.18,4678.12,84.62,47153.1,2.23,5.32
2016-01-14,8958.82,9053.08,8947.42,9041.57,0,3079.69,13557.26,5803.12,17.61,-1.21,-6.44,7.913,0.0046,4367.66,-925.64,662,1246,76,0.531,96.0,91.56,500,51.07,128.29,101.01,47.09,122.18,4600.34,84.81,47214.66,2.23,5.32
2016-01-15,8990.93,9019.14,8924.65,8952.74,0,4458.95,13462.19,5745.57,17.39,-0.21,-1.22,7.9128,-0.0002,3570.15,2467.36,1035,1052,98,0.984,96.0,87.68,500,51.07,128.29,101.01,47.09,122.18,4599.74,84.57,46415.71,2.27,5.32
2016-01-18,8944.86,9006.31,8811.4,8872.35,0,2553.42,13382.25,5708.46,21.04,3.65,20.96,7.9039,-0.009,1441.73,1770.33,1102,900,46,1.224,96.0,87.38,500,51.07,128.29,101.01,47.09,122.18,4530.61,84.96,47436.04,2.23,5.32
2016-01-19,8886.85,8906.38,8846.43,8865.92,0,3801.01,13403.06,5704.41,20.69,-0.34,-1.63,7.9058,0.0019,-660.6,-2274.3,804,1237,85,0.65,96.0,94.42,500,51.07,128.29,101.01,47.09,122.18,4537.84,85.44,47573.82,2.31,5.32
2016-01-20,8859.61,8950.7,8792.68,8883.58,0,3072.46,13367.12,5681.71,15.2,-5.49,-26.55,7.8837,-0.0221,-3976.94,5359.78,590,1425,122,0.414,96.0,92.45,500,51.07,128.29,101.01,47.09,122.18,4572.7,84.75,46785.22,2.33,5.32
2016-01-21,8886.78,8961.54,8766.17,8840.54,0,3517.31,13352.77,5664.6,17.98,2.78,18.32,7.8914,0.0077,2244.94,-126.13,1008,1040,66,0.969,96.0,86.71,500,51.07,128.29,101.01,47.09,122.18,4611.12,85.15,47044.5,2.31,5.32
2016-01-22,8843.88,8977.76,8787.68,8921.08,0,3486.45,13365.15,5689.48,19.32,1.34,7.44,7.8802,-0.0112,1822.05,-1091.16,774,1283,44,0.603,96.0,82.92,500,51.07,128.29,101.01,47.09,122.18,4602.88,85.67,46053.99,2.36,5.32
2016-01-25,8901.09,9039.02,8876.63,9014.25,0,1269.4,13498.55,5722.52,17.77,-1.56,-8.06,7.8864,0.0062,1462.02,3800.52,710,1370,86,0.518,96.0,85.52,500,51.07,128.29,101.01,47.09,122.18,4606.68,85.85,46512.86,2.38,5.32
2016-01-26,9012.58,9189.96,8961.25,9137.91,0,2660.97,13718.14,5830.29,16.25,-1.51,-8.52,7.9022,0.0158,1931.49,1008.58,721,1219,46,0.591,96.0,88.38,500,51.07,128.29,101.01,47.09,122.18,4757.46,86.1,46588.49,2.4,5.32
2016-01-27,9148.25,9247.61,8994.72,9093.47,0,2914.15,13621.16,5799.55,16.51,0.26,1.61,7.8896,-0.0126,-7035.99,-395.04,1145,839,77,1.365,96.0,86.99,500,51.07,128.29,101.01,47.09,122.18,4835.8,85.94,45524.94,2.45,5.32
2016-01-28,9073.57,9106.62,9022.22,9055.2,0,2053.88,13582.89,5768.05,19.09,2.58,15.63,7.8945,0.0049,-10658.51,-2286.26,1029,932,44,1.104,96.0,83.36,500,51.07,128.29,101.01,47.09,122.18,4989.38,85.98,45288.87,2.42,5.32
2016-01-29,9081.78,9149.44,8998.56,9066.11,0,3023.77,13646.87,5775.41,16.85,-2.24,-11.75,7.8848,-0.0097,-405.15,-2986.39,529,1520,37,0.348,96.0,89.24,500,51.07,128.29,101.01,47.09,122.18,5065.26,85.44,45655.91,2.39,5.32
2016-02-01,9095.3,9192.76,8955.63,9052.64,0,2311.72,13684.04,5764.43,16.39,-0.46,-2.74,7.8782,-0.0066,-462.84,-4948.19,1057,857,58,1.233,96.0,88.94,500,50.32,128.54,99.36,47.68,122.96,5050.25,84.98,45212.71,2.39,5.32
2016-02-02,9036.64,9079.01,8974.53,9016.8,0,1350.5,13592.94,5752.82,14.32,-2.07,-12.61,7.8695,-0.0087,-5125.05,650.14,1062,900,103,1.18,96.0,88.38,500,50.32,128.54,99.36,47.68,122.96,4866.29,84.53,46751.43,2.37,5.32
2016-02-03,8986.89,9068.65,8966.24,9047.86,0,3200.88,13633.21,5807.51,14.49,0.16,1.15,7.856,-0.0135,-6451.11,-323.22,860,1226,100,0.701,96.0,92.59,500,50.32,128.54,99.36,47.68,122.96,5029.01,84.42,47980.27,2.39,5.32
2016-02-04,9030.88,9140.55,8911.38,9020.93,0,2198.29,13684.54,5831.27,17.66,3.18,21.93,7.879,0.023,-1417.49,-121.01,741,1205,103,0.615,96.0,83.32,500,50.32,128.54,99.36,47.68,122.96,5204.69,84.65,48165.2,2.33,5.32
2016-02-05,9040.51,9075.1,8875.58,8909.67,0,3825.52,13584.54,5769.08,19.12,1.46,8.26,7.877,-0.002,712.97,-259.76,1141,949,67,1.202,96.0,98.0,500,50.32,128.54,99.36,47.68,122.96,5276.81,84.56,48085.69,2.29,5.32
2016-02-08,8900.81,9026.81,8874.51,9000.22,0,1580.01,13673.84,5795.13,21.19,2.07,10.82,7.8875,0.0105,2656.57,935.15,632,1439,36,0.439,96.0,84.18,500,50.32,128.54,99.36,47.68,122.96,5585.0,83.95,48889.68,2.26,5.32
2016-02-09,8971.16,8979.44,8952.05,8960.32,0,6170.14,13669.03,5798.12,22.45,1.26,5.96,7.8819,-0.0057,171.19,-1921.14,729,1174,113,0.621,96.0,85.24,500,50.32,128.54,99.36,47.68,122.96,5722.4,83.92,49308.69,2.22,5.32
2016-02-10,8995.36,9057.75,8874.58,8936.56,0,1398.69,13646.32,5819.33,18.77,-3.68,-16.41,7.891,0.0091,-798.7,1925.69,885,1075,41,0.823,96.0,79.2,500,50.32,128.54,99.36,47.68,122.96,5712.5,83.93,49391.05,2.19,5.32
2016-02-11,8928.7,9045.09,8896.46,9012.55,0,2547.69,13620.15,5842.14,15.3,-3.47,-18.51,7.8706,-0.0203,382.22,-1125.34,891,1033,127,0.863,96.0,84.56,500,50.32,128.54,99.36,47.68,122.96,5771.02,84.23,48838.68,2.16,5.32
2016-02-12,8973.0,9011.29,8945.49,8983.74,0,4206.98,13584.59,5832.95,20.85,5.55,36.31,7.8567,-0.0139,633.89,-6268.47,879,1150,25,0.764,96.0,98.0,500,50.32,128.54,99.36,47.68,122.96,5755.77,83.94,48318.4,2.15,5.32
2016-02-15,8985.75,9064.28,8965.77,9044.17,0,3431.54,13658.49,5839.7,15.42,-5.43,-26.02,7.876,0.0193,1951.32,287.29,937,966,25,0.97,96.0,88.53,500,50.32,128.54,99.36,47.68,122.96,5729.0,84.79,47951.87,2.09,5.32
2016-02-16,9084.26,9204.46,9035.08,9154.9,0,5784.43,13837.83,5899.31,16.03,0.61,3.93,7.8726,-0.0034,719.09,-486.81,665,1328,53,0.501,96.0,87.61,500,50.32,128.54,99.36,47.68,122.96,5636.88,85.16,48315.57,2.13,5.32
2016-02-17,9190.94,9247.79,9021.97,9078.13,0,4659.22,13699.12,5862.08,20.13,4.1,25.59,7.8778,0.0052,-2463.94,3285.55,902,1040,67,0.867,96.0,93.02,500,50.32,128.54,99.36,47.68,122.96,5714.62,85.06,48471.45,2.14,5.32
2016-02-18,9063.95,9149.91,9001.64,9087.43,0,2910.05,13709.51,5868.72,14.34,-5.79,-28.75,7.8873,0.0095,-4096.63,-12.4,744,1242,128,0.599,96.0,96.63,500,50.32,128.54,99.36,47.68,122.96,5762.81,85.36,49309.74,2.19,5.32
2016-02-19,9096.11,9175.07,8886.17,8963.99,0,6045.05,13632.43,5800.14,18.77,4.42,30.82,7.9134,0.0261,-1328.28,3311.19,965,1088,75,0.887,96.0,81.14,500,50.32,128.54,99.36,47.68,122.96,5833.33,84.99,50356.49,2.18,5.32
2016-02-22,8948.07,8977.96,8787.09,8816.54,0,3939.16,13358.5,5664.62,19.71,0.95,5.05,7.917,0.0036,1098.54,1613.93,1305,614,95,2.125,96.0,87.91,500,50.32,128.54,99.36,47.68,122.96,5818.3,85.1,51152.2,2.2,5.32
2016-02-23,8831.2,8900.44,8805.09,8874.2,0,3945.61,13375.66,5704.56,17.23,-2.49,-12.61,7.9189,0.0019,-9965.64,2212.8,738,1310,61,0.563,96.0,88.41,500,50.32,128.54,99.36,47.68,122.96,5763.25,85.12,51233.34,2.23,5.32
2016-02-24,8865.28,8870.4,8841.6,8846.7,0,2023.12,13364.95,5709.17,20.28,3.06,17.74,7.9255,0.0066,140.08,-1192.09,978,1019,65,0.96,96.0,89.73,500,50.32,128.54,99.36,47.68,122.96,5833.0,85.05,50572.05,2.23,5.32
2016-02-25,8864.15,8983.39,8784.9,8903.78,0,2331.44,13413.45,5715.96,19.52,-0.76,-3.74,7.9301,0.0046,-1166.85,241.09,1035,938,125,1.103,96.0,89.83,500,50.32,128.54,99.36,47.68,122.96,6032.15,85.29,49245.38,2.26,5.32
2016-02-26,8927.71,9116.86,8844.92,9033.1,0,3538.75,13628.38,5838.13,14.51,-5.02,-25.71,7.929,-0.0011,-892.11,1307.03,450,1551,80,0.29,96.0,92.28,500,50.32,128.54,99.36,47.68,122.96,6228.07,85.93,49816.97,2.28,5.32
2016-02-29,9018.69,9155.9,8994.67,9131.58,0,2750.84,13764.65,5940.56,15.05,0.54,3.75,7.9351,0.006,-417.51,-445.87,611,1294,63,0.472,96.0,84.67,500,50.32,128.54,99.36,47.68,122.96,6278.23,85.87,49898.66,2.27,5.32
2016-03-01,9144.63,9227.66,9115.53,9198.4,0,2444.25,13824.32,5975.38,16.14,1.1,7.28,7.9312,-0.0039,-2231.04,-2045.91,456,1487,93,0.307,96.0,97.03,500,50.02,129.41,116.59,46.85,122.34,6349.79,85.77,50412.47,2.24,5.32
2016-03-02,9242.01,9303.53,9092.85,9153.78,0,6452.33,13709.99,5905.97,19.27,3.12,19.36,7.9379,0.0067,1415.12,1350.12,876,1211,45,0.723,96.0,91.6,500,50.02,129.41,116.59,46.85,122.34,6488.74,86.09,51027.14,2.32,5.32
2016-03-03,9143.45,9207.86,9069.92,9134.26,0,2676.0,13713.66,5875.04,20.94,1.67,8.66,7.9562,0.0183,1754.4,206.25,975,1119,105,0.871,96.0,95.18,500,50.02,129.41,116.59,46.85,122.34,6584.02,85.89,51508.01,2.33,5.32
2016-03-04,9139.01,9231.87,9104.74,9197.38,0,1951.51,13897.69,5903.7,17.48,-3.45,-16.5,7.9212,-0.0349,-1071.37,-327.32,529,1427,88,0.371,96.0,78.38,500,50.02,129.41,116.59,46.85,122.34,6546.51,85.67,51349.55,2.3,5.32
2016-03-07,9222.3,9237.89,9192.88,9208.45,0,5796.89,13905.19,5872.51,21.2,3.72,21.28,7.9337,0.0124,1149.52,-1383.3,865,1114,29,0.776,96.0,88.76,500,50.02,129.41,116.59,46.85,122.34,6637.0,85.96,51093.71,2.28,5.32
2016-03-08,9156.91,9240.28,9120.74,9203.92,0,2635.19,13899.68,5900.15,17.53,-3.67,-17.3,7.9203,-0.0133,-3616.84,876.38,825,1152,23,0.716,96.0,93.3,500,50.02,129.41,116.59,46.85,122.34,6593.49,85.81,51416.63,2.26,5.32
2016-03-09,9201.79,9325.38,9119.08,9242.31,0,2103.29,13986.02,5912.87,17.71,0.18,1.0,7.9061,-0.0142,-3522.16,983.33,922,1154,104,0.799,96.0,91.77,500,50.02,129.41,116.59,46.85,122.34,6446.21,85.11,50714.92,2.27,5.32
2016-03-10,9231.55,9303.09,9076.65,9147.54,0,3766.5,13864.4,5921.53,17.44,-0.27,-1.54,7.9021,-0.004,325.2,2311.64,798,1183,26,0.675,96.0,83.33,500,50.02,129.41,116.59,46.85,122.34,6388.4,85.04,51513.71,2.29,5.32
2016-03-11,9137.05,9230.66,9095.69,9189.06,0,3781.89,13851.66,5921.29,16.61,-0.83,-4.75,7.9063,0.0042,5269.76,2144.35,856,1186,26,0.722,96.0,93.76,500,50.02,129.41,116.59,46.85,122.34,6253.98,85.38,51229.12,2.24,5.32
2016-03-14,9220.45,9284.15,9166.92,9230.57,0,2672.84,13865.58,5880.56,18.82,2.21,13.33,7.8849,-0.0215,-3065.12,-728.89,1006,1055,49,0.954,96.0,93.11,500,50.02,129.41,116.59,46.85,122.34,6297.43,85.41,51547.87,2.21,5.32
2016-03-15,9222.63,9357.17,9206.33,9340.66,0,1151.65,13959.95,5946.3,16.23,-2.59,-13.79,7.881,-0.0039,-2411.4,-1929.96,723,1185,69,0.61,96.0,96.25,500,50.02,129.41,116.59,46.85,122.34,6278.87,85.19,51463.37,2.25,5.32
2016-03-16,9342.92,9516.89,9218.81,9392.13,0,2361.97,13944.14,5943.0,14.98,-1.24,-7.67,7.9074,0.0264,3944.55,3872.79,838,1126,97,0.744,96.0,89.1,500,50.02,129.41,116.59,46.85,122.34,6472.32,84.96,52575.1,2.25,5.32
2016-03-17,9371.21,9422.35,9245.48,9296.21,0,2169.22,13815.99,5871.91,18.9,3.92,26.15,7.9145,0.0071,857.91,-3298.07,1257,743,104,1.692,96.0,89.17,500,50.02,129.41,116.59,46.85,122.34,6817.78,84.77,53772.86,2.29,5.32
2016-03-18,9290.06,9338.58,9188.21,9236.45,0,3443.73,13686.3,5795.52,18.09,-0.81,-4.3,7.93,0.0155,5501.91,1132.73,1159,749,106,1.547,96.0,91.47,500,50.02,129.41,116.59,46.85,122.34,6858.89,84.79,54279.54,2.3,5.32
2016-03-21,9241.72,9303.14,9145.0,9206.18,0,3008.74,13726.1,5747.8,17.52,-0.57,-3.16,7.945,0.015,-101.35,-705.95,1225,685,68,1.788,96.0,89.53,500,50.02,129.41,116.59,46.85,122.34,7094.54,84.71,54812.28,2.28,5.32
2016-03-22,9209.77,9376.57,9097.68,9263.82,0,1970.28,13702.12,5788.63,13.27,-4.25,-24.24,7.9574,0.0124,-854.47,-2190.68,991,1090,57,0.909,96.0,89.51,500,50.02,129.41,116.59,46.85,122.34,7253.38,84.52,54743.72,2.31,5.32
2016-03-23,9272.35,9383.3,9206.07,9316.7,0,1676.69,13913.03,5854.69,16.1,2.82,21.27,7.989,0.0316,2079.92,-262.58,454,1623,58,0.28,96.0,98.0,500,50.02,129.41,116.59,46.85,122.34,7192.69,84.67,55808.07,2.33,5.32
2016-03-24,9311.82,9432.25,9152.11,9272.03,0,3343.29,13905.62,5884.42,19.12,3.02,18.77,7.9807,-0.0083,-2027.89,-3575.37,830,1225,67,0.678,96.0,87.98,500,50.02,129.41,116.59,46.85,122.34,7171.48,84.42,55804.27,2.33,5.32
2016-03-25,9283.26,9433.26,9215.92,9365.32,0,6170.74,14088.14,5933.38,15.02,-4.1,-21.42,8.0056,0.0249,6557.88,-74.67,478,1573,118,0.304,96.0,91.48,500,50.02,129.41,116.59,46.85,122.34,7041.93,83.94,56603.75,2.37,5.32
2016-03-28,9346.84,9447.64,9315.32,9415.89,0,2550.88,14122.72,5921.27,19.36,4.34,28.9,8.0151,0.0095,-3728.37,-3000.53,549,1360,97,0.404,96.0,85.65,500,50.02,129.41,116.59,46.85,122.34,6840.42,83.96,57288.2,2.37,5.32
2016-03-29,9404.46,9462.27,9381.64,9439.37,0,5218.89,14112.98,5953.5,16.7,-2.66,-13.74,8.0098,-0.0054,-3049.14,2209.79,874,1049,44,0.833,96.0,86.52,500,50.02,129.41,116.59,46.85,122.34,6974.37,83.59,58176.55,2.39,5.32
2016-03-30,9441.7,9530.61,9373.52,9462.28,0,1912.46,14123.24,5956.45,15.26,-1.44,-8.64,8.0022,-0.0075,-4008.53,3395.93,660,1329,117,0.497,96.0,82.57,500,50.02,129.41,116.59,46.85,122.34,7016.63,83.66,58079.17,2.41,5.32
2016-03-31,9462.81,9503.01,9403.4,9443.52,0,2670.84,14122.64,5963.34,17.49,2.23,14.58,8.0143,0.012,2406.14,3799.39,992,933,24,1.063,96.0,92.55,500,50.02,129.41,116.59,46.85,122.34,7002.45,83.18,57550.91,2.41,5.32
2016-04-01,9430.03,9535.5,9310.73,9416.05,0,2262.27,14062.1,5965.57,14.87,-2.62,-14.99,8.0235,0.0092,-1573.29,2050.67,934,1095,98,0.853,96.0,98.0,500,49.8,129.96,116.8,50.27,122.56,6994.5,83.41,58356.55,2.42,4.57
2016-04-04,9407.93,9498.99,9357.18,9448.02,0,1092.46,14092.03,5935.94,16.87,2.01,13.49,8.02,-0.0035,-2522.06,3003.57,1092,850,111,1.285,96.0,92.57,500,49.8,129.96,116.8,50.27,122.56,7107.79,83.25,58203.72,2.39,4.57
2016-04-05,9456.34,9475.91,9312.6,9331.91,0,7748.96,13836.35,5854.19,20.32,3.45,20.46,8.0164,-0.0035,-1150.95,2138.02,1158,864,20,1.34,96.0,86.48,500,49.8,129.96,116.8,50.27,122.56,7069.24,83.16,59435.64,2.4,4.57
2016-04-06,9316.88,9542.72,9266.57,9491.46,0,3622.22,14114.6,5930.86,16.19,-4.13,-20.31,8.0193,0.0029,-1831.84,445.22,373,1602,101,0.233,96.0,90.14,500,49.8,129.96,116.8,50.27,122.56,7002.75,82.93,59358.83,2.35,4.57
2016-04-07,9472.77,9553.38,9380.43,9460.95,0,2080.01,14159.28,5943.63,18.96,2.76,17.06,8.0222,0.0029,-1119.52,-811.77,761,1286,21,0.592,96.0,91.05,500,49.8,129.96,116.8,50.27,122.56,6688.0,83.01,60431.19,2.34,4.57
2016-04-08,9446.68,9549.36,9363.25,9465.76,0,1947.32,14038.31,5895.96,21.91,2.95,15.56,8.015,-0.0072,3031.79,1333.29,1130,900,72,1.256,96.0,95.82,500,49.8,129.96,116.8,50.27,122.56,7062.75,83.02,60103.72,2.28,4.57
2016-04-11,9475.08,9511.6,9354.27,9390.47,0,3367.37,13913.04,5851.98,18.74,-3.17,-14.47,8.0017,-0.0134,2483.58,2186.77,1038,1037,55,1.001,96.0,83.43,500,49.8,129.96,116.8,50.27,122.56,7477.36,82.68,59784.61,2.28,4.57
2016-04-12,9409.59,9487.85,9214.59,9291.87,0,3365.27,13788.79,5793.0,16.7,-2.04,-10.86,7.9916,-0.0101,2754.35,1625.91,1334,638,100,2.091,96.0,87.44,500,49.8,129.96,116.8,50.27,122.56,7561.92,82.43,60050.83,2.29,4.57
2016-04-13,9276.59,9404.52,9169.62,9297.31,0,2729.72,13695.13,5755.5,19.81,3.11,18.61,7.9821,-0.0095,-2906.97,1240.57,1043,912,70,1.144,96.0,97.07,500,49.8,129.96,116.8,50.27,122.56,7533.97,82.37,60412.89,2.26,4.57
2016-04-14,9280.73,9288.72,9266.6,9274.58,0,1523.32,13635.53,5730.21,20.56,0.75,3.79,7.9741,-0.008,534.18,-955.28,913,1175,56,0.777,96.0,88.2,500,49.8,129.96,116.8,50.27,122.56,7255.95,82.1,60763.44,2.26,4.57
2016-04-15,9282.84,9437.78,9175.66,9330.05,0,2358.82,13689.44,5758.45,17.76,-2.81,-13.66,7.9773,0.0032,-175.16,-366.23,712,1263,129,0.564,96.0,90.74,500,49.8,129.96,116.8,50.27,122.56,7366.36,81.84,60873.12,2.27,4.57
2016-04-18,9314.79,9422.94,9199.81,9307.87,0,3640.07,13591.59,5716.28,18.5,0.74,4.18,7.9602,-0.017,-7316.84,-1774.55,1095,811,85,1.35,96.0,86.35,500,49.8,129.96,116.8,50.27,122.56,7424.49,81.55,61166.59,2.28,4.57
2016-04-19,9302.93,9367.68,9276.66,9341.31,0,2997.79,13675.54,5746.11,18.34,-0.16,-0.87,7.9622,0.002,-6834.7,3794.14,674,1243,107,0.542,96.0,86.48,500,49.8,129.96,116.8,50.27,122.56,7458.25,81.62,61282.78,2.27,4.57
2016-04-20,9359.84,9476.37,9311.97,9428.14,0,2822.59,13745.58,5708.77,19.0,0.67,3.64,7.9584,-0.0039,-7460.3,1418.38,799,1146,121,0.697,96.0,86.67,500,49.8,129.96,116.8,50.27,122.56,7370.84,81.67,60319.93,2.19,4.57
2016-04-21,9444.21,9596.61,9340.78,9492.66,0,4276.63,13851.29,5763.84,16.14,-2.87,-15.08,7.9643,0.006,-6841.0,-2616.8,712,1205,120,0.591,96.0,87.57,500,49.8,129.96,116.8,50.27,122.56,7597.64,81.42,58149.0,2.23,4.57
2016-04-22,9485.53,9573.88,9376.03,9464.17,0,1749.09,13755.31,5741.62,18.92,2.78,17.25,7.9303,-0.034,-171.62,3632.27,591,1355,83,0.436,96.0,93.57,500,49.8,129.96,116.8,50.27,122.56,7599.43,81.74,58747.11,2.22,4.57
2016-04-25,9452.89,9594.6,9378.05,9519.23,0,5824.43,13801.08,5783.57,18.3,-0.63,-3.31,7.964,0.0337,-2527.42,-678.43,836,1228,63,0.681,96.0,80.66,500,49.8,129.96,116.8,50.27,122.56,7179.62,81.39,59847.2,2.22,4.57
2016-04-26,9506.27,9645.87,9402.81,9542.02,0,1609.44,13930.94,5811.74,12.99,-5.31,-29.0,7.9675,0.0035,2663.39,878.61,819,1203,116,0.681,96.0,93.46,500,49.8,129.96,116.8,50.27,122.56,7018.75,81.59,59094.81,2.23,4.57
2016-04-27,9543.79,9617.21,9395.51,9468.34,0,3714.17,13851.29,5786.15,17.99,5.0,38.48,7.9739,0.0064,2120.41,2474.64,911,1175,31,0.775,96.0,90.89,500,49.8,129.96,116.8,50.27,122.56,6951.11,82.19,58878.95,2.27,4.57
2016-04-28,9457.54,9636.99,9370.27,9548.88,0,4390.39,13894.97,5817.42,19.85,1.86,10.33,7.9667,-0.0073,884.3,6466.09,882,1048,24,0.842,96.0,88.91,500,49.8,129.96,116.8,50.27,122.56,6825.73,81.71,57885.56,2.27,4.57
2016-04-29,9552.76,9639.95,9510.39,9597.38,0,2208.95,14054.67,5858.51,15.02,-4.83,-24.34,7.9598,-0.0068,-1639.22,3114.92,704,1264,116,0.557,96.0,90.76,500,49.8,129.96,116.8,50.27,122.56,6891.12,82.26,59885.53,2.23,4.57
2016-05-02,9613.57,9670.49,9573.37,9630.23,0,3565.02,14115.38,5893.19,16.65,1.64,10.89,7.9809,0.0211,1884.06,-1202.69,521,1439,94,0.362,96.0,86.59,500,50.89,130.55,107.65,45.95,123.14,7269.61,82.35,59979.49,2.24,4.57
2016-05-03,9636.8,9697.99,9439.11,9499.42,0,3179.01,13937.25,5814.15,21.91,5.26,31.58,7.9831,0.0022,4247.15,6276.74,1027,1007,65,1.02,96.0,96.4,500,50.89,130.55,107.65,45.95,123.14,7439.86,82.61,59979.29,2.21,4.57
2016-05-04,9472.69,9537.97,9373.22,9438.26,0,4272.35,13822.19,5778.31,18.55,-3.36,-15.32,7.9714,-0.0117,-1571.4,4081.93,766,1222,29,0.627,96.0,92.06,500,50.89,130.55,107.65,45.95,123.14,7524.31,82.54,62212.69,2.22,4.57
2016-05-05,9445.35,9513.35,9337.42,9405.13,0,6933.49,13714.6,5754.96,17.41,-1.14,-6.14,7.9927,0.0213,5212.74,-1260.5,877,1071,97,0.819,96.0,88.24,500,50.89,130.55,107.65,45.95,123.14,7915.13,82.6,61659.85,2.24,4.57
2016-05-06,9385.22,9545.3,9305.97,9465.37,0,3543.48,13878.44,5803.15,20.82,3.41,19.56,7.9876,-0.0051,3527.94,-879.85,481,1453,102,0.331,96.0,88.59,500,50.89,130.55,107.65,45.95,123.14,8003.98,82.88,61953.45,2.27,4.57
2016-05-09,9452.34,9513.87,9400.93,9462.41,0,3493.56,13926.74,5802.33,18.04,-2.78,-13.35,7.991,0.0034,1154.37,-575.33,1085,843,20,1.287,96.0,83.95,500,50.89,130.55,107.65,45.95,123.14,8000.08,82.68,61673.8,2.23,4.57
2016-05-10,9454.19,9536.21,9426.77,9508.63,0,7435.89,14024.14,5852.28,16.58,-1.46,-8.09,7.9945,0.0035,-2908.85,-2275.63,674,1333,111,0.506,96.0,89.8,500,50.89,130.55,107.65,45.95,123.14,8091.27,82.87,61827.89,2.25,4.57
2016-05-11,9504.06,9545.7,9460.4,9502.03,0,3115.73,13964.83,5865.21,17.95,1.37,8.26,8.0046,0.0101,-576.31,1323.03,834,1225,117,0.681,96.0,95.16,500,50.89,130.55,107.65,45.95,123.14,7877.1,82.54,62219.67,2.25,4.57
2016-05-12,9516.12,9580.33,9447.05,9511.24,0,2575.17,13919.67,5837.04,17.2,-0.75,-4.18,8.0021,-0.0024,4600.6,2813.58,589,1501,76,0.392,96.0,87.39,500,50.89,130.55,107.65,45.95,123.14,7664.69,82.85,62860.81,2.19,4.57
2016-05-13,9486.48,9504.34,9405.05,9422.79,0,3042.38,13767.01,5742.72,23.39,6.19,35.98,8.0038,0.0016,-1845.9,3734.46,990,1083,118,0.914,96.0,89.7,500,50.89,130.55,107.65,45.95,123.14,7569.9,83.08,63215.04,2.21,4.57
2016-05-16,9414.6,9453.05,9375.27,9413.72,0,2995.25,13682.08,5730.72,18.45,-4.93,-21.09,8.0164,0.0126,-3823.63,-1897.9,992,945,116,1.05,96.0,88.58,500,50.89,130.55,107.65,45.95,123.14,7524.46,83.3,62580.97,2.21,4.57
2016-05-17,9424.81,9452.55,9366.16,9393.81,0,2138.71,13644.53,5733.07,18.6,0.14,0.78,8.0259,0.0095,1674.5,284.95,934,993,124,0.941,96.0,85.43,500,50.89,130.55,107.65,45.95,123.14,7524.52,82.97,62470.98,2.22,4.57
2016-05-18,9427.0,9471.35,9356.94,9401.17,0,5134.28,13664.88,5740.41,19.89,1.29,6.96,8.0125,-0.0134,-2478.49,1010.5,907,1082,58,0.838,96.0,88.37,500,50.89,130.55,107.65,45.95,123.14,7192.55,83.27,62681.51,2.21,4.57
2016-05-19,9394.3,9467.4,9229.24,9301.62,0,2846.17,13646.1,5699.51,20.02,0.13,0.64,8.0134,0.0009,-1432.37,383.79,1166,806,121,1.447,96.0,90.64,500,50.89,130.55,107.65,45.95,123.14,7094.66,82.64,62888.9,2.24,4.57
2016-05-20,9307.58,9404.12,9153.19,9249.13,0,2777.72,13499.27,5637.4,20.23,0.21,1.04,8.0161,0.0027,1433.68,-1763.22,1080,971,95,1.112,96.0,88.55,500,50.89,130.55,107.65,45.95,123.14,7090.0,82.2,63099.63,2.32,4.57
2016-05-23,9250.94,9323.73,9135.25,9207.7,0,3587.83,13380.91,5625.94,16.42,-3.81,-18.81,8.0199,0.0038,-2077.81,-2575.98,810,1191,60,0.68,96.0,89.43,500,50.89,130.55,107.65,45.95,123.14,6848.68,82.19,63481.05,2.3,4.57
2016-05-24,9204.73,9267.24,9037.27,9099.06,0,2739.32,13220.84,5571.07,22.43,6.01,36.6,8.0083,-0.0116,-6524.45,-1982.19,1248,807,94,1.546,96.0,88.07,500,50.89,130.55,107.65,45.95,123.14,6834.95,82.11,61920.99,2.33,4.57
2016-05-25,9096.63,9145.85,8968.34,9017.13,0,1745.52,13142.76,5488.24,20.59,-1.84,-8.21,8.0188,0.0105,5290.03,-1616.77,1054,872,68,1.209,96.0,86.28,500,50.89,130.55,107.65,45.95,123.14,6945.97,82.06,61708.7,2.33,4.57
2016-05-26,9011.04,9100.45,8936.04,9025.32,0,1068.87,13123.9,5485.05,18.04,-2.55,-12.41,8.0405,0.0217,1593.51,1751.48,882,1137,77,0.776,96.0,87.87,500,50.89,130.55,107.65,45.95,123.14,7125.53,82.29,61909.21,2.25,4.57
2016-05-27,9017.17,9159.07,8956.72,9098.08,0,3586.41,13237.34,5563.23,13.39,-4.65,-25.76,8.0592,0.0188,4734.62,-1269.32,653,1368,64,0.477,96.0,88.4,500,50.89,130.55,107.65,45.95,123.14,7223.17,82.11,61091.06,2.26,4.57
2016-05-30,9126.16,9265.65,9061.79,9200.75,0,991.58,13385.74,5618.99,14.93,1.54,11.51,8.0495,-0.0097,-4311.52,301.68,524,1549,23,0.338,96.0,93.64,500,50.89,130.55,107.65,45.95,123.14,7512.25,82.24,60813.54,2.28,4.57
2016-05-31,9195.44,9254.37,9083.48,9142.07,0,1961.5,13357.14,5582.22,16.36,1.43,9.57,8.06,0.0104,4309.93,-2893.7,724,1209,87,0.599,96.0,92.32,500,50.89,130.55,107.65,45.95,123.14,7525.62,82.31,61734.37,2.29,4.57
2016-06-01,9130.79,9210.66,8965.59,9044.7,0,2878.38,13219.45,5499.0,18.54,2.18,13.34,8.0541,-0.0059,2249.81,809.14,1320,762,104,1.732,96.0,86.98,500,52.09,130.88,116.98,49.44,123.62,7560.55,82.03,60833.34,2.27,4.57
2016-06-02,9019.27,9224.06,8930.98,9134.64,0,4851.34,13299.54,5537.96,16.84,-1.7,-9.18,8.0602,0.0061,-822.08,1765.89,586,1332,84,0.44,96.0,92.49,500,52.09,130.88,116.98,49.44,123.62,7209.93,82.17,59723.64,2.18,4.57
2016-06-03,9140.46,9302.54,9073.66,9235.04,0,3483.64,13475.22,5619.37,21.61,4.77,28.31,8.0461,-0.0141,-2179.74,2081.53,489,1551,110,0.315,96.0,93.09,500,52.09,130.88,116.98,49.44,123.62,7226.44,82.24,59219.33,2.25,4.57
2016-06-06,9248.75,9314.25,9228.56,9293.96,0,3713.07,13620.18,5678.05,13.65,-7.96,-36.84,8.0566,0.0105,757.91,-4713.06,323,1737,41,0.186,96.0,92.58,500,52.09,130.88,116.98,49.44,123.62,7291.91,82.04,59487.43,2.23,4.57
2016-06-07,9281.62,9310.86,9197.19,9226.25,0,2900.75,13546.29,5633.99,14.91,1.26,9.27,8.0594,0.0028,50.66,6552.9,1042,1003,61,1.039,96.0,90.24,500,52.09,130.88,116.98,49.44,123.62,7213.44,82.46,59356.42,2.25,4.57
2016-06-08,9206.79,9297.38,9178.01,9268.4,0,5220.7,13602.11,5687.83,20.85,5.94,39.85,8.0587,-0.0007,1094.12,-1591.88,625,1357,47,0.461,96.0,85.22,500,52.09,130.88,116.98,49.44,123.62,7354.37,82.37,60003.56,2.22,4.57
2016-06-09,9269.63,9563.89,9181.2,9473.51,0,2957.85,13809.44,5800.27,18.16,-2.69,-12.92,8.0768,0.0181,-3771.63,455.07,321,1665,125,0.193,96.0,96.21,500,52.09,130.88,116.98,49.44,123.62,7190.65,82.0,59474.07,2.17,4.57
2016-06-10,9481.62,9540.83,9391.97,9450.99,0,4373.44,13699.95,5770.28,18.81,0.65,3.58,8.0646,-0.0122,-1572.01,2176.42,1020,1012,34,1.008,96.0,89.99,500,52.09,130.88,116.98,49.44,123.62,7392.68,82.32,59723.57,2.14,4.57
2016-06-13,9486.66,9534.62,9437.67,9485.62,0,3205.86,13794.78,5814.77,17.05,-1.76,-9.36,8.0476,-0.017,1894.29,-2636.92,503,1513,47,0.332,96.0,95.47,500,52.09,130.88,116.98,49.44,123.62,7361.59,82.82,58353.89,2.14,4.57
2016-06-14,9501.2,9567.96,9425.3,9492.0,0,4008.01,13752.53,5797.53,21.76,4.71,27.64,8.0356,-0.012,-1113.4,1802.49,796,1219,46,0.653,96.0,89.28,500,52.09,130.88,116.98,49.44,123.62,7475.43,83.07,57694.21,2.14,4.57
2016-06-15,9484.97,9595.34,9396.32,9506.48,0,3435.09,13633.16,5821.39,16.89,-4.87,-22.39,8.0375,0.0018,939.76,-145.88,1323,732,46,1.807,96.0,95.37,500,52.09,130.88,116.98,49.44,123.62,7507.08,83.19,58033.92,2.13,4.57
2016-06-16,9527.91,9608.52,9407.82,9488.09,0,4431.09,13615.65,5828.51,14.32,-2.57,-15.2,8.0159,-0.0216,-2237.37,-376.65,920,1098,41,0.838,96.0,90.27,500,52.09,130.88,116.98,49.44,123.62,7637.29,83.09,58970.76,2.14,4.57
2016-06-17,9478.27,9600.57,9383.13,9505.17,0,3855.23,13596.17,5832.05,13.99,-0.34,-2.34,8.0073,-0.0085,-2918.79,615.93,732,1177,60,0.622,96.0,91.3,500,52.09,130.88,116.98,49.44,123.62,7967.96,83.4,58384.74,2.12,4.57
2016-06-20,9520.92,9526.12,9503.01,9508.2,0,1648.71,13515.76,5778.78,19.79,5.81,41.52,8.0123,0.005,-1366.72,1364.63,988,1074,73,0.92,96.0,92.17,500,52.09,130.88,116.98,49.44,123.62,7906.43,83.32,58695.53,2.09,4.57
2016-06-21,9490.56,9647.03,9395.51,9551.37,0,3834.71,13453.06,5794.08,18.05,-1.74,-8.78,8.0057,-0.0066,-189.19,-841.21,1084,848,102,1.278,96.0,82.62,500,52.09,130.88,116.98,49.44,123.62,7804.47,83.14,57862.32,2.09,4.57
2016-06-22,9556.27,9720.68,9468.76,9632.47,0,4239.85,13611.94,5870.18,16.68,-1.37,-7.61,7.983,-0.0227,-5530.49,884.93,387,1673,40,0.231,96.0,95.54,500,52.09,130.88,116.98,49.44,123.62,7743.03,83.0,57964.45,2.04,4.57
2016-06-23,9641.06,9792.05,9547.72,9698.15,0,2541.53,13695.46,5860.59,17.53,0.85,5.07,7.9776,-0.0054,1999.37,1376.69,748,1252,58,0.597,96.0,86.91,500,52.09,130.88,116.98,49.44,123.62,7768.14,82.8,58221.58,2.08,4.57
2016-06-24,9694.23,9985.64,9558.0,9847.26,0,4610.9,13846.02,5953.55,15.85,-1.68,-9.56,7.9618,-0.0158,1233.6,-1287.08,327,1597,118,0.205,96.0,87.95,500,52.09,130.88,116.98,49.44,123.62,7677.43,82.7,58293.85,2.06,4.57
2016-06-27,9847.85,9912.52,9650.4,9714.19,0,4140.55,13677.62,5898.93,21.62,5.77,36.38,7.9493,-0.0125,893.82,698.36,1234,771,20,1.601,96.0,94.07,500,52.09,130.88,116.98,49.44,123.62,7338.81,82.96,59041.51,2.09,4.57
2016-06-28,9689.29,9820.2,9529.55,9660.06,0,2471.17,13642.29,5903.5,16.72,-4.9,-22.65,7.9595,0.0102,3039.84,627.63,938,980,65,0.957,96.0,81.83,500,52.09,130.88,116.98,49.44,123.62,7579.03,82.77,58872.73,2.15,4.57
2016-06-29,9638.42,9711.24,9369.12,9440.44,0,4891.51,13385.5,5764.2,23.35,6.63,39.62,7.9537,-0.0058,-3975.0,-497.57,1455,588,66,2.474,96.0,89.87,500,52.09,130.88,116.98,49.44,123.62,7520.6,83.1,57951.32,2.2,4.57
2016-06-30,9426.95,9517.83,9325.35,9416.12,0,5436.55,13353.53,5743.19,17.7,-5.65,-24.2,7.9345,-0.0192,3018.67,1787.04,757,1338,112,0.566,96.0,91.43,500,52.09,130.88,116.98,49.44,123.62,7340.14,83.53,57986.65,2.23,4.57
2016-07-01,9399.1,9684.14,9316.19,9599.47,0,1175.2,13542.31,5860.44,16.3,-1.4,-7.91,7.9486,0.0141,-6248.5,-656.69,370,1535,65,0.241,96.0,93.04,500,51.07,131.15,114.49,49.02,123.22,6864.37,83.57,57946.43,2.16,6.5
2016-07-04,9614.27,9716.51,9605.44,9707.59,0,3535.82,13672.72,5922.01,15.25,-1.05,-6.42,7.9579,0.0092,-5046.9,1331.26,632,1400,113,0.451,96.0,94.31,500,51.07,131.15,114.49,49.02,123.22,7190.45,83.43,58293.19,2.16,6.5
2016-07-05,9712.27,9762.77,9488.7,9538.3,0,3340.0,13435.28,5852.93,20.41,5.16,33.84,7.9588,0.0009,-1814.56,-1716.11,1406,592,114,2.375,96.0,84.93,500,51.07,131.15,114.49,49.02,123.22,7098.48,83.16,58376.13,2.16,6.5
2016-07-06,9531.24,9733.49,9463.07,9664.37,0,3431.36,13571.92,5894.72,13.78,-6.63,-32.48,7.9641,0.0053,-198.31,2624.89,633,1435,34,0.441,96.0,81.16,500,51.07,131.15,114.49,49.02,123.22,7011.29,82.65,58144.24,2.18,6.5
2016-07-07,9659.21,9768.86,9570.61,9680.06,0,3016.46,13502.83,5847.03,18.59,4.8,34.86,7.9665,0.0024,-3546.43,617.89,891,1026,21,0.868,96.0,88.36,500,51.07,131.15,114.49,49.02,123.22,6965.91,82.58,59939.59,2.19,6.5
2016-07-08,9697.1,9722.91,9612.13,9637.78,0,2623.43,13444.97,5805.29,18.33,-0.26,-1.39,7.9612,-0.0053,-1254.36,-1281.1,733,1265,116,0.579,96.0,79.82,500,51.07,131.15,114.49,49.02,123.22,6842.11,83.04,60936.17,2.17,6.5
2016-07-11,9656.36,9706.53,9542.17,9592.01,0,3376.8,13501.0,5812.8,16.89,-1.44,-7.87,7.9652,0.004,617.41,2437.27,1064,940,108,1.132,96.0,92.38,500,51.07,131.15,114.49,49.02,123.22,6946.66,83.42,60107.93,2.14,6.5
2016-07-12,9598.64,9657.39,9519.81,9578.44,0,2356.24,13583.91,5766.17,20.9,4.02,23.79,7.9623,-0.0028,3193.24,-1296.76,868,1132,101,0.767,96.0,84.4,500,51.07,131.15,114.49,49.02,123.22,6963.12,84.13,59680.21,2.15,6.5
2016-07-13,9593.87,9643.04,9563.21,9612.32,0,2447.26,13580.74,5770.26,18.31,-2.59,-12.41,7.9687,0.0064,-3463.93,-421.95,829,1184,70,0.7,96.0,88.28,500,51.07,131.15,114.49,49.02,123.22,6710.19,84.07,59663.84,2.15,6.5
2016-07-14,9610.72,9689.93,9541.21,9620.34,0,2320.13,13557.28,5796.07,17.66,-0.65,-3.56,7.9655,-0.0032,588.43,898.98,999,929,129,1.075,96.0,90.42,500,51.07,131.15,114.49,49.02,123.22,6699.95,84.59,59758.3,2.12,6.5
2016-07-15,9590.06,9680.52,9557.1,9647.37,0,3723.07,13581.73,5786.23,17.89,0.23,1.29,7.9635,-0.0021,-4622.49,4739.22,843,1224,125,0.689,96.0,88.65,500,51.07,131.15,114.49,49.02,123.22,7067.89,84.99,59589.61,2.09,6.5
2016-07-18,9625.95,9641.19,9610.03,9625.26,0,6404.28,13518.61,5743.14,16.92,-0.96,-5.37,7.9542,-0.0093,2033.23,-14.19,1199,735,129,1.631,96.0,87.25,500,51.07,131.15,114.49,49.02,123.22,6943.44,84.84,61045.14,2.07,6.5
2016-07-19,9598.65,9668.14,9534.41,9603.87,0,3522.9,13534.5,5751.88,19.44,2.51,14.85,7.9478,-0.0063,1153.01,-1422.2,720,1322,120,0.545,96.0,89.7,500,51.07,131.15,114.49,49.02,123.22,6850.87,84.56,60877.42,2.1,6.5
2016-07-20,9617.36,9684.74,9574.03,9641.29,0,2647.16,13555.78,5764.29,18.27,-1.17,-5.99,7.9446,-0.0032,-2520.88,890.26,687,1221,25,0.563,96.0,87.39,500,51.07,131.15,114.49,49.02,123.22,6852.22,84.58,60694.0,2.13,6.5
2016-07-21,9648.22,9780.84,9452.82,9584.57,0,3710.6,13538.27,5764.01,16.4,-1.87,-10.25,7.9335,-0.0112,1226.74,593.83,857,1193,71,0.718,96.0,88.33,500,51.07,131.15,114.49,49.02,123.22,6711.77,85.11,59673.3,2.18,6.5
2016-07-22,9570.36,9842.27,9496.03,9766.42,0,3252.56,13784.81,5905.02,14.49,-1.92,-11.68,7.9176,-0.0159,4646.81,3826.84,150,1945,86,0.077,96.0,94.06,500,51.07,131.15,114.49,49.02,123.22,6503.13,85.28,60083.49,2.21,6.5
2016-07-25,9794.14,9877.52,9621.03,9703.64,0,2021.61,13664.57,5898.05,19.79,5.31,36.64,7.8945,-0.023,-3787.38,2259.54,1148,867,80,1.324,96.0,79.06,500,51.07,131.15,114.49,49.02,123.22,6441.59,85.65,61183.38,2.23,6.5
2016-07-26,9717.36,9756.08,9383.07,9420.61,0,2769.41,13333.8,5731.88,22.62,2.83,14.27,7.9204,0.0259,857.01,-362.98,1370,602,53,2.276,96.0,91.36,500,51.07,131.15,114.49,49.02,123.22,6374.74,85.62,60752.64,2.22,6.5
2016-07-27,9433.5,9601.51,9372.39,9539.71,0,4136.81,13526.77,5866.26,14.73,-7.88,-34.86,7.9251,0.0047,-1497.99,2028.8,511,1410,98,0.362,96.0,84.43,500,51.07,131.15,114.49,49.02,123.22,6202.21,85.6,61288.61,2.25,6.5
2016-07-28,9542.81,9673.49,9472.9,9603.14,0,2696.8,13655.16,5934.18,19.26,4.53,30.73,7.9395,0.0144,-376.71,-1933.45,569,1423,54,0.4,96.0,83.48,500,51.07,131.15,114.49,49.02,123.22,6104.94,85.12,59325.55,2.23,6.5
2016-07-29,9579.68,9624.0,9497.42,9541.56,0,4350.2,13515.33,5837.23,17.92,-1.34,-6.95,7.9462,0.0066,-2669.76,1089.39,1276,716,35,1.782,96.0,85.05,500,51.07,131.15,114.49,49.02,123.22,6123.78,85.28,59921.91,2.22,6.5
2016-08-01,9529.74,9595.16,9503.58,9568.9,0,4662.72,13567.73,5869.98,18.83,0.91,5.07,7.9409,-0.0052,7749.52,1767.17,912,1121,73,0.814,96.0,86.55,500,53.04,131.47,113.66,48.91,123.93,5925.72,85.38,60372.54,2.23,6.5
2016-08-02,9541.8,9591.38,9477.8,9527.31,0,1302.36,13480.21,5845.05,17.58,-1.26,-6.67,7.9344,-0.0065,-856.58,1861.18,1012,902,113,1.122,96.0,90.72,500,53.04,131.47,113.66,48.91,123.93,6095.8,85.4,58862.15,2.26,6.5
2016-08-03,9536.33,9592.65,9524.65,9580.91,0,6692.84,13569.98,5883.38,19.97,2.4,13.64,7.9272,-0.0072,4790.58,-458.41,553,1535,103,0.36,96.0,91.09,500,53.04,131.47,113.66,48.91,123.93,6099.84,85.1,60301.43,2.22,6.5
2016-08-04,9605.57,9703.28,9584.72,9682.26,0,2828.91,13661.57,5953.68,17.71,-2.26,-11.32,7.9062,-0.021,5081.59,5157.74,333,1603,57,0.208,96.0,94.75,500,53.04,131.47,113.66,48.91,123.93,6024.0,85.36,59625.44,2.2,6.5
2016-08-05,9693.24,9739.71,9567.94,9614.02,0,7298.49,13580.13,5924.08,18.42,0.71,4.01,7.9116,0.0054,3333.16,-578.49,649,1397,106,0.465,96.0,88.82,500,53.04,131.47,113.66,48.91,123.93,5842.9,85.35,60470.25,2.17,6.5
2016-08-08,9626.07,9654.47,9517.99,9546.15,0,2357.65,13527.62,5880.65,24.15,5.73,31.09,7.901,-0.0105,-10140.95,2580.9,979,960,38,1.02,96.0,94.42,500,53.04,131.47,113.66,48.91,123.93,5479.89,85.26,60559.06,2.19,6.5
2016-08-09,9555.09,9611.23,9433.13,9488.88,0,1652.0,13429.85,5858.51,17.01,-7.14,-29.57,7.928,0.0269,-4290.35,-528.8,1067,1031,54,1.035,96.0,94.14,500,53.04,131.47,113.66,48.91,123.93,5414.99,85.52,60899.08,2.15,6.5
2016-08-10,9477.66,9560.69,9414.64,9497.54,0,3274.18,13385.46,5817.56,15.8,-1.21,-7.12,7.9352,0.0072,1319.41,1840.82,1018,1010,23,1.008,96.0,90.82,500,53.04,131.47,113.66,48.91,123.93,5482.43,85.58,59449.67,2.14,6.5
2016-08-11,9501.32,9603.57,9435.29,9537.29,0,2149.37,13462.01,5831.26,16.21,0.41,2.61,7.9453,0.0101,3025.38,1177.19,925,1026,91,0.902,96.0,84.86,500,53.04,131.47,113.66,48.91,123.93,5522.21,85.17,59508.13,2.17,6.5
2016-08-12,9529.8,9591.6,9340.06,9401.03,0,2438.33,13248.35,5730.23,20.66,4.45,27.45,7.9192,-0.0261,-4363.55,-1495.36,1370,635,101,2.157,96.0,88.91,500,53.04,131.47,113.66,48.91,123.93,5447.95,85.17,59042.8,2.19,6.5
2016-08-15,9382.16,9516.01,9282.44,9415.93,0,3581.23,13256.08,5717.41,15.47,-5.19,-25.13,7.9356,0.0164,2512.98,730.7,882,1161,123,0.76,96.0,78.89,500,53.04,131.47,113.66,48.91,123.93,5426.41,85.41,57634.31,2.14,6.5
2016-08-16,9461.3,9509.84,9271.82,9319.63,0,5205.41,13038.31,5641.91,21.73,6.26,40.45,7.9236,-0.012,-2427.1,-1300.16,1095,954,116,1.148,96.0,88.44,500,53.04,131.47,113.66,48.91,123.93,5622.56,85.09,57497.35,2.15,6.5
2016-08-17,9308.66,9337.99,9287.21,9316.53,0,5353.65,13042.86,5636.02,19.46,-2.26,-10.42,7.9211,-0.0026,9.32,5197.53,1080,983,54,1.099,96.0,88.11,500,53.04,131.47,113.66,48.91,123.93,5641.36,84.84,56079.57,2.16,6.5
2016-08-18,9273.0,9357.42,9197.01,9281.37,0,4704.88,12978.57,5624.03,19.43,-0.03,-0.16,7.9189,-0.0021,41.54,1308.06,887,1068,30,0.831,96.0,90.75,500,53.04,131.47,113.66,48.91,123.93,5848.67,85.42,56859.79,2.17,6.5
2016-08-19,9285.81,9401.51,9281.63,9397.28,0,6410.11,13156.89,5707.4,18.97,-0.47,-2.39,7.9289,0.01,1420.24,448.47,666,1272,94,0.524,96.0,88.02,500,53.04,131.47,113.66,48.91,123.93,6050.84,84.6,56781.85,2.14,6.5
2016-08-22,9362.33,9446.74,9235.92,9319.95,0,2918.33,13101.13,5701.87,18.65,-0.32,-1.68,7.9391,0.0102,2011.16,5118.79,1073,898,65,1.195,96.0,84.24,500,53.04,131.47,113.66,48.91,123.93,6208.81,85.14,55450.72,2.16,6.5
2016-08-23,9298.62,9377.73,9165.31,9243.96,0,2644.14,12955.87,5645.85,20.1,1.45,7.78,7.9304,-0.0087,11647.49,-404.28,989,932,99,1.061,96.0,87.87,500,53.04,131.47,113.66,48.91,123.93,6080.12,85.3,55294.9,2.11,6.5
2016-08-24,9209.08,9310.37,9158.26,9259.28,0,5114.93,12930.98,5640.22,18.13,-1.97,-9.79,7.9571,0.0267,3631.08,-1727.05,998,972,29,1.027,96.0,91.14,500,53.04,131.47,113.66,48.91,123.93,6110.84,85.8,56735.91,2.12,6.5
2016-08-25,9275.93,9373.97,9203.47,9301.32,0,3154.68,12939.63,5648.36,17.0,-1.14,-6.28,7.9507,-0.0064,1720.45,679.98,715,1300,21,0.55,96.0,84.94,500,53.04,131.47,113.66,48.91,123.93,6133.9,85.44,56946.13,2.13,6.5
2016-08-26,9321.75,9602.96,9258.02,9537.76,0,2991.75,13284.74,5792.42,16.98,-0.02,-0.1,7.9513,0.0006,3247.69,-1756.25,37,1910,29,0.019,96.0,87.15,500,53.04,131.47,113.66,48.91,123.93,6096.07,85.51,56724.39,2.18,6.5
2016-08-29,9521.72,9623.11,9430.87,9532.16,0,2975.37,13253.27,5806.23,21.03,4.05,23.86,7.9673,0.0161,-10396.02,548.96,828,1175,113,0.705,96.0,89.36,500,53.04,131.47,113.66,48.91,123.93,6273.61,85.65,57370.34,2.2,6.5
2016-08-30,9539.03,9621.18,9438.22,9520.21,0,2785.77,13150.73,5769.12,14.91,-6.12,-29.1,7.9639,-0.0034,1383.68,-2363.51,1088,883,31,1.232,96.0,82.96,500,53.04,131.47,113.66,48.91,123.93,6452.73,86.31,58319.29,2.19,6.5
2016-08-31,9532.43,9642.61,9486.98,9596.85,0,3862.83,13198.2,5821.39,16.79,1.88,12.62,7.956,-0.008,1837.14,-2451.6,454,1641,71,0.277,96.0,87.09,500,53.04,131.47,113.66,48.91,123.93,6386.01,86.07,58221.95,2.21,6.5
2016-09-01,9613.74,9665.08,9392.32,9442.75,0,3667.07,13008.47,5717.14,17.65,0.87,5.15,7.9449,-0.0111,13799.92,3392.62,1458,591,59,2.467,96.0,89.94,500,52.47,131.95,122.57,46.28,123.25,6819.11,86.47,58932.86,2.16,6.5
2016-09-02,9446.5,9667.13,9402.88,9622.7,0,2216.8,13283.84,5854.27,14.95,-2.7,-15.29,7.9708,0.0259,-1267.49,-5066.45,528,1451,109,0.364,96.0,87.45,500,52.47,131.95,122.57,46.28,123.25,6807.48,86.3,58325.58,2.16,6.5
2016-09-05,9617.26,9748.27,9510.07,9640.81,0,2252.28,13316.86,5873.4,22.04,7.09,47.38,7.9772,0.0064,-457.58,4338.33,715,1360,36,0.526,96.0,92.28,500,52.47,131.95,122.57,46.28,123.25,6712.28,86.01,58884.63,2.2,6.5
2016-09-06,9642.17,9728.94,9631.56,9718.25,0,3222.95,13415.21,5900.09,20.41,-1.63,-7.39,7.9719,-0.0053,1321.49,-2983.8,504,1466,33,0.344,96.0,91.96,500,52.47,131.95,122.57,46.28,123.25,6577.83,85.97,59197.99,2.19,6.5
2016-09-07,9728.15,9948.73,9657.25,9876.75,0,6724.79,13609.6,5983.35,17.77,-2.64,-12.95,7.9683,-0.0035,-1023.37,-3231.66,297,1663,71,0.179,96.0,91.35,500,52.47,131.95,122.57,46.28,123.25,6750.71,86.45,60194.59,2.19,6.5
2016-09-08,9903.49,9997.55,9660.49,9753.13,0,2972.11,13419.58,5894.63,18.32,0.55,3.08,7.9749,0.0066,-567.16,-19.72,1082,978,54,1.106,96.0,91.54,500,52.47,131.95,122.57,46.28,123.25,6619.33,86.65,59429.12,2.13,6.5
2016-09-09,9696.99,9754.07,9641.83,9698.9,0,3068.76,13373.01,5838.74,17.87,-0.45,-2.45,7.9663,-0.0086,-2416.97,5583.43,1095,1003,79,1.092,96.0,90.29,500,52.47,131.95,122.57,46.28,123.25,6385.05,86.13,58936.19,2.09,6.5
2016-09-12,9698.43,9702.51,9558.7,9562.72,0,7341.38,13173.81,5740.48,21.04,3.18,17.78,7.9533,-0.013,2005.52,-1615.6,1354,622,126,2.177,96.0,91.84,500,52.47,131.95,122.57,46.28,123.25,6021.24,85.96,58965.89,2.11,6.5
2016-09-13,9582.67,9591.09,9564.82,9573.23,0,1130.54,13189.45,5759.94,16.28,-4.76,-22.63,7.945,-0.0084,5270.02,-602.8,652,1423,90,0.458,96.0,83.83,500,52.47,131.95,122.57,46.28,123.25,6154.48,85.54,58189.26,2.1,6.5
2016-09-14,9564.08,9622.48,9345.93,9403.34,0,2354.6,12970.5,5667.6,18.96,2.67,16.41,7.9516,0.0066,-3830.63,267.44,1253,683,102,1.835,96.0,84.47,500,52.47,131.95,122.57,46.28,123.25,5805.48,86.16,58845.22,2.11,6.5
2016-09-15,9410.54,9505.85,9354.21,9449.29,0,5694.22,12971.67,5659.68,17.03,-1.93,-10.16,7.9459,-0.0057,-1712.25,1046.93,826,1207,118,0.684,96.0,85.07,500,52.47,131.95,122.57,46.28,123.25,5676.91,86.49,58584.58,2.09,6.5
2016-09-16,9426.11,9528.87,9373.22,9475.7,0,3773.92,13050.29,5703.5,14.16,-2.87,-16.85,7.9444,-0.0015,2030.0,-1737.5,717,1196,120,0.599,96.0,97.12,500,52.47,131.95,122.57,46.28,123.25,5587.17,86.29,58023.43,2.08,6.5
2016-09-19,9452.87,9646.48,9344.43,9537.07,0,4114.93,13151.53,5748.09,15.03,0.87,6.15,7.9327,-0.0117,-305.08,-2242.17,771,1187,83,0.65,96.0,82.5,500,52.47,131.95,122.57,46.28,123.25,5786.88,86.13,58117.87,2.08,6.5
2016-09-20,9513.28,9631.4,9450.08,9567.84,0,2154.78,13135.34,5762.51,19.71,4.68,31.13,7.9144,-0.0183,5156.64,-984.15,786,1203,22,0.653,96.0,93.76,500,52.47,131.95,122.57,46.28,123.25,5878.74,86.58,57130.88,2.13,6.5
2016-09-21,9552.9,9568.31,9326.22,9341.29,0,1853.14,12957.39,5722.25,22.57,2.86,14.51,7.9144,-0.0,2403.57,1233.76,1115,975,107,1.144,96.0,88.96,500,52.47,131.95,122.57,46.28,123.25,6019.03,86.38,56007.9,2.08,6.5
2016-09-22,9347.49,9419.83,9303.59,9375.8,0,2605.22,13018.26,5725.75,17.51,-5.06,-22.41,7.9222,0.0078,1043.92,-1802.82,699,1229,64,0.569,96.0,92.56,500,52.47,131.95,122.57,46.28,123.25,5779.38,87.06,55472.33,2.08,6.5
2016-09-23,9358.79,9395.85,9324.86,9361.91,0,1985.85,12993.3,5691.16,12.83,-4.68,-26.7,7.9044,-0.0178,-2241.15,-2070.45,725,1317,112,0.55,96.0,85.49,500,52.47,131.95,122.57,46.28,123.25,5735.21,87.49,55748.54,2.05,6.5
2016-09-26,9324.04,9383.47,9304.58,9363.93,0,3928.06,13037.81,5727.86,17.93,5.1,39.72,7.9079,0.0035,695.93,191.2,677,1369,28,0.495,96.0,85.53,500,52.47,131.95,122.57,46.28,123.25,5806.86,87.54,55955.7,2.12,6.5
2016-09-27,9338.2,9413.73,9195.49,9270.48,0,4036.45,12843.26,5639.55,20.16,2.23,12.45,7.9036,-0.0043,2695.26,-801.18,1215,703,29,1.728,96.0,88.06,500,52.47,131.95,122.57,46.28,123.25,5828.77,87.52,55005.27,2.13,6.5
2016-09-28,9259.7,9303.04,9063.85,9106.47,0,1814.45,12621.03,5541.17,19.6,-0.56,-2.79,7.9114,0.0078,4395.21,-948.0,1476,505,121,2.923,96.0,88.57,500,52.47,131.95,122.57,46.28,123.25,5860.91,87.87,56510.75,2.08,6.5
2016-09-29,9066.94,9199.08,9027.43,9159.17,0,3358.7,12662.78,5594.86,14.83,-4.78,-24.36,7.9091,-0.0023,-2799.47,-3219.42,782,1154,124,0.678,96.0,87.77,500,52.47,131.95,122.57,46.28,123.25,6131.97,87.59,56728.96,1.98,6.5
2016-09-30,9167.1,9200.86,9164.09,9197.84,0,2513.03,12703.18,5622.38,14.75,-0.08,-0.55,7.9066,-0.0025,-865.57,-3362.33,660,1335,64,0.494,96.0,86.11,500,52.47,131.95,122.57,46.28,123.25,6076.18,88.16,56758.98,1.92,6.5
2016-10-03,9159.63,9213.86,9064.4,9118.39,0,1698.16,12635.61,5573.63,20.37,5.63,38.16,7.8866,-0.02,1181.09,-3680.96,1112,896,87,1.241,96.0,87.2,500,50.79,132.6,122.77,46.04,122.79,6135.75,88.15,56487.8,1.94,6.82
2016-10-04,9109.06,9155.63,8985.73,9031.9,0,2288.98,12570.34,5558.13,16.95,-3.42,-16.78,7.8644,-0.0222,-6760.9,-6049.57,934,1050,121,0.89,96.0,83.28,500,50.79,132.6,122.77,46.04,122.79,5972.23,88.26,56533.14,1.9,6.82
2016-10-05,9018.14,9061.6,8957.8,9001.18,0,5486.39,12523.4,5532.97,15.1,-1.85,-10.91,7.8801,0.0157,1345.44,-945.66,550,1441,64,0.382,96.0,85.73,500,50.79,132.6,122.77,46.04,122.79,6011.63,88.42,55270.71,1.87,6.82
2016-10-06,9017.31,9129.61,8876.19,8988.13,0,3361.19,12447.68,5506.39,18.35,3.25,21.53,7.8679,-0.0121,120.48,21.5,1042,921,20,1.131,96.0,92.25,500,50.79,132.6,122.77,46.04,122.79,6146.74,88.53,54806.81,1.87,6.82
2016-10-07,8986.6,9073.44,8852.67,8939.04,0,4106.4,12426.88,5494.57,19.32,0.97,5.27,7.8608,-0.0071,-3246.3,2195.01,683,1347,107,0.507,96.0,86.85,500,50.79,132.6,122.77,46.04,122.79,6276.95,88.51,55072.08,1.93,6.82
2016-10-10,8939.73,9025.72,8872.93,8958.77,0,5381.28,12554.88,5501.87,17.7,-1.62,-8.38,7.8478,-0.013,2175.84,-930.64,828,1080,56,0.767,96.0,92.98,500,50.79,132.6,122.77,46.04,122.79,6366.98,89.01,54865.08,1.95,6.82
2016-10-11,9010.18,9242.95,8937.99,9169.49,0,4048.87,12744.64,5652.95,18.29,0.59,3.32,7.8564,0.0086,-4584.02,2137.04,517,1520,103,0.34,96.0,94.73,500,50.79,132.6,122.77,46.04,122.79,6405.63,88.79,54713.99,1.99,6.82
2016-10-12,9181.51,9238.53,9137.33,9194.29,0,4575.8,12833.86,5670.42,16.5,-1.79,-9.78,7.8643,0.0079,-411.79,-2613.71,691,1302,78,0.531,96.0,91.0,500,50.79,132.6,122.77,46.04,122.79,6211.58,88.61,54198.54,1.97,6.82
2016-10-13,9159.55,9238.06,9088.36,9166.81,0,3575.54,12774.61,5645.14,16.92,0.42,2.54,7.8679,0.0036,-1505.73,4655.18,1066,973,82,1.096,96.0,87.64,500,50.79,132.6,122.77,46.04,122.79,6336.94,88.38,54520.8,1.95,6.82
2016-10-14,9186.36,9218.63,9043.99,9075.88,0,4680.96,12760.27,5617.39,18.44,1.52,9.01,7.8531,-0.0148,2434.07,-670.59,908,1021,27,0.889,96.0,86.57,500,50.79,132.6,122.77,46.04,122.79,5999.43,87.89,54689.55,1.98,6.82
2016-10-17,9086.52,9119.76,8987.21,9020.22,0,2036.09,12639.89,5553.55,18.03,-0.41,-2.23,7.8351,-0.018,-1085.37,-3467.26,919,1082,117,0.849,96.0,90.9,500,50.79,132.6,122.77,46.04,122.79,6122.57,87.83,54614.16,2.0,6.82
2016-10-18,9016.14,9020.63,8953.14,8957.6,0,2950.9,12519.33,5554.75,13.88,-4.15,-23.01,7.837,0.0019,-4204.41,-42.48,1016,970,77,1.047,96.0,85.72,500,50.79,132.6,122.77,46.04,122.79,5916.94,87.37,55621.12,2.01,6.82
2016-10-19,8988.62,9042.14,8910.19,8963.55,0,3230.29,12462.51,5570.05,19.03,5.14,37.06,7.8567,0.0196,5233.76,-361.32,841,1157,89,0.727,96.0,84.25,500,50.79,132.6,122.77,46.04,122.79,6174.04,87.22,57186.72,2.03,6.82
2016-10-20,8934.07,9026.37,8818.43,8910.48,0,3267.47,12336.62,5512.56,19.52,0.5,2.61,7.8703,0.0137,-2808.91,-35.0,1048,860,129,1.219,96.0,88.03,500,50.79,132.6,122.77,46.04,122.79,6354.17,87.38,57637.19,1.97,6.82
2016-10-21,8915.74,8965.09,8863.34,8912.67,0,3947.11,12329.39,5504.45,20.67,1.15,5.88,7.869,-0.0014,-2325.93,-419.3,781,1166,107,0.67,96.0,87.3,500,50.79,132.6,122.77,46.04,122.79,6340.14,87.59,56788.33,1.98,6.82
2016-10-24,8942.69,9014.74,8808.16,8879.7,0,3355.82,12281.78,5488.67,18.57,-2.11,-10.19,7.8594,-0.0096,841.33,5588.89,1000,900,26,1.111,96.0,93.7,500,50.79,132.6,122.77,46.04,122.79,6212.02,87.79,56063.31,1.96,6.82
2016-10-25,8901.71,8997.85,8864.31,8960.21,0,3285.14,12327.0,5537.5,17.64,-0.93,-5.01,7.8542,-0.0052,1035.14,-3914.99,539,1500,81,0.359,96.0,84.02,500,50.79,132.6,122.77,46.04,122.79,6187.77,87.99,57366.87,1.92,6.82
2016-10-26,8966.64,9015.37,8876.08,8924.58,0,3095.57,12245.53,5478.71,22.52,4.89,27.72,7.8482,-0.006,562.0,3168.98,754,1319,79,0.572,96.0,88.59,500,50.79,132.6,122.77,46.04,122.79,6109.5,87.98,57223.54,1.95,6.82
2016-10-27,8906.56,9006.91,8839.67,8939.77,0,4061.37,12322.75,5512.05,18.12,-4.41,-19.57,7.8487,0.0005,-2023.93,-65.88,1129,789,96,1.431,96.0,78.46,500,50.79,132.6,122.77,46.04,122.79,6121.63,88.11,56778.94,1.97,6.82
2016-10-28,8950.56,9079.54,8903.53,9032.08,0,5288.59,12444.99,5560.36,15.57,-2.54,-14.04,7.829,-0.0197,-2508.5,2467.2,796,1231,60,0.647,96.0,85.5,500,50.79,132.6,122.77,46.04,122.79,5989.35,87.93,57844.0,2.02,6.82
2016-10-31,9063.12,9154.93,9026.75,9118.34,0,2867.8,12570.51,5608.69,18.5,2.92,18.78,7.8325,0.0035,-2243.31,3163.46,788,1267,68,0.622,96.0,88.45,500,50.79,132.6,122.77,46.04,122.79,6049.7,87.67,57496.72,2.02,6.82
2016-11-01,9134.11,9224.2,9032.18,9122.16,0,2603.97,12584.54,5608.92,18.91,0.42,2.25,7.8566,0.0241,1801.11,3332.79,828,1140,94,0.726,96.0,89.21,500,53.42,133.16,118.92,49.04,122.82,5969.64,88.17,57194.46,2.01,6.82
2016-11-02,9107.69,9184.45,9025.18,9101.89,0,3284.08,12498.02,5535.97,18.7,-0.21,-1.13,7.862,0.0054,3313.5,-314.19,1253,663,98,1.89,96.0,92.09,500,53.42,133.16,118.92,49.04,122.82,5851.23,87.76,56322.91,2.0,6.82
2016-11-03,9119.57,9163.34,8974.86,9018.15,0,3617.11,12383.95,5482.77,15.41,-3.29,-17.61,7.8601,-0.0019,-755.99,-74.75,1139,844,23,1.35,96.0,85.54,500,53.42,133.16,118.92,49.04,122.82,5837.44,88.0,57016.21,2.03,6.82
2016-11-04,8989.1,9088.36,8854.88,8953.75,0,2325.12,12382.08,5480.48,19.96,4.55,29.56,7.8514,-0.0087,1934.03,-2393.39,1035,1004,95,1.031,96.0,89.67,500,53.42,133.16,118.92,49.04,122.82,5744.05,87.83,56072.96,2.1,6.82
2016-11-07,8960.7,8974.18,8923.4,8936.84,0,2506.1,12331.28,5445.53,18.75,-1.21,-6.08,7.8509,-0.0005,-6891.29,1655.09,1011,1049,121,0.964,96.0,90.24,500,53.42,133.16,118.92,49.04,122.82,5746.3,88.06,55569.82,2.15,6.82
2016-11-08,8924.55,8988.56,8802.93,8866.53,0,2455.04,12252.2,5427.27,17.58,-1.17,-6.25,7.8511,0.0002,-1550.2,-752.85,975,1121,80,0.87,96.0,93.68,500,53.42,133.16,118.92,49.04,122.82,5963.46,88.62,55399.55,2.21,6.82
2016-11-09,8907.36,9121.76,8857.33,9070.81,0,5017.25,12499.77,5536.9,16.21,-1.36,-7.76,7.8566,0.0055,-233.74,2939.13,527,1565,21,0.337,96.0,88.98,500,53.42,133.16,118.92,49.04,122.82,6158.29,88.78,56008.21,2.25,6.82
2016-11-10,9066.49,9271.4,9042.14,9246.56,0,3240.16,12748.1,5621.08,14.67,-1.55,-9.53,7.8293,-0.0274,12090.57,1314.12,314,1751,20,0.179,96.0,85.27,500,53.42,133.16,118.92,49.04,122.82,6048.4,88.82,55450.19,2.23,6.82
2016-11-11,9239.97,9355.4,9172.96,9288.04,0,2716.17,12864.73,5670.65,18.5,3.83,26.12,7.8227,-0.0066,-6492.16,1780.7,567,1487,68,0.381,96.0,90.97,500,53.42,133.16,118.92,49.04,122.82,6035.24,88.46,55640.98,2.23,6.82
2016-11-14,9283.21,9343.02,9139.34,9198.61,0,2596.6,12720.99,5589.13,19.85,1.35,7.31,7.8183,-0.0044,-258.81,364.22,1131,842,73,1.343,96.0,89.77,500,53.42,133.16,118.92,49.04,122.82,6304.42,88.1,56101.64,2.22,6.82
2016-11-15,9190.23,9198.02,9143.91,9151.67,0,3615.24,12720.78,5559.08,18.08,-1.77,-8.91,7.8091,-0.0092,334.52,-1890.63,1041,882,80,1.18,96.0,96.69,500,53.42,133.16,118.92,49.04,122.82,6414.67,87.48,56856.46,2.21,6.82
2016-11-16,9110.15,9134.76,9045.56,9070.06,0,3753.1,12520.54,5509.45,18.73,0.65,3.58,7.8094,0.0002,690.9,235.82,1182,787,84,1.502,96.0,87.35,500,53.42,133.16,118.92,49.04,122.82,6393.8,87.68,57987.2,2.2,6.82
2016-11-17,9083.13,9177.65,9016.92,9111.22,0,3699.56,12595.84,5559.33,18.32,-0.42,-2.22,7.8093,-0.0001,1450.02,747.61,697,1364,48,0.511,96.0,90.89,500,53.42,133.16,118.92,49.04,122.82,6662.26,87.24,57384.55,2.2,6.82
2016-11-18,9116.29,9201.52,9032.57,9117.79,0,3504.02,12558.05,5556.96,19.7,1.38,7.54,7.7837,-0.0255,1500.79,-1244.38,695,1327,78,0.524,96.0,94.29,500,53.42,133.16,118.92,49.04,122.82,6639.14,86.93,57239.81,2.19,6.82
2016-11-21,9110.77,9260.29,9014.07,9163.03,0,3501.36,12608.66,5599.94,19.33,-0.36,-1.84,7.7776,-0.0062,8755.81,2563.01,947,1106,29,0.856,96.0,97.23,500,53.42,133.16,118.92,49.04,122.82,6675.61,86.94,57201.11,2.11,6.82
2016-11-22,9181.52,9232.32,9055.48,9105.86,0,2644.59,12496.66,5560.52,19.71,0.38,1.96,7.7728,-0.0048,912.77,506.48,831,1155,61,0.719,96.0,87.61,500,53.42,133.16,118.92,49.04,122.82,7072.56,87.28,58867.77,2.06,6.82
2016-11-23,9119.18,9143.44,8995.87,9019.87,0,7880.77,12454.21,5517.37,21.32,1.61,8.15,7.776,0.0032,-2858.84,307.5,1140,810,75,1.407,96.0,90.63,500,53.42,133.16,118.92,49.04,122.82,6832.61,87.11,59671.02,2.16,6.82
2016-11-24,9024.14,9134.35,8945.97,9055.9,0,2945.23,12482.64,5537.84,19.34,-1.98,-9.28,7.7639,-0.0121,2021.54,-863.88,588,1474,71,0.399,96.0,89.25,500,53.42,133.16,118.92,49.04,122.82,6881.29,87.19,60239.6,2.2,6.82
2016-11-25,9070.94,9117.56,8943.5,8989.7,0,1508.77,12437.63,5508.33,21.15,1.81,9.35,7.7519,-0.012,-316.52,-585.07,889,1095,67,0.812,96.0,87.24,500,53.42,133.16,118.92,49.04,122.82,6661.25,87.33,59940.8,2.19,6.82
2016-11-28,8951.55,9023.54,8925.88,8997.74,0,2610.64,12443.41,5492.49,19.18,-1.97,-9.31,7.7575,0.0056,1643.75,-20.91,668,1295,101,0.516,96.0,83.87,500,53.42,133.16,118.92,49.04,122.82,6573.08,87.05,59708.08,2.13,6.82
2016-11-29,9026.74,9118.3,8993.22,9084.57,0,3268.33,12632.55,5548.85,18.32,-0.86,-4.47,7.7606,0.0031,533.0,2191.64,565,1375,48,0.411,96.0,87.82,500,53.42,133.16,118.92,49.04,122.82,6595.98,86.9,59615.18,2.18,6.82
2016-11-30,9064.9,9174.76,8988.26,9097.85,0,4096.51,12711.82,5603.3,19.89,1.56,8.53,7.7612,0.0006,7876.39,3112.56,877,1158,104,0.757,96.0,89.79,500,53.42,133.16,118.92,49.04,122.82,6515.16,86.8,59266.64,2.21,6.82
2016-12-01,9088.29,9247.75,9000.09,9158.87,0,3164.46,12822.17,5623.18,14.42,-5.46,-27.48,7.7707,0.0095,-1495.65,600.41,718,1184,49,0.606,96.0,90.54,500,51.94,133.53,121.1,45.15,123.27,6657.77,86.69,59041.86,2.26,6.82
2016-12-02,9139.35,9298.13,9112.32,9270.71,0,4591.13,13075.0,5727.89,13.95,-0.47,-3.29,7.7683,-0.0024,-2132.83,-370.91,451,1508,100,0.299,96.0,74.78,500,51.94,133.53,121.1,45.15,123.27,6669.21,86.61,59553.09,2.23,6.82
2016-12-05,9292.67,9404.15,9262.7,9373.92,0,3308.52,13182.72,5764.96,18.68,4.73,33.91,7.7677,-0.0006,-1116.59,1667.73,582,1325,67,0.439,96.0,91.92,500,51.94,133.53,121.1,45.15,123.27,6581.56,87.08,58323.79,2.25,6.82
2016-12-06,9356.53,9420.37,9223.85,9287.21,0,3087.19,13061.51,5735.8,21.01,2.33,12.5,7.7561,-0.0115,-1968.25,1083.94,891,1058,20,0.842,96.0,92.46,500,51.94,133.53,121.1,45.15,123.27,6741.69,87.08,59336.27,2.23,6.82
2016-12-07,9271.85,9387.34,9173.65,9288.96,0,2787.57,12996.27,5729.44,20.4,-0.61,-2.89,7.7656,0.0095,-3141.54,1395.91,904,1106,45,0.817,96.0,88.75,500,51.94,133.53,121.1,45.15,123.27,6741.9,87.09,59650.4,2.23,6.82
2016-12-08,9264.99,9390.11,9210.25,9334.96,0,3783.23,13118.09,5727.64,15.39,-5.02,-24.59,7.775,0.0093,-1706.62,3711.66,780,1135,27,0.687,96.0,86.06,500,51.94,133.53,121.1,45.15,123.27,6651.32,87.45,60544.06,2.21,6.82
2016-12-09,9358.06,9521.75,9283.33,9446.31,0,2918.47,13227.68,5756.55,19.93,4.54,29.53,7.7805,0.0056,-744.0,-2508.92,702,1214,69,0.578,96.0,95.36,500,51.94,133.53,121.1,45.15,123.27,6640.47,87.27,59844.18,2.16,6.82
2016-12-12,9430.34,9459.21,9283.69,9312.2,0,5514.92,13016.92,5682.8,21.0,1.07,5.35,7.7746,-0.0059,2493.52,-178.52,1162,887,93,1.31,96.0,90.17,500,51.94,133.53,121.1,45.15,123.27,6757.27,87.37,58961.08,2.1,6.82
2016-12-13,9313.43,9402.65,9283.3,9372.32,0,1231.69,13132.06,5689.45,20.16,-0.84,-4.0,7.781,0.0064,-1149.79,-474.96,731,1361,114,0.537,96.0,89.57,500,51.94,133.53,121.1,45.15,123.27,6591.13,87.53,57892.51,2.12,6.82
2016-12-14,9377.73,9588.8,9312.38,9522.43,0,3383.54,13281.46,5763.25,17.32,-2.84,-14.1,7.7785,-0.0025,-3156.81,78.89,596,1332,70,0.447,96.0,89.49,500,51.94,133.53,121.1,45.15,123.27,6639.81,87.75,58368.77,2.16,6.82
2016-12-15,9480.29,9521.58,9430.97,9472.23,0,3862.27,13206.07,5782.12,20.2,2.88,16.66,7.7607,-0.0179,4413.56,888.63,1014,1021,90,0.993,96.0,85.47,500,51.94,133.53,121.1,45.15,123.27,6693.2,87.7,58186.18,2.21,6.82
2016-12-16,9478.06,9538.26,9294.54,9353.95,0,3576.02,13155.98,5733.32,16.98,-3.22,-15.95,7.7613,0.0006,-1159.64,6107.64,1272,804,84,1.582,96.0,88.86,500,51.94,133.53,121.1,45.15,123.27,6793.78,87.52,58227.45,2.24,6.82
2016-12-19,9348.48,9404.17,9189.9,9244.97,0,2730.69,12917.24,5647.97,18.78,1.8,10.6,7.7696,0.0084,-2807.18,124.54,1201,892,89,1.346,96.0,88.84,500,51.94,133.53,121.1,45.15,123.27,6547.6,87.13,58117.25,2.2,6.82
2016-12-20,9268.02,9333.0,9129.52,9193.98,0,4575.05,12842.28,5665.22,20.4,1.62,8.6,7.7694,-0.0002,-5509.9,3349.31,884,1115,103,0.793,96.0,84.12,500,51.94,133.53,121.1,45.15,123.27,6340.98,86.83,59794.07,2.21,6.82
2016-12-21,9173.19,9376.72,9117.01,9319.64,0,2417.31,12989.04,5713.23,16.52,-3.88,-19.02,7.7734,0.004,372.15,2639.94,586,1326,105,0.442,96.0,94.01,500,51.94,133.53,121.1,45.15,123.27,6320.25,87.1,60280.75,2.16,6.82
2016-12-22,9353.95,9379.19,9331.43,9356.66,0,2405.52,12962.73,5698.43,19.02,2.5,15.16,7.7622,-0.0112,-2420.86,2433.52,909,1014,68,0.896,96.0,90.53,500,51.94,133.53,121.1,45.15,123.27,6483.42,87.4,60742.44,2.15,6.82
2016-12-23,9386.46,9444.72,9261.56,9319.4,0,3370.56,12959.59,5672.13,17.77,-1.25,-6.56,7.759,-0.0032,-406.2,-707.77,1002,1069,97,0.937,96.0,82.03,500,51.94,133.53,121.1,45.15,123.27,6381.55,87.41,60895.46,2.19,6.82
2016-12-26,9343.07,9380.95,9195.57,9233.01,0,2556.55,12781.51,5615.6,19.47,1.69,9.52,7.7586,-0.0004,-1868.63,-1794.43,1140,761,34,1.498,96.0,84.77,500,51.94,133.53,121.1,45.15,123.27,6598.83,87.77,60757.19,2.14,6.82
2016-12-27,9249.93,9408.19,9156.52,9314.13,0,3295.67,12842.35,5651.96,16.13,-3.33,-17.13,7.7555,-0.0031,-129.58,7435.49,637,1447,26,0.44,96.0,86.74,500,51.94,133.53,121.1,45.15,123.27,6622.31,87.02,62064.91,2.17,6.82
2016-12-28,9292.61,9426.76,9227.56,9361.23,0,3431.09,12885.67,5667.24,16.72,0.59,3.65,7.7573,0.0017,6.87,2965.83,851,1114,89,0.764,96.0,94.87,500,51.94,133.53,121.1,45.15,123.27,6921.94,86.66,62254.86,2.28,6.82
2016-12-29,9371.9,9439.5,9308.71,9376.28,0,1935.76,12921.03,5649.26,18.24,1.52,9.11,7.7598,0.0025,-318.55,-1239.88,1136,851,48,1.335,96.0,89.09,500,51.94,133.53,121.1,45.15,123.27,7062.37,86.67,62689.87,2.32,6.82
2016-12-30,9393.74,9473.92,9202.49,9281.72,0,4013.08,12779.25,5623.4,17.36,-0.88,-4.83,7.7722,0.0124,2092.63,1475.57,793,1270,104,0.624,96.0,89.36,500,51.94,133.53,121.1,45.15,123.27,7059.88,87.4,61194.66,2.31,6.82
2017-01-02,9272.89,9348.9,9237.56,9313.41,0,2920.7,12824.13,5626.02,16.32,-1.04,-5.99,7.7892,0.017,-1345.35,-5447.26,494,1507,110,0.328,96.0,93.12,500,53.36,134.09,126.13,50.13,123.25,7236.91,87.1,61159.8,2.31,7.69
2017-01-03,9318.46,9362.16,9249.06,9292.64,0,2211.53,12704.52,5649.01,14.39,-1.93,-11.85,7.7745,-0.0147,2328.92,-1581.67,796,1181,39,0.674,96.0,98.0,500,53.36,134.09,126.13,50.13,123.25,7515.97,86.84,62065.09,2.38,7.69
2017-01-04,9304.98,9414.07,9212.24,9321.16,0,3244.8,12753.36,5651.43,13.47,-0.92,-6.4,7.7669,-0.0075,-763.68,290.34,764,1276,58,0.599,96.0,88.3,500,53.36,134.09,126.13,50.13,123.25,7820.41,87.74,61701.39,2.37,7.69
2017-01-05,9341.01,9602.28,9317.18,9577.85,0,1933.14,13046.13,5802.62,17.31,3.84,28.54,7.7801,0.0131,-1584.33,684.5,390,1655,82,0.236,96.0,89.88,500,53.36,134.09,126.13,50.13,123.25,7542.55,87.42,62595.07,2.38,7.69
2017-01-06,9583.05,9907.7,9523.43,9846.44,0,1347.47,13440.69,5961.0,14.42,-2.89,-16.68,7.7864,0.0063,-2252.52,2748.01,195,1792,82,0.109,96.0,85.01,500,53.36,134.09,126.13,50.13,123.25,7587.48,87.4,62579.75,2.44,7.69
2017-01-09,9837.09,9898.23,9792.12,9853.19,0,2379.38,13420.8,5962.03,14.71,0.29,2.01,7.7836,-0.0027,-6158.25,5229.36,777,1137,47,0.683,96.0,91.09,500,53.36,134.09,126.13,50.13,123.25,7695.17,87.06,62106.21,2.47,7.69
2017-01-10,9847.42,10301.84,9753.45,10204.46,0,3410.29,13837.89,6142.13,13.05,-1.66,-11.29,7.7661,-0.0175,334.85,2654.67,20,1925,87,0.01,96.0,86.32,500,53.36,134.09,126.13,50.13,123.25,7640.19,87.58,62940.88,2.49,7.69
2017-01-11,10208.93,10291.31,10153.85,10236.08,0,2165.84,13865.85,6148.77,15.85,2.8,21.45,7.7524,-0.0138,-906.04,-4.3,795,1272,90,0.625,96.0,87.03,500,53.36,134.09,126.13,50.13,123.25,7530.62,87.71,64262.12,2.5,7.69
2017-01-12,10224.35,10315.82,10071.7,10162.62,0,2942.06,13783.24,6087.55,21.0,5.15,32.46,7.7356,-0.0168,4671.55,-358.8,1034,1015,54,1.019,96.0,83.51,500,53.36,134.09,126.13,50.13,123.25,7585.84,87.45,63910.14,2.57,7.69
2017-01-13,10145.24,10252.15,10004.95,10111.51,0,4566.5,13649.49,6021.69,20.67,-0.32,-1.54,7.7292,-0.0064,248.13,3880.93,1051,902,39,1.165,96.0,86.31,500,53.36,134.09,126.13,50.13,123.25,7470.7,87.6,63311.24,2.64,7.69
2017-01-16,10128.13,10197.96,9962.38,10031.54,0,3005.71,13569.64,5965.57,19.85,-0.82,-3.97,7.7207,-0.0085,4605.44,-254.25,952,1083,73,0.879,96.0,94.04,500,53.36,134.09,126.13,50.13,123.25,7529.6,87.37,62505.79,2.65,7.69
2017-01-17,10046.39,10082.09,9671.58,9706.06,0,4185.16,13163.47,5755.21,23.8,3.95,19.88,7.7166,-0.0041,3291.17,602.2,1657,258,27,6.422,96.0,87.53,500,53.36,134.09,126.13,50.13,123.25,7436.64,87.8,62072.99,2.66,7.69
2017-01-18,9737.32,9853.88,9673.53,9789.75,0,3418.74,13237.71,5828.57,18.49,-5.31,-22.32,7.7215,0.0049,-1429.36,246.27,432,1489,77,0.29,96.0,93.99,500,53.36,134.09,126.13,50.13,123.25,7247.66,88.24,62699.4,2.66,7.69
2017-01-19,9784.14,9899.92,9689.0,9804.59,0,3530.77,13195.16,5818.87,19.15,0.66,3.56,7.7209,-0.0006,2005.18,-1475.69,646,1332,46,0.485,96.0,89.37,500,53.36,134.09,126.13,50.13,123.25,7543.65,88.47,63851.96,2.61,7.69
2017-01-20,9802.7,9845.19,9670.95,9713.05,0,3622.56,13023.74,5770.67,18.07,-1.08,-5.64,7.7472,0.0263,-2570.52,-683.47,898,1143,101,0.786,96.0,90.48,500,53.36,134.09,126.13,50.13,123.25,7547.11,89.17,64457.15,2.61,7.69
2017-01-23,9724.51,9803.2,9601.74,9680.07,0,3064.14,13010.11,5774.26,18.88,0.82,4.51,7.7302,-0.017,1576.57,-377.11,763,1148,29,0.665,96.0,87.81,500,53.36,134.09,126.13,50.13,123.25,7267.48,88.51,64079.37,2.63,7.69
2017-01-24,9665.13,9725.08,9584.2,9644.02,0,4964.56,12948.23,5750.01,19.93,1.04,5.53,7.7294,-0.0008,-5872.15,-2325.28,809,1152,125,0.702,96.0,92.4,500,53.36,134.09,126.13,50.13,123.25,7431.38,89.03,62680.64,2.65,7.69
2017-01-25,9631.71,9705.63,9623.26,9697.12,0,3616.82,13071.85,5812.62,15.81,-4.12,-20.66,7.7288,-0.0006,-892.11,2821.86,563,1442,110,0.39,96.0,92.43,500,53.36,134.09,126.13,50.13,123.25,7677.28,88.95,62484.43,2.67,7.69
2017-01-26,9722.77,9767.67,9623.46,9668.11,0,2457.97,13003.62,5771.21,17.15,1.34,8.44,7.7287,-0.0001,28.15,-989.65,889,1044,106,0.852,96.0,88.66,500,53.36,134.09,126.13,50.13,123.25,7729.31,88.56,62709.82,2.64,7.69
2017-01-27,9681.13,9769.99,9617.29,9705.98,0,2295.19,13023.18,5776.31,15.62,-1.53,-8.92,7.7232,-0.0055,-2668.26,12.45,923,1127,111,0.819,96.0,93.21,500,53.36,134.09,126.13,50.13,123.25,7450.72,88.86,62488.28,2.66,7.69
2017-01-30,9685.48,9757.91,9620.44,9692.82,0,3131.95,12957.39,5742.74,20.13,4.51,28.89,7.7224,-0.0008,808.85,525.98,1045,969,103,1.078,96.0,87.07,500,53.36,134.09,126.13,50.13,123.25,7565.06,88.25,62812.41,2.58,7.69
2017-01-31,9683.23,9772.05,9497.74,9585.66,0,2236.57,12810.64,5684.81,19.46,-0.66,-3.3,7.7208,-0.0015,3309.4,189.89,1103,870,118,1.268,96.0,86.47,500,53.36,134.09,126.13,50.13,123.25,7618.54,88.19,63389.27,2.55,7.69
2017-02-01,9574.36,9590.19,9554.25,9570.07,0,3529.03,12701.2,5639.66,18.17,-1.3,-6.67,7.7338,0.0129,-1300.98,479.75,860,1086,46,0.792,96.0,89.88,500,54.49,134.53,125.32,51.68,123.24,7908.89,88.27,64204.96,2.58,7.69
2017-02-02,9562.2,9639.57,9403.02,9479.72,0,3422.76,12591.0,5613.76,19.82,1.65,9.1,7.7464,0.0127,-8687.84,830.39,1208,791,84,1.527,96.0,94.52,500,54.49,134.53,125.32,51.68,123.24,8022.69,88.41,63735.31,2.57,7.69
2017-02-03,9460.33,9646.27,9394.86,9579.97,0,1086.11,12832.85,5695.09,12.77,-7.05,-35.58,7.737,-0.0094,-2238.11,289.25,452,1457,119,0.31,96.0,92.0,500,54.49,134.53,125.32,51.68,123.24,8043.73,88.69,64832.44,2.55,7.69
2017-02-06,9583.79,9796.93,9524.77,9736.96,0,3089.13,12935.57,5773.95,17.68,4.91,38.49,7.7403,0.0033,6116.9,684.15,675,1291,52,0.523,96.0,88.85,500,54.49,134.53,125.32,51.68,123.24,8062.99,89.1,65283.32,2.55,7.69
2017-02-07,9724.71,9799.58,9633.88,9708.62,0,4475.56,12794.36,5723.9,22.43,4.75,26.86,7.7454,0.0051,1303.72,-546.85,988,1098,21,0.9,96.0,88.45,500,54.49,134.53,125.32,51.68,123.24,8060.9,89.6,66135.21,2.58,7.69
2017-02-08,9701.1,9785.93,9610.34,9695.11,0,3360.58,12848.29,5725.27,14.71,-7.72,-34.42,7.7372,-0.0083,2382.95,351.39,914,1036,114,0.882,96.0,87.54,500,54.49,134.53,125.32,51.68,123.24,8111.32,89.65,65314.78,2.66,7.69
2017-02-09,9716.73,9786.6,9714.69,9784.55,0,3461.46,12978.84,5792.91,17.56,2.85,19.38,7.7357,-0.0015,1959.46,178.8,611,1385,31,0.441,96.0,90.89,500,54.49,134.53,125.32,51.68,123.24,7599.15,89.52,65893.96,2.65,7.69
2017-02-10,9747.66,9988.45,9708.88,9948.87,0,2407.9,13129.59,5856.99,17.72,0.16,0.91,7.7211,-0.0146,-4445.32,-861.24,386,1607,68,0.24,96.0,90.16,500,54.49,134.53,125.32,51.68,123.24,7547.81,89.93,65498.61,2.61,7.69
2017-02-13,9967.5,10054.22,9852.09,9938.56,0,1671.36,13125.71,5831.85,16.57,-1.15,-6.49,7.7424,0.0213,757.05,3626.44,619,1349,21,0.459,96.0,93.71,500,54.49,134.53,125.32,51.68,123.24,7802.64,89.48,65834.74,2.62,7.69
2017-02-14,9953.18,10206.31,9918.41,10170.78,0,2552.88,13353.91,5937.13,18.68,2.11,12.72,7.7442,0.0018,114.27,-603.73,563,1414,38,0.398,96.0,89.42,500,54.49,134.53,125.32,51.68,123.24,7579.48,89.27,66421.52,2.57,7.69
2017-02-15,10178.17,10425.27,10089.79,10335.52,0,4885.26,13617.33,6025.53,14.49,-4.18,-22.41,7.7505,0.0063,-4570.5,3383.22,640,1392,65,0.46,96.0,92.34,500,54.49,134.53,125.32,51.68,123.24,7630.54,89.37,66084.61,2.56,7.69
2017-02-16,10368.84,10438.28,10154.61,10223.08,0,3572.27,13406.11,5984.89,19.09,4.6,31.71,7.7467,-0.0038,-3599.92,-636.96,1185,849,91,1.396,96.0,92.25,500,54.49,134.53,125.32,51.68,123.24,7774.82,90.22,65932.61,2.54,7.69
2017-02-17,10220.37,10550.56,10125.69,10453.72,0,6889.24,13670.76,6136.64,16.24,-2.85,-14.91,7.7349,-0.0119,2643.35,-578.43,91,1896,83,0.048,96.0,87.01,500,54.49,134.53,125.32,51.68,123.24,7612.34,90.66,65106.96,2.5,7.69
2017-02-20,10401.13,10486.98,10202.29,10287.21,0,2769.55,13494.77,6034.86,19.61,3.37,20.76,7.7341,-0.0007,-153.43,3574.6,1299,705,68,1.843,96.0,86.93,500,54.49,134.53,125.32,51.68,123.24,7608.83,90.81,64624.85,2.49,7.69
2017-02-21,10273.57,10488.04,10197.61,10411.07,0,2530.89,13682.39,6108.4,15.08,-4.53,-23.1,7.7465,0.0124,-1227.85,3683.87,496,1459,115,0.34,96.0,87.76,500,54.49,134.53,125.32,51.68,123.24,7490.25,90.84,64287.46,2.54,7.69
2017-02-22,10429.02,10559.04,10182.19,10310.74,0,5307.28,13601.53,6095.16,19.64,4.56,30.23,7.7507,0.0042,4899.87,1636.55,949,1011,48,0.939,96.0,94.02,500,54.49,134.53,125.32,51.68,123.24,7769.05,90.3,64884.19,2.55,7.69
2017-02-23,10299.97,10467.66,10218.35,10385.36,0,4803.71,13735.91,6077.8,21.87,2.23,11.33,7.7527,0.002,-1862.81,987.96,821,1093,117,0.751,96.0,89.5,500,54.49,134.53,125.32,51.68,123.24,7791.0,89.99,65248.81,2.53,7.69
2017-02-24,10359.56,10488.15,10301.3,10429.49,0,3027.47,13770.02,6031.48,21.97,0.1,0.46,7.7479,-0.0048,4375.5,357.1,789,1260,41,0.626,96.0,95.36,500,54.49,134.53,125.32,51.68,123.24,7938.55,90.12,65207.29,2.62,7.69
2017-02-27,10458.36,10503.79,10361.02,10406.22,0,5757.71,13721.37,5996.12,19.88,-2.09,-9.52,7.7427,-0.0052,248.3,-2593.73,605,1351,77,0.448,96.0,95.45,500,54.49,134.53,125.32,51.68,123.24,7848.03,90.44,66002.19,2.66,7.69
2017-02-28,10425.35,10465.4,10395.01,10435.04,0,3134.91,13768.25,6014.87,15.3,-4.58,-23.05,7.73,-0.0127,1189.92,456.0,586,1462,50,0.401,96.0,90.19,500,54.49,134.53,125.32,51.68,123.24,7859.52,90.6,67706.7,2.71,7.69
2017-03-01,10433.95,10491.61,10433.09,10490.75,0,3686.06,13876.73,6057.24,15.75,0.46,3.0,7.7314,0.0014,-778.6,2727.52,656,1321,118,0.497,96.0,92.21,500,53.85,134.97,120.78,49.87,122.99,7965.98,90.24,68442.43,2.63,7.69
2017-03-02,10501.74,10549.74,10265.55,10312.69,0,2710.94,13588.36,5913.45,19.81,4.06,25.74,7.7322,0.0007,2137.95,-921.82,1662,257,21,6.467,96.0,89.32,500,53.85,134.97,120.78,49.87,122.99,7670.84,90.67,68953.16,2.58,7.69
2017-03-03,10313.67,10590.42,10245.51,10520.89,0,3031.3,13973.86,6043.34,16.52,-3.29,-16.61,7.7388,0.0066,-1360.09,-94.53,194,1834,89,0.106,96.0,94.06,500,53.85,134.97,120.78,49.87,122.99,7503.61,90.37,68675.56,2.54,7.69
2017-03-06,10542.42,10670.11,10459.44,10586.78,0,2407.08,14100.13,6094.1,19.39,2.87,17.39,7.7236,-0.0152,-1475.98,-4669.65,542,1383,110,0.392,96.0,81.16,500,53.85,134.97,120.78,49.87,122.99,7934.59,90.4,66846.68,2.57,7.69
2017-03-07,10577.84,10657.01,10550.95,10629.98,0,5935.37,14159.82,6115.07,16.1,-3.29,-16.98,7.7269,0.0033,-4788.68,286.79,707,1380,54,0.512,96.0,90.08,500,53.85,134.97,120.78,49.87,122.99,8193.42,90.52,67469.24,2.57,7.69
2017-03-08,10647.88,10708.94,10551.61,10612.48,0,3352.82,14208.34,6121.06,14.66,-1.44,-8.95,7.7304,0.0034,669.23,1069.86,607,1379,84,0.44,96.0,87.97,500,53.85,134.97,120.78,49.87,122.99,8349.35,90.58,66474.13,2.59,7.69
2017-03-09,10635.41,10771.03,10531.56,10666.88,0,2540.43,14290.73,6162.07,18.6,3.94,26.88,7.7553,0.025,2170.1,875.32,854,1156,107,0.739,96.0,88.98,500,53.85,134.97,120.78,49.87,122.99,8399.96,90.69,66044.39,2.53,7.69
2017-03-10,10653.68,10721.3,10572.51,10640.04,0,3899.6,14254.1,6119.66,15.74,-2.86,-15.38,7.7338,-0.0215,715.99,614.75,633,1434,115,0.441,96.0,94.77,500,53.85,134.97,120.78,49.87,122.99,8901.61,90.67,66411.53,2.51,7.69
2017-03-13,10650.52,10677.79,10574.29,10601.43,0,3160.04,14149.1,6111.57,23.04,7.3,46.37,7.7501,0.0163,8670.18,-2743.13,826,1220,119,0.677,96.0,87.79,500,53.85,134.97,120.78,49.87,122.99,8925.67,90.39,66722.4,2.48,7.69
2017-03-14,10597.6,10810.62,10541.38,10753.57,0,3556.95,14358.8,6210.53,13.4,-9.63,-41.82,7.747,-0.0032,4071.53,-355.37,434,1662,103,0.261,96.0,79.56,500,53.85,134.97,120.78,49.87,122.99,9385.15,89.96,67464.74,2.44,7.69
2017-03-15,10744.47,11101.77,10685.59,11041.26,0,1862.8,14793.84,6368.56,17.73,4.33,32.27,7.7592,0.0122,-4443.97,-3066.88,93,1859,86,0.05,96.0,86.48,500,53.85,134.97,120.78,49.87,122.99,9778.56,90.24,67437.51,2.42,7.69
2017-03-16,11035.19,11172.32,10741.63,10876.8,0,4469.87,14640.15,6242.27,21.06,3.33,18.81,7.7568,-0.0023,4740.25,3715.54,1174,876,36,1.34,96.0,93.2,500,53.85,134.97,120.78,49.87,122.99,9950.28,90.67,67373.07,2.44,7.69
2017-03-17,10860.76,10962.08,10670.79,10771.28,0,1274.0,14518.48,6198.77,22.74,1.68,7.96,7.7506,-0.0062,968.51,-940.03,959,1135,126,0.845,96.0,88.69,500,53.85,134.97,120.78,49.87,122.99,9682.45,90.09,67148.38,2.43,7.69
2017-03-20,10806.93,10919.81,10542.08,10653.35,0,2852.76,14303.81,6105.7,19.26,-3.48,-15.29,7.7503,-0.0002,-6756.11,1689.58,1014,1019,61,0.995,96.0,79.09,500,53.85,134.97,120.78,49.87,122.99,9420.92,89.83,67677.61,2.46,7.69
2017-03-21,10655.53,10727.64,10352.51,10423.05,0,1884.21,14068.2,6021.84,18.53,-0.74,-3.82,7.7191,-0.0312,405.66,-89.0,1268,773,78,1.64,96.0,95.14,500,53.85,134.97,120.78,49.87,122.99,9598.19,90.18,67769.64,2.43,7.69
2017-03-22,10411.66,10495.27,10364.77,10448.22,0,2643.6,14118.18,6034.92,18.96,0.44,2.35,7.7008,-0.0183,-4935.58,-1003.37,659,1362,34,0.484,96.0,89.94,500,53.85,134.97,120.78,49.87,122.99,10047.76,90.18,66167.97,2.41,7.69
2017-03-23,10432.79,10627.13,10333.98,10527.43,0,1244.25,14212.93,6065.19,19.61,0.65,3.43,7.7063,0.0055,2986.03,-342.12,719,1240,51,0.58,96.0,89.44,500,53.85,134.97,120.78,49.87,122.99,10132.74,90.21,67730.71,2.39,7.69
2017-03-24,10514.35,10615.92,10493.11,10594.52,0,2529.62,14237.25,6093.76,16.46,-3.15,-16.07,7.7338,0.0275,-5043.59,287.88,721,1224,60,0.589,96.0,90.12,500,53.85,134.97,120.78,49.87,122.99,10109.83,90.13,67565.17,2.43,7.69
2017-03-27,10595.13,10835.61,10567.07,10806.99,0,3550.47,14544.28,6210.96,17.08,0.62,3.74,7.7303,-0.0035,2701.22,463.4,372,1585,128,0.235,96.0,80.46,500,53.85,134.97,120.78,49.87,122.99,10219.65,89.94,67991.73,2.42,7.69
2017-03-28,10812.89,10944.51,10759.94,10891.18,0,2119.01,14652.77,6283.26,16.95,-0.13,-0.76,7.7315,0.0012,306.54,2933.75,567,1382,30,0.41,96.0,90.8,500,53.85,134.97,120.78,49.87,122.99,10043.37,89.44,67538.08,2.4,7.69
2017-03-29,10886.81,11163.62,10807.85,11083.24,0,2911.44,14945.25,6415.97,16.02,-0.93,-5.49,7.7292,-0.0023,1598.47,-355.31,549,1502,106,0.366,96.0,83.66,500,53.85,134.97,120.78,49.87,122.99,9978.21,89.97,68439.53,2.43,7.69
2017-03-30,11105.31,11159.21,11058.0,11111.87,0,3385.01,14834.24,6361.71,18.67,2.65,16.57,7.7151,-0.0141,-1891.6,-1787.93,1043,916,94,1.139,96.0,82.34,500,53.85,134.97,120.78,49.87,122.99,9655.91,90.82,68078.06,2.45,7.69
2017-03-31,11122.77,11462.92,11075.95,11414.86,0,3791.19,15360.63,6532.83,12.32,-6.35,-33.99,7.7124,-0.0028,-4783.28,880.61,23,2011,98,0.011,96.0,88.63,500,53.85,134.97,120.78,49.87,122.99,10047.83,90.43,69157.71,2.43,7.69
2017-04-03,11393.42,11421.1,11304.35,11331.88,0,3403.32,15245.51,6453.93,18.91,6.58,53.43,7.7053,-0.0071,9069.3,452.33,1452,524,59,2.771,96.0,93.87,500,55.07,136.1,124.48,51.28,122.44,10086.79,90.69,69849.55,2.47,9.2
2017-04-04,11287.55,11420.02,11247.61,11379.76,0,2983.83,15379.85,6432.67,14.86,-4.05,-21.4,7.7388,0.0335,1575.41,3186.25,843,1071,82,0.787,96.0,89.2,500,55.07,136.1,124.48,51.28,122.44,10278.72,90.77,69786.23,2.44,9.2
2017-04-05,11370.03,11418.05,11113.97,11161.11,0,1855.13,15230.37,6346.45,18.87,4.0,26.94,7.7386,-0.0002,-231.94,115.73,926,1069,110,0.866,96.0,92.94,500,55.07,136.1,124.48,51.28,122.44,10196.54,90.72,69591.69,2.48,9.2
2017-04-06,11142.37,11308.63,11122.74,11288.74,0,3958.35,15344.03,6414.31,19.01,0.15,0.78,7.7447,0.006,-1131.15,1095.95,431,1621,31,0.266,96.0,88.12,500,55.07,136.1,124.48,51.28,122.44,9935.86,90.04,69203.54,2.45,9.2
2017-04-07,11291.97,11422.59,11248.22,11378.49,0,3679.07,15480.42,6457.53,17.68,-1.33,-7.01,7.7492,0.0046,-1844.04,-594.0,456,1578,93,0.289,96.0,82.74,500,55.07,136.1,124.48,51.28,122.44,10024.71,89.26,68922.38,2.45,9.2
2017-04-10,11393.83,11618.15,11321.2,11544.55,0,3926.89,15743.2,6572.18,16.46,-1.22,-6.9,7.7548,0.0056,2610.79,4976.93,584,1486,42,0.393,96.0,90.59,500,55.07,136.1,124.48,51.28,122.44,10466.43,89.29,69346.21,2.44,9.2
2017-04-11,11565.01,11649.21,11435.07,11518.94,0,2826.08,15735.56,6569.63,17.27,0.82,4.95,7.7604,0.0055,871.84,4075.79,767,1302,38,0.589,96.0,90.75,500,55.07,136.1,124.48,51.28,122.44,10754.37,89.27,70301.13,2.42,9.2
2017-04-12,11521.31,11636.44,11195.25,11308.26,0,3827.19,15497.46,6453.94,18.72,1.44,8.36,7.7601,-0.0003,-1169.9,286.42,1412,577,35,2.447,96.0,82.44,500,55.07,136.1,124.48,51.28,122.44,10838.05,89.84,71404.39,2.43,9.2
2017-04-13,11313.59,11361.98,11189.72,11237.78,0,3295.36,15481.59,6422.8,19.5,0.78,4.18,7.7568,-0.0033,2347.38,-284.43,1092,892,54,1.224,96.0,79.94,500,55.07,136.1,124.48,51.28,122.44,11121.51,90.32,71629.14,2.49,9.2
2017-04-14,11212.3,11562.6,11128.36,11476.68,0,2889.24,15840.03,6577.96,15.19,-4.32,-22.13,7.7804,0.0236,-1755.36,1524.37,165,1890,49,0.087,96.0,87.48,500,55.07,136.1,124.48,51.28,122.44,10913.18,90.21,70706.07,2.53,9.2
2017-04-17,11510.93,11542.78,11316.11,11347.5,0,6226.23,15676.27,6483.45,18.51,3.33,21.91,7.7747,-0.0058,465.28,1880.71,1554,421,117,3.691,96.0,89.55,500,55.07,136.1,124.48,51.28,122.44,11159.88,89.6,71265.97,2.58,9.2
2017-04-18,11349.9,11534.29,11304.77,11488.61,0,1357.95,15800.94,6554.94,19.19,0.68,3.65,7.7901,0.0154,3689.13,-5377.47,667,1404,90,0.475,96.0,89.38,500,55.07,136.1,124.48,51.28,122.44,11566.69,89.16,72252.93,2.61,9.2
2017-04-19,11437.34,11754.46,11403.31,11719.58,0,2137.97,15950.77,6645.58,21.77,2.58,13.46,7.7915,0.0014,-1257.82,-1401.18,523,1407,123,0.372,96.0,83.24,500,55.07,136.1,124.48,51.28,122.44,11459.38,88.74,73692.99,2.64,9.2
2017-04-20,11706.67,11762.3,11595.63,11650.99,0,3028.42,15796.63,6578.7,16.73,-5.04,-23.17,7.7992,0.0077,1605.89,752.5,1204,754,85,1.597,96.0,84.35,500,55.07,136.1,124.48,51.28,122.44,11374.35,89.16,73431.29,2.67,9.2
2017-04-21,11666.96,11740.51,11462.28,11535.0,0,2735.89,15718.8,6519.09,18.04,1.31,7.86,7.8052,0.0061,2553.27,147.98,908,1186,123,0.766,96.0,89.25,500,55.07,136.1,124.48,51.28,122.44,11380.74,89.15,73811.97,2.69,9.2
2017-04-24,11553.28,11690.05,11140.37,11273.83,0,1527.3,15426.85,6335.82,20.87,2.83,15.68,7.8058,0.0005,2390.68,-421.18,1414,529,34,2.673,96.0,81.2,500,55.07,136.1,124.48,51.28,122.44,11365.08,88.75,74763.18,2.67,9.2
2017-04-25,11267.07,11377.12,11154.48,11264.5,0,1110.82,15404.3,6337.85,18.55,-2.32,-11.13,7.8155,0.0098,1554.96,912.88,935,1024,29,0.913,96.0,85.85,500,55.07,136.1,124.48,51.28,122.44,12031.18,88.46,74823.73,2.7,9.2
2017-04-26,11250.39,11487.94,11221.0,11458.0,0,5097.98,15742.71,6419.44,14.38,-4.17,-22.46,7.8262,0.0107,552.99,-726.55,181,1786,120,0.101,96.0,90.2,500,55.07,136.1,124.48,51.28,122.44,12238.72,88.11,75360.22,2.62,9.2
2017-04-27,11486.38,11779.38,11435.94,11727.88,0,4977.96,15996.75,6505.7,17.72,3.34,23.19,7.8242,-0.002,-172.79,-1256.77,357,1552,93,0.23,96.0,84.61,500,55.07,136.1,124.48,51.28,122.44,12187.41,88.32,74470.76,2.64,9.2
2017-04-28,11724.45,12006.06,11658.41,11938.81,0,1630.74,16284.5,6604.85,16.48,-1.24,-7.01,7.824,-0.0001,-269.84,-1348.18,607,1427,54,0.425,96.0,85.46,500,55.07,136.1,124.48,51.28,122.44,12478.93,88.57,74857.91,2.63,9.2
2017-05-01,11982.25,12047.99,11871.99,11937.49,0,3977.85,16424.28,6621.26,20.98,4.51,27.34,7.8263,0.0022,2622.89,-636.91,791,1155,74,0.685,96.0,84.24,500,54.9,136.62,124.2,51.87,123.31,12628.64,88.41,74654.2,2.68,9.2
2017-05-02,11925.36,12030.16,11858.54,11963.12,0,4825.88,16383.33,6648.46,14.32,-6.66,-31.74,7.8301,0.0038,8400.87,1599.57,835,1149,35,0.727,96.0,91.0,500,54.9,136.62,124.2,51.87,123.31,12866.99,88.58,73597.31,2.66,9.2
2017-05-03,11969.81,12076.11,11803.48,11909.25,0,3812.53,16303.13,6646.82,17.21,2.89,20.16,7.856,0.0259,-2314.48,3836.28,797,1269,105,0.628,96.0,86.67,500,54.9,136.62,124.2,51.87,123.31,13036.14,89.12,73338.78,2.72,9.2
2017-05-04,11908.99,11930.88,11844.42,11866.23,0,5337.85,16259.51,6631.64,18.29,1.08,6.3,7.8646,0.0085,2294.55,649.16,892,1048,79,0.851,96.0,97.17,500,54.9,136.62,124.2,51.87,123.31,13303.26,90.25,74297.03,2.73,9.2
2017-05-05,11837.39,11906.93,11654.21,11723.08,0,2482.39,16030.44,6536.38,20.23,1.93,10.57,7.8666,0.002,-5074.97,-920.59,1136,858,108,1.324,96.0,90.76,500,54.9,136.62,124.2,51.87,123.31,13765.26,90.01,74480.1,2.73,9.2
2017-05-08,11683.18,11724.93,11503.83,11545.09,0,2214.76,15910.58,6462.27,21.66,1.43,7.07,7.8581,-0.0084,1849.81,-448.03,1492,595,55,2.508,96.0,84.95,500,54.9,136.62,124.2,51.87,123.31,13390.95,89.9,75591.42,2.72,9.2
2017-05-09,11567.02,11931.46,11466.13,11828.29,0,3229.85,16315.2,6649.2,15.54,-6.12,-28.26,7.8478,-0.0104,3249.69,-3515.84,20,1931,68,0.01,96.0,86.38,500,54.9,136.62,124.2,51.87,123.31,14127.6,89.49,74432.47,2.72,9.2
2017-05-10,11815.58,12105.66,11725.34,12013.9,0,5675.13,16584.9,6769.24,13.96,-1.58,-10.15,7.842,-0.0058,-3148.86,-2369.15,443,1638,23,0.27,96.0,88.65,500,54.9,136.62,124.2,51.87,123.31,14140.14,89.49,75330.9,2.67,9.2
2017-05-11,12003.43,12080.72,11923.27,12000.55,0,2794.66,16540.77,6756.94,18.82,4.86,34.84,7.8314,-0.0106,-1374.08,2335.71,920,991,67,0.928,96.0,90.32,500,54.9,136.62,124.2,51.87,123.31,14322.1,89.74,76909.61,2.63,9.2
2017-05-12,11975.5,12113.26,11678.61,11814.52,0,2950.98,16396.43,6701.89,18.08,-0.74,-3.94,7.8363,0.0049,1060.57,-671.55,1154,880,37,1.311,96.0,91.35,500,54.9,136.62,124.2,51.87,123.31,14234.85,89.19,76158.55,2.61,9.2
2017-05-15,11778.56,12014.37,11692.89,11927.61,0,2663.82,16438.73,6777.83,19.11,1.03,5.68,7.8478,0.0114,985.03,1904.92,531,1423,52,0.373,96.0,87.3,500,54.9,136.62,124.2,51.87,123.31,13951.8,89.29,76178.86,2.69,9.2
2017-05-16,11893.94,12041.55,11791.19,11938.42,0,3104.89,16546.24,6739.29,15.64,-3.47,-18.14,7.8675,0.0197,-1055.0,-3505.69,930,1122,125,0.829,96.0,91.74,500,54.9,136.62,124.2,51.87,123.31,13770.94,89.52,76636.36,2.7,9.2
2017-05-17,11917.6,12023.09,11847.79,11953.08,0,2441.34,16622.82,6727.4,21.37,5.72,36.57,7.8576,-0.0098,2998.52,382.82,516,1508,83,0.342,96.0,89.03,500,54.9,136.62,124.2,51.87,123.31,13703.12,90.38,76725.89,2.65,9.2
2017-05-18,11963.54,12093.25,11938.52,12068.02,0,2815.68,16692.84,6776.0,15.26,-6.11,-28.59,7.8424,-0.0152,696.66,-550.97,589,1493,51,0.395,96.0,89.52,500,54.9,136.62,124.2,51.87,123.31,13825.06,91.39,76629.45,2.59,9.2
2017-05-19,12084.58,12100.96,11885.99,11902.13,0,1252.47,16508.57,6718.66,16.78,1.52,9.99,7.8312,-0.0112,-962.8,859.0,1093,892,22,1.225,96.0,88.84,500,54.9,136.62,124.2,51.87,123.31,13742.82,90.68,77551.6,2.58,9.2
2017-05-22,11901.77,11958.37,11866.46,11923.01,0,4927.71,16561.72,6751.13,18.04,1.25,7.48,7.8207,-0.0105,6627.59,-268.79,610,1320,59,0.462,96.0,86.56,500,54.9,136.62,124.2,51.87,123.31,14728.66,90.33,77365.18,2.58,9.2
2017-05-23,11930.43,11957.83,11717.26,11744.24,0,3244.96,16289.75,6640.62,19.38,1.34,7.43,7.8093,-0.0114,5143.09,1408.71,1189,860,61,1.383,96.0,89.17,500,54.9,136.62,124.2,51.87,123.31,14537.88,90.27,77671.29,2.6,9.2
2017-05-24,11738.99,11908.17,11644.6,11813.19,0,2342.87,16367.4,6691.93,17.85,-1.52,-7.85,7.7977,-0.0116,-2548.84,2806.87,506,1397,123,0.362,96.0,89.91,500,54.9,136.62,124.2,51.87,123.31,14541.15,90.18,78721.56,2.56,9.2
2017-05-25,11841.17,11953.48,11808.28,11920.37,0,3316.81,16458.8,6752.92,18.22,0.37,2.07,7.8023,0.0047,2942.65,2517.37,652,1422,109,0.459,96.0,92.3,500,54.9,136.62,124.2,51.87,123.31,14909.06,90.36,77466.5,2.54,9.2
2017-05-26,11923.89,12088.68,11818.03,11982.29,0,3042.45,16554.28,6795.09,19.88,1.66,9.1,7.7902,-0.0122,1772.81,-767.65,617,1427,89,0.432,96.0,94.98,500,54.9,136.62,124.2,51.87,123.31,14949.53,90.84,78181.72,2.53,9.2
2017-05-29,12009.78,12079.26,11638.64,11706.36,0,1722.06,16260.13,6635.11,22.65,2.77,13.91,7.7756,-0.0146,8251.01,727.49,1257,759,125,1.656,96.0,81.76,500,54.9,136.62,124.2,51.87,123.31,15531.37,90.72,78491.5,2.55,9.2
2017-05-30,11711.36,11824.46,11642.76,11755.59,0,3435.65,16352.27,6645.91,17.01,-5.64,-24.9,7.7766,0.001,1384.09,-196.37,952,1086,96,0.877,96.0,82.71,500,54.9,136.62,124.2,51.87,123.31,15023.53,90.24,77941.34,2.5,9.2
2017-05-31,11786.65,11859.3,11571.78,11643.55,0,3827.75,16177.82,6575.54,18.92,1.9,11.2,7.7898,0.0132,6639.15,1221.64,874,1161,56,0.753,96.0,89.0,500,54.9,136.62,124.2,51.87,123.31,15001.79,89.94,78858.49,2.48,9.2
2017-06-01,11664.05,11733.84,11444.64,11513.54,0,2921.6,16035.46,6518.2,23.63,4.71,24.91,7.7745,-0.0153,-211.73,-1437.68,1108,864,59,1.282,96.0,85.88,500,54.1,137.13,118.41,53.97,122.4,14820.25,89.11,79523.98,2.49,9.2
2017-06-02,11550.79,11712.33,11194.49,11353.27,0,1871.83,15895.74,6451.55,19.25,-4.38,-18.54,7.7789,0.0043,-2440.98,-754.25,1070,857,24,1.249,96.0,91.19,500,54.1,137.13,118.41,53.97,122.4,15031.55,89.26,81410.21,2.5,9.2
2017-06-05,11331.48,11502.73,11267.08,11437.73,0,2878.03,16041.24,6449.26,16.23,-3.02,-15.7,7.7972,0.0184,-1503.97,-940.66,820,1252,25,0.655,96.0,81.25,500,54.1,137.13,118.41,53.97,122.4,14684.41,88.85,81425.2,2.49,9.2
2017-06-06,11422.96,11582.74,11336.85,11496.08,0,1690.78,16025.16,6440.7,13.93,-2.29,-14.14,7.8027,0.0055,1466.7,-2310.61,935,1144,81,0.817,96.0,90.8,500,54.1,137.13,118.41,53.97,122.4,15108.03,89.55,83085.88,2.48,9.2
2017-06-07,11467.43,11602.25,11423.43,11557.9,0,2760.02,16078.21,6482.15,16.29,2.36,16.91,7.808,0.0053,-654.02,1651.17,687,1302,82,0.528,96.0,93.57,500,54.1,137.13,118.41,53.97,122.4,14996.72,90.05,82783.25,2.49,9.2
2017-06-08,11563.73,11643.52,11495.6,11575.32,0,4165.03,16201.44,6515.69,10.71,-5.58,-34.27,7.8204,0.0124,-2458.9,155.69,727,1252,127,0.581,96.0,87.41,500,54.1,137.13,118.41,53.97,122.4,15355.4,89.9,83924.32,2.47,9.2
2017-06-09,11556.04,11618.2,11212.75,11273.39,0,2407.61,15905.22,6362.25,17.76,7.05,65.85,7.8246,0.0042,-1071.46,-73.65,1301,740,29,1.758,96.0,87.37,500,54.1,137.13,118.41,53.97,122.4,15101.23,89.7,83731.18,2.47,9.2
2017-06-12,11312.89,11361.95,11163.95,11212.57,0,2014.19,15824.29,6289.98,18.73,0.97,5.46,7.8145,-0.0101,-1481.29,905.89,1182,852,108,1.387,96.0,89.4,500,54.1,137.13,118.41,53.97,122.4,14341.43,89.82,84078.95,2.47,9.2
2017-06-13,11236.66,11425.48,11138.4,11326.43,0,2779.24,16007.51,6385.06,15.83,-2.9,-15.48,7.8204,0.0059,-3520.36,1615.17,670,1335,91,0.502,96.0,85.25,500,54.1,137.13,118.41,53.97,122.4,14731.53,89.76,85486.88,2.41,9.2
2017-06-14,11324.05,11469.9,11305.42,11451.07,0,3556.26,16155.89,6410.43,18.64,2.81,17.77,7.8304,0.01,-3058.83,1297.2,625,1391,96,0.449,96.0,90.91,500,54.1,137.13,118.41,53.97,122.4,14863.32,89.9,84530.7,2.4,9.2
2017-06-15,11443.68,11646.97,11307.72,11510.21,0,2605.2,16320.55,6451.44,13.74,-4.9,-26.29,7.8247,-0.0057,-669.91,-3082.91,701,1390,23,0.504,96.0,87.56,500,54.1,137.13,118.41,53.97,122.4,14321.86,90.04,84234.0,2.45,9.2
2017-06-16,11519.31,11613.44,11488.37,11582.33,0,2895.91,16322.25,6488.58,18.29,4.55,33.12,7.8264,0.0017,-1904.66,-2429.96,602,1461,30,0.412,96.0,98.0,500,54.1,137.13,118.41,53.97,122.4,14447.99,90.33,85349.38,2.43,9.2
2017-06-19,11606.09,11698.91,11262.32,11353.12,0,3336.29,16134.01,6375.13,21.83,3.54,19.34,7.8228,-0.0036,-3591.02,190.45,1404,533,102,2.634,96.0,79.8,500,54.1,137.13,118.41,53.97,122.4,13880.87,90.21,85970.67,2.47,9.2
2017-06-20,11342.59,11537.64,11162.3,11357.12,0,6313.47,16176.37,6387.66,18.5,-3.33,-15.26,7.8373,0.0145,1759.76,-5409.6,954,982,77,0.971,96.0,88.19,500,54.1,137.13,118.41,53.97,122.4,13843.55,89.85,86323.43,2.51,9.2
2017-06-21,11319.47,11492.96,11241.45,11414.29,0,1289.41,16151.67,6402.94,15.52,-2.97,-16.07,7.8278,-0.0095,3275.51,1669.22,818,1107,21,0.739,96.0,91.15,500,54.1,137.13,118.41,53.97,122.4,14086.51,89.33,87879.28,2.54,9.2
2017-06-22,11384.71,11662.86,11269.2,11545.71,0,1903.32,16469.11,6462.83,20.87,5.35,34.47,7.8521,0.0243,-2639.9,-403.27,871,1179,109,0.739,96.0,87.6,500,54.1,137.13,118.41,53.97,122.4,14011.46,89.08,87783.54,2.49,9.2
2017-06-23,11545.27,11743.43,11539.83,11737.91,0,2005.97,16800.92,6529.61,14.98,-5.89,-28.23,7.8472,-0.0049,-1155.37,2365.39,484,1467,79,0.33,96.0,85.61,500,54.1,137.13,118.41,53.97,122.4,14238.05,88.93,88142.78,2.49,9.2
2017-06-26,11732.54,11797.83,11478.21,11542.44,0,2192.62,16622.04,6444.23,21.95,6.97,46.53,7.846,-0.0013,-5726.35,-192.37,1196,880,37,1.359,96.0,82.1,500,54.1,137.13,118.41,53.97,122.4,14361.89,88.88,88407.75,2.49,9.2
2017-06-27,11540.52,11642.07,11397.59,11498.77,0,3049.16,16655.87,6435.91,16.77,-5.18,-23.61,7.8535,0.0076,-1894.79,2586.72,882,1145,117,0.77,96.0,92.55,500,54.1,137.13,118.41,53.97,122.4,14338.24,88.92,89959.45,2.48,9.2
2017-06-28,11478.39,11763.62,11413.79,11697.79,0,3517.64,16941.55,6498.36,17.72,0.95,5.66,7.8485,-0.0051,-3785.47,-1537.18,365,1604,27,0.228,96.0,87.39,500,54.1,137.13,118.41,53.97,122.4,14058.09,88.75,87711.37,2.48,9.2
2017-06-29,11716.06,11846.75,11398.11,11526.7,0,4315.86,16702.44,6366.53,20.67,2.96,16.69,7.8275,-0.021,3835.04,287.53,925,1068,25,0.866,96.0,88.75,500,54.1,137.13,118.41,53.97,122.4,14298.99,88.77,88554.32,2.47,9.2
2017-06-30,11518.7,11589.46,11426.39,11497.02,0,2036.3,16680.02,6364.05,18.16,-2.52,-12.17,7.8569,0.0293,-1833.21,-3783.0,799,1146,37,0.697,96.0,84.89,500,54.1,137.13,118.41,53.97,122.4,14838.95,89.38,88632.53,2.41,9.2
2017-07-03,11525.68,11675.19,11458.93,11607.96,0,1525.28,16753.77,6412.78,17.32,-0.84,-4.62,7.8747,0.0178,-293.92,-310.65,593,1342,66,0.442,96.0,86.23,500,55.68,137.58,119.52,52.33,123.14,14496.44,88.88,89972.59,2.43,8.28
2017-07-04,11584.86,11608.35,11418.5,11441.7,0,5513.71,16535.01,6330.97,17.23,-0.09,-0.5,7.8969,0.0222,1929.56,3597.91,1317,770,120,1.71,96.0,90.48,500,55.68,137.58,119.52,52.33,123.14,15026.51,89.0,91338.81,2.41,8.28
2017-07-05,11446.06,11563.8,11174.41,11290.55,0,2730.72,16344.24,6255.78,20.36,3.13,18.16,7.899,0.0021,-2707.29,2923.22,1248,833,38,1.498,96.0,93.37,500,55.68,137.58,119.52,52.33,123.14,15208.78,89.5,91210.33,2.41,8.28
2017-07-06,11311.14,11374.77,10963.05,11025.06,0,2288.36,15998.96,6100.53,22.36,2.0,9.83,7.8938,-0.0052,9055.81,3720.03,1211,831,127,1.457,96.0,86.82,500,55.68,137.58,119.52,52.33,123.14,15352.51,89.63,90630.74,2.42,8.28
2017-07-07,11026.64,11220.3,10974.74,11167.73,0,2286.49,16077.92,6192.06,17.29,-5.07,-22.69,7.9013,0.0075,803.09,2882.13,508,1522,57,0.334,96.0,85.74,500,55.68,137.58,119.52,52.33,123.14,15473.53,90.28,90356.76,2.44,8.28
2017-07-10,11159.06,11280.98,11120.07,11241.7,0,4304.82,16222.82,6229.57,18.72,1.43,8.29,7.8901,-0.0111,-2518.43,1381.87,515,1497,58,0.344,96.0,90.03,500,55.68,137.58,119.52,52.33,123.14,15204.14,90.35,92187.97,2.41,8.28
2017-07-11,11240.84,11355.54,11212.52,11327.01,0,3353.34,16345.76,6290.99,17.6,-1.12,-6.01,7.8805,-0.0096,1622.09,242.31,260,1808,58,0.144,96.0,84.53,500,55.68,137.58,119.52,52.33,123.14,15474.11,90.12,94041.82,2.38,8.28
2017-07-12,11304.99,11410.72,11243.53,11349.02,0,4571.25,16344.35,6295.58,19.98,2.38,13.55,7.8736,-0.0069,271.13,-1215.85,662,1370,72,0.483,96.0,84.56,500,55.68,137.58,119.52,52.33,123.14,16059.5,90.0,94481.97,2.43,8.28
2017-07-13,11330.27,11382.66,11270.96,11323.31,0,4734.71,16350.58,6313.52,19.4,-0.58,-2.91,7.8752,0.0016,-6521.26,-7579.53,658,1399,121,0.47,96.0,85.92,500,55.68,137.58,119.52,52.33,123.14,15986.34,89.97,95948.99,2.48,8.28
2017-07-14,11351.88,11359.07,11244.06,11251.19,0,3069.09,16196.16,6309.29,18.87,-0.53,-2.71,7.8798,0.0046,5500.8,-159.84,1075,999,93,1.076,96.0,86.78,500,55.68,137.58,119.52,52.33,123.14,16912.21,90.39,95867.36,2.46,8.28
2017-07-17,11237.13,11255.53,11095.46,11113.66,0,2208.49,16032.76,6230.31,18.97,0.1,0.52,7.8851,0.0053,1435.76,-2507.31,1230,705,27,1.745,96.0,87.82,500,55.68,137.58,119.52,52.33,123.14,17207.22,90.34,94449.99,2.44,8.28
2017-07-18,11123.1,11341.37,11014.84,11232.05,0,3421.35,16240.91,6337.56,18.87,-0.1,-0.54,7.8677,-0.0174,-7039.07,-1469.3,616,1315,38,0.468,96.0,92.77,500,55.68,137.58,119.52,52.33,123.14,17107.14,90.22,93732.23,2.45,8.28
2017-07-19,11234.38,11439.71,11158.36,11362.83,0,3341.94,16449.73,6368.64,15.81,-3.05,-16.19,7.8708,0.003,874.08,801.21,355,1635,99,0.217,96.0,91.18,500,55.68,137.58,119.52,52.33,123.14,17713.64,90.5,95239.94,2.43,8.28
2017-07-20,11345.76,11381.58,11166.43,11201.8,0,1445.83,16260.97,6270.87,17.59,1.78,11.23,7.8996,0.0289,-4832.39,64.8,1277,721,62,1.771,96.0,93.0,500,55.68,137.58,119.52,52.33,123.14,18506.06,89.99,94185.36,2.43,8.28
2017-07-21,11188.69,11220.53,11169.88,11201.7,0,3002.92,16281.08,6281.01,16.37,-1.22,-6.92,7.8864,-0.0132,3154.15,-1553.76,816,1097,101,0.744,96.0,82.69,500,55.68,137.58,119.52,52.33,123.14,18694.38,89.88,92672.11,2.49,8.28
2017-07-24,11172.76,11200.34,11140.07,11167.63,0,4228.67,16255.82,6259.26,16.65,0.28,1.71,7.8747,-0.0117,1828.93,2839.99,832,1219,47,0.683,96.0,91.08,500,55.68,137.58,119.52,52.33,123.14,18861.55,90.28,94018.8,2.46,8.28
2017-07-25,11154.53,11328.22,11112.66,11285.86,0,1279.01,16373.3,6326.1,14.65,-2.0,-12.01,7.8852,0.0105,-89.9,2735.76,617,1384,23,0.446,96.0,81.67,500,55.68,137.58,119.52,52.33,123.14,19097.63,90.44,93094.41,2.44,8.28
2017-07-26,11313.29,11421.99,11288.66,11397.18,0,2577.21,16668.73,6362.11,19.42,4.77,32.54,7.8953,0.0101,-2951.34,813.68,422,1534,103,0.275,96.0,89.91,500,55.68,137.58,119.52,52.33,123.14,19322.49,91.38,91224.86,2.5,8.28
2017-07-27,11415.4,11473.3,11388.76,11446.58,0,4222.3,16754.3,6373.61,14.02,-5.4,-27.82,7.8921,-0.0032,4362.78,-3356.75,756,1185,56,0.638,96.0,83.47,500,55.68,137.58,119.52,52.33,123.14,19815.38,91.3,90036.25,2.46,8.28
2017-07-28,11427.16,11616.35,11224.3,11413.26,0,973.55,16732.8,6357.44,19.26,5.24,37.37,7.8978,0.0056,217.42,-712.81,881,1133,37,0.778,96.0,84.24,500,55.68,137.58,119.52,52.33,123.14,19880.82,90.34,88918.93,2.51,8.28
2017-07-31,11388.55,11630.88,11264.8,11505.85,0,4884.66,16836.85,6388.5,17.84,-1.41,-7.34,7.8983,0.0006,-2974.7,-3492.44,671,1230,45,0.546,96.0,89.27,500,55.68,137.58,119.52,52.33,123.14,20011.48,91.18,88373.67,2.51,8.28
2017-08-01,11500.75,11618.92,11460.69,11578.58,0,3923.87,17061.03,6459.11,18.48,0.64,3.56,7.9032,0.0048,1335.41,516.41,697,1280,22,0.545,96.0,86.97,500,53.77,138.08,115.23,51.56,123.41,20214.96,91.64,86687.71,2.48,8.28
2017-08-02,11612.96,11721.04,11555.19,11663.02,0,3362.51,17265.72,6510.08,17.73,-0.75,-4.07,7.8841,-0.0191,86.65,-983.99,578,1505,45,0.384,96.0,89.9,500,53.77,138.08,115.23,51.56,123.41,21850.11,91.6,84450.03,2.48,8.28
2017-08-03,11671.04,11733.75,11467.92,11529.87,0,3078.95,17121.9,6452.61,16.9,-0.83,-4.66,7.8755,-0.0086,184.74,626.38,1140,957,26,1.191,96.0,92.99,500,53.77,138.08,115.23,51.56,123.41,21502.57,91.22,84446.26,2.44,8.28
2017-08-04,11494.82,11636.08,11212.23,11351.73,0,3630.18,17037.16,6392.4,18.75,1.85,10.94,7.8759,0.0004,-2783.07,-382.31,1228,857,107,1.433,96.0,98.0,500,53.77,138.08,115.23,51.56,123.41,21056.97,90.9,83790.22,2.4,8.28
2017-08-07,11312.19,11414.82,11228.97,11331.47,0,2954.45,17063.89,6372.91,18.22,-0.53,-2.84,7.865,-0.0109,-1646.29,-1166.41,757,1208,93,0.627,96.0,91.67,500,53.77,138.08,115.23,51.56,123.41,20778.77,91.48,86233.95,2.35,8.28
2017-08-08,11336.93,11425.89,11264.25,11353.11,0,2729.34,17165.96,6388.62,20.08,1.86,10.23,7.8686,0.0036,3332.89,145.05,615,1360,74,0.452,96.0,86.53,500,53.77,138.08,115.23,51.56,123.41,22271.26,91.38,86794.47,2.37,8.28
2017-08-09,11336.32,11430.83,11113.95,11207.38,0,4558.92,16938.94,6255.12,21.78,1.7,8.45,7.8663,-0.0024,1574.24,-3960.0,1295,667,111,1.942,96.0,92.36,500,53.77,138.08,115.23,51.56,123.41,21809.32,91.22,86123.51,2.44,8.28
2017-08-10,11261.08,11491.25,11179.72,11408.82,0,1452.07,17239.03,6363.51,16.32,-5.45,-25.04,7.8582,-0.0081,-1400.42,1838.74,237,1830,121,0.13,96.0,86.71,500,53.77,138.08,115.23,51.56,123.41,21995.6,91.6,85085.09,2.48,8.28
2017-08-11,11408.2,11515.03,11309.77,11416.52,0,3594.57,17128.57,6325.54,18.84,2.52,15.43,7.8489,-0.0093,8.85,-861.51,773,1127,47,0.686,96.0,85.23,500,53.77,138.08,115.23,51.56,123.41,22583.18,91.43,84826.03,2.44,8.28
2017-08-14,11400.09,11523.2,11130.38,11251.89,0,1497.85,16879.62,6240.34,18.14,-0.7,-3.71,7.8415,-0.0074,-367.93,628.57,927,1082,22,0.857,96.0,93.06,500,53.77,138.08,115.23,51.56,123.41,23036.79,91.8,84695.83,2.42,8.28
2017-08-15,11254.58,11457.59,11152.68,11354.78,0,7059.59,17017.59,6282.13,14.17,-3.97,-21.87,7.8472,0.0057,2067.55,2840.29,848,1154,99,0.735,96.0,83.37,500,53.77,138.08,115.23,51.56,123.41,23651.78,91.88,85616.36,2.38,8.28
2017-08-16,11370.4,11405.52,11173.62,11208.23,0,2674.38,16924.19,6225.11,16.26,2.09,14.74,7.8313,-0.0159,7604.29,829.32,922,1025,34,0.9,96.0,86.64,500,53.77,138.08,115.23,51.56,123.41,23952.14,92.45,83584.61,2.42,8.28
2017-08-17,11195.59,11337.95,11082.91,11224.97,0,5307.95,16843.79,6195.0,18.11,1.85,11.34,7.8364,0.0051,-1307.09,-4256.13,968,959,90,1.009,96.0,87.1,500,53.77,138.08,115.23,51.56,123.41,24525.35,92.57,83359.06,2.42,8.28
2017-08-18,11247.24,11332.69,11133.86,11219.1,0,3438.91,16747.6,6145.64,19.55,1.44,7.97,7.8363,-0.0001,83.72,-541.5,859,1143,66,0.752,95.35,88.92,500,53.77,138.08,115.23,51.56,123.41,23464.15,93.35,85568.04,2.41,8.28
2017-08-21,11236.61,11389.17,11133.31,11285.42,0,4434.68,16903.22,6171.85,20.83,1.28,6.54,7.8446,0.0083,-8334.28,2641.49,728,1201,123,0.606,95.23,85.45,500,53.77,138.08,115.23,51.56,123.41,23620.17,93.14,85855.18,2.37,8.28
2017-08-22,11288.92,11319.21,11110.51,11140.41,0,2109.7,16688.32,6084.77,20.37,-0.46,-2.19,7.8405,-0.0041,1937.97,4437.86,1373,660,36,2.08,95.01,88.06,500,53.77,138.08,115.23,51.56,123.41,24986.71,93.14,88521.79,2.36,8.28
2017-08-23,11152.31,11269.52,10906.45,11022.3,0,2502.48,16523.91,6026.16,22.09,1.71,8.41,7.8489,0.0083,-7004.82,2659.5,1150,847,121,1.358,95.24,87.46,500,53.77,138.08,115.23,51.56,123.41,24673.58,93.07,87888.07,2.31,8.28
2017-08-24,11026.08,11095.58,10865.05,10933.97,0,4030.42,16389.77,5988.64,17.78,-4.31,-19.5,7.8446,-0.0042,5920.88,889.09,1067,941,53,1.134,96.0,82.75,500,53.77,138.08,115.23,51.56,123.41,24149.27,93.2,87229.8,2.28,8.28
2017-08-25,10934.92,11063.97,10659.26,10786.55,0,4089.77,16183.08,5889.47,19.04,1.26,7.09,7.827,-0.0177,-1944.21,1994.0,961,1054,118,0.912,95.65,92.25,500,53.77,138.08,115.23,51.56,123.41,24618.4,92.84,85634.09,2.24,8.28
2017-08-28,10831.27,10886.86,10535.76,10590.11,0,2083.84,15783.26,5829.24,18.02,-1.02,-5.37,7.8285,0.0015,-4837.47,-1251.45,1288,679,79,1.897,95.34,88.49,500,53.77,138.08,115.23,51.56,123.41,23974.22,92.5,84997.91,2.22,8.28
2017-08-29,10603.31,10704.98,10378.38,10478.87,0,3959.9,15723.24,5793.64,20.52,2.5,13.9,7.8281,-0.0003,-1346.07,-1823.97,966,995,115,0.971,96.0,89.66,500,53.77,138.08,115.23,51.56,123.41,24574.37,92.49,85354.19,2.24,8.28
2017-08-30,10505.95,10591.02,10440.53,10525.49,0,1791.03,15766.8,5790.17,15.91,-4.61,-22.45,7.8206,-0.0075,-1616.66,3369.81,581,1351,81,0.43,96.0,88.06,500,53.77,138.08,115.23,51.56,123.41,25796.13,91.77,85270.16,2.2,8.28
2017-08-31,10510.28,10829.1,10458.01,10775.5,0,3305.47,16137.57,5895.47,13.42,-2.49,-15.65,7.826,0.0054,-713.51,-120.82,242,1786,68,0.135,96.0,86.35,500,53.77,138.08,115.23,51.56,123.41,27246.28,91.95,84434.23,2.26,8.28
2017-09-01,10775.77,10918.24,10673.97,10816.05,0,2179.62,16152.43,5905.01,16.31,2.89,21.51,7.8577,0.0317,440.16,4066.11,1050,889,63,1.181,96.0,85.67,500,54.19,138.29,120.36,51.2,123.74,27613.26,92.01,85640.73,2.21,8.28
2017-09-04,10780.86,10971.79,10641.6,10831.87,0,1672.73,16244.83,5972.0,15.49,-0.82,-5.01,7.8534,-0.0043,-1712.1,-1226.29,689,1261,49,0.546,96.0,92.15,500,54.19,138.29,120.36,51.2,123.74,28682.16,92.05,87045.95,2.13,8.28
2017-09-05,10844.05,10867.98,10754.52,10778.31,0,2476.21,16207.48,5991.91,17.45,1.96,12.66,7.8324,-0.0211,966.46,1656.95,945,1098,123,0.861,95.61,98.0,500,54.19,138.29,120.36,51.2,123.74,28949.02,91.97,89649.56,2.13,8.28
2017-09-06,10782.32,10909.29,10721.58,10848.18,0,3136.03,16304.21,6021.82,14.87,-2.59,-14.82,7.8386,0.0062,387.57,1821.09,705,1377,104,0.512,96.0,84.71,500,54.19,138.29,120.36,51.2,123.74,27960.6,91.55,89628.47,2.13,8.28
2017-09-07,10856.18,10961.57,10703.57,10808.5,0,1494.3,16237.85,5976.72,21.99,7.13,47.94,7.8404,0.0018,4976.42,-131.08,929,1069,98,0.869,96.0,90.42,500,54.19,138.29,120.36,51.2,123.74,27463.8,91.84,90691.25,2.13,8.28
2017-09-08,10808.44,11021.93,10765.93,10978.75,0,2890.09,16531.45,6108.35,16.66,-5.34,-24.26,7.852,0.0116,1850.67,-229.51,327,1737,116,0.188,96.0,98.0,500,54.19,138.29,120.36,51.2,123.74,27285.1,92.21,90149.53,2.25,8.28
2017-09-11,10935.74,11208.24,10890.15,11161.7,0,5405.58,16750.93,6191.73,15.06,-1.6,-9.59,7.8542,0.0022,-2068.36,838.67,694,1233,89,0.563,96.0,90.97,500,54.19,138.29,120.36,51.2,123.74,27844.12,92.23,90179.52,2.23,8.28
2017-09-12,11140.89,11173.27,11109.88,11142.25,0,5971.58,16745.51,6186.7,15.43,0.37,2.45,7.8718,0.0176,1183.26,1482.5,1075,847,52,1.269,95.35,88.03,500,54.19,138.29,120.36,51.2,123.74,28883.33,92.39,91181.18,2.2,8.28
2017-09-13,11096.06,11159.42,10965.07,11028.04,0,2630.4,16617.13,6149.31,19.49,4.06,26.31,7.8721,0.0003,4721.45,2429.19,915,986,34,0.928,95.37,88.26,500,54.19,138.29,120.36,51.2,123.74,29018.83,92.34,93710.36,2.21,8.28
2017-09-14,11032.53,11033.62,10921.3,10922.37,0,2772.8,16431.53,6078.37,17.45,-2.04,-10.46,7.8666,-0.0055,9.21,2143.32,1036,1023,23,1.013,95.15,94.06,500,54.19,138.29,120.36,51.2,123.74,28762.04,92.79,92350.43,2.24,8.28
2017-09-15,10874.32,10977.19,10697.5,10799.67,0,3794.79,16331.46,6021.5,21.49,4.04,23.18,7.8521,-0.0144,-8020.29,-505.19,1056,940,54,1.123,95.88,79.67,500,54.19,138.29,120.36,51.2,123.74,29670.8,92.52,92172.13,2.27,8.28
2017-09-18,10807.39,11027.71,10682.42,10901.65,0,2609.69,16503.25,6071.62,15.67,-5.82,-27.08,7.8384,-0.0137,1806.21,-1975.57,686,1240,67,0.553,95.97,88.26,500,54.19,138.29,120.36,51.2,123.74,30802.4,91.86,92916.44,2.25,8.28
2017-09-19,10923.05,10950.05,10854.4,10881.29,0,1398.01,16504.22,6094.9,15.46,-0.21,-1.35,7.8482,0.0098,-1944.63,8078.43,928,1142,20,0.813,95.32,89.65,500,54.19,138.29,120.36,51.2,123.74,32225.25,92.12,93160.18,2.27,8.28
2017-09-20,10887.84,10993.32,10829.1,10934.33,0,6757.84,16535.06,6131.22,18.3,2.84,18.34,7.8297,-0.0185,-4810.92,428.79,356,1724,107,0.206,96.0,89.89,500,54.19,138.29,120.36,51.2,123.74,31571.3,92.07,92508.18,2.31,8.28
2017-09-21,10947.53,11080.01,10936.78,11069.14,0,3331.4,16748.1,6220.71,17.4,-0.89,-4.88,7.8418,0.0121,3828.12,1854.33,546,1510,128,0.362,96.0,84.93,500,54.19,138.29,120.36,51.2,123.74,32194.15,91.97,93802.57,2.33,8.28
2017-09-22,11043.87,11155.29,10893.19,11004.22,0,4377.76,16653.3,6208.55,20.63,3.23,18.56,7.8286,-0.0132,999.9,356.14,1063,1001,56,1.062,96.0,83.33,500,54.19,138.29,120.36,51.2,123.74,32743.05,91.49,90489.49,2.32,8.28
2017-09-25,10969.94,11007.36,10819.38,10856.41,0,1294.4,16469.44,6142.49,20.56,-0.07,-0.35,7.8188,-0.0098,5089.47,172.75,1344,703,125,1.912,96.0,84.45,500,54.19,138.29,120.36,51.2,123.74,33698.69,91.59,91007.47,2.34,8.28
2017-09-26,10853.76,10943.38,10759.53,10849.12,0,7273.33,16488.71,6144.63,18.88,-1.68,-8.17,7.8215,0.0027,5436.73,1600.63,776,1129,81,0.687,96.0,88.97,500,54.19,138.29,120.36,51.2,123.74,32459.49,91.38,90179.76,2.29,8.28
2017-09-27,10882.73,11027.75,10773.16,10917.83,0,3823.06,16468.63,6210.77,20.32,1.44,7.62,7.8093,-0.0121,-2345.36,-973.82,665,1391,116,0.478,96.0,88.92,500,54.19,138.29,120.36,51.2,123.74,32569.46,91.04,90944.61,2.29,8.28
2017-09-28,10912.45,10937.18,10765.35,10789.8,0,4930.79,16266.85,6136.67,17.22,-3.1,-15.23,7.805,-0.0044,4545.96,-826.84,1206,767,116,1.572,96.0,96.65,500,54.19,138.29,120.36,51.2,123.74,33675.74,91.11,90468.3,2.25,8.28
2017-09-29,10798.28,10890.86,10616.46,10708.27,0,2882.21,16080.55,6070.56,19.72,2.49,14.47,7.809,0.004,-7516.41,4856.88,1159,927,106,1.25,96.0,85.29,500,54.19,138.29,120.36,51.2,123.74,32936.17,91.2,91583.81,2.25,8.28
2017-10-02,10697.75,10788.65,10539.35,10629.67,0,1988.48,15972.9,6001.97,18.47,-1.24,-6.3,7.8115,0.0025,2914.29,933.36,934,1114,26,0.838,96.0,87.37,500,56.78,138.62,122.0,50.37,124.11,32917.79,91.49,93056.21,2.2,9.77
2017-10-03,10633.15,10785.23,10480.91,10632.99,0,2820.44,16065.3,6003.18,15.84,-2.64,-14.28,7.7983,-0.0132,-2563.31,1226.16,970,939,66,1.033,96.0,89.58,500,56.78,138.62,122.0,50.37,124.11,33506.9,90.85,94196.68,2.25,9.77
2017-10-04,10659.37,10730.74,10486.94,10557.64,0,2658.12,15891.06,5931.89,21.11,5.28,33.33,7.7942,-0.0041,590.7,-368.25,1316,594,94,2.215,96.0,93.29,500,56.78,138.62,122.0,50.37,124.11,33363.35,90.41,92550.95,2.27,9.77
2017-10-05,10507.24,10624.91,10292.04,10408.6,0,2596.51,15610.55,5845.57,16.88,-4.23,-20.05,7.7946,0.0004,-5241.24,1882.81,1244,855,82,1.455,96.0,89.14,500,56.78,138.62,122.0,50.37,124.11,33000.04,90.98,92465.94,2.26,9.77
2017-10-06,10423.73,10519.52,10336.0,10431.72,0,3071.33,15697.66,5921.17,21.25,4.37,25.88,7.8113,0.0167,-412.91,2303.59,807,1134,34,0.712,96.0,89.89,500,56.78,138.62,122.0,50.37,124.11,33870.6,91.57,91988.17,2.3,9.77
2017-10-09,10420.16,10658.91,10317.22,10554.63,0,4260.45,15953.72,6029.12,19.7,-1.55,-7.29,7.8062,-0.0051,-575.3,-1195.17,632,1392,72,0.454,96.0,87.63,500,56.78,138.62,122.0,50.37,124.11,34890.24,91.73,92712.01,2.34,9.77
2017-10-10,10553.06,10630.07,10500.77,10577.65,0,2894.92,15901.24,6026.22,18.32,-1.38,-7.0,7.7891,-0.0171,-3945.24,560.19,863,1197,76,0.721,96.0,87.42,500,56.78,138.62,122.0,50.37,124.11,36646.62,92.25,93644.64,2.33,9.77
2017-10-11,10590.55,10679.19,10334.37,10421.59,0,1451.64,15653.52,5961.8,18.23,-0.1,-0.52,7.7978,0.0087,948.41,684.66,1149,822,67,1.398,96.0,89.82,500,56.78,138.62,122.0,50.37,124.11,37150.77,92.1,95369.2,2.33,9.77
2017-10-12,10446.19,10542.43,10168.92,10263.48,0,3107.11,15330.34,5862.01,22.28,4.05,22.23,7.7962,-0.0017,3052.82,1241.68,1149,896,86,1.282,96.0,95.46,500,56.78,138.62,122.0,50.37,124.11,36027.22,92.35,96681.8,2.35,9.77
2017-10-13,10245.71,10347.28,10214.39,10315.74,0,3567.07,15394.73,5868.06,18.68,-3.59,-16.14,7.7764,-0.0197,-1480.81,-923.11,575,1459,21,0.394,96.0,94.23,500,56.78,138.62,122.0,50.37,124.11,37369.06,92.21,96038.63,2.34,9.77
2017-10-16,10366.46,10374.23,10182.42,10190.06,0,1721.49,15160.66,5802.36,14.11,-4.58,-24.49,7.7761,-0.0003,476.04,-391.81,1025,1029,36,0.996,96.0,89.21,500,56.78,138.62,122.0,50.37,124.11,36988.04,91.93,95367.08,2.35,9.77
2017-10-17,10189.25,10211.83,10077.82,10100.2,0,2828.38,15144.42,5803.75,17.39,3.29,23.3,7.7952,0.0191,-2307.24,-4194.0,763,1331,45,0.573,96.0,87.18,500,56.78,138.62,122.0,50.37,124.11,37372.85,92.31,97283.55,2.38,9.77
2017-10-18,10049.42,10426.97,9951.24,10326.09,0,3032.21,15550.54,5958.33,17.66,0.26,1.51,7.8152,0.02,-5915.63,6401.38,406,1579,93,0.257,96.0,90.87,500,56.78,138.62,122.0,50.37,124.11,37505.82,91.71,97473.65,2.38,9.77
2017-10-19,10376.73,10494.54,10329.81,10447.3,0,6444.83,15753.81,6039.89,17.83,0.17,0.95,7.797,-0.0182,1071.12,895.06,601,1456,100,0.413,96.0,85.43,500,56.78,138.62,122.0,50.37,124.11,37651.34,91.59,97233.33,2.41,9.77
2017-10-20,10461.44,10570.3,10183.84,10290.92,0,2673.85,15503.15,5967.38,23.3,5.47,30.69,7.7899,-0.0071,4006.3,145.4,1335,744,114,1.794,96.0,92.45,500,56.78,138.62,122.0,50.37,124.11,38071.36,92.07,97333.97,2.41,9.77
2017-10-23,10294.78,10525.77,10216.01,10445.84,0,1861.01,15701.72,6055.39,17.56,-5.73,-24.61,7.7632,-0.0267,236.91,-1163.27,339,1680,116,0.202,96.0,90.01,500,56.78,138.62,122.0,50.37,124.11,38000.29,91.86,96746.31,2.45,9.77
2017-10-24,10436.09,10563.01,10164.6,10289.75,0,2024.07,15470.51,5975.39,16.61,-0.95,-5.43,7.7526,-0.0106,-2072.49,-803.3,1169,820,44,1.426,96.0,82.57,500,56.78,138.62,122.0,50.37,124.11,37030.41,92.12,96094.73,2.47,9.77
2017-10-25,10317.7,10407.81,10230.34,10320.43,0,3501.45,15524.23,6021.31,18.07,1.46,8.81,7.7384,-0.0142,1321.75,8.03,851,1124,59,0.757,96.0,87.76,500,56.78,138.62,122.0,50.37,124.11,36949.37,91.7,97614.01,2.48,9.77
2017-10-26,10271.51,10405.99,10216.75,10350.8,0,3796.7,15602.14,6059.25,14.5,-3.58,-19.79,7.7234,-0.015,-986.83,6115.94,877,1161,78,0.755,96.0,87.08,500,56.78,138.62,122.0,50.37,124.11,36610.73,91.4,98139.67,2.45,9.77
2017-10-27,10355.25,10508.18,10097.78,10249.15,0,3619.19,15294.13,6003.71,18.71,4.21,29.04,7.7163,-0.0071,696.39,440.97,1245,850,124,1.465,96.0,86.57,500,56.78,138.62,122.0,50.37,124.11,36488.15,91.64,100187.27,2.45,9.77
2017-10-30,10247.01,10343.95,9921.48,10016.24,0,2611.28,14877.13,5838.86,20.89,2.18,11.66,7.7183,0.002,-2272.26,5438.42,1662,350,36,4.749,96.0,91.74,500,56.78,138.62,122.0,50.37,124.11,36891.94,91.71,101093.08,2.47,9.77
2017-10-31,10030.49,10050.18,9845.14,9864.51,0,2683.49,14631.08,5733.7,17.69,-3.19,-15.3,7.7142,-0.0041,3355.75,-673.7,1274,715,20,1.782,96.0,94.79,500,56.78,138.62,122.0,50.37,124.11,37102.38,92.19,101391.82,2.45,9.77
2017-11-01,9864.4,9914.15,9617.73,9666.48,0,2876.83,14435.74,5649.76,21.91,4.21,23.82,7.7279,0.0137,1012.08,-4457.27,1248,728,36,1.714,96.0,87.56,500,57.18,139.83,117.15,55.79,124.25,37023.12,92.63,102242.83,2.48,9.77
2017-11-02,9688.04,9723.56,9627.25,9662.67,0,3892.99,14421.85,5606.76,16.88,-5.02,-22.93,7.7252,-0.0027,1174.23,2877.97,868,1105,117,0.786,96.0,91.1,500,57.18,139.83,117.15,55.79,124.25,36269.6,92.45,102153.97,2.45,9.77
2017-11-03,9690.67,9778.27,9640.16,9727.57,0,2400.36,14416.29,5624.9,17.77,0.89,5.24,7.7355,0.0103,3037.91,1368.26,870,1093,107,0.796,96.0,92.09,500,57.18,139.83,117.15,55.79,124.25,36683.8,92.72,102822.8,2.44,9.77
2017-11-06,9730.25,9924.59,9686.25,9879.92,0,3394.69,14601.1,5702.88,16.87,-0.9,-5.04,7.7418,0.0063,574.07,-425.96,551,1490,74,0.37,96.0,84.03,500,57.18,139.83,117.15,55.79,124.25,36247.37,92.93,103026.54,2.47,9.77
2017-11-07,9876.15,10050.43,9808.76,9982.3,0,3059.91,14791.56,5753.58,13.67,-3.2,-18.98,7.7415,-0.0003,-3679.15,192.92,547,1492,53,0.367,96.0,83.24,500,57.18,139.83,117.15,55.79,124.25,35395.92,93.11,103270.95,2.56,9.77
2017-11-08,9956.3,9982.29,9928.12,9954.1,0,6525.73,14835.56,5742.14,18.96,5.29,38.7,7.7272,-0.0143,92.3,2935.92,986,1069,39,0.922,96.0,86.57,500,57.18,139.83,117.15,55.79,124.25,35656.46,93.36,101133.86,2.64,9.77
2017-11-09,9911.77,10032.22,9823.1,9943.27,0,4587.45,14914.81,5782.33,18.67,-0.29,-1.54,7.7053,-0.0219,-4125.17,632.93,925,1126,99,0.821,96.0,85.58,500,57.18,139.83,117.15,55.79,124.25,38084.18,93.59,101500.13,2.61,9.77
2017-11-10,9976.9,10007.19,9913.25,9943.43,0,3581.54,14890.05,5757.59,20.02,1.35,7.23,7.7052,-0.0,3573.59,-1026.91,963,1037,116,0.929,96.0,82.96,500,57.18,139.83,117.15,55.79,124.25,40003.71,93.35,99533.45,2.65,9.77
2017-11-13,9982.74,10019.17,9805.7,9841.62,0,2853.6,14747.2,5701.82,17.47,-2.54,-12.71,7.7111,0.0059,356.23,908.76,1300,726,96,1.791,96.0,89.81,500,57.18,139.83,117.15,55.79,124.25,40652.36,93.61,97896.06,2.66,9.77
2017-11-14,9850.08,9923.44,9558.25,9629.96,0,1850.41,14438.91,5555.84,18.23,0.76,4.35,7.7189,0.0078,2155.46,-2264.29,1593,390,95,4.085,96.0,86.86,500,57.18,139.83,117.15,55.79,124.25,41558.71,94.23,100516.21,2.66,9.77
2017-11-15,9660.82,9687.62,9635.46,9662.27,0,3445.14,14437.9,5588.99,17.65,-0.58,-3.18,7.7295,0.0106,-778.6,-684.19,824,1267,117,0.65,96.0,82.95,500,57.18,139.83,117.15,55.79,124.25,42865.86,94.64,100181.64,2.72,9.77
2017-11-16,9687.49,9769.95,9634.4,9716.7,0,3887.32,14567.91,5634.7,18.48,0.83,4.7,7.7271,-0.0024,601.37,-2393.07,850,1124,27,0.756,96.0,81.8,500,57.18,139.83,117.15,55.79,124.25,45079.17,94.48,100330.83,2.72,9.77
2017-11-17,9684.85,9778.53,9535.3,9628.43,0,2898.95,14441.75,5590.11,18.47,-0.01,-0.07,7.7395,0.0123,-2942.89,914.45,1060,854,95,1.241,96.0,95.3,500,57.18,139.83,117.15,55.79,124.25,46387.09,94.48,99835.0,2.74,9.77
2017-11-20,9644.03,9784.55,9587.82,9727.85,0,2986.1,14519.44,5621.12,16.69,-1.78,-9.63,7.7213,-0.0182,1543.74,2295.04,730,1335,104,0.547,96.0,87.31,500,57.18,139.83,117.15,55.79,124.25,45866.01,94.29,100729.09,2.76,9.77
2017-11-21,9690.31,9778.2,9659.42,9747.12,0,3109.1,14442.57,5571.37,16.79,0.1,0.59,7.7141,-0.0072,-731.85,2501.72,596,1372,108,0.434,96.0,93.07,500,57.18,139.83,117.15,55.79,124.25,46503.74,94.47,102657.96,2.76,9.77
2017-11-22,9748.46,9789.07,9725.49,9766.06,0,1480.97,14547.16,5622.77,18.18,1.39,8.26,7.7225,0.0084,-2620.99,-898.2,414,1622,103,0.255,96.0,89.61,500,57.18,139.83,117.15,55.79,124.25,46875.21,95.12,102211.7,2.78,9.77
2017-11-23,9772.07,9878.99,9724.2,9830.83,0,1320.69,14673.18,5661.49,14.82,-3.35,-18.45,7.7264,0.004,628.87,-144.45,590,1477,32,0.399,96.0,83.08,500,57.18,139.83,117.15,55.79,124.25,45592.94,95.27,102788.2,2.82,9.77
2017-11-24,9840.27,9846.99,9750.03,9756.68,0,3578.26,14444.56,5577.53,18.71,3.89,26.25,7.7306,0.0041,-2059.07,-1222.52,1112,950,112,1.171,96.0,91.6,500,57.18,139.83,117.15,55.79,124.25,45726.27,95.55,103840.5,2.82,9.77
2017-11-27,9726.13,9892.14,9656.98,9822.3,0,2107.01,14586.04,5652.09,17.77,-0.94,-5.05,7.7424,0.0118,-2556.34,1385.18,699,1370,33,0.51,96.0,87.01,500,57.18,139.83,117.15,55.79,124.25,47872.4,96.25,105055.38,2.83,9.77
2017-11-28,9831.71,9858.25,9791.75,9818.26,0,3622.69,14484.54,5636.68,18.16,0.39,2.22,7.7288,-0.0135,-2122.35,1539.36,946,965,76,0.98,96.0,92.7,500,57.18,139.83,117.15,55.79,124.25,48022.71,96.06,104795.09,2.82,9.77
2017-11-29,9803.18,9835.62,9720.05,9752.32,0,1700.0,14480.75,5614.06,16.35,-1.82,-10.01,7.7303,0.0015,-2782.31,351.45,1049,1002,129,1.047,96.0,89.77,500,57.18,139.83,117.15,55.79,124.25,48536.03,96.88,104111.17,2.79,9.77
2017-11-30,9756.08,9779.04,9751.02,9773.96,0,6733.25,14443.83,5641.39,17.11,0.76,4.65,7.7331,0.0028,4815.26,-1080.07,870,1040,34,0.837,96.0,88.49,500,57.18,139.83,117.15,55.79,124.25,48642.97,96.55,103855.01,2.73,9.77
2017-12-01,9783.68,9876.52,9611.97,9704.06,0,5219.19,14409.49,5581.66,19.71,2.6,15.21,7.7621,0.029,-3195.61,652.17,1096,947,108,1.157,96.0,84.02,500,54.33,140.23,103.39,54.18,125.0,48243.31,96.65,103884.42,2.76,9.77
2017-12-04,9719.0,9851.22,9623.06,9754.93,0,4877.82,14371.29,5579.26,21.24,1.54,7.8,7.7662,0.0041,6565.93,2442.2,1225,719,93,1.704,96.0,87.59,500,54.33,140.23,103.39,54.18,125.0,48588.66,96.49,103584.57,2.78,9.77
2017-12-05,9737.63,9799.21,9608.05,9669.2,0,3829.68,14193.43,5503.66,18.06,-3.18,-14.97,7.7462,-0.02,-4391.15,4386.29,1362,646,25,2.108,96.0,83.26,500,54.33,140.23,103.39,54.18,125.0,49075.85,96.2,106007.37,2.78,9.77
2017-12-06,9657.18,9841.02,9564.8,9747.77,0,2422.2,14214.46,5548.16,20.37,2.3,12.75,7.748,0.0019,-660.37,3861.93,692,1330,65,0.52,96.0,89.08,500,54.33,140.23,103.39,54.18,125.0,48682.83,95.76,107045.31,2.79,9.77
2017-12-07,9701.06,9876.77,9600.73,9775.67,0,1837.22,14300.27,5578.03,16.36,-4.01,-19.67,7.7384,-0.0096,-2394.81,-24.04,609,1480,30,0.411,96.0,86.49,500,54.33,140.23,103.39,54.18,125.0,51716.72,96.4,106854.16,2.8,9.77
2017-12-08,9775.28,10005.96,9750.4,9980.56,0,1254.95,14669.25,5739.68,15.09,-1.26,-7.73,7.7396,0.0012,1241.49,1395.14,81,1910,82,0.042,96.0,85.6,500,54.33,140.23,103.39,54.18,125.0,54073.29,96.9,105533.73,2.84,9.77
2017-12-11,9976.24,10111.51,9919.08,10053.9,0,2350.25,14847.46,5822.35,20.33,5.24,34.69,7.7567,0.0171,-3791.33,-624.73,438,1609,26,0.272,96.0,89.55,500,54.33,140.23,103.39,54.18,125.0,53798.72,97.22,104601.09,2.86,9.77
2017-12-12,10073.08,10134.32,9928.12,9988.85,0,3348.07,14865.54,5810.54,15.16,-5.17,-25.45,7.777,0.0202,3571.02,-903.7,941,1064,124,0.884,96.0,86.91,500,54.33,140.23,103.39,54.18,125.0,54060.14,97.16,108166.49,2.84,9.77
2017-12-13,9974.51,10053.05,9858.48,9936.72,0,2888.43,14727.86,5813.36,16.26,1.1,7.26,7.793,0.0161,-2343.05,-1821.26,1120,825,42,1.358,96.0,89.51,500,54.33,140.23,103.39,54.18,125.0,55308.22,97.22,110582.21,2.86,9.77
2017-12-14,9885.47,10036.28,9800.5,9950.75,0,2899.72,14729.54,5830.28,21.64,5.39,33.15,7.777,-0.016,1551.17,-2694.18,726,1366,44,0.531,96.0,93.3,500,54.33,140.23,103.39,54.18,125.0,55385.8,97.39,110107.47,2.85,9.77
2017-12-15,9943.2,10261.79,9845.82,10162.26,0,1345.43,14985.95,5981.43,12.48,-9.17,-42.35,7.7948,0.0177,376.2,-1122.29,220,1872,32,0.118,96.0,84.06,500,54.33,140.23,103.39,54.18,125.0,55256.3,97.47,108104.45,2.85,9.77
2017-12-18,10151.08,10243.23,10078.78,10170.79,0,4974.79,15022.24,6017.32,17.58,5.11,40.93,7.7895,-0.0053,2471.23,1257.9,598,1370,44,0.436,96.0,92.21,500,54.33,140.23,103.39,54.18,125.0,55515.88,97.76,107334.47,2.9,9.77
2017-12-19,10138.91,10398.02,10077.36,10335.27,0,4301.88,15273.3,6143.76,17.74,0.15,0.86,7.794,0.0045,-4770.02,297.11,416,1646,25,0.253,96.0,92.18,500,54.33,140.23,103.39,54.18,125.0,55101.05,98.33,108584.46,2.93,9.77
2017-12-20,10318.59,10440.25,10289.58,10410.99,0,2456.73,15404.33,6170.29,19.1,1.37,7.71,7.7968,0.0029,2652.65,3602.14,767,1208,45,0.635,96.0,83.33,500,54.33,140.23,103.39,54.18,125.0,53305.62,98.05,109641.89,2.98,9.77
2017-12-21,10393.32,10513.19,10388.74,10508.56,0,2481.28,15572.83,6245.71,18.86,-0.24,-1.26,7.7851,-0.0117,1432.24,-4055.24,347,1637,70,0.212,96.0,91.08,500,54.33,140.23,103.39,54.18,125.0,52730.69,98.31,110622.97,3.0,9.77
2017-12-22,10519.91,10614.74,10383.99,10478.45,0,4708.96,15529.64,6239.67,22.37,3.51,18.59,7.7846,-0.0005,749.83,83.38,813,1129,20,0.72,96.0,94.1,500,54.33,140.23,103.39,54.18,125.0,53866.09,97.71,112136.14,3.0,9.77
2017-12-25,10501.1,10671.52,10425.27,10595.01,0,1763.24,15773.0,6313.0,14.1,-8.27,-36.98,7.8103,0.0258,-1940.89,2498.46,603,1482,53,0.407,96.0,92.28,500,54.33,140.23,103.39,54.18,125.0,55487.46,97.27,112233.9,2.92,9.77
2017-12-26,10580.52,10652.54,10383.57,10454.73,0,2601.54,15528.8,6252.28,20.44,6.34,44.99,7.8091,-0.0012,3094.42,-2311.67,1173,823,114,1.425,96.0,89.13,500,54.33,140.23,103.39,54.18,125.0,54434.32,97.41,110895.52,2.93,9.77
2017-12-27,10485.81,10539.11,10373.16,10426.15,0,3179.62,15450.02,6228.34,15.6,-4.85,-23.7,7.8128,0.0037,306.5,1835.15,900,1116,97,0.806,96.0,88.81,500,54.33,140.23,103.39,54.18,125.0,54802.08,96.82,113992.68,2.96,9.77
2017-12-28,10397.48,10508.32,10319.04,10429.64,0,2591.4,15435.41,6220.25,17.19,1.59,10.23,7.8086,-0.0042,-970.61,2839.69,944,1077,28,0.877,96.0,88.82,500,54.33,140.23,103.39,54.18,125.0,52960.87,97.38,115989.64,3.01,9.77
2017-12-29,10435.86,10601.29,10347.09,10511.87,0,4031.6,15567.2,6254.44,14.4,-2.8,-16.26,7.8154,0.0068,-1760.38,-1033.64,814,1190,127,0.684,96.0,84.63,500,54.33,140.23,103.39,54.18,125.0,53074.25,97.48,114480.94,2.99,9.77
2018-01-01,10513.03,10769.62,10455.57,10711.07,0,3102.41,15809.99,6339.2,16.36,1.96,13.63,7.8215,0.006,-4690.41,-412.59,369,1560,115,0.237,96.0,79.04,500,57.68,140.76,107.16,55.62,125.47,51164.49,98.04,115844.28,3.03,7.77
2018-01-02,10703.96,10802.87,10575.51,10674.14,0,2739.32,15733.77,6327.02,17.43,1.08,6.58,7.8263,0.0048,3039.08,-3078.58,850,1224,65,0.694,96.0,89.42,500,57.68,140.76,107.16,55.62,125.47,51476.49,98.06,117253.14,2.99,7.77
2018-01-03,10685.6,10865.94,10601.79,10781.37,0,2616.46,15791.41,6381.49,15.67,-1.77,-10.14,7.8299,0.0036,1657.49,2727.46,581,1452,101,0.4,96.0,92.47,500,57.68,140.76,107.16,55.62,125.47,50886.55,98.27,114845.65,3.06,7.77
2018-01-04,10777.54,11085.66,10715.39,11022.1,0,2171.12,16012.12,6494.15,15.07,-0.6,-3.83,7.8139,-0.016,-2101.17,-948.09,121,1847,128,0.066,96.0,88.76,500,57.68,140.76,107.16,55.62,125.47,52948.76,98.4,112298.19,3.01,7.77
2018-01-05,11031.32,11126.14,10962.48,11057.14,0,1863.95,16206.0,6572.0,16.06,0.99,6.59,7.8188,0.0049,-800.86,585.4,561,1395,124,0.402,96.0,92.72,500,57.68,140.76,107.16,55.62,125.47,52108.42,98.27,110729.92,3.03,7.77
2018-01-08,11064.11,11186.31,11019.44,11141.33,0,3363.14,16260.3,6557.9,19.78,3.72,23.18,7.8318,0.013,741.5,-3361.07,768,1152,79,0.667,96.0,95.41,500,57.68,140.76,107.16,55.62,125.47,50202.42,98.58,110930.15,3.01,7.77
2018-01-09,11186.42,11291.38,10787.95,10890.13,0,1663.93,15940.38,6423.44,16.22,-3.56,-17.99,7.8291,-0.0026,5557.68,-2119.54,1052,954,111,1.103,96.0,86.5,500,57.68,140.76,107.16,55.62,125.47,54107.94,98.4,110937.75,2.97,7.77
2018-01-10,10924.24,10976.61,10872.8,10925.16,0,4538.74,15881.8,6439.24,19.66,3.44,21.17,7.8157,-0.0134,1970.03,601.98,512,1551,99,0.33,96.0,93.49,500,57.68,140.76,107.16,55.62,125.47,54579.41,99.28,107973.48,2.97,7.77
2018-01-11,10887.43,11146.67,10790.1,11047.9,0,2303.99,16015.03,6501.65,16.43,-3.23,-16.42,7.817,0.0013,238.56,808.2,460,1540,21,0.299,96.0,87.86,500,57.68,140.76,107.16,55.62,125.47,53506.63,99.1,108146.23,2.95,7.77
2018-01-12,11051.83,11091.69,11007.76,11047.6,0,3622.94,15927.06,6546.21,21.88,5.45,33.19,7.8034,-0.0136,2235.43,1486.37,959,1000,38,0.959,96.0,89.54,500,57.68,140.76,107.16,55.62,125.47,53825.81,98.87,107201.38,3.0,7.77
2018-01-15,11081.05,11178.04,11002.15,11099.02,0,3037.64,15930.2,6534.65,15.58,-6.31,-28.82,7.8057,0.0023,2179.58,1578.27,873,1093,32,0.799,96.0,89.35,500,57.68,140.76,107.16,55.62,125.47,54045.8,99.05,108817.17,3.0,7.77
2018-01-16,11051.16,11351.07,10954.55,11252.7,0,1900.08,16130.56,6617.09,16.78,1.2,7.72,7.7969,-0.0088,-2704.37,2049.1,841,1143,45,0.736,96.0,86.36,500,57.68,140.76,107.16,55.62,125.47,55312.26,98.89,108632.32,2.97,7.77
2018-01-17,11256.46,11346.42,11146.67,11236.47,0,2532.07,16135.21,6600.94,20.55,3.77,22.45,7.7927,-0.0043,-2364.97,1084.39,773,1259,69,0.614,96.0,83.94,500,57.68,140.76,107.16,55.62,125.47,55927.45,98.99,107310.38,2.91,7.77
2018-01-18,11207.62,11479.04,11103.28,11373.15,0,1565.69,16222.87,6676.24,18.81,-1.74,-8.46,7.7941,0.0014,170.61,-585.94,644,1367,89,0.471,96.0,92.09,500,57.68,140.76,107.16,55.62,125.47,58325.99,98.44,107721.18,2.95,7.77
2018-01-19,11412.59,11478.74,11120.92,11185.75,0,4891.56,15871.2,6546.15,18.62,-0.18,-0.98,7.7899,-0.0042,2664.71,721.56,1503,555,104,2.708,96.0,87.81,500,57.68,140.76,107.16,55.62,125.47,59586.74,98.93,107069.11,3.01,7.77
2018-01-22,11207.06,11509.2,11171.4,11472.7,0,4638.03,16205.07,6689.12,12.79,-5.83,-31.32,7.8023,0.0124,1358.6,-2349.72,183,1903,69,0.096,96.0,90.47,500,57.68,140.76,107.16,55.62,125.47,59546.69,98.75,108877.1,3.04,7.77
2018-01-23,11434.45,11553.54,11340.0,11458.89,0,2897.96,16203.06,6714.28,19.78,6.99,54.63,7.7956,-0.0067,3384.27,-2161.51,679,1388,41,0.489,96.0,92.57,500,57.68,140.76,107.16,55.62,125.47,60273.78,99.12,109213.12,2.99,7.77
2018-01-24,11481.75,11526.33,11416.82,11461.32,0,4930.44,16117.58,6661.91,20.15,0.37,1.88,7.774,-0.0216,-955.48,-4493.02,743,1264,120,0.588,96.0,88.89,500,57.68,140.76,107.16,55.62,125.47,59251.26,98.96,109574.69,3.03,7.77
2018-01-25,11519.45,11599.53,11325.4,11404.68,0,3499.91,16013.04,6605.29,20.78,0.63,3.13,7.76,-0.014,-4080.66,1514.7,965,1088,99,0.887,96.0,94.78,500,57.68,140.76,107.16,55.62,125.47,57690.47,98.52,110381.35,3.0,7.77
2018-01-26,11425.08,11528.75,11028.34,11129.33,0,1572.38,15644.38,6444.75,23.32,2.54,12.21,7.7653,0.0053,-620.35,1683.23,1461,548,41,2.666,96.0,87.12,500,57.68,140.76,107.16,55.62,125.47,60341.67,98.85,108039.66,3.07,7.77
2018-01-29,11153.84,11171.35,11118.47,11135.95,0,3006.29,15753.98,6505.49,14.28,-9.04,-38.78,7.7685,0.0033,3405.19,-226.28,874,1077,99,0.812,96.0,86.11,500,57.68,140.76,107.16,55.62,125.47,61110.99,99.31,110235.07,3.09,7.77
2018-01-30,11146.35,11463.88,11067.92,11383.77,0,3830.11,16210.33,6696.42,15.13,0.86,5.99,7.7817,0.0132,357.67,-968.3,276,1760,79,0.157,96.0,98.0,500,57.68,140.76,107.16,55.62,125.47,62288.21,98.86,110842.62,3.13,7.77
2018-01-31,11389.4,11481.24,11221.11,11312.32,0,2970.94,16041.04,6607.94,20.31,5.18,34.21,7.7946,0.0129,6346.09,-1656.83,1417,633,34,2.239,96.0,87.15,500,57.68,140.76,107.16,55.62,125.47,61393.13,98.98,112009.2,3.1,7.77
2018-02-01,11303.25,11571.31,11243.47,11510.43,0,4804.46,16444.04,6760.98,14.75,-5.56,-27.38,7.7975,0.0029,4418.33,-1193.61,353,1589,40,0.222,96.0,95.6,500,58.02,141.36,118.12,55.79,125.99,61492.11,98.39,113411.09,3.09,7.77
2018-02-02,11532.57,11639.01,11425.06,11531.49,0,7188.07,16475.13,6792.31,18.72,3.97,26.9,7.831,0.0335,1387.92,1558.89,700,1341,71,0.522,96.0,93.83,500,58.02,141.36,118.12,55.79,125.99,62541.21,98.62,115417.7,3.05,7.77
2018-02-05,11554.17,11890.92,11537.09,11873.37,0,1955.22,16927.42,7003.15,14.93,-3.79,-20.26,7.8249,-0.006,-3049.56,65.52,87,1937,85,0.045,96.0,85.99,500,58.02,141.36,118.12,55.79,125.99,60918.11,98.16,117075.75,3.14,7.77
2018-02-06,11851.42,11906.06,11753.21,11807.65,0,1157.03,16975.27,7050.43,18.79,3.86,25.87,7.8118,-0.0131,-1553.32,-82.43,774,1225,30,0.632,96.0,85.27,500,58.02,141.36,118.12,55.79,125.99,63090.99,97.59,115502.27,3.14,7.77
2018-02-07,11751.68,11772.54,11587.16,11607.76,0,3002.99,16719.56,6923.99,20.2,1.41,7.5,7.828,0.0162,-2195.16,-2621.03,1176,744,51,1.581,96.0,87.43,500,58.02,141.36,118.12,55.79,125.99,66155.86,97.32,115565.65,3.17,7.77
2018-02-08,11620.58,11746.63,11540.71,11666.44,0,1629.31,16803.25,6942.82,18.03,-2.17,-10.74,7.8266,-0.0014,-561.22,2898.25,632,1300,29,0.486,96.0,88.7,500,58.02,141.36,118.12,55.79,125.99,67567.79,97.4,113755.61,3.18,7.77
2018-02-09,11644.34,11936.72,11558.38,11849.24,0,2985.37,17002.53,7063.2,14.83,-3.2,-17.73,7.8159,-0.0107,756.74,312.78,789,1152,29,0.685,96.0,86.65,500,58.02,141.36,118.12,55.79,125.99,68121.44,97.31,114794.76,3.12,7.77
2018-02-12,11846.57,11988.15,11801.44,11942.64,0,2874.51,17148.77,7122.99,19.63,4.8,32.35,7.8034,-0.0125,-1361.74,-456.76,741,1206,77,0.614,96.0,90.28,500,58.02,141.36,118.12,55.79,125.99,68038.85,98.02,116598.13,3.15,7.77
2018-02-13,11951.1,12113.14,11893.34,12054.88,0,6451.74,17254.04,7172.74,16.7,-2.93,-14.93,7.7717,-0.0317,-4973.73,788.18,725,1189,35,0.61,96.0,94.13,500,58.02,141.36,118.12,55.79,125.99,66755.7,98.15,116769.44,3.1,7.77
2018-02-14,12034.09,12174.52,11996.17,12136.28,0,4512.89,17492.25,7228.28,17.53,0.83,4.99,7.7935,0.0218,-527.75,-92.23,570,1422,102,0.401,96.0,92.55,500,58.02,141.36,118.12,55.79,125.99,65908.35,98.4,114902.1,3.06,7.77
2018-02-15,12180.83,12270.21,11933.97,12022.2,0,2766.43,17111.16,7102.81,18.8,1.26,7.2,7.7825,-0.011,2807.48,130.6,1056,960,44,1.1,96.0,91.04,500,58.02,141.36,118.12,55.79,125.99,66750.47,98.31,115078.36,3.14,7.77
2018-02-16,12010.99,12055.03,11617.94,11660.69,0,1233.0,16688.07,6916.72,24.82,6.03,32.06,7.7984,0.0159,-5101.72,1976.68,1768,323,25,5.474,96.0,92.24,500,58.02,141.36,118.12,55.79,125.99,69279.16,98.22,115137.54,3.19,7.77
2018-02-19,11647.97,11739.11,11429.83,11519.96,0,1262.68,16600.87,6900.18,19.41,-5.41,-21.8,7.7961,-0.0023,3983.2,-1408.8,698,1327,99,0.526,96.0,90.95,500,58.02,141.36,118.12,55.79,125.99,69492.79,98.85,112102.29,3.12,7.77
2018-02-20,11504.33,11751.61,11377.87,11623.83,0,3546.3,16680.22,6940.85,17.91,-1.5,-7.73,7.7903,-0.0058,-2887.31,-329.33,675,1419,129,0.476,96.0,90.0,500,58.02,141.36,118.12,55.79,125.99,70220.12,98.92,112693.33,3.09,7.77
2018-02-21,11625.58,11694.36,11547.05,11615.77,0,1468.81,16712.05,6960.54,18.73,0.82,4.6,7.7762,-0.0141,1929.5,593.48,650,1345,40,0.483,96.0,91.78,500,58.02,141.36,118.12,55.79,125.99,71251.56,99.14,112779.87,3.19,7.77
2018-02-22,11609.23,11805.58,11520.91,11716.45,0,2024.05,16825.86,7001.46,16.22,-2.51,-13.4,7.7649,-0.0113,-518.73,1769.87,789,1197,39,0.659,96.0,88.34,500,58.02,141.36,118.12,55.79,125.99,74387.43,99.27,113894.87,3.15,7.77
2018-02-23,11710.98,11854.82,11696.97,11840.65,0,1821.01,17038.27,7115.71,16.07,-0.16,-0.96,7.7703,0.0054,-1343.84,307.86,656,1412,86,0.465,96.0,85.37,500,58.02,141.36,118.12,55.79,125.99,74802.7,99.18,113212.75,3.19,7.77
2018-02-26,11816.94,11911.62,11482.9,11575.65,0,2596.56,16668.51,6929.73,20.18,4.11,25.61,7.762,-0.0083,8735.87,-1156.11,1348,616,63,2.188,96.0,83.64,500,58.02,141.36,118.12,55.79,125.99,75730.72,99.27,114103.05,3.19,7.77
2018-02-27,11570.69,11743.48,11184.21,11353.76,0,3579.21,16381.08,6826.37,17.19,-2.99,-14.8,7.7371,-0.025,-2451.06,-1015.88,1269,656,93,1.934,96.0,96.54,500,58.02,141.36,118.12,55.79,125.99,72993.15,98.65,113725.51,3.15,7.77
2018-02-28,11376.12,11439.09,11290.33,11353.16,0,2553.29,16305.47,6833.18,15.39,-1.81,-10.52,7.7673,0.0302,-599.74,53.44,1055,1034,66,1.02,96.0,91.55,500,58.02,141.36,118.12,55.79,125.99,77289.44,99.13,110782.88,3.2,7.77
2018-03-01,11372.06,11474.65,11150.59,11252.1,0,2709.77,16193.13,6810.37,15.67,0.29,1.86,7.7609,-0.0064,951.24,203.17,1044,883,32,1.182,96.0,84.61,500,56.54,142.3,113.12,51.57,126.92,79388.23,98.8,111528.37,3.18,7.77
2018-03-02,11274.81,11417.81,10967.06,11107.94,0,1585.52,15989.6,6732.84,20.69,5.01,32.0,7.7628,0.0019,-6864.28,-192.9,1249,683,101,1.829,96.0,89.5,500,56.54,142.3,113.12,51.57,126.92,76425.7,99.64,111395.34,3.16,7.77
2018-03-05,11123.87,11190.43,10789.04,10853.98,0,3875.57,15646.78,6563.99,21.5,0.81,3.92,7.7565,-0.0063,1801.45,524.84,1498,555,81,2.699,96.0,89.57,500,56.54,142.3,113.12,51.57,126.92,76278.33,99.04,113388.09,3.11,7.77
2018-03-06,10845.44,10907.12,10664.63,10725.63,0,3077.58,15542.63,6539.9,22.79,1.29,6.0,7.7642,0.0077,4533.53,-1257.02,1183,784,122,1.509,96.0,98.0,500,56.54,142.3,113.12,51.57,126.92,74647.82,99.22,114788.07,3.09,7.77
2018-03-07,10720.36,10862.43,10667.99,10809.62,0,4087.0,15677.8,6585.77,17.46,-5.33,-23.4,7.7841,0.0199,-3458.98,853.03,483,1448,100,0.334,96.0,90.39,500,56.54,142.3,113.12,51.57,126.92,73818.09,98.49,115694.79,3.11,7.77
2018-03-08,10802.11,10832.43,10755.41,10785.68,0,2554.77,15634.0,6567.63,19.41,1.95,11.2,7.8024,0.0183,-537.44,978.55,834,1091,74,0.764,96.0,84.27,500,56.54,142.3,113.12,51.57,126.92,74062.55,98.62,113419.86,3.09,7.77
2018-03-09,10784.05,10950.45,10718.47,10884.26,0,1773.84,15672.38,6618.79,17.36,-2.05,-10.58,7.7977,-0.0048,3086.24,2357.05,908,1071,89,0.848,96.0,97.2,500,56.54,142.3,113.12,51.57,126.92,76265.44,97.66,115103.88,3.04,7.77
2018-03-12,10916.29,10971.28,10744.96,10799.37,0,2092.02,15597.01,6498.52,18.8,1.44,8.28,7.8059,0.0083,-1127.56,1890.68,1172,791,24,1.482,96.0,86.59,500,56.54,142.3,113.12,51.57,126.92,78540.8,97.94,117000.44,3.05,7.77
2018-03-13,10789.54,10936.55,10761.27,10907.96,0,3028.16,15772.33,6526.57,16.5,-2.3,-12.21,7.7982,-0.0078,3056.09,-2743.67,879,1043,26,0.843,96.0,85.58,500,56.54,142.3,113.12,51.57,126.92,80103.2,98.68,118611.49,3.04,7.77
2018-03-14,10932.11,11157.08,10863.28,11087.28,0,1840.81,16123.31,6695.28,15.48,-1.02,-6.19,7.8005,0.0024,-3085.1,-78.12,528,1415,53,0.373,96.0,88.08,500,56.54,142.3,113.12,51.57,126.92,83180.41,99.06,120354.79,3.05,7.77
2018-03-15,11071.9,11332.65,11043.62,11303.79,0,2883.33,16497.66,6840.8,17.36,1.89,12.19,7.7725,-0.028,1221.91,490.19,448,1472,119,0.304,96.0,90.41,500,56.54,142.3,113.12,51.57,126.92,81084.79,98.94,119804.42,3.03,7.77
2018-03-16,11278.28,11389.19,11166.6,11277.5,0,3992.03,16428.45,6793.69,17.31,-0.06,-0.34,7.7889,0.0164,569.46,-575.71,608,1449,29,0.42,96.0,86.14,500,56.54,142.3,113.12,51.57,126.92,80990.37,99.03,121249.04,3.05,7.77
2018-03-19,11289.6,11361.39,11269.21,11340.91,0,2477.93,16579.87,6874.13,17.21,-0.1,-0.57,7.7731,-0.0157,-2694.71,-154.75,661,1239,48,0.533,96.0,92.31,500,56.54,142.3,113.12,51.57,126.92,81002.7,99.12,119695.81,3.07,7.77
2018-03-20,11350.44,11531.96,11260.92,11441.72,0,1872.63,16762.75,6934.58,15.87,-1.34,-7.77,7.7751,0.002,-139.03,-2742.28,613,1337,87,0.458,96.0,85.32,500,56.54,142.3,113.12,51.57,126.92,81158.43,98.81,120113.68,3.04,7.77
2018-03-21,11412.9,11554.22,11311.27,11452.23,0,4666.14,16665.43,6922.38,14.57,-1.3,-8.21,7.7842,0.0091,1161.78,213.4,804,1107,79,0.726,96.0,82.11,500,56.54,142.3,113.12,51.57,126.92,80225.59,98.54,121075.98,3.06,7.77
2018-03-22,11451.85,11580.51,11431.8,11560.27,0,2166.39,16785.03,6994.47,16.87,2.31,15.83,7.7926,0.0084,3050.86,3709.97,656,1424,93,0.461,96.0,92.99,500,56.54,142.3,113.12,51.57,126.92,81325.24,98.87,121109.18,3.02,7.77
2018-03-23,11541.74,11672.37,11450.43,11580.76,0,5367.74,16782.82,7006.85,17.46,0.59,3.48,7.7974,0.0048,2815.27,-3589.34,868,1127,35,0.77,96.0,95.22,500,56.54,142.3,113.12,51.57,126.92,81740.65,99.25,122201.05,3.04,7.77
2018-03-26,11569.27,11620.28,11482.01,11532.86,0,2500.48,16703.64,6957.9,17.23,-0.23,-1.29,7.8012,0.0038,966.8,-1062.49,811,1140,106,0.711,96.0,85.58,500,56.54,142.3,113.12,51.57,126.92,86725.18,99.39,122606.06,3.06,7.77
2018-03-27,11513.09,11779.59,11395.43,11660.43,0,1466.62,16853.19,7026.82,19.8,2.57,14.91,7.7901,-0.0111,-1813.67,1992.0,764,1322,126,0.578,96.0,82.45,500,56.54,142.3,113.12,51.57,126.92,90544.21,98.97,121672.89,3.04,7.77
2018-03-28,11648.16,11741.79,11527.33,11620.74,0,3678.78,16776.3,6938.83,19.81,0.0,0.01,7.7612,-0.0288,-3896.51,844.09,1289,620,48,2.079,96.0,86.93,500,56.54,142.3,113.12,51.57,126.92,84896.01,98.62,121732.85,3.05,7.77
2018-03-29,11643.94,11749.92,11556.97,11662.81,0,3066.1,16886.82,6952.44,18.07,-1.73,-8.76,7.7647,0.0034,-3800.2,1259.71,687,1354,82,0.507,96.0,85.74,500,56.54,142.3,113.12,51.57,126.92,83646.11,98.44,121463.0,3.07,7.77
2018-03-30,11716.49,11783.31,11479.98,11545.83,0,5535.4,16720.19,6860.51,19.23,1.16,6.4,7.7692,0.0045,-1075.02,-2630.71,969,933,39,1.039,96.0,90.55,500,56.54,142.3,113.12,51.57,126.92,84368.6,98.99,123158.7,3.14,7.77
2018-04-02,11526.68,11538.36,11272.32,11283.75,0,2610.4,16347.95,6707.01,18.51,-0.71,-3.71,7.7722,0.003,3412.77,-2442.81,1683,259,80,6.498,96.0,94.5,500,58.65,143.16,109.58,57.82,127.37,81747.15,99.2,122311.58,3.15,10.01
2018-04-03,11289.37,11436.22,11216.4,11362.78,0,1553.03,16509.72,6756.44,16.06,-2.45,-13.23,7.7636,-0.0086,289.86,751.02,563,1527,113,0.369,96.0,89.32,500,58.65,143.16,109.58,57.82,127.37,85235.24,99.67,121142.04,3.06,10.01
2018-04-04,11317.91,11688.75,11276.23,11645.86,0,1841.96,16866.66,6971.97,17.61,1.55,9.64,7.7677,0.0041,3647.67,746.39,540,1468,57,0.368,96.0,92.73,500,58.65,143.16,109.58,57.82,127.37,85326.89,99.78,123341.87,3.08,10.01
2018-04-05,11674.37,11849.96,11620.79,11795.82,0,3372.97,17036.78,7027.15,18.54,0.92,5.24,7.7719,0.0042,1672.27,-98.24,515,1411,100,0.365,96.0,92.26,500,58.65,143.16,109.58,57.82,127.37,86877.74,99.48,122870.41,3.13,10.01
2018-04-06,11804.54,12043.27,11748.03,11985.89,0,2670.31,17515.22,7211.07,16.43,-2.11,-11.39,7.7678,-0.0041,5122.52,1934.85,482,1464,58,0.329,96.0,86.56,500,58.65,143.16,109.58,57.82,127.37,83640.34,98.78,121012.75,3.07,10.01
2018-04-09,11992.43,12169.6,11920.79,12097.34,0,4654.1,17630.24,7274.33,15.25,-1.18,-7.17,7.7986,0.0308,1083.24,234.3,513,1583,122,0.324,96.0,96.22,500,58.65,143.16,109.58,57.82,127.37,88398.59,98.52,120577.51,3.14,10.01
2018-04-10,12108.59,12163.09,11843.55,11897.1,0,3377.94,17332.27,7171.59,16.82,1.57,10.29,7.788,-0.0106,189.94,643.48,1091,862,114,1.266,96.0,85.08,500,58.65,143.16,109.58,57.82,127.37,90457.32,97.63,120176.4,3.18,10.01
2018-04-11,11857.4,12001.08,11655.71,11798.67,0,3434.77,17098.27,7092.86,19.93,3.11,18.48,7.7663,-0.0217,-2821.55,-1845.29,1057,907,68,1.165,96.0,83.3,500,58.65,143.16,109.58,57.82,127.37,87770.97,97.74,121849.13,3.15,10.01
2018-04-12,11818.69,11935.04,11715.03,11831.28,0,3153.36,17204.35,7098.7,14.35,-5.57,-27.96,7.755,-0.0113,3490.79,-301.66,707,1340,98,0.528,96.0,90.97,500,58.65,143.16,109.58,57.82,127.37,89460.33,97.14,122115.46,3.06,10.01
2018-04-13,11839.95,12055.18,11746.22,11960.5,0,2981.24,17401.75,7145.85,17.39,3.03,21.14,7.758,0.003,-1395.67,5881.24,690,1287,54,0.536,96.0,94.86,500,58.65,143.16,109.58,57.82,127.37,87912.53,97.45,122655.32,3.02,10.01
2018-04-16,11967.38,12062.2,11728.87,11822.55,0,4715.01,17287.37,7082.65,19.33,1.94,11.14,7.7711,0.0131,-992.53,643.69,1188,738,43,1.61,96.0,85.69,500,58.65,143.16,109.58,57.82,127.37,92709.7,97.96,122156.22,3.0,10.01
2018-04-17,11838.29,11915.87,11739.31,11816.74,0,2740.3,17293.29,7083.43,14.49,-4.84,-25.02,7.7726,0.0015,7681.84,922.48,738,1265,36,0.583,96.0,94.77,500,58.65,143.16,109.58,57.82,127.37,97421.24,98.27,122577.34,2.98,10.01
2018-04-18,11859.64,11998.98,11591.03,11728.83,0,2068.82,17168.39,7055.43,20.38,5.89,40.66,7.7806,0.008,-987.7,3199.7,876,1192,63,0.735,96.0,88.9,500,58.65,143.16,109.58,57.82,127.37,98127.92,98.25,122024.77,3.0,10.01
2018-04-19,11725.37,11835.96,11663.31,11773.64,0,2612.42,17292.61,7048.94,16.52,-3.86,-18.95,7.7799,-0.0007,2246.69,3.93,762,1295,71,0.588,96.0,87.36,500,58.65,143.16,109.58,57.82,127.37,96240.54,98.12,124747.26,2.93,10.01
2018-04-20,11789.44,11934.01,11710.42,11854.55,0,5793.14,17348.46,7106.33,17.3,0.78,4.72,7.7771,-0.0028,-7686.87,-2320.42,620,1467,101,0.423,96.0,81.37,500,58.65,143.16,109.58,57.82,127.37,97663.32,98.25,125364.59,2.91,10.01
2018-04-23,11835.48,12024.5,11711.8,11900.15,0,2348.6,17386.23,7101.74,19.38,2.08,12.02,7.7719,-0.0052,3906.56,-290.37,761,1285,50,0.592,96.0,84.48,500,58.65,143.16,109.58,57.82,127.37,99369.27,98.16,125681.32,2.96,10.01
2018-04-24,11939.42,12021.55,11814.76,11896.59,0,4451.6,17348.26,7053.47,17.8,-1.58,-8.14,7.7965,0.0246,-3127.78,1502.17,1058,973,115,1.087,96.0,84.92,500,58.65,143.16,109.58,57.82,127.37,96520.34,97.66,126148.74,2.95,10.01
2018-04-25,11931.95,11938.21,11491.78,11497.81,0,3761.08,16852.94,6840.41,22.32,4.52,25.39,7.7953,-0.0012,-1938.47,-2631.73,1436,510,94,2.816,96.0,90.79,500,58.65,143.16,109.58,57.82,127.37,98172.54,97.6,124518.68,2.94,10.01
2018-04-26,11508.34,11575.16,11448.02,11514.81,0,2627.87,17048.02,6899.45,18.64,-3.68,-16.47,7.8049,0.0096,557.55,3386.78,807,1197,22,0.674,96.0,86.39,500,58.65,143.16,109.58,57.82,127.37,100063.7,97.39,124330.18,2.89,10.01
2018-04-27,11540.8,11614.64,11444.63,11518.33,0,3512.65,17098.6,6934.97,20.02,1.37,7.37,7.8217,0.0168,3204.54,1810.57,859,1144,65,0.751,96.0,88.74,500,58.65,143.16,109.58,57.82,127.37,99613.91,97.72,123273.58,2.92,10.01
2018-04-30,11515.09,11605.25,11475.97,11565.96,0,4230.74,17169.89,6987.97,16.7,-3.32,-16.59,7.8041,-0.0176,10.54,1569.45,847,1135,37,0.746,96.0,93.9,500,58.65,143.16,109.58,57.82,127.37,98321.04,97.71,122171.92,2.94,10.01
2018-05-01,11636.45,11672.51,11569.66,11605.62,0,2308.42,17278.0,7049.17,16.5,-0.2,-1.19,7.7939,-0.0102,3341.19,-1392.14,638,1288,32,0.495,96.0,91.67,500,56.44,144.04,108.82,60.95,127.36,102944.83,97.9,120604.9,2.94,10.01
2018-05-02,11629.99,11707.0,11275.26,11350.41,0,1302.62,16839.22,6900.66,21.04,4.54,27.52,7.7718,-0.022,2920.28,-1677.41,1419,633,20,2.242,96.0,97.3,500,56.44,144.04,108.82,60.95,127.36,101998.62,97.76,119407.3,2.91,10.01
2018-05-03,11352.32,11503.61,11297.36,11448.2,0,2476.84,17026.77,6910.76,18.02,-3.02,-14.35,7.8036,0.0317,-1740.12,266.06,640,1395,126,0.459,96.0,86.22,500,56.44,144.04,108.82,60.95,127.36,100255.96,97.63,120518.94,2.91,10.01
2018-05-04,11466.93,11547.43,11272.18,11351.87,0,1822.14,16869.46,6848.1,17.77,-0.25,-1.4,7.8099,0.0063,-3930.39,1782.48,781,1156,70,0.676,96.0,90.32,500,56.44,144.04,108.82,60.95,127.36,97670.96,97.67,121980.12,2.92,10.01
2018-05-07,11366.84,11697.45,11235.07,11563.4,0,3101.63,17207.59,6946.33,15.59,-2.18,-12.26,7.8152,0.0053,-1092.49,1561.03,268,1829,117,0.147,96.0,91.61,500,56.44,144.04,108.82,60.95,127.36,98431.81,97.51,121516.69,2.92,10.01
2018-05-08,11582.02,11643.77,11497.72,11559.35,0,3304.37,17123.06,6965.64,14.7,-0.89,-5.71,7.8122,-0.003,-3435.48,3926.72,1101,942,49,1.169,96.0,85.76,500,56.44,144.04,108.82,60.95,127.36,98021.34,97.72,123205.13,2.88,10.01
2018-05-09,11557.74,11632.21,11277.5,11350.63,0,2645.85,16764.21,6765.02,23.05,8.35,56.81,7.7915,-0.0208,-573.69,2939.25,1178,764,30,1.542,96.0,89.68,500,56.44,144.04,108.82,60.95,127.36,102860.43,97.79,123380.58,2.88,10.01
2018-05-10,11356.64,11500.19,11295.28,11438.39,0,2348.71,16929.33,6826.36,17.84,-5.21,-22.58,7.8047,0.0133,-1277.2,-415.25,653,1376,100,0.475,96.0,91.41,500,56.44,144.04,108.82,60.95,127.36,101565.21,97.38,125113.47,2.94,10.01
2018-05-11,11410.16,11765.47,11263.33,11616.0,0,5770.44,17008.91,6861.3,17.37,-0.48,-2.68,7.8034,-0.0013,5599.92,-910.63,770,1160,73,0.664,96.0,89.6,500,56.44,144.04,108.82,60.95,127.36,105403.55,98.17,127008.98,2.94,10.01
2018-05-14,11604.82,11636.48,11538.58,11570.14,0,6266.5,17007.65,6846.37,18.86,1.49,8.58,7.7995,-0.0039,-1095.87,-1171.43,543,1429,58,0.38,96.0,93.7,500,56.44,144.04,108.82,60.95,127.36,105370.47,97.94,128983.51,3.02,10.01
2018-05-15,11578.28,11623.19,11487.65,11532.38,0,3508.41,16961.79,6846.46,16.45,-2.41,-12.76,7.7843,-0.0152,-699.85,-3353.18,795,1254,108,0.634,96.0,92.58,500,56.44,144.04,108.82,60.95,127.36,105782.47,97.65,125917.85,3.0,10.01
2018-05-16,11455.36,11663.8,11382.13,11589.71,0,4343.94,16995.45,6849.86,15.6,-0.85,-5.19,7.8021,0.0178,4469.88,-3101.64,1124,966,35,1.164,96.0,91.72,500,56.44,144.04,108.82,60.95,127.36,107220.16,97.54,125453.62,3.0,10.01
2018-05-17,11590.07,11717.72,11393.65,11520.54,0,3141.14,16835.41,6804.97,17.71,2.12,13.57,7.7887,-0.0134,-2947.45,5186.81,1136,936,92,1.214,96.0,79.66,500,56.44,144.04,108.82,60.95,127.36,108259.22,96.82,125933.53,2.97,10.01
2018-05-18,11506.18,11674.38,11383.85,11551.56,0,1845.92,16894.02,6843.42,15.61,-2.1,-11.88,7.7852,-0.0036,2685.88,-2993.82,1021,1024,89,0.997,96.0,90.61,500,56.44,144.04,108.82,60.95,127.36,111593.82,97.12,127130.06,2.92,10.01
2018-05-21,11530.58,11624.9,11433.2,11527.5,0,1771.08,16890.23,6843.92,16.55,0.94,6.01,7.7951,0.0099,-862.07,1305.28,1008,925,123,1.09,96.0,88.97,500,56.44,144.04,108.82,60.95,127.36,111656.42,96.79,125751.89,2.91,10.01
2018-05-22,11565.82,11609.76,11316.82,11359.98,0,3147.45,16667.57,6739.09,15.23,-1.32,-7.98,7.823,0.028,4660.16,-226.99,1239,772,117,1.605,96.0,86.98,500,56.44,144.04,108.82,60.95,127.36,117251.55,96.69,125265.56,2.86,10.01
2018-05-23,11368.55,11536.35,11308.33,11475.56,0,2367.61,16875.16,6796.84,18.89,3.66,24.06,7.8454,0.0224,-2592.9,-836.98,680,1325,104,0.513,96.0,81.24,500,56.44,144.04,108.82,60.95,127.36,118831.38,96.7,125454.11,2.87,10.01
2018-05-24,11445.63,11621.74,11380.78,11556.26,0,3580.01,16960.44,6796.98,20.53,1.65,8.71,7.8537,0.0082,-1489.18,-737.97,836,1244,127,0.672,96.0,76.12,500,56.44,144.04,108.82,60.95,127.36,121533.26,96.55,125480.61,2.84,10.01
2018-05-25,11533.65,11597.52,11367.51,11430.81,0,3865.75,16669.14,6698.26,18.14,-2.4,-11.68,7.8404,-0.0132,-6198.24,872.36,1308,719,52,1.819,96.0,82.26,500,56.44,144.04,108.82,60.95,127.36,118707.54,96.14,124637.23,2.86,10.01
2018-05-28,11419.03,11558.37,11416.69,11556.0,0,3507.64,16715.96,6749.35,17.12,-1.01,-5.58,7.8364,-0.004,1517.6,1464.68,664,1301,75,0.51,96.0,83.98,500,56.44,144.04,108.82,60.95,127.36,113175.86,96.27,123664.53,2.86,10.01
2018-05-29,11569.25,11623.7,11284.84,11338.2,0,2073.94,16345.05,6594.65,22.0,4.87,28.44,7.8394,0.0029,47.86,2210.94,1454,538,89,2.703,96.0,90.91,500,56.44,144.04,108.82,60.95,127.36,116202.18,96.06,122260.2,2.86,10.01
2018-05-30,11357.59,11589.05,11258.03,11488.35,0,1864.35,16507.08,6681.17,15.2,-6.8,-30.9,7.8373,-0.0021,-603.34,2239.2,317,1777,118,0.178,96.0,86.96,500,56.44,144.04,108.82,60.95,127.36,116941.11,96.59,121798.68,2.81,10.01
2018-05-31,11456.22,11651.37,11311.4,11505.92,0,5162.85,16492.86,6694.47,16.6,1.4,9.2,7.848,0.0107,-504.12,250.5,1002,954,21,1.05,96.0,87.46,500,56.44,144.04,108.82,60.95,127.36,118548.43,96.91,121837.3,2.78,10.01
2018-06-01,11509.98,11789.4,11445.53,11723.75,0,3864.51,16832.59,6851.51,14.93,-1.67,-10.06,7.8572,0.0093,1561.9,16.08,258,1823,74,0.142,96.0,98.0,500,59.76,144.57,113.47,55.24,127.21,113908.66,96.99,119248.55,2.78,10.01
2018-06-04,11770.23,12269.85,11634.25,12129.73,0,4309.26,17321.72,7105.41,13.57,-1.35,-9.07,7.8391,-0.0182,-1848.41,3410.37,116,1806,42,0.064,96.0,94.93,500,59.76,144.57,113.47,55.24,127.21,113964.87,96.61,122044.75,2.71,10.01
2018-06-05,12103.37,12171.39,11977.85,12045.55,0,1898.26,17205.1,7080.77,20.49,6.92,50.98,7.8341,-0.005,-7874.76,1438.75,904,1079,30,0.838,96.0,90.35,500,59.76,144.57,113.47,55.24,127.21,120222.5,96.86,122148.02,2.74,10.01
2018-06-06,12051.46,12152.54,11931.92,12032.84,0,1577.04,17285.37,7076.55,21.18,0.69,3.37,7.8116,-0.0225,-1186.35,2531.99,329,1574,104,0.209,96.0,88.67,500,59.76,144.57,113.47,55.24,127.21,119644.91,96.72,118887.45,2.79,10.01
2018-06-07,12025.67,12164.5,11932.59,12071.06,0,2790.09,17385.14,7104.99,16.76,-4.43,-20.9,7.8211,0.0095,-233.44,-292.48,719,1331,21,0.54,96.0,86.02,500,59.76,144.57,113.47,55.24,127.21,124371.21,96.76,119221.99,2.8,10.01
2018-06-08,12085.01,12281.79,11966.71,12162.74,0,3787.7,17538.98,7205.4,16.59,-0.16,-0.98,7.8305,0.0094,-6304.85,-162.18,560,1536,68,0.365,96.0,83.18,500,59.76,144.57,113.47,55.24,127.21,123042.51,96.35,119183.56,2.8,10.01
2018-06-11,12176.05,12268.74,11939.24,12030.83,0,7879.6,17388.94,7141.61,19.58,2.99,18.0,7.8285,-0.002,-301.0,-4078.33,1217,841,127,1.447,96.0,93.85,500,59.76,144.57,113.47,55.24,127.21,124784.61,96.74,119296.08,2.81,10.01
2018-06-12,11998.25,12182.83,11889.29,12073.18,0,2370.12,17390.5,7167.68,16.98,-2.6,-13.27,7.8249,-0.0036,785.57,-139.21,929,1096,30,0.848,96.0,88.32,500,59.76,144.57,113.47,55.24,127.21,121977.06,96.89,121352.41,2.79,10.01
2018-06-13,12066.97,12155.58,11693.13,11779.62,0,7812.03,16937.23,7015.46,21.63,4.65,27.38,7.8337,0.0088,-2234.65,-270.49,1684,217,49,7.76,96.0,85.34,500,59.76,144.57,113.47,55.24,127.21,121995.63,96.82,124948.35,2.8,10.01
2018-06-14,11751.34,11846.67,11684.5,11779.67,0,3453.89,17031.11,7036.96,15.99,-5.64,-26.1,7.8443,0.0106,-691.78,-439.05,609,1366,91,0.446,96.0,90.2,500,59.76,144.57,113.47,55.24,127.21,122663.95,96.58,124290.07,2.78,10.01
2018-06-15,11851.21,11868.39,11694.37,11711.34,0,2650.25,16961.49,6999.54,14.89,-1.09,-6.83,7.8186,-0.0257,1187.79,-213.08,912,1116,129,0.817,96.0,87.95,500,59.76,144.57,113.47,55.24,127.21,129463.35,96.45,124177.0,2.75,10.01
2018-06-18,11742.71,11922.39,11676.43,11855.48,0,2601.57,17155.87,7090.66,17.7,2.81,18.84,7.8143,-0.0043,2257.2,1754.62,531,1456,115,0.365,96.0,93.34,500,59.76,144.57,113.47,55.24,127.21,125081.05,96.6,121795.38,2.76,10.01
2018-06-19,11828.84,12198.09,11702.82,12069.5,0,1562.76,17440.44,7213.19,15.98,-1.72,-9.73,7.7977,-0.0165,-2211.33,909.32,367,1556,59,0.236,96.0,87.68,500,59.76,144.57,113.47,55.24,127.21,119678.99,96.83,121064.6,2.75,10.01
2018-06-20,12041.85,12259.51,11969.02,12185.8,0,1424.34,17678.5,7274.62,12.87,-3.11,-19.44,7.8179,0.0202,4833.11,-2996.69,572,1512,121,0.378,96.0,91.72,500,59.76,144.57,113.47,55.24,127.21,114667.41,96.66,118333.66,2.76,10.01
2018-06-21,12112.71,12251.13,12001.91,12140.08,0,2192.55,17420.98,7213.99,18.51,5.64,43.8,7.8324,0.0145,-98.86,-1993.35,1096,936,67,1.171,96.0,90.45,500,59.76,144.57,113.47,55.24,127.21,114152.54,96.19,118816.14,2.79,10.01
2018-06-22,12162.37,12364.02,12035.21,12236.09,0,5391.84,17475.91,7224.6,18.35,-0.16,-0.87,7.8531,0.0207,-31.86,1492.35,562,1529,114,0.368,96.0,90.3,500,59.76,144.57,113.47,55.24,127.21,116836.43,96.06,119295.38,2.79,10.01
2018-06-25,12244.32,12539.97,12210.31,12505.24,0,2494.55,17902.74,7401.33,14.65,-3.7,-20.16,7.8524,-0.0007,2089.01,-647.51,161,1792,39,0.09,96.0,86.0,500,59.76,144.57,113.47,55.24,127.21,121856.32,95.74,119688.77,2.81,10.01
2018-06-26,12472.85,12611.87,12404.66,12543.29,0,2438.02,18009.63,7457.43,19.31,4.66,31.82,7.8461,-0.0063,169.08,3515.41,853,1115,28,0.765,96.0,89.85,500,59.76,144.57,113.47,55.24,127.21,119694.27,95.89,121606.86,2.77,10.01
2018-06-27,12533.38,12541.52,12399.37,12407.42,0,3596.85,17823.79,7375.64,17.07,-2.24,-11.58,7.8486,0.0026,-3289.9,1176.1,1038,939,113,1.105,96.0,80.91,500,59.76,144.57,113.47,55.24,127.21,118152.36,95.81,122614.9,2.8,10.01
2018-06-28,12396.21,12477.46,12318.14,12399.37,0,4651.62,17766.7,7378.37,20.19,3.12,18.25,7.8266,-0.022,-5158.09,-1982.61,1128,854,60,1.321,96.0,82.83,500,59.76,144.57,113.47,55.24,127.21,114253.49,95.66,123306.96,2.75,10.01
2018-06-29,12373.99,12816.34,12286.26,12726.11,0,1398.2,18122.46,7534.49,10.17,-10.02,-49.62,7.8132,-0.0135,-647.31,3263.53,391,1514,56,0.258,96.0,88.36,500,59.76,144.57,113.47,55.24,127.21,113104.01,95.61,123485.99,2.71,10.01
2018-07-02,12733.45,12851.77,12516.0,12633.39,0,2823.49,18028.76,7447.43,20.89,10.72,105.36,7.792,-0.0212,-1030.06,-1893.42,1238,848,29,1.46,96.0,88.81,500,58.55,145.0,105.67,57.09,127.49,112517.83,96.1,122219.89,2.65,9.63
2018-07-03,12645.4,12707.83,12451.63,12513.41,0,2970.67,17850.27,7401.61,18.99,-1.9,-9.07,7.8081,0.0162,-3126.53,4133.34,812,1097,125,0.74,96.0,87.8,500,58.55,145.0,105.67,57.09,127.49,115129.25,95.61,120563.93,2.71,9.63
2018-07-04,12521.89,12561.69,12173.66,12212.48,0,1481.19,17368.71,7208.7,20.28,1.29,6.77,7.8092,0.001,-12192.0,459.53,1647,427,89,3.857,96.0,85.54,500,58.55,145.0,105.67,57.09,127.49,112074.62,96.62,119431.12,2.75,9.63
2018-07-05,12179.6,12388.22,12096.55,12304.32,0,2370.89,17342.14,7210.18,18.01,-2.27,-11.18,7.8057,-0.0035,-1097.68,2052.22,762,1293,74,0.589,96.0,94.25,500,58.55,145.0,105.67,57.09,127.49,112074.21,97.04,121697.31,2.75,9.63
2018-07-06,12309.13,12465.01,12273.11,12428.64,0,2148.65,17560.82,7291.46,14.58,-3.43,-19.04,7.8024,-0.0032,-935.62,-472.19,477,1491,72,0.32,96.0,87.24,500,58.55,145.0,105.67,57.09,127.49,115639.19,96.63,121598.36,2.73,9.63
2018-07-09,12405.42,12603.2,12340.87,12537.96,0,2734.4,17761.26,7364.52,16.12,1.54,10.57,7.8027,0.0003,-2502.08,382.79,738,1280,20,0.577,96.0,87.83,500,58.55,145.0,105.67,57.09,127.49,120847.09,97.47,121676.17,2.8,9.63
2018-07-10,12510.72,12691.91,12445.13,12625.71,0,4299.82,17923.78,7438.46,15.15,-0.98,-6.05,7.7925,-0.0103,382.37,1656.29,715,1286,49,0.556,96.0,80.3,500,58.55,145.0,105.67,57.09,127.49,121619.16,96.69,120735.83,2.78,9.63
2018-07-11,12590.28,12654.59,12535.69,12599.95,0,3529.14,17853.4,7405.6,19.03,3.88,25.59,7.7931,0.0006,2660.58,1310.02,1068,891,127,1.199,96.0,91.71,500,58.55,145.0,105.67,57.09,127.49,125945.27,96.58,117414.07,2.78,9.63
2018-07-12,12594.89,12639.45,12503.3,12547.69,0,5307.46,17716.39,7355.84,15.47,-3.56,-18.7,7.8059,0.0127,-1627.8,-3862.8,1092,820,51,1.332,96.0,84.35,500,58.55,145.0,105.67,57.09,127.49,130624.83,96.32,118692.4,2.77,9.63
2018-07-13,12540.29,12573.44,12515.12,12548.25,0,3485.11,17765.27,7343.23,18.8,3.33,21.51,7.8035,-0.0024,186.78,-67.2,706,1342,86,0.526,96.0,89.24,500,58.55,145.0,105.67,57.09,127.49,130313.04,96.09,119040.57,2.81,9.63
2018-07-16,12548.65,12707.1,12421.55,12579.68,0,4817.86,17815.66,7344.49,19.81,1.01,5.37,7.8038,0.0003,236.43,-4710.99,935,987,60,0.947,96.0,96.48,500,58.55,145.0,105.67,57.09,127.49,128894.54,96.68,116706.67,2.78,9.63
2018-07-17,12574.58,12849.3,12522.24,12796.04,0,1940.38,18124.81,7457.45,18.06,-1.75,-8.83,7.7925,-0.0113,689.34,-575.24,349,1746,47,0.2,96.0,85.28,500,58.55,145.0,105.67,57.09,127.49,130398.02,96.17,116112.37,2.74,9.63
2018-07-18,12767.38,12878.83,12404.28,12513.51,0,3895.71,17722.86,7291.75,23.13,5.08,28.11,7.8052,0.0127,4782.93,-1284.48,1303,741,44,1.758,96.0,94.8,500,58.55,145.0,105.67,57.09,127.49,130869.22,96.36,116812.16,2.72,9.63
2018-07-19,12509.14,12801.23,12446.5,12737.45,0,2279.2,18019.68,7324.03,15.45,-7.68,-33.22,7.8171,0.012,5905.85,-3536.54,307,1736,102,0.177,96.0,81.74,500,58.55,145.0,105.67,57.09,127.49,133803.64,96.38,118030.64,2.67,9.63
2018-07-20,12747.3,12843.7,12586.82,12682.74,0,3795.11,18010.26,7263.71,13.32,-2.13,-13.77,7.804,-0.0131,2062.08,1317.44,1082,850,106,1.273,96.0,98.0,500,58.55,145.0,105.67,57.09,127.49,135475.16,96.86,119220.34,2.67,9.63
2018-07-23,12655.55,12742.52,12340.45,12425.84,0,2779.44,17585.85,7126.75,17.63,4.31,32.36,7.8175,0.0135,-1973.33,-361.54,1557,400,75,3.892,96.0,94.21,500,58.55,145.0,105.67,57.09,127.49,130993.01,97.52,118993.62,2.64,9.63
2018-07-24,12429.78,12603.88,12376.09,12549.68,0,1891.84,17588.95,7173.08,19.35,1.72,9.78,7.7798,-0.0377,4411.87,-187.19,584,1505,103,0.388,96.0,90.64,500,58.55,145.0,105.67,57.09,127.49,132569.87,98.01,116510.74,2.61,9.63
2018-07-25,12579.76,12664.51,12416.78,12501.0,0,3485.2,17500.34,7140.19,18.27,-1.08,-5.6,7.7611,-0.0187,2806.68,-2763.77,952,984,44,0.967,96.0,90.0,500,58.55,145.0,105.67,57.09,127.49,128684.11,98.17,118388.41,2.59,9.63
2018-07-26,12528.42,12558.84,12332.31,12362.33,0,5748.44,17297.33,7068.58,23.32,5.05,27.66,7.7672,0.0061,468.54,5117.09,1109,817,65,1.357,96.0,86.08,500,58.55,145.0,105.67,57.09,127.49,130802.37,98.36,119815.96,2.62,9.63
2018-07-27,12379.67,12434.97,12201.5,12256.25,0,1917.88,17105.65,6989.77,22.12,-1.21,-5.18,7.7703,0.0031,-643.35,2423.94,1258,789,50,1.594,96.0,88.54,500,58.55,145.0,105.67,57.09,127.49,127306.62,99.01,120128.42,2.59,9.63
2018-07-30,12265.96,12444.79,12161.01,12339.21,0,1734.28,17061.61,6981.06,20.16,-1.95,-8.84,7.7881,0.0178,2292.02,-62.24,877,1092,116,0.803,96.0,87.81,500,58.55,145.0,105.67,57.09,127.49,125759.75,99.48,121338.25,2.6,9.63
2018-07-31,12356.64,12637.48,12324.99,12605.19,0,1529.65,17468.98,7123.76,17.03,-3.13,-15.55,7.7862,-0.0019,805.76,-295.74,222,1778,49,0.125,96.0,91.45,500,58.55,145.0,105.67,57.09,127.49,124236.97,99.52,123494.44,2.6,9.63
2018-08-01,12591.13,12797.36,12573.36,12779.32,0,4033.02,17702.88,7216.89,15.64,-1.39,-8.16,7.8102,0.024,-5036.52,3489.52,644,1386,87,0.465,96.0,87.76,500,59.05,145.68,93.8,56.89,127.81,123058.58,99.96,121416.55,2.54,9.63
2018-08-02,12798.9,12888.76,12594.93,12683.98,0,2322.94,17616.17,7195.59,17.52,1.88,12.03,7.8283,0.0181,-522.2,-1385.92,1130,820,43,1.378,96.0,78.5,500,59.05,145.68,93.8,56.89,127.81,123716.51,100.35,121094.82,2.53,9.63
2018-08-03,12708.48,12851.72,12659.25,12802.13,0,4652.21,17727.35,7241.66,20.43,2.91,16.59,7.8513,0.023,-3137.5,-184.41,706,1376,93,0.513,96.0,92.38,500,59.05,145.68,93.8,56.89,127.81,121656.05,100.81,123760.05,2.52,9.63
2018-08-06,12824.54,12902.75,12582.51,12659.72,0,3098.42,17540.67,7145.46,19.7,-0.72,-3.54,7.8621,0.0108,-14671.78,-2474.99,1210,748,50,1.618,96.0,85.59,500,59.05,145.68,93.8,56.89,127.81,120599.37,100.88,124766.67,2.55,9.63
2018-08-07,12661.68,12828.74,12600.32,12766.86,0,2754.58,17619.1,7184.77,18.67,-1.03,-5.22,7.8815,0.0194,-3502.86,-975.61,590,1316,61,0.448,96.0,91.1,500,59.05,145.68,93.8,56.89,127.81,120586.99,101.08,124932.49,2.48,9.63
2018-08-08,12731.01,12925.57,12683.61,12877.63,0,1723.41,17985.14,7298.61,15.41,-3.26,-17.45,7.8843,0.0028,1258.22,8.52,471,1609,85,0.293,96.0,91.02,500,59.05,145.68,93.8,56.89,127.81,116236.56,100.95,123646.06,2.51,9.63
2018-08-09,12864.1,13129.27,12789.53,13053.61,0,3617.41,18136.94,7378.41,15.34,-0.07,-0.49,7.8772,-0.0071,1022.83,1994.89,748,1168,106,0.64,96.0,90.12,500,59.05,145.68,93.8,56.89,127.81,114980.89,100.64,126565.21,2.48,9.63
2018-08-10,13048.53,13439.29,12891.93,13279.91,0,1500.26,18410.86,7497.55,17.82,2.48,16.18,7.9003,0.0231,4968.61,-403.91,562,1467,51,0.383,96.0,88.67,500,59.05,145.68,93.8,56.89,127.81,114502.48,100.45,127781.52,2.53,9.63
2018-08-13,13258.39,13402.58,12703.4,12843.07,0,3375.77,17763.18,7211.96,23.46,5.64,31.66,7.8997,-0.0006,1351.95,-1550.94,1900,101,78,18.812,96.0,92.18,500,59.05,145.68,93.8,56.89,127.81,115388.03,101.19,127307.64,2.58,9.63
2018-08-14,12815.27,12867.11,12756.68,12808.49,0,1626.5,17714.6,7189.36,17.07,-6.4,-27.26,7.904,0.0043,-272.31,-988.83,893,1077,53,0.829,96.0,87.27,500,59.05,145.68,93.8,56.89,127.81,118409.69,101.56,126255.29,2.59,9.63
2018-08-15,12836.45,12960.86,12508.03,12630.44,0,1952.49,17487.06,7112.4,15.05,-2.02,-11.83,7.9092,0.0052,2165.24,1015.07,1180,853,23,1.383,96.0,82.82,500,59.05,145.68,93.8,56.89,127.81,120337.77,101.5,126816.62,2.62,9.63
2018-08-16,12664.73,12770.26,12616.92,12722.23,0,3397.11,17742.34,7190.67,20.2,5.15,34.22,7.9311,0.0219,979.49,1785.66,607,1375,88,0.441,96.0,87.37,500,59.05,145.68,93.8,56.89,127.81,119059.49,101.36,129370.37,2.65,9.63
2018-08-17,12689.33,12833.89,12616.17,12760.33,0,2064.22,17852.95,7175.74,17.97,-2.23,-11.04,7.9069,-0.0242,-6868.11,6748.04,568,1527,114,0.372,96.0,89.95,500,59.05,145.68,93.8,56.89,127.81,116725.53,101.47,129765.4,2.64,9.63
2018-08-20,12731.76,12825.01,12607.05,12700.06,0,3759.61,17785.8,7119.1,16.23,-1.74,-9.67,7.9043,-0.0025,-4597.82,-740.34,836,1089,32,0.768,96.0,86.9,500,59.05,145.68,93.8,56.89,127.81,118515.64,101.34,131558.73,2.7,9.63
2018-08-21,12735.71,12823.53,12594.95,12682.4,0,3336.41,17782.0,7120.95,20.47,4.23,26.06,7.8949,-0.0094,2442.39,-876.49,1015,920,73,1.103,96.0,89.17,500,59.05,145.68,93.8,56.89,127.81,125500.52,101.66,131142.83,2.78,9.63
2018-08-22,12701.89,12944.23,12605.32,12846.55,0,4442.65,18084.52,7248.9,14.02,-6.45,-31.5,7.891,-0.0039,-1156.81,-332.54,599,1490,65,0.402,96.0,84.21,500,59.05,145.68,93.8,56.89,127.81,125268.11,102.17,133658.87,2.84,9.63
2018-08-23,12804.72,12960.32,12742.37,12897.52,0,3976.65,18046.64,7277.12,19.03,5.01,35.74,7.9074,0.0164,-4965.18,4456.13,910,1028,70,0.885,96.0,87.64,500,59.05,145.68,93.8,56.89,127.81,129809.92,102.61,132476.89,2.84,9.63
2018-08-24,12964.78,13247.36,12832.09,13113.15,0,2734.15,18221.05,7378.62,14.37,-4.66,-24.47,7.9102,0.0028,1704.49,746.11,593,1448,74,0.41,96.0,81.23,500,59.05,145.68,93.8,56.89,127.81,140997.28,102.53,131667.61,2.81,9.63
2018-08-27,13162.95,13279.91,12829.03,12944.05,0,2259.44,17984.9,7241.68,17.39,3.02,20.99,7.9268,0.0165,-114.29,420.55,813,1248,72,0.651,96.0,79.44,500,59.05,145.68,93.8,56.89,127.81,135831.96,102.25,128145.25,2.86,9.63
2018-08-28,12940.43,13106.73,12897.75,13063.65,0,1082.33,18236.59,7282.63,16.89,-0.5,-2.89,7.9271,0.0003,1780.04,-3026.59,677,1234,82,0.549,96.0,92.21,500,59.05,145.68,93.8,56.89,127.81,132649.46,102.5,133911.6,2.86,9.63
2018-08-29,13092.44,13193.49,12957.36,13058.14,0,2381.29,18229.73,7264.97,16.83,-0.05,-0.32,7.9405,0.0133,-301.34,2950.46,776,1200,39,0.647,96.0,97.75,500,59.05,145.68,93.8,56.89,127.81,141889.01,102.14,137168.09,2.86,9.63
2018-08-30,13083.86,13215.55,13016.03,13147.39,0,1460.91,18375.75,7368.22,19.22,2.39,14.18,7.9365,-0.0039,-187.77,-464.41,548,1442,32,0.38,96.0,91.68,500,59.05,145.68,93.8,56.89,127.81,141704.66,101.87,137351.72,2.87,9.63
2018-08-31,13168.45,13311.94,12938.34,13080.87,0,4813.29,18233.23,7329.15,19.0,-0.22,-1.15,7.9586,0.022,1248.69,2316.36,993,976,96,1.017,96.0,88.12,500,59.05,145.68,93.8,56.89,127.81,142357.58,102.53,139077.33,2.86,9.63
2018-09-03,13053.35,13218.24,12948.77,13113.18,0,6586.18,18225.0,7339.52,16.2,-2.8,-14.75,7.9551,-0.0035,-1369.75,-3575.64,1064,860,41,1.237,96.0,98.0,500,61.8,146.36,106.63,49.87,128.33,143538.68,102.42,140648.84,2.9,9.63
2018-09-04,13105.03,13201.64,12953.56,13049.76,0,1834.41,18309.32,7356.79,18.04,1.84,11.37,7.9531,-0.0019,327.77,606.06,586,1361,31,0.431,96.0,84.6,500,61.8,146.36,106.63,49.87,128.33,141412.28,102.1,143128.97,2.96,9.63
2018-09-05,13000.31,13071.47,12858.2,12928.97,0,4681.44,18161.75,7307.02,17.29,-0.75,-4.17,7.9635,0.0103,4385.83,-1704.15,1376,642,108,2.143,96.0,89.66,500,61.8,146.36,106.63,49.87,128.33,148498.4,102.3,140739.78,2.95,9.63
2018-09-06,12926.67,13193.08,12888.05,13153.79,0,3881.33,18396.83,7380.5,14.87,-2.42,-14.01,7.9735,0.01,-1792.97,-528.57,675,1309,97,0.516,96.0,87.48,500,61.8,146.36,106.63,49.87,128.33,147892.2,102.98,140252.71,3.0,9.63
2018-09-07,13130.68,13230.37,13026.91,13126.57,0,2810.49,18335.91,7373.45,18.56,3.7,24.89,7.9898,0.0164,1076.72,-1017.71,786,1152,77,0.682,96.0,93.01,500,61.8,146.36,106.63,49.87,128.33,144108.37,102.92,135542.5,2.97,9.63
2018-09-10,13051.09,13159.2,12873.6,12981.12,0,2166.21,18151.21,7295.31,19.82,1.26,6.78,7.9961,0.0062,3502.23,1270.62,1033,948,114,1.09,96.0,90.11,500,61.8,146.36,106.63,49.87,128.33,141536.63,103.93,134747.56,2.93,9.63
2018-09-11,12961.83,13043.32,12689.72,12770.01,0,3039.04,17911.27,7161.32,22.02,2.2,11.1,7.9947,-0.0014,643.89,3723.95,1269,686,123,1.85,96.0,89.51,500,61.8,146.36,106.63,49.87,128.33,138406.85,103.76,134016.67,2.9,9.63
2018-09-12,12772.01,12893.57,12586.26,12707.21,0,3259.98,17849.32,7144.91,16.23,-5.8,-26.32,8.0106,0.016,2449.33,-2119.41,1052,904,72,1.164,96.0,92.7,500,61.8,146.36,106.63,49.87,128.33,141583.27,103.96,135055.04,2.86,9.63
2018-09-13,12705.72,12852.89,12618.03,12764.79,0,4098.97,17879.31,7190.21,17.55,1.32,8.16,8.0195,0.0088,170.8,663.98,706,1357,129,0.52,96.0,84.55,500,61.8,146.36,106.63,49.87,128.33,140049.78,104.46,135197.53,2.88,9.63
2018-09-14,12719.85,12916.42,12530.39,12726.86,0,2259.65,17794.28,7200.44,15.2,-2.35,-13.4,8.0186,-0.0009,-6662.83,-384.96,796,1268,84,0.628,96.0,90.7,500,61.8,146.36,106.63,49.87,128.33,140590.61,104.18,133669.04,2.91,9.63
2018-09-17,12750.44,12859.87,12399.02,12506.35,0,3114.24,17480.74,7086.96,21.81,6.61,43.48,8.0092,-0.0094,3462.12,1749.53,1412,681,103,2.073,96.0,95.0,500,61.8,146.36,106.63,49.87,128.33,144287.65,104.62,133531.38,2.87,9.63
2018-09-18,12476.53,12483.04,12319.63,12326.05,0,2256.81,17306.78,7001.65,17.89,-3.92,-17.96,7.9906,-0.0186,50.9,1363.16,1038,866,76,1.199,96.0,93.61,500,61.8,146.36,106.63,49.87,128.33,147808.46,104.22,133192.92,2.87,9.63
2018-09-19,12326.51,12423.51,12084.3,12180.15,0,1996.83,17132.99,6937.85,17.95,0.06,0.33,7.9819,-0.0088,-3324.92,318.63,1134,833,82,1.361,96.0,83.34,500,61.8,146.36,106.63,49.87,128.33,149898.89,105.01,133289.45,2.86,9.63
2018-09-20,12172.37,12291.89,12116.92,12236.14,0,2882.73,17164.39,6962.48,18.94,1.0,5.55,7.9812,-0.0007,1788.56,-3107.89,1015,1026,26,0.989,96.0,86.43,500,61.8,146.36,106.63,49.87,128.33,146541.52,105.46,134942.79,2.84,9.63
2018-09-21,12227.8,12283.51,12060.03,12115.23,0,2853.07,16951.26,6895.07,20.59,1.64,8.68,7.9734,-0.0078,329.56,4176.46,1142,777,70,1.47,96.0,93.15,500,61.8,146.36,106.63,49.87,128.33,147839.31,105.46,133822.83,2.84,9.63
2018-09-24,12163.87,12181.61,11840.93,11858.23,0,2035.11,16747.65,6743.9,20.9,0.31,1.5,7.9965,0.0231,-456.31,1062.23,1216,821,72,1.481,96.0,84.92,500,61.8,146.36,106.63,49.87,128.33,147498.62,106.07,134717.61,2.86,9.63
2018-09-25,11866.82,12121.59,11797.26,12050.95,0,2248.29,17032.25,6797.56,17.9,-3.0,-14.36,8.0042,0.0077,4651.12,124.25,477,1510,102,0.316,96.0,92.98,500,61.8,146.36,106.63,49.87,128.33,147464.55,106.25,134876.9,2.85,9.63
2018-09-26,12032.72,12379.24,11899.8,12243.98,0,3295.56,17236.46,6922.73,14.97,-2.93,-16.37,8.0136,0.0094,-169.73,-1366.41,392,1636,105,0.24,96.0,87.36,500,61.8,146.36,106.63,49.87,128.33,145031.45,105.52,134041.13,2.81,9.63
2018-09-27,12238.29,12353.93,12144.24,12259.72,0,4146.18,17061.58,6925.97,18.84,3.87,25.86,8.0103,-0.0033,2447.07,9387.84,795,1135,119,0.7,96.0,94.47,500,61.8,146.36,106.63,49.87,128.33,149368.98,105.33,137333.75,2.81,9.63
2018-09-28,12281.81,12347.12,12114.8,12179.56,0,4390.03,16828.95,6875.36,22.91,4.07,21.63,8.0184,0.0081,1161.89,-672.82,1287,710,70,1.813,96.0,86.93,500,61.8,146.36,106.63,49.87,128.33,155927.42,105.45,137417.24,2.73,9.63
2018-10-01,12158.04,12209.62,11917.76,11968.54,0,2189.89,16474.37,6795.6,15.96,-6.95,-30.33,8.0057,-0.0127,36.2,-1779.88,1286,679,67,1.894,96.0,89.04,500,58.7,147.03,97.72,54.42,127.88,162101.47,106.27,136212.98,2.73,6.63
2018-10-02,11941.5,12038.73,11763.37,11859.93,0,2379.65,16519.12,6767.88,17.27,1.31,8.2,8.009,0.0033,-613.9,2426.98,955,1094,84,0.873,96.0,94.69,500,58.7,147.03,97.72,54.42,127.88,163518.53,105.58,136999.79,2.73,6.63
2018-10-03,11820.45,12341.48,11737.79,12255.77,0,3402.54,16987.49,7006.15,14.42,-2.85,-16.48,7.9977,-0.0113,-1270.79,58.34,20,2011,73,0.01,96.0,83.82,500,58.7,147.03,97.72,54.42,127.88,162809.99,105.61,139560.87,2.71,6.63
2018-10-04,12251.89,12340.31,12208.65,12296.91,0,1949.12,16932.51,7028.88,18.47,4.05,28.06,7.9974,-0.0004,-551.59,1731.06,831,1097,37,0.758,96.0,87.25,500,58.7,147.03,97.72,54.42,127.88,167512.2,105.67,139398.03,2.73,6.63
2018-10-05,12313.1,12364.45,12108.2,12158.91,0,3247.92,16808.75,6989.92,18.48,0.01,0.07,7.9948,-0.0026,-5122.59,118.38,1098,877,109,1.252,96.0,91.42,500,58.7,147.03,97.72,54.42,127.88,173444.12,106.11,139556.69,2.79,6.63
2018-10-08,12154.51,12223.87,12108.18,12177.46,0,2175.27,16942.12,7064.67,15.57,-2.92,-15.79,8.0131,0.0183,2762.47,-512.9,536,1369,116,0.392,96.0,88.33,500,58.7,147.03,97.72,54.42,127.88,166960.5,106.15,138833.52,2.83,6.63
2018-10-09,12182.24,12276.21,11972.08,12065.15,0,2513.0,16760.58,7042.69,14.34,-1.22,-7.84,8.033,0.0199,-5467.34,-797.57,960,1126,59,0.853,96.0,85.56,500,58.7,147.03,97.72,54.42,127.88,164541.37,105.53,141803.1,2.8,6.63
2018-10-10,12051.91,12172.07,11638.23,11755.43,0,2113.66,16313.7,6857.81,22.13,7.78,54.25,8.0485,0.0155,1485.0,-139.89,1346,752,63,1.79,96.0,88.16,500,58.7,147.03,97.72,54.42,127.88,160329.82,105.3,142060.23,2.81,6.63
2018-10-11,11796.45,11804.15,11656.43,11664.05,0,4329.02,16281.25,6823.83,15.48,-6.65,-30.04,8.0645,0.016,-9956.46,96.87,1021,996,20,1.025,96.0,87.91,500,58.7,147.03,97.72,54.42,127.88,158378.79,105.6,142525.01,2.75,6.63
2018-10-12,11686.96,11805.58,11604.18,11722.55,0,3224.83,16389.11,6855.85,16.59,1.11,7.18,8.0864,0.0219,-5192.47,816.18,611,1383,94,0.442,96.0,89.89,500,58.7,147.03,97.72,54.42,127.88,169347.14,105.23,143672.58,2.69,6.63
2018-10-15,11694.82,11808.59,11584.28,11698.02,0,2760.32,16491.53,6840.76,19.13,2.54,15.3,8.0813,-0.005,966.47,794.74,1047,1047,88,1.0,96.0,90.76,500,58.7,147.03,97.72,54.42,127.88,170254.68,104.95,146529.21,2.69,6.63
2018-10-16,11725.6,11811.74,11535.12,11620.49,0,1947.94,16433.13,6776.36,17.51,-1.62,-8.45,8.0644,-0.017,54.41,328.55,981,1072,59,0.915,96.0,87.65,500,58.7,147.03,97.72,54.42,127.88,171705.4,104.74,148247.46,2.72,6.63
2018-10-17,11635.09,11944.7,11503.85,11811.47,0,1615.47,16642.74,6883.27,17.58,0.07,0.38,8.0814,0.017,197.72,2076.9,588,1420,93,0.414,96.0,87.27,500,58.7,147.03,97.72,54.42,127.88,171146.2,105.29,147873.64,2.76,6.63
2018-10-18,11803.99,11880.2,11763.48,11839.56,0,1829.04,16786.52,6906.62,18.27,0.69,3.94,8.071,-0.0104,3100.2,1747.8,587,1437,39,0.408,96.0,85.5,500,58.7,147.03,97.72,54.42,127.88,167519.08,105.65,146927.23,2.72,6.63
2018-10-19,11843.72,11933.66,11746.17,11836.06,0,2151.06,16736.83,6906.35,16.41,-1.87,-10.21,8.0732,0.0022,1864.48,4125.79,1010,921,41,1.097,96.0,89.49,500,58.7,147.03,97.72,54.42,127.88,167260.44,106.3,146779.98,2.72,6.63
2018-10-22,11813.2,12071.24,11753.7,12010.75,0,2751.15,17030.67,7044.12,16.05,-0.36,-2.17,8.0736,0.0004,-553.5,3497.19,458,1488,44,0.308,96.0,87.89,500,58.7,147.03,97.72,54.42,127.88,178171.04,106.3,148494.06,2.74,6.63
2018-10-23,12032.55,12199.57,11804.17,11970.33,0,1336.97,16907.67,7023.34,15.78,-0.28,-1.72,8.0798,0.0062,-1581.87,1075.59,913,1102,32,0.828,96.0,92.14,500,58.7,147.03,97.72,54.42,127.88,171001.62,106.39,151644.48,2.81,6.63
2018-10-24,11969.08,12261.74,11912.5,12204.04,0,2586.56,17347.56,7169.56,18.42,2.64,16.77,8.1018,0.0219,-25.43,480.94,638,1441,87,0.443,96.0,84.55,500,58.7,147.03,97.72,54.42,127.88,176133.16,106.61,149694.23,2.8,6.63
2018-10-25,12197.58,12250.52,12174.18,12227.07,0,2370.43,17306.94,7201.32,19.89,1.47,7.98,8.0922,-0.0096,3556.57,-1191.92,748,1283,95,0.583,96.0,92.68,500,58.7,147.03,97.72,54.42,127.88,176672.36,107.46,148537.63,2.76,6.63
2018-10-26,12201.43,12353.98,12145.06,12297.17,0,3059.84,17399.18,7251.72,22.84,2.95,14.83,8.0841,-0.008,-2001.0,279.95,748,1228,63,0.609,96.0,93.86,500,58.7,147.03,97.72,54.42,127.88,180253.15,107.01,149490.55,2.73,6.63
2018-10-29,12342.98,12409.7,11952.3,12017.26,0,3615.79,17053.47,7098.01,23.35,0.51,2.24,8.1005,0.0164,593.4,89.06,1363,557,102,2.447,96.0,90.92,500,58.7,147.03,97.72,54.42,127.88,187457.19,107.05,152964.07,2.73,6.63
2018-10-30,12039.83,12115.75,11912.0,11987.59,0,1784.43,17024.53,7085.99,20.32,-3.03,-12.99,8.1097,0.0092,1162.04,1088.38,980,1081,80,0.907,96.0,85.59,500,58.7,147.03,97.72,54.42,127.88,185451.71,107.16,151860.28,2.7,6.63
2018-10-31,11974.02,12103.57,11784.81,11913.7,0,2801.01,16987.04,7034.25,20.52,0.2,0.99,8.1125,0.0028,-1128.87,541.97,734,1317,23,0.557,96.0,90.46,500,58.7,147.03,97.72,54.42,127.88,182991.16,107.42,152444.79,2.75,6.63
2018-11-01,11907.08,12078.66,11862.4,12033.51,0,3208.15,17168.43,7124.94,14.21,-6.31,-30.74,8.1285,0.016,-1708.77,-4965.29,605,1485,36,0.407,96.0,90.68,500,58.59,147.88,107.05,51.71,127.9,181313.54,107.34,152607.82,2.67,6.63
2018-11-02,12042.29,12183.31,11934.84,12075.56,0,2414.98,17235.18,7150.79,19.97,5.76,40.51,8.1416,0.0131,1897.18,-1484.75,921,1036,57,0.889,96.0,90.91,500,58.59,147.88,107.05,51.71,127.9,191990.12,106.24,157399.19,2.67,6.63
2018-11-05,12044.39,12052.45,11626.11,11633.9,0,2952.15,16651.29,6966.61,21.24,1.27,6.38,8.1291,-0.0125,-2797.19,341.27,1567,391,80,4.008,96.0,86.69,500,58.59,147.88,107.05,51.71,127.9,180847.45,105.47,157786.71,2.72,6.63
2018-11-06,11628.43,11679.36,11548.02,11598.83,0,2308.79,16590.61,6954.64,16.97,-4.28,-20.13,8.1393,0.0102,-2102.09,867.69,981,1107,88,0.886,96.0,90.2,500,58.59,147.88,107.05,51.71,127.9,187556.78,105.9,157103.79,2.65,6.63
2018-11-07,11611.37,11735.61,11473.95,11598.04,0,3219.93,16603.92,6957.55,21.25,4.28,25.23,8.1415,0.0022,4268.17,-563.78,672,1263,54,0.532,96.0,86.9,500,58.59,147.88,107.05,51.71,127.9,189902.57,106.31,158302.68,2.68,6.63
2018-11-08,11602.97,11618.25,11345.86,11360.82,0,2377.66,16198.5,6777.96,19.48,-1.77,-8.31,8.1442,0.0027,-2811.47,1645.89,1565,370,121,4.23,96.0,89.22,500,58.59,147.88,107.05,51.71,127.9,199608.98,106.8,158580.32,2.74,6.63
2018-11-09,11351.87,11377.41,11286.37,11311.82,0,2243.87,16266.59,6832.59,16.53,-2.95,-15.16,8.1343,-0.0099,197.95,-126.53,821,1089,65,0.754,96.0,92.32,500,58.59,147.88,107.05,51.71,127.9,199735.28,106.94,157866.7,2.78,6.63
2018-11-12,11280.27,11350.17,11159.88,11229.46,0,3907.82,16065.48,6732.61,17.69,1.16,7.01,8.1336,-0.0007,2771.1,-358.22,1121,913,101,1.228,96.0,86.24,500,58.59,147.88,107.05,51.71,127.9,198011.02,106.33,161154.06,2.78,6.63
2018-11-13,11273.91,11300.47,11175.19,11201.58,0,5131.73,16102.37,6732.34,18.36,0.68,3.84,8.1371,0.0035,-2676.75,2556.29,900,1046,30,0.86,96.0,89.85,500,58.59,147.88,107.05,51.71,127.9,193703.32,106.62,160049.39,2.8,6.63
2018-11-14,11193.76,11366.31,11126.43,11298.34,0,4841.98,16254.93,6800.64,16.1,-2.27,-12.34,8.1453,0.0082,508.75,-1482.62,707,1254,97,0.564,96.0,92.4,500,58.59,147.88,107.05,51.71,127.9,199529.02,106.62,161011.03,2.82,6.63
2018-11-15,11267.57,11504.25,11183.59,11419.15,0,4387.21,16436.39,6904.38,17.17,1.07,6.66,8.1513,0.006,1563.56,-2875.92,731,1352,116,0.541,96.0,88.84,500,58.59,147.88,107.05,51.71,127.9,205533.92,106.85,158524.91,2.76,6.63
2018-11-16,11381.76,11471.25,11215.62,11304.51,0,2841.82,16364.04,6868.91,17.69,0.51,2.99,8.1515,0.0002,1741.48,757.44,755,1295,21,0.583,96.0,90.33,500,58.59,147.88,107.05,51.71,127.9,200261.67,106.21,156388.09,2.73,6.63
2018-11-19,11319.78,11347.68,11191.3,11218.95,0,4013.44,16193.86,6826.23,19.74,2.05,11.62,8.1505,-0.001,807.56,-2504.75,1220,871,116,1.401,96.0,90.75,500,58.59,147.88,107.05,51.71,127.9,196731.05,106.17,155808.47,2.74,6.63
2018-11-20,11270.05,11352.45,10973.34,11054.16,0,1389.51,16106.55,6787.87,21.16,1.42,7.17,8.1634,0.0129,-1611.85,-457.56,1141,910,31,1.254,96.0,89.49,500,58.59,147.88,107.05,51.71,127.9,197804.46,106.6,155333.44,2.78,6.63
2018-11-21,11052.51,11108.28,10827.5,10882.41,0,4094.87,15940.35,6744.25,17.82,-3.34,-15.78,8.1497,-0.0137,-359.03,2324.73,1165,919,128,1.268,96.0,92.93,500,58.59,147.88,107.05,51.71,127.9,192156.5,106.48,155121.13,2.8,6.63
2018-11-22,10857.57,10891.83,10670.17,10703.94,0,3558.08,15747.39,6657.85,17.86,0.04,0.22,8.1459,-0.0037,-1378.01,4558.49,1194,829,31,1.44,96.0,92.44,500,58.59,147.88,107.05,51.71,127.9,190851.05,106.69,153474.0,2.76,6.63
2018-11-23,10714.35,10829.22,10667.45,10782.03,0,2521.17,15907.93,6713.57,16.11,-1.74,-9.76,8.1417,-0.0042,-2230.84,661.81,569,1475,86,0.386,96.0,98.0,500,58.59,147.88,107.05,51.71,127.9,191808.07,106.48,154591.44,2.76,6.63
2018-11-26,10775.37,10916.17,10764.07,10904.73,0,3539.29,16129.98,6779.6,19.47,3.36,20.85,8.1596,0.0179,886.65,-1244.14,501,1444,96,0.347,96.0,89.55,500,58.59,147.88,107.05,51.71,127.9,182992.5,105.84,154270.09,2.75,6.63
2018-11-27,10896.83,10947.2,10702.01,10751.7,0,2428.29,15811.94,6696.99,23.91,4.44,22.8,8.1593,-0.0003,467.0,2103.65,1053,1012,65,1.041,96.0,90.41,500,58.59,147.88,107.05,51.71,127.9,179143.19,105.95,155527.43,2.71,6.63
2018-11-28,10779.17,10883.72,10576.19,10679.78,0,5326.51,15704.69,6675.18,19.53,-4.38,-18.31,8.1647,0.0054,901.99,-1739.68,898,1052,49,0.854,96.0,91.94,500,58.59,147.88,107.05,51.71,127.9,177558.64,105.43,158710.63,2.7,6.63
2018-11-29,10663.38,10704.08,10593.14,10633.72,0,3957.82,15622.17,6664.2,17.3,-2.24,-11.45,8.1559,-0.0088,-6130.75,361.01,884,1056,117,0.837,96.0,82.65,500,58.59,147.88,107.05,51.71,127.9,170985.1,105.6,156667.66,2.72,6.63
2018-11-30,10636.36,10766.65,10565.22,10695.11,0,2263.16,15745.09,6696.75,20.09,2.79,16.14,8.1588,0.0029,-4412.67,2039.95,630,1396,31,0.451,96.0,89.44,500,58.59,147.88,107.05,51.71,127.9,170040.48,105.91,155310.04,2.71,6.63
2018-12-03,10685.43,10710.7,10630.26,10655.46,0,2420.0,15785.53,6690.04,21.55,1.46,7.26,8.1472,-0.0116,8951.04,2787.65,812,1268,35,0.64,96.0,90.82,500,61.01,149.01,102.6,54.14,129.01,163284.86,106.04,155656.99,2.63,6.63
2018-12-04,10667.97,10960.86,10620.93,10912.74,0,4988.85,16074.81,6840.91,17.61,-3.94,-18.28,8.1407,-0.0065,-543.38,2753.38,406,1494,121,0.272,96.0,86.92,500,61.01,149.01,102.6,54.14,129.01,162488.3,106.0,156570.82,2.63,6.63
2018-12-05,10897.89,10967.67,10701.38,10770.35,0,2840.03,15822.08,6756.17,16.47,-1.14,-6.48,8.1434,0.0027,-4288.64,-3013.31,1222,826,59,1.479,96.0,90.57,500,61.01,149.01,102.6,54.14,129.01,163241.62,106.49,158969.04,2.62,6.63
2018-12-06,10776.76,10916.82,10738.38,10878.08,0,4905.99,15917.16,6811.75,17.07,0.61,3.69,8.1445,0.0011,-72.81,-2444.27,919,1011,20,0.909,96.0,85.71,500,61.01,149.01,102.6,54.14,129.01,167008.34,106.9,158300.76,2.62,6.63
2018-12-07,10901.74,11020.84,10857.58,10976.38,0,2323.0,15982.89,6891.22,19.81,2.74,16.05,8.1466,0.0022,3486.32,2619.04,606,1484,25,0.408,96.0,89.18,500,61.01,149.01,102.6,54.14,129.01,163663.17,106.79,156458.42,2.63,6.63
2018-12-10,10976.54,11043.06,10809.0,10874.9,0,2551.96,15834.54,6876.84,16.2,-3.62,-18.25,8.1395,-0.0072,3438.39,1677.5,959,1062,33,0.903,96.0,92.21,500,61.01,149.01,102.6,54.14,129.01,167169.63,106.78,158006.88,2.6,6.63
2018-12-11,10846.13,10879.5,10787.99,10821.29,0,2497.77,15749.44,6852.64,20.56,4.36,26.91,8.1488,0.0093,2150.16,-1853.78,1067,870,76,1.226,96.0,79.92,500,61.01,149.01,102.6,54.14,129.01,162551.18,106.19,159527.94,2.6,6.63
2018-12-12,10811.66,10936.6,10738.77,10863.37,0,2365.63,15756.39,6867.68,18.64,-1.91,-9.3,8.1493,0.0006,8341.91,213.41,869,1222,34,0.711,96.0,88.11,500,61.01,149.01,102.6,54.14,129.01,162891.85,105.99,159577.24,2.61,6.63
2018-12-13,10864.72,10899.29,10591.6,10625.41,0,3098.74,15453.76,6710.7,20.73,2.08,11.17,8.1445,-0.0049,937.19,3940.08,1228,770,87,1.595,96.0,92.93,500,61.01,149.01,102.6,54.14,129.01,169178.75,105.73,159385.88,2.51,6.63
2018-12-14,10607.49,10701.82,10384.13,10477.3,0,5060.74,15166.86,6634.76,19.0,-1.73,-8.35,8.1442,-0.0002,3114.57,1797.32,1512,558,97,2.71,96.0,94.76,500,61.01,149.01,102.6,54.14,129.01,172862.97,106.32,160448.54,2.51,6.63
2018-12-17,10485.91,10556.96,10375.1,10445.87,0,1687.89,15131.77,6589.35,17.5,-1.49,-7.87,8.1597,0.0155,5576.91,448.12,952,1067,95,0.892,96.0,90.36,500,61.01,149.01,102.6,54.14,129.01,172232.52,106.12,158606.49,2.5,6.63
2018-12-18,10443.95,10575.44,10361.75,10492.86,0,1631.96,15227.48,6632.65,19.28,1.77,10.14,8.1849,0.0252,894.95,434.25,945,1102,85,0.858,96.0,87.62,500,61.01,149.01,102.6,54.14,129.01,173304.73,105.79,161255.44,2.51,6.63
2018-12-19,10500.61,10762.61,10495.07,10756.94,0,3442.55,15554.58,6775.64,13.93,-5.34,-27.73,8.1741,-0.0108,-3808.65,1150.18,131,1838,99,0.071,96.0,83.04,500,61.01,149.01,102.6,54.14,129.01,174783.66,105.64,159619.29,2.47,6.63
2018-12-20,10746.13,10979.61,10660.54,10892.86,0,2544.1,15855.72,6890.72,15.36,1.43,10.24,8.1846,0.0105,-1703.28,879.02,467,1560,118,0.299,96.0,97.38,500,61.01,149.01,102.6,54.14,129.01,175415.26,105.48,154781.51,2.46,6.63
2018-12-21,10893.48,10996.69,10817.21,10920.23,0,4876.35,15924.36,6849.24,15.86,0.5,3.27,8.1659,-0.0186,480.85,-1890.38,663,1434,109,0.462,96.0,95.92,500,61.01,149.01,102.6,54.14,129.01,175700.98,106.0,153715.03,2.49,6.63
2018-12-24,10916.46,11012.98,10660.51,10755.61,0,1271.96,15613.16,6713.01,20.29,4.43,27.95,8.1552,-0.0107,-5723.57,120.73,1035,924,73,1.12,96.0,92.6,500,61.01,149.01,102.6,54.14,129.01,182092.83,105.55,155623.36,2.47,6.63
2018-12-25,10730.1,10845.98,10667.04,10782.62,0,1832.64,15605.55,6705.87,18.34,-1.95,-9.61,8.1616,0.0064,-3353.24,1741.78,827,1154,25,0.717,96.0,92.53,500,61.01,149.01,102.6,54.14,129.01,181328.41,105.86,154105.32,2.52,6.63
2018-12-26,10774.24,10885.41,10734.34,10845.25,0,2938.5,15758.3,6731.35,16.6,-1.75,-9.52,8.1748,0.0132,-1150.71,-1446.34,735,1245,76,0.59,96.0,88.98,500,61.01,149.01,102.6,54.14,129.01,179781.61,106.21,151555.35,2.5,6.63
2018-12-27,10850.08,11025.54,10764.19,10938.94,0,3310.27,15880.58,6761.97,17.45,0.85,5.14,8.1973,0.0225,8627.46,-51.0,471,1588,113,0.297,96.0,83.98,500,61.01,149.01,102.6,54.14,129.01,178533.3,106.43,151389.66,2.52,6.63
2018-12-28,10917.66,11042.74,10867.34,10992.07,0,5953.8,15924.63,6838.68,19.52,2.07,11.87,8.198,0.0006,-4180.51,-3551.12,636,1265,109,0.503,96.0,90.54,500,61.01,149.01,102.6,54.14,129.01,179163.58,106.33,149709.74,2.51,6.63
2018-12-31,10927.57,11116.97,10825.55,11014.14,0,3693.97,16040.28,6844.19,18.56,-0.96,-4.94,8.1826,-0.0153,10656.25,863.25,587,1387,54,0.423,96.0,87.95,500,61.01,149.01,102.6,54.14,129.01,174572.83,106.06,148534.55,2.51,6.63
2019-01-01,10987.51,11067.65,10619.0,10697.02,0,4185.77,15519.92,6601.27,20.82,2.26,12.2,8.1681,-0.0145,3892.92,1736.49,1520,469,60,3.241,96.0,85.3,500,60.8,149.41,110.75,51.18,129.4,179490.18,106.08,147932.23,2.53,5.7
2019-01-02,10730.75,10928.83,10669.75,10867.05,0,3199.39,15748.69,6682.67,18.21,-2.61,-12.54,8.1748,0.0067,-581.82,-74.68,398,1610,95,0.247,96.0,96.57,500,60.8,149.41,110.75,51.18,129.4,179050.77,106.5,148432.17,2.55,5.7
2019-01-03,10886.99,11036.47,10702.61,10851.61,0,2134.5,15583.9,6630.11,17.84,-0.38,-2.07,8.1539,-0.0209,3640.27,1714.76,1061,995,69,1.066,96.0,89.17,500,60.8,149.41,110.75,51.18,129.4,173262.26,106.79,147659.28,2.52,5.7
2019-01-04,10859.98,10902.82,10842.04,10884.84,0,2304.15,15664.8,6651.49,20.4,2.57,14.39,8.1576,0.0037,904.67,-1585.76,357,1684,51,0.212,96.0,87.5,500,60.8,149.41,110.75,51.18,129.4,177209.48,105.81,147147.46,2.52,5.7
2019-01-07,10880.98,10953.59,10720.33,10792.34,0,1920.71,15559.6,6581.19,20.05,-0.35,-1.71,8.1652,0.0076,-1634.97,321.38,962,1136,38,0.847,96.0,84.39,500,60.8,149.41,110.75,51.18,129.4,185552.7,105.9,146878.0,2.56,5.7
2019-01-08,10825.02,10974.26,10777.68,10926.47,0,3700.61,15759.85,6696.02,15.69,-4.36,-21.76,8.1492,-0.016,2844.15,-1767.48,437,1547,109,0.282,96.0,90.78,500,60.8,149.41,110.75,51.18,129.4,181579.53,105.6,144919.39,2.56,5.7
2019-01-09,10917.89,10955.74,10763.53,10800.97,0,4324.94,15570.4,6607.53,16.12,0.43,2.73,8.1616,0.0123,912.03,-902.43,1253,710,123,1.765,96.0,84.7,500,60.8,149.41,110.75,51.18,129.4,180253.37,105.83,144446.23,2.57,5.7
2019-01-10,10795.94,11083.97,10784.95,11072.69,0,2047.1,15888.0,6732.48,13.07,-3.05,-18.94,8.155,-0.0066,1411.36,353.56,427,1521,26,0.281,96.0,84.41,500,60.8,149.41,110.75,51.18,129.4,179752.66,105.26,143830.78,2.61,5.7
2019-01-11,11097.31,11187.11,11036.98,11126.63,0,3983.1,16066.01,6778.26,15.47,2.41,18.41,8.1555,0.0006,608.08,1224.24,558,1412,47,0.395,96.0,83.24,500,60.8,149.41,110.75,51.18,129.4,176836.81,105.66,141596.45,2.6,5.7
2019-01-14,11163.75,11237.8,11070.71,11144.63,0,2266.33,16154.31,6807.16,16.26,0.79,5.11,8.1391,-0.0164,-1591.74,2119.76,888,1178,129,0.754,96.0,92.31,500,60.8,149.41,110.75,51.18,129.4,178508.12,105.27,143628.91,2.63,5.7
2019-01-15,11142.3,11276.15,11058.91,11192.39,0,3182.8,16246.29,6842.86,17.94,1.68,10.33,8.125,-0.0142,-532.67,264.69,653,1340,116,0.487,96.0,93.53,500,60.8,149.41,110.75,51.18,129.4,176000.15,105.26,143954.87,2.6,5.7
2019-01-16,11198.5,11384.44,11168.56,11354.09,0,3349.74,16526.25,6934.45,13.32,-4.62,-25.75,8.139,0.0141,1780.2,-1246.38,538,1483,48,0.363,96.0,91.21,500,60.8,149.41,110.75,51.18,129.4,179823.0,105.47,147586.5,2.58,5.7
2019-01-17,11384.74,11629.31,11279.36,11522.66,0,4501.1,16839.08,6979.02,16.89,3.56,26.74,8.1165,-0.0225,1507.94,-204.95,576,1405,112,0.41,96.0,90.22,500,60.8,149.41,110.75,51.18,129.4,184180.73,105.46,147073.52,2.55,5.7
2019-01-18,11514.36,11650.7,11485.98,11622.05,0,2678.12,16985.23,7028.39,16.13,-0.76,-4.47,8.0982,-0.0184,-1673.08,-3663.27,619,1324,116,0.468,96.0,89.77,500,60.8,149.41,110.75,51.18,129.4,178911.44,104.95,149558.72,2.59,5.7
2019-01-21,11639.66,11716.72,11531.65,11608.5,0,2868.78,16898.13,7032.63,15.65,-0.48,-3.0,8.1148,0.0167,2407.02,296.77,781,1296,39,0.603,96.0,92.07,500,60.8,149.41,110.75,51.18,129.4,179903.69,104.98,150239.13,2.56,5.7
2019-01-22,11593.52,11707.81,11277.09,11389.37,0,2694.52,16535.84,6906.31,18.81,3.16,20.22,8.1198,0.0049,3520.41,438.94,1663,266,126,6.252,96.0,91.12,500,60.8,149.41,110.75,51.18,129.4,187756.57,105.09,149095.34,2.57,5.7
2019-01-23,11397.35,11437.27,11212.14,11251.54,0,5356.09,16411.54,6871.15,17.2,-1.61,-8.57,8.1017,-0.0181,356.75,1444.15,1016,1081,82,0.94,96.0,89.42,500,60.8,149.41,110.75,51.18,129.4,190253.9,105.51,151065.65,2.55,5.7
2019-01-24,11268.18,11461.71,11111.07,11304.1,0,3406.84,16427.74,6861.53,16.52,-0.68,-3.95,8.1106,0.0089,-4462.86,689.98,1007,899,38,1.12,96.0,89.54,500,60.8,149.41,110.75,51.18,129.4,187645.35,105.23,151404.9,2.55,5.7
2019-01-25,11318.56,11549.11,11225.56,11454.99,0,2866.91,16682.47,6962.47,17.51,0.99,5.97,8.1121,0.0015,-1246.31,426.93,605,1416,96,0.427,96.0,84.64,500,60.8,149.41,110.75,51.18,129.4,188310.59,105.2,152845.1,2.56,5.7
2019-01-28,11425.02,11640.54,11305.32,11519.85,0,3228.69,16782.25,6968.42,18.48,0.98,5.58,8.1045,-0.0076,1881.62,2259.81,789,1204,32,0.655,96.0,87.34,500,60.8,149.41,110.75,51.18,129.4,188938.9,105.31,151490.62,2.57,5.7
2019-01-29,11511.51,11772.39,11392.6,11652.03,0,2362.53,16994.19,7061.41,17.25,-1.23,-6.67,8.0955,-0.009,1726.45,306.88,580,1459,46,0.398,96.0,90.56,500,60.8,149.41,110.75,51.18,129.4,191119.75,105.09,151795.08,2.59,5.7
2019-01-30,11648.22,11702.93,11375.58,11429.26,0,2764.48,16665.09,6911.3,16.08,-1.17,-6.79,8.0853,-0.0102,1198.73,-4665.16,1320,616,91,2.143,96.0,86.06,500,60.8,149.41,110.75,51.18,129.4,189603.75,105.28,149163.12,2.61,5.7
2019-01-31,11404.45,11696.55,11323.25,11613.85,0,2504.58,16855.01,6960.4,11.72,-4.36,-27.13,8.1081,0.0228,-816.67,1857.64,559,1451,53,0.385,96.0,91.81,500,60.8,149.41,110.75,51.18,129.4,185860.76,105.62,149635.42,2.66,5.7
2019-02-01,11638.84,11740.31,11378.15,11478.23,0,2558.84,16717.16,6894.26,17.44,5.72,48.81,8.1007,-0.0074,-1500.54,517.26,1006,1088,79,0.925,96.0,89.97,500,61.27,150.28,118.83,54.17,129.44,187916.05,104.95,146110.04,2.65,5.7
2019-02-04,11399.87,11544.13,11342.43,11486.25,0,1677.33,16824.56,6925.63,20.74,3.31,18.96,8.0725,-0.0282,-3350.73,-2076.55,550,1430,114,0.385,96.0,88.11,500,61.27,150.28,118.83,54.17,129.44,190178.34,105.09,146797.01,2.7,5.7
2019-02-05,11440.36,11669.31,11356.25,11584.15,0,5973.89,16918.44,7017.72,14.57,-6.17,-29.76,8.0526,-0.02,-3846.89,-1453.94,553,1529,80,0.362,96.0,84.05,500,61.27,150.28,118.83,54.17,129.44,187643.88,105.16,150876.51,2.72,5.7
2019-02-06,11563.63,11687.85,11498.47,11622.36,0,4526.98,16860.41,7023.42,17.5,2.93,20.12,8.0414,-0.0112,1226.08,1260.62,772,1270,69,0.608,96.0,87.09,500,61.27,150.28,118.83,54.17,129.44,189349.51,104.74,152915.65,2.66,5.7
2019-02-07,11582.01,11930.31,11509.36,11855.94,0,5610.84,17177.31,7174.81,18.18,0.68,3.88,8.0518,0.0104,78.6,-1153.87,321,1748,27,0.184,96.0,84.95,500,61.27,150.28,118.83,54.17,129.44,187079.1,105.47,151629.48,2.68,5.7
2019-02-08,11913.72,11994.25,11636.62,11715.8,0,3378.4,16879.4,7119.7,19.19,1.01,5.54,8.0574,0.0056,-5100.8,2013.95,1263,669,114,1.888,96.0,90.14,500,61.27,150.28,118.83,54.17,129.44,179330.42,106.02,148811.71,2.72,5.7
2019-02-11,11741.57,11770.75,11511.65,11540.33,0,2728.69,16632.42,6984.11,24.71,5.53,28.8,8.047,-0.0105,2934.81,2374.18,1321,595,103,2.22,96.0,86.85,500,61.27,150.28,118.83,54.17,129.44,177069.69,106.07,149916.67,2.7,5.7
2019-02-12,11569.17,11690.5,11344.74,11464.98,0,1555.56,16598.03,6945.82,18.58,-6.14,-24.83,8.0363,-0.0107,5255.28,5394.42,869,1203,98,0.722,96.0,86.55,500,61.27,150.28,118.83,54.17,129.44,177934.2,106.39,149763.82,2.63,5.7
2019-02-13,11466.19,11547.32,11148.05,11227.48,0,3714.2,16282.22,6794.08,20.78,2.21,11.88,8.0384,0.0021,-2825.94,2625.54,1406,522,85,2.693,96.0,92.31,500,61.27,150.28,118.83,54.17,129.44,171425.58,106.89,146569.43,2.62,5.7
2019-02-14,11230.79,11266.31,11062.46,11097.56,0,6940.47,16073.3,6719.25,16.87,-3.92,-18.85,8.018,-0.0204,4059.0,2289.64,1224,874,119,1.4,96.0,93.85,500,61.27,150.28,118.83,54.17,129.44,170108.21,106.97,146659.14,2.58,5.7
2019-02-15,11072.95,11127.5,10780.06,10833.44,0,2915.39,15800.6,6581.14,16.35,-0.52,-3.06,8.0264,0.0084,1710.05,3032.27,1373,672,48,2.043,96.0,90.05,500,61.27,150.28,118.83,54.17,129.44,164473.05,106.89,145778.58,2.59,5.7
2019-02-18,10828.52,10976.93,10741.75,10889.67,0,2035.66,15829.4,6606.43,15.72,-0.63,-3.86,8.0196,-0.0069,-2548.04,883.44,736,1329,88,0.554,96.0,85.66,500,61.27,150.28,118.83,54.17,129.44,160421.49,106.64,145703.81,2.64,5.7
2019-02-19,10899.29,11142.38,10827.7,11069.67,0,4608.62,16076.33,6719.17,15.89,0.17,1.09,8.0201,0.0005,-5065.3,-5361.07,686,1248,103,0.55,96.0,88.14,500,61.27,150.28,118.83,54.17,129.44,157045.41,106.9,143545.24,2.68,5.7
2019-02-20,11086.7,11117.65,10959.61,10990.29,0,3293.19,15928.68,6678.14,16.84,0.95,5.99,8.0315,0.0114,1985.94,1423.4,941,1105,110,0.852,96.0,87.76,500,61.27,150.28,118.83,54.17,129.44,159564.28,106.75,143706.12,2.69,5.7
2019-02-21,10968.51,11086.29,10869.06,10986.69,0,3460.77,15913.23,6699.12,15.25,-1.59,-9.43,8.0377,0.0062,-3430.62,-222.66,747,1304,29,0.573,96.0,91.23,500,61.27,150.28,118.83,54.17,129.44,160836.14,106.5,144458.38,2.72,5.7
2019-02-22,10996.64,11141.85,10937.47,11082.22,0,2105.51,15863.27,6746.79,21.21,5.96,39.09,8.0588,0.0211,5876.46,1951.32,481,1526,58,0.315,96.0,86.96,500,61.27,150.28,118.83,54.17,129.44,157614.62,106.56,143794.77,2.77,5.7
2019-02-25,11058.89,11167.7,11041.5,11150.17,0,2266.84,16017.53,6794.49,16.96,-4.26,-20.06,8.0678,0.0089,-1273.72,-2910.35,359,1580,86,0.227,96.0,92.87,500,61.27,150.28,118.83,54.17,129.44,162964.07,106.17,142093.9,2.82,5.7
2019-02-26,11193.49,11381.95,11154.53,11342.47,0,3345.03,16269.32,6911.51,18.85,1.89,11.16,8.056,-0.0118,124.96,-1201.45,244,1756,93,0.139,96.0,85.9,500,61.27,150.28,118.83,54.17,129.44,160563.07,106.25,143222.06,2.81,5.7
2019-02-27,11378.82,11450.25,11374.22,11445.63,0,3155.92,16452.0,6988.45,18.9,0.05,0.25,8.067,0.011,1314.93,4984.46,562,1529,95,0.368,96.0,91.06,500,61.27,150.28,118.83,54.17,129.44,165499.11,105.58,143584.55,2.82,5.7
2019-02-28,11475.75,11512.12,11389.75,11425.97,0,945.78,16427.42,6954.75,20.72,1.83,9.68,8.0635,-0.0036,786.19,-260.52,860,1045,45,0.823,96.0,90.08,500,61.27,150.28,118.83,54.17,129.44,164686.87,105.33,144945.82,2.81,5.7
2019-03-01,11445.3,11616.71,11386.38,11557.21,0,2089.7,16737.73,7058.54,15.73,-4.99,-24.09,8.0512,-0.0123,-603.34,-27.23,435,1559,23,0.279,96.0,84.36,500,61.59,150.99,109.74,52.54,129.24,160454.13,104.82,142996.1,2.83,5.7
2019-03-04,11575.99,11675.79,11503.33,11602.97,0,3008.52,16777.04,7088.81,16.61,0.88,5.57,8.063,0.0118,-3848.4,-460.95,643,1271,82,0.506,96.0,85.93,500,61.59,150.99,109.74,52.54,129.24,162489.53,104.65,142347.33,2.83,5.7
2019-03-05,11591.86,11770.94,11550.15,11728.74,0,3862.48,16884.12,7157.38,17.83,1.22,7.37,8.0702,0.0072,-179.06,4802.57,575,1397,121,0.412,96.0,89.28,500,61.59,150.99,109.74,52.54,129.24,164204.51,104.7,140086.47,2.88,5.7
2019-03-06,11692.55,11849.08,11599.98,11756.01,0,2472.22,16922.12,7211.23,18.08,0.25,1.39,8.0679,-0.0023,1046.42,1854.73,703,1291,85,0.545,96.0,84.35,500,61.59,150.99,109.74,52.54,129.24,168105.53,104.7,139844.56,2.89,5.7
2019-03-07,11752.8,12020.2,11679.02,11945.22,0,2167.7,17165.22,7341.09,16.33,-1.75,-9.7,8.0649,-0.003,1278.29,-208.03,364,1633,72,0.223,96.0,87.64,500,61.59,150.99,109.74,52.54,129.24,170356.95,105.14,141844.85,2.92,5.7
2019-03-08,11940.62,12153.59,11845.44,12057.48,0,2128.46,17310.27,7388.39,17.27,0.95,5.8,8.0669,0.002,-3144.91,583.4,557,1400,114,0.398,96.0,95.67,500,61.59,150.99,109.74,52.54,129.24,171876.16,105.6,140886.69,2.89,5.7
2019-03-11,12051.31,12378.07,11964.58,12289.62,0,3336.28,17673.42,7524.59,13.16,-4.11,-23.8,8.0788,0.0119,3851.46,92.85,231,1840,62,0.126,96.0,86.72,500,61.59,150.99,109.74,52.54,129.24,171580.01,105.98,138667.51,2.92,5.7
2019-03-12,12338.33,12417.91,12140.9,12219.71,0,1815.45,17507.19,7481.84,25.5,12.33,93.7,8.0896,0.0109,-2976.04,1562.19,1306,706,69,1.85,96.0,87.95,500,61.59,150.99,109.74,52.54,129.24,173347.62,105.27,140261.63,2.91,5.7
2019-03-13,12220.9,12454.95,12155.77,12388.92,0,2606.2,17687.36,7558.75,16.16,-9.34,-36.62,8.0902,0.0005,400.12,371.05,439,1580,129,0.278,96.0,89.88,500,61.59,150.99,109.74,52.54,129.24,171405.15,105.47,141976.59,2.88,5.7
2019-03-14,12371.76,12503.94,12185.32,12316.9,0,2751.08,17549.53,7497.5,17.4,1.24,7.67,8.0962,0.006,-887.35,1346.79,1017,1072,119,0.949,96.0,88.48,500,61.59,150.99,109.74,52.54,129.24,165955.2,105.26,141666.22,2.88,5.7
2019-03-15,12332.79,12503.05,12256.3,12425.99,0,1829.1,17725.07,7569.87,17.27,-0.13,-0.76,8.0961,-0.0001,2579.73,-449.74,611,1303,74,0.469,96.0,86.69,500,61.59,150.99,109.74,52.54,129.24,167856.82,105.56,141591.26,2.86,5.7
2019-03-18,12417.23,12496.46,12314.62,12393.7,0,3296.43,17625.7,7514.23,19.15,1.88,10.91,8.094,-0.0021,-171.64,164.5,871,1146,61,0.76,96.0,91.09,500,61.59,150.99,109.74,52.54,129.24,165711.96,106.0,140885.21,2.82,5.7
2019-03-19,12374.13,12644.66,12235.01,12504.09,0,2870.61,17764.94,7608.94,15.53,-3.62,-18.9,8.1109,0.0169,3961.73,-63.02,526,1486,126,0.354,96.0,84.0,500,61.59,150.99,109.74,52.54,129.24,167744.07,106.3,142488.68,2.8,5.7
2019-03-20,12467.79,12614.91,12180.29,12325.73,0,1766.86,17539.77,7479.45,19.7,4.17,26.86,8.1109,0.0,5191.84,1084.38,1262,734,111,1.719,96.0,88.74,500,61.59,150.99,109.74,52.54,129.24,175997.77,106.18,145115.41,2.87,5.7
2019-03-21,12309.28,12454.06,12270.87,12415.32,0,3013.95,17609.91,7509.14,18.72,-0.98,-5.0,8.0957,-0.0152,4420.28,-1790.46,798,1253,92,0.637,96.0,85.8,500,61.59,150.99,109.74,52.54,129.24,184883.11,106.72,147153.0,2.89,5.7
2019-03-22,12414.66,12716.13,12328.14,12628.12,0,3550.5,17804.8,7614.83,17.26,-1.46,-7.78,8.0701,-0.0256,1942.0,598.18,517,1466,105,0.353,96.0,91.09,500,61.59,150.99,109.74,52.54,129.24,180716.85,106.65,149680.8,2.88,5.7
2019-03-25,12587.76,12611.94,12390.16,12414.01,0,1624.75,17519.48,7507.6,18.38,1.12,6.48,8.0778,0.0076,-8193.28,2066.67,1355,634,117,2.137,96.0,87.84,500,61.59,150.99,109.74,52.54,129.24,189988.89,106.85,152546.16,2.94,5.7
2019-03-26,12395.77,12483.46,12323.26,12410.86,0,2524.06,17513.55,7525.99,19.35,0.97,5.3,8.0847,0.007,-2043.22,381.25,699,1372,87,0.509,96.0,93.56,500,61.59,150.99,109.74,52.54,129.24,197041.11,107.43,151527.91,2.94,5.7
2019-03-27,12429.22,12628.45,12328.26,12526.71,0,2144.87,17753.13,7626.41,21.02,1.67,8.62,8.0826,-0.0021,1095.29,1529.04,703,1372,92,0.512,96.0,88.47,500,61.59,150.99,109.74,52.54,129.24,202701.77,107.78,152919.98,2.93,5.7
2019-03-28,12516.93,12585.21,12195.29,12262.18,0,1806.56,17441.59,7486.9,20.48,-0.54,-2.58,8.0979,0.0152,-474.39,-2175.91,1248,675,72,1.849,96.0,91.61,500,61.59,150.99,109.74,52.54,129.24,209879.76,107.53,151193.49,2.93,5.7
2019-03-29,12238.23,12284.48,12070.79,12116.58,0,4082.92,17172.54,7382.55,21.16,0.68,3.34,8.102,0.0041,1668.91,5658.34,1091,995,78,1.096,96.0,86.11,500,61.59,150.99,109.74,52.54,129.24,205075.12,107.81,153777.28,2.94,5.7
2019-04-01,12116.24,12238.07,12076.8,12198.36,0,2985.9,17224.73,7440.82,18.71,-2.45,-11.57,8.0842,-0.0178,179.8,-220.75,746,1260,66,0.592,96.0,94.23,500,59.84,151.43,116.27,48.38,129.32,208850.1,107.78,154844.11,2.92,5.98
2019-04-02,12204.81,12577.64,12132.15,12503.2,0,6553.02,17669.6,7611.19,18.68,-0.04,-0.19,8.0887,0.0045,-732.51,2826.22,105,1800,79,0.058,96.0,89.59,500,59.84,151.43,116.27,48.38,129.32,210299.16,107.54,155869.86,2.93,5.98
2019-04-03,12494.08,12606.21,12417.56,12529.47,0,1985.33,17755.96,7682.81,18.16,-0.52,-2.78,8.0878,-0.0009,-2335.26,-2164.36,858,1084,109,0.792,96.0,93.49,500,59.84,151.43,116.27,48.38,129.32,212477.01,107.24,156292.13,2.96,5.98
2019-04-04,12508.92,12694.08,12443.26,12627.79,0,1745.95,17883.54,7719.63,16.69,-1.46,-8.06,8.0804,-0.0074,5453.53,564.33,655,1316,103,0.498,96.0,89.6,500,59.84,151.43,116.27,48.38,129.32,215400.16,107.38,157873.09,2.93,5.98
2019-04-05,12618.45,12913.32,12602.31,12896.83,0,1688.69,18267.35,7889.16,17.74,1.05,6.26,8.1056,0.0252,-29.01,1383.67,495,1590,95,0.311,96.0,92.13,500,59.84,151.43,116.27,48.38,129.32,209818.86,107.0,158449.07,2.98,5.98
2019-04-08,12885.98,12919.33,12809.36,12842.6,0,3720.15,18153.03,7867.44,19.42,1.68,9.46,8.1026,-0.003,-2819.35,707.24,1125,955,94,1.178,96.0,89.09,500,59.84,151.43,116.27,48.38,129.32,211206.0,106.97,154831.87,3.03,5.98
2019-04-09,12851.7,12941.19,12636.92,12725.53,0,7998.3,17938.4,7789.79,18.77,-0.65,-3.36,8.092,-0.0107,-5788.54,-212.0,1526,386,55,3.953,96.0,77.45,500,59.84,151.43,116.27,48.38,129.32,212159.41,107.82,157338.06,3.09,5.98
2019-04-10,12731.37,12807.37,12590.55,12666.16,0,4310.56,17788.54,7744.01,17.47,-1.3,-6.92,8.0873,-0.0047,7857.49,-414.8,1169,877,117,1.333,96.0,81.6,500,59.84,151.43,116.27,48.38,129.32,211379.23,107.95,160432.26,3.12,5.98
2019-04-11,12627.59,12705.38,12417.43,12494.41,0,5590.95,17547.39,7638.87,19.75,2.29,13.09,8.0871,-0.0002,-1757.06,231.49,975,1108,118,0.88,96.0,86.83,500,59.84,151.43,116.27,48.38,129.32,204851.1,107.2,160089.45,3.17,5.98
2019-04-12,12537.5,12551.81,12477.03,12491.29,0,1603.18,17535.05,7633.48,20.63,0.87,4.42,8.0816,-0.0055,-2991.51,-401.96,854,1104,113,0.774,96.0,90.26,500,59.84,151.43,116.27,48.38,129.32,205793.81,106.9,158417.35,3.19,5.98
2019-04-15,12503.18,12544.12,12241.67,12281.88,0,3240.38,17212.66,7475.73,18.44,-2.19,-10.61,8.0779,-0.0038,3364.56,6268.22,1411,616,61,2.291,96.0,92.65,500,59.84,151.43,116.27,48.38,129.32,203003.31,107.06,157594.79,3.25,5.98
2019-04-16,12251.67,12480.36,12168.7,12396.4,0,3027.96,17369.59,7520.03,18.35,-0.09,-0.47,8.073,-0.0049,-192.94,718.14,585,1336,20,0.438,96.0,92.65,500,59.84,151.43,116.27,48.38,129.32,201863.07,107.02,156916.69,3.28,5.98
2019-04-17,12364.75,12528.31,12288.98,12452.02,0,4690.36,17470.6,7569.31,19.76,1.4,7.65,8.0625,-0.0104,-1327.61,-483.77,639,1402,75,0.456,96.0,86.82,500,59.84,151.43,116.27,48.38,129.32,200546.63,107.73,159278.58,3.3,5.98
2019-04-18,12478.26,12612.9,12240.9,12374.41,0,2406.74,17329.55,7585.13,15.82,-3.94,-19.94,8.0665,0.0039,-909.35,1609.84,714,1266,41,0.564,96.0,90.53,500,59.84,151.43,116.27,48.38,129.32,197167.15,107.69,158840.12,3.3,5.98
2019-04-19,12402.83,12515.45,12378.39,12490.83,0,3450.87,17544.55,7692.13,17.61,1.79,11.34,8.0567,-0.0098,-2577.26,-7016.75,401,1625,91,0.247,96.0,92.55,500,59.84,151.43,116.27,48.38,129.32,198191.64,107.28,157370.71,3.3,5.98
2019-04-22,12495.52,12599.66,12228.45,12331.22,0,4703.81,17392.57,7594.09,18.23,0.62,3.53,8.0736,0.017,-2268.76,1798.0,995,925,72,1.076,96.0,92.38,500,59.84,151.43,116.27,48.38,129.32,200426.19,107.34,158055.53,3.28,5.98
2019-04-23,12342.66,12605.55,12240.87,12502.43,0,3301.86,17626.79,7704.76,18.62,0.39,2.12,8.074,0.0003,395.61,58.97,340,1655,112,0.205,96.0,90.11,500,59.84,151.43,116.27,48.38,129.32,200464.67,107.51,160776.2,3.31,5.98
2019-04-24,12506.3,12710.96,12501.19,12705.77,0,4271.18,17838.83,7816.69,15.67,-2.94,-15.81,8.0599,-0.0141,-1547.06,1859.61,532,1435,51,0.371,96.0,94.46,500,59.84,151.43,116.27,48.38,129.32,204961.91,106.64,158249.18,3.26,5.98
2019-04-25,12722.42,13004.78,12657.92,12939.19,0,6285.89,18279.37,7966.64,13.7,-1.98,-12.61,8.0736,0.0137,7167.39,910.73,348,1664,34,0.209,96.0,98.0,500,59.84,151.43,116.27,48.38,129.32,203736.99,106.13,160318.7,3.27,5.98
2019-04-26,12951.87,13036.8,12605.37,12688.57,0,3673.39,17918.92,7814.48,22.86,9.16,66.87,8.0573,-0.0163,-2979.71,3428.62,1196,855,38,1.399,96.0,84.09,500,59.84,151.43,116.27,48.38,129.32,205651.28,105.88,161570.9,3.23,5.98
2019-04-29,12707.14,12787.99,12514.06,12594.19,0,5236.06,17980.04,7786.75,18.68,-4.18,-18.29,8.0403,-0.017,-2240.39,640.62,801,1207,69,0.664,96.0,86.34,500,59.84,151.43,116.27,48.38,129.32,213659.74,105.42,162528.63,3.22,5.98
2019-04-30,12573.76,12774.54,12443.91,12643.98,0,4282.36,17994.37,7789.62,17.71,-0.96,-5.17,8.0483,0.008,-660.72,-1836.24,812,1222,50,0.664,96.0,90.45,500,59.84,151.43,116.27,48.38,129.32,217632.56,105.67,159764.71,3.19,5.98
2019-05-01,12680.05,12744.08,12383.71,12446.56,0,2234.98,17652.6,7660.05,24.27,6.56,37.03,8.0598,0.0116,-5883.62,3505.42,1461,518,24,2.82,96.0,84.91,500,60.96,152.26,119.96,51.21,129.74,218678.31,105.42,161990.45,3.15,5.98
2019-05-02,12431.23,12497.44,12197.04,12262.36,0,3182.44,17348.37,7556.31,22.96,-1.31,-5.41,8.0488,-0.0111,3872.17,-5747.59,1327,741,103,1.791,96.0,83.78,500,60.96,152.26,119.96,51.21,129.74,215635.26,104.91,162198.86,3.14,5.98
2019-05-03,12307.77,12360.08,11948.54,11999.54,0,2724.26,17014.52,7433.24,20.53,-2.42,-10.56,8.0466,-0.0022,379.66,-178.13,1393,581,42,2.398,96.0,88.03,500,60.96,152.26,119.96,51.21,129.74,204347.71,105.21,166198.11,3.17,5.98
2019-05-06,11961.63,12335.66,11832.99,12204.41,0,2155.31,17345.29,7501.66,14.19,-6.34,-30.89,8.0544,0.0078,-52.85,-155.3,468,1590,32,0.294,96.0,88.12,500,60.96,152.26,119.96,51.21,129.74,201657.38,104.76,166369.27,3.16,5.98
2019-05-07,12188.23,12407.41,12060.28,12278.52,0,3556.61,17484.49,7547.13,20.44,6.25,44.02,8.0546,0.0003,-4137.82,181.38,807,1240,46,0.651,96.0,85.97,500,60.96,152.26,119.96,51.21,129.74,195481.99,104.65,167977.64,3.2,5.98
2019-05-08,12280.01,12340.53,12184.55,12244.9,0,4518.7,17476.05,7553.33,19.03,-1.41,-6.89,8.0613,0.0067,275.16,2701.72,1074,1008,23,1.065,96.0,97.31,500,60.96,152.26,119.96,51.21,129.74,197020.5,104.99,168728.8,3.23,5.98
2019-05-09,12243.64,12527.35,12094.17,12376.25,0,1950.44,17645.42,7603.41,13.71,-5.32,-27.97,8.0813,0.02,6959.95,2010.27,770,1192,33,0.646,96.0,88.22,500,60.96,152.26,119.96,51.21,129.74,200406.34,105.11,167571.57,3.19,5.98
2019-05-10,12368.3,12494.19,12359.91,12485.72,0,1777.25,17859.71,7691.17,16.05,2.34,17.08,8.0795,-0.0018,-2330.3,420.87,564,1407,123,0.401,96.0,90.61,500,60.96,152.26,119.96,51.21,129.74,203516.8,105.83,165143.1,3.25,5.98
2019-05-13,12527.68,12725.77,12454.51,12651.88,0,3240.52,18114.8,7772.82,18.13,2.08,12.98,8.0983,0.0188,-5400.59,1320.9,412,1651,113,0.25,96.0,90.94,500,60.96,152.26,119.96,51.21,129.74,196192.43,106.39,164775.35,3.22,5.98
2019-05-14,12666.94,13057.55,12543.65,12931.68,0,3353.42,18505.47,7952.04,19.2,1.07,5.91,8.1013,0.0031,-1282.51,2029.32,205,1806,57,0.114,96.0,86.47,500,60.96,152.26,119.96,51.21,129.74,203412.65,106.27,168067.86,3.13,5.98
2019-05-15,12900.69,13007.11,12853.72,12959.92,0,1969.54,18642.42,7990.38,19.03,-0.17,-0.89,8.1014,0.0,-1217.74,-1257.83,988,1102,45,0.897,96.0,84.09,500,60.96,152.26,119.96,51.21,129.74,199749.43,105.33,170685.18,3.1,5.98
2019-05-16,12965.61,13043.18,12744.26,12820.96,0,2765.11,18331.37,7870.22,16.81,-2.23,-11.69,8.093,-0.0083,2544.85,-162.03,1262,804,40,1.57,96.0,97.29,500,60.96,152.26,119.96,51.21,129.74,197865.35,105.26,169828.3,3.17,5.98
2019-05-17,12776.0,13111.25,12754.07,13088.78,0,2270.02,18588.24,7991.26,15.94,-0.87,-5.17,8.0834,-0.0096,3027.98,-2797.76,478,1500,113,0.319,96.0,89.31,500,60.96,152.26,119.96,51.21,129.74,196408.21,104.97,167487.31,3.12,5.98
2019-05-20,13063.93,13199.76,12855.46,12990.53,0,2397.49,18416.01,7858.75,19.19,3.25,20.39,8.0808,-0.0026,1676.25,-2077.61,810,1166,87,0.695,96.0,95.85,500,60.96,152.26,119.96,51.21,129.74,197333.28,104.48,166767.77,3.13,5.98
2019-05-21,13001.0,13414.84,12880.03,13291.17,0,4368.82,18802.18,8000.87,14.99,-4.2,-21.87,8.0886,0.0077,805.15,-696.45,43,1957,80,0.022,96.0,95.1,500,60.96,152.26,119.96,51.21,129.74,199748.84,104.11,168435.79,3.1,5.98
2019-05-22,13314.41,13403.49,13197.51,13286.4,0,2000.06,18799.19,7990.9,20.3,5.31,35.46,8.0914,0.0029,1066.74,-6310.33,839,1095,83,0.766,96.0,91.17,500,60.96,152.26,119.96,51.21,129.74,201485.01,104.05,168747.02,3.12,5.98
2019-05-23,13304.82,13405.56,13218.41,13319.06,0,2584.28,18763.49,7954.84,18.71,-1.59,-7.84,8.0881,-0.0034,-1692.67,146.77,1101,833,71,1.322,96.0,87.7,500,60.96,152.26,119.96,51.21,129.74,205989.91,103.86,168640.55,3.18,5.98
2019-05-24,13377.94,13613.23,13366.09,13601.19,0,2236.26,19231.78,8168.08,14.13,-4.58,-24.48,8.083,-0.0051,431.72,-1089.93,204,1776,90,0.115,96.0,84.01,500,60.96,152.26,119.96,51.21,129.74,210866.52,104.13,165175.73,3.19,5.98
2019-05-27,13607.41,13700.15,13508.25,13600.94,0,2146.46,19052.73,8118.86,17.77,3.64,25.73,8.094,0.011,789.58,1570.4,1035,907,87,1.141,96.0,86.03,500,60.96,152.26,119.96,51.21,129.74,211070.67,103.8,168015.52,3.16,5.98
2019-05-28,13613.14,13717.03,13581.01,13684.72,0,3093.51,19166.83,8164.49,17.49,-0.28,-1.58,8.0982,0.0042,-72.14,623.95,650,1422,121,0.457,96.0,80.82,500,60.96,152.26,119.96,51.21,129.74,214759.6,103.69,165799.84,3.16,5.98
2019-05-29,13692.58,13869.71,13649.12,13825.83,0,3143.25,19473.09,8252.32,17.87,0.38,2.16,8.0815,-0.0166,-4510.07,593.24,885,1155,85,0.766,96.0,82.12,500,60.96,152.26,119.96,51.21,129.74,210418.57,103.17,165781.3,3.11,5.98
2019-05-30,13809.33,13911.71,13644.34,13746.26,0,1532.32,19408.24,8214.71,16.7,-1.16,-6.52,8.0718,-0.0097,-5080.86,2576.78,971,1103,101,0.88,96.0,95.97,500,60.96,152.26,119.96,51.21,129.74,217724.63,102.85,168008.77,3.1,5.98
2019-05-31,13756.16,13862.0,13429.85,13533.98,0,4072.7,19199.69,8070.51,17.72,1.02,6.08,8.0634,-0.0084,2460.09,203.89,1221,701,112,1.742,96.0,93.08,500,60.96,152.26,119.96,51.21,129.74,223159.09,102.59,171981.53,3.06,5.98
2019-06-03,13562.57,13623.85,13317.08,13377.52,0,5371.59,19000.99,8000.21,21.21,3.49,19.7,8.0843,0.0209,-1793.82,898.0,1284,671,93,1.914,96.0,90.77,500,60.13,153.1,113.4,50.99,129.87,220204.93,102.92,176464.59,3.05,5.98
2019-06-04,13403.25,13502.69,13045.6,13143.12,0,1461.8,18625.16,7821.18,18.64,-2.56,-12.09,8.1026,0.0183,575.24,4638.93,1341,746,32,1.798,96.0,92.93,500,60.13,153.1,113.4,50.99,129.87,219704.65,102.95,175071.5,3.1,5.98
2019-06-05,13165.72,13257.07,12882.06,12972.07,0,4469.87,18408.57,7770.52,23.12,4.47,24.0,8.0982,-0.0044,-1255.98,1075.1,1082,919,91,1.177,96.0,94.66,500,60.13,153.1,113.4,50.99,129.87,216571.13,102.89,176141.03,3.1,5.98
2019-06-06,12980.65,13033.74,12912.55,12965.58,0,2129.17,18453.09,7772.12,14.53,-8.59,-37.16,8.0882,-0.01,-2634.55,277.47,910,1010,23,0.901,96.0,81.79,500,60.13,153.1,113.4,50.99,129.87,214870.96,102.71,178077.28,3.05,5.98
2019-06-07,12984.85,13180.13,12870.66,13065.22,0,2405.2,18543.41,7813.31,15.93,1.4,9.63,8.1042,0.016,3264.68,1510.92,838,1190,45,0.704,96.0,89.15,500,60.13,153.1,113.4,50.99,129.87,215143.9,102.48,182568.82,3.03,5.98
2019-06-10,13131.3,13168.84,13101.85,13139.36,0,1481.1,18678.33,7875.75,14.77,-1.16,-7.28,8.1099,0.0057,-4578.86,989.74,708,1288,81,0.55,96.0,87.03,500,60.13,153.1,113.4,50.99,129.87,207034.08,102.16,180818.32,3.04,5.98
2019-06-11,13176.01,13579.17,13053.45,13454.03,0,4112.29,19139.51,8046.13,14.87,0.11,0.73,8.128,0.0181,-4204.38,916.86,219,1821,84,0.12,96.0,86.45,500,60.13,153.1,113.4,50.99,129.87,214770.49,102.12,179680.73,3.05,5.98
2019-06-12,13474.12,13527.13,13078.58,13130.24,0,3356.11,18629.68,7892.83,21.71,6.84,46.0,8.1475,0.0195,-1136.23,4383.23,1501,431,96,3.483,96.0,91.89,500,60.13,153.1,113.4,50.99,129.87,214870.57,102.52,179889.64,3.01,5.98
2019-06-13,13166.0,13217.27,13165.05,13216.32,0,3085.0,18642.71,7970.87,17.9,-3.82,-17.57,8.1595,0.012,-656.84,1374.78,673,1247,88,0.54,96.0,87.33,500,60.13,153.1,113.4,50.99,129.87,214071.78,101.88,179370.38,2.93,5.98
2019-06-14,13232.24,13446.61,13174.04,13387.73,0,3023.97,18900.63,8058.85,18.03,0.13,0.73,8.148,-0.0115,-2958.61,1268.96,550,1393,105,0.395,96.0,89.34,500,60.13,153.1,113.4,50.99,129.87,218793.0,101.92,182166.9,3.0,5.98
2019-06-17,13335.83,13502.95,13281.36,13448.02,0,2949.04,19104.07,8096.37,19.16,1.13,6.27,8.1619,0.0138,-5300.68,644.04,759,1194,94,0.636,96.0,92.9,500,60.13,153.1,113.4,50.99,129.87,231001.55,101.42,182192.27,2.96,5.98
2019-06-18,13453.56,13588.05,13258.1,13391.98,0,1668.62,19064.8,8101.78,17.75,-1.41,-7.36,8.1592,-0.0026,-224.54,1845.51,948,989,75,0.959,96.0,87.35,500,60.13,153.1,113.4,50.99,129.87,237087.36,100.99,182537.84,2.96,5.98
2019-06-19,13394.45,13473.16,13258.03,13336.4,0,2654.29,18921.09,8057.33,15.21,-2.54,-14.34,8.1527,-0.0065,4260.88,680.51,886,1097,116,0.808,96.0,83.32,500,60.13,153.1,113.4,50.99,129.87,239112.51,100.56,183299.01,3.02,5.98
2019-06-20,13368.02,13461.06,13327.15,13420.03,0,4162.0,19072.48,8138.85,20.06,4.85,31.9,8.1578,0.0051,-1293.49,2509.54,753,1187,59,0.634,96.0,90.64,500,60.13,153.1,113.4,50.99,129.87,247291.24,100.5,182520.84,3.05,5.98
2019-06-21,13441.88,13474.41,13334.46,13366.81,0,2500.97,18942.91,8150.44,20.58,0.52,2.61,8.1671,0.0093,-887.73,-1920.12,1017,894,94,1.138,96.0,88.75,500,60.13,153.1,113.4,50.99,129.87,255224.87,100.28,185112.35,3.06,5.98
2019-06-24,13329.36,13531.63,13325.62,13527.83,0,1731.73,19151.79,8234.71,16.41,-4.17,-20.25,8.1489,-0.0183,-288.08,1108.76,253,1819,99,0.139,96.0,93.59,500,60.13,153.1,113.4,50.99,129.87,255302.01,100.33,186752.75,3.13,5.98
2019-06-25,13498.94,13605.65,13394.24,13500.94,0,3580.59,19176.89,8196.68,20.45,4.04,24.6,8.1403,-0.0086,3130.55,-2487.05,967,1132,67,0.854,96.0,97.91,500,60.13,153.1,113.4,50.99,129.87,266310.74,100.54,188244.3,3.14,5.98
2019-06-26,13496.4,13587.04,13410.86,13501.47,0,1059.49,19211.37,8200.57,17.44,-3.01,-14.71,8.1352,-0.0051,1149.57,-1335.09,825,1258,54,0.656,96.0,88.34,500,60.13,153.1,113.4,50.99,129.87,273770.84,99.99,188599.11,3.14,5.98
2019-06-27,13476.0,13775.08,13358.01,13655.51,0,1133.84,19409.2,8270.92,15.39,-2.05,-11.74,8.1528,0.0176,4065.19,-165.59,319,1583,25,0.202,96.0,88.44,500,60.13,153.1,113.4,50.99,129.87,277629.73,100.04,185045.81,3.13,5.98
2019-06-28,13655.31,13893.05,13578.8,13815.65,0,1937.38,19696.39,8349.66,17.27,1.88,12.19,8.1819,0.0291,-3440.1,1042.85,547,1389,122,0.394,96.0,84.38,500,60.13,153.1,113.4,50.99,129.87,280356.04,99.59,188549.44,3.14,5.98
2019-07-01,13840.43,13979.35,13840.16,13979.09,0,3719.42,19964.05,8433.88,18.42,1.15,6.69,8.1888,0.0069,-1650.9,4618.84,433,1591,48,0.272,96.0,94.6,500,62.21,153.88,118.53,48.48,130.03,279596.55,99.18,188218.98,3.12,7.11
2019-07-02,13941.92,14268.97,13854.56,14180.12,0,3456.45,20338.72,8563.4,15.6,-2.82,-15.31,8.2014,0.0125,-6680.33,570.65,93,1877,64,0.05,96.0,88.95,500,62.21,153.88,118.53,48.48,130.03,273621.99,99.14,190155.14,3.12,7.11
2019-07-03,14179.84,14307.27,14016.25,14143.36,0,3079.78,20405.53,8525.27,18.49,2.89,18.53,8.2113,0.0099,2768.44,-977.42,855,1093,108,0.782,96.0,87.75,500,62.21,153.88,118.53,48.48,130.03,257366.25,99.1,187846.91,3.08,7.11
2019-07-04,14112.35,14498.22,14034.95,14419.13,0,2044.58,20703.2,8643.2,16.91,-1.59,-8.58,8.2064,-0.0048,2765.16,1937.32,330,1713,85,0.193,96.0,88.5,500,62.21,153.88,118.53,48.48,130.03,255759.64,98.96,190688.81,3.1,7.11
2019-07-05,14449.92,14533.37,14111.85,14193.82,0,2944.49,20385.8,8485.23,18.49,1.58,9.35,8.2151,0.0086,1945.9,1251.84,1295,631,49,2.052,96.0,86.56,500,62.21,153.88,118.53,48.48,130.03,251754.24,98.87,187823.35,3.03,7.11
2019-07-08,14211.98,14420.94,14152.36,14360.7,0,2366.3,20499.22,8508.43,18.66,0.18,0.95,8.2387,0.0236,2609.05,-179.2,700,1293,63,0.541,96.0,90.24,500,62.21,153.88,118.53,48.48,130.03,261183.79,99.28,187206.18,3.03,7.11
2019-07-09,14376.41,14485.34,14197.26,14305.65,0,3718.49,20406.78,8466.49,18.69,0.02,0.12,8.2149,-0.0238,-358.05,1196.7,971,1012,46,0.959,96.0,88.12,500,62.21,153.88,118.53,48.48,130.03,256480.27,98.28,186816.27,3.01,7.11
2019-07-10,14281.56,14332.8,14237.38,14288.6,0,3379.53,20345.93,8506.21,16.12,-2.56,-13.71,8.2191,0.0042,-1638.64,-1641.3,693,1333,81,0.52,96.0,87.74,500,62.21,153.88,118.53,48.48,130.03,267420.61,97.82,190128.64,2.98,7.11
2019-07-11,14279.44,14497.62,14237.02,14454.68,0,1874.6,20449.25,8611.57,17.36,1.24,7.66,8.2131,-0.006,10.43,2491.02,912,1102,33,0.828,96.0,91.17,500,62.21,153.88,118.53,48.48,130.03,268025.06,98.26,190857.87,2.95,7.11
2019-07-12,14437.03,14570.93,14354.5,14488.11,0,3376.69,20432.81,8621.29,19.15,1.79,10.31,8.2407,0.0277,2019.5,1634.59,636,1293,109,0.492,96.0,98.0,500,62.21,153.88,118.53,48.48,130.03,271898.35,98.46,192209.96,2.9,7.11
2019-07-15,14487.6,14574.24,14156.57,14241.74,0,5448.66,20137.71,8496.81,20.22,1.07,5.6,8.2189,-0.0218,-1144.53,-419.12,1087,814,21,1.335,96.0,91.42,500,62.21,153.88,118.53,48.48,130.03,285467.87,98.79,192254.5,2.93,7.11
2019-07-16,14261.76,14571.23,14162.94,14470.97,0,3955.49,20477.04,8654.07,17.43,-2.79,-13.79,8.2188,-0.0001,-7306.7,1025.52,465,1468,98,0.317,96.0,91.82,500,62.21,153.88,118.53,48.48,130.03,282053.97,98.64,188678.81,2.95,7.11
2019-07-17,14463.13,14692.8,14316.14,14544.97,0,2110.35,20491.16,8735.58,16.39,-1.05,-6.01,8.2133,-0.0055,1750.56,193.04,751,1190,57,0.631,96.0,87.01,500,62.21,153.88,118.53,48.48,130.03,273648.45,99.13,189167.59,2.94,7.11
2019-07-18,14542.22,14604.09,14446.62,14508.34,0,4055.24,20590.15,8727.46,19.0,2.61,15.94,8.2146,0.0013,3948.65,658.34,808,1177,116,0.686,96.0,85.52,500,62.21,153.88,118.53,48.48,130.03,282481.72,99.17,191778.3,2.94,7.11
2019-07-19,14510.14,14712.16,14349.38,14550.95,0,1842.59,20735.9,8802.94,22.38,3.39,17.82,8.2062,-0.0084,2622.5,-3425.18,820,1129,98,0.726,96.0,94.36,500,62.21,153.88,118.53,48.48,130.03,286233.99,98.95,194408.58,2.96,7.11
2019-07-22,14531.87,14656.96,14268.07,14391.95,0,6167.39,20409.8,8713.95,21.65,-0.74,-3.29,8.1911,-0.0151,3098.71,-233.86,1139,773,26,1.473,96.0,85.69,500,62.21,153.88,118.53,48.48,130.03,296451.1,98.92,192245.03,2.93,7.11
2019-07-23,14383.52,14588.58,14244.86,14449.28,0,3574.34,20575.86,8756.25,18.66,-2.99,-13.81,8.1858,-0.0053,-3422.09,-1725.61,1022,1053,77,0.971,96.0,78.25,500,62.21,153.88,118.53,48.48,130.03,297912.61,99.93,190124.39,3.02,7.11
2019-07-24,14489.55,14574.35,14358.98,14443.52,0,3522.48,20726.67,8761.01,16.36,-2.3,-12.31,8.1781,-0.0078,-595.43,-2690.39,903,1023,25,0.883,96.0,90.15,500,62.21,153.88,118.53,48.48,130.03,300522.15,99.84,189033.25,3.04,7.11
2019-07-25,14495.78,14563.62,14410.02,14477.76,0,4178.67,20845.26,8798.48,17.2,0.84,5.14,8.1711,-0.0069,-989.56,3537.65,834,1193,128,0.699,96.0,88.14,500,62.21,153.88,118.53,48.48,130.03,299786.53,99.33,189594.77,3.02,7.11
2019-07-26,14494.0,14512.46,14458.31,14476.75,0,3927.8,20851.21,8820.66,18.93,1.73,10.06,8.1729,0.0018,4983.56,2276.5,782,1156,21,0.676,96.0,87.82,500,62.21,153.88,118.53,48.48,130.03,292464.39,99.55,190595.13,3.03,7.11
2019-07-29,14466.11,14618.0,14314.36,14466.25,0,2493.87,20678.24,8813.75,21.23,2.3,12.12,8.1745,0.0016,-719.05,950.41,1021,1054,124,0.969,96.0,82.39,500,62.21,153.88,118.53,48.48,130.03,288074.6,99.8,196047.35,3.04,7.11
2019-07-30,14484.09,14622.55,14390.52,14528.69,0,3057.34,20957.85,8934.67,21.8,0.57,2.68,8.1689,-0.0056,1752.73,1578.69,629,1409,89,0.446,96.0,81.27,500,62.21,153.88,118.53,48.48,130.03,287876.36,99.67,192830.91,3.0,7.11
2019-07-31,14556.6,14870.5,14432.8,14745.09,0,5176.02,21299.27,9033.41,15.75,-6.04,-27.73,8.1966,0.0277,1299.98,-3441.95,284,1807,40,0.157,96.0,89.23,500,62.21,153.88,118.53,48.48,130.03,279051.81,99.17,193606.55,3.01,7.11
2019-08-01,14750.14,15059.63,14689.7,14998.18,0,3598.59,21691.84,9175.28,17.96,2.21,14.03,8.2042,0.0076,919.58,-1735.98,479,1461,20,0.328,96.0,87.73,500,61.12,154.52,124.17,47.69,130.51,286777.04,98.98,194845.26,3.07,7.11
2019-08-02,14919.17,15060.41,14666.28,14806.46,0,2373.31,21417.08,9062.58,21.32,3.35,18.66,8.2028,-0.0014,641.71,1373.88,1123,889,28,1.263,96.0,85.17,500,61.12,154.52,124.17,47.69,130.51,269132.0,98.82,198425.37,3.12,7.11
2019-08-05,14811.88,14916.39,14406.93,14509.31,0,2645.4,20911.58,8966.75,19.12,-2.2,-10.31,8.1906,-0.0122,4720.15,-9.38,1542,430,65,3.586,96.0,83.82,500,61.12,154.52,124.17,47.69,130.51,268779.13,99.16,202308.88,3.14,7.11
2019-08-06,14512.07,14628.67,14409.86,14526.35,0,2212.7,20995.09,9027.53,18.48,-0.63,-3.31,8.185,-0.0057,1703.03,3697.9,912,1130,112,0.807,96.0,84.44,500,61.12,154.52,124.17,47.69,130.51,272048.41,99.12,203938.67,3.18,7.11
2019-08-07,14557.48,14865.26,14502.7,14809.53,0,1575.71,21371.46,9186.32,16.89,-1.59,-8.61,8.1793,-0.0056,-7687.36,482.23,277,1701,72,0.163,96.0,85.2,500,61.12,154.52,124.17,47.69,130.51,277313.62,98.79,205700.74,3.17,7.11
2019-08-08,14867.28,15002.9,14629.5,14764.18,0,3404.27,21331.46,9150.49,18.43,1.53,9.07,8.1906,0.0113,2668.13,804.72,884,1159,67,0.763,96.0,95.09,500,61.12,154.52,124.17,47.69,130.51,280671.21,98.34,204915.28,3.18,7.11
2019-08-09,14743.88,14868.45,14423.24,14546.14,0,4527.02,21164.93,9060.69,19.54,1.11,6.03,8.2098,0.0191,189.34,-2463.34,1108,951,36,1.165,96.0,88.77,500,61.12,154.52,124.17,47.69,130.51,278965.1,97.98,204836.84,3.13,7.11
2019-08-12,14495.9,14787.17,14454.07,14744.62,0,1539.7,21483.16,9213.7,15.74,-3.8,-19.44,8.1837,-0.0261,176.15,1978.48,554,1467,25,0.378,96.0,91.76,500,61.12,154.52,124.17,47.69,130.51,282623.95,97.95,208077.52,3.11,7.11
2019-08-13,14761.08,14804.05,14715.21,14758.17,0,3161.8,21500.92,9219.39,19.97,4.23,26.88,8.1794,-0.0042,2901.1,383.97,810,1226,89,0.661,96.0,98.0,500,61.12,154.52,124.17,47.69,130.51,278632.23,98.23,207532.41,3.09,7.11
2019-08-14,14743.09,14801.98,14611.37,14669.97,0,4917.16,21287.01,9167.46,21.78,1.82,9.09,8.1994,0.02,-1150.34,-496.21,892,1174,44,0.76,96.0,98.0,500,61.12,154.52,124.17,47.69,130.51,273669.4,97.51,208120.36,3.1,7.11
2019-08-15,14650.05,14998.74,14562.12,14909.25,0,3208.02,21683.31,9287.42,16.17,-5.61,-25.75,8.2031,0.0036,-1676.44,1430.75,341,1599,129,0.213,96.0,92.89,500,61.12,154.52,124.17,47.69,130.51,278722.93,97.05,205336.57,3.09,7.11
2019-08-16,14907.37,15060.74,14852.16,15005.17,0,3624.95,21709.25,9302.14,15.14,-1.04,-6.42,8.2076,0.0045,-52.21,1878.69,796,1152,121,0.691,96.0,87.75,500,61.12,154.52,124.17,47.69,130.51,275388.44,97.29,207045.28,3.07,7.11
2019-08-19,15025.61,15347.83,14986.78,15308.27,0,3823.8,22205.75,9521.88,14.73,-0.4,-2.67,8.1841,-0.0235,-3496.0,-4884.83,335,1645,109,0.204,96.0,80.64,500,61.12,154.52,124.17,47.69,130.51,271797.65,97.11,207638.38,3.07,7.11
2019-08-20,15304.45,15371.34,15088.52,15154.75,0,4062.83,22032.74,9372.69,16.0,1.26,8.58,8.1983,0.0142,1026.22,-819.77,1135,922,74,1.231,96.0,85.81,500,61.12,154.52,124.17,47.69,130.51,284430.38,96.42,203712.72,3.1,7.11
2019-08-21,15117.56,15306.3,14977.14,15165.43,0,3315.73,21927.72,9357.91,19.1,3.1,19.37,8.2006,0.0023,-8173.2,-138.41,833,1240,99,0.672,96.0,91.62,500,61.12,154.52,124.17,47.69,130.51,279917.25,96.04,202820.16,3.1,7.11
2019-08-22,15192.82,15255.66,15071.14,15133.74,0,1486.69,21954.52,9405.85,17.19,-1.9,-9.97,8.2056,0.005,-1538.13,3074.56,868,1043,119,0.832,96.0,89.14,500,61.12,154.52,124.17,47.69,130.51,281446.8,96.0,203282.88,3.11,7.11
2019-08-23,15126.27,15379.97,15033.98,15286.7,0,3913.56,22254.67,9585.92,16.06,-1.13,-6.58,8.2018,-0.0038,-1149.99,2079.64,713,1219,116,0.585,96.0,90.72,500,61.12,154.52,124.17,47.69,130.51,281080.21,95.72,199931.12,3.12,7.11
2019-08-26,15268.3,15549.11,15132.57,15412.1,0,3962.74,22496.85,9616.87,17.05,0.99,6.18,8.2046,0.0028,-2487.27,1043.34,571,1344,124,0.425,96.0,88.44,500,61.12,154.52,124.17,47.69,130.51,272778.05,95.81,198830.02,3.12,7.11
2019-08-27,15443.46,15560.16,15400.82,15517.32,0,6747.0,22682.15,9675.27,17.92,0.87,5.12,8.1986,-0.006,3059.95,1361.9,601,1375,100,0.437,96.0,86.27,500,61.12,154.52,124.17,47.69,130.51,267698.13,95.69,201762.44,3.13,7.11
2019-08-28,15511.09,15764.5,15401.04,15653.44,0,2728.53,22941.77,9747.32,16.07,-1.85,-10.32,8.2196,0.021,-2601.46,226.7,446,1556,54,0.287,96.0,93.65,500,61.12,154.52,124.17,47.69,130.51,268556.14,95.85,203449.0,3.13,7.11
2019-08-29,15692.99,16111.2,15490.03,15905.49,0,1471.09,23445.12,9939.37,16.04,-0.03,-0.2,8.2393,0.0197,-655.35,5880.02,533,1375,119,0.388,96.0,96.49,500,61.12,154.52,124.17,47.69,130.51,258978.46,95.7,206552.14,3.11,7.11
2019-08-30,15914.9,16059.46,15829.69,15973.93,0,1731.54,23737.17,10031.5,17.99,1.95,12.16,8.2501,0.0109,3209.97,467.29,591,1495,91,0.395,96.0,92.0,500,61.12,154.52,124.17,47.69,130.51,250788.32,95.32,207440.21,3.1,7.11
2019-09-02,16028.98,16061.59,15759.55,15791.67,0,1834.51,23444.97,9862.46,21.2,3.2,17.8,8.2427,-0.0075,920.14,1570.87,1100,935,80,1.176,96.0,87.11,500,60.18,154.78,121.08,51.58,129.88,240046.01,95.56,205188.09,3.14,7.11
2019-09-03,15804.96,16004.26,15653.65,15852.49,0,2141.8,23831.26,9962.57,21.44,0.24,1.14,8.2268,-0.0159,1738.66,1938.08,175,1905,26,0.092,96.0,85.61,500,60.18,154.78,121.08,51.58,129.88,247778.56,95.23,201820.39,3.12,7.11
2019-09-04,15862.43,16109.05,15776.58,16022.34,0,2984.81,24112.16,10048.13,17.46,-3.98,-18.55,8.2082,-0.0186,890.3,-2765.18,677,1366,128,0.496,96.0,86.53,500,60.18,154.78,121.08,51.58,129.88,255988.86,95.55,205677.73,3.09,7.11
2019-09-05,16012.02,16154.63,15872.65,16015.23,0,2101.09,24192.36,10106.59,16.65,-0.81,-4.65,8.195,-0.0131,4532.92,567.03,630,1450,43,0.434,96.0,95.5,500,60.18,154.78,121.08,51.58,129.88,260805.1,96.05,206692.79,3.09,7.11
2019-09-06,16006.92,16069.55,15883.21,15945.6,0,2854.46,23997.38,10058.07,18.11,1.46,8.75,8.1983,0.0032,1393.39,-351.43,874,1225,45,0.713,96.0,88.3,500,60.18,154.78,121.08,51.58,129.88,259765.86,96.26,203492.42,3.1,7.11
2019-09-09,15884.84,16243.66,15737.61,16094.49,0,4887.31,24270.91,10151.24,16.77,-1.34,-7.4,8.2085,0.0102,-2488.63,-741.96,552,1365,73,0.404,96.0,88.61,500,60.18,154.78,121.08,51.58,129.88,269689.73,95.91,201138.27,3.07,7.11
2019-09-10,16106.08,16197.32,15674.97,15764.27,0,1453.64,23723.57,9901.53,17.8,1.03,6.17,8.2221,0.0136,4315.3,-2963.16,1523,527,73,2.89,96.0,83.66,500,60.18,154.78,121.08,51.58,129.88,273248.33,95.58,200922.77,3.04,7.11
2019-09-11,15744.86,15921.93,15686.28,15862.91,0,3230.35,23888.99,9989.84,12.29,-5.51,-30.93,8.2233,0.0012,1586.9,1280.85,711,1295,59,0.549,96.0,92.87,500,60.18,154.78,121.08,51.58,129.88,276403.32,95.61,204462.65,2.94,7.11
2019-09-12,15816.65,15997.44,15257.68,15434.09,0,3434.86,23027.35,9701.78,18.95,6.65,54.12,8.2205,-0.0028,150.45,4007.7,1681,261,66,6.441,96.0,93.12,500,60.18,154.78,121.08,51.58,129.88,270463.05,95.72,205981.43,2.95,7.11
2019-09-13,15458.2,15898.1,15328.92,15766.25,0,3945.52,23573.55,9926.09,16.03,-2.92,-15.42,8.2125,-0.008,2061.47,1565.07,63,1862,101,0.034,96.0,92.79,500,60.18,154.78,121.08,51.58,129.88,279647.91,96.1,205360.0,2.96,7.11
2019-09-16,15791.23,15936.82,15191.66,15333.03,0,4891.65,22766.06,9655.82,20.15,4.12,25.72,8.2218,0.0092,2388.39,-2019.31,1550,549,53,2.823,96.0,91.37,500,60.18,154.78,121.08,51.58,129.88,272750.07,96.11,202586.6,2.97,7.11
2019-09-17,15381.57,15617.53,15213.56,15448.79,0,3670.91,22892.62,9708.24,18.01,-2.14,-10.62,8.2331,0.0113,1676.66,-753.23,685,1303,30,0.526,96.0,87.5,500,60.18,154.78,121.08,51.58,129.88,275547.55,96.07,208017.8,2.96,7.11
2019-09-18,15501.78,15617.33,15408.46,15523.88,0,3006.27,23104.83,9786.07,15.47,-2.54,-14.09,8.2456,0.0126,-4817.21,1171.54,809,1242,61,0.651,96.0,88.63,500,60.18,154.78,121.08,51.58,129.88,289085.62,95.91,205377.63,2.97,7.11
2019-09-19,15553.99,15871.68,15460.6,15776.95,0,3746.74,23503.97,10026.34,17.16,1.69,10.91,8.2518,0.0061,3573.71,-3799.13,399,1502,72,0.266,96.0,93.53,500,60.18,154.78,121.08,51.58,129.88,303529.68,95.94,203453.18,2.97,7.11
2019-09-20,15745.12,15888.04,15356.76,15497.43,0,1871.32,23165.6,9890.72,20.97,3.81,22.2,8.2737,0.0219,-3734.25,290.5,1185,866,122,1.368,96.0,88.15,500,60.18,154.78,121.08,51.58,129.88,319304.1,96.1,203580.84,2.96,7.11
2019-09-23,15490.66,15541.52,15398.9,15449.62,0,2999.87,23022.2,9862.41,19.55,-1.42,-6.79,8.2763,0.0026,6282.17,5047.65,840,1151,116,0.73,96.0,90.66,500,60.18,154.78,121.08,51.58,129.88,316870.19,95.95,202991.12,2.93,7.11
2019-09-24,15442.48,15800.76,15343.42,15700.05,0,6604.27,23304.97,10008.8,10.14,-9.41,-48.14,8.2547,-0.0216,739.84,-4097.66,549,1490,23,0.368,96.0,92.83,500,60.18,154.78,121.08,51.58,129.88,324555.09,96.36,200350.06,2.94,7.11
2019-09-25,15719.86,15864.04,15442.31,15585.25,0,4821.28,23214.71,10026.49,19.96,9.82,96.92,8.248,-0.0067,5415.74,-246.04,851,1159,112,0.734,96.0,93.43,500,60.18,154.78,121.08,51.58,129.88,317761.37,96.71,197490.7,2.95,7.11
2019-09-26,15558.64,15913.81,15478.73,15832.5,0,3983.62,23409.86,10158.33,16.23,-3.73,-18.69,8.2427,-0.0053,654.46,912.8,511,1483,110,0.345,96.0,94.29,500,60.18,154.78,121.08,51.58,129.88,317163.14,96.99,197880.3,2.95,7.11
2019-09-27,15823.27,15949.12,15786.85,15912.49,0,2205.32,23498.45,10140.83,17.8,1.57,9.68,8.2745,0.0318,1647.53,1644.77,880,1083,129,0.813,96.0,88.78,500,60.18,154.78,121.08,51.58,129.88,323333.47,96.97,199324.1,2.99,7.11
2019-09-30,15892.2,16004.99,15584.63,15696.04,0,4782.67,23241.11,10056.04,20.27,2.47,13.88,8.2744,-0.0001,1818.99,-204.15,1371,643,77,2.132,96.0,90.89,500,60.18,154.78,121.08,51.58,129.88,326234.53,96.36,201235.88,3.03,7.11
2019-10-01,15695.39,15844.73,15480.81,15629.52,0,2398.48,23105.27,9951.17,18.62,-1.66,-8.17,8.2927,0.0183,-1619.83,-1459.97,916,1012,43,0.905,96.0,91.78,500,61.73,155.82,128.74,48.37,129.85,336111.73,96.88,204581.87,2.96,5.14
2019-10-02,15596.53,15851.63,15471.92,15725.99,0,2673.67,23231.69,9969.31,17.74,-0.88,-4.71,8.2857,-0.007,4837.16,1023.62,473,1548,92,0.306,96.0,87.95,500,61.73,155.82,128.74,48.37,129.85,348278.35,96.75,202661.42,2.96,5.14
2019-10-03,15773.17,15886.52,15588.68,15701.52,0,1433.86,23284.23,9981.03,19.45,1.71,9.64,8.2887,0.003,-12102.98,3973.68,665,1428,83,0.466,96.0,93.35,500,61.73,155.82,128.74,48.37,129.85,349008.84,96.52,203548.94,3.02,5.14
2019-10-04,15712.03,15721.14,15412.6,15421.54,0,2699.35,22795.14,9801.52,20.25,0.8,4.12,8.2903,0.0016,5137.84,3489.84,1021,987,83,1.034,96.0,85.81,500,61.73,155.82,128.74,48.37,129.85,345486.56,96.19,202001.07,3.01,5.14
2019-10-07,15448.97,15663.97,15353.5,15567.77,0,3034.95,23086.89,9911.07,16.89,-3.35,-16.56,8.2877,-0.0026,-5938.05,-2840.44,796,1279,67,0.622,96.0,87.99,500,61.73,155.82,128.74,48.37,129.85,344830.09,95.02,200557.05,2.97,5.14
2019-10-08,15621.99,15756.14,15565.36,15699.24,0,1812.4,23257.97,9963.9,17.4,0.51,3.02,8.2925,0.0048,7556.95,-3606.51,587,1353,29,0.434,96.0,87.28,500,61.73,155.82,128.74,48.37,129.85,340736.43,95.1,196205.46,3.0,5.14
2019-10-09,15666.27,15853.71,15528.65,15715.66,0,3096.87,23158.19,9969.69,18.63,1.22,7.02,8.2791,-0.0135,-3299.46,-2049.83,858,1212,52,0.708,96.0,90.49,500,61.73,155.82,128.74,48.37,129.85,335690.45,94.95,198752.08,3.06,5.14
2019-10-10,15727.17,16053.68,15713.28,16039.51,0,2818.46,23694.17,10166.69,14.51,-4.11,-22.08,8.2622,-0.0169,-2901.88,1450.67,226,1859,65,0.122,96.0,90.7,500,61.73,155.82,128.74,48.37,129.85,340052.47,94.63,198738.3,3.02,5.14
2019-10-11,16052.8,16308.22,16006.91,16261.73,0,4564.58,23952.92,10329.61,15.54,1.03,7.07,8.2767,0.0145,-4136.83,-2058.97,508,1587,34,0.32,96.0,90.41,500,61.73,155.82,128.74,48.37,129.85,349463.34,94.92,200861.58,3.06,5.14
2019-10-14,16206.15,16281.03,16096.86,16171.58,0,4049.59,23761.82,10295.15,17.83,2.29,14.73,8.2675,-0.0092,-6610.64,-831.09,1026,891,113,1.152,96.0,88.5,500,61.73,155.82,128.74,48.37,129.85,336833.17,95.45,206735.92,3.08,5.14
2019-10-15,16210.4,16331.73,15988.13,16108.69,0,3029.39,23658.9,10279.16,18.68,0.85,4.75,8.2501,-0.0173,-764.14,281.7,1043,922,88,1.131,96.0,79.59,500,61.73,155.82,128.74,48.37,129.85,332087.13,95.33,208555.95,3.03,5.14
2019-10-16,16168.18,16457.54,16033.1,16321.18,0,2917.72,23968.05,10437.79,15.88,-2.8,-14.99,8.2554,0.0053,-4478.93,608.96,615,1406,46,0.437,96.0,90.58,500,61.73,155.82,128.74,48.37,129.85,337062.43,95.78,210309.76,3.05,5.14
2019-10-17,16301.82,16445.43,15702.2,15841.75,0,2642.68,23292.84,10240.11,20.28,4.4,27.72,8.2464,-0.0091,2987.14,893.4,1426,482,106,2.959,96.0,86.18,500,61.73,155.82,128.74,48.37,129.85,337143.54,95.78,210683.13,3.03,5.14
2019-10-18,15818.34,15901.52,15580.47,15662.84,0,2888.5,23030.16,10228.65,18.93,-1.35,-6.64,8.2467,0.0003,-4250.55,490.42,1052,851,25,1.236,96.0,89.88,500,61.73,155.82,128.74,48.37,129.85,340923.22,96.27,212424.47,3.08,5.14
2019-10-21,15647.7,15858.56,15613.65,15824.13,0,1597.43,23321.48,10334.14,16.39,-2.54,-13.43,8.2429,-0.0037,555.42,1865.43,915,1019,38,0.898,96.0,97.96,500,61.73,155.82,128.74,48.37,129.85,347544.33,95.8,215900.96,3.05,5.14
2019-10-22,15828.19,16014.4,15577.08,15762.52,0,4759.17,23220.09,10220.82,19.35,2.95,18.03,8.2321,-0.0108,-5472.64,2264.58,881,1063,54,0.829,96.0,89.43,500,61.73,155.82,128.74,48.37,129.85,339713.18,96.17,215889.59,3.06,5.14
2019-10-23,15758.99,15912.99,15603.29,15757.28,0,3208.07,23032.38,10162.0,18.68,-0.67,-3.45,8.2385,0.0064,-1683.5,1501.6,940,1049,39,0.896,96.0,92.57,500,61.73,155.82,128.74,48.37,129.85,339668.95,96.78,215700.14,3.07,5.14
2019-10-24,15799.77,15922.59,15544.63,15666.42,0,3573.73,23026.25,10138.69,17.76,-0.92,-4.93,8.2518,0.0133,2501.49,-2720.26,640,1307,87,0.49,96.0,94.52,500,61.73,155.82,128.74,48.37,129.85,341491.33,96.55,216422.44,3.07,5.14
2019-10-25,15675.07,16141.27,15607.73,16072.22,0,1809.9,23516.88,10333.39,16.91,-0.85,-4.77,8.2539,0.0021,-3973.61,1402.05,321,1730,109,0.186,96.0,87.12,500,61.73,155.82,128.74,48.37,129.85,345742.21,96.57,212718.02,3.13,5.14
2019-10-28,16068.15,16226.62,15842.74,16000.54,0,1899.23,23317.06,10239.86,19.31,2.4,14.21,8.2643,0.0104,-582.31,1118.31,1241,839,89,1.479,96.0,98.0,500,61.73,155.82,128.74,48.37,129.85,341605.87,96.29,208673.38,3.1,5.14
2019-10-29,15965.88,16050.84,15918.66,16003.5,0,2732.54,23394.92,10273.97,16.38,-2.93,-15.19,8.2673,0.003,-668.07,7154.41,660,1438,129,0.459,96.0,88.49,500,61.73,155.82,128.74,48.37,129.85,328279.87,96.52,208717.97,3.14,5.14
2019-10-30,15989.13,16049.34,15823.01,15882.81,0,2650.67,23222.31,10241.64,19.84,3.46,21.14,8.2761,0.0088,-3385.42,2914.1,910,1078,72,0.844,96.0,92.27,500,61.73,155.82,128.74,48.37,129.85,330279.99,96.42,211473.16,3.1,5.14
2019-10-31,15912.54,16035.38,15545.86,15666.8,0,2156.22,23056.0,10199.4,18.72,-1.12,-5.66,8.2835,0.0075,-604.22,-1862.76,1117,926,120,1.206,96.0,88.79,500,61.73,155.82,128.74,48.37,129.85,331947.94,96.27,212687.08,3.05,5.14
2019-11-01,15698.27,15811.47,15584.87,15698.07,0,4612.44,23234.03,10285.12,16.53,-2.19,-11.7,8.2778,-0.0057,-533.3,-500.5,596,1449,40,0.411,96.0,91.65,500,60.84,156.39,128.06,47.64,129.41,336207.22,95.79,215975.45,3.03,5.14
2019-11-04,15679.18,15885.29,15602.6,15808.08,0,3987.36,23428.02,10392.41,15.94,-0.59,-3.59,8.274,-0.0038,-185.29,3742.32,628,1462,107,0.43,96.0,92.14,500,60.84,156.39,128.06,47.64,129.41,325705.5,96.33,222091.72,3.05,5.14
2019-11-05,15776.1,15880.92,15113.43,15214.52,0,1990.16,22641.58,10036.83,18.85,2.91,18.27,8.2517,-0.0224,3723.33,436.97,1848,103,113,17.942,96.0,88.47,500,60.84,156.39,128.06,47.64,129.41,342164.22,96.09,224851.7,3.13,5.14
2019-11-06,15253.17,15357.36,14995.43,15098.58,0,3772.41,22305.49,9981.91,16.23,-2.62,-13.89,8.2629,0.0112,-1705.48,-395.17,797,1284,49,0.621,96.0,97.48,500,60.84,156.39,128.06,47.64,129.41,345833.6,96.01,224287.55,3.1,5.14
2019-11-07,15129.47,15352.03,15013.53,15235.29,0,4748.33,22449.9,10076.98,13.26,-2.97,-18.31,8.2522,-0.0106,-5598.15,-3542.92,614,1378,53,0.446,96.0,91.56,500,60.84,156.39,128.06,47.64,129.41,342000.0,96.48,224363.93,3.07,5.14
2019-11-08,15247.5,15342.16,15056.61,15150.67,0,3283.81,22370.4,10063.57,18.67,5.42,40.85,8.2518,-0.0004,-2624.01,-597.74,1134,816,77,1.39,96.0,87.55,500,60.84,156.39,128.06,47.64,129.41,332453.47,97.29,221658.9,3.14,5.14
2019-11-11,15144.95,15260.05,15055.67,15170.61,0,4129.59,22453.15,10066.38,16.96,-1.71,-9.17,8.2523,0.0005,5248.22,561.26,633,1410,117,0.449,96.0,90.48,500,60.84,156.39,128.06,47.64,129.41,342130.25,97.62,223764.86,3.15,5.14
2019-11-12,15162.5,15337.71,14886.31,15060.34,0,2320.63,22431.8,10028.98,24.03,7.07,41.71,8.2501,-0.0022,1509.43,965.76,812,1109,57,0.732,96.0,91.72,500,60.84,156.39,128.06,47.64,129.41,338133.15,97.42,223147.77,3.11,5.14
2019-11-13,15091.2,15606.84,14901.93,15413.52,0,5907.31,22920.83,10262.91,15.4,-8.64,-35.94,8.252,0.0019,2439.5,1988.9,319,1750,106,0.182,96.0,93.14,500,60.84,156.39,128.06,47.64,129.41,332218.84,97.35,226503.47,3.15,5.14
2019-11-14,15463.48,15612.22,15401.7,15550.1,0,3950.69,23098.1,10356.68,15.03,-0.36,-2.36,8.2622,0.0102,-2914.13,-1330.44,607,1482,35,0.41,96.0,88.29,500,60.84,156.39,128.06,47.64,129.41,345419.32,96.62,228616.53,3.18,5.14
2019-11-15,15594.63,15730.87,15396.57,15532.27,0,2321.41,23131.76,10349.92,19.37,4.34,28.87,8.2505,-0.0116,4929.46,-1804.04,878,1191,47,0.737,96.0,82.61,500,60.84,156.39,128.06,47.64,129.41,336772.22,96.72,228815.14,3.2,5.14
2019-11-18,15477.54,15604.5,15387.53,15514.29,0,2032.3,23074.23,10354.84,15.53,-3.84,-19.82,8.2447,-0.0058,1486.04,806.24,734,1302,65,0.564,96.0,85.77,500,60.84,156.39,128.06,47.64,129.41,343386.3,97.2,228217.74,3.27,5.14
2019-11-19,15514.87,15710.7,15403.09,15598.32,0,5295.18,23218.08,10383.0,15.01,-0.53,-3.38,8.2599,0.0152,3073.16,-3054.66,910,1120,28,0.812,96.0,93.78,500,60.84,156.39,128.06,47.64,129.41,343915.09,96.55,227090.06,3.23,5.14
2019-11-20,15603.22,15649.03,15533.86,15579.6,0,2601.85,23005.1,10346.87,20.01,5.0,33.3,8.252,-0.0079,-1524.76,-71.95,1054,945,63,1.115,96.0,87.57,500,60.84,156.39,128.06,47.64,129.41,344378.93,96.06,223347.95,3.24,5.14
2019-11-21,15624.67,15882.01,15522.81,15779.14,0,4960.61,23509.24,10568.18,12.97,-7.04,-35.18,8.2571,0.005,-436.71,-2326.99,377,1572,103,0.24,96.0,84.5,500,60.84,156.39,128.06,47.64,129.41,341731.48,95.79,224826.98,3.29,5.14
2019-11-22,15796.66,16104.57,15702.52,16009.17,0,2867.83,23628.88,10716.27,15.47,2.5,19.28,8.2522,-0.0048,4637.18,1019.16,546,1475,43,0.37,96.0,87.35,500,60.84,156.39,128.06,47.64,129.41,333721.82,96.19,224398.14,3.22,5.14
2019-11-25,16066.02,16124.76,15886.01,15944.3,0,4167.75,23638.74,10664.11,19.57,4.1,26.5,8.25,-0.0022,-4654.72,3082.47,985,920,97,1.071,96.0,91.5,500,60.84,156.39,128.06,47.64,129.41,333492.4,96.43,223990.12,3.22,5.14
2019-11-26,15908.77,16053.92,15631.27,15775.2,0,3455.44,23582.3,10661.5,20.24,0.68,3.45,8.2521,0.0021,2249.15,2313.8,1007,1073,42,0.938,96.0,86.3,500,60.84,156.39,128.06,47.64,129.41,330078.58,96.53,226550.82,3.23,5.14
2019-11-27,15780.78,16055.97,15703.53,15977.77,0,2803.94,23711.02,10774.28,21.57,1.33,6.56,8.2612,0.0091,-2173.79,1213.15,581,1375,30,0.423,96.0,85.45,500,60.84,156.39,128.06,47.64,129.41,332639.14,96.78,228583.93,3.19,5.14
2019-11-28,15986.56,16218.54,15852.37,16083.54,0,4165.21,23951.48,10848.62,17.69,-3.88,-18.0,8.2868,0.0255,-1926.38,-1639.77,632,1386,41,0.456,96.0,91.54,500,60.84,156.39,128.06,47.64,129.41,306727.11,96.73,224602.0,3.17,5.14
2019-11-29,16088.64,16327.64,15955.6,16193.73,0,2002.26,24177.86,10910.51,14.13,-3.56,-20.11,8.2917,0.005,-3356.1,1200.69,472,1450,101,0.326,96.0,94.01,500,60.84,156.39,128.06,47.64,129.41,302642.17,96.97,229336.98,3.18,5.14
2019-12-02,16204.34,16366.24,15675.03,15833.23,0,4121.32,23556.54,10636.79,21.09,6.96,49.24,8.2877,-0.004,-1623.81,1809.81,1627,406,101,4.007,96.0,92.37,500,61.84,156.87,127.54,51.08,129.97,315628.2,96.86,228371.0,3.19,5.14
2019-12-03,15799.73,15856.22,15600.31,15656.28,0,2333.91,23500.41,10573.96,19.53,-1.56,-7.4,8.2782,-0.0095,1018.02,2644.54,1119,831,37,1.347,96.0,89.33,500,61.84,156.87,127.54,51.08,129.97,309472.93,96.8,231269.49,3.2,5.14
2019-12-04,15650.08,15772.43,15456.24,15578.04,0,3599.7,23416.17,10571.5,18.0,-1.53,-7.82,8.2699,-0.0084,-1586.27,517.64,915,1124,92,0.814,96.0,84.1,500,61.84,156.87,127.54,51.08,129.97,299319.91,96.97,233523.33,3.16,5.14
2019-12-05,15571.02,15834.5,15473.07,15735.52,0,3188.68,23795.72,10695.82,16.0,-2.0,-11.11,8.2298,-0.0401,-2482.87,-4044.73,526,1565,61,0.336,96.0,85.88,500,61.84,156.87,127.54,51.08,129.97,301435.74,97.59,234276.46,3.15,5.14
2019-12-06,15720.05,15791.24,15619.19,15690.24,0,1454.45,23823.0,10714.21,19.02,3.02,18.87,8.2408,0.0111,1457.49,-1359.49,954,1027,31,0.929,96.0,97.44,500,61.84,156.87,127.54,51.08,129.97,302707.15,97.94,238213.71,3.14,5.14
2019-12-09,15678.59,15978.94,15610.52,15909.87,0,2808.36,24135.61,10798.64,12.02,-7.0,-36.79,8.2616,0.0208,-7356.78,542.55,411,1629,108,0.252,96.0,80.11,500,61.84,156.87,127.54,51.08,129.97,299792.8,97.26,241083.97,3.05,5.14
2019-12-10,15937.44,16052.67,15829.78,15944.96,0,1545.91,24280.14,10832.71,17.43,5.4,44.92,8.2644,0.0028,836.36,-1018.91,882,1123,127,0.785,96.0,87.4,500,61.84,156.87,127.54,51.08,129.97,305709.98,97.44,241055.87,3.05,5.14
2019-12-11,15971.74,16183.83,15897.31,16108.76,0,2118.64,24342.98,10861.92,14.83,-2.59,-14.89,8.2557,-0.0087,1629.98,-96.01,890,1203,60,0.74,96.0,86.5,500,61.84,156.87,127.54,51.08,129.97,308581.65,97.07,242818.04,3.04,5.14
2019-12-12,16130.95,16228.27,15976.55,16073.51,0,1533.51,24243.72,10826.36,17.61,2.78,18.74,8.2487,-0.007,1492.63,-1497.62,991,954,48,1.039,96.0,96.44,500,61.84,156.87,127.54,51.08,129.97,315010.04,96.76,248333.66,3.05,5.14
2019-12-13,16084.64,16210.86,15786.96,15911.82,0,1857.35,23966.84,10741.79,19.07,1.46,8.27,8.2627,0.014,-2304.63,78.93,1085,826,77,1.314,96.0,87.71,500,61.84,156.87,127.54,51.08,129.97,332402.73,97.02,250691.1,3.01,5.14
2019-12-16,15908.9,16066.69,15817.11,15974.52,0,5479.14,23980.37,10796.08,19.17,0.11,0.55,8.257,-0.0057,848.41,-1063.66,759,1258,68,0.603,96.0,94.81,500,61.84,156.87,127.54,51.08,129.97,338553.25,96.9,255489.3,3.02,5.14
2019-12-17,15963.25,16162.06,15898.53,16096.79,0,2156.65,24189.95,10880.29,15.89,-3.28,-17.12,8.254,-0.0029,1218.1,2294.84,807,1257,113,0.642,96.0,86.28,500,61.84,156.87,127.54,51.08,129.97,320571.18,97.48,246117.59,3.01,5.14
2019-12-18,16087.4,16432.34,15908.99,16252.1,0,2752.44,24460.36,11005.03,11.49,-4.4,-27.68,8.2552,0.0011,9309.76,-71.53,872,1052,61,0.829,96.0,86.86,500,61.84,156.87,127.54,51.08,129.97,307491.68,97.29,246856.74,2.97,5.14
2019-12-19,16249.62,16449.63,16169.99,16369.42,0,2204.36,24609.0,11122.64,19.39,7.9,68.75,8.2542,-0.001,-1489.45,1003.11,795,1215,43,0.654,96.0,93.47,500,61.84,156.87,127.54,51.08,129.97,310603.18,96.47,248407.32,2.98,5.14
2019-12-20,16350.96,16695.22,16232.76,16575.4,0,5667.42,24952.05,11368.05,16.86,-2.53,-13.04,8.2616,0.0074,4020.54,212.19,274,1731,116,0.158,96.0,93.36,500,61.84,156.87,127.54,51.08,129.97,310395.82,96.17,250947.83,2.96,5.14
2019-12-23,16526.86,16673.12,16120.92,16264.86,0,4092.39,24432.52,11117.74,26.52,9.66,57.27,8.2692,0.0076,2659.87,211.65,1394,591,27,2.359,96.0,93.58,500,61.84,156.87,127.54,51.08,129.97,317155.5,96.84,252638.88,2.94,5.14
2019-12-24,16295.8,16410.34,16091.17,16205.07,0,3065.24,24368.63,11044.09,19.18,-7.34,-27.68,8.268,-0.0012,1536.52,1693.56,912,1127,108,0.809,96.0,93.33,500,61.84,156.87,127.54,51.08,129.97,322275.94,97.15,252120.5,2.92,5.14
2019-12-25,16157.23,16203.4,16061.19,16107.21,0,5238.55,24251.21,10979.89,17.57,-1.61,-8.37,8.2633,-0.0047,2009.69,94.28,1024,1024,107,1.0,96.0,89.05,500,61.84,156.87,127.54,51.08,129.97,316536.63,97.39,252245.02,2.95,5.14
2019-12-26,16113.34,16309.04,15949.59,16144.97,0,3527.84,24466.07,11095.09,15.56,-2.01,-11.46,8.2333,-0.0299,4595.56,4783.58,663,1393,94,0.476,96.0,94.36,500,61.84,156.87,127.54,51.08,129.97,318391.83,97.36,252598.69,2.96,5.14
2019-12-27,16170.48,16333.39,15977.42,16140.02,0,4718.34,24400.86,11088.48,16.79,1.23,7.89,8.2249,-0.0084,1276.27,769.39,845,1095,67,0.772,96.0,81.14,500,61.84,156.87,127.54,51.08,129.97,307182.8,97.86,251134.97,3.02,5.14
2019-12-30,16147.0,16227.51,15635.29,15713.63,0,3501.55,23622.28,10679.41,22.19,5.41,32.21,8.2116,-0.0133,1193.42,519.88,1617,349,35,4.633,96.0,87.96,500,61.84,156.87,127.54,51.08,129.97,294547.42,97.9,253363.45,3.03,5.14
2019-12-31,15690.11,16025.52,15563.72,15897.46,0,4372.01,23943.44,10798.23,16.23,-5.96,-26.86,8.2081,-0.0035,-1465.36,504.84,464,1618,95,0.287,96.0,91.98,500,61.84,156.87,127.54,51.08,129.97,300918.44,98.25,255161.57,2.98,5.14
2020-01-01,15856.11,16450.75,15855.18,16449.79,0,3033.84,24602.43,11122.63,16.83,0.6,3.71,8.2158,0.0077,2494.21,-3769.05,393,1603,69,0.245,96.0,84.98,500,62.59,157.14,126.86,47.63,129.71,304569.44,98.06,256843.1,2.94,5.03
2020-01-02,16482.03,16560.21,16207.57,16284.81,0,4260.4,24414.41,11020.6,19.88,3.05,18.1,8.2222,0.0064,702.33,-1999.47,1214,763,122,1.591,96.0,89.67,500,62.59,157.14,126.86,47.63,129.71,316384.07,97.84,253324.13,2.94,5.03
2020-01-03,16257.62,16685.53,16184.81,16611.14,0,2888.17,24878.89,11244.87,16.48,-3.4,-17.11,8.2103,-0.0119,-594.15,1761.22,616,1454,93,0.424,96.0,87.77,500,62.59,157.14,126.86,47.63,129.71,316527.4,97.33,261365.75,2.89,5.03
2020-01-06,16611.93,17256.4,16506.01,17147.07,0,2759.08,25797.28,11575.75,11.97,-4.51,-27.38,8.2118,0.0016,-1479.95,1598.83,129,1933,103,0.067,96.0,87.79,500,62.59,157.14,126.86,47.63,129.71,328556.4,97.55,259081.44,2.88,5.03
2020-01-07,17109.6,17854.65,16983.36,17723.88,0,3268.73,26644.93,11944.83,9.18,-2.79,-23.32,8.2272,0.0154,1491.09,1055.84,438,1627,21,0.269,96.0,84.49,500,62.59,157.14,126.86,47.63,129.71,328231.31,97.88,259192.86,2.95,5.03
2020-01-08,17748.19,18234.14,17596.22,18079.33,0,4878.04,27299.24,12215.33,17.47,8.29,90.34,8.2098,-0.0175,-416.61,-1513.73,258,1725,118,0.15,96.0,83.13,500,62.59,157.14,126.86,47.63,129.71,316770.48,97.87,258476.87,2.98,5.03
2020-01-09,18061.99,18154.4,17803.07,17894.62,0,5769.99,27164.24,12128.75,18.59,1.12,6.42,8.2195,0.0097,2314.32,-364.74,1180,869,84,1.358,96.0,90.46,500,62.59,157.14,126.86,47.63,129.71,319856.22,98.23,253416.1,3.02,5.03
2020-01-10,17915.86,18013.91,17265.23,17360.24,0,4178.48,26400.77,11745.69,20.89,2.3,12.36,8.2203,0.0008,-3790.21,2115.39,1672,309,35,5.411,96.0,88.97,500,62.59,157.14,126.86,47.63,129.71,321117.28,98.49,257114.24,2.95,5.03
2020-01-13,17362.34,17458.28,17273.25,17369.15,0,4062.56,26402.19,11666.6,16.08,-4.81,-23.01,8.2277,0.0074,-2241.54,2280.19,1062,1008,40,1.054,96.0,87.53,500,62.59,157.14,126.86,47.63,129.71,329034.4,98.0,256632.07,2.95,5.03
2020-01-14,17305.75,17427.46,17107.55,17228.72,0,3191.17,26105.76,11583.96,17.85,1.77,10.99,8.2415,0.0138,2485.2,-1176.22,941,973,37,0.967,96.0,91.84,500,62.59,157.14,126.86,47.63,129.71,334132.29,98.13,255377.99,2.92,5.03
2020-01-15,17177.63,17830.91,17041.22,17690.44,0,2164.58,26823.35,11961.03,13.67,-4.18,-23.42,8.2434,0.0019,-2262.62,-204.23,20,1970,43,0.01,96.0,81.75,500,62.59,157.14,126.86,47.63,129.71,333175.1,97.9,257727.69,2.99,5.03
2020-01-16,17725.48,17845.38,17625.11,17744.9,0,1274.35,26977.1,12032.71,18.32,4.65,34.0,8.2454,0.002,-909.73,898.49,681,1276,126,0.534,96.0,86.83,500,62.59,157.14,126.86,47.63,129.71,322316.87,97.11,262840.03,3.01,5.03
2020-01-17,17789.38,18135.15,17646.54,17990.69,0,3350.58,27074.16,12040.74,16.25,-2.07,-11.29,8.2565,0.0112,-301.74,490.42,581,1470,122,0.395,96.0,90.52,500,62.59,157.14,126.86,47.63,129.71,317699.9,97.74,261857.41,3.0,5.03
2020-01-20,17950.88,18380.18,17837.5,18264.82,0,3023.27,27421.2,12297.4,16.95,0.7,4.3,8.2676,0.0111,440.22,408.86,463,1543,115,0.3,96.0,92.16,500,62.59,157.14,126.86,47.63,129.71,315844.7,97.39,257633.03,2.97,5.03
2020-01-21,18262.51,18618.3,18133.7,18487.9,0,2351.41,27882.43,12444.47,16.13,-0.82,-4.83,8.2538,-0.0139,299.02,572.84,478,1533,81,0.312,96.0,89.27,500,62.59,157.14,126.86,47.63,129.71,317032.85,97.02,254237.19,2.98,5.03
2020-01-22,18448.07,19159.32,18274.8,18981.05,0,3744.41,28535.72,12681.62,14.08,-2.05,-12.73,8.2614,0.0076,-3610.49,-989.94,26,1926,92,0.013,96.0,86.73,500,62.59,157.14,126.86,47.63,129.71,318906.67,97.12,258501.87,2.96,5.03
2020-01-23,18950.69,19023.18,18528.11,18599.25,0,3245.18,28059.4,12441.19,18.13,4.06,28.84,8.2652,0.0038,2084.88,2764.39,1364,616,97,2.214,96.0,95.97,500,62.59,157.14,126.86,47.63,129.71,318942.26,96.97,256656.88,2.94,5.03
2020-01-24,18590.47,18750.57,17975.82,18131.97,0,2607.52,27305.01,12122.57,20.63,2.5,13.78,8.2567,-0.0085,2077.7,1662.27,1723,324,62,5.318,96.0,84.45,500,62.59,157.14,126.86,47.63,129.71,309499.54,96.21,258298.2,2.93,5.03
2020-01-27,18161.57,19323.55,18072.82,19229.59,0,2994.55,29063.79,12841.23,11.25,-9.38,-45.47,8.2732,0.0165,4898.92,2498.66,20,1912,94,0.01,96.0,87.65,500,62.59,157.14,126.86,47.63,129.71,304220.79,96.49,256841.19,2.91,5.03
2020-01-28,19173.57,19453.0,19131.26,19410.17,0,2813.71,29376.24,13046.45,16.98,5.73,50.93,8.2805,0.0073,-1641.29,-5139.01,531,1381,124,0.385,96.0,91.16,500,62.59,157.14,126.86,47.63,129.71,310692.05,96.7,260982.32,2.92,5.03
2020-01-29,19410.46,20095.42,19244.08,19924.63,0,3532.62,30420.33,13465.17,12.5,-4.48,-26.38,8.2936,0.0131,7763.46,1316.5,364,1720,65,0.212,96.0,90.35,500,62.59,157.14,126.86,47.63,129.71,308197.63,96.75,258760.89,2.9,5.03
2020-01-30,19962.88,20560.91,19842.47,20437.63,0,3501.72,31091.34,13754.72,12.89,0.39,3.13,8.302,0.0083,327.51,2500.08,283,1660,83,0.17,96.0,86.52,500,62.59,157.14,126.86,47.63,129.71,319405.14,96.61,259227.78,2.92,5.03
2020-01-31,20462.0,20582.79,20305.23,20425.81,0,3841.1,30993.8,13759.71,13.61,0.72,5.59,8.301,-0.001,-2150.6,3238.1,793,1254,99,0.632,96.0,95.22,500,62.59,157.14,126.86,47.63,129.71,323634.43,96.75,256051.34,2.95,5.03
2020-02-03,20421.38,20984.11,20211.2,20770.34,0,2514.37,31446.24,13977.54,17.57,3.96,29.07,8.3153,0.0143,219.75,-1219.42,557,1458,66,0.382,96.0,94.1,500,61.39,157.63,126.06,49.09,129.39,323209.6,96.64,253968.25,2.9,5.03
2020-02-04,20794.11,21165.29,20714.29,21084.36,0,2234.62,31650.51,14075.88,17.57,-0.0,-0.01,8.3251,0.0098,822.18,1735.49,572,1455,40,0.393,96.0,90.8,500,61.39,157.63,126.06,49.09,129.39,321274.09,96.22,258393.01,2.89,5.03
2020-02-05,21105.23,21187.24,20606.35,20686.74,0,2788.35,30988.79,13743.48,20.67,3.11,17.69,8.3347,0.0097,-1894.12,2111.89,1044,1015,129,1.029,96.0,93.6,500,61.39,157.63,126.06,49.09,129.39,324685.98,96.22,253812.29,2.92,5.03
2020-02-06,20701.2,21717.23,20480.6,21488.24,0,3713.88,32158.54,14250.89,13.47,-7.2,-34.85,8.3554,0.0206,1720.34,2339.36,20,1911,116,0.01,96.0,90.18,500,61.39,157.63,126.06,49.09,129.39,333026.2,97.29,249153.68,2.89,5.03
2020-02-07,21431.41,21513.58,21282.95,21364.87,0,2211.64,31997.19,14283.1,19.3,5.83,43.25,8.3735,0.0181,3391.18,-1277.89,1028,990,29,1.038,96.0,84.8,500,61.39,157.63,126.06,49.09,129.39,329273.19,97.69,255513.23,2.92,5.03
2020-02-10,21330.11,21408.18,20712.76,20788.85,0,9154.39,31180.57,13853.78,17.73,-1.56,-8.1,8.3756,0.0021,-7151.96,405.99,1675,307,115,5.456,96.0,85.07,500,61.39,157.63,126.06,49.09,129.39,321058.39,98.38,256306.02,2.97,5.03
2020-02-11,20797.27,20961.57,20486.28,20649.41,0,2328.98,31107.16,13872.46,17.2,-0.53,-2.98,8.3691,-0.0065,-2023.41,-2836.67,634,1294,33,0.49,96.0,96.37,500,61.39,157.63,126.06,49.09,129.39,327990.39,98.86,253772.47,2.97,5.03
2020-02-12,20660.4,20821.34,19936.01,20092.52,0,1613.22,30372.36,13474.78,22.33,5.13,29.82,8.3755,0.0064,-794.89,-549.31,1567,518,104,3.025,96.0,86.67,500,61.39,157.63,126.06,49.09,129.39,335711.19,98.68,251444.92,2.99,5.03
2020-02-13,20108.37,20436.55,19940.34,20267.19,0,3000.99,30665.91,13659.01,13.61,-8.72,-39.04,8.3666,-0.0089,-4174.38,448.2,674,1394,22,0.484,96.0,84.0,500,61.39,157.63,126.06,49.09,129.39,346163.59,98.55,246889.79,2.96,5.03
2020-02-14,20309.28,20464.7,20179.99,20335.24,0,4850.54,30583.78,13597.48,17.86,4.24,31.15,8.3624,-0.0042,1073.16,1518.26,961,1102,73,0.872,96.0,96.76,500,61.39,157.63,126.06,49.09,129.39,347308.68,98.63,253261.29,2.99,5.03
2020-02-17,20324.56,20392.49,20198.85,20266.58,0,2335.5,30420.98,13455.0,18.94,1.09,6.08,8.3663,0.0039,5062.29,1554.53,977,983,36,0.994,96.0,90.06,500,61.39,157.63,126.06,49.09,129.39,344510.39,98.66,250382.28,2.94,5.03
2020-02-18,20234.84,20442.27,20138.58,20345.49,0,5445.65,30498.17,13529.43,14.78,-4.16,-21.98,8.3789,0.0126,1636.99,369.37,600,1454,100,0.413,96.0,88.48,500,61.39,157.63,126.06,49.09,129.39,348406.98,98.38,250496.76,2.97,5.03
2020-02-19,20363.2,20697.09,20281.76,20614.64,0,1541.34,31156.92,13773.49,12.86,-1.92,-13.0,8.3839,0.0051,-560.47,-242.71,267,1826,96,0.146,96.0,87.78,500,61.39,157.63,126.06,49.09,129.39,359611.02,98.49,251122.89,3.01,5.03
2020-02-20,20601.3,20789.95,20453.89,20642.25,0,1324.74,31396.12,13783.61,21.12,8.26,64.25,8.3742,-0.0097,1678.76,-2475.45,995,967,126,1.029,96.0,87.82,500,61.39,157.63,126.06,49.09,129.39,368196.54,98.2,245828.57,3.06,5.03
2020-02-21,20709.87,21309.44,20685.08,21283.96,0,2474.73,32641.83,14319.11,12.65,-8.47,-40.1,8.3615,-0.0127,-2839.35,-2194.39,20,1963,52,0.01,96.0,87.38,500,61.39,157.63,126.06,49.09,129.39,348360.25,98.36,247976.69,3.07,5.03
2020-02-24,21241.63,21555.54,21063.12,21375.91,0,5194.64,32864.04,14394.28,20.19,7.54,59.61,8.351,-0.0105,816.25,-409.06,655,1282,27,0.511,96.0,86.04,500,61.39,157.63,126.06,49.09,129.39,336498.2,98.51,245523.78,3.05,5.03
2020-02-25,21341.51,21441.02,21100.21,21199.06,0,1645.69,32589.88,14281.86,22.49,2.3,11.39,8.3522,0.0012,-4232.33,1603.3,1141,829,108,1.376,96.0,92.59,500,61.39,157.63,126.06,49.09,129.39,337595.71,98.73,245830.75,3.06,5.03
2020-02-26,21153.92,21245.9,20941.94,21033.39,0,2242.89,32244.03,14234.92,20.05,-2.44,-10.85,8.336,-0.0162,2901.05,480.0,1024,928,70,1.103,96.0,88.25,500,61.39,157.63,126.06,49.09,129.39,346418.94,98.07,246934.49,3.08,5.03
2020-02-27,21012.85,21201.15,20853.88,21041.96,0,4880.1,32324.16,14301.84,17.56,-2.49,-12.43,8.3264,-0.0096,954.66,1811.87,870,1215,125,0.716,96.0,82.77,500,61.39,157.63,126.06,49.09,129.39,336738.53,98.4,246745.0,3.07,5.03
2020-02-28,21024.26,21042.98,20830.97,20849.53,0,4128.47,32011.33,14240.46,15.1,-2.46,-13.99,8.3232,-0.0032,-380.34,582.5,1071,878,27,1.22,96.0,90.48,500,61.39,157.63,126.06,49.09,129.39,335532.73,98.29,250539.07,3.05,5.03
2020-03-02,20751.33,20812.77,19522.82,19580.79,0,6487.76,30035.49,13350.69,48.52,33.42,221.35,8.3078,-0.0154,-5507.43,2521.81,1900,17,122,111.765,96.0,87.95,500,61.16,158.34,131.91,45.63,130.1,325042.09,97.96,248857.14,3.06,5.03
2020-03-03,19634.18,19643.61,19342.77,19352.06,0,1987.35,30009.24,13278.27,44.91,-3.61,-7.45,8.3063,-0.0015,101.88,-3046.35,830,1201,121,0.691,96.0,90.01,500,61.16,158.34,131.91,45.63,130.1,317441.57,98.94,252436.93,3.1,5.03
2020-03-04,19397.1,19429.95,18846.88,18878.85,0,9008.46,29329.94,13013.25,42.06,-2.85,-6.36,8.295,-0.0113,-1052.8,361.34,1356,618,26,2.194,96.0,93.57,500,61.16,158.34,131.91,45.63,130.1,314665.81,99.51,258428.91,3.13,5.03
2020-03-05,18878.5,19068.35,18604.34,18793.34,0,2194.1,29232.01,12980.73,43.41,1.36,3.22,8.3049,0.0099,-3225.51,2225.44,762,1262,71,0.604,96.0,98.0,500,61.16,158.34,131.91,45.63,130.1,323246.77,99.1,256843.12,3.17,5.03
2020-03-06,18847.54,19239.99,18602.35,18992.9,0,3137.42,29617.46,13110.23,44.55,1.14,2.63,8.3077,0.0028,7904.51,77.03,605,1408,61,0.43,96.0,80.22,500,61.16,158.34,131.91,45.63,130.1,322488.16,98.55,256229.22,3.16,5.03
2020-03-09,18997.56,19154.72,17324.2,17468.71,0,2836.07,27282.19,11996.96,49.49,4.94,11.09,8.3009,-0.0068,3389.64,302.72,1900,60,45,31.667,96.0,86.64,500,61.16,158.34,131.91,45.63,130.1,323658.75,97.86,251915.8,3.15,5.03
2020-03-10,17476.25,17581.42,17119.93,17223.58,0,1761.8,26774.98,11868.07,46.05,-3.44,-6.95,8.2933,-0.0076,3614.67,-880.67,1217,812,69,1.499,96.0,82.56,500,61.16,158.34,131.91,45.63,130.1,316434.98,98.4,255478.97,3.14,5.03
2020-03-11,17244.83,17678.5,17129.57,17561.14,0,5287.62,27375.19,12151.86,39.79,-6.26,-13.59,8.29,-0.0033,-4194.71,528.05,22,1901,62,0.012,96.0,86.78,500,61.16,158.34,131.91,45.63,130.1,303929.39,98.17,251001.62,3.17,5.03
2020-03-12,17575.15,19028.84,17395.12,18835.89,0,3257.21,29350.93,13068.21,34.92,-4.88,-12.25,8.2912,0.0012,-648.67,3402.08,20,2027,24,0.01,96.0,86.35,500,61.16,158.34,131.91,45.63,130.1,301686.54,98.7,255373.58,3.22,5.03
2020-03-13,18878.67,19061.9,17251.23,17420.31,0,3154.2,27163.56,12129.57,52.53,17.61,50.43,8.3095,0.0183,1083.67,2258.81,1900,174,88,10.92,96.0,93.58,500,61.16,158.34,131.91,45.63,130.1,307087.68,99.32,257019.03,3.15,5.03
2020-03-16,17437.06,17513.88,16345.97,16418.3,0,2260.68,25520.5,11395.66,47.38,-5.14,-9.79,8.3226,0.0131,-1132.95,214.79,1900,64,28,29.688,96.0,84.57,500,61.16,158.34,131.91,45.63,130.1,300909.3,98.9,263105.65,3.13,5.03
2020-03-17,16437.06,16733.09,16395.87,16691.26,0,2709.78,26051.88,11592.11,39.68,-7.7,-16.25,8.3323,0.0096,694.39,3164.26,435,1526,32,0.285,96.0,96.67,500,61.16,158.34,131.91,45.63,130.1,297184.59,99.26,261157.55,3.14,5.03
2020-03-18,16631.92,16819.7,16593.88,16781.32,0,2902.06,26352.94,11660.34,40.82,1.14,2.87,8.3391,0.0069,2732.43,1504.89,554,1359,23,0.408,96.0,85.15,500,61.16,158.34,131.91,45.63,130.1,305417.17,99.32,267410.43,3.16,5.03
2020-03-19,16712.33,16844.84,15908.94,16036.09,0,2076.39,25181.21,11104.11,51.19,10.36,25.39,8.3156,-0.0236,179.23,-640.58,1900,175,55,10.857,96.0,90.01,500,61.16,158.34,131.91,45.63,130.1,308973.11,99.97,266603.79,3.13,5.03
2020-03-20,16051.71,16166.35,15435.25,15546.28,0,2985.85,24335.4,10739.49,47.09,-4.1,-8.01,8.3284,0.0128,4900.43,1565.73,1848,227,87,8.141,96.0,80.63,500,61.16,158.34,131.91,45.63,130.1,313579.94,100.14,262386.55,3.09,5.03
2020-03-23,15558.41,15586.67,15133.34,15160.88,0,2010.1,23681.01,10439.57,48.62,1.53,3.25,8.3143,-0.014,-192.02,964.34,1423,496,117,2.869,96.0,83.76,500,61.16,158.34,131.91,45.63,130.1,317836.39,100.49,259665.13,3.04,5.03
2020-03-24,15088.42,16177.57,14985.97,16068.47,0,2218.29,25077.84,11041.79,37.17,-11.44,-23.53,8.3029,-0.0115,-940.56,1989.29,20,2033,44,0.01,96.0,91.37,500,61.16,158.34,131.91,45.63,130.1,320261.45,101.27,265336.24,3.09,5.03
2020-03-25,16043.5,16525.67,15896.68,16375.81,0,2033.57,25816.64,11320.76,36.63,-0.55,-1.47,8.3065,0.0036,-4071.67,-2534.76,20,1925,82,0.01,96.0,87.34,500,61.16,158.34,131.91,45.63,130.1,331430.08,101.48,267361.15,3.06,5.03
2020-03-26,16419.74,16549.36,15208.52,15329.54,0,1937.36,24122.38,10535.22,49.62,12.99,35.46,8.2897,-0.0168,-3327.93,17.72,1900,91,118,20.879,96.0,92.63,500,61.16,158.34,131.91,45.63,130.1,322002.71,101.55,265100.93,3.12,5.03
2020-03-27,15312.28,16060.87,15185.32,15928.8,0,3391.43,24982.57,10954.86,36.45,-13.17,-26.54,8.2864,-0.0033,6968.27,-1603.62,20,2045,103,0.01,96.0,91.18,500,61.16,158.34,131.91,45.63,130.1,324014.66,101.44,262112.77,3.09,5.03
2020-03-30,15915.77,16347.01,15841.85,16271.44,0,3040.03,25300.08,11206.68,38.9,2.45,6.72,8.2865,0.0001,-2340.78,-3482.2,272,1819,61,0.15,96.0,84.65,500,61.16,158.34,131.91,45.63,130.1,323492.97,101.56,261558.46,3.14,5.03
2020-03-31,16277.23,16392.6,16068.29,16182.99,0,2979.58,25091.24,11113.17,41.29,2.39,6.15,8.2866,0.0001,-2219.49,1941.55,1114,817,48,1.364,96.0,89.46,500,61.16,158.34,131.91,45.63,130.1,333308.14,102.0,264491.39,3.18,5.03
2020-04-01,16200.52,16387.84,16123.58,16310.37,0,2554.78,25218.15,11134.8,42.8,1.51,3.66,8.2832,-0.0035,-495.78,743.91,640,1442,24,0.444,96.0,92.0,500,63.37,158.81,136.34,50.42,130.83,324234.88,101.75,264545.83,3.19,-23.9
2020-04-02,16310.35,17120.77,16228.58,17035.37,0,2596.31,26541.76,11628.68,35.63,-7.17,-16.75,8.281,-0.0022,1203.69,360.23,20,1913,110,0.01,96.0,85.14,500,63.37,158.81,136.34,50.42,130.83,311317.39,101.6,269830.1,3.15,-23.9
2020-04-03,17090.21,17340.77,17021.82,17271.66,0,4116.76,26843.86,11730.75,43.14,7.51,21.07,8.2836,0.0026,-1081.96,-1464.98,435,1653,90,0.263,96.0,88.34,500,63.37,158.81,136.34,50.42,130.83,309106.7,102.09,265360.07,3.14,-23.9
2020-04-06,17277.61,17392.24,17139.63,17254.1,0,1689.11,26928.27,11782.51,44.61,1.47,3.4,8.2807,-0.0029,6447.47,1808.06,846,1071,127,0.79,96.0,88.81,500,63.37,158.81,136.34,50.42,130.83,330446.05,102.24,258786.81,3.09,-23.9
2020-04-07,17208.28,17486.71,17052.06,17329.39,0,1601.49,27102.2,11841.65,43.36,-1.25,-2.81,8.2899,0.0092,7158.65,-1577.54,671,1243,122,0.54,96.0,87.79,500,63.37,158.81,136.34,50.42,130.83,345102.51,102.67,263910.88,3.04,-23.9
2020-04-08,17311.04,18121.31,17240.26,18047.51,0,2944.03,28303.75,12355.27,34.75,-8.61,-19.86,8.2967,0.0068,15.1,4105.91,20,1913,98,0.01,96.0,91.2,500,63.37,158.81,136.34,50.42,130.83,354424.77,102.47,263380.3,3.0,-23.9
2020-04-09,18032.2,18384.26,17913.59,18264.12,0,2068.11,28507.47,12362.91,42.23,7.48,21.53,8.3105,0.0138,-2392.87,-1555.05,767,1241,121,0.618,96.0,91.69,500,63.37,158.81,136.34,50.42,130.83,381113.04,102.98,265051.34,3.05,-23.9
2020-04-10,18280.41,18401.18,17619.67,17736.85,0,7020.21,27843.55,12019.66,47.65,5.42,12.84,8.2961,-0.0144,-335.16,-1603.44,1678,402,51,4.174,96.0,97.61,500,63.37,158.81,136.34,50.42,130.83,396981.18,102.86,261651.8,3.06,-23.9
2020-04-13,17788.84,18364.26,17639.73,18211.6,0,3704.11,28730.47,12367.88,40.29,-7.36,-15.45,8.2908,-0.0053,-988.9,299.21,25,1976,115,0.013,96.0,87.64,500,63.37,158.81,136.34,50.42,130.83,388874.76,103.02,265424.25,3.02,-23.9
2020-04-14,18222.23,18839.84,18198.76,18815.61,0,3141.26,29679.43,12861.87,41.93,1.64,4.08,8.2866,-0.0042,-1241.77,-3079.74,20,2039,74,0.01,96.0,96.13,500,63.37,158.81,136.34,50.42,130.83,374288.35,102.99,267049.46,3.06,-23.9
2020-04-15,18781.37,19327.33,18678.55,19222.1,0,4395.02,30578.05,13173.45,41.54,-0.38,-0.92,8.3096,0.023,1334.46,1866.27,306,1690,65,0.181,96.0,91.72,500,63.37,158.81,136.34,50.42,130.83,376165.07,102.4,268297.21,3.11,-23.9
2020-04-16,19211.02,19399.32,18536.75,18720.25,0,2921.3,29844.12,12795.74,18.7,-22.84,-54.98,8.3136,0.004,-3860.96,1400.01,1657,439,46,3.774,96.0,86.09,500,63.37,158.81,136.34,50.42,130.83,372958.8,101.72,271497.74,3.1,-23.9
2020-04-17,18722.82,18897.06,18164.6,18335.24,0,3151.09,29351.14,12481.18,20.24,1.54,8.25,8.3241,0.0105,-3289.8,422.51,1486,427,64,3.48,96.0,88.17,500,63.37,158.81,136.34,50.42,130.83,386165.16,101.42,276302.24,3.08,-23.9
2020-04-20,18308.74,18401.95,18088.15,18180.7,0,2995.01,29107.64,12353.1,15.99,-4.26,-21.02,8.2892,-0.0349,5392.94,3676.94,915,1164,50,0.786,96.0,89.12,500,63.37,158.81,136.34,50.42,130.83,394577.3,100.59,271728.46,3.13,-23.9
2020-04-21,18209.35,18342.69,18187.07,18320.27,0,2508.58,29317.65,12402.69,19.67,3.68,23.01,8.2755,-0.0137,-4442.3,557.73,384,1595,79,0.241,96.0,91.26,500,63.37,158.81,136.34,50.42,130.83,387556.27,101.17,270691.12,3.16,-23.9
2020-04-22,18303.81,18819.35,18231.02,18744.8,0,2753.61,29788.17,12677.99,17.55,-2.12,-10.79,8.2808,0.0053,1954.79,449.46,422,1671,105,0.253,96.0,91.6,500,63.37,158.81,136.34,50.42,130.83,396061.49,101.35,274977.13,3.13,-23.9
2020-04-23,18824.94,19437.69,18710.22,19319.95,0,3088.01,30854.25,13066.64,16.11,-1.43,-8.16,8.2687,-0.0122,1179.23,143.52,317,1625,58,0.195,96.0,84.65,500,63.37,158.81,136.34,50.42,130.83,393591.7,101.46,270081.89,3.16,-23.9
2020-04-24,19266.03,19441.86,19149.85,19325.33,0,2668.63,30684.75,12979.77,18.8,2.68,16.63,8.2806,0.012,-3701.62,1856.1,933,996,43,0.937,96.0,87.94,500,63.37,158.81,136.34,50.42,130.83,387677.26,101.24,273875.53,3.06,-23.9
2020-04-27,19265.88,20602.17,19108.47,20435.2,0,3025.78,32514.56,13646.01,12.08,-6.71,-35.72,8.2786,-0.0021,-1235.57,-854.11,20,2046,95,0.01,96.0,93.73,500,63.37,158.81,136.34,50.42,130.83,389248.05,101.04,274760.24,3.1,-23.9
2020-04-28,20390.72,20775.57,20362.26,20746.62,0,3390.41,33125.19,13868.09,14.85,2.76,22.88,8.2879,0.0093,-1600.68,2147.35,501,1557,61,0.322,96.0,84.47,500,63.37,158.81,136.34,50.42,130.83,399239.58,101.28,274538.2,3.07,-23.9
2020-04-29,20743.14,20782.61,20015.78,20053.94,0,1753.66,32108.17,13426.61,18.62,3.78,25.46,8.2883,0.0004,-2579.53,995.95,1591,420,62,3.788,96.0,83.41,500,63.37,158.81,136.34,50.42,130.83,408276.52,100.51,277342.4,3.03,-23.9
2020-04-30,19986.49,20714.5,19853.43,20577.5,0,2270.15,32920.91,13812.11,15.14,-3.49,-18.73,8.2947,0.0064,570.75,-66.99,20,2032,24,0.01,96.0,88.27,500,63.37,158.81,136.34,50.42,130.83,413290.56,100.32,275952.0,3.05,-23.9
2020-05-01,20602.73,21025.06,20555.38,20976.85,0,3941.2,33441.14,14054.99,12.6,-2.54,-16.77,8.2991,0.0045,449.71,601.14,477,1510,50,0.316,96.0,85.28,500,61.59,159.39,125.66,47.74,131.4,425140.31,99.99,275117.12,3.11,-23.9
2020-05-04,20903.04,21945.5,20743.41,21779.18,0,3160.24,34661.16,14596.03,15.41,2.82,22.35,8.2926,-0.0065,1503.8,1844.52,34,1939,31,0.018,96.0,85.48,500,61.59,159.39,125.66,47.74,131.4,420370.51,100.23,271575.88,3.07,-23.9
2020-05-05,21769.58,22076.37,21605.26,21910.99,0,4025.3,35160.42,14726.56,19.67,4.26,27.65,8.2801,-0.0125,2923.3,-3063.85,596,1471,79,0.405,96.0,91.31,500,61.59,159.39,125.66,47.74,131.4,424928.12,100.2,272306.56,2.96,-23.9
2020-05-06,21959.95,22149.11,21463.78,21650.28,0,3013.35,34932.38,14610.76,19.6,-0.08,-0.4,8.2628,-0.0174,-2044.51,-3162.39,793,1180,20,0.672,96.0,88.5,500,61.59,159.39,125.66,47.74,131.4,435943.42,99.82,274378.83,3.03,-23.9
2020-05-07,21599.93,21719.23,21286.06,21404.28,0,3107.96,34743.6,14454.87,19.35,-0.24,-1.25,8.2514,-0.0114,3215.24,-961.1,736,1355,94,0.543,96.0,90.61,500,61.59,159.39,125.66,47.74,131.4,445231.05,99.37,274758.49,3.05,-23.9
2020-05-08,21387.34,21935.22,21292.91,21838.8,0,1951.2,35549.94,14732.92,14.16,-5.19,-26.81,8.2455,-0.0059,208.01,1621.33,386,1606,49,0.24,96.0,88.54,500,61.59,159.39,125.66,47.74,131.4,452791.45,98.99,277271.86,3.06,-23.9
2020-05-11,21841.96,22205.22,21677.63,22039.4,0,3478.67,35673.14,14810.66,17.52,3.36,23.71,8.2491,0.0035,1694.51,3161.34,669,1294,54,0.517,96.0,90.35,500,61.59,159.39,125.66,47.74,131.4,461348.65,98.76,272352.89,3.09,-23.9
2020-05-12,22005.68,22193.23,21715.47,21902.14,0,4576.47,35326.14,14726.57,20.3,2.78,15.84,8.2665,0.0174,6385.66,-1833.2,873,1082,33,0.807,96.0,90.97,500,61.59,159.39,125.66,47.74,131.4,459825.79,99.58,272635.79,3.11,-23.9
2020-05-13,21918.59,22095.75,21335.85,21509.71,0,3323.22,34750.61,14459.85,21.82,1.52,7.48,8.2545,-0.012,5355.18,2786.65,1102,845,97,1.304,96.0,89.82,500,61.59,159.39,125.66,47.74,131.4,431799.08,99.7,272683.21,3.14,-23.9
2020-05-14,21410.78,21625.57,21089.48,21303.19,0,2413.6,34617.32,14390.75,20.31,-1.51,-6.9,8.2532,-0.0012,6868.58,2172.15,973,1032,64,0.943,96.0,83.42,500,61.59,159.39,125.66,47.74,131.4,422771.48,99.46,272080.68,3.18,-23.9
2020-05-15,21341.22,21998.68,21258.17,21913.4,0,2648.34,35793.51,14843.87,12.68,-7.63,-37.55,8.2551,0.0019,2505.05,2494.48,167,1754,97,0.095,96.0,87.39,500,61.59,159.39,125.66,47.74,131.4,425520.16,99.16,280203.92,3.13,-23.9
2020-05-18,21879.3,22796.37,21837.19,22752.58,0,2280.71,36859.72,15249.21,11.91,-0.78,-6.13,8.2459,-0.0091,-4092.7,-1806.69,20,1979,80,0.01,96.0,93.66,500,61.59,159.39,125.66,47.74,131.4,432392.74,99.14,277784.08,3.07,-23.9
2020-05-19,22826.47,22894.43,22693.12,22760.89,0,3717.88,36865.03,15179.87,20.78,8.87,74.53,8.2436,-0.0023,-1482.15,6127.21,758,1186,129,0.639,96.0,91.29,500,61.59,159.39,125.66,47.74,131.4,440207.2,99.76,282298.31,3.04,-23.9
2020-05-20,22734.3,22805.64,22663.19,22734.53,0,3686.09,36771.79,15024.94,20.79,0.01,0.06,8.2324,-0.0112,-399.04,2073.89,971,948,93,1.024,96.0,90.61,500,61.59,159.39,125.66,47.74,131.4,436931.91,99.63,285865.76,3.01,-23.9
2020-05-21,22698.77,22806.84,21692.81,21796.58,0,7039.6,35164.57,14410.41,23.6,2.81,13.5,8.2333,0.0009,4939.06,1815.69,1721,200,24,8.605,96.0,87.64,500,61.59,159.39,125.66,47.74,131.4,439661.99,99.73,298089.33,3.01,-23.9
2020-05-22,21835.57,22373.78,21675.58,22211.03,0,3425.68,35678.97,14668.02,16.07,-7.53,-31.9,8.2398,0.0065,264.55,1950.39,360,1682,72,0.214,96.0,93.26,500,61.59,159.39,125.66,47.74,131.4,427443.9,99.52,300880.62,2.94,-23.9
2020-05-25,22225.65,22473.6,22185.66,22433.24,0,1940.31,36139.37,14782.54,14.75,-1.32,-8.22,8.2519,0.0121,2335.07,-3098.64,984,1069,98,0.92,96.0,84.25,500,61.59,159.39,125.66,47.74,131.4,429617.11,98.75,294805.33,2.98,-23.9
2020-05-26,22383.54,23656.98,22308.53,23577.97,0,3498.07,37823.34,15479.31,12.37,-2.38,-16.13,8.2857,0.0337,-6329.36,-4894.81,20,2042,94,0.01,96.0,85.52,500,61.59,159.39,125.66,47.74,131.4,443553.45,99.51,295254.29,3.0,-23.9
2020-05-27,23523.85,23829.04,23375.39,23679.59,0,1804.04,37946.45,15482.51,19.34,6.97,56.32,8.2731,-0.0126,596.37,-751.01,700,1304,76,0.537,96.0,88.29,500,61.59,159.39,125.66,47.74,131.4,438378.01,99.76,299802.17,3.06,-23.9
2020-05-28,23691.08,23807.12,22966.93,23079.98,0,4285.14,37046.3,15090.9,21.86,2.52,13.03,8.2693,-0.0038,4566.47,3629.25,1441,591,37,2.438,96.0,83.5,500,61.59,159.39,125.66,47.74,131.4,437037.12,99.51,295221.34,3.06,-23.9
2020-05-29,23118.28,23281.55,22379.79,22538.97,0,1906.34,36034.16,14689.55,23.2,1.34,6.15,8.2803,0.011,-5446.85,-201.48,1588,413,112,3.845,96.0,87.53,500,61.59,159.39,125.66,47.74,131.4,449081.55,99.07,291604.5,3.07,-23.9
2020-06-01,22519.99,23559.2,22440.09,23475.91,0,2627.38,37461.77,15232.13,12.56,-10.64,-45.85,8.275,-0.0053,-66.58,-1990.63,20,1948,129,0.01,96.0,89.74,500,62.68,159.84,129.21,48.5,131.91,467091.87,98.73,293610.19,3.11,-23.9
2020-06-02,23508.85,23648.15,23267.67,23406.36,0,3906.56,37410.34,15132.83,19.15,6.59,52.42,8.2744,-0.0006,-4270.11,-1575.63,888,1101,124,0.807,96.0,92.79,500,62.68,159.84,129.21,48.5,131.91,476335.09,98.96,292484.8,3.16,-23.9
2020-06-03,23409.85,23626.12,23407.34,23623.59,0,3196.09,37761.86,15223.27,15.62,-3.53,-18.42,8.2762,0.0018,3104.64,1099.03,607,1306,57,0.465,96.0,87.22,500,62.68,159.84,129.21,48.5,131.91,473286.22,98.26,293528.8,3.16,-23.9
2020-06-04,23512.32,23681.93,22987.64,23154.67,0,2061.74,37019.3,14914.3,23.58,7.96,50.93,8.2814,0.0052,901.84,-1660.7,1400,567,46,2.469,96.0,98.0,500,62.68,159.84,129.21,48.5,131.91,462657.15,98.64,295147.21,3.16,-23.9
2020-06-05,23210.72,23266.21,22997.74,23052.86,0,4625.3,36982.67,14921.8,20.91,-2.67,-11.31,8.3021,0.0207,1519.93,1514.2,795,1296,28,0.613,96.0,80.95,500,62.68,159.84,129.21,48.5,131.91,463722.43,99.51,300149.32,3.13,-23.9
2020-06-08,23059.04,23149.11,22839.05,22928.61,0,2520.96,36848.31,14859.92,19.57,-1.34,-6.42,8.306,0.0039,601.81,877.47,633,1369,51,0.462,96.0,85.26,500,62.68,159.84,129.21,48.5,131.91,463620.36,98.71,299304.22,3.14,-23.9
2020-06-09,22954.24,23172.09,22455.76,22670.92,0,2969.34,36471.83,14690.01,18.8,-0.77,-3.92,8.289,-0.017,3594.27,-662.84,936,1161,38,0.806,96.0,85.97,500,62.68,159.84,129.21,48.5,131.91,447573.51,98.68,298386.35,3.06,-23.9
2020-06-10,22733.41,22901.15,22152.21,22316.88,0,1657.3,36198.33,14529.45,20.39,1.59,8.47,8.2935,0.0045,4817.48,-644.33,1271,804,116,1.581,96.0,85.93,500,62.68,159.84,129.21,48.5,131.91,446125.63,98.81,302851.9,3.08,-23.9
2020-06-11,22287.19,22736.48,22256.16,22704.86,0,3011.09,36881.98,14838.33,15.55,-4.84,-23.76,8.2867,-0.0068,6527.8,3111.51,384,1548,41,0.248,96.0,95.59,500,62.68,159.84,129.21,48.5,131.91,425251.5,99.18,307374.94,3.03,-23.9
2020-06-12,22678.92,24070.95,22545.75,23930.43,0,1900.76,38751.67,15698.44,9.0,-6.55,-42.12,8.2853,-0.0014,913.18,-1395.26,20,1909,55,0.01,96.0,96.1,500,62.68,159.84,129.21,48.5,131.91,420145.18,99.17,302489.73,3.04,-23.9
2020-06-15,23954.03,24985.91,23881.99,24911.0,0,5242.04,40184.15,16238.45,17.14,8.14,90.46,8.2645,-0.0208,-1597.83,1540.35,126,1866,27,0.068,96.0,86.56,500,62.68,159.84,129.21,48.5,131.91,418856.84,99.39,300326.61,3.01,-23.9
2020-06-16,24890.61,25383.79,24792.22,25283.85,0,2689.97,40580.42,16365.91,17.32,0.18,1.05,8.2747,0.0102,-579.11,1272.96,542,1452,66,0.373,96.0,90.51,500,62.68,159.84,129.21,48.5,131.91,426599.3,99.28,303281.88,3.02,-23.9
2020-06-17,25257.79,26045.13,25039.14,25821.61,0,1512.48,41451.86,16653.15,14.65,-2.67,-15.4,8.2855,0.0109,252.95,-1671.21,659,1383,33,0.477,96.0,88.22,500,62.68,159.84,129.21,48.5,131.91,432835.49,99.69,305841.68,3.02,-23.9
2020-06-18,25763.33,26052.53,25519.91,25808.68,0,3249.25,41636.47,16728.86,17.14,2.49,16.98,8.305,0.0195,-4348.5,5490.64,1002,949,40,1.056,96.0,90.85,500,62.68,159.84,129.21,48.5,131.91,422607.79,99.42,299551.37,2.99,-23.9
2020-06-19,25768.89,25940.38,24962.5,25129.73,0,4471.16,40800.11,16460.95,20.59,3.45,20.13,8.2878,-0.0173,-5548.94,-577.71,1380,525,34,2.629,96.0,86.68,500,62.68,159.84,129.21,48.5,131.91,413452.94,99.15,295690.99,2.98,-23.9
2020-06-22,25121.95,25234.48,24340.12,24449.63,0,4651.4,39876.9,15996.61,20.98,0.38,1.86,8.2804,-0.0074,-2386.17,472.6,1517,452,29,3.356,96.0,84.27,500,62.68,159.84,129.21,48.5,131.91,419420.35,98.77,295265.89,2.97,-23.9
2020-06-23,24495.92,25094.5,24351.8,24947.72,0,2882.21,40819.94,16332.44,18.17,-2.81,-13.38,8.2646,-0.0158,10001.73,-163.01,197,1814,128,0.109,96.0,97.65,500,62.68,159.84,129.21,48.5,131.91,413771.51,98.81,296597.9,2.98,-23.9
2020-06-24,24996.0,25656.9,24846.84,25504.7,0,3468.22,41874.6,16739.48,15.01,-3.16,-17.38,8.2624,-0.0022,3484.6,1471.37,356,1722,52,0.207,96.0,88.48,500,62.68,159.84,129.21,48.5,131.91,421269.4,98.53,292511.52,3.0,-23.9
2020-06-25,25445.41,25671.95,25047.64,25272.65,0,1270.26,41531.39,16631.13,18.7,3.69,24.56,8.2566,-0.0058,1364.98,-1278.12,1162,784,34,1.482,96.0,88.98,500,62.68,159.84,129.21,48.5,131.91,415611.15,98.95,293978.29,2.95,-23.9
2020-06-26,25327.18,25484.2,24986.23,25142.1,0,2798.16,41262.76,16513.48,14.04,-4.66,-24.93,8.2423,-0.0144,616.89,2005.69,805,1232,69,0.653,96.0,87.93,500,62.68,159.84,129.21,48.5,131.91,418956.08,99.0,296663.96,2.95,-23.9
2020-06-29,25180.35,25376.58,25101.25,25297.12,0,1963.6,41513.59,16598.63,18.45,4.41,31.42,8.2566,0.0144,-604.41,1060.76,694,1244,124,0.558,96.0,83.95,500,62.68,159.84,129.21,48.5,131.91,418681.99,99.13,296690.85,3.01,-23.9
2020-06-30,25296.79,25505.86,25137.52,25346.27,0,1844.53,41231.02,16538.8,17.81,-0.63,-3.42,8.2523,-0.0044,1307.22,326.14,869,1081,69,0.804,96.0,90.83,500,62.68,159.84,129.21,48.5,131.91,416739.18,98.87,297071.72,3.04,-23.9
2020-07-01,25447.73,25541.15,25332.68,25426.02,0,2635.06,41537.36,16548.35,17.12,-0.7,-3.91,8.2695,0.0172,-852.96,1793.45,655,1350,81,0.485,96.0,84.92,500,62.52,160.36,121.72,50.72,133.2,425843.77,99.35,297362.71,3.01,-23.9
2020-07-02,25376.08,25518.16,24199.56,24335.82,0,1609.64,39528.93,15842.33,26.04,8.92,52.14,8.2781,0.0086,-2069.93,2802.26,1900,112,89,16.964,96.0,87.74,500,62.52,160.36,121.72,50.72,133.2,418485.95,99.31,294092.5,3.05,-23.9
2020-07-03,24324.87,24552.0,24059.42,24286.19,0,1785.12,39439.61,15820.07,16.91,-9.13,-35.08,8.2714,-0.0066,2508.17,2899.64,792,1162,66,0.682,96.0,92.34,500,62.52,160.36,121.72,50.72,133.2,415808.85,99.81,294215.57,3.07,-23.9
2020-07-06,24241.32,25103.14,24119.65,24977.77,0,1831.27,40779.34,16326.7,14.11,-2.8,-16.55,8.2644,-0.007,6110.03,1633.49,108,1911,21,0.057,96.0,92.79,500,62.52,160.36,121.72,50.72,133.2,408060.32,99.77,290221.65,3.09,-23.9
2020-07-07,24998.96,25580.72,24800.03,25378.76,0,3065.68,40898.35,16397.26,18.89,4.79,33.92,8.2554,-0.009,-2113.3,-19.21,686,1271,67,0.54,96.0,88.82,500,62.52,160.36,121.72,50.72,133.2,415211.64,100.22,289357.19,3.08,-23.9
2020-07-08,25421.93,25606.6,24683.65,24864.26,0,2485.39,40269.85,16074.61,20.92,2.02,10.71,8.2559,0.0005,-397.57,3324.44,1407,583,71,2.413,96.0,89.35,500,62.52,160.36,121.72,50.72,133.2,398974.19,99.96,292077.27,3.05,-23.9
2020-07-09,24839.72,24946.83,24469.37,24575.34,0,3113.3,39740.46,15754.54,18.05,-2.87,-13.71,8.2923,0.0364,1518.94,45.09,1112,856,33,1.299,96.0,95.62,500,62.52,160.36,121.72,50.72,133.2,401487.39,99.36,287658.36,3.01,-23.9
2020-07-10,24642.36,24873.31,24580.1,24810.62,0,4292.11,40057.29,15913.25,18.4,0.35,1.94,8.2841,-0.0082,231.78,1266.25,681,1402,125,0.486,96.0,84.51,500,62.52,160.36,121.72,50.72,133.2,419318.13,98.82,283183.91,3.0,-23.9
2020-07-13,24750.94,25627.27,24628.69,25501.31,0,2221.41,41023.03,16387.49,12.6,-5.8,-31.51,8.2675,-0.0166,11.7,-475.12,20,1923,125,0.01,96.0,88.14,500,62.52,160.36,121.72,50.72,133.2,421018.24,98.8,279207.44,2.99,-23.9
2020-07-14,25462.31,25667.93,24635.82,24836.38,0,3702.38,40045.2,15996.27,23.41,10.81,85.75,8.2534,-0.0142,-605.09,1441.07,1657,286,60,5.794,96.0,94.29,500,62.52,160.36,121.72,50.72,133.2,419272.12,98.34,275757.65,2.97,-23.9
2020-07-15,24885.1,25074.56,24184.12,24369.66,0,4484.37,39312.58,15838.31,20.19,-3.22,-13.76,8.2556,0.0023,1568.54,1759.93,1165,898,88,1.297,96.0,80.58,500,62.52,160.36,121.72,50.72,133.2,405954.05,98.63,280550.15,3.03,-23.9
2020-07-16,24343.89,25289.24,24140.5,25079.7,0,3322.25,40541.91,16326.2,19.17,-1.01,-5.02,8.2406,-0.0151,1711.18,5954.29,239,1697,128,0.141,96.0,93.21,500,62.52,160.36,121.72,50.72,133.2,421033.34,98.25,281863.71,3.05,-23.9
2020-07-17,25189.52,25391.27,24401.01,24598.02,0,4771.2,39733.22,16065.62,15.77,-3.4,-17.74,8.2505,0.0099,3007.93,1069.11,1335,736,62,1.814,96.0,80.73,500,62.52,160.36,121.72,50.72,133.2,433611.59,98.22,285641.74,3.06,-23.9
2020-07-20,24663.57,25161.99,24553.56,25050.26,0,3070.19,40516.0,16358.54,13.16,-2.62,-16.59,8.245,-0.0055,536.81,-1004.51,343,1688,117,0.203,96.0,92.86,500,62.52,160.36,121.72,50.72,133.2,438818.33,98.81,285847.02,3.07,-23.9
2020-07-21,25018.28,25498.76,25015.97,25496.41,0,2554.68,41167.78,16516.98,17.13,3.98,30.23,8.229,-0.016,-2795.11,1866.78,92,1866,35,0.049,96.0,96.93,500,62.52,160.36,121.72,50.72,133.2,462480.62,98.98,287417.93,3.02,-23.9
2020-07-22,25450.31,25562.3,24450.14,24558.2,0,3765.81,39753.74,15902.5,26.24,9.11,53.16,8.2227,-0.0064,1637.16,-1827.16,1900,11,42,172.727,96.0,98.0,500,62.52,160.36,121.72,50.72,133.2,453686.68,98.9,291218.75,2.94,-23.9
2020-07-23,24493.3,25281.94,24390.03,25175.79,0,3315.45,40979.15,16326.27,10.73,-15.5,-59.09,8.2254,0.0027,-885.47,977.84,20,1920,37,0.01,96.0,87.72,500,62.52,160.36,121.72,50.72,133.2,465212.8,99.32,290689.91,2.88,-23.9
2020-07-24,25173.37,25334.17,24923.76,25084.0,0,2672.0,41023.56,16178.43,20.43,9.7,90.36,8.2254,0.0001,2602.18,1187.32,854,1196,115,0.714,96.0,92.15,500,62.52,160.36,121.72,50.72,133.2,464475.36,99.13,295363.33,2.91,-23.9
2020-07-27,25040.63,26423.62,24846.66,26220.51,0,3957.65,42735.34,16925.65,12.27,-8.17,-39.97,8.2016,-0.0239,2373.04,-401.1,20,1918,102,0.01,96.0,95.9,500,62.52,160.36,121.72,50.72,133.2,449661.57,98.85,292680.27,2.95,-23.9
2020-07-28,26188.86,26297.68,25378.31,25484.2,0,1464.53,41583.78,16573.38,17.98,5.71,46.57,8.2082,0.0066,-8951.74,1344.27,1633,316,83,5.168,96.0,90.26,500,62.52,160.36,121.72,50.72,133.2,455250.46,98.84,289628.32,2.94,-23.9
2020-07-29,25404.76,25417.22,24833.59,24845.78,0,2224.04,40693.91,16247.73,22.9,4.92,27.36,8.2264,0.0182,128.05,524.98,1341,665,53,2.017,96.0,84.02,500,62.52,160.36,121.72,50.72,133.2,458653.52,98.66,291016.61,2.93,-23.9
2020-07-30,24888.09,25114.16,23968.06,24187.76,0,2107.38,39685.25,15917.69,24.02,1.13,4.91,8.2053,-0.0211,-1471.29,-615.63,1136,934,124,1.216,96.0,83.72,500,62.52,160.36,121.72,50.72,133.2,457876.41,98.55,290209.42,2.87,-23.9
2020-07-31,24123.3,24278.16,23824.55,23978.47,0,4974.98,39298.67,15835.95,15.89,-8.13,-33.84,8.2266,0.0213,-2741.06,-414.74,1067,880,98,1.212,96.0,87.56,500,62.52,160.36,121.72,50.72,133.2,477064.76,98.67,293923.03,2.91,-23.9
2020-08-03,24010.63,24507.11,23818.32,24312.38,0,1955.96,40285.15,16087.79,13.93,-1.96,-12.33,8.2228,-0.0038,-1698.66,446.33,480,1525,24,0.315,96.0,84.8,500,62.94,160.68,124.89,49.77,133.25,471741.66,98.41,291315.75,2.93,-23.9
2020-08-04,24301.22,24530.81,24046.94,24276.29,0,4833.03,40297.24,16075.25,19.83,5.9,42.32,8.225,0.0022,-2064.39,-130.02,843,1171,63,0.72,96.0,87.24,500,62.94,160.68,124.89,49.77,133.25,490040.14,98.83,289204.62,2.96,-23.9
2020-08-05,24254.64,24437.66,23890.7,24072.35,0,3229.94,40005.34,16034.96,17.91,-1.92,-9.67,8.2239,-0.0012,-774.88,-2042.38,796,1108,75,0.718,96.0,90.28,500,62.94,160.68,124.89,49.77,133.25,492017.76,98.59,293199.81,2.93,-23.9
2020-08-06,24046.25,24516.22,23866.24,24334.06,0,1716.87,40236.03,16156.52,18.29,0.37,2.09,8.2442,0.0204,-534.77,-1550.02,381,1670,50,0.228,96.0,89.49,500,62.94,160.68,124.89,49.77,133.25,487351.37,99.61,299970.15,2.93,-23.9
2020-08-07,24385.9,24442.65,23438.87,23493.55,0,2662.06,38777.81,15616.85,21.73,3.44,18.82,8.2341,-0.0102,114.52,1880.85,1821,95,39,19.168,96.0,88.28,500,62.94,160.68,124.89,49.77,133.25,484106.68,99.84,297323.81,2.9,-23.9
2020-08-10,23552.95,23855.27,23473.8,23775.37,0,2800.57,39139.47,15674.66,18.11,-3.62,-16.64,8.2376,0.0035,-874.88,1514.88,728,1230,116,0.592,96.0,88.07,500,62.94,160.68,124.89,49.77,133.25,469050.47,99.46,295669.95,2.88,-23.9
2020-08-11,23799.73,24328.66,23780.21,24308.72,0,2546.5,40047.83,16044.75,13.74,-4.37,-24.12,8.238,0.0004,-463.5,1660.2,593,1370,31,0.433,96.0,90.98,500,62.94,160.68,124.89,49.77,133.25,458143.16,99.56,295388.0,2.93,-23.9
2020-08-12,24374.0,24505.97,23723.45,23852.6,0,4247.92,39463.66,15841.97,20.09,6.35,46.19,8.2582,0.0202,-797.95,-1411.19,990,953,53,1.039,96.0,89.86,500,62.94,160.68,124.89,49.77,133.25,453034.32,100.4,301868.46,2.95,-23.9
2020-08-13,23844.73,24034.17,23229.07,23415.1,0,2072.11,38925.85,15571.99,18.25,-1.84,-9.15,8.2477,-0.0105,-1560.23,-4542.16,1187,879,85,1.35,96.0,83.27,500,62.94,160.68,124.89,49.77,133.25,440506.63,99.8,299460.87,2.98,-23.9
2020-08-14,23349.33,24155.34,23312.57,24117.37,0,3276.94,40398.03,16218.05,13.13,-5.12,-28.05,8.2606,0.013,-3035.42,-1080.14,20,1898,117,0.011,96.0,91.08,500,62.94,160.68,124.89,49.77,133.25,430356.4,99.58,301971.18,2.98,-23.9
2020-08-17,24083.25,24200.67,24004.24,24121.54,0,3348.88,40482.33,16201.58,16.79,3.66,27.87,8.2584,-0.0023,359.89,-2871.92,762,1332,113,0.572,96.0,84.38,500,62.94,160.68,124.89,49.77,133.25,429118.78,99.76,300090.12,2.97,-23.9
2020-08-18,24113.66,24476.8,22829.17,23178.22,0,2195.53,38833.9,15601.59,21.55,4.76,28.33,8.2601,0.0017,87.43,-362.77,1581,373,106,4.239,96.0,87.11,500,62.94,160.68,124.89,49.77,133.25,416914.73,100.02,299358.49,2.92,-23.9
2020-08-19,23222.47,23579.92,23196.46,23553.54,0,2721.02,39556.57,15891.65,15.69,-5.86,-27.2,8.2489,-0.0112,-1714.01,-1097.9,628,1412,21,0.445,96.0,86.33,500,62.94,160.68,124.89,49.77,133.25,412075.66,100.32,298578.96,2.89,-23.9
2020-08-20,23560.21,23674.21,23420.34,23534.22,0,2254.67,39319.54,15814.83,14.93,-0.76,-4.85,8.2541,0.0053,-2616.47,-570.86,851,1184,126,0.719,96.0,93.03,500,62.94,160.68,124.89,49.77,133.25,395265.65,99.49,300986.7,2.98,-23.9
2020-08-21,23519.21,23979.14,23327.88,23785.64,0,5131.24,39633.37,15957.38,15.49,0.56,3.77,8.257,0.0028,2114.0,-1355.69,707,1303,73,0.543,96.0,93.52,500,62.94,160.68,124.89,49.77,133.25,384258.14,98.97,297587.11,3.0,-23.9
2020-08-24,23801.13,23990.82,22219.0,22397.51,0,3626.99,37369.83,15057.09,21.83,6.34,40.93,8.2642,0.0072,316.09,-1582.22,1900,22,54,86.364,96.0,90.39,500,62.94,160.68,124.89,49.77,133.25,389171.9,98.87,307100.26,2.94,-23.9
2020-08-25,22401.94,22705.58,22209.13,22511.82,0,1761.74,37950.73,15175.35,17.33,-4.5,-20.63,8.2606,-0.0035,-2317.53,-415.4,639,1385,35,0.461,96.0,85.76,500,62.94,160.68,124.89,49.77,133.25,391536.36,99.19,307411.28,2.95,-23.9
2020-08-26,22570.49,23195.67,22531.64,23155.8,0,2745.65,38721.13,15510.68,14.53,-2.8,-16.14,8.2524,-0.0082,-4070.01,-2805.55,338,1618,126,0.209,96.0,84.95,500,62.94,160.68,124.89,49.77,133.25,394923.45,98.58,304747.37,2.99,-23.9
2020-08-27,23068.23,23189.56,22530.16,22649.28,0,1798.31,37897.66,15138.72,20.55,6.03,41.47,8.2442,-0.0082,3828.65,-71.55,1653,280,57,5.904,96.0,87.78,500,62.94,160.68,124.89,49.77,133.25,414746.57,99.45,308095.85,3.0,-23.9
2020-08-28,22603.93,22832.47,22033.47,22258.52,0,2020.9,37090.48,14847.32,20.98,0.42,2.06,8.2626,0.0184,495.41,2639.89,1637,290,116,5.645,96.0,84.37,500,62.94,160.68,124.89,49.77,133.25,405207.54,99.08,310862.8,3.01,-23.9
2020-08-31,22331.09,22449.33,22221.14,22339.34,0,2188.56,37364.7,14900.86,15.68,-5.3,-25.27,8.2954,0.0328,315.67,714.19,949,1072,35,0.885,96.0,86.8,500,62.94,160.68,124.89,49.77,133.25,402571.64,98.92,309174.1,2.98,-23.9
2020-09-01,22354.94,22881.47,22245.76,22770.26,0,4133.81,38310.76,15275.83,12.49,-3.18,-20.3,8.2845,-0.011,-8117.07,-2637.94,112,1920,113,0.058,96.0,90.58,500,63.04,161.63,122.41,46.14,132.99,414515.34,98.9,308565.33,2.91,-23.9
2020-09-02,22783.62,23100.44,22586.93,22902.72,0,2904.79,38537.59,15386.63,15.95,3.46,27.67,8.289,0.0045,-2450.92,1382.07,655,1319,116,0.497,96.0,90.83,500,63.04,161.63,122.41,46.14,132.99,403271.43,99.45,309669.03,2.89,-23.9
2020-09-03,22905.91,23148.75,22322.81,22562.01,0,3122.58,37958.79,15069.71,22.17,6.22,39.01,8.2859,-0.0031,-1441.08,28.57,1206,828,52,1.457,96.0,89.25,500,63.04,161.63,122.41,46.14,132.99,410001.3,99.02,307614.27,2.94,-23.9
2020-09-04,22535.11,23054.68,22461.04,22979.15,0,2393.12,38711.3,15242.53,16.04,-6.14,-27.67,8.2655,-0.0204,2981.88,-1019.86,417,1526,128,0.273,96.0,90.75,500,63.04,161.63,122.41,46.14,132.99,414607.66,98.63,310319.58,2.93,-23.9
2020-09-07,22988.0,23090.93,22807.05,22909.64,0,3504.41,38604.2,15165.15,15.13,-0.91,-5.66,8.2663,0.0008,1947.64,1805.46,836,1213,78,0.689,96.0,87.13,500,63.04,161.63,122.41,46.14,132.99,425810.43,97.96,307635.11,2.96,-23.9
2020-09-08,22913.05,23281.95,22800.48,23168.13,0,2331.94,38962.15,15247.67,16.63,1.5,9.92,8.2758,0.0095,-3291.11,519.78,637,1277,106,0.499,96.0,88.7,500,63.04,161.63,122.41,46.14,132.99,451353.87,97.89,305919.04,2.93,-23.9
2020-09-09,23136.85,23394.03,23000.72,23257.2,0,3791.22,39217.61,15314.65,17.42,0.78,4.71,8.28,0.0042,-724.07,-273.61,675,1393,84,0.485,96.0,91.08,500,63.04,161.63,122.41,46.14,132.99,453701.26,97.83,302275.29,2.93,-23.9
2020-09-10,23213.9,23697.75,22952.42,23433.79,0,2803.66,39330.0,15374.15,20.26,2.85,16.36,8.2853,0.0053,-3799.91,1476.93,555,1500,97,0.37,96.0,88.18,500,63.04,161.63,122.41,46.14,132.99,454382.02,97.73,295539.84,2.96,-23.9
2020-09-11,23457.7,23923.27,23191.35,23654.68,0,2466.92,39939.76,15563.74,17.94,-2.33,-11.47,8.2751,-0.0102,-1543.36,-1743.32,550,1449,34,0.38,96.0,83.62,500,63.04,161.63,122.41,46.14,132.99,447773.12,97.63,297939.05,2.95,-23.9
2020-09-14,23619.74,24212.73,23581.83,24173.93,0,4316.35,40680.3,15861.34,15.63,-2.31,-12.86,8.2856,0.0105,909.36,-939.98,293,1726,127,0.17,96.0,88.96,500,63.04,161.63,122.41,46.14,132.99,455395.62,97.81,297460.67,2.92,-23.9
2020-09-15,24169.36,24428.03,23937.82,24196.24,0,4993.87,40779.65,15883.87,15.62,-0.02,-0.1,8.2819,-0.0037,1347.91,18.68,814,1189,92,0.685,96.0,93.59,500,63.04,161.63,122.41,46.14,132.99,456157.26,98.37,297014.07,2.9,-23.9
2020-09-16,24150.35,24538.75,24059.1,24446.39,0,2422.36,41223.97,16042.7,15.08,-0.54,-3.44,8.3037,0.0218,-723.87,-2887.63,553,1400,46,0.395,96.0,84.38,500,63.04,161.63,122.41,46.14,132.99,457000.43,97.72,297591.7,2.91,-23.9
2020-09-17,24384.28,24555.34,23175.29,23339.02,0,1741.43,39513.79,15380.86,21.05,5.97,39.57,8.303,-0.0007,-598.82,844.81,1732,210,118,8.248,96.0,90.34,500,63.04,161.63,122.41,46.14,132.99,442884.76,97.69,297145.07,3.0,-23.9
2020-09-18,23316.68,23416.11,22860.6,22958.51,0,1868.67,38740.66,14986.42,21.55,0.51,2.4,8.2939,-0.009,513.05,2598.36,1545,462,81,3.344,96.0,93.82,500,63.04,161.63,122.41,46.14,132.99,419775.24,97.62,300558.26,2.94,-23.9
2020-09-21,22966.52,23060.62,22250.93,22342.48,0,1457.62,37647.18,14531.63,21.06,-0.49,-2.26,8.275,-0.0189,-3502.44,2229.9,1782,211,108,8.445,96.0,85.7,500,63.04,161.63,122.41,46.14,132.99,409182.73,97.42,302136.51,2.95,-23.9
2020-09-22,22303.93,23024.86,22140.4,22857.28,0,2037.29,38773.39,14941.02,14.62,-6.44,-30.6,8.2692,-0.0058,3595.44,1728.82,264,1776,96,0.149,96.0,90.85,500,63.04,161.63,122.41,46.14,132.99,403820.47,97.25,298437.47,2.97,-23.9
2020-09-23,22823.03,23261.94,22612.57,23049.39,0,1298.69,39025.37,15057.03,18.03,3.41,23.32,8.2427,-0.0266,-566.56,2269.19,563,1423,60,0.396,96.0,83.39,500,63.04,161.63,122.41,46.14,132.99,393554.36,97.21,296321.6,2.95,-23.9
2020-09-24,23034.53,23724.59,22861.64,23547.85,0,3066.21,40256.04,15491.51,14.71,-3.32,-18.41,8.2491,0.0064,-2569.5,-367.83,240,1720,41,0.14,96.0,86.71,500,63.04,161.63,122.41,46.14,132.99,409722.23,97.12,300332.49,2.91,-23.9
2020-09-25,23595.36,23648.01,23224.71,23276.65,0,6323.89,39698.4,15351.19,15.11,0.4,2.71,8.2549,0.0058,-1349.47,2923.02,1293,713,39,1.813,96.0,95.67,500,63.04,161.63,122.41,46.14,132.99,388427.64,97.52,306575.96,2.87,-23.9
2020-09-28,23352.36,23637.37,23085.57,23370.37,0,2426.59,40136.15,15506.92,15.39,0.28,1.87,8.2574,0.0025,3163.41,3403.66,702,1351,48,0.52,96.0,90.57,500,63.04,161.63,122.41,46.14,132.99,394065.94,96.97,303679.27,2.86,-23.9
2020-09-29,23279.82,23657.43,23118.72,23494.84,0,1775.91,40493.62,15626.89,18.17,2.78,18.07,8.2473,-0.0101,4526.93,1337.7,811,1273,28,0.637,96.0,88.54,500,63.04,161.63,122.41,46.14,132.99,414473.67,97.17,306407.07,2.87,-23.9
2020-09-30,23518.98,23697.43,23177.72,23354.92,0,3658.06,40163.19,15535.0,17.43,-0.74,-4.07,8.2501,0.0028,-4313.52,510.57,1086,1010,110,1.075,96.0,95.71,500,63.04,161.63,122.41,46.14,132.99,435880.33,97.41,309654.84,2.82,-23.9
2020-10-01,23317.67,24040.55,23154.36,23873.34,0,3464.04,40888.7,15748.58,15.63,-1.8,-10.35,8.2535,0.0033,2759.24,-685.04,392,1652,103,0.237,96.0,88.19,500,62.34,162.42,115.47,53.0,132.62,444119.35,97.25,312651.89,2.81,4.77
2020-10-02,23883.89,24049.68,23252.68,23415.22,0,1897.86,40354.12,15466.13,21.26,5.63,36.01,8.2695,0.016,474.8,145.76,1414,683,90,2.07,96.0,89.99,500,62.34,162.42,115.47,53.0,132.62,444784.41,97.39,302674.04,2.85,4.77
2020-10-05,23400.19,23481.54,22507.65,22586.17,0,2372.7,39048.32,15005.44,21.48,0.23,1.06,8.2813,0.0119,-481.07,-178.21,1617,421,92,3.841,96.0,83.12,500,62.34,162.42,115.47,53.0,132.62,441802.35,97.31,305824.1,2.86,4.77
2020-10-06,22607.45,23009.31,22499.13,22899.59,0,5842.62,39312.33,15127.4,19.82,-1.67,-7.75,8.2749,-0.0064,-3000.53,-588.71,809,1272,37,0.636,96.0,80.18,500,62.34,162.42,115.47,53.0,132.62,426767.89,97.36,308615.95,2.87,4.77
2020-10-07,22934.33,23039.09,22724.57,22828.85,0,6755.6,39150.53,15006.56,18.83,-0.99,-4.98,8.2976,0.0226,-111.26,-162.98,874,1217,25,0.718,96.0,84.62,500,62.34,162.42,115.47,53.0,132.62,430985.4,97.1,308151.22,2.85,4.77
2020-10-08,22866.12,23279.2,22727.64,23139.06,0,2523.68,39692.36,15248.58,13.05,-5.78,-30.72,8.3013,0.0038,2030.33,-753.19,310,1639,24,0.189,96.0,89.75,500,62.34,162.42,115.47,53.0,132.62,445795.48,97.0,306333.3,2.9,4.77
2020-10-09,23172.2,23438.2,23086.28,23351.62,0,2520.62,40007.08,15339.37,18.92,5.88,45.05,8.3117,0.0104,-1660.99,-639.32,606,1470,97,0.412,96.0,92.66,500,62.34,162.42,115.47,53.0,132.62,450717.04,97.09,309941.98,2.85,4.77
2020-10-12,23348.71,23403.94,22624.67,22678.32,0,2627.75,39051.67,14901.36,19.62,0.69,3.66,8.3184,0.0067,-3661.29,-2026.59,1400,636,84,2.201,96.0,91.5,500,62.34,162.42,115.47,53.0,132.62,457023.6,97.42,313581.39,2.9,4.77
2020-10-13,22738.39,23387.58,22527.99,23173.16,0,2903.58,39939.73,15201.52,15.48,-4.13,-21.07,8.3154,-0.0031,3201.02,2849.64,153,1837,121,0.083,96.0,90.37,500,62.34,162.42,115.47,53.0,132.62,448760.66,97.45,316752.6,2.95,4.77
2020-10-14,23130.69,24006.58,22788.15,23656.25,0,3738.07,40569.62,15403.93,17.59,2.11,13.6,8.3113,-0.004,-1257.55,3692.94,476,1537,32,0.31,96.0,92.34,500,62.34,162.42,115.47,53.0,132.62,442481.03,97.09,322307.98,2.93,4.77
2020-10-15,23584.1,24137.23,23391.47,23941.68,0,2966.48,41028.67,15514.96,16.28,-1.31,-7.44,8.3181,0.0067,820.03,-829.37,619,1480,91,0.418,96.0,90.04,500,62.34,162.42,115.47,53.0,132.62,457080.85,96.98,327915.91,2.93,4.77
2020-10-16,24018.65,24130.8,23796.36,23907.99,0,3886.35,40818.0,15381.62,16.54,0.26,1.57,8.3151,-0.0029,-2464.25,-268.85,940,996,112,0.944,96.0,90.37,500,62.34,162.42,115.47,53.0,132.62,465793.13,96.82,328948.24,2.93,4.77
2020-10-19,23827.05,24843.3,23738.61,24751.42,0,2214.95,42250.49,15913.82,13.65,-2.88,-17.44,8.3133,-0.0019,776.5,275.24,20,2076,112,0.01,96.0,90.9,500,62.34,162.42,115.47,53.0,132.62,475080.84,96.59,318430.81,2.93,4.77
2020-10-20,24770.69,25152.2,24721.99,25102.84,0,3136.72,42684.46,16110.47,12.52,-1.14,-8.33,8.3024,-0.0109,-3587.39,-1040.9,538,1448,43,0.372,96.0,80.82,500,62.34,162.42,115.47,53.0,132.62,456655.86,96.49,319918.02,2.95,4.77
2020-10-21,25060.8,25197.94,24895.2,25032.19,0,2637.57,42761.4,16111.31,16.39,3.87,30.92,8.2964,-0.006,-3807.28,2307.84,797,1176,112,0.678,96.0,85.82,500,62.34,162.42,115.47,53.0,132.62,458439.37,96.84,318802.81,3.0,4.77
2020-10-22,25043.96,26105.91,24841.99,25897.06,0,6255.2,44251.55,16581.71,13.57,-2.81,-17.16,8.2818,-0.0145,1116.78,4361.9,99,1918,126,0.052,96.0,93.21,500,62.34,162.42,115.47,53.0,132.62,429723.2,96.01,323847.35,2.96,4.77
2020-10-23,25875.01,25972.82,25859.06,25956.82,0,3582.83,44091.45,16565.04,17.84,4.26,31.4,8.2602,-0.0217,109.47,3909.46,1043,1009,90,1.034,96.0,84.41,500,62.34,162.42,115.47,53.0,132.62,440158.81,95.91,327683.86,2.9,4.77
2020-10-26,25934.6,26254.13,25371.19,25687.68,0,2487.98,43625.1,16336.77,21.7,3.86,21.64,8.2694,0.0093,-2038.42,-2536.14,1186,864,31,1.373,96.0,92.82,500,62.34,162.42,115.47,53.0,132.62,425130.61,95.05,327953.36,2.85,4.77
2020-10-27,25639.17,25939.26,23883.62,24166.48,0,2964.17,41369.35,15517.88,29.89,8.19,37.76,8.3074,0.0379,9477.19,2785.79,1900,113,27,16.814,96.0,89.74,500,62.34,162.42,115.47,53.0,132.62,431139.93,94.43,328897.62,2.86,4.77
2020-10-28,24186.4,24407.36,23880.93,24101.11,0,3296.86,41057.56,15446.66,19.76,-10.13,-33.89,8.3038,-0.0035,1601.9,1988.88,1074,967,58,1.111,96.0,89.58,500,62.34,162.42,115.47,53.0,132.62,431083.79,94.01,331865.75,2.89,4.77
2020-10-29,24065.79,24273.23,23356.37,23559.45,0,2012.65,40250.3,15106.5,19.43,-0.33,-1.68,8.2869,-0.0169,518.08,-1235.02,1519,472,118,3.218,96.0,90.54,500,62.34,162.42,115.47,53.0,132.62,419454.48,94.31,323423.4,2.92,4.77
2020-10-30,23592.03,23969.39,23434.36,23810.26,0,2600.16,40440.53,15219.22,20.9,1.48,7.6,8.2922,0.0053,5783.33,-2925.25,431,1519,119,0.284,96.0,90.39,500,62.34,162.42,115.47,53.0,132.62,413135.65,94.32,322188.18,2.93,4.77
2020-11-02,23876.43,24258.72,23742.84,24123.75,0,3211.39,41107.41,15357.44,14.64,-6.26,-29.95,8.2936,0.0014,-1166.11,3102.38,489,1587,85,0.308,96.0,88.74,500,64.07,163.17,124.06,51.17,132.27,424164.3,94.15,327734.37,2.83,4.77
2020-11-03,24067.17,24473.05,23871.01,24275.19,0,2070.36,41181.1,15473.84,18.27,3.62,24.75,8.2887,-0.0049,2265.18,335.09,757,1297,104,0.584,96.0,84.79,500,64.07,163.17,124.06,51.17,132.27,443250.77,94.02,325558.79,2.89,4.77
2020-11-04,24289.67,24396.01,23926.93,24032.14,0,3840.66,40969.01,15339.58,19.27,1.0,5.5,8.3024,0.0137,-2450.96,3127.15,1049,872,99,1.203,96.0,93.69,500,64.07,163.17,124.06,51.17,132.27,444892.13,93.89,332055.21,2.95,4.77
2020-11-05,24055.21,24289.86,23921.76,24155.86,0,5003.08,41094.1,15392.22,17.74,-1.53,-7.95,8.295,-0.0074,1600.69,5224.73,745,1233,61,0.604,96.0,83.34,500,64.07,163.17,124.06,51.17,132.27,451311.67,93.92,331778.65,2.99,4.77
2020-11-06,24204.17,24342.62,23265.99,23399.84,0,1702.0,39806.78,14941.99,21.03,3.29,18.55,8.2838,-0.0112,2797.16,2915.64,1711,370,68,4.624,96.0,94.71,500,64.07,163.17,124.06,51.17,132.27,445390.38,93.52,325892.58,2.99,4.77
2020-11-09,23390.05,23416.25,23064.19,23090.06,0,2136.67,39501.15,14747.59,22.9,1.87,8.89,8.272,-0.0118,-989.62,887.81,648,1404,70,0.462,96.0,91.8,500,64.07,163.17,124.06,51.17,132.27,453882.95,93.29,323887.33,2.97,4.77
2020-11-10,23129.75,23174.42,22263.22,22306.31,0,2708.91,38323.99,14270.96,22.96,0.06,0.28,8.2569,-0.0151,8127.38,-1217.54,1664,316,81,5.266,96.0,90.43,500,64.07,163.17,124.06,51.17,132.27,439671.48,93.74,333951.22,2.96,4.77
2020-11-11,22325.86,22416.16,21812.58,21901.16,0,2979.33,37759.55,14029.19,20.06,-2.9,-12.63,8.2258,-0.0311,2914.34,698.91,931,992,28,0.939,96.0,86.41,500,64.07,163.17,124.06,51.17,132.27,432034.0,93.54,335498.71,2.96,4.77
2020-11-12,21930.55,22978.83,21781.04,22823.23,0,2296.64,39292.49,14535.91,11.76,-8.3,-41.37,8.2091,-0.0166,-1633.65,714.64,20,1889,64,0.011,96.0,87.25,500,64.07,163.17,124.06,51.17,132.27,435037.56,93.65,346641.87,2.94,4.77
2020-11-13,22847.23,23113.33,22725.04,22990.38,0,2175.65,39481.88,14641.55,13.15,1.39,11.85,8.1945,-0.0147,-271.08,359.16,938,1001,36,0.937,96.0,87.29,500,64.07,163.17,124.06,51.17,132.27,424925.72,93.91,356325.64,2.98,4.77
2020-11-16,22998.96,23551.45,22830.44,23380.14,0,2908.12,40304.18,14810.94,15.66,2.51,19.04,8.1938,-0.0007,3425.04,-5906.0,398,1646,88,0.242,96.0,86.04,500,64.07,163.17,124.06,51.17,132.27,432066.88,94.28,355831.35,2.95,4.77
2020-11-17,23385.25,23470.81,23367.34,23452.85,0,2371.38,40529.34,14878.29,16.43,0.77,4.9,8.1887,-0.0052,648.85,-949.16,601,1372,53,0.438,96.0,95.65,500,64.07,163.17,124.06,51.17,132.27,424768.05,94.18,356298.72,2.98,4.77
2020-11-18,23453.42,23591.02,23364.18,23501.6,0,2792.58,40781.37,15033.58,14.71,-1.72,-10.46,8.1849,-0.0038,-1539.93,3128.48,629,1315,119,0.478,96.0,87.44,500,64.07,163.17,124.06,51.17,132.27,439238.41,94.53,357208.03,2.98,4.77
2020-11-19,23532.38,24668.34,23284.32,24411.02,0,4004.46,41985.34,15520.56,13.83,-0.88,-6.01,8.1813,-0.0035,-803.89,-1035.52,83,1932,80,0.043,96.0,92.06,500,64.07,163.17,124.06,51.17,132.27,451124.29,94.78,353212.52,3.01,4.77
2020-11-20,24465.61,24768.65,24180.01,24482.84,0,2851.4,41963.49,15446.81,16.63,2.81,20.32,8.1963,0.015,-23.71,-2983.18,1138,795,63,1.431,96.0,91.04,500,64.07,163.17,124.06,51.17,132.27,428369.67,95.62,353006.65,3.02,4.77
2020-11-23,24512.07,25274.67,24452.33,25213.22,0,1985.35,43392.44,16039.65,13.69,-2.94,-17.69,8.2042,0.0079,172.81,1020.1,538,1501,99,0.358,96.0,85.61,500,64.07,163.17,124.06,51.17,132.27,421041.02,95.31,353661.38,3.03,4.77
2020-11-24,25294.39,25376.25,25033.11,25114.39,0,1830.1,42974.19,15882.32,21.29,7.59,55.47,8.2098,0.0057,-3431.43,-321.92,1189,835,80,1.424,96.0,86.96,500,64.07,163.17,124.06,51.17,132.27,428162.67,95.73,358613.47,3.02,4.77
2020-11-25,25144.14,25204.32,25079.0,25139.18,0,2982.76,42990.63,15901.68,17.84,-3.45,-16.2,8.2066,-0.0032,4759.47,6408.11,1037,866,63,1.197,96.0,93.92,500,64.07,163.17,124.06,51.17,132.27,407778.48,95.4,357603.52,3.03,4.77
2020-11-26,25117.61,26178.02,25031.06,26088.13,0,880.72,44596.53,16543.43,10.79,-7.04,-39.49,8.2106,0.004,-627.54,198.59,20,2021,70,0.01,96.0,89.63,500,64.07,163.17,124.06,51.17,132.27,416392.86,95.27,359084.64,3.03,4.77
2020-11-27,26117.6,26567.43,25908.91,26356.83,0,1594.07,44740.3,16685.54,15.22,4.43,41.04,8.2109,0.0003,-1439.24,-1077.13,721,1306,128,0.552,96.0,89.71,500,64.07,163.17,124.06,51.17,132.27,401797.22,94.35,358971.26,3.01,4.77
2020-11-30,26281.62,26734.24,26134.92,26585.83,0,3783.72,45058.69,16843.39,13.99,-1.24,-8.12,8.2282,0.0173,3058.34,-1465.78,340,1749,65,0.194,96.0,93.22,500,64.07,163.17,124.06,51.17,132.27,422101.39,93.88,351658.92,2.97,4.77
2020-12-01,26565.0,26714.67,25831.2,25977.57,0,2761.96,44423.52,16671.63,19.93,5.94,42.46,8.2277,-0.0005,3826.66,2260.44,899,1187,74,0.757,96.0,89.36,500,63.45,164.01,116.6,51.81,132.14,424352.0,94.14,348544.9,3.01,4.77
2020-12-02,25971.59,26743.09,25850.58,26619.06,0,2750.77,45835.69,17145.18,11.92,-8.01,-40.19,8.223,-0.0046,1642.79,-707.78,82,2010,85,0.041,96.0,88.34,500,63.45,164.01,116.6,51.81,132.14,418522.85,94.05,350278.8,2.99,4.77
2020-12-03,26563.56,26855.73,26425.96,26717.34,0,1940.35,45874.62,17183.37,16.67,4.75,39.87,8.2185,-0.0045,4957.6,3260.14,829,1121,50,0.74,96.0,93.87,500,63.45,164.01,116.6,51.81,132.14,399227.19,94.01,347189.71,2.97,4.77
2020-12-04,26712.19,26864.1,25270.9,25415.43,0,3079.04,43655.33,16381.96,26.52,9.85,59.07,8.2097,-0.0088,3161.18,2117.6,1900,187,95,10.16,96.0,97.84,500,63.45,164.01,116.6,51.81,132.14,406925.93,93.6,352605.64,2.97,4.77
2020-12-07,25393.92,25609.45,25288.91,25503.98,0,1297.89,43745.32,16441.71,19.31,-7.2,-27.17,8.2121,0.0024,-6089.04,1622.12,629,1377,58,0.457,96.0,91.58,500,63.45,164.01,116.6,51.81,132.14,419610.16,93.9,356977.06,2.93,4.77
2020-12-08,25484.11,25729.2,24632.38,24871.58,0,2570.25,42867.56,16112.09,21.61,2.3,11.9,8.2109,-0.0012,-832.47,2454.56,1342,606,62,2.215,96.0,89.17,500,63.45,164.01,116.6,51.81,132.14,421325.31,94.12,358898.47,2.95,4.77
2020-12-09,24755.13,25417.65,24458.12,25116.3,0,2397.92,43453.62,16236.99,15.35,-6.26,-28.96,8.2168,0.0059,6115.13,667.11,456,1544,39,0.295,96.0,92.49,500,63.45,164.01,116.6,51.81,132.14,434929.98,94.28,361018.66,2.96,4.77
2020-12-10,25127.7,25899.85,24930.29,25697.96,0,3579.97,44394.81,16632.6,15.12,-0.23,-1.49,8.2027,-0.014,6217.37,-1250.62,330,1605,121,0.206,96.0,96.02,500,63.45,164.01,116.6,51.81,132.14,434079.89,94.39,355435.19,2.95,4.77
2020-12-11,25580.02,26376.21,25389.77,26181.49,0,3656.4,45006.28,16903.34,14.76,-0.36,-2.37,8.2167,0.014,3075.89,3716.67,448,1598,122,0.28,96.0,85.09,500,63.45,164.01,116.6,51.81,132.14,460695.14,94.07,359712.66,2.97,4.77
2020-12-14,26224.46,26860.8,26079.09,26712.73,0,3959.42,45995.04,17270.45,14.97,0.21,1.41,8.2147,-0.002,2202.25,-1362.85,319,1696,41,0.188,96.0,85.11,500,63.45,164.01,116.6,51.81,132.14,482655.25,93.96,357877.16,2.97,4.77
2020-12-15,26759.69,27139.19,26632.21,27010.52,0,2268.12,46628.33,17428.28,18.25,3.28,21.92,8.222,0.0072,-6352.77,1086.35,806,1133,47,0.711,96.0,90.88,500,63.45,164.01,116.6,51.81,132.14,493137.35,93.79,355379.48,2.96,4.77
2020-12-16,27032.25,27078.61,26936.57,26982.85,0,4625.18,46427.51,17365.82,18.27,0.01,0.07,8.2205,-0.0015,3333.52,-284.66,650,1402,126,0.464,96.0,88.37,500,63.45,164.01,116.6,51.81,132.14,500777.17,93.75,359892.54,2.98,4.77
2020-12-17,26982.36,27235.86,26464.85,26715.85,0,3238.11,46213.6,17218.96,19.01,0.74,4.05,8.217,-0.0035,2626.7,1900.98,794,1289,56,0.616,96.0,89.06,500,63.45,164.01,116.6,51.81,132.14,491009.0,93.61,355747.8,2.94,4.77
2020-12-18,26634.18,27128.15,26533.25,27025.73,0,6914.74,47079.72,17619.27,18.55,-0.46,-2.43,8.2404,0.0234,327.78,2629.96,228,1708,73,0.133,96.0,92.4,500,63.45,164.01,116.6,51.81,132.14,496765.32,93.23,359830.13,2.97,4.77
2020-12-21,27078.04,27282.08,26525.07,26726.46,0,2155.92,46750.0,17572.62,18.54,-0.01,-0.05,8.2517,0.0113,1388.69,976.8,730,1239,116,0.589,96.0,88.91,500,63.45,164.01,116.6,51.81,132.14,491363.88,93.3,362527.39,3.01,4.77
2020-12-22,26644.93,27047.04,26570.05,26971.24,0,1722.94,47323.6,17778.74,21.05,2.51,13.55,8.2264,-0.0253,-820.49,1384.87,612,1319,50,0.464,96.0,95.78,500,63.45,164.01,116.6,51.81,132.14,493982.52,92.79,358941.14,3.05,4.77
2020-12-23,26987.43,27437.04,26751.59,27199.35,0,3888.75,47719.36,18009.18,14.24,-6.81,-32.37,8.2317,0.0054,-2179.54,-1396.92,735,1165,88,0.631,96.0,94.3,500,63.45,164.01,116.6,51.81,132.14,497030.45,92.67,357954.21,3.05,4.77
2020-12-24,27268.11,27435.53,26316.2,26478.78,0,2488.57,46787.14,17568.31,21.75,7.51,52.77,8.2307,-0.0011,-883.24,1534.62,1492,475,71,3.141,96.0,93.69,500,63.45,164.01,116.6,51.81,132.14,510407.58,92.64,355798.94,3.04,4.77
2020-12-25,26449.33,27488.35,26338.15,27373.28,0,1900.05,48274.62,18151.56,15.43,-6.32,-29.06,8.2246,-0.006,6864.92,1536.41,20,2025,34,0.01,96.0,85.76,500,63.45,164.01,116.6,51.81,132.14,516277.2,93.05,352996.97,3.07,4.77
2020-12-28,27426.06,28254.77,27127.03,27950.03,0,3966.25,49542.52,18659.59,16.42,0.99,6.43,8.2507,0.0261,-1632.85,1670.89,399,1645,64,0.243,96.0,86.79,500,63.45,164.01,116.6,51.81,132.14,489092.97,92.98,359634.15,3.09,4.77
2020-12-29,28002.17,28066.48,27541.31,27604.7,0,3001.76,48855.74,18449.74,21.84,5.42,33.02,8.24,-0.0107,2852.91,888.85,1268,792,70,1.601,96.0,85.63,500,63.45,164.01,116.6,51.81,132.14,481783.38,92.57,360658.09,3.08,4.77
2020-12-30,27480.31,28464.16,27277.43,28255.56,0,3216.92,49958.25,18854.75,14.31,-7.53,-34.47,8.2545,0.0145,1460.74,1433.35,225,1746,67,0.129,96.0,88.55,500,63.45,164.01,116.6,51.81,132.14,485452.43,93.07,356939.46,3.08,4.77
2020-12-31,28236.15,28386.35,27949.19,28098.66,0,2241.38,49733.21,18843.05,14.73,0.41,2.89,8.2556,0.001,554.23,892.43,815,1115,48,0.731,96.0,95.19,500,63.45,164.01,116.6,51.81,132.14,493185.72,93.32,352048.59,3.02,4.77
2021-01-01,28079.63,28304.9,27800.56,28025.4,0,3911.35,49344.59,18705.79,17.53,2.8,19.03,8.2642,0.0086,324.52,2898.09,1171,849,53,1.379,96.0,90.18,500,61.53,164.65,120.75,53.77,132.78,499277.05,93.42,358407.36,3.01,4.88
2021-01-04,28045.68,28287.79,27672.55,27913.52,0,3211.61,49308.88,18674.56,20.01,2.48,14.13,8.2756,0.0114,-1545.8,1702.53,915,1072,32,0.854,96.0,88.1,500,61.53,164.65,120.75,53.77,132.78,509511.15,93.99,358043.41,2.99,4.88
2021-01-05,27948.85,28056.55,27723.14,27830.39,0,3078.6,49256.51,18693.27,18.35,-1.65,-8.26,8.2866,0.011,1811.61,-226.14,792,1109,41,0.714,96.0,98.0,500,61.53,164.65,120.75,53.77,132.78,530254.2,94.04,353003.21,2.98,4.88
2021-01-06,27875.12,28100.9,27619.44,27844.96,0,4557.16,49308.56,18784.72,17.5,-0.86,-4.66,8.2763,-0.0103,-4442.81,-696.01,786,1267,103,0.62,96.0,82.17,500,61.53,164.65,120.75,53.77,132.78,531056.85,94.4,354827.12,2.97,4.88
2021-01-07,27803.95,28109.99,27669.81,27975.02,0,2951.73,49420.84,18912.36,18.66,1.16,6.61,8.2934,0.0171,-1457.33,3116.13,748,1329,25,0.563,96.0,91.99,500,61.53,164.65,120.75,53.77,132.78,514776.22,94.23,355829.36,2.92,4.88
2021-01-08,28061.68,28177.57,27757.28,27872.39,0,2998.24,49376.65,18905.61,16.77,-1.88,-10.1,8.2943,0.0009,-933.86,-70.06,1065,891,76,1.195,96.0,92.22,500,61.53,164.65,120.75,53.77,132.78,530197.28,94.36,353720.41,2.87,4.88
2021-01-11,27927.27,28039.72,27802.96,27915.36,0,3973.13,49356.56,18963.19,19.53,2.76,16.46,8.3092,0.015,246.61,-1315.37,517,1427,62,0.362,96.0,91.65,500,61.53,164.65,120.75,53.77,132.78,522037.87,94.03,357736.84,2.9,4.88
2021-01-12,27950.28,28022.03,27419.84,27490.41,0,4665.45,48516.09,18731.71,17.99,-1.54,-7.88,8.3024,-0.0068,1423.48,-1130.78,812,1214,81,0.669,94.89,78.61,500,61.53,164.65,120.75,53.77,132.78,512052.14,94.03,364920.3,2.9,4.88
2021-01-13,27526.86,27860.96,27269.11,27602.49,0,4049.78,48721.87,18769.62,15.08,-2.92,-16.21,8.298,-0.0044,3618.47,2782.85,604,1441,45,0.419,94.06,84.62,500,61.53,164.65,120.75,53.77,132.78,522381.93,94.95,360788.09,2.86,4.88
2021-01-14,27564.41,27801.92,27089.53,27324.98,0,2666.11,48243.16,18642.96,21.33,6.25,41.48,8.2977,-0.0003,5446.35,827.56,1010,905,123,1.116,95.47,83.4,500,61.53,164.65,120.75,53.77,132.78,535520.42,94.62,361808.47,2.84,4.88
2021-01-15,27356.73,27698.61,26482.62,26817.77,0,4911.89,47524.85,18340.57,20.18,-1.15,-5.41,8.2983,0.0007,781.77,-1119.02,1095,933,69,1.174,93.14,81.4,500,61.53,164.65,120.75,53.77,132.78,549100.48,94.89,361437.8,2.84,4.88
2021-01-18,26879.67,27530.46,26570.51,27217.41,0,5690.12,48477.54,18790.41,13.58,-6.59,-32.67,8.2907,-0.0076,5291.93,-1049.0,329,1647,49,0.2,94.75,82.22,500,61.53,164.65,120.75,53.77,132.78,542192.27,95.24,365040.3,2.85,4.88
2021-01-19,27302.14,27465.02,27001.28,27163.33,0,1555.4,48121.54,18641.46,20.72,7.13,52.51,8.2895,-0.0012,4377.85,1232.24,847,1113,98,0.761,94.31,84.75,500,61.53,164.65,120.75,53.77,132.78,546798.13,95.44,364018.67,2.84,4.88
2021-01-20,27138.97,27832.98,27043.7,27735.63,0,3194.5,49393.45,19082.4,18.96,-1.76,-8.5,8.2832,-0.0063,-3248.42,83.04,20,2043,127,0.01,94.7,89.05,500,61.53,164.65,120.75,53.77,132.78,529035.09,95.29,364327.39,2.87,4.88
2021-01-21,27656.93,27909.87,27552.06,27804.43,0,5160.23,49286.15,19163.64,16.58,-2.37,-12.52,8.3095,0.0263,937.44,2502.55,926,1137,44,0.814,94.03,94.36,500,61.53,164.65,120.75,53.77,132.78,526178.1,95.23,364369.67,2.87,4.88
2021-01-22,27882.82,28107.79,27307.34,27529.45,0,3479.09,48625.04,18873.56,19.5,2.92,17.59,8.3239,0.0144,-3944.55,1037.36,1071,951,38,1.126,94.96,81.19,500,61.53,164.65,120.75,53.77,132.78,498646.55,94.94,369956.22,2.83,4.88
2021-01-25,27603.29,27760.84,27380.96,27538.14,0,2965.95,48804.04,18906.01,17.8,-1.7,-8.7,8.3041,-0.0198,1826.74,487.25,715,1235,27,0.579,94.22,83.99,500,61.53,164.65,120.75,53.77,132.78,498378.01,94.84,365771.3,2.82,4.88
2021-01-26,27514.01,27926.11,27299.28,27709.85,0,1927.45,49238.06,19093.3,18.29,0.49,2.72,8.3144,0.0102,-1741.88,2859.04,832,1088,45,0.765,94.63,89.16,500,61.53,164.65,120.75,53.77,132.78,515474.63,94.2,355139.4,2.84,4.88
2021-01-27,27570.86,28647.29,27312.99,28381.84,0,3333.94,50217.68,19419.02,17.88,-0.41,-2.25,8.3261,0.0117,1900.65,1705.6,521,1435,57,0.363,94.91,79.55,500,61.53,164.65,120.75,53.77,132.78,517882.14,94.41,355981.76,2.83,4.88
2021-01-28,28419.96,28617.17,27885.05,28079.9,0,2082.3,49617.37,19205.81,18.2,0.32,1.78,8.3425,0.0165,-1561.17,-1510.56,1188,838,128,1.418,93.29,86.67,500,61.53,164.65,120.75,53.77,132.78,535941.94,94.38,358387.67,2.87,4.88
2021-01-29,28079.23,28969.01,27899.78,28785.05,0,3148.06,50897.59,19758.46,17.41,-0.78,-4.3,8.3554,0.0128,3497.49,-2986.01,477,1597,102,0.299,93.4,88.3,500,61.53,164.65,120.75,53.77,132.78,532170.86,94.63,358858.19,2.92,4.88
2021-02-01,28902.46,29065.04,28554.08,28715.6,0,1253.07,50604.72,19598.14,20.71,3.29,18.91,8.3629,0.0075,1457.59,1428.58,923,1120,29,0.824,92.65,87.95,500,63.23,164.68,118.54,54.07,133.87,516829.71,94.67,363007.62,2.95,4.88
2021-02-02,28765.35,28864.9,27960.64,28057.74,0,6616.67,49466.29,19137.96,20.92,0.21,1.03,8.3512,-0.0117,-89.16,195.48,1509,405,28,3.726,92.57,86.68,500,63.23,164.68,118.54,54.07,133.87,500204.69,94.71,366047.33,2.94,4.88
2021-02-03,27965.48,28070.62,27435.7,27539.24,0,2453.01,48678.12,18870.15,18.92,-2.0,-9.57,8.3563,0.0051,1963.93,1868.57,1328,750,88,1.771,92.62,86.66,500,63.23,164.68,118.54,54.07,133.87,520558.91,95.16,365084.23,2.88,4.88
2021-02-04,27563.03,27777.46,27346.04,27560.46,0,2311.04,48834.14,18949.91,18.44,-0.48,-2.55,8.3496,-0.0066,-6615.92,-4324.65,597,1439,127,0.415,92.78,90.54,500,63.23,164.68,118.54,54.07,133.87,522344.06,95.93,360030.73,2.87,4.88
2021-02-05,27577.04,27762.6,27058.44,27241.74,0,1852.95,47984.02,18725.42,16.21,-2.23,-12.09,8.3339,-0.0158,3332.35,-203.73,1101,948,64,1.161,90.26,85.44,500,63.23,164.68,118.54,54.07,133.87,528216.36,95.87,353806.06,2.84,4.88
2021-02-08,27232.74,27619.05,26975.48,27360.58,0,2449.4,48255.63,18757.45,15.78,-0.43,-2.65,8.331,-0.0029,1586.23,-1374.08,702,1210,68,0.58,87.96,82.73,500,63.23,164.68,118.54,54.07,133.87,554363.28,95.45,353732.64,2.79,4.88
2021-02-09,27327.44,27536.95,26991.42,27199.95,0,1553.43,47660.48,18618.59,16.92,1.14,7.22,8.337,0.0061,-3775.35,-687.81,917,1101,64,0.833,89.38,76.88,500,63.23,164.68,118.54,54.07,133.87,556810.91,95.67,360200.51,2.83,4.88
2021-02-10,27109.4,27333.76,26189.35,26407.9,0,1728.15,46689.01,18214.85,18.15,1.23,7.28,8.3333,-0.0038,6064.88,3918.29,1417,674,79,2.102,90.88,77.23,500,63.23,164.68,118.54,54.07,133.87,554291.8,95.9,363357.77,2.83,4.88
2021-02-11,26394.77,26686.26,26011.66,26302.12,0,2246.49,46358.1,18197.73,19.09,0.94,5.21,8.3337,0.0005,-934.18,588.36,814,1125,44,0.724,91.34,83.34,500,63.23,164.68,118.54,54.07,133.87,553631.47,96.03,360135.81,2.81,4.88
2021-02-12,26384.81,26461.06,26192.89,26268.8,0,1738.16,46072.65,18083.44,19.16,0.07,0.37,8.3284,-0.0054,1426.56,3501.14,1131,786,107,1.439,91.47,82.96,500,63.23,164.68,118.54,54.07,133.87,569993.16,96.02,358282.54,2.78,4.88
2021-02-15,26297.06,26400.48,26118.7,26221.82,0,2632.82,45697.32,17963.2,18.41,-0.75,-3.91,8.3171,-0.0112,4459.68,-438.63,1124,967,76,1.162,92.02,87.22,500,63.23,164.68,118.54,54.07,133.87,578796.0,95.98,354413.07,2.82,4.88
2021-02-16,26192.4,26235.79,25979.15,26022.25,0,3695.9,45571.85,17863.37,17.16,-1.26,-6.82,8.3171,-0.0,-1494.48,4636.01,874,1192,53,0.733,90.76,84.43,500,63.23,164.68,118.54,54.07,133.87,599728.76,95.93,357566.0,2.89,4.88
2021-02-17,25993.57,26520.44,25720.9,26245.14,0,3844.62,45684.94,18085.64,17.34,0.18,1.07,8.324,0.0069,4544.57,-12.03,616,1383,100,0.445,92.33,87.06,500,63.23,164.68,118.54,54.07,133.87,610295.22,95.88,357032.38,2.87,4.88
2021-02-18,26327.09,26530.3,26312.14,26515.24,0,2236.07,46201.48,18329.62,15.83,-1.51,-8.7,8.3158,-0.0082,-1123.7,4162.37,385,1538,54,0.25,92.64,90.06,500,63.23,164.68,118.54,54.07,133.87,583013.8,95.92,352524.02,2.83,4.88
2021-02-19,26478.34,26982.34,26302.06,26803.9,0,7324.89,46755.46,18577.51,14.37,-1.46,-9.25,8.3254,0.0095,-2243.03,2342.42,461,1440,89,0.32,91.69,86.86,500,63.23,164.68,118.54,54.07,133.87,586407.57,96.31,349166.91,2.78,4.88
2021-02-22,26844.84,26980.79,26576.25,26711.53,0,4330.6,46529.74,18442.3,16.92,2.55,17.76,8.3207,-0.0047,8319.09,1721.86,994,1091,54,0.911,93.37,92.17,500,63.23,164.68,118.54,54.07,133.87,586197.06,96.15,356122.62,2.72,4.88
2021-02-23,26721.78,27098.34,26521.68,26896.93,0,7193.49,46861.82,18616.61,14.24,-2.68,-15.86,8.3208,0.0001,6885.24,1440.14,558,1437,97,0.388,93.8,87.11,500,63.23,164.68,118.54,54.07,133.87,592259.09,95.76,356419.29,2.78,4.88
2021-02-24,26813.93,27131.7,26696.23,27013.12,0,2564.92,47028.06,18698.66,16.83,2.59,18.2,8.3076,-0.0132,-1982.93,-3009.12,817,1137,85,0.719,94.27,88.64,500,63.23,164.68,118.54,54.07,133.87,591093.44,94.93,347940.76,2.8,4.88
2021-02-25,27046.97,27498.96,26841.09,27291.23,0,3620.89,47341.67,18790.61,13.78,-3.04,-18.09,8.3364,0.0287,-1153.78,-1302.99,535,1370,89,0.391,94.15,92.02,500,63.23,164.68,118.54,54.07,133.87,589311.64,94.33,348058.52,2.79,4.88
2021-02-26,27286.77,27868.05,27168.67,27747.95,0,2916.49,48165.22,19078.54,15.73,1.94,14.1,8.3319,-0.0045,46.48,1046.33,474,1490,69,0.318,93.01,82.95,500,63.23,164.68,118.54,54.07,133.87,601134.91,94.66,348565.1,2.78,4.88
2021-03-01,27683.72,28050.69,27507.12,27872.87,0,2054.06,48580.77,19165.16,16.66,0.94,5.96,8.3211,-0.0108,4545.08,-323.4,529,1384,27,0.382,92.63,79.36,500,62.01,165.42,114.72,51.98,134.5,618571.47,94.2,348705.3,2.81,4.88
2021-03-02,27862.57,28210.89,27567.93,27915.69,0,2585.16,48923.03,19237.54,16.99,0.33,1.95,8.3095,-0.0116,1266.87,5407.26,592,1507,80,0.393,92.61,87.68,500,62.01,165.42,114.72,51.98,134.5,604406.19,94.3,345710.49,2.85,4.88
2021-03-03,27786.17,27940.86,27264.44,27417.08,0,2429.73,47859.22,18953.22,17.79,0.81,4.74,8.3145,0.0049,-837.25,3398.52,1101,887,104,1.241,90.88,84.63,500,62.01,165.42,114.72,51.98,134.5,600294.74,94.23,352501.9,2.84,4.88
2021-03-04,27466.24,27657.94,27324.99,27516.43,0,2792.69,48042.94,19055.16,16.63,-1.16,-6.53,8.2948,-0.0197,7924.74,1149.95,816,1174,103,0.695,92.52,84.37,500,62.01,165.42,114.72,51.98,134.5,625753.85,94.23,343328.26,2.83,4.88
2021-03-05,27502.73,27745.59,27353.68,27596.05,0,2672.95,48101.44,18991.54,19.79,3.15,18.95,8.2874,-0.0074,-2274.57,682.54,731,1201,36,0.609,91.44,82.68,500,62.01,165.42,114.72,51.98,134.5,627319.01,94.33,341200.52,2.85,4.88
2021-03-08,27655.5,27880.78,27292.75,27516.9,0,3867.58,47868.61,18905.71,21.32,1.53,7.75,8.2857,-0.0017,-3716.04,983.14,1097,862,44,1.273,92.32,81.32,500,62.01,165.42,114.72,51.98,134.5,628073.42,94.87,337319.03,2.87,4.88
2021-03-09,27509.33,27643.48,27378.04,27512.18,0,2931.34,47710.28,18926.38,18.24,-3.08,-14.45,8.2882,0.0024,-1826.94,-358.73,922,1173,118,0.786,93.86,85.31,500,62.01,165.42,114.72,51.98,134.5,626504.16,95.21,344803.39,2.87,4.88
2021-03-10,27510.93,27987.95,27448.4,27924.48,0,2051.17,48602.31,19147.61,15.48,-2.76,-15.11,8.2848,-0.0034,-498.08,-2746.47,457,1634,25,0.28,93.18,77.27,500,62.01,165.42,114.72,51.98,134.5,617531.69,95.58,349363.11,2.88,4.88
2021-03-11,27950.08,28087.58,27722.51,27859.57,0,1452.74,48563.23,19099.73,19.57,4.08,26.38,8.2708,-0.014,-1021.97,-185.28,1086,1012,77,1.073,94.25,88.59,500,62.01,165.42,114.72,51.98,134.5,613147.3,95.34,348891.97,2.87,4.88
2021-03-12,27865.91,28275.78,27644.73,28053.11,0,3647.05,49059.37,19149.57,17.64,-1.93,-9.84,8.2781,0.0073,3256.4,291.73,648,1450,71,0.447,93.59,82.04,500,62.01,165.42,114.72,51.98,134.5,596517.18,95.23,348725.38,2.87,4.88
2021-03-15,27976.3,28318.88,27873.43,28215.12,0,5388.73,49287.54,19263.51,14.75,-2.9,-16.42,8.2498,-0.0282,-4600.93,226.11,803,1223,20,0.657,92.75,81.57,500,62.01,165.42,114.72,51.98,134.5,596416.1,95.65,350304.52,2.89,4.88
2021-03-16,28216.95,28788.76,27997.28,28566.36,0,5534.17,49697.65,19542.53,16.16,1.42,9.6,8.2516,0.0018,-3616.04,248.47,735,1255,89,0.586,92.3,85.77,500,62.01,165.42,114.72,51.98,134.5,600170.58,95.07,355885.91,2.92,4.88
2021-03-17,28543.94,29091.22,28413.91,28959.3,0,1512.94,50920.94,19985.39,19.64,3.48,21.54,8.2628,0.0112,-5591.4,-1803.04,231,1764,55,0.131,92.81,90.26,500,62.01,165.42,114.72,51.98,134.5,593579.66,95.17,352917.26,2.93,4.88
2021-03-18,29072.5,29860.6,28890.91,29675.25,0,1492.61,51942.01,20314.35,13.5,-6.15,-31.29,8.2824,0.0196,889.86,-2536.14,576,1380,24,0.417,92.22,87.46,500,62.01,165.42,114.72,51.98,134.5,598062.24,95.54,352656.8,2.98,4.88
2021-03-19,29676.77,30115.77,29437.19,29874.6,0,2804.37,52474.34,20479.71,16.82,3.33,24.66,8.2924,0.01,1080.79,137.26,602,1351,63,0.446,89.37,79.23,500,62.01,165.42,114.72,51.98,134.5,586788.83,96.63,349092.05,2.98,4.88
2021-03-22,29781.81,30216.17,29625.06,30057.97,0,3210.54,52548.32,20533.01,14.09,-2.74,-16.26,8.2915,-0.0009,669.48,1913.18,792,1167,122,0.679,89.75,80.45,500,62.01,165.42,114.72,51.98,134.5,590746.55,97.16,354727.5,3.0,4.88
2021-03-23,30046.92,30198.75,29520.54,29670.47,0,6725.52,52009.69,20302.06,22.99,8.91,63.22,8.3121,0.0206,-5077.39,3906.13,1088,1011,85,1.076,88.79,77.14,500,62.01,165.42,114.72,51.98,134.5,581114.73,97.3,357908.36,3.02,4.88
2021-03-24,29583.58,29827.04,29049.4,29290.45,0,4167.74,51173.92,19908.9,20.04,-2.96,-12.87,8.3086,-0.0035,8562.76,1122.15,1218,730,79,1.668,86.91,73.67,500,62.01,165.42,114.72,51.98,134.5,580288.5,97.59,357573.0,3.0,4.88
2021-03-25,29256.36,29490.85,28637.87,28869.26,0,3024.1,50557.09,19607.18,16.31,-3.73,-18.6,8.3144,0.0059,-7506.05,384.42,1426,629,104,2.267,87.71,78.5,500,62.01,165.42,114.72,51.98,134.5,563544.85,98.19,355016.1,2.94,4.88
2021-03-26,28942.15,29885.44,28666.25,29603.24,0,2824.93,51665.77,20133.38,15.91,-0.4,-2.46,8.3264,0.0119,-2858.34,-669.78,45,1873,55,0.024,87.58,85.64,500,62.01,165.42,114.72,51.98,134.5,551841.3,97.82,363925.1,2.95,4.88
2021-03-29,29528.64,30350.51,29291.06,30108.26,0,2784.06,52721.46,20602.3,17.63,1.73,10.86,8.3181,-0.0083,2242.8,566.66,213,1687,67,0.126,85.75,74.08,500,62.01,165.42,114.72,51.98,134.5,554567.55,97.61,371060.28,2.91,4.88
2021-03-30,29958.01,30279.33,29630.51,29951.76,0,3789.01,52539.73,20581.27,17.67,0.03,0.2,8.3192,0.0011,-1875.46,1396.37,908,1160,98,0.783,85.91,83.94,500,62.01,165.42,114.72,51.98,134.5,562497.27,97.25,373413.63,2.94,4.88
2021-03-31,30001.93,30427.59,29906.9,30331.51,0,4537.29,53180.94,20731.34,21.07,3.4,19.24,8.3301,0.0109,-1350.22,12146.49,859,1159,43,0.741,85.72,78.33,500,62.01,165.42,114.72,51.98,134.5,577611.99,97.13,376690.99,2.98,4.88
2021-04-01,30263.83,30422.26,30197.16,30355.39,0,3513.92,53609.06,20818.34,15.78,-5.29,-25.09,8.334,0.0039,1310.87,-2525.12,793,1166,90,0.68,85.71,74.6,500,63.96,166.11,113.06,55.61,135.24,553180.56,97.03,375394.82,2.98,4.44
2021-04-02,30370.22,30548.19,30281.22,30458.93,0,1917.41,54175.67,20917.84,18.61,2.83,17.94,8.3305,-0.0035,1875.51,2995.61,861,1191,85,0.723,87.8,80.29,500,63.96,166.11,113.06,55.61,135.24,547009.98,97.32,381835.02,2.97,4.44
2021-04-05,30400.53,31064.33,30248.49,30909.74,0,3227.99,55405.13,21397.28,14.48,-4.13,-22.21,8.3604,0.03,3741.84,533.13,329,1690,93,0.195,87.33,78.86,500,63.96,166.11,113.06,55.61,135.24,538356.39,96.82,377722.88,2.99,4.44
2021-04-06,30901.04,31127.3,30438.88,30663.41,0,5354.58,55065.91,21401.94,18.15,3.67,25.35,8.3496,-0.0108,285.07,2052.93,823,1196,62,0.688,85.9,83.96,500,63.96,166.11,113.06,55.61,135.24,546266.37,97.32,383226.83,2.98,4.44
2021-04-07,30657.56,30899.85,30117.06,30356.97,0,2401.97,54261.21,21173.43,19.69,1.54,8.47,8.3461,-0.0036,197.44,-312.75,985,1038,33,0.949,87.27,82.35,500,63.96,166.11,113.06,55.61,135.24,552637.35,97.18,378877.16,3.02,4.44
2021-04-08,30426.67,30538.19,30244.49,30355.75,0,2430.47,54532.17,21301.91,9.85,-9.84,-49.99,8.3606,0.0145,892.34,-491.47,1040,924,45,1.126,87.54,80.61,500,63.96,166.11,113.06,55.61,135.24,538721.88,97.44,378795.18,2.98,4.44
2021-04-09,30421.36,30439.28,30032.79,30050.49,0,4009.33,53906.28,20990.88,17.95,8.11,82.33,8.3758,0.0153,2259.87,333.73,1124,804,45,1.398,88.27,79.32,500,63.96,166.11,113.06,55.61,135.24,562731.0,96.83,377262.07,3.02,4.44
2021-04-12,30027.15,30735.04,29808.67,30513.02,0,5909.11,54597.43,21220.11,17.08,-0.88,-4.88,8.3854,0.0096,-8357.94,577.82,209,1809,121,0.116,87.31,75.32,500,63.96,166.11,113.06,55.61,135.24,558409.89,97.28,382127.66,3.09,4.44
2021-04-13,30633.9,30836.48,30386.23,30588.5,0,3495.14,54668.26,21134.4,18.73,1.65,9.68,8.3694,-0.0161,-2055.73,387.74,808,1218,69,0.663,85.38,74.62,500,63.96,166.11,113.06,55.61,135.24,570534.75,97.35,379169.6,3.09,4.44
2021-04-14,30668.23,30802.89,30220.28,30353.56,0,2614.4,54262.42,21010.58,19.83,1.1,5.87,8.383,0.0136,-1291.69,1501.95,1186,816,78,1.453,85.1,71.91,500,63.96,166.11,113.06,55.61,135.24,571445.13,97.75,380487.9,3.08,4.44
2021-04-15,30331.76,30852.03,30075.56,30593.62,0,3940.51,54661.7,21083.57,18.06,-1.77,-8.91,8.3556,-0.0274,126.59,-3130.18,586,1401,30,0.418,84.27,79.08,500,63.96,166.11,113.06,55.61,135.24,544972.7,97.53,378708.76,3.07,4.44
2021-04-16,30604.62,30793.84,30419.95,30609.14,0,2589.23,54748.12,21120.68,19.41,1.35,7.47,8.3507,-0.0049,2357.83,-219.69,656,1289,91,0.509,82.89,77.13,500,63.96,166.11,113.06,55.61,135.24,569121.12,97.6,382557.97,3.06,4.44
2021-04-19,30567.01,30820.45,29852.69,30102.28,0,3936.17,54114.05,20909.82,19.47,0.06,0.3,8.3639,0.0132,-3892.18,-976.75,1383,572,65,2.418,83.09,73.28,500,63.96,166.11,113.06,55.61,135.24,583192.42,98.22,386601.58,3.0,4.44
2021-04-20,30118.35,30320.76,29595.91,29796.16,0,3706.33,53464.3,20705.24,17.09,-2.38,-12.23,8.3489,-0.0151,96.62,3859.81,1258,716,107,1.757,81.29,76.24,500,63.96,166.11,113.06,55.61,135.24,589316.64,98.78,392924.9,2.95,4.44
2021-04-21,29714.9,30599.85,29543.77,30424.64,0,3185.97,54439.0,21059.09,15.17,-1.92,-11.25,8.3425,-0.0064,57.81,202.26,181,1902,79,0.095,83.13,81.22,500,63.96,166.11,113.06,55.61,135.24,594910.72,99.04,396350.69,2.93,4.44
2021-04-22,30383.29,30794.46,30249.82,30659.78,0,3701.8,54896.43,21305.87,13.26,-1.91,-12.57,8.3769,0.0345,3475.58,265.76,812,1251,72,0.649,81.42,69.23,500,63.96,166.11,113.06,55.61,135.24,602305.22,99.34,396239.44,2.9,4.44
2021-04-23,30728.03,30939.69,30470.36,30681.7,0,3664.07,54596.14,21232.62,14.14,0.88,6.65,8.3582,-0.0187,569.52,857.04,904,1120,104,0.807,80.65,75.6,500,63.96,166.11,113.06,55.61,135.24,601078.48,99.57,401848.7,2.88,4.44
2021-04-26,30625.05,31506.19,30508.19,31386.43,0,3584.66,56100.14,21783.19,15.44,1.3,9.16,8.3599,0.0016,-678.88,2374.03,181,1736,72,0.104,81.47,75.06,500,63.96,166.11,113.06,55.61,135.24,623711.77,99.66,400577.72,2.88,4.44
2021-04-27,31289.69,31817.98,31098.03,31624.27,0,2961.11,56245.05,21668.37,15.93,0.49,3.17,8.34,-0.0199,1129.61,-490.99,890,1061,34,0.839,81.97,72.1,500,63.96,166.11,113.06,55.61,135.24,617280.17,99.99,402588.68,2.91,4.44
2021-04-28,31599.48,32550.79,31332.41,32277.98,0,3908.61,57141.35,21973.77,14.28,-1.65,-10.36,8.3309,-0.0091,-707.19,289.46,704,1207,36,0.583,81.52,65.39,500,63.96,166.11,113.06,55.61,135.24,588357.55,100.24,399835.62,2.87,4.44
2021-04-29,32231.89,32472.63,31790.61,32029.84,0,4722.99,56733.23,21831.46,18.34,4.06,28.46,8.3284,-0.0025,-2021.42,1223.77,1014,907,23,1.118,82.42,72.16,500,63.96,166.11,113.06,55.61,135.24,559788.61,99.25,402131.32,2.86,4.44
2021-04-30,32123.74,32407.85,31594.82,31876.75,0,2267.66,56540.66,21757.09,18.59,0.25,1.38,8.3286,0.0002,-1167.39,-2809.29,762,1203,111,0.633,84.78,76.69,500,63.96,166.11,113.06,55.61,135.24,550780.85,99.66,389757.39,2.89,4.44
2021-05-03,31983.46,32387.49,30973.39,31369.67,0,7504.68,56050.04,21375.86,18.01,-0.58,-3.11,8.3268,-0.0018,434.8,-2439.47,1405,600,94,2.342,86.34,76.9,500,62.37,166.75,110.06,53.52,134.44,523876.0,99.77,391907.8,2.9,4.44
2021-05-04,31337.78,31528.51,30835.37,31024.2,0,2359.11,55632.81,21155.81,16.93,-1.09,-6.05,8.325,-0.0018,3883.95,227.04,1247,685,64,1.82,88.19,82.36,500,62.37,166.75,110.06,53.52,134.44,515770.21,100.01,397045.32,2.92,4.44
2021-05-05,31095.92,31325.53,30751.11,30979.86,0,3183.24,55685.31,21097.64,19.72,2.8,16.52,8.3398,0.0148,-707.78,-782.28,1011,915,127,1.105,88.1,74.76,500,62.37,166.75,110.06,53.52,134.44,528094.5,100.15,403770.55,2.89,4.44
2021-05-06,30907.58,31216.08,30592.05,30900.48,0,2533.42,55958.03,21073.04,17.68,-2.04,-10.35,8.3185,-0.0214,-8046.85,-1395.56,932,1056,77,0.883,88.97,81.8,500,62.37,166.75,110.06,53.52,134.44,525904.77,100.35,409703.71,2.92,4.44
2021-05-07,31078.67,31183.67,30481.2,30584.52,0,4143.49,55160.59,20711.85,17.37,-0.31,-1.76,8.3355,0.017,-3068.83,-547.17,1134,801,66,1.416,87.34,80.34,500,62.37,166.75,110.06,53.52,134.44,507543.89,100.09,423446.38,2.97,4.44
2021-05-10,30619.76,30809.02,30551.43,30740.43,0,2268.54,55434.08,20792.53,23.18,5.81,33.42,8.3331,-0.0024,-2074.99,-937.43,869,1072,39,0.811,88.28,82.56,500,62.37,166.75,110.06,53.52,134.44,507247.35,99.86,431544.86,2.97,4.44
2021-05-11,30789.29,30913.95,29991.56,30113.48,0,2268.8,54152.98,20328.22,19.2,-3.98,-17.16,8.3442,0.0111,-475.07,-14.75,1262,732,127,1.724,88.26,76.44,500,62.37,166.75,110.06,53.52,134.44,522205.92,99.66,434468.45,2.96,4.44
2021-05-12,30108.01,30516.84,29882.2,30289.67,0,3467.62,54163.37,20445.6,15.65,-3.55,-18.48,8.3698,0.0256,1003.07,-25.31,875,1157,55,0.756,89.61,81.86,500,62.37,166.75,110.06,53.52,134.44,517634.04,99.96,435922.71,2.94,4.44
2021-05-13,30303.69,30317.49,30091.69,30105.4,0,3126.76,53671.92,20420.32,19.77,4.11,26.29,8.3817,0.0119,521.06,-491.67,1077,940,50,1.146,89.26,81.33,500,62.37,166.75,110.06,53.52,134.44,518411.43,100.89,435262.26,2.92,4.44
2021-05-14,30224.76,30435.17,29798.02,30006.91,0,1635.81,53631.69,20391.94,17.42,-2.34,-11.85,8.3796,-0.0021,-2247.12,-220.09,991,1062,88,0.933,88.25,82.49,500,62.37,166.75,110.06,53.52,134.44,522040.47,101.06,436669.5,2.98,4.44
2021-05-17,30114.29,30251.09,29420.66,29554.92,0,2440.55,52685.89,19988.57,19.67,2.25,12.9,8.3671,-0.0125,-89.41,3768.43,1160,742,90,1.563,86.63,82.56,500,62.37,166.75,110.06,53.52,134.44,527211.48,101.11,442562.39,2.96,4.44
2021-05-18,29537.45,29836.92,29237.64,29537.11,0,2660.69,52771.34,19992.11,19.04,-0.64,-3.24,8.3733,0.0062,-1168.49,-585.16,743,1184,66,0.628,88.9,77.1,500,62.37,166.75,110.06,53.52,134.44,542814.97,101.36,440058.25,2.95,4.44
2021-05-19,29423.09,30496.72,28998.94,30063.34,0,5197.51,53580.6,20346.64,14.07,-4.97,-26.1,8.3668,-0.0065,377.97,-1742.46,626,1310,122,0.478,88.54,80.97,500,62.37,166.75,110.06,53.52,134.44,542436.27,101.08,442000.82,2.92,4.44
2021-05-20,30042.02,30477.92,29889.78,30324.25,0,2074.21,54154.31,20411.03,18.55,4.49,31.89,8.3694,0.0026,-4773.61,246.12,686,1250,113,0.549,86.0,80.33,500,62.37,166.75,110.06,53.52,134.44,531195.65,100.91,445111.54,2.94,4.44
2021-05-21,30357.0,31075.01,30216.53,30931.88,0,2095.59,55114.06,20697.79,18.73,0.17,0.93,8.3526,-0.0168,-1391.07,-486.74,594,1412,75,0.421,85.0,70.27,500,62.37,166.75,110.06,53.52,134.44,540903.61,101.2,445347.84,2.98,4.44
2021-05-24,30894.34,31011.95,30556.16,30672.93,0,2197.69,55186.84,20552.04,18.69,-0.04,-0.2,8.3477,-0.0049,195.5,-2230.59,998,1026,70,0.973,84.14,76.95,500,62.37,166.75,110.06,53.52,134.44,551352.28,101.19,451142.74,2.99,4.44
2021-05-25,30713.27,31053.86,30582.68,30922.38,0,1465.12,55645.15,20745.55,17.19,-1.5,-8.03,8.3432,-0.0045,-150.89,-2724.62,750,1218,129,0.616,86.3,79.76,500,62.37,166.75,110.06,53.52,134.44,549716.36,101.86,445571.83,3.0,4.44
2021-05-26,30920.19,31133.17,30406.18,30617.08,0,1747.38,55578.18,20563.66,17.61,0.43,2.47,8.3412,-0.0021,-2132.18,445.3,1047,918,94,1.141,85.87,80.79,500,62.37,166.75,110.06,53.52,134.44,533310.2,102.0,447502.86,3.02,4.44
2021-05-27,30707.64,31202.66,30490.2,30983.26,0,3487.54,56062.23,20752.45,19.06,1.45,8.22,8.3436,0.0024,2809.32,4.15,709,1255,31,0.565,86.43,82.27,500,62.37,166.75,110.06,53.52,134.44,519620.34,101.87,450432.3,3.07,4.44
2021-05-28,30935.02,31208.81,30764.5,31037.72,0,2742.73,56143.88,20625.43,19.68,0.62,3.24,8.3505,0.0069,-1094.74,394.21,972,1116,106,0.871,87.75,79.54,500,62.37,166.75,110.06,53.52,134.44,529719.98,101.73,450622.39,3.06,4.44
2021-05-31,31083.48,31306.16,30836.3,31058.81,0,2004.77,55710.2,20618.62,16.64,-3.04,-15.44,8.3436,-0.0068,-3963.75,1689.85,1127,845,116,1.334,87.1,79.66,500,62.37,166.75,110.06,53.52,134.44,536346.78,101.1,448703.96,3.01,4.44
2021-06-01,31078.17,31436.16,30970.42,31327.55,0,1605.26,56165.05,20762.23,16.86,0.22,1.32,8.3422,-0.0014,-1848.04,-1586.32,731,1273,33,0.574,86.3,83.42,500,62.16,167.6,103.93,55.52,134.73,546851.54,101.8,453057.47,3.0,4.44
2021-06-02,31422.94,32057.49,31116.58,31747.97,0,2438.6,56721.12,20944.14,14.22,-2.64,-15.68,8.3356,-0.0066,1408.38,103.94,710,1310,123,0.542,87.81,82.34,500,62.16,167.6,103.93,55.52,134.73,552449.42,101.72,453489.35,2.96,4.44
2021-06-03,31811.25,32275.64,31645.65,32108.49,0,3205.36,57616.82,21274.1,21.21,6.99,49.18,8.3232,-0.0124,4014.21,302.97,537,1453,68,0.37,88.34,85.95,500,62.16,167.6,103.93,55.52,134.73,561373.41,101.77,454057.75,2.96,4.44
2021-06-04,32062.46,32480.32,31839.43,32255.94,0,2121.12,57766.84,21423.37,19.65,-1.56,-7.36,8.3064,-0.0168,1884.49,1563.24,693,1384,88,0.501,88.92,86.05,500,62.16,167.6,103.93,55.52,134.73,560221.26,101.59,472668.43,2.95,4.44
2021-06-07,32173.67,32385.71,31834.94,32046.14,0,3636.25,57562.98,21294.64,17.18,-2.47,-12.55,8.3173,0.0109,-1328.63,-1248.42,921,1071,103,0.86,87.53,79.61,500,62.16,167.6,103.93,55.52,134.73,566250.77,101.29,482207.41,2.87,4.44
2021-06-08,32096.4,32308.3,31128.38,31335.26,0,3476.9,56126.21,20728.53,21.15,3.97,23.1,8.3257,0.0084,4125.13,375.57,1261,788,77,1.6,90.23,78.7,500,62.16,167.6,103.93,55.52,134.73,567026.05,101.74,477350.85,2.91,4.44
2021-06-09,31328.81,31795.25,31105.04,31569.76,0,2149.84,56647.1,21010.88,15.82,-5.33,-25.2,8.3203,-0.0054,-4253.18,963.51,782,1272,92,0.615,87.98,84.31,500,62.16,167.6,103.93,55.52,134.73,562625.83,101.94,475381.98,2.93,4.44
2021-06-10,31568.44,31704.23,31044.69,31178.81,0,3988.04,55899.31,20727.94,20.94,5.12,32.36,8.3119,-0.0085,-1009.78,2578.04,1271,786,87,1.617,87.94,88.53,500,62.16,167.6,103.93,55.52,134.73,546774.96,101.18,478683.16,2.97,4.44
2021-06-11,31111.78,31249.26,30964.95,31102.38,0,1977.24,55737.96,20719.35,17.81,-3.12,-14.92,8.3292,0.0174,-5283.86,960.16,1025,877,72,1.169,87.83,82.57,500,62.16,167.6,103.93,55.52,134.73,531886.09,100.87,484955.07,2.93,4.44
2021-06-14,31090.86,31263.55,30987.84,31160.3,0,2555.04,56012.74,20745.72,18.56,0.74,4.17,8.3364,0.0072,4144.87,-1103.57,754,1212,107,0.622,88.27,86.25,500,62.16,167.6,103.93,55.52,134.73,548888.17,101.14,485635.29,2.94,4.44
2021-06-15,31127.47,31467.39,30998.69,31337.74,0,3515.98,56303.02,20883.29,14.88,-3.67,-19.79,8.3109,-0.0256,-4187.42,2084.09,851,1069,100,0.796,90.6,89.03,500,62.16,167.6,103.93,55.52,134.73,558532.01,101.22,494684.02,2.96,4.44
2021-06-16,31223.42,31512.13,31104.74,31392.81,0,4948.39,56448.51,20918.89,18.13,3.24,21.79,8.3209,0.01,2298.34,-701.84,673,1228,39,0.548,90.03,78.94,500,62.16,167.6,103.93,55.52,134.73,548506.77,100.73,504508.75,2.95,4.44
2021-06-17,31431.47,32164.24,31179.55,31908.49,0,1807.54,57406.77,21140.7,15.4,-2.73,-15.05,8.333,0.0121,-618.56,1579.17,285,1784,47,0.16,89.62,86.11,500,62.16,167.6,103.93,55.52,134.73,550702.06,101.1,507650.75,2.97,4.44
2021-06-18,31930.91,32432.0,31776.2,32275.61,0,1506.9,57775.51,21209.64,16.82,1.42,9.24,8.3366,0.0036,4131.46,-864.03,829,1142,128,0.726,88.35,83.76,500,62.16,167.6,103.93,55.52,134.73,544436.3,101.11,510398.89,3.02,4.44
2021-06-21,32106.26,32807.62,31868.63,32566.58,0,5113.63,58373.95,21391.41,16.98,0.16,0.95,8.3185,-0.0181,1556.79,-4066.03,461,1586,104,0.291,87.65,77.99,500,62.16,167.6,103.93,55.52,134.73,540323.89,100.29,519832.29,2.98,4.44
2021-06-22,32512.09,32774.52,31349.8,31604.91,0,3753.53,57091.18,20874.93,22.38,5.39,31.77,8.3191,0.0005,1442.49,-71.41,1727,273,72,6.326,88.69,79.46,500,62.16,167.6,103.93,55.52,134.73,540557.3,100.18,529595.89,2.95,4.44
2021-06-23,31599.91,32068.61,31432.59,31899.7,0,3317.76,58018.56,21284.94,19.62,-2.76,-12.31,8.3125,-0.0066,5538.92,1782.29,461,1482,110,0.311,87.0,82.94,500,62.16,167.6,103.93,55.52,134.73,538471.63,99.44,532363.02,2.94,4.44
2021-06-24,31854.64,32781.94,31562.09,32483.61,0,5199.02,59196.11,21802.03,14.24,-5.39,-27.45,8.2984,-0.0141,368.03,1489.42,309,1783,119,0.173,86.61,76.47,500,62.16,167.6,103.93,55.52,134.73,537878.73,99.43,533897.09,2.98,4.44
2021-06-25,32449.15,33247.56,32293.36,33088.7,0,3845.02,60119.98,22231.22,13.37,-0.86,-6.05,8.3034,0.005,367.25,-1693.09,352,1703,69,0.207,87.6,82.27,500,62.16,167.6,103.93,55.52,134.73,530588.59,99.83,532605.0,3.0,4.44
2021-06-28,33075.51,33909.42,32867.12,33697.12,0,1749.86,61264.18,22824.6,16.69,3.31,24.76,8.3021,-0.0012,-2774.66,2383.78,444,1618,100,0.274,86.83,82.37,500,62.16,167.6,103.93,55.52,134.73,551680.62,99.22,541800.88,3.05,4.44
2021-06-29,33747.29,34096.19,33308.13,33656.08,0,3331.69,60924.71,22711.8,17.13,0.44,2.64,8.2841,-0.0181,1587.83,194.41,916,1082,91,0.847,85.28,76.69,500,62.16,167.6,103.93,55.52,134.73,569143.65,98.31,545812.88,3.07,4.44
2021-06-30,33760.24,33982.31,32641.22,32857.36,0,1790.38,59214.26,22331.29,19.24,2.11,12.34,8.2849,0.0008,1065.2,-1833.81,1556,433,72,3.594,84.76,76.98,500,62.16,167.6,103.93,55.52,134.73,563762.32,98.52,538260.49,3.05,4.44
2021-07-01,32722.96,33805.6,32588.51,33667.26,0,3992.57,60858.73,22950.85,12.28,-6.95,-36.15,8.2723,-0.0126,5121.27,5404.03,459,1589,25,0.289,84.72,70.1,500,63.29,168.11,108.71,51.81,134.51,568373.49,98.63,532038.03,3.1,3.78
2021-07-02,33559.33,34078.01,33523.88,34042.05,0,1205.71,61385.55,23026.74,17.69,5.4,43.97,8.2651,-0.0072,332.19,-209.4,637,1415,93,0.45,84.87,75.47,500,63.29,168.11,108.71,51.81,134.51,603646.95,98.51,529834.04,2.98,3.78
2021-07-05,34064.26,34371.87,33783.48,34090.87,0,3070.34,61581.66,22951.58,18.88,1.2,6.77,8.2768,0.0117,1176.94,2828.61,1022,1064,59,0.961,84.66,82.83,500,63.29,168.11,108.71,51.81,134.51,605315.71,98.44,529613.48,2.97,3.78
2021-07-06,34128.03,34326.14,33281.31,33475.64,0,1719.63,60364.08,22513.48,21.22,2.34,12.37,8.2873,0.0105,441.66,61.98,1364,580,35,2.352,86.88,74.97,500,63.29,168.11,108.71,51.81,134.51,607672.51,98.51,525050.64,2.99,3.78
2021-07-07,33446.88,34387.66,33203.96,34139.7,0,4794.33,61104.2,22860.68,16.26,-4.96,-23.38,8.2711,-0.0163,472.85,16.31,363,1566,33,0.232,87.45,79.9,500,63.29,168.11,108.71,51.81,134.51,612431.62,98.34,518262.31,2.95,3.78
2021-07-08,34272.79,34569.3,33560.05,33852.92,0,3337.16,60446.01,22516.56,22.71,6.45,39.67,8.2927,0.0216,327.55,3936.28,1021,1021,61,1.0,86.48,78.67,500,63.29,168.11,108.71,51.81,134.51,612293.18,98.0,512402.48,2.95,3.78
2021-07-09,33820.76,34407.22,33466.89,34050.93,0,3879.02,61094.99,22736.3,18.33,-4.38,-19.3,8.3055,0.0128,2187.4,2566.49,591,1374,112,0.43,84.68,77.71,500,63.29,168.11,108.71,51.81,134.51,617018.99,98.32,513987.35,2.91,3.78
2021-07-12,34060.74,34738.83,33839.76,34514.9,0,6114.7,61825.76,23002.11,16.62,-1.7,-9.28,8.3048,-0.0007,3394.4,1956.34,487,1420,96,0.343,84.05,74.83,500,63.29,168.11,108.71,51.81,134.51,627704.99,98.27,515705.38,2.88,3.78
2021-07-13,34596.12,34685.44,34572.4,34661.68,0,3451.67,62153.07,23279.61,17.93,1.31,7.88,8.3046,-0.0003,-96.07,3494.27,768,1230,57,0.624,82.66,75.62,500,63.29,168.11,108.71,51.81,134.51,655014.52,98.41,511296.52,2.89,3.78
2021-07-14,34727.05,34995.18,34052.46,34317.43,0,3215.84,61193.2,22917.62,17.93,-0.01,-0.05,8.3058,0.0013,1141.94,2971.6,1293,790,42,1.637,83.64,76.03,500,63.29,168.11,108.71,51.81,134.51,673642.58,98.98,515155.75,2.87,3.78
2021-07-15,34269.99,34422.61,33879.19,34030.75,0,2689.0,60544.72,22623.61,18.2,0.27,1.51,8.2902,-0.0156,-1686.35,2176.84,1373,532,75,2.581,83.48,69.17,500,63.29,168.11,108.71,51.81,134.51,683119.53,98.67,508847.47,2.85,3.78
2021-07-16,34020.39,35031.63,33799.96,34806.11,0,2277.37,61661.27,23117.19,18.17,-0.02,-0.12,8.2868,-0.0034,1707.17,1083.85,318,1633,92,0.195,82.5,72.16,500,63.29,168.11,108.71,51.81,134.51,699263.86,97.73,505844.81,2.87,3.78
2021-07-19,34852.21,35446.75,34662.85,35255.2,0,2547.44,62268.12,23296.14,16.67,-1.5,-8.26,8.2595,-0.0273,-0.79,548.41,766,1249,89,0.613,80.64,77.07,500,63.29,168.11,108.71,51.81,134.51,705490.5,97.74,502265.74,2.94,3.78
2021-07-20,35183.78,35659.47,35029.57,35503.85,0,2558.41,62762.63,23350.24,13.72,-2.95,-17.69,8.2484,-0.0111,-2862.15,709.59,829,1256,110,0.66,82.12,73.34,500,63.29,168.11,108.71,51.81,134.51,707059.39,97.63,514368.56,2.96,3.78
2021-07-21,35496.79,36176.64,35286.29,35963.37,0,3024.4,63947.69,23710.05,16.18,2.45,17.89,8.2279,-0.0206,1110.72,-1140.45,489,1476,45,0.331,82.58,73.29,500,63.29,168.11,108.71,51.81,134.51,724843.12,97.82,511166.08,2.92,3.78
2021-07-22,35972.93,36469.52,35948.97,36445.24,0,2151.27,64583.46,23865.01,18.71,2.54,15.67,8.2202,-0.0076,-1832.9,-2763.58,676,1256,40,0.538,82.95,76.22,500,63.29,168.11,108.71,51.81,134.51,732989.69,98.3,498504.6,2.94,3.78
2021-07-23,36385.52,36803.02,36251.49,36667.95,0,3771.51,65338.61,24069.08,15.25,-3.46,-18.5,8.2232,0.003,2953.29,1668.43,714,1246,93,0.573,83.31,72.9,500,63.29,168.11,108.71,51.81,134.51,736768.56,99.02,505965.01,2.96,3.78
2021-07-26,36683.14,36996.91,35650.08,35957.64,0,1579.99,63684.67,23464.32,22.04,6.79,44.51,8.2094,-0.0138,-953.97,3250.65,1375,721,77,1.907,83.52,73.19,500,63.29,168.11,108.71,51.81,134.51,734076.83,98.88,495913.94,2.92,3.78
2021-07-27,35827.59,36048.07,35079.17,35296.38,0,2831.37,62393.24,23229.24,24.32,2.28,10.34,8.2163,0.0068,1400.83,596.83,1432,480,87,2.983,84.25,79.72,500,63.29,168.11,108.71,51.81,134.51,741053.83,99.3,494617.79,2.92,3.78
2021-07-28,35233.36,35825.3,35148.33,35739.05,0,2211.97,62845.85,23340.17,18.36,-5.96,-24.5,8.2234,0.0071,1394.61,1556.27,726,1189,49,0.611,82.75,83.88,500,63.29,168.11,108.71,51.81,134.51,728799.36,99.5,495906.68,2.91,3.78
2021-07-29,35792.23,36635.07,35644.32,36484.3,0,4511.61,64140.06,23838.64,15.84,-2.51,-13.7,8.2367,0.0133,472.97,358.78,492,1509,46,0.326,82.56,77.75,500,63.29,168.11,108.71,51.81,134.51,703370.51,99.6,495713.85,2.84,3.78
2021-07-30,36411.41,37418.31,36077.83,37078.62,0,2695.28,65289.69,24279.72,16.11,0.27,1.68,8.2461,0.0094,30.42,2795.45,501,1513,32,0.331,81.1,78.59,500,63.29,168.11,108.71,51.81,134.51,716325.5,99.69,491330.81,2.8,3.78
2021-08-02,37033.94,37902.65,36753.48,37617.77,0,3034.52,66157.2,24675.15,18.24,2.13,13.2,8.2406,-0.0054,1220.12,2220.66,730,1317,21,0.554,81.55,78.57,500,63.52,168.78,111.31,49.8,133.52,716075.78,100.66,496170.14,2.79,3.78
2021-08-03,37546.46,37824.27,37234.82,37512.38,0,3258.0,66124.81,24609.85,18.38,0.15,0.81,8.2708,0.0301,3770.07,1806.84,876,1034,76,0.847,82.91,73.13,500,63.52,168.78,111.31,49.8,133.52,712277.96,100.98,495193.06,2.77,3.78
2021-08-04,37393.96,37541.21,37102.36,37249.04,0,1020.58,65510.88,24416.42,19.88,1.49,8.13,8.2763,0.0055,-382.15,305.14,1278,818,54,1.562,81.07,77.67,500,63.52,168.78,111.31,49.8,133.52,712642.43,100.87,498323.52,2.82,3.78
2021-08-05,37246.91,37746.42,37056.86,37554.8,0,2759.76,65959.75,24602.04,18.55,-1.33,-6.69,8.2727,-0.0036,-3327.48,991.41,835,1263,80,0.661,82.39,70.18,500,63.52,168.78,111.31,49.8,133.52,713016.84,100.18,492334.98,2.81,3.78
2021-08-06,37649.64,37936.2,36962.55,37246.03,0,1770.46,64860.95,24183.47,20.57,2.02,10.9,8.2657,-0.007,-666.78,-2444.24,1411,674,97,2.093,82.41,81.75,500,63.52,168.78,111.31,49.8,133.52,704536.36,100.09,494689.08,2.78,3.78
2021-08-09,37167.98,37973.23,37027.76,37830.52,0,2196.71,66004.5,24432.23,17.55,-3.02,-14.68,8.2591,-0.0066,-5981.74,-797.8,502,1547,63,0.324,81.37,72.78,500,63.52,168.78,111.31,49.8,133.52,709483.79,100.09,496358.39,2.72,3.78
2021-08-10,37861.37,38177.42,37582.32,37898.1,0,3520.63,66073.46,24383.65,12.6,-4.95,-28.21,8.2528,-0.0063,10536.99,3180.22,875,1123,94,0.779,78.63,71.03,500,63.52,168.78,111.31,49.8,133.52,707217.17,99.84,492211.35,2.69,3.78
2021-08-11,37822.89,38843.63,37520.08,38535.12,0,3656.57,67001.53,24810.36,17.32,4.72,37.46,8.2657,0.0129,1602.28,571.36,410,1613,96,0.254,79.53,75.41,500,63.52,168.78,111.31,49.8,133.52,708583.73,99.68,493066.48,2.73,3.78
2021-08-12,38570.42,38850.32,38233.15,38512.64,0,3212.16,66815.46,24661.13,20.53,3.2,18.5,8.2479,-0.0178,-3001.08,1978.3,711,1258,98,0.565,80.98,72.92,500,63.52,168.78,111.31,49.8,133.52,686192.13,99.93,497157.11,2.73,3.78
2021-08-13,38530.73,38783.05,37819.4,38068.7,0,2922.19,66277.78,24520.69,20.56,0.03,0.16,8.2488,0.0009,3646.79,1077.98,1246,816,76,1.527,81.72,82.25,500,63.52,168.78,111.31,49.8,133.52,702510.91,100.52,500645.64,2.75,3.78
2021-08-16,38010.29,38327.37,37530.41,37846.12,0,1773.46,65642.99,24349.02,16.47,-4.09,-19.88,8.2557,0.0068,2314.5,1592.86,1204,778,36,1.548,81.35,67.56,500,63.52,168.78,111.31,49.8,133.52,723574.62,100.72,498247.66,2.81,3.78
2021-08-17,37948.62,38109.61,37820.81,37981.69,0,4173.14,66042.4,24496.86,15.27,-1.2,-7.27,8.2725,0.0168,-4695.36,3583.42,597,1473,110,0.405,81.52,71.26,500,63.52,168.78,111.31,49.8,133.52,659946.88,100.3,499425.88,2.8,3.78
2021-08-18,38049.03,38289.87,37892.84,38133.33,0,1234.83,66218.07,24511.15,15.82,0.55,3.59,8.2636,-0.0089,2154.14,1064.62,1046,1031,78,1.015,81.29,73.53,500,63.52,168.78,111.31,49.8,133.52,671113.01,100.47,506986.03,2.84,3.78
2021-08-19,38142.47,38173.09,38028.01,38058.57,0,5386.0,66504.03,24379.8,16.62,0.79,5.02,8.2555,-0.0081,383.38,22.75,718,1308,40,0.549,82.07,69.76,500,63.52,168.78,111.31,49.8,133.52,680283.91,100.15,513693.11,2.82,3.78
2021-08-20,38029.95,38636.85,37870.14,38475.17,0,1324.82,67301.68,24534.54,17.37,0.75,4.54,8.2707,0.0153,215.38,1507.74,605,1444,70,0.419,81.28,71.71,500,63.52,168.78,111.31,49.8,133.52,680231.58,100.22,512099.24,2.79,3.78
2021-08-23,38605.57,39208.53,38493.39,39094.93,0,5428.99,67958.34,24848.56,18.05,0.68,3.93,8.2635,-0.0072,1818.09,722.52,695,1306,48,0.532,81.13,70.02,500,63.52,168.78,111.31,49.8,133.52,664703.3,99.59,529330.81,2.8,3.78
2021-08-24,39163.45,39646.28,38502.77,38983.38,0,1070.94,67593.35,24770.04,19.84,1.79,9.9,8.2726,0.0091,5084.28,2284.38,999,1032,66,0.968,82.24,76.12,500,63.52,168.78,111.31,49.8,133.52,647162.67,99.22,524915.54,2.76,3.78
2021-08-25,39071.4,39238.21,38939.88,39106.56,0,3010.0,67888.05,24919.6,19.39,-0.45,-2.25,8.2746,0.002,1088.26,-259.03,571,1351,64,0.423,81.65,73.61,500,63.52,168.78,111.31,49.8,133.52,647816.57,99.03,522886.87,2.78,3.78
2021-08-26,39116.19,39422.29,38317.49,38619.71,0,3852.86,67266.71,24779.05,22.2,2.81,14.47,8.2802,0.0056,-1773.55,-4017.94,1096,992,104,1.105,80.91,66.79,500,63.52,168.78,111.31,49.8,133.52,634161.55,99.21,523130.86,2.79,3.78
2021-08-27,38733.21,38984.59,38199.4,38448.93,0,1281.91,66761.23,24597.55,19.92,-2.28,-10.28,8.3047,0.0246,-1976.91,-2520.3,1180,829,110,1.423,80.26,77.02,500,63.52,168.78,111.31,49.8,133.52,628925.13,99.38,524825.27,2.75,3.78
2021-08-30,38471.32,38859.29,38140.62,38528.11,0,2974.98,66901.48,24631.92,21.01,1.09,5.49,8.3116,0.0069,3033.99,1302.28,863,1072,63,0.805,83.36,72.31,500,63.52,168.78,111.31,49.8,133.52,630737.13,99.31,524777.18,2.78,3.78
2021-08-31,38633.42,38808.54,38081.74,38255.15,0,6122.48,66264.48,24488.11,16.15,-4.86,-23.15,8.3147,0.0031,8722.32,492.18,926,1113,115,0.832,85.53,80.38,500,63.52,168.78,111.31,49.8,133.52,605778.76,100.44,528000.75,2.74,3.78
2021-09-01,38265.88,38961.48,37978.57,38671.13,0,3066.08,67456.53,24984.68,16.68,0.53,3.29,8.2983,-0.0164,-5508.64,-724.0,392,1683,59,0.233,86.83,86.93,500,60.84,169.94,115.81,53.12,133.66,621259.82,100.61,529563.44,2.79,3.78
2021-09-02,38743.85,38996.68,38675.75,38928.26,0,2401.27,67637.71,24960.28,22.16,5.48,32.84,8.2875,-0.0108,4589.13,-1463.64,800,1195,56,0.669,85.99,84.72,500,60.84,169.94,115.81,53.12,133.66,616190.49,100.56,533695.44,2.82,3.78
2021-09-03,39067.94,39263.93,38472.86,38666.84,0,2093.21,67229.49,24911.06,23.56,1.4,6.33,8.3026,0.0152,-3203.88,1978.6,745,1317,53,0.566,86.0,75.77,500,60.84,169.94,115.81,53.12,133.66,617117.55,100.72,531520.83,2.9,3.78
2021-09-06,38717.67,39128.77,38423.83,38834.05,0,3382.36,67652.47,25125.7,18.72,-4.83,-20.52,8.3196,0.017,4467.53,-799.39,699,1237,86,0.565,87.49,82.81,500,60.84,169.94,115.81,53.12,133.66,658265.62,101.06,534337.35,2.92,3.78
2021-09-07,38777.06,39025.33,38614.57,38862.48,0,1278.37,67527.11,25101.66,13.55,-5.17,-27.63,8.3129,-0.0067,-2890.36,-2226.08,891,1175,62,0.758,87.09,80.02,500,60.84,169.94,115.81,53.12,133.66,675365.8,101.81,548995.62,2.91,3.78
2021-09-08,38908.37,39004.58,38507.43,38602.89,0,4232.39,67021.33,25025.3,21.48,7.93,58.54,8.2988,-0.0141,-543.49,-109.33,990,975,129,1.015,87.47,82.54,500,60.84,169.94,115.81,53.12,133.66,667663.22,102.56,557309.7,2.93,3.78
2021-09-09,38572.99,39532.48,38300.21,39254.87,0,3351.3,67902.83,25329.45,15.37,-6.11,-28.46,8.3103,0.0115,153.73,178.95,686,1239,37,0.554,88.27,82.58,500,60.84,169.94,115.81,53.12,133.66,692380.13,102.64,568351.88,2.94,3.78
2021-09-10,39069.55,40983.81,38941.92,40850.36,0,1779.91,70957.74,26205.44,12.53,-2.84,-18.45,8.3161,0.0059,3516.24,-460.63,20,2006,113,0.01,87.41,87.54,500,60.84,169.94,115.81,53.12,133.66,691369.66,102.33,562825.7,2.98,3.78
2021-09-13,40915.33,41725.7,40638.73,41445.53,0,3022.7,72213.5,26553.5,10.94,-1.59,-12.71,8.3143,-0.0018,-1637.33,-477.01,338,1562,36,0.216,89.22,83.48,500,60.84,169.94,115.81,53.12,133.66,668260.47,102.63,559991.01,2.96,3.78
2021-09-14,41509.54,41573.8,41180.93,41244.78,0,2293.1,72039.93,26401.47,19.63,8.69,79.43,8.3178,0.0035,69.84,1854.62,675,1372,113,0.492,89.01,86.12,500,60.84,169.94,115.81,53.12,133.66,702960.2,103.0,565706.96,2.96,3.78
2021-09-15,41223.99,41436.43,40483.29,40693.0,0,2491.0,71022.18,26009.83,20.31,0.68,3.48,8.3167,-0.0011,3093.05,524.62,1107,832,84,1.331,86.65,82.51,500,60.84,169.94,115.81,53.12,133.66,718682.5,102.87,563770.67,2.96,3.78
2021-09-16,40595.41,41196.18,40365.19,40963.87,0,2591.91,72005.18,26274.51,18.37,-1.95,-9.58,8.3031,-0.0136,-624.26,-618.31,420,1608,32,0.261,86.01,80.13,500,60.84,169.94,115.81,53.12,133.66,699643.1,102.23,572723.27,2.96,3.78
2021-09-17,40995.16,42034.89,40913.14,41950.96,0,2649.53,74132.74,26999.53,20.83,2.46,13.4,8.3072,0.0041,-1491.08,4550.63,287,1739,26,0.165,85.55,82.86,500,60.84,169.94,115.81,53.12,133.66,679779.56,102.28,567395.26,3.01,3.78
2021-09-20,41899.73,42502.21,41828.94,42430.52,0,2287.16,74905.89,27210.95,17.09,-3.75,-17.98,8.3438,0.0366,-997.3,3017.38,610,1290,124,0.473,87.13,77.12,500,60.84,169.94,115.81,53.12,133.66,703272.27,101.87,556063.72,2.95,3.78
2021-09-21,42330.04,43058.4,42220.87,42947.64,0,3490.75,75611.5,27423.01,17.03,-0.06,-0.32,8.3391,-0.0047,-2114.72,863.16,372,1533,98,0.243,89.26,80.96,500,60.84,169.94,115.81,53.12,133.66,731088.42,101.55,554850.19,2.95,3.78
2021-09-22,43021.98,43270.28,42116.66,42361.15,0,1935.27,75019.09,27193.78,15.27,-1.76,-10.32,8.3424,0.0033,5060.1,684.38,1007,935,106,1.077,88.56,94.1,500,60.84,169.94,115.81,53.12,133.66,716252.99,101.44,559574.61,2.99,3.78
2021-09-23,42363.36,43123.29,42104.01,42860.9,0,2026.78,75899.39,27442.1,19.16,3.89,25.49,8.363,0.0206,4910.99,-392.6,553,1440,54,0.384,89.73,79.92,500,60.84,169.94,115.81,53.12,133.66,741210.34,101.59,554793.38,2.97,3.78
2021-09-24,42888.82,43872.93,42782.6,43764.54,0,5235.84,77658.85,28055.31,12.55,-6.61,-34.5,8.3785,0.0154,1007.8,1304.39,385,1685,94,0.228,89.76,83.82,500,60.84,169.94,115.81,53.12,133.66,699462.35,101.53,547774.82,2.91,3.78
2021-09-27,43771.46,44332.92,42545.93,43098.76,0,5855.02,76702.01,27602.02,20.4,7.85,62.52,8.3886,0.0102,1031.2,3338.22,663,1406,43,0.472,92.13,89.73,500,60.84,169.94,115.81,53.12,133.66,664838.37,101.25,548596.46,2.91,3.78
2021-09-28,43148.61,43500.3,42981.59,43332.56,0,4606.23,77277.69,27753.52,17.15,-3.25,-15.93,8.3888,0.0002,-439.58,-3566.34,706,1248,80,0.566,91.68,90.47,500,60.84,169.94,115.81,53.12,133.66,682183.59,100.99,546534.59,2.93,3.78
2021-09-29,43342.73,43390.81,43255.26,43303.3,0,1699.09,77240.67,27948.66,16.53,-0.62,-3.64,8.387,-0.0018,1218.25,1135.09,701,1398,21,0.501,91.85,83.37,500,60.84,169.94,115.81,53.12,133.66,693789.84,101.46,547817.41,2.92,3.78
2021-09-30,43239.62,43570.1,42874.55,43204.77,0,2602.91,77104.06,27775.73,19.72,3.19,19.29,8.3788,-0.0082,-1341.3,-769.2,1080,866,28,1.247,91.98,82.61,500,60.84,169.94,115.81,53.12,133.66,660840.14,100.82,538063.8,2.95,3.78
2021-10-01,43245.03,45052.43,42944.0,44740.99,0,4087.38,79754.29,28630.12,11.9,-7.81,-39.64,8.352,-0.0268,-2185.44,444.46,128,1798,107,0.071,90.94,88.26,500,61.18,170.33,120.71,57.34,134.85,661312.73,100.67,537017.61,2.93,5.88
2021-10-04,44813.56,45259.22,44735.92,45180.94,0,3384.28,80843.45,28964.73,19.58,7.68,64.56,8.33,-0.022,2327.39,188.44,544,1511,92,0.36,91.13,82.09,500,61.18,170.33,120.71,57.34,134.85,652879.54,100.99,529746.48,2.94,5.88
2021-10-05,45303.23,46350.81,44942.29,45984.44,0,3467.1,81821.0,29367.49,15.75,-3.83,-19.58,8.328,-0.002,2790.98,-1250.07,282,1694,70,0.166,90.14,84.55,500,61.18,170.33,120.71,57.34,134.85,674926.38,100.55,525063.13,2.91,5.88
2021-10-06,45916.72,46095.11,45565.71,45743.43,0,1898.42,81051.9,29071.11,18.7,2.95,18.71,8.3153,-0.0127,-1907.17,522.95,910,998,129,0.912,88.31,87.17,500,61.18,170.33,120.71,57.34,134.85,681768.48,100.8,531344.38,2.9,5.88
2021-10-07,45786.45,46239.56,45513.95,45965.99,0,3638.98,81551.08,29122.24,18.97,0.28,1.48,8.3147,-0.0006,3353.1,-773.62,428,1611,110,0.266,90.77,81.65,500,61.18,170.33,120.71,57.34,134.85,672400.25,100.43,531803.6,2.93,5.88
2021-10-08,46019.78,46895.25,45873.56,46746.72,0,3920.48,83431.05,29759.78,13.99,-4.98,-26.25,8.3248,0.0101,3465.75,4751.46,357,1664,108,0.215,89.44,86.54,500,61.18,170.33,120.71,57.34,134.85,659610.45,99.9,522692.08,2.97,5.88
2021-10-11,46633.69,47400.23,46364.39,47128.08,0,4119.26,83592.17,30010.16,17.48,3.49,24.96,8.3387,0.0139,-4167.7,-244.38,664,1348,110,0.493,88.99,76.94,500,61.18,170.33,120.71,57.34,134.85,683190.13,100.47,528959.16,2.97,5.88
2021-10-12,47166.05,47505.49,45930.49,46263.43,0,5601.35,82269.01,29637.86,23.36,5.88,33.62,8.336,-0.0027,1360.59,4556.11,1112,889,89,1.251,87.68,78.36,500,61.18,170.33,120.71,57.34,134.85,666542.92,101.1,526042.94,2.99,5.88
2021-10-13,46212.02,46520.89,45810.44,46118.68,0,3883.44,82172.09,29567.0,18.84,-4.52,-19.36,8.3446,0.0085,448.0,-827.1,867,1094,86,0.793,90.2,82.86,500,61.18,170.33,120.71,57.34,134.85,654403.36,100.63,519550.3,3.03,5.88
2021-10-14,46108.43,46764.12,45611.78,46265.77,0,3203.24,82757.7,29928.52,16.55,-2.29,-12.17,8.3453,0.0008,-782.89,4092.91,717,1259,25,0.569,91.41,94.48,500,61.18,170.33,120.71,57.34,134.85,648778.37,100.16,513819.4,3.02,5.88
2021-10-15,46190.91,47658.75,45983.8,47446.02,0,6229.96,85003.62,30607.28,15.42,-1.13,-6.83,8.3281,-0.0173,-2728.91,-431.45,299,1602,96,0.187,89.7,81.89,500,61.18,170.33,120.71,57.34,134.85,663020.74,100.34,501227.35,2.99,5.88
2021-10-18,47268.84,47753.91,46911.86,47395.97,0,2874.01,84726.04,30543.81,19.36,3.94,25.58,8.3322,0.0041,3097.97,1447.61,749,1317,103,0.569,90.37,82.09,500,61.18,170.33,120.71,57.34,134.85,671461.92,100.97,500905.47,2.99,5.88
2021-10-19,47296.02,48697.58,46989.07,48383.57,0,1606.11,86148.89,31233.15,15.95,-3.41,-17.62,8.3102,-0.0219,-1297.19,-1862.64,467,1493,59,0.313,93.01,84.25,500,61.18,170.33,120.71,57.34,134.85,706888.32,100.68,498333.5,3.01,5.88
2021-10-20,48351.71,48781.65,48207.59,48636.68,0,3565.14,87037.75,31755.55,20.21,4.26,26.68,8.2966,-0.0136,1769.22,4563.98,430,1523,69,0.282,90.47,77.74,500,61.18,170.33,120.71,57.34,134.85,709143.3,100.6,505353.8,3.0,5.88
2021-10-21,48478.41,49885.27,48253.97,49655.38,0,2221.14,88975.96,32352.44,16.18,-4.03,-19.93,8.289,-0.0076,-961.78,5183.36,191,1874,47,0.102,91.34,93.38,500,61.18,170.33,120.71,57.34,134.85,742099.27,100.74,500944.71,3.01,5.88
2021-10-22,49597.51,50244.23,49269.34,49913.96,0,3318.97,89305.13,32573.56,20.43,4.25,26.28,8.2756,-0.0134,-613.85,-1263.36,728,1348,50,0.54,90.17,73.35,500,61.18,170.33,120.71,57.34,134.85,721433.59,100.6,505255.4,2.99,5.88
2021-10-25,49773.47,50130.07,49359.3,49715.49,0,3459.42,88962.61,32228.06,19.0,-1.43,-7.02,8.2808,0.0052,-3720.23,192.3,1075,930,120,1.156,89.45,82.54,500,61.18,170.33,120.71,57.34,134.85,731472.65,100.36,517405.05,2.93,5.88
2021-10-26,49780.35,49954.08,49231.39,49403.81,0,2233.22,88922.6,32148.26,20.23,1.23,6.47,8.2757,-0.0051,-2693.99,652.92,1096,967,91,1.133,86.31,75.98,500,61.18,170.33,120.71,57.34,134.85,725892.24,99.96,514541.27,2.96,5.88
2021-10-27,49324.78,49788.64,49115.16,49577.94,0,2408.28,89459.68,32115.28,17.07,-3.15,-15.6,8.286,0.0103,-4719.87,-405.57,529,1414,24,0.374,87.5,78.14,500,61.18,170.33,120.71,57.34,134.85,707449.99,99.33,512220.33,2.95,5.88
2021-10-28,49504.72,49587.58,49326.86,49409.56,0,4691.36,89146.99,31940.84,17.12,0.05,0.29,8.289,0.003,1032.92,-336.55,963,1081,121,0.891,86.95,78.17,500,61.18,170.33,120.71,57.34,134.85,686009.54,99.31,502824.53,2.92,5.88
2021-10-29,49280.6,49672.59,48301.09,48688.37,0,2779.93,87383.29,31569.46,14.92,-2.21,-12.88,8.3035,0.0145,-169.24,-1536.55,1306,793,32,1.647,86.28,77.85,500,61.18,170.33,120.71,57.34,134.85,660528.3,99.31,498287.39,2.82,5.88
2021-11-01,48616.55,48877.82,47990.17,48249.47,0,4419.09,85993.72,31326.14,20.36,5.44,36.48,8.2978,-0.0057,-3618.11,506.48,1136,951,46,1.195,86.51,77.8,500,62.21,171.36,111.82,58.67,135.06,659844.69,99.45,491782.88,2.83,5.88
2021-11-02,48317.39,48886.38,48004.22,48571.57,0,1509.24,86974.74,31622.89,18.89,-1.46,-7.18,8.2947,-0.0031,4383.97,997.49,584,1397,70,0.418,85.53,81.03,500,62.21,171.36,111.82,58.67,135.06,632810.78,99.21,487027.13,2.84,5.88
2021-11-03,48645.75,48841.01,48281.78,48476.37,0,1949.32,87131.73,31780.75,17.78,-1.12,-5.92,8.2899,-0.0048,1151.25,329.21,585,1511,99,0.387,84.91,80.65,500,62.21,171.36,111.82,58.67,135.06,633459.57,99.8,496205.88,2.84,5.88
2021-11-04,48651.71,49214.09,48035.72,48597.48,0,2448.34,87324.45,31859.73,20.37,2.6,14.62,8.2835,-0.0064,372.94,-995.12,748,1246,98,0.6,85.9,75.91,500,62.21,171.36,111.82,58.67,135.06,639027.69,99.18,507787.71,2.83,5.88
2021-11-05,48611.08,49335.9,48169.14,48891.42,0,3844.97,87661.93,31792.84,16.31,-4.06,-19.95,8.287,0.0035,2016.71,-755.01,583,1496,42,0.39,86.35,78.66,500,62.21,171.36,111.82,58.67,135.06,650720.91,99.27,512617.18,2.8,5.88
2021-11-08,48872.6,49690.24,48340.12,49154.69,0,1505.91,88747.69,31965.57,16.2,-0.11,-0.67,8.289,0.0019,-704.35,-328.01,430,1564,83,0.275,86.7,77.83,500,62.21,171.36,111.82,58.67,135.06,661655.58,99.3,511493.55,2.81,5.88
2021-11-09,49102.24,49172.92,49056.19,49126.84,0,1852.28,89328.56,32075.4,16.48,0.28,1.73,8.2653,-0.0236,1279.01,-1018.74,765,1135,64,0.674,87.29,84.41,500,62.21,171.36,111.82,58.67,135.06,651396.21,99.84,508784.53,2.82,5.88
2021-11-10,49077.37,49859.65,48838.37,49618.02,0,2690.95,90618.84,32598.89,14.41,-2.07,-12.58,8.2495,-0.0158,-5590.75,-1140.87,711,1261,22,0.564,86.59,79.13,500,62.21,171.36,111.82,58.67,135.06,677436.61,99.66,518725.49,2.79,5.88
2021-11-11,49543.42,49724.38,49129.01,49309.11,0,2252.67,90921.15,32438.49,19.93,5.52,38.3,8.2393,-0.0102,171.78,102.09,790,1273,29,0.621,87.51,83.87,500,62.21,171.36,111.82,58.67,135.06,657274.27,100.21,516176.76,2.75,5.88
2021-11-12,49304.24,49592.73,49010.94,49299.4,0,5048.29,90942.24,32649.57,19.62,-0.31,-1.56,8.2417,0.0024,2094.27,798.88,864,1057,57,0.817,87.78,78.36,500,62.21,171.36,111.82,58.67,135.06,669938.89,100.82,531613.8,2.75,5.88
2021-11-15,49317.12,50362.98,48682.68,49723.32,0,2335.69,91544.91,32785.26,17.97,-1.65,-8.39,8.2444,0.0026,1975.11,2358.29,566,1503,100,0.377,88.74,71.65,500,62.21,171.36,111.82,58.67,135.06,645408.18,100.82,530551.31,2.78,5.88
2021-11-16,49615.09,49815.31,49368.5,49568.53,0,4602.97,91685.99,32792.64,20.88,2.91,16.18,8.2305,-0.0138,-5006.1,-5329.22,851,1180,83,0.721,88.92,82.24,500,62.21,171.36,111.82,58.67,135.06,620976.67,100.89,534470.26,2.78,5.88
2021-11-17,49601.09,49770.94,48764.19,48931.74,0,5021.64,90660.32,32299.23,21.46,0.58,2.8,8.2577,0.0272,1941.01,292.97,929,1086,121,0.855,88.93,84.65,500,62.21,171.36,111.82,58.67,135.06,617649.59,101.14,536100.84,2.75,5.88
2021-11-18,48874.6,49315.87,48624.69,49064.99,0,1588.48,90817.55,32396.05,20.3,-1.16,-5.41,8.2584,0.0007,-3634.97,3826.67,629,1288,99,0.488,88.65,84.93,500,62.21,171.36,111.82,58.67,135.06,615282.77,101.14,533855.52,2.79,5.88
2021-11-19,49095.27,49859.62,48744.38,49505.79,0,5984.98,91712.36,32633.02,14.7,-5.6,-27.6,8.239,-0.0194,-1421.46,3605.47,512,1573,41,0.325,87.86,82.0,500,62.21,171.36,111.82,58.67,135.06,606455.81,100.74,535954.38,2.8,5.88
2021-11-22,49283.55,49428.73,48907.13,49051.62,0,4267.58,90901.97,32304.39,17.47,2.77,18.85,8.2168,-0.0222,3837.99,8844.03,1169,841,97,1.39,87.21,84.63,500,62.21,171.36,111.82,58.67,135.06,595619.81,100.58,532119.29,2.76,5.88
2021-11-23,48928.88,49096.98,48793.6,48961.61,0,1618.59,90879.06,32080.64,16.71,-0.76,-4.32,8.2221,0.0053,-10882.48,-1968.61,713,1331,38,0.536,85.48,80.88,500,62.21,171.36,111.82,58.67,135.06,578948.82,101.02,533065.71,2.73,5.88
2021-11-24,48881.03,49002.56,48775.11,48896.61,0,3958.45,91269.39,32099.3,18.95,2.23,13.37,8.2315,0.0095,1549.63,1146.53,780,1147,28,0.68,86.93,86.54,500,62.21,171.36,111.82,58.67,135.06,595757.62,101.14,537970.88,2.73,5.88
2021-11-25,48847.18,49540.65,48787.04,49479.73,0,3492.1,92576.5,32378.66,17.29,-1.65,-8.72,8.2255,-0.0061,-4084.59,-11.57,276,1705,55,0.162,86.59,80.45,500,62.21,171.36,111.82,58.67,135.06,576720.55,100.93,535335.32,2.72,5.88
2021-11-26,49422.71,49787.89,49154.45,49519.11,0,3089.58,92618.74,32379.49,18.93,1.64,9.45,8.2035,-0.022,-1843.95,-1403.45,712,1230,58,0.579,86.03,73.5,500,62.21,171.36,111.82,58.67,135.06,578495.93,101.38,537332.48,2.73,5.88
2021-11-29,49648.69,50138.19,49194.39,49683.58,0,3941.76,92756.82,32437.82,17.03,-1.9,-10.04,8.1965,-0.007,1877.87,-1271.13,819,1228,48,0.667,86.57,80.71,500,62.21,171.36,111.82,58.67,135.06,575313.61,101.2,542404.95,2.72,5.88
2021-11-30,49709.75,50331.57,49318.48,49938.5,0,5364.85,92814.84,32389.92,16.7,-0.33,-1.94,8.1974,0.0009,1996.86,-568.7,800,1275,34,0.627,87.19,84.48,500,62.21,171.36,111.82,58.67,135.06,574843.35,101.51,540786.01,2.77,5.88
2021-12-01,49940.35,51081.11,49700.14,50836.59,0,1953.27,94199.96,32945.9,14.39,-2.31,-13.85,8.196,-0.0014,3845.94,-2262.67,303,1613,64,0.188,86.9,79.67,500,63.58,172.12,112.7,51.9,135.54,553631.76,101.73,538522.03,2.8,5.88
2021-12-02,50877.9,51015.66,50820.18,50957.85,0,1832.37,94398.61,33113.6,19.7,5.31,36.95,8.1907,-0.0053,2421.86,282.24,649,1406,41,0.462,85.02,75.24,500,63.58,172.12,112.7,51.9,135.54,540661.9,102.27,550360.23,2.84,5.88
2021-12-03,50959.03,51148.71,50094.36,50281.52,0,4167.22,93227.76,32714.32,20.31,0.61,3.09,8.2014,0.0106,3753.26,1013.27,981,992,75,0.989,85.77,86.95,500,63.58,172.12,112.7,51.9,135.54,551090.25,101.41,542490.27,2.82,5.88
2021-12-06,50427.52,51094.64,49936.25,50601.68,0,7292.09,93081.94,32832.13,20.41,0.1,0.51,8.187,-0.0144,-421.08,287.75,818,1095,120,0.747,83.85,76.17,500,63.58,172.12,112.7,51.9,135.54,544565.2,101.28,542287.48,2.82,5.88
2021-12-07,50661.89,52320.47,50515.23,52169.45,0,1850.78,96074.75,33765.59,18.21,-2.2,-10.78,8.2017,0.0148,-2403.05,5413.62,131,1963,77,0.067,83.52,73.02,500,63.58,172.12,112.7,51.9,135.54,576595.91,100.86,543411.85,2.84,5.88
2021-12-08,52222.46,52778.66,51239.54,51791.15,0,2512.32,95125.51,33237.88,20.35,2.14,11.76,8.2067,0.005,2296.47,141.63,1012,973,44,1.04,84.18,74.22,500,63.58,172.12,112.7,51.9,135.54,564245.4,100.32,536136.19,2.79,5.88
2021-12-09,51800.88,52178.69,51037.72,51412.7,0,3024.84,94991.46,33035.72,18.48,-1.87,-9.19,8.2131,0.0064,1245.18,1144.42,785,1278,27,0.614,84.58,80.89,500,63.58,172.12,112.7,51.9,135.54,564292.27,100.42,531096.73,2.78,5.88
2021-12-10,51474.56,51777.94,50796.25,51097.41,0,3385.39,94912.91,33065.13,19.05,0.57,3.07,8.2157,0.0026,564.66,-36.72,991,1054,126,0.94,85.14,83.43,500,63.58,172.12,112.7,51.9,135.54,564547.32,100.35,530174.74,2.73,5.88
2021-12-13,51255.59,51605.24,50767.58,51116.28,0,3255.99,94939.0,32977.9,15.25,-3.8,-19.97,8.205,-0.0107,4719.31,-329.96,865,1219,31,0.71,83.12,83.18,500,63.58,172.12,112.7,51.9,135.54,561815.69,100.4,530783.03,2.71,5.88
2021-12-14,51005.53,51743.05,50605.14,51340.04,0,3263.79,94915.39,33074.21,20.31,5.07,33.22,8.1979,-0.0072,-2547.07,457.47,849,1156,84,0.734,83.75,78.31,500,63.58,172.12,112.7,51.9,135.54,542800.57,99.96,521930.2,2.68,5.88
2021-12-15,51361.02,52247.32,51039.8,51922.59,0,2980.09,96451.12,33696.74,16.38,-3.93,-19.34,8.2086,0.0107,2269.57,-1950.15,504,1590,95,0.317,86.29,75.75,500,63.58,172.12,112.7,51.9,135.54,568912.71,99.99,515096.13,2.62,5.88
2021-12-16,51891.79,51976.47,51423.98,51508.04,0,1075.22,95351.17,33473.32,20.59,4.21,25.68,8.2191,0.0105,608.62,-30.99,1079,827,104,1.305,87.14,77.96,500,63.58,172.12,112.7,51.9,135.54,576730.97,100.77,518047.98,2.61,5.88
2021-12-17,51345.62,51754.11,50481.33,50886.17,0,3621.28,93788.61,33140.07,18.99,-1.6,-7.76,8.2202,0.0011,568.06,203.39,1357,684,48,1.984,88.45,86.47,500,63.58,172.12,112.7,51.9,135.54,555100.83,101.16,524723.76,2.63,5.88
2021-12-20,51030.65,51411.43,50218.72,50596.26,0,1712.55,93564.75,33261.82,20.21,1.22,6.4,8.2181,-0.0021,4109.23,-621.33,995,1087,58,0.915,87.32,89.24,500,63.58,172.12,112.7,51.9,135.54,561420.83,101.06,522507.75,2.59,5.88
2021-12-21,50537.11,51131.46,49490.87,50079.83,0,3055.45,91418.1,32864.78,18.12,-2.08,-10.31,8.2093,-0.0088,4969.94,-1985.69,1206,782,84,1.542,87.66,79.89,500,63.58,172.12,112.7,51.9,135.54,562516.24,101.28,531899.1,2.56,5.88
2021-12-22,49904.4,50801.21,49807.93,50703.2,0,5063.8,92428.14,33057.67,14.39,-3.73,-20.59,8.2209,0.0115,1845.04,1024.78,252,1659,45,0.152,87.55,76.11,500,63.58,172.12,112.7,51.9,135.54,540060.09,101.41,533264.41,2.58,5.88
2021-12-23,50760.82,52034.93,50294.15,51560.89,0,1580.31,93413.39,33396.28,17.62,3.23,22.47,8.2222,0.0014,-875.09,684.6,641,1327,35,0.483,85.82,78.11,500,63.58,172.12,112.7,51.9,135.54,537497.91,101.28,540835.31,2.58,5.88
2021-12-24,51539.46,52956.07,51374.91,52787.53,0,3113.44,95306.03,34184.73,14.65,-2.98,-16.9,8.2142,-0.0081,-1526.18,-1227.95,459,1509,100,0.304,85.87,78.71,500,63.58,172.12,112.7,51.9,135.54,526205.7,101.42,542077.81,2.58,5.88
2021-12-27,52904.22,53244.89,52726.39,53066.51,0,2103.4,96458.14,34495.27,16.97,2.32,15.84,8.2154,0.0013,1479.12,2183.14,613,1336,112,0.459,86.67,76.03,500,63.58,172.12,112.7,51.9,135.54,518131.96,100.84,530354.1,2.59,5.88
2021-12-28,52936.35,53378.33,51715.58,52151.0,0,4544.2,94368.37,34014.36,19.02,2.05,12.11,8.219,0.0036,-1151.91,1506.68,1542,448,28,3.442,84.68,75.33,500,63.58,172.12,112.7,51.9,135.54,538935.04,101.03,547732.6,2.61,5.88
2021-12-29,52216.98,52387.42,51442.23,51610.69,0,2627.56,93752.13,33731.09,18.53,-0.49,-2.59,8.1959,-0.0232,283.41,430.36,1061,999,42,1.062,85.77,80.57,500,63.58,172.12,112.7,51.9,135.54,529054.19,100.71,551739.59,2.64,5.88
2021-12-30,51557.2,51688.16,51369.44,51500.26,0,2171.73,93558.11,33701.14,20.76,2.24,12.07,8.1873,-0.0085,5749.71,684.99,930,1156,110,0.804,86.02,80.99,500,63.58,172.12,112.7,51.9,135.54,534888.75,100.88,542977.65,2.63,5.88
2021-12-31,51506.91,52167.54,51026.22,51685.19,0,2986.59,93397.62,33619.16,19.59,-1.18,-5.66,8.1913,0.004,860.73,2168.48,821,1126,56,0.729,85.66,78.96,500,63.58,172.12,112.7,51.9,135.54,522993.99,100.81,545388.17,2.59,5.88
2022-01-03,51630.38,51961.81,50857.75,51186.33,0,1357.12,92145.17,33144.99,15.74,-3.85,-19.65,8.1899,-0.0014,-529.8,1441.53,1024,897,35,1.142,88.36,83.63,500,61.26,172.62,111.37,58.01,135.39,501955.34,100.59,551120.35,2.61,6.8
2022-01-04,51232.68,51797.15,48318.25,48856.55,0,2611.51,87752.89,31659.54,26.52,10.78,68.53,8.1938,0.0039,-6460.77,-439.12,1900,153,87,12.418,87.45,85.78,500,61.26,172.62,111.37,58.01,135.39,514776.16,100.19,563618.7,2.64,6.8
2022-01-05,49044.85,49179.13,48455.36,48588.39,0,3201.42,87402.15,31575.55,18.22,-8.3,-31.3,8.1951,0.0013,-841.27,639.04,931,1161,50,0.802,89.23,74.86,500,61.26,172.62,111.37,58.01,135.39,519107.5,100.17,576434.33,2.61,6.8
2022-01-06,48582.69,48786.88,47211.99,47411.25,0,2608.13,85368.82,30885.9,22.27,4.05,22.23,8.1781,-0.017,-803.75,3323.41,1491,536,39,2.782,88.61,82.34,500,61.26,172.62,111.37,58.01,135.39,525693.44,100.03,574757.67,2.61,6.8
2022-01-07,47312.49,47353.03,46982.62,47022.91,0,2387.05,84276.77,30545.8,19.53,-2.74,-12.32,8.1702,-0.0079,9238.34,538.81,666,1289,128,0.517,88.6,73.13,500,61.26,172.62,111.37,58.01,135.39,517410.82,99.6,574624.9,2.62,6.8
2022-01-10,47104.92,47442.88,46905.69,47243.06,0,2433.01,84700.5,30755.7,19.65,0.13,0.66,8.161,-0.0092,3077.48,-1201.78,1084,946,122,1.146,88.73,80.9,500,61.26,172.62,111.37,58.01,135.39,508355.46,99.61,582491.11,2.66,6.8
2022-01-11,47159.24,47802.14,46613.85,47255.63,0,2745.66,84899.68,30859.09,16.56,-3.09,-15.74,8.1681,0.0072,2467.18,3995.25,759,1223,51,0.621,88.4,79.42,500,61.26,172.62,111.37,58.01,135.39,501507.06,99.66,590575.04,2.7,6.8
2022-01-12,47234.29,47342.0,46635.14,46741.73,0,2322.52,83890.93,30590.93,19.13,2.57,15.54,8.1519,-0.0163,-848.01,-568.48,1146,763,74,1.502,87.09,77.13,500,61.26,172.62,111.37,58.01,135.39,513087.06,98.65,595188.88,2.74,6.8
2022-01-13,46793.73,47282.8,46609.99,47097.88,0,3227.29,84446.8,30717.37,18.27,-0.87,-4.54,8.1641,0.0123,1600.32,1932.9,549,1365,26,0.402,87.57,82.71,500,61.26,172.62,111.37,58.01,135.39,487500.28,97.77,612691.81,2.72,6.8
2022-01-14,47363.73,47598.13,46458.37,46689.43,0,4235.24,83332.9,30489.93,19.69,1.42,7.79,8.1683,0.0041,4092.69,-1107.52,709,1326,128,0.535,87.72,84.52,500,61.26,172.62,111.37,58.01,135.39,498402.14,97.2,600349.02,2.75,6.8
2022-01-17,46660.78,47000.78,46521.3,46860.7,0,1433.14,83617.18,30650.43,18.29,-1.4,-7.11,8.1585,-0.0098,-1037.8,1250.17,784,1222,127,0.642,86.13,77.9,500,61.26,172.62,111.37,58.01,135.39,482334.72,97.12,604938.0,2.79,6.8
2022-01-18,46901.04,47408.02,46587.15,47092.85,0,2944.54,83984.99,30729.35,16.14,-2.15,-11.73,8.1446,-0.0139,-576.56,3289.26,867,1084,69,0.8,86.5,77.91,500,61.26,172.62,111.37,58.01,135.39,497393.39,97.13,615933.94,2.77,6.8
2022-01-19,47086.56,47321.35,46970.19,47204.69,0,3959.9,83714.32,30765.33,17.51,1.36,8.45,8.1405,-0.0041,3471.97,-1035.64,1050,916,28,1.146,86.05,81.25,500,61.26,172.62,111.37,58.01,135.39,506123.82,97.42,615861.56,2.74,6.8
2022-01-20,47148.63,47266.72,46528.77,46645.59,0,2234.02,83295.71,30610.16,21.36,3.85,21.98,8.1169,-0.0235,-867.51,3920.98,993,1011,121,0.982,84.84,75.77,500,61.26,172.62,111.37,58.01,135.39,523801.8,97.29,615180.38,2.79,6.8
2022-01-21,46686.86,46978.27,46414.05,46705.36,0,6739.13,83498.17,30521.52,18.25,-3.11,-14.55,8.1218,0.0048,-1530.78,-1232.65,920,981,122,0.938,88.01,77.67,500,61.26,172.62,111.37,58.01,135.39,529862.02,96.61,615578.7,2.77,6.8
2022-01-24,46745.25,46936.78,46452.74,46643.86,0,2039.41,83417.24,30699.52,16.03,-2.22,-12.16,8.1213,-0.0005,1850.89,2848.46,660,1325,98,0.498,90.94,86.44,500,61.26,172.62,111.37,58.01,135.39,536540.08,96.25,628392.48,2.8,6.8
2022-01-25,46647.11,47928.02,46485.86,47762.92,0,3144.82,86106.51,31573.09,13.07,-2.96,-18.45,8.1402,0.0189,94.57,-1639.6,68,1872,117,0.036,91.66,86.7,500,61.26,172.62,111.37,58.01,135.39,529852.96,96.05,626821.05,2.78,6.8
2022-01-26,47649.14,48776.5,47148.93,48269.78,0,7613.67,86389.42,31688.09,14.71,1.64,12.52,8.1398,-0.0004,9383.25,745.57,752,1319,35,0.57,92.41,87.56,500,61.26,172.62,111.37,58.01,135.39,532564.16,96.17,637657.59,2.75,6.8
2022-01-27,48153.9,48735.94,47726.34,48307.01,0,2956.01,85839.76,31524.94,19.38,4.68,31.79,8.1494,0.0096,-536.37,1865.19,974,1070,86,0.91,91.33,83.05,500,61.26,172.62,111.37,58.01,135.39,564031.34,95.84,633713.27,2.75,6.8
2022-01-28,48278.34,48570.48,47928.11,48219.9,0,4161.31,86322.92,31549.07,15.32,-4.06,-20.95,8.159,0.0096,-1740.62,-3143.78,1053,973,48,1.082,92.04,84.88,500,61.26,172.62,111.37,58.01,135.39,550978.09,95.44,624755.49,2.78,6.8
2022-01-31,48181.05,48635.34,46587.69,47031.13,0,3062.66,84258.73,30811.67,20.13,4.81,31.39,8.1536,-0.0054,2113.04,1659.75,1478,597,25,2.476,93.09,80.68,500,61.26,172.62,111.37,58.01,135.39,546334.12,94.96,621099.97,2.85,6.8
2022-02-01,46940.14,48112.32,46516.57,47682.06,0,3531.9,85209.49,31173.85,21.44,1.31,6.49,8.1549,0.0012,-1627.32,-2143.37,348,1730,57,0.201,93.26,93.56,500,62.13,173.13,116.61,55.59,135.84,540545.82,95.44,627832.12,2.88,6.8
2022-02-02,47664.94,49787.38,47237.14,49344.52,0,4298.82,88249.47,32258.83,14.9,-6.54,-30.51,8.1398,-0.0151,-3.34,-3158.69,20,1993,64,0.01,94.76,95.38,500,62.13,173.13,116.61,55.59,135.84,567193.87,95.48,637691.26,2.92,6.8
2022-02-03,49423.98,49904.37,48215.63,48688.88,0,2978.67,87098.52,31529.98,16.02,1.12,7.5,8.1498,0.01,-577.8,527.31,1254,770,54,1.629,92.74,82.95,500,62.13,173.13,116.61,55.59,135.84,571066.87,95.28,641532.57,2.89,6.8
2022-02-04,48639.3,49266.71,48235.78,48861.35,0,1567.8,87578.71,31668.6,18.07,2.06,12.84,8.1561,0.0063,-1115.1,445.23,521,1563,60,0.333,92.58,81.56,500,62.13,173.13,116.61,55.59,135.84,592429.8,94.7,645468.47,2.89,6.8
2022-02-07,48837.66,49068.26,48671.14,48901.52,0,2520.95,88030.99,31752.65,18.74,0.67,3.7,8.1481,-0.0079,-1716.84,1064.5,768,1292,107,0.594,92.68,85.76,500,62.13,173.13,116.61,55.59,135.84,578411.49,94.55,645966.53,2.89,6.8
2022-02-08,48954.53,49244.87,47601.14,47885.14,0,3945.12,86382.02,30955.29,19.36,0.61,3.27,8.1451,-0.0031,-3665.82,2120.85,1492,572,57,2.608,92.12,84.41,500,62.13,173.13,116.61,55.59,135.84,599751.57,94.69,636959.07,2.9,6.8
2022-02-09,47888.94,48566.42,47752.87,48428.81,0,4099.71,87317.51,31229.98,14.68,-4.68,-24.17,8.1471,0.002,2679.22,320.48,598,1382,27,0.433,89.56,81.69,500,62.13,173.13,116.61,55.59,135.84,614686.91,94.44,631773.69,2.88,6.8
2022-02-10,48319.06,49442.32,48029.88,49148.17,0,2249.6,87926.21,31736.01,14.07,-0.61,-4.14,8.1237,-0.0234,-259.62,1505.54,124,1960,82,0.063,89.78,74.34,500,62.13,173.13,116.61,55.59,135.84,611852.07,94.7,633626.85,2.82,6.8
2022-02-11,49036.09,50318.13,48666.77,49941.98,0,4354.08,89719.0,32235.76,18.52,4.45,31.64,8.1216,-0.0021,1135.63,-648.25,631,1310,126,0.482,90.06,83.18,500,62.13,173.13,116.61,55.59,135.84,619995.54,94.28,645091.11,2.85,6.8
2022-02-14,49841.41,50439.02,48874.28,49467.4,0,4885.46,89056.54,32080.33,17.92,-0.61,-3.27,8.123,0.0013,1160.58,-39.24,904,1035,88,0.873,91.92,79.9,500,62.13,173.13,116.61,55.59,135.84,610661.23,94.49,633492.34,2.74,6.8
2022-02-15,49300.0,51118.8,48981.75,50790.92,0,1624.17,91754.15,33074.82,15.23,-2.69,-15.01,8.1252,0.0022,-2144.3,2488.07,20,2056,26,0.01,91.4,86.74,500,62.13,173.13,116.61,55.59,135.84,599180.93,94.36,637323.15,2.74,6.8
2022-02-16,50710.87,51207.75,50524.23,51019.97,0,2071.0,91630.49,32923.81,15.11,-0.11,-0.75,8.1236,-0.0016,832.79,6435.17,902,1191,81,0.757,92.51,81.57,500,62.13,173.13,116.61,55.59,135.84,572149.55,95.0,625322.28,2.71,6.8
2022-02-17,51077.53,51378.92,50042.54,50339.58,0,4360.79,90150.71,32478.58,20.14,5.03,33.28,8.1102,-0.0134,-216.42,726.66,1097,913,51,1.202,92.68,85.65,500,62.13,173.13,116.61,55.59,135.84,577493.4,94.97,617805.85,2.74,6.8
2022-02-18,50327.88,50412.59,49551.49,49635.04,0,3203.35,89700.52,32004.74,20.31,0.17,0.84,8.0995,-0.0107,2403.25,323.86,989,927,95,1.067,91.34,85.72,500,62.13,173.13,116.61,55.59,135.84,587008.31,93.76,622656.07,2.73,6.8
2022-02-21,49676.24,50064.58,49196.32,49583.94,0,3528.4,89985.15,32115.81,15.74,-4.57,-22.5,8.1182,0.0187,925.7,2247.46,785,1294,97,0.607,91.84,87.35,500,62.13,173.13,116.61,55.59,135.84,610374.78,93.84,620477.96,2.66,6.8
2022-02-22,49552.35,50193.17,49066.54,49705.85,0,846.27,90639.25,32532.32,15.12,-0.63,-3.99,8.1262,0.008,-46.31,2746.64,410,1559,80,0.263,91.95,80.35,500,62.13,173.13,116.61,55.59,135.84,613834.83,94.64,622771.47,2.7,6.8
2022-02-23,49879.52,50191.89,49186.04,49496.02,0,4455.91,90795.99,32460.39,17.02,1.91,12.62,8.1318,0.0055,-4306.7,392.65,1142,909,129,1.256,91.18,83.37,500,62.13,173.13,116.61,55.59,135.84,603199.67,94.48,624022.09,2.73,6.8
2022-02-24,49536.38,50020.49,49535.7,50019.81,0,2139.85,91894.63,32886.33,15.81,-1.21,-7.12,8.1455,0.0137,2388.62,303.62,600,1328,90,0.452,91.33,84.88,500,62.13,173.13,116.61,55.59,135.84,607563.11,95.37,597578.0,2.67,6.8
2022-02-25,50304.86,51539.0,50147.62,51378.4,0,2272.62,94799.59,34069.75,15.28,-0.53,-3.35,8.1499,0.0044,815.97,-1169.97,154,1807,121,0.085,89.36,81.97,500,62.13,173.13,116.61,55.59,135.84,607099.36,94.94,599588.01,2.71,6.8
2022-02-28,51547.93,51916.34,50629.71,50994.16,0,2407.99,94290.73,33862.01,19.21,3.93,25.71,8.1433,-0.0066,-4098.2,115.47,718,1196,20,0.6,88.0,73.56,500,62.13,173.13,116.61,55.59,135.84,627866.01,94.65,602755.96,2.66,6.8
2022-03-01,50864.91,51914.06,50355.87,51399.67,0,2117.98,95114.23,34124.19,17.64,-1.57,-8.16,8.1542,0.0109,-189.79,-779.43,499,1490,97,0.335,88.48,78.59,500,61.72,174.07,112.34,56.51,135.82,604578.87,94.25,590607.05,2.69,6.8
2022-03-02,51372.08,51628.83,50848.69,51104.1,0,1390.06,94468.87,33923.22,21.83,4.19,23.75,8.1609,0.0067,21.48,106.39,751,1329,90,0.565,89.92,74.44,500,61.72,174.07,112.34,56.51,135.82,601041.37,94.36,596318.83,2.76,6.8
2022-03-03,51012.39,51426.99,50867.66,51281.49,0,2182.31,94609.32,34219.13,17.42,-4.41,-20.19,8.155,-0.0059,-4037.85,2608.29,785,1175,58,0.668,89.0,80.35,500,61.72,174.07,112.34,56.51,135.82,607401.29,95.03,583312.43,2.74,6.8
2022-03-04,51233.52,51494.99,51004.2,51265.52,0,5834.5,94233.85,34277.51,16.91,-0.51,-2.93,8.1707,0.0157,635.5,3239.63,919,1069,125,0.86,89.38,80.62,500,61.72,174.07,112.34,56.51,135.82,600824.68,94.76,588966.92,2.7,6.8
2022-03-07,51203.84,51556.75,50483.58,50833.95,0,3249.76,93615.25,34017.43,22.29,5.38,31.82,8.1749,0.0042,2627.6,-1609.13,1209,864,93,1.399,90.59,86.95,500,61.72,174.07,112.34,56.51,135.82,590954.77,94.42,591802.95,2.7,6.8
2022-03-08,50623.17,51044.09,50394.03,50814.09,0,4846.73,93410.77,33972.08,19.88,-2.42,-10.84,8.184,0.0092,1895.48,-1004.65,1001,933,92,1.073,91.09,82.28,500,61.72,174.07,112.34,56.51,135.82,596784.38,94.48,593511.68,2.73,6.8
2022-03-09,50759.26,51219.88,49935.55,50392.84,0,3763.22,92360.68,33492.32,20.37,0.49,2.48,8.2092,0.0252,5146.08,1237.96,890,1206,47,0.738,91.82,86.47,500,61.72,174.07,112.34,56.51,135.82,618523.65,94.32,601847.97,2.73,6.8
2022-03-10,50520.16,50653.41,50062.59,50194.98,0,9399.31,91373.48,33182.72,22.15,1.78,8.72,8.2223,0.0131,-5042.15,-1293.8,1286,711,48,1.809,92.6,90.36,500,61.72,174.07,112.34,56.51,135.82,637534.31,94.38,605412.66,2.71,6.8
2022-03-11,50347.86,50356.96,50091.3,50100.36,0,9719.29,91566.2,33214.62,16.32,-5.83,-26.31,8.2166,-0.0057,793.4,-6289.21,897,1020,49,0.879,93.01,89.42,500,61.72,174.07,112.34,56.51,135.82,610324.22,94.44,609915.43,2.69,6.8
2022-03-14,50018.34,50541.71,49582.12,50104.74,0,1795.2,91396.44,33211.32,17.44,1.12,6.88,8.2272,0.0107,2386.99,-816.41,1064,856,33,1.243,93.65,94.4,500,61.72,174.07,112.34,56.51,135.82,581487.68,94.06,597459.88,2.72,6.8
2022-03-15,50136.91,50462.94,49570.42,49894.88,0,2914.45,91190.12,32973.98,15.89,-1.56,-8.94,8.2028,-0.0245,-447.79,3224.63,907,1106,46,0.82,92.5,91.7,500,61.72,174.07,112.34,56.51,135.82,569194.62,94.65,593732.8,2.76,6.8
2022-03-16,49861.63,50066.67,49470.64,49674.91,0,8446.73,90948.11,32830.61,17.61,1.72,10.83,8.2039,0.0011,1573.83,5669.87,877,1032,104,0.85,93.31,82.72,500,61.72,174.07,112.34,56.51,135.82,562652.48,95.13,592153.55,2.74,6.8
2022-03-17,49737.78,51195.44,49467.72,50918.97,0,4031.17,92062.63,33516.08,16.7,-0.9,-5.13,8.1873,-0.0166,1210.06,1954.21,294,1644,70,0.179,93.82,93.45,500,61.72,174.07,112.34,56.51,135.82,532877.11,95.03,595004.38,2.73,6.8
2022-03-18,50997.18,51045.92,50556.99,50605.36,0,3924.67,91642.19,33431.38,18.33,1.63,9.75,8.1714,-0.0159,-392.32,-937.79,860,1139,116,0.755,95.25,87.84,500,61.72,174.07,112.34,56.51,135.82,525301.9,95.25,579462.32,2.71,6.8
2022-03-21,50646.57,51290.74,50256.71,50898.94,0,7028.62,92938.11,33742.68,12.72,-5.61,-30.6,8.1633,-0.0081,3704.68,501.73,446,1581,24,0.282,96.0,86.93,500,61.72,174.07,112.34,56.51,135.82,535440.84,94.94,573651.26,2.65,6.8
2022-03-22,50665.06,51712.18,50279.97,51322.1,0,2712.79,93591.24,34131.34,15.78,3.06,24.04,8.1568,-0.0065,-2706.98,466.89,574,1457,84,0.394,96.0,83.37,500,61.72,174.07,112.34,56.51,135.82,525035.28,95.05,576337.7,2.63,6.8
2022-03-23,51478.95,53005.81,51109.52,52628.13,0,2896.63,96060.49,34848.04,19.19,3.41,21.58,8.1392,-0.0176,1434.11,1141.51,341,1727,30,0.197,96.0,88.15,500,61.72,174.07,112.34,56.51,135.82,543164.68,95.19,571744.38,2.66,6.8
2022-03-24,52522.72,52999.54,51537.06,52009.23,0,4317.23,94799.62,34458.03,17.22,-1.97,-10.26,8.1562,0.0171,-1965.96,705.69,1210,825,86,1.467,96.0,91.29,500,61.72,174.07,112.34,56.51,135.82,533079.5,95.22,565654.1,2.66,6.8
2022-03-25,51954.74,52145.61,50464.97,50651.05,0,1820.66,93221.33,33971.04,24.38,7.16,41.61,8.1486,-0.0077,2185.66,-2348.77,1517,395,25,3.841,96.0,88.25,500,61.72,174.07,112.34,56.51,135.82,533815.2,94.38,552942.81,2.62,6.8
2022-03-28,50736.85,51157.78,50205.14,50625.14,0,2779.71,93819.3,34132.81,18.06,-6.32,-25.92,8.1658,0.0172,-2991.7,-85.7,423,1640,92,0.258,96.0,92.91,500,61.72,174.07,112.34,56.51,135.82,528516.41,94.89,553080.04,2.6,6.8
2022-03-29,50709.27,52057.97,50242.27,51582.92,0,2930.88,95702.6,34763.28,10.64,-7.43,-41.11,8.1597,-0.0062,1229.02,1010.64,513,1441,95,0.356,96.0,84.99,500,61.72,174.07,112.34,56.51,135.82,519319.03,95.4,563139.55,2.6,6.8
2022-03-30,51595.57,52482.56,51176.89,52060.11,0,3586.71,96664.45,35101.16,17.09,6.46,60.72,8.173,0.0133,2417.8,-401.37,694,1249,52,0.556,96.0,92.22,500,61.72,174.07,112.34,56.51,135.82,517313.48,96.02,566345.26,2.61,6.8
2022-03-31,51975.58,52572.76,51735.31,52330.85,0,2598.23,97602.44,35337.83,18.78,1.68,9.85,8.1553,-0.0177,-1247.9,-2139.01,465,1437,113,0.324,96.0,80.89,500,61.72,174.07,112.34,56.51,135.82,516023.97,95.48,567372.92,2.6,6.8
2022-04-01,52366.11,52904.44,52175.05,52712.12,0,2281.56,98025.5,35715.45,18.29,-0.48,-2.58,8.165,0.0097,3776.45,-897.32,726,1197,75,0.607,96.0,89.26,500,61.54,174.86,116.94,51.65,137.39,507791.45,96.29,574215.77,2.55,6.53
2022-04-04,52759.64,52845.14,52165.79,52250.47,0,2655.97,97732.7,35261.79,19.53,1.23,6.74,8.1652,0.0001,1133.28,2242.91,1013,966,25,1.049,96.0,87.95,500,61.54,174.86,116.94,51.65,137.39,503305.36,96.35,572246.32,2.54,6.53
2022-04-05,52245.47,52451.87,51993.88,52200.1,0,2804.58,97900.5,35219.5,17.89,-1.64,-8.39,8.1475,-0.0177,-5140.43,1817.99,881,1210,28,0.728,96.0,91.39,500,61.54,174.86,116.94,51.65,137.39,500619.33,96.67,578146.32,2.53,6.53
2022-04-06,52209.51,52581.8,52044.52,52416.15,0,2100.06,98453.93,35230.44,19.7,1.81,10.12,8.1408,-0.0067,1840.29,-335.59,746,1205,76,0.619,96.0,82.51,500,61.54,174.86,116.94,51.65,137.39,509157.76,96.43,573995.26,2.53,6.53
2022-04-07,52518.21,53019.3,51669.92,52167.66,0,3479.96,97155.17,34799.78,22.09,2.39,12.13,8.122,-0.0188,-10913.47,-853.79,1228,792,80,1.551,96.0,84.41,500,61.54,174.86,116.94,51.65,137.39,511194.93,96.71,581800.87,2.5,6.53
2022-04-08,52201.94,52802.5,50413.33,51000.06,0,1504.09,94872.27,34069.92,16.31,-5.77,-26.14,8.1341,0.0121,1354.04,-2634.55,1507,394,84,3.825,96.0,85.12,500,61.54,174.86,116.94,51.65,137.39,498725.99,95.78,588170.65,2.5,6.53
2022-04-11,51068.95,51507.38,49650.98,50080.93,0,4229.04,92994.03,33548.37,16.74,0.43,2.62,8.1195,-0.0146,-3614.89,5.16,1405,581,26,2.418,96.0,94.29,500,61.54,174.86,116.94,51.65,137.39,515603.58,96.08,571824.32,2.46,6.53
2022-04-12,50158.74,50600.07,49170.17,49606.64,0,4301.42,92686.63,33206.09,21.05,4.31,25.76,8.1117,-0.0078,-1622.65,-1153.57,1299,680,35,1.91,96.0,89.66,500,61.54,174.86,116.94,51.65,137.39,505848.34,96.69,563063.5,2.46,6.53
2022-04-13,49615.42,49804.46,49354.52,49543.29,0,2278.65,92418.53,33120.5,21.36,0.31,1.48,8.1091,-0.0026,-863.03,-878.29,859,1068,124,0.804,96.0,94.41,500,61.54,174.86,116.94,51.65,137.39,500549.65,96.98,564307.94,2.45,6.53
2022-04-14,49572.53,49897.37,49149.92,49474.12,0,3349.78,92952.56,33122.79,16.05,-5.31,-24.86,8.1279,0.0188,233.1,2765.26,830,1241,91,0.669,96.0,90.02,500,61.54,174.86,116.94,51.65,137.39,518349.05,96.52,569772.68,2.44,6.53
2022-04-15,49613.76,49999.87,47999.58,48376.05,0,2031.34,90960.02,32389.63,20.29,4.24,26.41,8.1254,-0.0025,-6262.4,-4341.8,1720,201,108,8.557,96.0,87.41,500,61.54,174.86,116.94,51.65,137.39,535572.96,96.29,565429.45,2.44,6.53
2022-04-18,48323.89,48605.8,48261.75,48543.37,0,6841.77,91491.68,32647.75,13.84,-6.45,-31.79,8.1195,-0.0058,923.8,794.57,779,1203,105,0.648,96.0,87.47,500,61.54,174.86,116.94,51.65,137.39,527461.47,96.06,556652.74,2.46,6.53
2022-04-19,48622.13,48866.71,47628.83,47869.63,0,3370.6,90955.75,32258.34,17.14,3.3,23.86,8.1407,0.0212,-945.25,4367.01,1079,840,57,1.285,96.0,88.58,500,61.54,174.86,116.94,51.65,137.39,515249.36,95.92,564210.37,2.53,6.53
2022-04-20,47910.52,48342.62,47535.54,47967.2,0,2015.53,90877.45,32138.79,15.19,-1.96,-11.42,8.1551,0.0144,-3724.86,-1054.27,894,1092,33,0.819,96.0,89.9,500,61.54,174.86,116.94,51.65,137.39,509539.28,95.97,554738.06,2.57,6.53
2022-04-21,48021.46,48297.97,47815.16,48091.37,0,2409.73,90855.93,32123.27,18.53,3.35,22.05,8.1318,-0.0233,4633.83,-2782.24,761,1246,29,0.611,96.0,89.28,500,61.54,174.86,116.94,51.65,137.39,496864.05,96.91,553349.17,2.52,6.53
2022-04-22,48225.96,48502.79,47435.69,47709.56,0,3978.13,89845.53,31717.18,19.42,0.89,4.78,8.1487,0.0169,-994.53,1232.17,1251,794,117,1.576,96.0,89.08,500,61.54,174.86,116.94,51.65,137.39,494403.62,96.32,554726.33,2.54,6.53
2022-04-25,47606.41,48322.25,47178.5,47891.77,0,4890.63,90180.65,31894.11,16.54,-2.88,-14.81,8.1448,-0.0038,5623.1,-2563.48,713,1198,32,0.595,96.0,85.9,500,61.54,174.86,116.94,51.65,137.39,472726.95,96.61,537460.36,2.58,6.53
2022-04-26,47917.46,47989.68,47260.5,47331.85,0,5046.8,88874.15,31331.67,19.09,2.55,15.41,8.156,0.0112,-1366.52,-483.81,1232,775,31,1.59,96.0,91.45,500,61.54,174.86,116.94,51.65,137.39,486418.64,96.3,527478.84,2.55,6.53
2022-04-27,47462.41,47886.07,46991.94,47415.18,0,2097.99,89082.93,31437.59,17.64,-1.46,-7.62,8.1524,-0.0036,-3024.4,825.85,727,1178,20,0.617,96.0,95.61,500,61.54,174.86,116.94,51.65,137.39,501065.41,96.1,545979.31,2.61,6.53
2022-04-28,47356.83,47711.31,47017.53,47371.9,0,2008.45,89028.92,31314.85,17.99,0.35,1.98,8.1652,0.0128,4108.75,-1179.92,1021,1069,84,0.955,96.0,94.11,500,61.54,174.86,116.94,51.65,137.39,511032.03,95.41,549160.15,2.63,6.53
2022-04-29,47190.51,47678.02,46471.64,46956.73,0,3182.87,88180.01,30999.34,15.78,-2.21,-12.27,8.1453,-0.0199,281.69,-1313.09,990,1029,94,0.962,96.0,90.07,500,61.54,174.86,116.94,51.65,137.39,508490.95,95.52,550981.75,2.69,6.53
2022-05-02,47091.75,48144.61,46603.74,47650.81,0,2099.43,90113.87,31418.27,16.35,0.57,3.62,8.1461,0.0007,-4921.51,1134.93,567,1469,99,0.386,96.0,91.91,500,62.47,175.53,113.8,59.66,137.91,507106.62,95.87,563374.05,2.7,6.53
2022-05-03,47539.22,47984.58,47285.1,47729.45,0,2837.44,89949.89,31418.56,18.28,1.93,11.79,8.1177,-0.0283,-8134.81,-713.76,884,1034,82,0.855,96.0,78.66,500,62.47,175.53,113.8,59.66,137.91,525317.2,96.39,576620.3,2.66,6.53
2022-05-04,47837.15,47904.44,47650.58,47717.7,0,4062.49,89630.12,31229.19,16.44,-1.83,-10.04,8.1237,0.006,7976.6,2733.16,926,1002,88,0.924,96.0,90.68,500,62.47,175.53,113.8,59.66,137.91,537591.28,96.46,575789.54,2.6,6.53
2022-05-05,47662.29,49142.11,47523.23,48999.15,0,4391.28,91695.1,32060.85,11.52,-4.92,-29.93,8.119,-0.0047,278.43,603.19,163,1867,114,0.087,96.0,90.42,500,62.47,175.53,113.8,59.66,137.91,556461.5,97.75,569222.16,2.62,6.53
2022-05-06,48864.68,49246.95,48274.59,48655.22,0,3468.32,91447.05,31921.03,17.51,5.99,51.96,8.125,0.0059,-2880.05,3651.91,912,1120,69,0.814,96.0,89.08,500,62.47,175.53,113.8,59.66,137.91,570357.46,97.62,572981.72,2.58,6.53
2022-05-09,48592.51,49166.24,46575.17,47131.66,0,1789.06,89255.33,31155.94,17.6,0.09,0.52,8.1244,-0.0005,-874.47,411.08,1494,474,99,3.152,96.0,90.74,500,62.47,175.53,113.8,59.66,137.91,578921.01,97.7,564860.63,2.57,6.53
2022-05-10,47209.1,47835.11,47020.79,47645.06,0,2165.99,89769.44,31497.73,18.38,0.77,4.39,8.1243,-0.0002,784.32,-2384.16,809,1237,106,0.654,96.0,94.92,500,62.47,175.53,113.8,59.66,137.91,565504.25,98.16,564236.08,2.55,6.53
2022-05-11,47633.88,48002.21,47287.04,47655.22,0,5950.67,89936.92,31466.66,18.95,0.58,3.14,8.1324,0.0081,1977.33,1511.75,824,1248,38,0.66,96.0,90.84,500,62.47,175.53,113.8,59.66,137.91,579700.45,98.08,556666.82,2.52,6.53
2022-05-12,47660.5,47864.86,47250.06,47453.53,0,4229.62,89213.3,31212.05,17.94,-1.01,-5.35,8.1163,-0.0161,1433.21,-193.55,797,1182,54,0.674,96.0,91.31,500,62.47,175.53,113.8,59.66,137.91,596444.1,97.31,557336.23,2.53,6.53
2022-05-13,47509.81,47819.34,46890.49,47197.99,0,3755.41,89237.44,31179.3,14.97,-2.97,-16.56,8.1223,0.006,-2187.74,385.82,1023,1073,107,0.953,96.0,89.9,500,62.47,175.53,113.8,59.66,137.91,619190.67,97.44,571058.39,2.57,6.53
2022-05-16,47397.62,47975.94,46273.57,46845.15,0,2429.79,88917.83,30956.06,17.39,2.42,16.15,8.1217,-0.0006,1114.76,4543.22,943,1002,78,0.941,96.0,92.23,500,62.47,175.53,113.8,59.66,137.91,598999.18,97.54,561662.21,2.55,6.53
2022-05-17,47019.0,48080.51,46658.11,47714.28,0,3061.14,90617.02,31509.29,15.97,-1.42,-8.15,8.1224,0.0007,-6416.53,-277.3,686,1360,71,0.504,96.0,91.61,500,62.47,175.53,113.8,59.66,137.91,617692.65,97.53,572876.7,2.56,6.53
2022-05-18,47688.88,48425.29,47280.24,48013.86,0,5695.09,90890.87,31491.91,16.54,0.58,3.6,8.124,0.0015,3956.0,2076.41,709,1267,68,0.56,96.0,89.46,500,62.47,175.53,113.8,59.66,137.91,641280.32,97.64,576121.94,2.51,6.53
2022-05-19,47995.9,48439.89,46189.06,46620.33,0,6071.36,88495.94,30743.55,23.25,6.71,40.56,8.114,-0.01,-8313.54,-918.07,1743,207,107,8.42,96.0,84.85,500,62.47,175.53,113.8,59.66,137.91,640186.1,97.89,580601.25,2.49,6.53
2022-05-20,46422.01,47284.48,46265.29,47125.38,0,4207.28,88874.08,30815.64,18.03,-5.23,-22.48,8.1289,0.0149,887.94,3942.4,871,1153,34,0.755,96.0,97.41,500,62.47,175.53,113.8,59.66,137.91,667027.25,98.01,582469.72,2.45,6.53
2022-05-23,47256.8,47653.88,46623.3,47018.38,0,1802.76,88641.37,30911.23,16.03,-2.0,-11.1,8.1241,-0.0048,-1397.74,-3131.77,815,1255,111,0.649,96.0,86.05,500,62.47,175.53,113.8,59.66,137.91,691709.5,98.19,583691.75,2.48,6.53
2022-05-24,47014.57,47255.34,46882.43,47122.9,0,2690.42,89062.8,30883.0,17.45,1.42,8.85,8.1353,0.0111,1319.53,1653.65,936,1012,112,0.925,96.0,93.43,500,62.47,175.53,113.8,59.66,137.91,685303.73,97.74,599358.19,2.48,6.53
2022-05-25,47091.65,48247.2,46780.12,47930.13,0,3340.39,90688.44,31341.1,18.99,1.54,8.83,8.1431,0.0078,-1775.24,-3182.74,312,1760,54,0.177,96.0,84.64,500,62.47,175.53,113.8,59.66,137.91,687236.68,97.69,589657.2,2.49,6.53
2022-05-26,47849.93,48262.36,46775.39,47182.07,0,2763.85,90138.54,31133.29,19.8,0.81,4.27,8.1406,-0.0025,4318.38,-398.47,1153,770,102,1.497,96.0,86.91,500,62.47,175.53,113.8,59.66,137.91,672013.34,97.78,582366.29,2.43,6.53
2022-05-27,47167.5,48145.24,46897.06,47870.76,0,5969.22,91469.89,31567.12,13.66,-6.14,-31.02,8.1235,-0.017,-1335.44,-694.25,359,1661,54,0.216,96.0,86.34,500,62.47,175.53,113.8,59.66,137.91,662689.76,98.09,589476.53,2.38,6.53
2022-05-30,47853.24,48035.16,47537.2,47718.61,0,2096.43,91298.52,31619.65,18.62,4.96,36.32,8.134,0.0104,1926.6,-1884.23,951,1036,86,0.918,96.0,88.27,500,62.47,175.53,113.8,59.66,137.91,649271.18,98.49,599741.81,2.35,6.53
2022-05-31,47778.87,48317.11,46566.03,47096.59,0,2095.85,90081.1,31176.14,22.18,3.56,19.14,8.1285,-0.0054,-2124.16,-2601.63,1279,653,94,1.959,96.0,85.53,500,62.47,175.53,113.8,59.66,137.91,655382.08,98.08,616116.93,2.36,6.53
2022-06-01,47021.12,47381.41,47014.9,47375.14,0,5073.12,90421.96,31179.75,18.87,-3.31,-14.93,8.1466,0.0181,311.3,3886.23,582,1359,29,0.428,96.0,84.14,500,62.8,176.25,124.34,53.48,137.51,633295.06,98.13,628611.58,2.38,6.53
2022-06-02,47346.77,47377.97,46123.64,46154.07,0,2579.23,88293.33,30504.64,22.54,3.67,19.45,8.1511,0.0045,-763.12,2047.99,1424,555,117,2.566,96.0,85.94,500,62.8,176.25,124.34,53.48,137.51,636578.36,98.68,635988.44,2.42,6.53
2022-06-03,46138.62,46572.42,45376.86,45807.55,0,2517.87,87613.6,30168.09,20.77,-1.77,-7.87,8.1595,0.0084,-1085.26,-8802.25,1158,870,82,1.331,96.0,90.66,500,62.8,176.25,124.34,53.48,137.51,631186.8,98.85,646076.56,2.34,6.53
2022-06-06,45806.59,45925.59,45125.22,45242.75,0,3483.99,86517.12,29966.74,20.46,-0.3,-1.45,8.1605,0.001,1099.95,1121.28,1203,893,88,1.347,96.0,88.94,500,62.8,176.25,124.34,53.48,137.51,644233.12,99.01,653012.33,2.31,6.53
2022-06-07,45033.18,46886.93,44633.74,46474.7,0,1764.84,88978.7,30871.76,15.39,-5.07,-24.78,8.1526,-0.0078,-5779.75,63.21,97,1983,96,0.049,96.0,88.29,500,62.8,176.25,124.34,53.48,137.51,652106.61,99.33,667510.96,2.31,6.53
2022-06-08,46470.76,46609.35,45812.44,45949.47,0,2186.51,87872.48,30633.29,19.55,4.15,26.99,8.1799,0.0273,2557.61,4057.55,1248,823,30,1.516,96.0,97.39,500,62.8,176.25,124.34,53.48,137.51,628075.89,99.78,669583.79,2.35,6.53
2022-06-09,45925.36,45952.63,45739.37,45766.55,0,3257.98,87737.2,30673.42,18.23,-1.31,-6.71,8.17,-0.0099,-3992.64,-1417.52,1004,1058,118,0.949,96.0,95.21,500,62.8,176.25,124.34,53.48,137.51,617788.46,99.2,680888.27,2.38,6.53
2022-06-10,45730.95,46081.22,44632.92,44977.41,0,5421.24,86513.19,30137.69,17.34,-0.9,-4.92,8.1705,0.0004,-1114.82,-5135.31,1245,812,66,1.533,96.0,86.98,500,62.8,176.25,124.34,53.48,137.51,620112.06,99.08,688577.72,2.42,6.53
2022-06-13,44957.99,47019.86,44641.94,46691.63,0,4036.76,88207.33,31009.57,14.51,-2.83,-16.32,8.1517,-0.0188,-3219.43,1987.53,33,1969,122,0.017,96.0,87.12,500,62.8,176.25,124.34,53.48,137.51,625638.1,99.24,694126.29,2.46,6.53
2022-06-14,46596.59,47139.88,46228.19,46770.1,0,2753.62,87780.54,31150.01,17.75,3.25,22.37,8.1595,0.0078,-1447.77,-1332.75,715,1352,126,0.529,96.0,85.97,500,62.8,176.25,124.34,53.48,137.51,629805.4,99.45,688955.23,2.41,6.53
2022-06-15,46870.15,47105.02,45922.54,46153.82,0,2768.68,87035.56,30880.15,20.32,2.57,14.48,8.1847,0.0251,-3007.48,-3193.0,1386,599,53,2.314,96.0,83.18,500,62.8,176.25,124.34,53.48,137.51,609454.36,99.48,698577.26,2.42,6.53
2022-06-16,46395.2,46556.96,45581.82,45741.29,0,2962.52,86229.01,30805.29,18.18,-2.14,-10.53,8.1858,0.0011,1578.61,-433.08,969,1006,111,0.963,96.0,89.83,500,62.8,176.25,124.34,53.48,137.51,613301.4,99.18,705127.26,2.4,6.53
2022-06-17,45835.74,46782.82,45494.16,46436.76,0,2034.31,87295.25,31077.42,15.25,-2.93,-16.14,8.1764,-0.0093,-6139.23,1856.45,536,1457,42,0.368,96.0,87.78,500,62.8,176.25,124.34,53.48,137.51,635205.29,98.71,691565.01,2.41,6.53
2022-06-20,46424.18,46806.53,46126.21,46508.02,0,2956.09,87081.32,31014.11,18.98,3.73,24.47,8.2036,0.0272,-3111.89,1320.11,870,1093,124,0.796,96.0,85.29,500,62.8,176.25,124.34,53.48,137.51,617700.83,99.41,692490.67,2.49,6.53
2022-06-21,46537.24,46740.09,45445.21,45644.17,0,8111.41,86518.36,30590.27,17.69,-1.29,-6.79,8.2001,-0.0036,4878.17,-5284.66,1076,918,82,1.172,96.0,89.95,500,62.8,176.25,124.34,53.48,137.51,624204.13,98.78,692046.36,2.49,6.53
2022-06-22,45529.5,46056.61,45093.34,45619.58,0,3181.9,86543.68,30625.46,17.24,-0.45,-2.57,8.1925,-0.0076,267.63,1716.5,832,1217,86,0.684,96.0,91.47,500,62.8,176.25,124.34,53.48,137.51,619543.72,98.43,688763.0,2.51,6.53
2022-06-23,45618.71,45784.4,45022.24,45186.36,0,3406.56,85160.55,30199.6,17.21,-0.03,-0.16,8.191,-0.0014,418.41,3094.17,955,1065,113,0.897,96.0,86.25,500,62.8,176.25,124.34,53.48,137.51,630956.56,97.85,697909.25,2.56,6.53
2022-06-24,45142.95,45693.9,44763.9,45313.41,0,2798.05,85464.37,30310.87,15.7,-1.51,-8.77,8.1866,-0.0044,1307.29,5559.55,705,1292,94,0.546,96.0,92.03,500,62.8,176.25,124.34,53.48,137.51,611539.23,98.21,693545.2,2.56,6.53
2022-06-27,45420.71,46626.18,45021.46,46219.91,0,3024.03,86839.42,30909.04,17.02,1.32,8.4,8.1995,0.0129,-6964.77,-3487.85,309,1706,68,0.181,96.0,94.65,500,62.8,176.25,124.34,53.48,137.51,605814.58,98.72,691985.82,2.59,6.53
2022-06-28,46257.98,47108.42,45857.62,46704.2,0,2136.09,87745.61,31119.13,18.12,1.1,6.47,8.1839,-0.0157,607.4,1089.53,614,1436,33,0.428,96.0,82.69,500,62.8,176.25,124.34,53.48,137.51,630628.92,98.63,691386.14,2.59,6.53
2022-06-29,46611.35,47390.07,46193.99,46969.49,0,3363.9,87604.33,31151.39,18.04,-0.08,-0.44,8.1877,0.0038,-638.9,2068.34,871,1058,81,0.823,96.0,94.65,500,62.8,176.25,124.34,53.48,137.51,626282.72,98.28,686141.04,2.57,6.53
2022-06-30,46924.54,46985.14,46691.71,46752.09,0,4260.05,87512.87,31141.14,16.88,-1.16,-6.44,8.1876,-0.0001,1568.7,-1793.5,941,1100,77,0.855,96.0,92.7,500,62.8,176.25,124.34,53.48,137.51,609277.44,98.32,698608.61,2.56,6.53
2022-07-01,46705.3,47238.69,46453.85,46985.73,0,4015.44,88111.41,31107.75,17.47,0.59,3.49,8.2114,0.0238,3264.9,1021.14,591,1460,39,0.405,96.0,95.33,500,60.61,176.99,118.44,53.29,137.61,617119.38,97.73,698000.95,2.56,6.79
2022-07-04,47057.52,47201.44,46276.09,46418.05,0,3920.58,86649.89,30733.08,18.94,1.47,8.4,8.2091,-0.0023,-4710.97,475.11,1058,907,79,1.166,96.0,94.07,500,60.61,176.99,118.44,53.29,137.61,638719.04,98.06,701922.12,2.52,6.79
2022-07-05,46406.84,47245.08,45951.12,46785.64,0,5186.89,86671.96,31015.55,19.77,0.84,4.42,8.2177,0.0085,-488.61,193.06,847,1183,34,0.716,96.0,93.96,500,60.61,176.99,118.44,53.29,137.61,654764.08,97.96,717410.35,2.51,6.79
2022-07-06,46800.91,47499.21,46541.44,47237.31,0,2605.56,87518.22,31196.77,17.72,-2.05,-10.39,8.2302,0.0125,2025.44,-1621.61,841,1139,56,0.738,96.0,88.5,500,60.61,176.99,118.44,53.29,137.61,646842.6,98.06,722183.71,2.58,6.79
2022-07-07,47173.6,47845.48,46934.86,47604.56,0,4870.7,87571.22,31453.14,15.71,-2.01,-11.37,8.2619,0.0317,4429.2,2809.65,596,1305,94,0.457,96.0,89.4,500,60.61,176.99,118.44,53.29,137.61,655384.32,98.07,721541.36,2.6,6.79
2022-07-08,47629.27,48751.96,47071.52,48187.66,0,5674.27,87834.26,31592.25,18.77,3.07,19.52,8.2634,0.0015,-711.28,439.33,718,1247,49,0.576,96.0,91.24,500,60.61,176.99,118.44,53.29,137.61,649990.61,97.27,723840.94,2.6,6.79
2022-07-11,48221.88,48534.43,47926.83,48239.27,0,1671.03,87781.82,31581.33,15.8,-2.98,-15.86,8.2761,0.0127,71.67,2177.99,724,1234,99,0.587,96.0,81.16,500,60.61,176.99,118.44,53.29,137.61,638444.59,97.56,729927.7,2.6,6.79
2022-07-12,48248.35,48581.21,47463.25,47792.97,0,4786.98,86493.74,31161.37,21.91,6.11,38.71,8.2769,0.0007,850.72,1643.75,1133,796,35,1.423,96.0,93.33,500,60.61,176.99,118.44,53.29,137.61,669998.74,97.64,739897.97,2.59,6.79
2022-07-13,47817.99,48429.05,47475.11,48084.26,0,1571.78,86369.67,31236.72,15.22,-6.69,-30.53,8.2949,0.0181,2579.06,1428.73,745,1218,25,0.612,96.0,90.28,500,60.61,176.99,118.44,53.29,137.61,664913.66,97.99,746150.82,2.5,6.79
2022-07-14,48092.46,48349.1,47581.09,47836.36,0,3798.94,85896.45,31041.56,17.52,2.3,15.11,8.2877,-0.0073,4844.24,19.36,1087,888,60,1.224,96.0,88.95,500,60.61,176.99,118.44,53.29,137.61,668616.96,97.97,738707.15,2.49,6.79
2022-07-15,47784.89,48125.17,47318.33,47657.7,0,3605.82,85444.05,30787.4,14.23,-3.29,-18.77,8.2893,0.0016,4648.39,-647.82,1071,863,97,1.241,96.0,96.06,500,60.61,176.99,118.44,53.29,137.61,694165.39,98.37,737416.55,2.58,6.79
2022-07-18,47580.2,47964.28,46772.83,47153.46,0,2895.26,84251.29,30465.54,21.22,6.99,49.11,8.2948,0.0055,-493.81,3993.82,997,1058,98,0.942,96.0,87.26,500,60.61,176.99,118.44,53.29,137.61,673277.69,98.24,734743.27,2.56,6.79
2022-07-19,47151.48,47498.26,46803.15,47149.92,0,2873.46,84260.57,30397.13,19.6,-1.62,-7.65,8.285,-0.0098,998.25,-1094.84,970,1021,122,0.95,96.0,91.96,500,60.61,176.99,118.44,53.29,137.61,665770.16,98.24,750212.13,2.53,6.79
2022-07-20,47195.95,47734.38,46936.51,47473.42,0,2196.53,85221.48,30573.2,15.97,-3.62,-18.49,8.2753,-0.0097,-772.87,1632.35,498,1528,109,0.326,96.0,88.0,500,60.61,176.99,118.44,53.29,137.61,668114.11,98.68,749061.7,2.55,6.79
2022-07-21,47523.38,47639.51,47199.7,47315.32,0,2647.92,85727.42,30621.54,19.5,3.53,22.11,8.2783,0.0029,-2766.13,-921.84,891,1200,103,0.742,96.0,84.98,500,60.61,176.99,118.44,53.29,137.61,665493.91,98.52,738170.98,2.55,6.79
2022-07-22,47368.53,47828.24,47244.94,47703.77,0,3459.98,86171.82,31047.01,18.59,-0.91,-4.69,8.287,0.0087,1672.08,-64.38,542,1433,104,0.378,96.0,89.0,500,60.61,176.99,118.44,53.29,137.61,661270.94,98.35,738055.28,2.58,6.79
2022-07-25,47601.23,47658.48,47573.55,47630.77,0,2996.65,86080.82,31065.87,15.91,-2.68,-14.43,8.2994,0.0124,58.92,371.5,714,1310,129,0.545,96.0,95.89,500,60.61,176.99,118.44,53.29,137.61,665768.35,98.67,743296.13,2.63,6.79
2022-07-26,47772.66,48248.89,47623.17,48098.38,0,1317.24,87164.81,31475.83,15.22,-0.69,-4.31,8.2804,-0.0189,240.35,2322.21,293,1794,109,0.163,96.0,87.98,500,60.61,176.99,118.44,53.29,137.61,675327.84,98.53,735425.76,2.62,6.79
2022-07-27,48095.26,48369.63,47299.22,47570.6,0,3520.84,85958.2,31137.27,23.43,8.21,53.92,8.2836,0.0031,859.79,619.67,1008,905,84,1.114,96.0,83.49,500,60.61,176.99,118.44,53.29,137.61,700575.42,98.83,725001.75,2.6,6.79
2022-07-28,47692.73,48394.83,46509.3,47204.21,0,2922.06,85175.09,30892.3,20.12,-3.31,-14.12,8.2896,0.006,996.01,131.26,943,1121,50,0.841,96.0,86.48,500,60.61,176.99,118.44,53.29,137.61,699853.65,98.96,740920.07,2.54,6.79
2022-07-29,47236.09,48317.95,46745.97,47821.76,0,2286.58,86074.2,31168.15,16.22,-3.9,-19.38,8.3061,0.0165,526.88,3453.6,877,1203,108,0.729,96.0,93.6,500,60.61,176.99,118.44,53.29,137.61,710876.48,98.85,751377.36,2.54,6.79
2022-08-01,47583.25,48194.98,47349.57,47959.45,0,1173.82,86396.2,31226.98,18.58,2.36,14.54,8.3148,0.0087,1135.55,3013.73,810,1150,73,0.704,96.0,85.84,500,61.5,177.72,125.79,49.24,138.59,694274.49,98.74,748915.7,2.53,6.79
2022-08-02,47989.86,48973.85,47303.44,48283.23,0,1631.1,87548.29,31624.16,17.05,-1.53,-8.24,8.3054,-0.0093,1217.62,598.38,708,1281,35,0.553,96.0,94.77,500,61.5,177.72,125.79,49.24,138.59,696816.91,98.5,737495.84,2.55,6.79
2022-08-03,48423.56,48538.23,47648.97,47762.07,0,2310.1,86630.45,31236.41,18.21,1.16,6.81,8.2882,-0.0172,3780.82,114.1,1351,598,34,2.259,96.0,90.75,500,61.5,177.72,125.79,49.24,138.59,696461.83,98.73,739269.71,2.5,6.79
2022-08-04,47840.35,48157.65,46924.14,47237.44,0,2062.04,85718.41,30983.13,17.15,-1.06,-5.8,8.2963,0.0081,-5307.3,681.61,1151,753,125,1.529,96.0,87.85,500,61.5,177.72,125.79,49.24,138.59,681200.25,99.06,750715.2,2.52,6.79
2022-08-05,47362.75,48534.54,46743.98,47908.63,0,1821.89,87027.62,31635.05,14.18,-2.97,-17.31,8.2757,-0.0206,1574.62,664.54,744,1213,85,0.613,96.0,88.0,500,61.5,177.72,125.79,49.24,138.59,639371.26,99.22,757676.63,2.54,6.79
2022-08-08,48064.04,48776.92,47862.5,48573.25,0,4031.11,88610.67,31918.83,15.68,1.5,10.54,8.3056,0.0299,1886.45,-2263.02,797,1294,97,0.616,96.0,96.3,500,61.5,177.72,125.79,49.24,138.59,658203.39,99.48,751672.36,2.52,6.79
2022-08-09,48586.46,49432.54,48078.88,48921.45,0,3150.61,89133.75,31778.33,15.83,0.15,0.95,8.3051,-0.0005,-4261.66,-3368.75,995,921,125,1.08,96.0,94.04,500,61.5,177.72,125.79,49.24,138.59,651142.0,99.03,764440.42,2.61,6.79
2022-08-10,48829.48,49021.29,47756.31,47944.64,0,5598.59,87587.94,31225.9,20.67,4.85,30.62,8.2882,-0.0169,-7915.83,888.43,1283,777,26,1.651,96.0,90.43,500,61.5,177.72,125.79,49.24,138.59,668082.42,98.66,756990.49,2.6,6.79
2022-08-11,47939.45,48362.3,47790.16,48212.16,0,4558.62,88113.47,31550.68,13.33,-7.34,-35.51,8.2736,-0.0145,2145.22,529.93,516,1471,33,0.351,96.0,95.57,500,61.5,177.72,125.79,49.24,138.59,692386.94,100.21,764927.7,2.6,6.79
2022-08-12,48146.94,48660.21,48008.6,48520.79,0,2493.97,88881.29,31806.38,19.18,5.85,43.84,8.268,-0.0056,1508.25,1201.56,629,1316,108,0.478,96.0,94.77,500,61.5,177.72,125.79,49.24,138.59,707793.31,100.19,772203.29,2.64,6.79
2022-08-15,48598.23,49315.71,48343.8,49058.87,0,2702.57,89353.53,32102.31,16.52,-2.66,-13.85,8.2753,0.0073,-728.58,-1601.19,924,1135,129,0.814,96.0,92.5,500,61.5,177.72,125.79,49.24,138.59,724037.09,99.49,769653.76,2.64,6.79
2022-08-16,49005.52,49188.54,48787.68,48970.56,0,1617.79,89773.78,32297.7,14.57,-1.96,-11.85,8.2788,0.0035,-1262.69,-127.88,796,1292,96,0.616,96.0,86.8,500,61.5,177.72,125.79,49.24,138.59,737275.06,99.83,760497.27,2.62,6.79
2022-08-17,49011.96,50104.89,48972.17,50064.24,0,3503.2,91935.47,33026.71,15.69,1.13,7.74,8.2681,-0.0108,6117.73,-612.26,177,1891,51,0.094,96.0,96.34,500,61.5,177.72,125.79,49.24,138.59,743028.48,100.07,778951.71,2.57,6.79
2022-08-18,50206.57,50460.04,48609.95,48856.61,0,3833.43,89583.72,32341.66,22.68,6.98,44.5,8.2863,0.0182,-1057.12,3957.2,1473,591,81,2.492,96.0,89.68,500,61.5,177.72,125.79,49.24,138.59,736404.0,100.08,785551.02,2.57,6.79
2022-08-19,48856.64,49010.67,48280.51,48433.21,0,4422.13,88437.09,32238.89,18.63,-4.05,-17.84,8.2816,-0.0047,-631.78,605.1,765,1170,20,0.654,96.0,83.39,500,61.5,177.72,125.79,49.24,138.59,732827.55,100.23,782701.03,2.53,6.79
2022-08-22,48694.32,48935.7,48297.72,48538.33,0,3373.63,88836.0,32228.78,15.91,-2.73,-14.63,8.2781,-0.0035,-1311.33,1742.12,756,1240,125,0.61,96.0,96.21,500,61.5,177.72,125.79,49.24,138.59,742013.81,101.2,795317.79,2.46,6.79
2022-08-23,48493.09,48937.06,48219.4,48662.42,0,2274.55,89041.74,32542.01,18.89,2.99,18.78,8.288,0.0099,-2171.55,-16.88,949,1064,40,0.892,96.0,91.38,500,61.5,177.72,125.79,49.24,138.59,740217.77,101.76,795846.19,2.48,6.79
2022-08-24,48612.16,49056.67,47774.86,48215.74,0,6869.31,88488.04,32465.44,21.6,2.7,14.31,8.2714,-0.0167,-2238.58,3422.25,933,1136,127,0.821,96.0,92.87,500,61.5,177.72,125.79,49.24,138.59,746414.31,101.37,775706.4,2.43,6.79
2022-08-25,48293.28,48904.71,47794.64,48404.92,0,2931.11,89545.69,32471.38,16.69,-4.91,-22.72,8.2582,-0.0132,-1086.96,-1691.38,866,1189,128,0.728,96.0,86.64,500,61.5,177.72,125.79,49.24,138.59,737590.73,101.12,770370.28,2.44,6.79
2022-08-26,48212.11,48509.72,47906.26,48203.82,0,2562.02,88650.38,31975.42,17.69,1.0,5.99,8.2652,0.007,-642.12,-1171.04,785,1284,52,0.611,96.0,85.83,500,61.5,177.72,125.79,49.24,138.59,745707.23,101.11,766340.0,2.45,6.79
2022-08-29,48144.39,48671.63,47541.43,48067.84,0,4240.26,88649.71,31993.03,18.51,0.82,4.63,8.2643,-0.001,-4532.71,-2486.88,900,1092,20,0.824,96.0,90.11,500,61.5,177.72,125.79,49.24,138.59,725698.47,100.98,775852.66,2.49,6.79
2022-08-30,48126.98,48617.12,47345.28,47832.42,0,3226.36,87650.66,31627.53,20.62,2.11,11.42,8.2714,0.0072,-459.13,-2031.96,871,1093,58,0.797,96.0,84.88,500,61.5,177.72,125.79,49.24,138.59,727338.39,100.6,773658.07,2.5,6.79
2022-08-31,47751.46,48145.5,46956.32,47347.02,0,4009.65,86926.35,31376.25,16.88,-3.74,-18.13,8.277,0.0056,3080.54,-4592.94,1040,896,104,1.161,96.0,89.86,500,61.5,177.72,125.79,49.24,138.59,729234.12,100.27,770363.62,2.47,6.79
2022-09-01,47284.36,47738.3,46471.18,46921.64,0,2484.18,86137.09,31052.74,22.49,5.61,33.22,8.2767,-0.0003,949.59,4493.63,1321,757,87,1.745,96.0,85.94,500,62.19,178.77,128.79,50.34,138.24,722627.8,101.27,784041.63,2.53,6.79
2022-09-02,47076.54,47524.06,46114.74,46557.33,0,3750.5,85002.05,30742.51,19.2,-3.3,-14.65,8.2487,-0.028,1013.41,2208.69,1158,799,114,1.449,96.0,88.28,500,62.19,178.77,128.79,50.34,138.24,719239.86,100.99,781380.0,2.54,6.79
2022-09-05,46398.27,46847.5,45472.35,45916.91,0,3989.41,84299.73,30621.91,19.71,0.52,2.69,8.2662,0.0175,5004.8,409.45,1049,1030,116,1.018,96.0,89.7,500,62.19,178.77,128.79,50.34,138.24,755508.94,101.0,786414.34,2.51,6.79
2022-09-06,45872.51,46256.72,44984.67,45364.63,0,2900.07,83069.59,30220.15,20.64,0.93,4.71,8.2727,0.0065,3596.27,-409.4,1194,751,71,1.59,96.0,80.12,500,62.19,178.77,128.79,50.34,138.24,753086.91,100.89,790157.35,2.49,6.79
2022-09-07,45358.85,46428.02,44968.29,46031.67,0,3503.88,84446.55,30801.36,16.8,-3.84,-18.6,8.2763,0.0037,-1570.42,-1128.72,202,1826,54,0.111,96.0,88.08,500,62.19,178.77,128.79,50.34,138.24,809482.93,100.48,794980.28,2.49,6.79
2022-09-08,45981.01,46649.24,45457.25,46123.85,0,2254.79,84671.45,30990.58,14.6,-2.2,-13.08,8.2657,-0.0107,-1420.47,51.4,1075,963,43,1.116,96.0,95.1,500,62.19,178.77,128.79,50.34,138.24,818241.63,100.87,797431.71,2.48,6.79
2022-09-09,46110.36,46590.18,45187.9,45663.08,0,4190.86,83529.53,30795.14,20.3,5.69,38.96,8.295,0.0294,-4060.27,-1191.08,969,932,42,1.04,96.0,90.19,500,62.19,178.77,128.79,50.34,138.24,864623.89,100.56,795843.8,2.47,6.79
2022-09-12,45779.42,46235.0,45709.92,46164.91,0,2701.6,83944.94,31112.45,18.71,-1.59,-7.82,8.3013,0.0063,8127.78,-1631.52,384,1613,83,0.238,96.0,84.92,500,62.19,178.77,128.79,50.34,138.24,884156.57,100.8,810335.68,2.52,6.79
2022-09-13,45990.72,46955.04,45622.19,46581.78,0,2626.61,84683.43,31320.37,14.49,-4.22,-22.56,8.2907,-0.0106,1435.01,2608.66,798,1123,85,0.711,96.0,91.95,500,62.19,178.77,128.79,50.34,138.24,880671.48,101.55,802631.83,2.48,6.79
2022-09-14,46670.19,47509.63,46513.01,47350.16,0,6211.51,86082.74,31876.79,14.35,-0.14,-0.96,8.3023,0.0116,-3060.36,3129.31,392,1601,51,0.245,96.0,85.9,500,62.19,178.77,128.79,50.34,138.24,838039.98,102.59,823365.96,2.46,6.79
2022-09-15,47181.39,48384.84,46656.17,47852.16,0,3419.71,86538.04,31988.3,18.74,4.4,30.65,8.3146,0.0123,-3102.74,2810.5,1010,899,97,1.123,96.0,89.23,500,62.19,178.77,128.79,50.34,138.24,827031.16,102.7,842654.05,2.52,6.79
2022-09-16,47769.0,47910.1,47185.62,47325.41,0,3340.71,86050.64,31827.83,19.21,0.47,2.5,8.336,0.0213,2988.89,-1064.97,818,1187,67,0.689,96.0,92.49,500,62.19,178.77,128.79,50.34,138.24,849001.5,103.14,835743.74,2.56,6.79
2022-09-19,47245.47,47963.34,47078.04,47793.96,0,4594.13,86914.03,32073.56,19.3,0.09,0.45,8.3372,0.0013,-1434.18,-1512.36,752,1198,85,0.628,96.0,85.32,500,62.19,178.77,128.79,50.34,138.24,823085.04,103.9,839522.06,2.59,6.79
2022-09-20,47773.82,48049.36,47543.18,47818.5,0,2746.6,86735.33,32234.82,21.61,2.31,11.97,8.3357,-0.0015,-1786.8,-777.62,689,1391,76,0.495,96.0,93.31,500,62.19,178.77,128.79,50.34,138.24,840114.07,103.96,842230.1,2.54,6.79
2022-09-21,47787.61,47917.57,47183.32,47311.99,0,3329.65,85769.28,31801.15,19.5,-2.11,-9.74,8.3337,-0.002,7373.23,-3737.96,1325,761,43,1.741,96.0,87.99,500,62.19,178.77,128.79,50.34,138.24,821910.42,103.62,850187.66,2.55,6.79
2022-09-22,47133.9,47504.3,46723.5,47093.59,0,3165.13,84959.25,31662.32,16.66,-2.84,-14.57,8.3364,0.0027,-276.56,-1999.8,881,1054,64,0.836,96.0,88.76,500,62.19,178.77,128.79,50.34,138.24,838028.36,103.11,851355.64,2.56,6.79
2022-09-23,47177.06,47236.6,46774.74,46833.85,0,3459.14,84026.54,31423.12,19.96,3.3,19.8,8.3338,-0.0026,684.98,3631.86,1117,863,53,1.294,96.0,89.32,500,62.19,178.77,128.79,50.34,138.24,845132.97,102.87,844653.25,2.51,6.79
2022-09-26,46896.79,47101.72,45907.27,46108.76,0,5810.9,83313.86,31253.54,19.46,-0.51,-2.53,8.3349,0.0011,1437.3,-1711.87,1122,852,105,1.317,96.0,90.86,500,62.19,178.77,128.79,50.34,138.24,844237.72,102.27,847207.55,2.5,6.79
2022-09-27,46208.45,46419.45,45139.95,45347.01,0,1724.41,82235.83,30926.35,16.15,-3.31,-17.01,8.34,0.0051,59.6,340.08,1292,624,122,2.071,96.0,86.59,500,62.19,178.77,128.79,50.34,138.24,805912.94,102.4,857810.71,2.48,6.79
2022-09-28,45436.05,46893.36,45136.22,46585.95,0,5044.11,84504.73,31724.09,14.53,-1.62,-10.01,8.3499,0.0099,-915.53,-1081.33,96,1851,44,0.052,96.0,92.64,500,62.19,178.77,128.79,50.34,138.24,808493.26,102.61,857763.6,2.43,6.79
2022-09-29,46581.14,46887.88,45475.33,45776.78,0,3063.05,83685.3,31357.48,21.55,7.02,48.28,8.3542,0.0044,-2555.38,4068.79,1062,909,23,1.168,96.0,89.66,500,62.19,178.77,128.79,50.34,138.24,826374.33,102.37,873365.85,2.44,6.79
2022-09-30,45876.75,47367.74,45588.87,47072.35,0,1767.12,85532.21,32184.72,16.64,-4.9,-22.76,8.3602,0.006,-485.38,-540.14,242,1753,68,0.138,96.0,91.45,500,62.19,178.77,128.79,50.34,138.24,840627.81,102.16,874719.08,2.39,6.79
2022-10-03,47287.49,47368.94,46373.03,46453.04,0,3064.1,85262.24,31970.4,19.08,2.43,14.62,8.3784,0.0182,-4893.12,-767.43,1219,870,66,1.401,96.0,97.02,500,60.71,179.39,121.39,51.35,138.42,837791.1,102.46,896614.93,2.4,6.63
2022-10-04,46461.78,47004.23,46208.36,46749.24,0,4408.36,85610.94,32187.37,12.01,-7.07,-37.04,8.3957,0.0172,2934.18,-2415.39,483,1530,58,0.316,96.0,81.29,500,60.71,179.39,121.39,51.35,138.42,835337.08,103.16,914268.87,2.34,6.63
2022-10-05,46693.25,47072.12,46355.38,46733.95,0,5227.92,85570.04,32203.91,19.63,7.62,63.42,8.4089,0.0132,1439.67,-1274.52,963,966,116,0.997,96.0,88.12,500,60.71,179.39,121.39,51.35,138.42,834555.02,102.87,901118.0,2.38,6.63
2022-10-06,46636.15,46923.78,45783.04,46067.16,0,2709.61,84954.56,31899.7,19.91,0.28,1.41,8.3915,-0.0174,1593.41,-214.88,1267,717,35,1.767,96.0,98.0,500,60.71,179.39,121.39,51.35,138.42,857381.23,102.29,909866.34,2.37,6.63
2022-10-07,45922.54,45972.71,45809.53,45859.63,0,2543.89,84470.78,31622.14,22.56,2.65,13.31,8.3903,-0.0012,-995.75,386.22,1106,869,39,1.273,96.0,92.57,500,60.71,179.39,121.39,51.35,138.42,868834.11,102.61,904175.29,2.3,6.63
2022-10-10,45739.29,46480.58,45527.47,46266.33,0,2253.97,84957.6,31623.66,16.03,-6.52,-28.92,8.4005,0.0101,2458.2,-1426.01,708,1265,113,0.56,96.0,86.2,500,60.71,179.39,121.39,51.35,138.42,885943.81,103.26,889765.38,2.26,6.63
2022-10-11,46265.13,46530.14,45089.43,45349.19,0,5779.18,82946.88,30674.33,26.63,10.6,66.09,8.3912,-0.0093,6927.71,2288.66,1372,620,33,2.213,96.0,89.06,500,60.71,179.39,121.39,51.35,138.42,898432.0,103.0,900442.25,2.29,6.63
2022-10-12,45346.89,45755.25,44769.64,45176.47,0,2764.33,82575.49,30513.15,21.91,-4.72,-17.71,8.401,0.0098,2787.8,2569.25,906,1027,65,0.882,96.0,92.37,500,60.71,179.39,121.39,51.35,138.42,893556.64,103.25,914361.31,2.3,6.63
2022-10-13,45309.21,45550.99,44377.77,44615.85,0,2630.7,81817.79,30257.58,17.05,-4.86,-22.2,8.412,0.011,-430.68,-1776.43,1275,772,75,1.652,96.0,92.42,500,60.71,179.39,121.39,51.35,138.42,944219.81,104.08,932412.27,2.3,6.63
2022-10-14,44640.39,44909.22,43279.15,43541.37,0,2026.09,79998.34,29483.93,23.71,6.66,39.05,8.3942,-0.0178,-1430.58,1435.95,1347,597,112,2.256,96.0,89.61,500,60.71,179.39,121.39,51.35,138.42,920882.2,104.15,944428.0,2.33,6.63
2022-10-17,43636.73,43967.09,43073.38,43401.96,0,4756.26,79634.83,29430.49,18.56,-5.14,-21.7,8.3953,0.0012,2191.83,5278.25,858,1117,119,0.768,96.0,86.6,500,60.71,179.39,121.39,51.35,138.42,933054.83,104.21,939407.06,2.27,6.63
2022-10-18,43389.51,44042.02,43242.79,43893.6,0,2589.13,80514.53,29704.29,14.6,-3.96,-21.33,8.3979,0.0026,2088.32,-1367.89,706,1243,58,0.568,96.0,90.1,500,60.71,179.39,121.39,51.35,138.42,947423.87,103.43,935187.26,2.28,6.63
2022-10-19,43907.28,44812.6,43805.18,44708.64,0,3263.26,82203.52,30383.0,16.41,1.81,12.41,8.4184,0.0205,3195.81,-1421.79,364,1735,72,0.21,96.0,84.94,500,60.71,179.39,121.39,51.35,138.42,929723.69,103.9,941930.19,2.25,6.63
2022-10-20,44664.63,45006.11,43204.34,43537.21,0,1932.21,80311.8,29771.9,20.77,4.36,26.55,8.4022,-0.0162,-285.35,2405.84,1523,424,81,3.592,96.0,85.3,500,60.71,179.39,121.39,51.35,138.42,920293.23,102.78,943398.18,2.23,6.63
2022-10-21,43586.16,43766.44,42743.55,42921.08,0,2531.07,79076.17,29279.95,20.06,-0.71,-3.41,8.4039,0.0017,-3180.18,2073.09,1396,623,98,2.241,96.0,90.76,500,60.71,179.39,121.39,51.35,138.42,893463.51,102.5,956911.74,2.29,6.63
2022-10-24,42904.63,43265.04,42403.25,42762.47,0,1003.12,79047.57,29283.29,19.61,-0.45,-2.25,8.3926,-0.0113,-954.6,-1209.73,888,1093,26,0.812,96.0,86.66,500,60.71,179.39,121.39,51.35,138.42,941274.57,102.12,973921.12,2.3,6.63
2022-10-25,42691.85,43162.5,41734.47,42199.69,0,2592.3,78404.6,28884.89,21.23,1.62,8.26,8.3956,0.003,1596.95,1152.96,1174,880,86,1.334,96.0,90.88,500,60.71,179.39,121.39,51.35,138.42,975044.63,101.84,978496.71,2.27,6.63
2022-10-26,42256.68,42549.83,41602.05,41892.68,0,1522.34,77791.67,28809.65,17.56,-3.67,-17.3,8.4023,0.0068,742.32,889.51,969,937,64,1.034,96.0,92.28,500,60.71,179.39,121.39,51.35,138.42,987741.14,101.33,990207.79,2.29,6.63
2022-10-27,41762.67,42156.73,40675.11,41062.56,0,2547.83,75987.95,28127.44,22.57,5.01,28.5,8.3864,-0.0159,2431.0,3748.3,1325,771,113,1.719,96.0,94.01,500,60.71,179.39,121.39,51.35,138.42,990196.7,101.59,999735.89,2.29,6.63
2022-10-28,41115.84,41638.53,40956.73,41478.01,0,5196.26,76625.09,28351.79,14.19,-8.38,-37.12,8.3771,-0.0093,331.7,1075.29,500,1498,38,0.334,96.0,89.88,500,60.71,179.39,121.39,51.35,138.42,981137.08,101.29,1010807.73,2.26,6.63
2022-10-31,41400.61,41814.31,40728.18,41139.27,0,4440.42,75910.63,28278.17,15.84,1.65,11.62,8.3821,0.005,-840.44,3740.24,1059,841,84,1.259,96.0,92.81,500,60.71,179.39,121.39,51.35,138.42,1024132.06,102.07,1015845.46,2.23,6.63
2022-11-01,41062.71,41117.56,40397.42,40451.45,0,2200.0,74712.55,27860.94,26.87,11.03,69.67,8.3844,0.0023,-3411.69,-90.56,1424,654,83,2.177,93.36,86.87,500,61.62,179.9,137.57,53.88,138.82,1001951.53,102.19,1000200.44,2.22,6.63
2022-11-02,40440.68,40744.51,40249.78,40553.08,0,1981.1,75087.64,28091.74,22.94,-3.94,-14.65,8.4214,0.037,3392.63,1297.42,781,1160,54,0.673,92.91,91.39,500,61.62,179.9,137.57,53.88,138.82,986604.31,101.97,1007356.99,2.21,6.63
2022-11-03,40594.8,41037.38,39237.47,39669.96,0,2807.56,72984.35,27430.46,22.26,-0.68,-2.96,8.4229,0.0014,-4258.9,338.02,1469,571,114,2.573,92.89,87.21,500,61.62,179.9,137.57,53.88,138.82,993850.39,102.14,986264.99,2.2,6.63
2022-11-04,39824.03,39957.71,39248.36,39380.55,0,3703.9,72057.99,27252.34,20.18,-2.08,-9.33,8.415,-0.0079,3507.55,3900.78,906,1098,124,0.825,91.99,85.32,500,61.62,179.9,137.57,53.88,138.82,986041.78,101.84,966207.74,2.21,6.63
2022-11-07,39359.15,39491.8,39272.74,39405.29,0,2056.48,71556.37,27140.38,16.59,-3.59,-17.79,8.4276,0.0127,5942.07,-1085.08,919,1067,27,0.861,93.42,83.41,500,61.62,179.9,137.57,53.88,138.82,979282.1,101.19,967529.46,2.24,6.63
2022-11-08,39343.54,39671.69,38737.4,39063.21,0,2908.16,71442.68,27016.94,16.35,-0.24,-1.46,8.4251,-0.0026,7151.72,875.74,790,1186,122,0.666,92.56,82.1,500,61.62,179.9,137.57,53.88,138.82,995730.9,101.36,968829.09,2.17,6.63
2022-11-09,39075.51,40204.33,38678.35,39799.8,0,3154.8,73103.06,27555.3,15.44,-0.91,-5.55,8.4219,-0.0032,3830.38,267.93,372,1622,48,0.229,91.97,83.55,500,61.62,179.9,137.57,53.88,138.82,975036.33,101.55,977707.33,2.2,6.63
2022-11-10,39748.21,39968.13,39155.1,39372.94,0,3519.68,72560.05,27096.11,20.57,5.13,33.2,8.406,-0.0159,-1546.79,-2621.34,1080,1000,77,1.08,93.2,87.9,500,61.62,179.9,137.57,53.88,138.82,983363.68,101.1,1007083.87,2.19,6.63
2022-11-11,39487.98,39911.57,39302.35,39724.83,0,4092.75,73044.48,27343.02,19.44,-1.13,-5.5,8.4061,0.0001,1591.52,931.67,556,1438,104,0.387,93.04,83.72,500,61.62,179.9,137.57,53.88,138.82,964320.87,101.1,1031062.84,2.25,6.63
2022-11-14,39649.46,39942.71,39236.41,39528.77,0,6555.32,73252.94,27154.73,19.9,0.46,2.38,8.4042,-0.0019,-328.76,-2618.21,1118,894,124,1.251,93.32,85.41,500,61.62,179.9,137.57,53.88,138.82,942019.97,100.91,1047362.06,2.24,6.63
2022-11-15,39423.0,39929.14,39349.14,39854.46,0,1997.8,74297.18,27503.42,13.34,-6.56,-32.98,8.3913,-0.0129,-1970.82,1550.33,647,1418,70,0.456,91.57,85.92,500,61.62,179.9,137.57,53.88,138.82,925510.79,100.53,1030703.74,2.24,6.63
2022-11-16,39932.41,40392.56,39444.34,39904.16,0,1819.2,74693.58,27633.85,20.24,6.9,51.75,8.3703,-0.021,-1192.76,-381.39,704,1395,61,0.505,91.23,84.88,500,61.62,179.9,137.57,53.88,138.82,908492.43,100.18,1020083.82,2.25,6.63
2022-11-17,40009.29,40270.9,39643.05,39903.98,0,2487.94,74155.88,27504.97,18.05,-2.18,-10.8,8.3873,0.017,4356.54,-565.22,932,1134,55,0.822,90.91,84.82,500,61.62,179.9,137.57,53.88,138.82,911113.58,100.27,1011197.17,2.23,6.63
2022-11-18,39983.66,40045.07,39651.45,39712.45,0,4811.18,73497.14,27218.97,20.81,2.76,15.3,8.3943,0.007,2460.16,-423.54,1167,898,123,1.3,89.31,76.71,500,61.62,179.9,137.57,53.88,138.82,885771.56,100.13,1021847.3,2.2,6.63
2022-11-21,39687.82,40354.6,39364.4,40028.41,0,4372.23,74013.75,27341.98,16.82,-4.0,-19.21,8.3897,-0.0046,1885.51,-884.14,450,1543,45,0.292,88.77,81.79,500,61.62,179.9,137.57,53.88,138.82,880258.94,100.05,1031712.35,2.23,6.63
2022-11-22,39953.0,40126.83,39108.47,39279.38,0,3851.55,72393.72,26890.37,20.09,3.28,19.48,8.3849,-0.0048,-1971.04,29.12,1256,787,124,1.596,86.62,80.81,500,61.62,179.9,137.57,53.88,138.82,850677.07,99.71,1054811.86,2.26,6.63
2022-11-23,39309.32,39717.63,38995.66,39403.22,0,2055.24,72468.63,26899.46,17.87,-2.22,-11.04,8.3793,-0.0057,-657.14,-2890.77,978,1100,64,0.889,85.91,75.36,500,61.62,179.9,137.57,53.88,138.82,843780.5,100.38,1051489.16,2.22,6.63
2022-11-24,39438.78,39755.43,38109.05,38417.5,0,3021.21,70632.22,26102.1,19.57,1.69,9.47,8.353,-0.0262,-4022.43,-951.25,1495,576,119,2.595,83.43,75.1,500,61.62,179.9,137.57,53.88,138.82,852602.5,100.54,1062614.11,2.27,6.63
2022-11-25,38373.61,39024.89,38119.82,38768.49,0,2981.27,71347.79,26271.84,16.53,-3.04,-15.52,8.3642,0.0112,-1687.54,-1172.08,771,1191,23,0.647,84.33,82.58,500,61.62,179.9,137.57,53.88,138.82,840165.1,100.16,1064790.9,2.24,6.63
2022-11-28,38616.59,39527.83,38489.61,39398.28,0,4747.97,72515.65,26790.51,16.87,0.34,2.06,8.3782,0.014,-3168.02,1547.79,260,1822,65,0.143,87.67,78.29,500,61.62,179.9,137.57,53.88,138.82,823874.18,100.03,1069536.53,2.2,6.63
2022-11-29,39398.42,39833.89,39173.15,39607.42,0,2334.01,73303.46,26981.45,15.39,-1.48,-8.79,8.3892,0.011,-1302.49,1414.18,379,1521,83,0.249,86.26,85.61,500,61.62,179.9,137.57,53.88,138.82,782298.4,100.35,1066696.84,2.16,6.63
2022-11-30,39671.89,39996.44,39093.15,39415.6,0,3834.66,73166.39,26949.17,20.13,4.75,30.85,8.3612,-0.028,2135.1,3517.73,1077,924,105,1.166,85.92,78.63,500,61.62,179.9,137.57,53.88,138.82,754470.72,100.6,1054238.05,2.14,6.63
2022-12-01,39394.38,39896.49,39141.3,39641.83,0,3087.47,74067.95,27197.67,15.51,-4.63,-22.97,8.3665,0.0053,5163.05,-1327.93,821,1271,98,0.646,87.18,85.47,500,62.07,181.04,125.29,54.05,138.83,735798.55,100.39,1044863.44,2.14,6.63
2022-12-02,39811.81,40176.86,39388.21,39752.73,0,3420.94,73890.74,27265.08,18.91,3.4,21.93,8.357,-0.0095,-2987.89,-1967.06,968,1011,97,0.957,85.64,73.16,500,62.07,181.04,125.29,54.05,138.83,733505.78,100.08,1049617.23,2.17,6.63
2022-12-05,39697.22,41081.43,39280.8,40654.96,0,5315.81,75434.32,27867.65,13.16,-5.75,-30.39,8.3432,-0.0139,-386.55,-2024.0,315,1588,31,0.198,85.02,77.03,500,62.07,181.04,125.29,54.05,138.83,716480.3,99.45,1060520.0,2.17,6.63
2022-12-06,40725.06,41755.9,40701.36,41731.62,0,5392.85,77377.67,28810.03,14.45,1.29,9.78,8.3407,-0.0024,-3993.18,1206.92,23,1910,117,0.012,82.23,76.86,500,62.07,181.04,125.29,54.05,138.83,752292.14,99.68,1054708.62,2.11,6.63
2022-12-07,41785.61,42412.72,41563.9,42188.87,0,4344.31,78563.59,29037.35,18.1,3.65,25.29,8.3293,-0.0114,3916.29,-399.45,592,1429,46,0.414,81.27,77.24,500,62.07,181.04,125.29,54.05,138.83,771134.64,100.29,1042100.95,2.12,6.63
2022-12-08,42193.24,43487.25,41985.71,43274.4,0,3587.3,80382.32,29731.49,12.85,-5.25,-29.01,8.3111,-0.0182,-2386.42,1580.21,366,1558,64,0.235,80.2,76.63,500,62.07,181.04,125.29,54.05,138.83,774218.89,101.33,1032857.58,2.14,6.63
2022-12-09,43273.15,43419.94,42094.05,42237.32,0,4828.83,78721.27,29187.38,22.31,9.45,73.56,8.3129,0.0017,43.88,2642.89,1133,863,105,1.313,80.74,75.27,500,62.07,181.04,125.29,54.05,138.83,802897.29,101.73,1023010.21,2.15,6.63
2022-12-12,42214.31,42298.67,41745.34,41828.94,0,4263.0,77630.33,28729.51,17.12,-5.19,-23.25,8.3414,0.0285,415.7,1974.6,1028,872,51,1.179,80.08,72.39,500,62.07,181.04,125.29,54.05,138.83,776511.86,101.82,1017648.39,2.09,6.63
2022-12-13,41851.24,42731.51,41656.03,42533.11,0,2939.8,78413.16,29055.07,17.56,0.43,2.54,8.3448,0.0034,932.78,2264.48,204,1858,77,0.11,80.23,73.39,500,62.07,181.04,125.29,54.05,138.83,798699.17,102.42,1047008.85,2.08,6.63
2022-12-14,42549.91,43029.85,42509.85,42989.38,0,2563.58,78731.18,29283.03,14.78,-2.78,-15.82,8.3306,-0.0142,2627.38,2205.78,948,1074,60,0.883,79.52,78.18,500,62.07,181.04,125.29,54.05,138.83,785961.84,102.56,1065145.15,2.09,6.63
2022-12-15,42994.07,43686.07,42516.21,43205.85,0,1403.82,79259.32,29399.88,14.3,-0.48,-3.23,8.3383,0.0077,233.38,-990.6,684,1405,26,0.487,77.75,69.21,500,62.07,181.04,125.29,54.05,138.83,797332.71,102.35,1051348.21,2.13,6.63
2022-12-16,43178.35,43566.44,42879.36,43266.83,0,3605.55,78814.22,29573.97,18.8,4.5,31.47,8.368,0.0297,-3120.21,498.72,840,1205,108,0.697,77.25,73.76,500,62.07,181.04,125.29,54.05,138.83,789627.92,102.73,1064678.2,2.12,6.63
2022-12-19,43228.62,43603.57,43138.78,43513.14,0,2770.55,78982.23,29454.0,15.76,-3.04,-16.19,8.352,-0.016,-4154.15,-2739.4,629,1311,95,0.48,78.14,72.33,500,62.07,181.04,125.29,54.05,138.83,804851.84,102.43,1054838.85,2.12,6.63
2022-12-20,43572.63,45393.74,43182.89,44991.3,0,7819.1,81212.26,30497.68,14.87,-0.89,-5.64,8.3407,-0.0113,-1864.57,-5150.56,293,1610,91,0.182,78.32,70.49,500,62.07,181.04,125.29,54.05,138.83,801646.81,102.15,1052850.75,2.09,6.63
2022-12-21,44849.52,46191.04,44231.71,45563.39,0,3080.2,81734.41,30846.62,17.46,2.59,17.44,8.3435,0.0028,-9251.99,1258.88,626,1327,116,0.472,78.81,74.07,500,62.07,181.04,125.29,54.05,138.83,814383.87,102.28,1057042.77,2.08,6.63
2022-12-22,45480.04,46598.47,45325.48,46440.65,0,1585.7,83606.92,31469.73,13.24,-4.22,-24.17,8.336,-0.0076,-1045.84,2474.87,462,1616,51,0.286,78.89,69.1,500,62.07,181.04,125.29,54.05,138.83,807980.91,102.53,1050382.37,2.08,6.63
2022-12-23,46507.89,46555.08,45351.7,45397.77,0,2925.97,81663.94,30935.31,22.72,9.48,71.59,8.3459,0.0099,5521.2,1577.51,1389,611,61,2.273,77.25,66.7,500,62.07,181.04,125.29,54.05,138.83,815197.93,103.01,1060359.37,2.1,6.63
2022-12-26,45391.46,46351.36,45114.71,46070.47,0,4926.76,82731.49,31403.6,15.98,-6.74,-29.67,8.3544,0.0085,-1784.06,497.33,444,1505,53,0.295,76.7,75.97,500,62.07,181.04,125.29,54.05,138.83,801992.63,102.35,1086822.5,2.05,6.63
2022-12-27,46120.1,47174.14,45620.38,46668.47,0,2893.71,83678.83,31763.56,16.34,0.36,2.27,8.3461,-0.0083,1972.98,3501.04,617,1478,126,0.417,76.64,72.84,500,62.07,181.04,125.29,54.05,138.83,780681.09,101.79,1092020.77,2.06,6.63
2022-12-28,46704.33,46854.96,45848.39,45996.74,0,3691.92,82741.16,31432.58,20.63,4.29,26.27,8.3378,-0.0082,-1849.69,-118.67,945,1104,62,0.856,75.61,72.43,500,62.07,181.04,125.29,54.05,138.83,774935.81,101.75,1106952.96,2.08,6.63
2022-12-29,45905.58,47050.04,45523.09,46661.25,0,6174.69,84340.38,31960.92,14.76,-5.88,-28.48,8.3381,0.0002,148.9,1435.83,525,1459,126,0.36,75.21,64.99,500,62.07,181.04,125.29,54.05,138.83,794033.11,101.6,1115240.13,2.08,6.63
2022-12-30,46611.79,47179.97,46465.68,47032.55,0,3228.18,85237.0,32260.53,15.29,0.53,3.58,8.3457,0.0076,-2624.21,-651.48,895,1050,128,0.852,75.47,62.61,500,62.07,181.04,125.29,54.05,138.83,793200.35,101.26,1126476.24,2.14,6.63
2023-01-02,47263.99,47526.96,46112.82,46370.83,0,2255.3,83291.16,31764.53,17.72,2.43,15.92,8.3395,-0.0062,7928.67,3148.66,1237,720,59,1.718,74.91,68.21,500,61.47,181.98,129.31,48.06,139.73,811223.16,101.18,1133035.82,2.13,6.66
2023-01-03,46401.5,46946.53,46080.1,46623.6,0,2371.28,83701.54,32054.48,17.34,-0.38,-2.16,8.3482,0.0087,695.82,1708.15,992,1016,60,0.976,76.15,68.07,500,61.47,181.98,129.31,48.06,139.73,801298.1,100.87,1116994.79,2.11,6.66
2023-01-04,46565.38,47187.39,46276.52,46896.48,0,3674.03,84158.08,32162.78,18.58,1.24,7.14,8.3569,0.0087,4104.67,-666.71,649,1359,47,0.478,75.74,74.93,500,61.47,181.98,129.31,48.06,139.73,798231.22,100.91,1129273.62,2.06,6.66
2023-01-05,46984.6,47738.34,46568.09,47318.86,0,5600.43,84824.54,32431.28,18.08,-0.49,-2.66,8.364,0.0071,5408.41,751.94,598,1409,79,0.424,78.26,69.72,500,61.47,181.98,129.31,48.06,139.73,825377.72,101.21,1143306.47,2.08,6.66
2023-01-06,47406.03,47467.47,46988.82,47049.8,0,4052.26,83955.63,32439.98,17.99,-0.1,-0.53,8.3595,-0.0045,1165.81,645.13,1172,867,62,1.352,79.81,71.24,500,61.47,181.98,129.31,48.06,139.73,821098.8,101.09,1159370.71,2.13,6.66
2023-01-09,47205.87,47466.98,46279.48,46536.89,0,5653.34,83553.63,32200.14,20.59,2.61,14.5,8.3591,-0.0004,-1717.08,962.71,1245,849,76,1.466,76.83,67.93,500,61.47,181.98,129.31,48.06,139.73,857250.98,101.5,1182137.35,2.11,6.66
2023-01-10,46405.07,47441.02,46002.04,47032.54,0,1764.91,84357.21,32322.26,16.67,-3.92,-19.04,8.3716,0.0125,3277.47,3309.1,565,1440,39,0.392,77.47,66.23,500,61.47,181.98,129.31,48.06,139.73,890159.46,101.15,1208365.46,2.09,6.66
2023-01-11,46963.27,47843.03,46456.39,47332.17,0,2619.93,85027.11,32590.64,16.53,-0.14,-0.84,8.3634,-0.0082,2492.9,-1010.56,514,1392,59,0.369,78.39,76.36,500,61.47,181.98,129.31,48.06,139.73,931972.42,101.41,1235518.35,2.1,6.66
2023-01-12,47259.47,47466.76,46502.98,46707.85,0,5153.45,84267.92,32493.63,26.29,9.75,58.99,8.3687,0.0053,-1758.07,-4486.02,925,1082,104,0.855,76.92,74.71,500,61.47,181.98,129.31,48.06,139.73,943219.01,101.08,1221019.65,2.09,6.66
2023-01-13,46659.7,47671.45,46635.48,47646.72,0,3561.98,86328.85,33284.66,15.04,-11.25,-42.79,8.4004,0.0317,-464.49,551.82,305,1609,106,0.19,77.03,73.25,500,61.47,181.98,129.31,48.06,139.73,959906.14,100.54,1236234.91,2.1,6.66
2023-01-16,47593.5,48042.07,47441.22,47888.85,0,1873.84,86413.78,33258.01,14.86,-0.18,-1.22,8.3735,-0.0269,1024.26,8846.76,525,1538,126,0.341,76.26,70.45,500,61.47,181.98,129.31,48.06,139.73,958013.3,100.97,1232835.94,2.15,6.66
2023-01-17,47924.28,48425.08,47108.31,47605.79,0,4576.44,85634.25,33046.82,21.94,7.09,47.72,8.3742,0.0007,-3758.63,968.31,793,1129,26,0.702,78.83,73.2,500,61.47,181.98,129.31,48.06,139.73,927505.8,101.26,1225251.28,2.17,6.66
2023-01-18,47664.34,48923.95,47249.06,48501.38,0,2701.63,87534.09,33716.34,14.92,-7.03,-32.03,8.3769,0.0027,1441.71,-1705.9,186,1845,115,0.101,77.78,76.17,500,61.47,181.98,129.31,48.06,139.73,925589.49,100.82,1204188.38,2.16,6.66
2023-01-19,48493.75,49118.44,48230.07,48852.81,0,2168.05,88156.56,34012.85,16.7,1.78,11.93,8.3744,-0.0025,3897.1,-2461.16,825,1121,84,0.736,77.54,71.12,500,61.47,181.98,129.31,48.06,139.73,872831.49,100.52,1214058.8,2.15,6.66
2023-01-20,48779.96,49310.36,47710.37,48234.84,0,6222.91,86863.33,33675.58,18.07,1.38,8.25,8.3674,-0.007,2921.26,-1339.27,1010,975,112,1.036,79.13,80.72,500,61.47,181.98,129.31,48.06,139.73,920253.61,100.48,1232403.6,2.15,6.66
2023-01-23,48166.83,48721.57,48002.26,48555.67,0,1813.86,87230.71,33736.12,17.33,-0.75,-4.13,8.3705,0.0031,1539.18,2843.62,837,1103,63,0.759,78.45,73.37,500,61.47,181.98,129.31,48.06,139.73,915846.99,100.2,1238922.42,2.19,6.66
2023-01-24,48364.4,49838.5,47931.37,49396.23,0,2351.4,88935.53,34336.53,16.73,-0.6,-3.46,8.3501,-0.0204,-7028.61,-3150.73,235,1745,84,0.135,76.98,64.69,500,61.47,181.98,129.31,48.06,139.73,921614.35,99.69,1234543.63,2.17,6.66
2023-01-25,49342.7,49949.13,49099.82,49704.46,0,2779.82,90161.76,34621.88,15.67,-1.06,-6.32,8.3582,0.0081,3130.91,465.72,423,1478,116,0.286,74.42,65.73,500,61.47,181.98,129.31,48.06,139.73,949069.34,99.35,1217138.9,2.15,6.66
2023-01-26,49701.35,50090.54,49393.39,49782.07,0,2393.87,90042.33,34612.68,16.13,0.46,2.92,8.3473,-0.0109,3609.31,-2075.84,907,1057,84,0.858,73.47,66.66,500,61.47,181.98,129.31,48.06,139.73,950104.59,99.29,1197039.68,2.16,6.66
2023-01-27,49688.54,50010.74,49477.49,49799.22,0,1645.5,90128.36,34553.01,15.79,-0.34,-2.1,8.3452,-0.0021,2164.61,-3113.04,661,1422,70,0.465,74.36,66.88,500,61.47,181.98,129.31,48.06,139.73,944380.25,99.19,1203923.0,2.1,6.66
2023-01-30,49777.55,49882.0,49559.72,49663.93,0,1942.52,90070.77,34352.65,18.37,2.58,16.34,8.3354,-0.0098,302.76,-1835.65,835,1065,108,0.784,74.11,68.72,500,61.47,181.98,129.31,48.06,139.73,990631.96,99.22,1205003.13,2.09,6.66
2023-01-31,49607.25,50919.07,49222.82,50527.5,0,3520.41,91162.01,34898.78,12.49,-5.88,-32.01,8.3435,0.0081,-7427.73,868.71,520,1542,32,0.337,73.37,65.33,500,61.47,181.98,129.31,48.06,139.73,992846.62,98.59,1200090.97,2.11,6.66
2023-02-01,50409.81,50633.22,50011.28,50233.91,0,3060.96,90100.6,34641.87,17.62,5.13,41.1,8.3453,0.0018,-4046.8,299.47,1105,942,32,1.173,72.78,59.56,500,60.48,182.52,132.85,50.06,139.47,1012068.48,98.31,1202330.86,2.04,6.66
2023-02-02,50265.92,51065.6,49879.57,50676.1,0,4231.34,91392.59,34981.12,16.4,-1.23,-6.96,8.3506,0.0053,-1229.22,-765.5,467,1526,78,0.306,73.02,62.41,500,60.48,182.52,132.85,50.06,139.47,991707.45,99.19,1170863.73,2.09,6.66
2023-02-03,50570.0,51020.14,50204.6,50654.13,0,5215.31,91594.62,34777.57,17.88,1.48,9.05,8.3555,0.0049,1093.71,109.55,763,1272,32,0.6,75.22,66.86,500,60.48,182.52,132.85,50.06,139.47,961217.02,99.46,1176975.19,2.14,6.66
2023-02-06,50672.06,51232.66,50337.01,50896.13,0,2851.2,91981.96,35086.51,16.24,-1.64,-9.17,8.3434,-0.0121,-2419.53,404.33,430,1631,106,0.264,73.39,76.3,500,60.48,182.52,132.85,50.06,139.47,952743.51,99.39,1171956.26,2.15,6.66
2023-02-07,50835.06,51925.93,50463.81,51549.46,0,1230.63,93628.29,35554.6,17.78,1.54,9.46,8.3386,-0.0048,1682.28,1495.82,578,1354,105,0.427,72.0,59.41,500,60.48,182.52,132.85,50.06,139.47,954951.52,98.14,1160340.54,2.13,6.66
2023-02-08,51349.54,52010.99,51062.07,51721.44,0,3360.96,93552.49,35575.6,16.7,-1.07,-6.04,8.3383,-0.0003,3533.76,2572.04,810,1191,33,0.68,73.51,71.8,500,60.48,182.52,132.85,50.06,139.47,939410.69,97.74,1153948.34,2.11,6.66
2023-02-09,51733.99,52128.88,51302.84,51697.45,0,4474.43,93379.01,35491.57,18.52,1.82,10.91,8.3381,-0.0002,-1002.59,301.61,1019,894,22,1.14,73.88,66.48,500,60.48,182.52,132.85,50.06,139.47,910866.33,97.8,1161654.54,2.07,6.66
2023-02-10,51481.28,52323.34,50972.79,51811.58,0,2194.14,93741.06,35692.54,17.85,-0.67,-3.63,8.3389,0.0008,2228.65,992.55,882,1034,20,0.853,74.4,61.74,500,60.48,182.52,132.85,50.06,139.47,901844.52,98.35,1169988.31,2.06,6.66
2023-02-13,51744.54,53199.73,51281.41,52727.81,0,3455.49,94760.68,36238.43,19.25,1.4,7.84,8.3305,-0.0084,4318.3,-395.49,468,1600,82,0.292,74.55,65.04,500,60.48,182.52,132.85,50.06,139.47,873213.58,98.72,1185798.77,2.04,6.66
2023-02-14,52979.52,53820.97,52781.26,53620.31,0,1715.02,96284.82,36942.58,13.78,-5.47,-28.42,8.3071,-0.0234,55.17,-297.28,394,1528,56,0.258,73.6,66.87,500,60.48,182.52,132.85,50.06,139.47,888734.56,98.93,1179864.11,2.06,6.66
2023-02-15,53631.14,54133.78,52775.16,53274.46,0,2940.77,95238.67,36768.08,18.39,4.61,33.43,8.3091,0.002,1027.51,578.25,1180,731,129,1.614,75.27,69.2,500,60.48,182.52,132.85,50.06,139.47,873579.3,99.36,1189229.52,2.04,6.66
2023-02-16,53173.74,53569.58,52335.34,52727.86,0,2771.69,94236.4,36466.78,19.1,0.71,3.87,8.3063,-0.0028,-1234.47,-1062.9,1047,1018,21,1.028,72.67,61.14,500,60.48,182.52,132.85,50.06,139.47,871297.46,99.63,1211423.16,2.14,6.66
2023-02-17,52511.04,52809.56,52055.83,52353.46,0,5025.07,93946.36,36406.98,17.9,-1.2,-6.29,8.286,-0.0202,4926.61,-3629.58,1190,858,127,1.387,72.91,59.46,500,60.48,182.52,132.85,50.06,139.47,874234.24,100.0,1213054.25,2.17,6.66
2023-02-20,52258.76,53008.62,51950.64,52697.91,0,2019.42,94513.67,36721.37,18.56,0.66,3.71,8.294,0.008,1745.82,-609.86,719,1377,99,0.522,69.37,62.5,500,60.48,182.52,132.85,50.06,139.47,851909.7,99.79,1188349.98,2.2,6.66
2023-02-21,52694.2,53555.82,52432.48,53291.13,0,1790.4,95897.97,36963.04,16.97,-1.59,-8.57,8.2851,-0.0089,-2645.45,951.29,411,1605,31,0.256,69.94,61.38,500,60.48,182.52,132.85,50.06,139.47,880772.86,100.45,1164987.82,2.19,6.66
2023-02-22,53230.98,53315.33,52896.89,52980.84,0,2124.57,95726.94,36919.87,20.19,3.22,18.96,8.2713,-0.0138,-3926.26,-2104.1,1026,900,95,1.14,70.26,54.83,500,60.48,182.52,132.85,50.06,139.47,874291.67,100.78,1158335.98,2.18,6.66
2023-02-23,52962.72,53362.15,52672.66,53071.5,0,5492.57,95506.02,36949.95,22.51,2.32,11.48,8.2772,0.0059,2947.16,-381.59,715,1234,78,0.579,72.96,60.96,500,60.48,182.52,132.85,50.06,139.47,849215.76,100.37,1168073.59,2.17,6.66
2023-02-24,52857.53,53717.24,52650.85,53508.02,0,2355.82,96461.53,37254.19,18.29,-4.22,-18.74,8.2777,0.0004,-5495.15,-4169.78,555,1379,85,0.402,74.73,65.25,500,60.48,182.52,132.85,50.06,139.47,882446.72,100.81,1151726.02,2.17,6.66
2023-02-27,53617.86,54006.23,52989.52,53376.14,0,2561.48,96184.71,37128.31,16.87,-1.42,-7.77,8.2717,-0.0059,705.07,647.65,1125,831,80,1.354,74.37,66.11,500,60.48,182.52,132.85,50.06,139.47,866693.59,100.06,1157344.2,2.19,6.66
2023-02-28,53294.89,54890.77,52880.82,54467.59,0,2545.0,98033.96,37908.41,15.24,-1.63,-9.63,8.2752,0.0035,1237.61,217.58,475,1466,87,0.324,72.6,70.56,500,60.48,182.52,132.85,50.06,139.47,890170.36,99.26,1146173.47,2.18,6.66
2023-03-01,54519.79,54788.34,53735.8,54001.79,0,3526.4,97096.23,37571.17,15.76,0.52,3.42,8.2772,0.002,-474.71,-591.65,908,1172,111,0.775,73.78,68.33,500,61.3,183.73,130.88,49.42,139.68,868403.27,99.53,1158690.62,2.19,6.66
2023-03-02,54118.46,54385.96,53892.68,54160.0,0,3801.22,97311.52,37828.03,18.24,2.48,15.71,8.2854,0.0082,9627.57,912.06,463,1478,56,0.313,73.54,63.77,500,61.3,183.73,130.88,49.42,139.68,873101.0,100.29,1172550.73,2.17,6.66
2023-03-03,54158.73,55520.12,53827.15,55182.27,0,2054.36,99217.37,38669.13,13.13,-5.11,-28.03,8.2783,-0.0071,30.81,-532.45,372,1570,97,0.237,72.62,65.42,500,61.3,183.73,130.88,49.42,139.68,869725.3,100.61,1167025.12,2.12,6.66
2023-03-06,55300.43,55650.47,54713.34,55061.87,0,3580.7,98033.04,38066.23,20.85,7.73,58.86,8.2851,0.0068,-923.63,1594.16,899,1097,93,0.82,71.06,68.36,500,61.3,183.73,130.88,49.42,139.68,850297.72,100.9,1163758.66,2.08,6.66
2023-03-07,54873.92,55164.1,54659.17,54949.05,0,3855.67,98321.81,37995.21,15.77,-5.09,-24.39,8.2839,-0.0013,4866.56,-843.47,864,1067,117,0.81,70.71,67.8,500,61.3,183.73,130.88,49.42,139.68,845181.49,101.55,1168819.33,2.08,6.66
2023-03-08,55122.25,55586.05,54332.21,54793.24,0,1972.13,98317.3,38110.46,20.71,4.95,31.37,8.2794,-0.0044,2794.56,-955.33,784,1171,51,0.67,72.25,58.97,500,61.3,183.73,130.88,49.42,139.68,868623.4,101.51,1168823.34,2.1,6.66
2023-03-09,54663.13,55958.93,54467.94,55759.82,0,4927.56,100165.66,38586.16,16.88,-3.83,-18.49,8.2624,-0.017,2058.83,-1592.46,81,1829,114,0.044,71.02,58.2,500,61.3,183.73,130.88,49.42,139.68,877962.52,101.4,1187551.5,2.13,6.66
2023-03-10,55627.13,55996.15,55423.38,55791.81,0,3795.24,100015.76,38616.52,18.45,1.56,9.25,8.2877,0.0252,1380.32,2338.48,800,1276,57,0.627,73.23,63.35,500,61.3,183.73,130.88,49.42,139.68,895391.77,101.1,1196907.28,2.11,6.66
2023-03-13,55810.66,56803.6,55388.5,56377.15,0,1787.28,100281.0,39044.86,20.45,2.0,10.84,8.2857,-0.002,-2821.72,-533.31,823,1091,128,0.754,75.19,76.8,500,61.3,183.73,130.88,49.42,139.68,890217.84,101.52,1208280.79,2.12,6.66
2023-03-14,56396.66,57458.35,55954.07,57010.94,0,3134.64,101650.22,39443.2,16.35,-4.09,-20.01,8.2955,0.0098,-165.26,-1630.07,468,1438,33,0.325,75.35,69.5,500,61.3,183.73,130.88,49.42,139.68,872318.86,101.28,1204591.8,2.17,6.66
2023-03-15,57061.65,58123.14,56536.34,57592.94,0,5349.74,103510.78,40264.18,17.01,0.66,4.01,8.2927,-0.0028,-1263.04,293.92,566,1398,77,0.405,76.66,70.17,500,61.3,183.73,130.88,49.42,139.68,881790.73,100.59,1196498.13,2.1,6.66
2023-03-16,57756.34,58353.44,57224.51,57821.01,0,3614.41,104569.26,40264.91,17.24,0.23,1.34,8.3037,0.011,-2079.09,-691.66,813,1152,114,0.706,77.02,67.54,500,61.3,183.73,130.88,49.42,139.68,832061.02,101.19,1189357.16,2.12,6.66
2023-03-17,57768.5,59513.25,57279.94,59014.16,0,5059.09,106100.04,40751.07,16.11,-1.13,-6.56,8.2956,-0.0081,7169.36,1450.3,539,1475,116,0.365,75.78,66.48,500,61.3,183.73,130.88,49.42,139.68,844507.92,101.13,1195836.01,2.08,6.66
2023-03-20,58994.83,59249.04,58168.75,58420.48,0,5247.74,104954.14,40384.66,19.13,3.02,18.78,8.2962,0.0006,43.71,-4349.57,1171,922,94,1.27,76.88,71.8,500,61.3,183.73,130.88,49.42,139.68,859342.49,100.81,1196090.92,2.0,6.66
2023-03-21,58480.17,58784.96,57681.81,57984.02,0,3468.01,104067.63,39946.81,20.37,1.24,6.49,8.3057,0.0094,2115.21,-334.7,1048,869,123,1.206,77.69,76.63,500,61.3,183.73,130.88,49.42,139.68,861158.52,101.12,1197428.01,2.03,6.66
2023-03-22,57919.74,58024.24,57635.84,57740.02,0,3328.62,104017.28,40002.18,16.95,-3.42,-16.81,8.3083,0.0027,-2647.22,2587.53,929,1047,56,0.887,78.41,66.66,500,61.3,183.73,130.88,49.42,139.68,926592.78,100.61,1199989.35,2.02,6.66
2023-03-23,57740.47,58196.71,57239.67,57695.56,0,1319.6,104109.4,39811.97,18.52,1.57,9.27,8.3259,0.0175,-5600.65,1575.16,882,1143,70,0.772,78.15,68.64,500,61.3,183.73,130.88,49.42,139.68,918961.3,100.17,1199839.68,2.0,6.66
2023-03-24,57534.26,58169.16,57288.24,57921.49,0,2899.67,104471.29,39946.99,15.39,-3.13,-16.9,8.3303,0.0044,-4532.58,4620.59,862,1038,40,0.83,76.74,61.46,500,61.3,183.73,130.88,49.42,139.68,888206.44,100.52,1198637.65,2.02,6.66
2023-03-27,57967.47,58463.27,57737.29,58232.03,0,5730.0,105088.32,40315.7,20.81,5.42,35.21,8.3491,0.0189,-739.89,1675.59,446,1528,30,0.292,75.81,70.28,500,61.3,183.73,130.88,49.42,139.68,875340.98,100.72,1201685.82,2.04,6.66
2023-03-28,58441.53,58748.43,58004.2,58310.41,0,3248.53,104063.27,39996.43,18.54,-2.27,-10.9,8.3493,0.0001,1382.79,3648.87,1213,689,90,1.761,72.6,58.66,500,61.3,183.73,130.88,49.42,139.68,903730.93,101.0,1217795.81,2.09,6.66
2023-03-29,58371.66,58769.98,56863.88,57254.57,0,2155.98,102287.36,39291.48,21.36,2.82,15.19,8.3231,-0.0262,-3773.77,-2971.98,1640,362,34,4.53,73.5,64.99,500,61.3,183.73,130.88,49.42,139.68,914873.38,100.91,1206067.68,2.04,6.66
2023-03-30,57203.7,57426.53,56464.51,56685.32,0,2258.94,100454.49,38786.34,20.2,-1.16,-5.41,8.3139,-0.0092,-439.95,-883.57,1188,714,46,1.664,75.13,66.27,500,61.3,183.73,130.88,49.42,139.68,915261.0,101.36,1205606.94,2.04,6.66
2023-03-31,56898.25,56941.35,56104.34,56146.87,0,2079.35,99801.05,38540.94,15.98,-4.22,-20.89,8.3148,0.0009,-1017.26,461.15,864,1135,34,0.761,75.97,70.95,500,61.3,183.73,130.88,49.42,139.68,915378.91,101.5,1199348.62,2.09,6.66
2023-04-03,56446.34,56640.42,55101.4,55291.5,0,3147.17,98327.4,38012.49,19.36,3.38,21.14,8.3207,0.0059,1283.09,-45.52,1048,961,43,1.091,74.75,68.8,500,60.82,184.27,139.87,49.81,139.7,912415.14,101.23,1186862.83,2.11,7.28
2023-04-04,55150.12,56626.88,54804.58,56274.3,0,2312.24,100383.67,38762.85,16.63,-2.73,-14.1,8.3259,0.0052,889.66,2013.77,411,1647,99,0.25,75.84,64.44,500,60.82,184.27,139.87,49.81,139.7,920407.05,101.25,1191999.27,2.13,7.28
2023-04-05,56178.81,56747.09,55520.22,56087.58,0,3543.39,100480.54,38815.06,14.16,-2.47,-14.87,8.3282,0.0023,7375.35,39.76,937,1064,126,0.881,76.27,68.03,500,60.82,184.27,139.87,49.81,139.7,886457.58,100.8,1186104.46,2.1,7.28
2023-04-06,56127.16,56399.19,55696.72,55967.98,0,2987.11,100470.9,38726.11,17.31,3.15,22.27,8.3204,-0.0079,-5545.43,-2957.91,838,1120,47,0.748,78.35,70.74,500,60.82,184.27,139.87,49.81,139.7,873820.07,100.85,1209122.35,2.08,7.28
2023-04-07,55941.71,56170.3,55239.6,55466.25,0,2834.57,99668.32,38434.1,15.88,-1.43,-8.26,8.3305,0.0101,-80.64,-931.5,1039,965,92,1.077,82.05,72.82,500,60.82,184.27,139.87,49.81,139.7,852627.49,101.04,1210759.27,2.06,7.28
2023-04-10,55541.53,56692.78,55056.4,56201.89,0,2446.2,100715.18,38843.27,14.17,-1.71,-10.8,8.3394,0.009,5088.62,2236.76,436,1638,78,0.266,81.71,75.88,500,60.82,184.27,139.87,49.81,139.7,824185.42,101.26,1210898.33,2.11,7.28
2023-04-11,56084.59,56481.73,55784.27,56180.89,0,5584.1,100630.7,38900.02,19.24,5.07,35.81,8.3355,-0.0039,4436.29,-543.41,835,1220,123,0.684,81.36,81.26,500,60.82,184.27,139.87,49.81,139.7,837622.68,101.44,1221646.4,2.08,7.28
2023-04-12,56292.18,56351.79,56186.08,56245.64,0,1511.23,100386.72,38874.54,16.25,-2.99,-15.56,8.3348,-0.0008,-3978.4,-1105.47,839,1151,128,0.729,81.43,71.83,500,60.82,184.27,139.87,49.81,139.7,860792.53,100.73,1221090.63,2.11,7.28
2023-04-13,56056.77,56239.09,55543.41,55724.65,0,2025.67,98355.67,38260.39,19.1,2.85,17.57,8.3214,-0.0134,463.13,-99.97,1634,329,94,4.967,80.96,73.98,500,60.82,184.27,139.87,49.81,139.7,902057.51,100.21,1214750.54,2.13,7.28
2023-04-14,55606.09,55945.49,54803.42,55139.97,0,2870.5,97881.47,38015.84,19.09,-0.01,-0.03,8.3154,-0.0059,-9403.37,2657.62,981,1101,82,0.891,81.68,79.42,500,60.82,184.27,139.87,49.81,139.7,913633.74,100.46,1223618.9,2.05,7.28
2023-04-17,55039.9,56158.79,54829.2,55944.62,0,2990.86,99478.47,38429.72,15.89,-3.2,-16.78,8.2921,-0.0233,-1913.35,-789.77,454,1530,39,0.297,81.48,73.62,500,60.82,184.27,139.87,49.81,139.7,984252.77,100.32,1216350.75,2.01,7.28
2023-04-18,55948.58,56184.61,55764.1,55999.95,0,4626.02,99578.83,38333.81,18.91,3.02,19.03,8.3003,0.0082,-1991.95,-1403.13,888,1173,121,0.757,81.6,76.65,500,60.82,184.27,139.87,49.81,139.7,991832.16,99.94,1229817.03,2.06,7.28
2023-04-19,55889.0,56922.01,55415.76,56444.08,0,3789.51,100773.77,38869.63,17.03,-1.89,-9.97,8.2957,-0.0046,-3405.1,-3717.63,458,1613,111,0.284,82.88,81.87,500,60.82,184.27,139.87,49.81,139.7,994794.6,99.76,1222432.86,2.02,7.28
2023-04-20,56532.2,57687.39,55974.74,57124.09,0,3347.89,101722.55,39271.93,18.33,1.3,7.62,8.2939,-0.0018,3599.86,398.01,575,1395,99,0.412,82.31,74.01,500,60.82,184.27,139.87,49.81,139.7,968718.57,99.36,1236563.35,2.05,7.28
2023-04-21,57268.17,57593.4,56736.14,57060.19,0,1714.82,101968.9,39236.95,15.85,-2.47,-13.49,8.3025,0.0086,-1602.3,-461.07,744,1213,113,0.613,79.23,71.5,500,60.82,184.27,139.87,49.81,139.7,979268.08,99.39,1246674.14,2.05,7.28
2023-04-24,57198.63,57501.9,56873.64,57176.79,0,2105.45,102100.26,39396.64,16.93,1.08,6.79,8.3066,0.0041,4523.68,-4007.36,920,1041,32,0.884,80.35,70.1,500,60.82,184.27,139.87,49.81,139.7,978812.29,99.57,1248614.69,2.03,7.28
2023-04-25,57402.72,57653.99,55900.17,56145.94,0,1578.45,100067.08,38689.75,18.96,2.03,11.96,8.3047,-0.0018,-3844.88,206.45,1230,806,73,1.526,80.72,81.58,500,60.82,184.27,139.87,49.81,139.7,1016891.51,99.73,1260372.43,2.03,7.28
2023-04-26,56257.64,56678.73,55030.9,55445.92,0,2902.82,98647.64,38259.04,20.17,1.21,6.41,8.3111,0.0063,142.98,636.34,1251,770,128,1.625,78.25,63.64,500,60.82,184.27,139.87,49.81,139.7,1050797.51,100.13,1248402.99,2.04,7.28
2023-04-27,55610.2,55977.61,54657.19,55020.7,0,3074.68,98669.44,38210.92,18.84,-1.33,-6.57,8.2912,-0.0198,-130.7,5239.16,1191,744,111,1.601,78.01,69.3,500,60.82,184.27,139.87,49.81,139.7,1033684.89,100.2,1243584.15,2.02,7.28
2023-04-28,55198.49,55531.6,54486.41,54817.22,0,3453.53,97783.46,37991.4,21.14,2.29,12.16,8.2963,0.0051,2697.04,823.62,1031,1065,36,0.968,76.49,70.43,500,60.82,184.27,139.87,49.81,139.7,1032344.79,100.77,1269982.74,2.02,7.28
2023-05-01,54801.07,56122.26,54570.38,55887.0,0,6613.34,98844.02,38607.99,16.55,-4.58,-21.69,8.2969,0.0006,1549.25,2231.84,701,1236,69,0.567,75.45,65.17,500,62.76,185.23,134.22,47.27,139.65,1043219.09,100.28,1270324.04,2.0,7.28
2023-05-02,55937.41,56811.0,55338.68,56209.35,0,1944.14,99811.96,38856.04,14.66,-1.89,-11.43,8.306,0.0091,187.21,2525.37,630,1385,91,0.455,74.75,72.67,500,62.76,185.23,134.22,47.27,139.65,1017782.95,99.54,1286847.38,2.01,7.28
2023-05-03,56161.82,56337.65,55821.99,55997.31,0,1483.01,99248.36,38812.26,18.95,4.29,29.27,8.2954,-0.0106,819.74,2219.09,1058,1040,120,1.017,74.62,62.9,500,62.76,185.23,134.22,47.27,139.65,1041779.83,99.02,1278091.95,2.05,7.28
2023-05-04,55900.77,56304.3,55813.11,56216.14,0,1327.15,99833.59,39029.15,17.16,-1.79,-9.43,8.2994,0.004,1078.38,2758.96,857,1150,119,0.745,72.96,68.82,500,62.76,185.23,134.22,47.27,139.65,1042238.24,99.17,1264457.38,2.02,7.28
2023-05-05,56037.04,56269.19,55161.91,55391.38,0,3440.08,98143.67,38435.31,17.04,-0.13,-0.73,8.2916,-0.0078,781.63,1608.88,1339,662,129,2.023,71.65,66.67,500,62.76,185.23,134.22,47.27,139.65,1037633.52,99.42,1254222.74,2.02,7.28
2023-05-08,55621.5,56006.31,54797.57,55179.31,0,3711.66,97886.29,38443.34,19.54,2.51,14.71,8.3016,0.01,508.5,6741.36,836,1163,112,0.719,71.62,63.27,500,62.76,185.23,134.22,47.27,139.65,1031732.57,99.29,1286377.95,2.05,7.28
2023-05-09,55284.99,55906.64,54663.94,55285.59,0,2122.13,98350.87,38661.81,17.15,-2.39,-12.25,8.3085,0.0069,-864.72,-1405.94,689,1408,88,0.489,73.96,72.16,500,62.76,185.23,134.22,47.27,139.65,982514.17,100.22,1290876.84,2.09,7.28
2023-05-10,55449.7,55821.58,54174.05,54539.83,0,3057.2,97239.25,38146.84,18.81,1.66,9.7,8.3037,-0.0048,-882.37,169.25,1080,998,80,1.082,73.36,62.72,500,62.76,185.23,134.22,47.27,139.65,1016676.32,100.79,1293855.67,2.07,7.28
2023-05-11,54577.73,54990.08,54480.55,54892.34,0,3879.77,97527.61,38198.13,18.95,0.14,0.75,8.3361,0.0324,137.44,2336.23,960,962,118,0.998,73.28,69.61,500,62.76,185.23,134.22,47.27,139.65,983063.17,100.66,1286163.46,2.0,7.28
2023-05-12,55153.26,55974.58,54974.92,55794.17,0,2754.79,98521.19,38492.86,16.4,-2.55,-13.46,8.3369,0.0008,117.08,-705.24,333,1702,121,0.196,74.04,68.57,500,62.76,185.23,134.22,47.27,139.65,959795.72,100.5,1297078.14,1.95,7.28
2023-05-15,55657.47,57924.65,55127.68,57378.48,0,4848.59,101023.24,39409.78,15.38,-1.02,-6.22,8.3359,-0.001,1130.57,-1297.23,491,1589,47,0.309,74.65,70.07,500,62.76,185.23,134.22,47.27,139.65,1020206.72,100.06,1290168.08,1.89,7.28
2023-05-16,57539.58,57793.57,55672.69,55919.53,0,2655.86,98817.24,38539.8,20.23,4.85,31.52,8.3335,-0.0024,66.46,1018.96,1450,502,75,2.888,75.35,71.39,500,62.76,185.23,134.22,47.27,139.65,1024024.25,99.94,1285726.35,1.9,7.28
2023-05-17,55938.78,56128.37,54558.87,54744.41,0,4068.1,96478.75,37690.1,17.95,-2.28,-11.29,8.3333,-0.0002,-26.86,131.51,1007,1009,80,0.998,76.26,65.76,500,62.76,185.23,134.22,47.27,139.65,1044235.51,100.47,1292988.27,1.86,7.28
2023-05-18,54617.02,54935.99,54330.39,54649.19,0,1936.33,95342.31,37099.56,19.0,1.06,5.88,8.3446,0.0113,1573.29,-1669.97,1446,640,62,2.259,78.36,75.15,500,62.76,185.23,134.22,47.27,139.65,1044738.39,101.45,1297133.23,1.83,7.28
2023-05-19,54620.39,54972.2,53946.47,54296.19,0,3978.01,94252.91,36865.64,21.25,2.25,11.83,8.3631,0.0184,-334.84,-4.94,836,1152,89,0.726,77.94,71.74,500,62.76,185.23,134.22,47.27,139.65,1054681.77,100.48,1297646.9,1.81,7.28
2023-05-22,54221.6,54888.65,54016.79,54682.1,0,4461.41,94493.56,36880.43,18.35,-2.9,-13.65,8.3651,0.002,-3054.04,5925.28,654,1364,98,0.479,77.86,76.79,500,62.76,185.23,134.22,47.27,139.65,1042543.63,100.36,1301925.16,1.83,7.28
2023-05-23,54549.53,56442.13,54176.15,56058.41,0,2074.59,96607.67,37677.35,14.78,-3.57,-19.47,8.3554,-0.0096,-3302.62,-845.45,122,1845,42,0.066,78.07,74.73,500,62.76,185.23,134.22,47.27,139.65,1032079.72,100.38,1299548.03,1.87,7.28
2023-05-24,56104.72,56445.39,54963.5,55299.28,0,2102.72,95614.36,37087.45,16.46,1.69,11.41,8.3561,0.0007,-1840.17,1923.2,1005,1045,35,0.962,76.64,69.42,500,62.76,185.23,134.22,47.27,139.65,1006591.86,100.74,1301158.63,1.83,7.28
2023-05-25,55384.18,55569.7,54520.73,54703.98,0,2299.17,93854.57,36382.96,20.75,4.29,26.07,8.3647,0.0086,2499.51,4976.74,1376,685,119,2.009,76.42,72.63,500,62.76,185.23,134.22,47.27,139.65,975795.41,100.06,1312184.66,1.8,7.28
2023-05-26,54819.7,55118.63,53959.88,54255.73,0,2875.86,92799.55,36050.0,20.25,-0.5,-2.42,8.3536,-0.0111,477.03,-1734.49,864,1205,113,0.717,76.76,70.08,500,62.76,185.23,134.22,47.27,139.65,958993.89,99.82,1322773.04,1.72,7.28
2023-05-29,54114.36,54646.96,52181.25,52699.94,0,2493.06,90200.58,35053.14,22.64,2.39,11.78,8.3514,-0.0022,-582.13,2100.55,1388,704,110,1.972,75.07,71.83,500,62.76,185.23,134.22,47.27,139.65,974930.46,100.27,1337430.81,1.71,7.28
2023-05-30,52768.46,53805.8,52125.59,53158.18,0,2947.03,90450.13,35176.08,21.34,-1.3,-5.74,8.3709,0.0195,3302.23,-42.62,722,1240,97,0.582,75.39,74.9,500,62.76,185.23,134.22,47.27,139.65,981708.86,99.88,1329176.89,1.74,7.28
2023-05-31,53358.01,54028.09,53059.64,53727.65,0,8035.55,91019.47,35272.07,14.16,-7.18,-33.64,8.3984,0.0275,-8155.69,982.82,486,1431,98,0.34,75.83,70.2,500,62.76,185.23,134.22,47.27,139.65,967302.24,99.83,1349385.3,1.74,7.28
2023-06-01,53750.37,54026.0,51990.9,52258.88,0,5543.11,88910.62,34270.62,23.25,9.09,64.19,8.3924,-0.006,-1898.0,747.54,1692,248,115,6.823,76.1,70.73,500,61.12,185.96,130.33,51.13,140.72,970655.97,100.3,1362307.59,1.77,7.28
2023-06-02,52346.64,53201.21,52116.69,52968.54,0,6991.86,90132.3,34833.02,18.85,-4.4,-18.93,8.3921,-0.0004,-461.85,-438.27,249,1826,64,0.136,74.7,66.1,500,61.12,185.96,130.33,51.13,140.72,1006068.63,100.05,1381211.46,1.82,7.28
2023-06-05,52945.35,53404.16,52673.38,53131.24,0,2745.37,90310.83,34807.37,18.75,-0.1,-0.53,8.3741,-0.018,12584.19,-3469.35,780,1238,86,0.63,71.43,60.99,500,61.12,185.96,130.33,51.13,140.72,1003488.65,100.87,1375059.13,1.8,7.28
2023-06-06,52776.1,53320.77,52642.47,53186.1,0,4506.19,90469.57,34924.15,18.9,0.15,0.82,8.3909,0.0168,-2462.48,-1362.22,735,1315,91,0.559,73.22,66.92,500,61.12,185.96,130.33,51.13,140.72,1059125.41,101.2,1358128.63,1.79,7.28
2023-06-07,53037.34,53891.23,52764.33,53615.25,0,3313.19,91312.21,35311.57,13.02,-5.88,-31.12,8.394,0.0031,428.42,-1283.37,599,1347,61,0.445,71.43,62.61,500,61.12,185.96,130.33,51.13,140.72,1081553.32,101.28,1341169.98,1.84,7.28
2023-06-08,53933.52,54397.74,52311.68,52765.86,0,2368.0,89713.74,34872.26,21.22,8.2,62.98,8.3866,-0.0074,2193.44,3587.95,1375,707,66,1.945,71.46,64.11,500,61.12,185.96,130.33,51.13,140.72,1091820.55,101.66,1326870.86,1.77,7.28
2023-06-09,52703.46,52900.93,52438.79,52636.0,0,3264.28,89748.32,35062.66,20.03,-1.19,-5.59,8.3872,0.0006,-913.06,1169.01,697,1377,69,0.506,72.56,63.22,500,61.12,185.96,130.33,51.13,140.72,1089766.4,101.22,1343838.58,1.72,7.28
2023-06-12,52719.51,52979.35,51641.44,51897.23,0,2117.29,88713.78,34761.35,22.04,2.01,10.02,8.3716,-0.0155,-4985.38,-1332.49,1110,879,61,1.263,71.32,61.64,500,61.12,185.96,130.33,51.13,140.72,1054461.44,101.13,1337555.05,1.78,7.28
2023-06-13,51938.73,52495.39,51817.1,52372.74,0,3727.33,90158.32,35212.7,20.94,-1.1,-5.0,8.3683,-0.0034,-62.74,5764.67,787,1237,123,0.636,70.8,70.26,500,61.12,185.96,130.33,51.13,140.72,1071892.6,100.99,1351279.62,1.83,7.28
2023-06-14,52283.46,53322.75,51837.74,52872.01,0,2353.44,91064.66,35456.2,18.39,-2.55,-12.19,8.3732,0.005,-1764.86,-3081.81,637,1311,115,0.486,72.61,62.66,500,61.12,185.96,130.33,51.13,140.72,1115539.49,101.21,1369891.12,1.85,7.28
2023-06-15,52786.01,53190.06,52429.39,52833.12,0,3243.78,91118.86,35263.83,18.25,-0.14,-0.76,8.3578,-0.0154,3012.43,-5389.62,758,1310,125,0.579,73.3,65.46,500,61.12,185.96,130.33,51.13,140.72,1129205.28,101.42,1400596.01,1.79,7.28
2023-06-16,52849.05,53096.55,52450.83,52697.62,0,3360.19,90602.54,34973.3,18.42,0.17,0.95,8.3697,0.0119,-3985.91,1488.04,997,957,78,1.042,75.7,66.55,500,61.12,185.96,130.33,51.13,140.72,1152472.46,101.93,1407802.8,1.83,7.28
2023-06-19,52626.69,52980.45,51866.25,52217.25,0,2852.55,89062.76,34660.9,23.33,4.91,26.66,8.3699,0.0002,1815.57,1039.71,1005,1044,123,0.963,75.15,58.75,500,61.12,185.96,130.33,51.13,140.72,1179531.6,101.52,1391774.74,1.9,7.28
2023-06-20,52106.21,53398.67,51817.99,53104.93,0,2801.67,90222.02,35214.77,17.02,-6.31,-27.05,8.3636,-0.0063,-2139.81,2107.25,505,1518,71,0.333,76.81,66.93,500,61.12,185.96,130.33,51.13,140.72,1165682.57,101.46,1377281.8,1.93,7.28
2023-06-21,53153.21,53523.21,52114.15,52479.45,0,2787.31,90023.69,34936.99,16.97,-0.04,-0.26,8.3712,0.0077,-4676.28,889.19,1247,799,23,1.561,75.47,68.97,500,61.12,185.96,130.33,51.13,140.72,1167906.49,102.18,1404934.82,1.93,7.28
2023-06-22,52596.31,52844.93,51278.98,51522.53,0,2432.55,88821.86,34464.7,19.09,2.11,12.46,8.3787,0.0074,-4681.27,644.64,1169,860,102,1.359,74.01,57.95,500,61.12,185.96,130.33,51.13,140.72,1139098.28,101.94,1401762.4,1.93,7.28
2023-06-23,51390.05,51773.79,50539.09,50919.32,0,2348.32,87944.86,34021.94,21.38,2.3,12.02,8.379,0.0004,876.84,-1052.34,1375,719,51,1.912,74.23,62.55,500,61.12,185.96,130.33,51.13,140.72,1099734.99,102.28,1411072.06,1.91,7.28
2023-06-26,50897.79,51093.83,50270.02,50464.38,0,1877.74,87320.68,33604.34,20.74,-0.64,-2.98,8.3825,0.0034,-2881.53,344.3,826,1211,43,0.682,73.77,69.92,500,61.12,185.96,130.33,51.13,140.72,1122492.44,102.2,1412206.23,1.93,7.28
2023-06-27,50496.24,50847.23,50148.61,50499.57,0,2306.81,86891.41,33474.33,20.14,-0.61,-2.92,8.3794,-0.003,-4513.56,-4462.07,1018,956,33,1.065,74.22,69.33,500,61.12,185.96,130.33,51.13,140.72,1146320.27,101.75,1403476.38,1.89,7.28
2023-06-28,50498.57,50681.73,49620.47,49801.1,0,3775.07,85349.36,32858.04,20.55,0.41,2.04,8.3808,0.0014,-1382.75,-1988.45,1361,595,88,2.287,72.52,57.62,500,61.12,185.96,130.33,51.13,140.72,1134965.23,101.98,1413655.49,1.87,7.28
2023-06-29,49818.25,50252.17,49258.21,49691.02,0,3174.01,84943.29,32811.45,22.58,2.03,9.9,8.3838,0.003,4534.6,-1761.96,890,1183,105,0.752,74.63,73.82,500,61.12,185.96,130.33,51.13,140.72,1066097.51,101.96,1423589.99,1.85,7.28
2023-06-30,49594.4,50067.14,47548.78,48006.39,0,5321.15,81931.24,31814.87,20.81,-1.77,-7.86,8.3808,-0.0029,4527.8,-460.8,1692,230,104,7.357,73.8,67.2,500,61.12,185.96,130.33,51.13,140.72,1071741.43,101.22,1433332.06,1.8,7.28
2023-07-03,47942.82,48011.3,47931.14,47999.6,0,1703.83,81934.85,31869.59,18.86,-1.95,-9.38,8.4025,0.0217,1708.12,-1314.55,1018,899,65,1.132,71.84,68.39,500,62.26,187.21,136.73,49.26,141.61,1091271.83,101.95,1444708.89,1.86,8.65
2023-07-04,47741.8,48282.79,47139.47,47679.76,0,3848.48,81439.87,31723.09,21.92,3.07,16.26,8.3813,-0.0212,-1182.46,1641.94,1001,916,84,1.093,72.55,57.98,500,62.26,187.21,136.73,49.26,141.61,1053682.67,101.76,1425908.3,1.87,8.65
2023-07-05,47646.41,47820.37,47188.88,47361.81,0,4819.51,81179.42,31764.5,17.41,-4.52,-20.61,8.3916,0.0103,-5235.45,4176.08,696,1366,92,0.51,73.42,66.65,500,62.26,187.21,136.73,49.26,141.61,1045818.91,101.89,1454399.47,1.88,8.65
2023-07-06,47357.14,47583.0,46114.42,46335.41,0,3495.11,79495.69,30865.28,19.68,2.28,13.08,8.3803,-0.0113,3456.78,1807.56,1392,607,22,2.293,75.14,70.64,500,62.26,187.21,136.73,49.26,141.61,1090416.42,101.67,1448895.14,1.89,8.65
2023-07-07,46218.55,47051.21,45787.05,46616.0,0,3218.44,80022.9,31142.03,15.68,-4.0,-20.34,8.3717,-0.0086,-6732.69,481.83,780,1141,26,0.684,76.08,65.69,500,62.26,187.21,136.73,49.26,141.61,1079959.42,101.1,1458002.87,1.87,8.65
2023-07-10,46822.91,47772.46,46737.43,47685.41,0,3284.67,81415.88,31995.49,17.51,1.83,11.68,8.3734,0.0017,1378.33,-1194.78,99,1922,58,0.052,75.37,71.75,500,62.26,187.21,136.73,49.26,141.61,1042274.05,100.9,1453822.81,1.87,8.65
2023-07-11,47862.39,48050.53,47362.71,47549.63,0,2366.93,81020.1,31943.48,22.46,4.95,28.28,8.3453,-0.0281,-1123.62,-906.18,904,1003,104,0.901,75.86,68.97,500,62.26,187.21,136.73,49.26,141.61,1053858.99,100.84,1463404.66,1.83,8.65
2023-07-12,47539.61,48144.95,47322.14,47925.71,0,2737.07,81442.46,32177.26,17.0,-5.46,-24.32,8.3414,-0.0038,1346.75,2708.04,573,1398,104,0.41,77.26,73.19,500,62.26,187.21,136.73,49.26,141.61,1036378.09,100.32,1441009.37,1.75,8.65
2023-07-13,47901.6,48205.51,47190.93,47492.24,0,3090.48,80632.53,31695.53,20.15,3.15,18.56,8.3379,-0.0035,747.3,1333.82,1012,1050,64,0.964,75.54,73.28,500,62.26,187.21,136.73,49.26,141.61,1036103.94,100.37,1447208.56,1.72,8.65
2023-07-14,47619.6,48295.2,47240.06,47913.31,0,2769.75,81417.44,32155.41,17.45,-2.71,-13.43,8.3225,-0.0154,4145.79,34.43,498,1416,43,0.352,77.71,76.7,500,62.26,187.21,136.73,49.26,141.61,1047119.59,100.72,1439807.18,1.75,8.65
2023-07-17,47885.2,48327.01,47850.06,48291.57,0,3202.12,82139.99,32423.09,18.32,0.87,5.0,8.3242,0.0017,-2719.5,2071.65,661,1240,53,0.533,77.51,72.57,500,62.26,187.21,136.73,49.26,141.61,1063973.88,100.7,1475366.53,1.77,8.65
2023-07-18,48124.16,48353.53,47669.78,47898.06,0,4663.0,82220.66,32309.76,21.68,3.36,18.36,8.3345,0.0103,2566.08,-1027.71,590,1489,87,0.396,76.77,66.9,500,62.26,187.21,136.73,49.26,141.61,1093272.19,100.65,1494387.01,1.76,8.65
2023-07-19,47836.61,48793.03,47548.42,48500.84,0,2826.33,83477.91,32616.95,16.42,-5.26,-24.26,8.3162,-0.0182,-1374.52,-1097.82,261,1679,73,0.155,75.85,71.17,500,62.26,187.21,136.73,49.26,141.61,1082630.55,100.27,1512501.7,1.79,8.65
2023-07-20,48654.93,50465.95,48439.35,50243.33,0,4100.76,86386.75,33746.65,15.41,-1.01,-6.17,8.3083,-0.008,-1016.82,3500.88,37,2032,37,0.018,74.83,65.93,500,62.26,187.21,136.73,49.26,141.61,1109059.83,99.54,1502603.53,1.85,8.65
2023-07-21,50090.68,50687.55,49683.53,50278.88,0,2628.96,86628.22,33750.49,13.36,-2.05,-13.31,8.3109,0.0027,1324.68,-2563.37,945,1139,121,0.83,74.66,66.69,500,62.26,187.21,136.73,49.26,141.61,1090522.21,99.83,1521054.34,1.83,8.65
2023-07-24,50317.93,50654.39,49622.76,49956.8,0,7102.47,85954.8,33624.98,15.79,2.43,18.19,8.3036,-0.0073,-2388.42,885.9,1008,934,113,1.079,76.15,74.97,500,62.26,187.21,136.73,49.26,141.61,1098411.99,98.93,1518915.03,1.79,8.65
2023-07-25,50085.42,50397.19,48524.43,48828.38,0,2710.14,84253.56,32986.6,16.82,1.04,6.56,8.2723,-0.0313,88.06,119.64,1252,737,65,1.699,77.61,70.51,500,62.26,187.21,136.73,49.26,141.61,1085500.26,98.11,1499536.34,1.81,8.65
2023-07-26,48716.77,49287.13,48618.3,49187.71,0,3976.09,84937.34,33355.79,13.57,-3.25,-19.31,8.275,0.0027,-326.72,-616.73,632,1316,94,0.48,77.87,66.36,500,62.26,187.21,136.73,49.26,141.61,1067666.48,97.69,1489493.77,1.8,8.65
2023-07-27,49113.88,49304.7,48814.54,49004.94,0,2379.6,84546.0,33044.91,19.54,5.96,43.94,8.2539,-0.0211,-4760.3,3613.37,1021,928,74,1.1,78.82,72.34,500,62.26,187.21,136.73,49.26,141.61,1052847.94,98.2,1511340.06,1.84,8.65
2023-07-28,49092.6,49896.48,48616.45,49417.18,0,2691.71,85273.82,33284.74,19.72,0.18,0.94,8.2458,-0.0081,5500.43,-1260.71,802,1129,105,0.71,78.99,76.28,500,62.26,187.21,136.73,49.26,141.61,1031276.66,99.03,1495657.24,1.86,8.65
2023-07-31,49448.79,49938.04,49186.94,49674.99,0,4845.5,85647.58,33509.17,16.69,-3.04,-15.4,8.2426,-0.0032,-4954.12,-3041.02,536,1497,84,0.358,78.6,68.19,500,62.26,187.21,136.73,49.26,141.61,1035890.09,99.09,1470462.18,1.85,8.65
2023-08-01,49677.16,49919.22,49432.84,49674.89,0,2926.34,86079.76,33657.09,17.68,0.99,5.94,8.2279,-0.0147,-1153.27,2879.29,911,1101,125,0.827,77.65,73.0,500,62.21,187.78,136.31,49.85,141.75,1060799.86,99.11,1457891.82,1.79,8.65
2023-08-02,49599.89,49872.71,49447.18,49719.63,0,1656.05,86452.1,33930.16,18.88,1.2,6.8,8.2493,0.0215,-1551.36,152.51,524,1493,32,0.351,78.98,68.32,500,62.21,187.78,136.31,49.85,141.75,1054527.7,99.04,1453063.38,1.82,8.65
2023-08-03,49820.25,51187.3,49404.13,50763.3,0,6065.41,88075.92,34666.83,16.03,-2.85,-15.08,8.2519,0.0026,-398.01,-1222.05,498,1577,127,0.316,76.73,70.85,500,62.21,187.78,136.31,49.85,141.75,1053543.1,98.55,1451176.12,1.81,8.65
2023-08-04,51020.15,51304.35,49801.02,50079.98,0,2840.92,87203.74,34361.03,15.61,-0.42,-2.63,8.2277,-0.0243,-1491.24,678.28,1021,935,129,1.092,76.51,76.68,500,62.21,187.78,136.31,49.85,141.75,1031390.47,98.82,1419575.0,1.79,8.65
2023-08-07,49950.6,50549.74,49782.25,50379.93,0,2630.03,87744.74,34364.68,15.93,0.32,2.04,8.2273,-0.0004,6003.3,675.47,565,1445,50,0.391,76.63,68.47,500,62.21,187.78,136.31,49.85,141.75,1031550.91,98.86,1423041.96,1.74,8.65
2023-08-08,50321.79,50845.06,50045.06,50566.99,0,2753.66,88512.88,34469.55,15.58,-0.35,-2.21,8.2056,-0.0216,727.85,2865.2,788,1223,119,0.644,76.01,73.5,500,62.21,187.78,136.31,49.85,141.75,1055444.12,98.45,1411979.31,1.67,8.65
2023-08-09,50447.66,50633.27,49387.4,49569.78,0,4999.05,87260.23,33822.76,20.66,5.08,32.64,8.2046,-0.001,4151.15,242.01,1279,683,76,1.873,73.92,69.58,500,62.21,187.78,136.31,49.85,141.75,1026988.92,98.88,1381218.92,1.64,8.65
2023-08-10,49655.22,50065.9,49220.95,49631.44,0,3699.07,87267.52,33949.63,19.42,-1.25,-6.03,8.1986,-0.006,449.6,-1594.02,705,1385,55,0.509,73.52,64.88,500,62.21,187.78,136.31,49.85,141.75,1022013.61,98.6,1408842.73,1.66,8.65
2023-08-11,49552.99,50957.84,49331.91,50731.49,0,2533.39,89188.79,34510.32,19.07,-0.35,-1.8,8.2092,0.0106,-1511.91,1824.83,560,1494,46,0.375,73.35,64.81,500,62.21,187.78,136.31,49.85,141.75,1054058.29,97.9,1440353.67,1.68,8.65
2023-08-14,50526.56,50819.53,50418.4,50710.98,0,2531.01,89418.77,34663.81,18.44,-0.63,-3.29,8.2054,-0.0038,-6976.54,-1598.42,850,1149,122,0.74,73.86,74.8,500,62.21,187.78,136.31,49.85,141.75,1040794.86,97.92,1440476.39,1.67,8.65
2023-08-15,50691.59,50767.75,50164.01,50239.5,0,4196.59,89156.16,34286.42,18.22,-0.22,-1.22,8.2133,0.008,2764.53,-130.86,1235,674,102,1.832,72.57,70.8,500,62.21,187.78,136.31,49.85,141.75,1056321.54,97.72,1446750.73,1.65,8.65
2023-08-16,50240.67,50675.86,49852.47,50287.3,0,2972.41,88991.65,34319.31,19.77,1.56,8.55,8.2164,0.0031,4043.22,-1153.83,1030,1051,42,0.98,74.67,71.02,500,62.21,187.78,136.31,49.85,141.75,1033365.07,98.39,1432982.42,1.67,8.65
2023-08-17,50155.23,51464.91,49922.67,51227.38,0,956.07,90723.48,34750.3,16.38,-3.39,-17.15,8.2398,0.0234,-39.85,918.17,580,1440,73,0.403,74.66,63.88,500,62.21,187.78,136.31,49.85,141.75,1021666.76,98.87,1438165.49,1.63,8.65
2023-08-18,51519.82,51729.19,50562.37,50768.68,0,2681.87,89593.58,34450.3,18.53,2.15,13.11,8.2313,-0.0085,2541.4,1652.35,1221,721,92,1.693,73.14,66.98,500,62.21,187.78,136.31,49.85,141.75,1022072.34,98.98,1428679.19,1.65,8.65
2023-08-21,50779.04,51065.9,49938.67,50222.38,0,4975.83,88860.46,34088.88,21.73,3.2,17.27,8.2112,-0.0202,4767.72,-599.66,941,966,126,0.974,73.06,72.01,500,62.21,187.78,136.31,49.85,141.75,1048639.91,99.23,1442417.76,1.62,8.65
2023-08-22,50316.31,50632.27,49124.54,49434.96,0,2936.62,87522.2,33524.9,18.06,-3.67,-16.9,8.223,0.0118,-2619.68,-2309.1,1373,598,67,2.296,73.75,68.33,500,62.21,187.78,136.31,49.85,141.75,1027976.23,99.44,1450847.1,1.59,8.65
2023-08-23,49376.01,49924.26,49351.73,49899.73,0,2351.9,88289.86,33878.19,16.56,-1.5,-8.29,8.2038,-0.0192,3889.65,-3175.57,812,1275,56,0.637,72.6,63.02,500,62.21,187.78,136.31,49.85,141.75,1060934.98,99.14,1461227.1,1.56,8.65
2023-08-24,49937.53,50620.03,49824.71,50505.93,0,1986.94,88842.67,34263.23,18.74,2.18,13.17,8.1842,-0.0195,581.06,8650.35,971,1079,64,0.9,73.29,61.54,500,62.21,187.78,136.31,49.85,141.75,1058204.55,99.38,1433600.95,1.54,8.65
2023-08-25,50501.88,50830.05,49853.24,50179.3,0,4742.41,88179.83,33724.5,19.51,0.76,4.08,8.1829,-0.0014,-12619.15,3166.39,1311,759,85,1.727,70.71,73.07,500,62.21,187.78,136.31,49.85,141.75,1037609.19,99.14,1436099.22,1.56,8.65
2023-08-28,50334.41,50724.84,49587.14,49974.77,0,5183.34,87167.25,33476.65,20.62,1.12,5.72,8.1793,-0.0035,-1759.3,-782.61,1129,851,69,1.327,70.42,68.93,500,62.21,187.78,136.31,49.85,141.75,1007993.92,99.06,1433358.31,1.47,8.65
2023-08-29,50009.59,50409.48,49289.23,49686.54,0,2561.1,87158.97,33427.52,21.14,0.52,2.5,8.1732,-0.0061,-2084.15,-1110.94,826,1251,56,0.66,70.14,60.07,500,62.21,187.78,136.31,49.85,141.75,996084.21,99.08,1455087.58,1.41,8.65
2023-08-30,49799.54,50015.1,49372.8,49587.43,0,3577.59,87646.76,33489.42,17.95,-3.19,-15.08,8.1714,-0.0018,197.71,-4.99,994,1089,60,0.913,70.14,61.11,500,62.21,187.78,136.31,49.85,141.75,1017030.76,98.78,1424101.14,1.47,8.65
2023-08-31,49545.03,49742.36,49081.64,49277.91,0,1349.73,86678.82,33028.42,17.14,-0.81,-4.51,8.1675,-0.0039,3230.51,799.46,1291,639,65,2.02,69.5,62.11,500,62.21,187.78,136.31,49.85,141.75,1013171.34,99.18,1413154.25,1.5,8.65
2023-09-01,49213.33,49512.11,48749.92,49047.69,0,1515.54,86367.91,33050.62,19.71,2.57,14.99,8.187,0.0195,-3399.0,1342.38,816,1231,104,0.663,69.2,62.37,500,62.48,188.44,131.63,46.57,142.12,1054458.16,98.62,1424758.29,1.5,8.65
2023-09-04,49111.75,49843.1,48845.76,49574.6,0,3809.94,86861.72,33387.15,17.08,-2.63,-13.32,8.1925,0.0055,-1128.34,-317.55,591,1364,90,0.433,68.38,65.88,500,62.48,188.44,131.63,46.57,142.12,1068895.94,99.25,1423294.06,1.55,8.65
2023-09-05,49638.69,49826.56,49042.47,49228.79,0,3506.88,86041.83,32915.84,17.43,0.35,2.02,8.1753,-0.0172,-690.31,-1433.48,1228,869,39,1.413,67.29,62.04,500,62.48,188.44,131.63,46.57,142.12,1067706.45,98.89,1442404.59,1.62,8.65
2023-09-06,49182.39,49432.45,48573.85,48822.09,0,2769.21,85380.13,32456.65,18.65,1.22,6.99,8.1745,-0.0008,5271.71,3139.94,1276,751,50,1.699,66.86,59.48,500,62.48,188.44,131.63,46.57,142.12,1070380.33,99.02,1455337.05,1.56,8.65
2023-09-07,48798.98,49502.89,48291.76,48993.66,0,1657.04,85874.51,32505.11,13.85,-4.8,-25.73,8.1795,0.005,-317.68,1929.4,830,1099,48,0.755,67.24,54.27,500,62.48,188.44,131.63,46.57,142.12,1049016.47,98.69,1447631.85,1.62,8.65
2023-09-08,49150.86,49488.19,48842.73,49179.88,0,1577.66,86178.85,32725.84,17.9,4.05,29.21,8.1553,-0.0243,-248.22,1761.34,814,1117,102,0.729,69.22,66.72,500,62.48,188.44,131.63,46.57,142.12,1036870.96,98.86,1463952.75,1.66,8.65
2023-09-11,49242.08,50078.35,49075.04,49909.05,0,1912.85,86968.16,33297.8,12.15,-5.75,-32.13,8.1553,0.0,-1798.39,-1002.17,505,1442,51,0.35,69.77,57.79,500,62.48,188.44,131.63,46.57,142.12,1008422.38,99.01,1479353.27,1.71,8.65
2023-09-12,49926.59,50269.03,49824.61,50166.55,0,2414.75,87347.02,33451.24,18.12,5.97,49.18,8.1634,0.0081,-1374.57,2026.17,852,1107,61,0.77,68.27,59.56,500,62.48,188.44,131.63,46.57,142.12,1029621.39,99.5,1470484.84,1.72,8.65
2023-09-13,50199.26,50894.04,49967.55,50660.21,0,3877.67,87664.87,33605.82,16.94,-1.18,-6.5,8.1491,-0.0143,-3338.94,-368.74,741,1345,23,0.551,70.35,61.35,500,62.48,188.44,131.63,46.57,142.12,1020666.41,99.21,1456196.32,1.67,8.65
2023-09-14,50630.75,51105.39,50259.3,50733.18,0,4371.96,87674.97,33811.36,15.05,-1.89,-11.14,8.1624,0.0133,9255.41,8462.91,754,1200,110,0.628,68.55,66.78,500,62.48,188.44,131.63,46.57,142.12,1016278.46,99.49,1448792.63,1.6,8.65
2023-09-15,50706.08,51010.63,50455.48,50759.76,0,1660.72,87343.13,33666.72,18.78,3.73,24.77,8.168,0.0055,-2738.56,-88.46,742,1236,110,0.6,66.92,57.54,500,62.48,188.44,131.63,46.57,142.12,1052412.98,99.59,1440333.82,1.59,8.65
2023-09-18,50651.47,51034.89,49276.74,49652.6,0,1978.57,85805.01,33304.27,19.57,0.79,4.18,8.1603,-0.0076,-1867.02,-2291.79,1186,793,29,1.496,66.0,55.32,500,62.48,188.44,131.63,46.57,142.12,1052311.04,99.65,1458965.97,1.55,8.65
2023-09-19,49643.9,50427.79,49302.18,50083.05,0,2047.88,87141.03,33587.91,16.92,-2.65,-13.55,8.1433,-0.017,-6603.98,1093.92,431,1634,74,0.264,66.59,60.57,500,62.48,188.44,131.63,46.57,142.12,1054617.96,99.57,1491847.74,1.53,8.65
2023-09-20,49884.52,51106.71,49351.93,50566.84,0,2438.02,88139.89,34041.65,15.46,-1.46,-8.61,8.1367,-0.0066,-10382.63,-346.21,460,1468,46,0.313,66.07,68.59,500,62.48,188.44,131.63,46.57,142.12,1066146.84,100.3,1515590.51,1.53,8.65
2023-09-21,50562.8,50870.88,50324.09,50631.85,0,2635.32,88998.09,34328.11,15.2,-0.26,-1.65,8.1227,-0.014,-5284.6,-1688.66,843,1093,35,0.771,67.12,61.71,500,62.48,188.44,131.63,46.57,142.12,1093729.24,100.43,1504358.3,1.5,8.65
2023-09-22,50702.14,52256.94,50244.76,51789.74,0,4947.77,91343.88,35133.94,15.74,0.53,3.52,8.1213,-0.0015,-2641.5,366.39,300,1618,95,0.185,69.22,68.29,500,62.48,188.44,131.63,46.57,142.12,1094432.87,100.32,1505811.32,1.54,8.65
2023-09-25,51832.75,52260.35,50415.27,50834.63,0,2485.39,89689.47,34707.58,25.96,10.22,64.95,8.1187,-0.0026,2873.82,1152.43,1354,563,65,2.405,67.11,61.5,500,62.48,188.44,131.63,46.57,142.12,1072224.41,100.19,1494818.64,1.5,8.65
2023-09-26,50967.55,51585.5,50415.0,51032.25,0,2272.65,89833.95,34724.6,18.85,-7.11,-27.4,8.1301,0.0114,4671.68,-232.68,699,1315,82,0.532,66.03,60.26,500,62.48,188.44,131.63,46.57,142.12,1073893.33,100.37,1504386.52,1.52,8.65
2023-09-27,50995.49,51058.79,49835.89,49897.83,0,1104.81,87818.36,33769.83,21.83,2.98,15.8,8.1377,0.0076,-1016.12,493.5,1502,554,47,2.711,65.19,61.89,500,62.48,188.44,131.63,46.57,142.12,1082661.81,100.55,1514942.78,1.55,8.65
2023-09-28,49959.62,50527.31,49398.85,49966.46,0,1650.95,87684.34,33890.2,21.5,-0.32,-1.48,8.1473,0.0096,710.39,-2263.27,817,1108,74,0.737,65.32,56.93,500,62.48,188.44,131.63,46.57,142.12,1057564.33,100.7,1527260.01,1.58,8.65
2023-09-29,49959.15,50352.34,49067.48,49456.71,0,3850.8,86714.08,33293.79,18.96,-2.55,-11.84,8.1339,-0.0134,1432.93,63.75,836,1258,54,0.665,64.9,58.75,500,62.48,188.44,131.63,46.57,142.12,1078847.82,100.28,1533488.29,1.57,8.65
2023-10-02,49498.01,49877.27,48568.47,48943.47,0,3094.35,85951.04,32910.87,21.19,2.23,11.78,8.1336,-0.0003,962.79,1482.78,1184,716,74,1.654,65.69,62.67,500,61.4,189.33,136.08,49.48,141.99,1050516.35,100.38,1517768.64,1.57,8.87
2023-10-03,48932.28,49240.07,48919.32,49227.03,0,2956.56,86329.63,33318.8,18.88,-2.31,-10.88,8.1376,0.004,172.7,407.02,674,1325,90,0.509,66.59,58.51,500,61.4,189.33,136.08,49.48,141.99,1008178.23,99.89,1484801.5,1.59,8.87
2023-10-04,49445.62,50373.51,49025.0,49948.61,0,3551.14,86997.73,33787.61,17.45,-1.44,-7.6,8.1453,0.0077,-3476.05,-2198.8,847,1242,95,0.682,66.02,59.5,500,61.4,189.33,136.08,49.48,141.99,994890.99,99.07,1513747.51,1.58,8.87
2023-10-05,49893.86,50838.03,49693.05,50634.25,0,1825.69,88385.01,34355.45,20.93,3.48,19.93,8.1386,-0.0068,4872.17,567.12,398,1561,62,0.255,64.55,55.55,500,61.4,189.33,136.08,49.48,141.99,977001.29,99.38,1509532.27,1.55,8.87
2023-10-06,50468.24,50750.9,50219.98,50502.47,0,2223.8,88344.05,34229.84,16.83,-4.1,-19.59,8.1298,-0.0087,-652.48,-1669.87,916,1063,34,0.862,61.45,53.9,500,61.4,189.33,136.08,49.48,141.99,936905.0,100.06,1501504.13,1.57,8.87
2023-10-09,50407.06,51817.5,50183.3,51588.48,0,4178.14,90752.12,34775.84,13.44,-3.39,-20.15,8.1327,0.0028,-1708.18,-2276.1,211,1690,109,0.125,62.14,51.89,500,61.4,189.33,136.08,49.48,141.99,910405.17,100.5,1522413.87,1.59,8.87
2023-10-10,51456.82,52711.54,51087.69,52336.11,0,4009.8,92121.52,35057.7,17.55,4.11,30.61,8.1157,-0.017,650.93,515.73,389,1654,30,0.235,63.97,57.05,500,61.4,189.33,136.08,49.48,141.99,908216.13,100.32,1494547.2,1.68,8.87
2023-10-11,52243.31,52662.89,51864.76,52284.04,0,1534.39,91392.64,34811.47,19.19,1.65,9.38,8.0984,-0.0173,-1287.73,356.21,702,1347,76,0.521,64.01,55.45,500,61.4,189.33,136.08,49.48,141.99,866949.36,100.04,1528878.3,1.66,8.87
2023-10-12,52167.01,52640.07,51744.48,52217.13,0,3727.89,90888.29,34736.12,20.09,0.9,4.66,8.1109,0.0125,-3133.12,2568.97,1168,807,37,1.447,62.78,50.29,500,61.4,189.33,136.08,49.48,141.99,846869.62,100.91,1541129.76,1.61,8.87
2023-10-13,52278.07,53822.76,52088.09,53627.86,0,2666.85,93653.2,35921.78,12.33,-7.76,-38.63,8.0835,-0.0274,-1909.06,820.56,151,1766,23,0.086,64.57,58.72,500,61.4,189.33,136.08,49.48,141.99,848851.49,100.99,1560866.75,1.59,8.87
2023-10-16,53776.2,54025.14,52991.44,53237.89,0,4153.27,92881.03,35783.73,19.21,6.88,55.79,8.1062,0.0227,3965.57,1147.4,819,1247,56,0.657,65.76,66.89,500,61.4,189.33,136.08,49.48,141.99,869436.04,101.44,1551020.98,1.52,8.87
2023-10-17,53283.97,53529.01,52727.81,52971.41,0,2023.38,92563.7,35645.85,22.31,3.11,16.18,8.1156,0.0094,208.81,2119.36,1110,989,120,1.122,65.01,58.95,500,61.4,189.33,136.08,49.48,141.99,855251.3,101.08,1543028.78,1.48,8.87
2023-10-18,52702.37,54230.78,52333.99,53854.34,0,3198.88,93719.12,35938.55,17.75,-4.57,-20.46,8.1106,-0.005,-1446.67,-1426.35,690,1238,66,0.557,64.07,55.27,500,61.4,189.33,136.08,49.48,141.99,868870.05,101.65,1528597.95,1.43,8.87
2023-10-19,53930.64,54156.17,52340.46,52560.27,0,1256.01,91743.05,35216.26,19.99,2.24,12.65,8.1143,0.0037,7256.25,-1665.38,1492,546,100,2.733,64.12,60.0,500,61.4,189.33,136.08,49.48,141.99,871184.5,101.65,1516634.18,1.42,8.87
2023-10-20,52407.59,52856.94,52356.88,52805.85,0,3220.7,92257.84,35236.16,21.83,1.84,9.21,8.1384,0.0241,2133.17,-505.28,726,1349,114,0.538,63.6,52.84,500,61.4,189.33,136.08,49.48,141.99,881291.82,101.28,1502831.41,1.42,8.87
2023-10-23,53000.32,53619.24,52295.9,52913.81,0,2944.99,91976.08,35194.96,18.51,-3.32,-15.21,8.1613,0.0229,-4363.65,-1087.55,598,1327,106,0.451,64.67,58.9,500,61.4,189.33,136.08,49.48,141.99,889766.12,101.2,1496483.5,1.42,8.87
2023-10-24,52962.18,53431.5,51709.47,52171.79,0,2700.05,90649.1,34604.93,16.09,-2.43,-13.11,8.152,-0.0094,249.27,-598.53,1467,607,113,2.417,63.17,51.0,500,61.4,189.33,136.08,49.48,141.99,895356.97,101.04,1493795.66,1.35,8.87
2023-10-25,52240.89,52545.13,52032.24,52336.11,0,2729.58,91166.01,34799.31,14.33,-1.76,-10.93,8.1535,0.0015,496.67,561.03,818,1167,53,0.701,62.74,54.8,500,61.4,189.33,136.08,49.48,141.99,894369.86,100.73,1523715.92,1.39,8.87
2023-10-26,52259.41,52535.66,51584.41,51858.54,0,4077.36,90488.57,34607.63,19.71,5.38,37.57,8.1687,0.0152,3366.34,-2700.55,1127,960,42,1.174,62.55,54.85,500,61.4,189.33,136.08,49.48,141.99,875618.85,100.44,1523201.34,1.4,8.87
2023-10-27,51805.93,52055.58,51714.53,51963.9,0,2941.49,90381.13,34745.05,17.29,-2.42,-12.29,8.1708,0.0021,2502.19,3084.37,595,1360,45,0.438,60.92,48.79,500,61.4,189.33,136.08,49.48,141.99,862137.75,100.26,1546991.69,1.33,8.87
2023-10-30,51955.38,53329.77,51878.33,53250.79,0,4433.14,92507.02,35569.17,18.79,1.5,8.68,8.1667,-0.0041,-1852.61,-1700.82,50,2043,110,0.024,61.54,55.31,500,61.4,189.33,136.08,49.48,141.99,881624.53,100.07,1554652.38,1.33,8.87
2023-10-31,53177.77,53249.36,51876.38,51946.32,0,3741.96,90385.05,34584.63,16.06,-2.73,-14.54,8.1511,-0.0156,1329.11,6272.68,1729,335,43,5.161,60.47,56.05,500,61.4,189.33,136.08,49.48,141.99,888195.91,100.06,1536988.17,1.31,8.87
2023-11-01,51974.32,52183.92,50998.57,51205.07,0,5118.49,89744.61,34478.96,17.6,1.55,9.62,8.1755,0.0244,1979.13,-2752.35,1230,727,90,1.692,58.9,48.78,500,63.75,190.16,133.56,47.37,142.3,874923.09,100.38,1562104.48,1.33,8.87
2023-11-02,51238.33,52104.07,50718.79,51581.05,0,1298.87,90472.96,34706.18,15.86,-1.74,-9.87,8.1779,0.0024,-3418.16,-770.39,573,1381,124,0.415,57.54,52.71,500,63.75,190.16,133.56,47.37,142.3,883728.01,100.38,1561739.27,1.36,8.87
2023-11-03,51647.77,51816.05,51212.77,51380.18,0,1721.22,90417.83,34604.65,16.64,0.77,4.87,8.1805,0.0026,15865.75,-198.66,834,1142,49,0.73,57.81,49.45,500,63.75,190.16,133.56,47.37,142.3,920681.98,99.83,1545327.69,1.34,8.87
2023-11-06,51353.01,51783.13,51149.12,51578.34,0,6553.81,90707.71,34611.48,18.29,1.65,9.94,8.2004,0.02,5476.39,132.77,768,1199,29,0.641,58.81,46.52,500,63.75,190.16,133.56,47.37,142.3,922905.96,100.08,1549070.05,1.28,8.87
2023-11-07,51640.66,52102.27,49880.36,50330.26,0,4961.23,88774.35,33703.87,18.01,-0.28,-1.52,8.1947,-0.0057,1786.01,4154.15,1495,542,33,2.758,57.66,46.93,500,63.75,190.16,133.56,47.37,142.3,917516.36,99.4,1526253.85,1.29,8.87
2023-11-08,50351.29,51557.44,50024.13,51224.6,0,3473.85,90835.02,34226.53,15.9,-2.12,-11.74,8.201,0.0062,-2700.96,-1299.63,365,1675,37,0.218,59.99,56.06,500,63.75,190.16,133.56,47.37,142.3,946618.05,100.08,1510059.11,1.24,8.87
2023-11-09,51189.61,51683.07,50394.66,50885.18,0,3058.67,90414.29,34016.34,21.86,5.96,37.48,8.1901,-0.0109,-997.33,2841.81,908,1075,43,0.845,59.74,51.88,500,63.75,190.16,133.56,47.37,142.3,956806.2,100.02,1538380.47,1.27,8.87
2023-11-10,50850.51,51252.97,49563.86,49959.26,0,2457.41,89337.48,33349.2,17.97,-3.89,-17.79,8.2051,0.015,543.91,3174.32,1044,913,41,1.143,61.27,56.88,500,63.75,190.16,133.56,47.37,142.3,977679.69,100.45,1522642.01,1.27,8.87
2023-11-13,49998.9,50620.23,49546.38,50166.2,0,3353.2,89583.37,33490.31,16.78,-1.19,-6.64,8.2184,0.0134,3484.18,-718.49,917,1171,80,0.783,63.35,54.06,500,63.75,190.16,133.56,47.37,142.3,961206.86,100.27,1557876.91,1.33,8.87
2023-11-14,50220.89,51416.34,49739.0,50927.67,0,2981.09,91243.35,34079.58,15.89,-0.88,-5.27,8.2277,0.0092,-4475.13,5448.43,198,1836,103,0.108,64.18,46.37,500,63.75,190.16,133.56,47.37,142.3,970286.56,99.95,1516951.49,1.27,8.87
2023-11-15,50702.21,51702.46,50447.67,51444.19,0,4204.02,91397.24,34195.09,12.41,-3.49,-21.94,8.2111,-0.0166,-5295.07,753.17,542,1452,125,0.373,62.91,50.58,500,63.75,190.16,133.56,47.37,142.3,938245.36,99.77,1537067.03,1.16,8.87
2023-11-16,51607.15,52660.37,51164.32,52212.35,0,2638.84,92959.38,34814.83,13.79,1.38,11.14,8.1992,-0.0118,10942.31,1219.05,656,1375,109,0.477,61.12,65.22,500,63.75,190.16,133.56,47.37,142.3,989370.13,100.27,1536371.79,1.24,8.87
2023-11-17,52131.08,52748.81,51973.28,52589.61,0,1022.61,94102.2,34933.85,18.38,4.6,33.34,8.1811,-0.0182,-331.1,1882.08,622,1301,34,0.478,62.05,60.27,500,63.75,190.16,133.56,47.37,142.3,987621.15,100.14,1532061.31,1.25,8.87
2023-11-20,52513.28,52803.92,51880.46,52169.19,0,3188.27,94329.47,34878.47,18.27,-0.11,-0.6,8.1699,-0.0111,-3268.36,-2014.66,831,1149,92,0.723,62.92,62.26,500,63.75,190.16,133.56,47.37,142.3,967689.81,100.2,1542514.67,1.23,8.87
2023-11-21,52083.46,52495.23,51332.4,51741.47,0,2126.92,93655.65,34654.83,21.7,3.43,18.77,8.1783,0.0084,-1769.87,835.61,1013,905,50,1.119,62.98,50.66,500,63.75,190.16,133.56,47.37,142.3,954626.36,100.21,1543779.63,1.25,8.87
2023-11-22,51693.11,51951.86,51326.53,51584.74,0,1774.68,92835.46,34624.1,16.54,-5.16,-23.79,8.1845,0.0062,3547.59,-1120.9,699,1362,93,0.513,61.72,54.22,500,63.75,190.16,133.56,47.37,142.3,966973.77,99.94,1560166.57,1.21,8.87
2023-11-23,51745.71,52435.34,51440.71,52128.08,0,1302.4,93250.06,34603.51,18.06,1.52,9.18,8.1744,-0.0101,563.17,-56.72,718,1274,76,0.564,61.05,57.41,500,63.75,190.16,133.56,47.37,142.3,944322.86,99.69,1575638.14,1.16,8.87
2023-11-24,52102.85,52303.24,51851.52,52051.71,0,4269.51,93442.27,34284.76,16.09,-1.97,-10.92,8.1755,0.0011,-632.17,-2082.7,1131,915,82,1.236,61.9,55.96,500,63.75,190.16,133.56,47.37,142.3,937053.66,99.71,1579257.08,1.12,8.87
2023-11-27,51905.81,52747.66,51464.92,52303.39,0,2923.81,93992.69,34476.79,18.86,2.77,17.22,8.1715,-0.0041,806.52,-1453.67,715,1359,129,0.526,61.02,60.08,500,63.75,190.16,133.56,47.37,142.3,948604.9,99.91,1582133.43,1.18,8.87
2023-11-28,52240.65,52544.1,51892.47,52195.66,0,4124.53,93977.08,34428.61,16.02,-2.83,-15.03,8.1797,0.0083,5021.95,1789.9,761,1195,121,0.637,61.51,55.17,500,63.75,190.16,133.56,47.37,142.3,938738.7,99.63,1580293.95,1.13,8.87
2023-11-29,52264.9,52891.62,52046.6,52671.62,0,2887.06,94889.75,34835.42,17.93,1.91,11.9,8.1828,0.003,1915.82,1397.85,587,1512,33,0.388,60.44,51.94,500,63.75,190.16,133.56,47.37,142.3,931551.61,99.7,1577737.48,1.12,8.87
2023-11-30,52765.69,53560.19,52438.87,53230.5,0,1747.31,95842.67,35136.53,18.7,0.77,4.28,8.1841,0.0013,1196.26,-4067.93,728,1277,73,0.57,61.83,54.32,500,63.75,190.16,133.56,47.37,142.3,926680.99,99.86,1563978.4,1.1,8.87
2023-12-01,53113.94,53315.12,52345.75,52544.78,0,1744.89,94772.05,34767.05,20.71,2.01,10.73,8.1689,-0.0152,5985.8,-653.98,1315,683,63,1.925,61.41,60.86,500,62.18,191.27,129.88,50.14,142.76,984623.55,99.96,1538070.42,1.13,8.87
2023-12-04,52527.15,53070.56,52081.37,52623.96,0,2091.22,94950.24,34893.47,16.64,-4.06,-19.62,8.1819,0.013,-359.51,2217.76,781,1153,38,0.677,60.91,48.95,500,62.18,191.27,129.88,50.14,142.76,966424.42,99.65,1552471.71,1.14,8.87
2023-12-05,52609.12,52851.37,51560.45,51798.97,0,4481.23,93680.22,34399.86,18.0,1.36,8.17,8.1901,0.0082,2051.23,-612.71,1377,563,53,2.446,61.38,59.78,500,62.18,191.27,129.88,50.14,142.76,927092.21,99.74,1550744.68,1.14,8.87
2023-12-06,51801.88,52208.63,51108.67,51513.15,0,2609.0,92881.11,34252.5,18.01,0.01,0.05,8.183,-0.0071,-298.77,-1639.38,1261,838,77,1.505,58.79,48.18,500,62.18,191.27,129.88,50.14,142.76,983780.75,99.89,1519178.79,1.18,8.87
2023-12-07,51502.49,52597.79,51097.3,52187.22,0,3117.26,94050.82,34580.85,18.75,0.73,4.08,8.1516,-0.0314,-1833.22,1821.46,500,1560,58,0.321,57.01,55.02,500,62.18,191.27,129.88,50.14,142.76,981587.64,100.16,1537512.1,1.16,8.87
2023-12-08,52270.08,53499.38,51935.59,53159.2,0,2907.15,96368.95,35127.02,19.08,0.33,1.75,8.1485,-0.003,-2137.27,-753.52,372,1664,46,0.224,57.17,51.5,500,62.18,191.27,129.88,50.14,142.76,992383.05,99.77,1516819.34,1.18,8.87
2023-12-11,53035.19,53412.25,51719.72,52090.06,0,5881.26,94186.42,34300.82,20.03,0.95,5.0,8.1538,0.0052,-1780.44,-4943.09,1418,593,87,2.391,55.87,46.19,500,62.18,191.27,129.88,50.14,142.76,978887.2,99.22,1510817.16,1.21,8.87
2023-12-12,51880.39,52500.7,51420.96,52039.87,0,1478.62,94509.87,34499.84,17.92,-2.11,-10.55,8.1565,0.0028,3207.74,1111.39,824,1196,73,0.689,56.73,40.22,500,62.18,191.27,129.88,50.14,142.76,965829.08,99.77,1503247.16,1.17,8.87
2023-12-13,52036.64,52556.49,50036.56,50541.48,0,2740.81,91881.32,33527.94,25.12,7.21,40.23,8.1508,-0.0057,1375.4,-405.45,1606,409,72,3.927,55.41,45.1,500,62.18,191.27,129.88,50.14,142.76,987866.75,100.07,1513566.9,1.23,8.87
2023-12-14,50592.65,50929.88,49041.69,49370.78,0,2976.57,89729.88,32963.56,18.77,-6.35,-25.28,8.1441,-0.0067,1465.03,-4268.16,1430,667,58,2.144,53.64,47.37,500,62.18,191.27,129.88,50.14,142.76,942178.97,100.15,1518336.52,1.24,8.87
2023-12-15,49358.92,49797.96,48954.98,49393.74,0,2268.55,89299.53,32961.61,16.7,-2.07,-11.03,8.1361,-0.0081,4124.67,-1592.02,943,1073,121,0.879,54.37,47.81,500,62.18,191.27,129.88,50.14,142.76,917118.44,100.67,1524335.76,1.22,8.87
2023-12-18,49360.23,49565.65,48561.77,48764.71,0,2833.91,87764.36,32377.52,22.3,5.6,33.54,8.1321,-0.004,2754.85,-836.69,1424,565,117,2.52,53.49,44.43,500,62.18,191.27,129.88,50.14,142.76,943322.08,100.56,1525590.36,1.15,8.87
2023-12-19,48627.91,48995.76,47377.33,47738.45,0,1513.19,85776.1,31691.11,18.12,-4.18,-18.76,8.1408,0.0087,-363.01,362.28,1524,423,78,3.603,53.23,39.96,500,62.18,191.27,129.88,50.14,142.76,980916.18,100.47,1496680.81,1.14,8.87
2023-12-20,47845.99,48163.73,47726.33,48043.57,0,2647.57,86008.6,31875.18,14.66,-3.46,-19.08,8.1422,0.0014,-2480.71,-2333.07,694,1233,39,0.563,55.13,50.06,500,62.18,191.27,129.88,50.14,142.76,1006101.45,100.55,1512533.25,1.14,8.87
2023-12-21,48038.41,48413.74,47562.2,47936.74,0,4190.51,85900.35,31982.38,18.06,3.4,23.2,8.1237,-0.0185,2431.93,1220.07,817,1128,71,0.724,56.71,55.81,500,62.18,191.27,129.88,50.14,142.76,1021870.7,100.72,1514308.63,1.17,8.87
2023-12-22,47737.31,47936.55,47143.55,47341.15,0,6438.19,84851.0,31466.95,22.29,4.23,23.41,8.1221,-0.0016,-396.17,1407.52,1207,854,54,1.413,55.55,49.77,500,62.18,191.27,129.88,50.14,142.76,1025034.76,100.86,1525301.66,1.17,8.87
2023-12-25,47308.09,47792.57,46681.23,47164.23,0,2652.74,84183.78,31236.7,15.84,-6.45,-28.94,8.1459,0.0238,461.56,3689.63,865,1178,115,0.734,55.96,47.83,500,62.18,191.27,129.88,50.14,142.76,1024510.89,101.23,1519436.63,1.13,8.87
2023-12-26,46900.69,47798.05,46764.41,47659.56,0,2938.04,85319.88,31674.86,20.85,5.01,31.6,8.1461,0.0002,-2065.27,3680.59,392,1695,90,0.231,54.97,54.3,500,62.18,191.27,129.88,50.14,142.76,1026893.31,101.27,1520637.46,1.11,8.87
2023-12-27,47647.81,48016.66,46621.35,46985.07,0,4130.23,83891.24,31231.82,20.89,0.04,0.19,8.1355,-0.0106,-1032.05,-1977.88,1232,863,66,1.428,55.25,42.16,500,62.18,191.27,129.88,50.14,142.76,984666.61,101.18,1505906.49,1.06,8.87
2023-12-28,46942.29,47877.16,46683.69,47614.86,0,3243.25,84740.74,31685.41,11.46,-9.43,-45.14,8.1414,0.0059,2442.94,962.84,432,1623,104,0.266,53.86,48.66,500,62.18,191.27,129.88,50.14,142.76,998136.84,100.8,1474559.68,0.99,8.87
2023-12-29,47534.49,49266.33,47291.84,49016.11,0,5422.28,86753.32,32397.99,16.32,4.86,42.42,8.159,0.0176,3036.41,2176.87,20,2051,63,0.01,54.94,50.15,500,62.18,191.27,129.88,50.14,142.76,993247.76,100.84,1460028.48,0.99,8.87
2024-01-01,49059.83,49308.76,48620.23,48868.18,0,4858.74,87300.01,32516.02,15.94,-0.38,-2.33,8.1577,-0.0014,-3079.72,513.96,655,1416,51,0.463,55.26,46.87,500,62.39,192.04,130.47,47.23,142.41,997026.38,100.72,1477786.34,0.98,9.51
2024-01-02,48884.47,48971.53,48605.04,48691.76,0,3805.75,87105.33,32382.21,20.37,4.43,27.77,8.1471,-0.0106,-3929.24,1312.05,1150,798,129,1.441,54.25,45.16,500,62.39,192.04,130.47,47.23,142.41,1007602.49,100.64,1512857.53,0.98,9.51
2024-01-03,48773.5,48970.78,48436.39,48633.1,0,3784.39,87138.53,32423.89,20.72,0.35,1.73,8.1605,0.0133,-4238.18,1910.28,810,1126,115,0.719,53.53,50.62,500,62.39,192.04,130.47,47.23,142.41,1004614.43,100.08,1511815.88,0.98,9.51
2024-01-04,48669.31,49412.43,48360.86,49101.24,0,5671.8,87678.61,32666.54,20.72,0.0,0.01,8.1645,0.004,3449.75,1483.4,469,1571,40,0.299,52.49,51.91,500,62.39,192.04,130.47,47.23,142.41,1001883.16,99.51,1525387.3,0.97,9.51
2024-01-05,49096.03,49837.62,48414.65,49155.41,0,2398.89,88321.85,32909.74,21.49,0.77,3.74,8.1699,0.0054,-4346.52,2912.29,926,1153,119,0.803,52.3,48.85,500,62.39,192.04,130.47,47.23,142.41,1005981.82,99.41,1532405.68,0.98,9.51
2024-01-08,49207.43,49410.11,49029.4,49231.99,0,3146.26,88869.63,33336.85,15.85,-5.65,-26.27,8.1737,0.0038,2153.48,-885.15,489,1451,95,0.337,49.86,39.96,500,62.39,192.04,130.47,47.23,142.41,1019716.0,98.75,1518042.0,0.99,9.51
2024-01-09,49134.99,49457.03,48817.82,49139.83,0,3897.93,88616.28,33056.16,22.1,6.25,39.43,8.1618,-0.0119,-873.83,598.64,779,1230,98,0.633,50.51,39.98,500,62.39,192.04,130.47,47.23,142.41,1041904.16,99.17,1515042.39,0.96,9.51
2024-01-10,49179.55,49659.2,48711.89,49191.44,0,3656.14,88499.06,32955.75,18.86,-3.23,-14.64,8.1418,-0.02,1259.5,2427.39,991,932,92,1.063,50.46,45.18,500,62.39,192.04,130.47,47.23,142.41,1018944.15,99.36,1524729.52,1.0,9.51
2024-01-11,49355.51,49600.32,48927.01,49170.9,0,3321.3,88859.01,32823.93,17.69,-1.17,-6.2,8.1267,-0.0151,419.74,25.48,770,1131,22,0.681,50.1,42.47,500,62.39,192.04,130.47,47.23,142.41,986108.18,99.8,1533384.02,1.0,9.51
2024-01-12,49060.53,49259.82,48603.91,48802.15,0,1728.98,87670.59,32545.2,18.68,0.99,5.58,8.1414,0.0147,-1067.92,243.41,1189,910,26,1.307,48.72,37.54,500,62.39,192.04,130.47,47.23,142.41,989205.24,99.61,1536979.72,1.02,9.51
2024-01-15,48841.95,49355.42,47837.2,48345.44,0,3108.84,86834.74,32311.15,18.1,-0.58,-3.1,8.1438,0.0025,-1543.87,2260.27,1089,841,106,1.295,48.46,41.5,500,62.39,192.04,130.47,47.23,142.41,968410.97,99.59,1523689.2,1.02,9.51
2024-01-16,48229.62,48322.26,47834.97,47927.03,0,6214.7,85975.4,32000.03,15.31,-2.79,-15.4,8.1491,0.0052,299.33,-656.72,869,1043,63,0.833,48.45,46.24,500,62.39,192.04,130.47,47.23,142.41,911252.37,99.73,1548447.18,0.98,9.51
2024-01-17,47881.04,48500.56,47599.76,48217.3,0,3694.11,86804.16,32248.36,18.11,2.79,18.23,8.1593,0.0102,884.5,-1854.13,669,1332,57,0.502,50.12,42.33,500,62.39,192.04,130.47,47.23,142.41,912526.71,99.25,1549607.55,0.98,9.51
2024-01-18,48325.85,49188.72,48029.95,48889.37,0,3146.15,88104.9,32957.33,15.9,-2.21,-12.18,8.1624,0.0032,-1303.95,-1419.46,647,1383,129,0.468,50.96,48.41,500,62.39,192.04,130.47,47.23,142.41,877162.93,99.14,1546873.44,1.0,9.51
2024-01-19,48956.09,49246.59,48188.1,48475.74,0,6813.08,87432.51,32652.33,19.62,3.72,23.37,8.1846,0.0222,2688.01,920.43,1112,795,23,1.399,51.52,49.15,500,62.39,192.04,130.47,47.23,142.41,912837.19,99.51,1545664.13,1.02,9.51
2024-01-22,48457.28,48853.26,48231.62,48626.81,0,4182.64,87242.5,32591.57,19.18,-0.44,-2.24,8.1768,-0.0078,-6925.12,-2509.91,989,938,29,1.054,52.51,47.05,500,62.39,192.04,130.47,47.23,142.41,922235.18,99.07,1575527.23,1.02,9.51
2024-01-23,48596.08,49055.96,47768.82,48225.18,0,3015.25,86032.3,31996.44,22.56,3.38,17.62,8.1752,-0.0017,-6105.74,1075.84,1152,778,124,1.481,53.3,49.89,500,62.39,192.04,130.47,47.23,142.41,916605.75,98.63,1586772.56,1.07,9.51
2024-01-24,48172.65,48547.48,46535.73,46900.66,0,2560.06,83816.13,31192.15,21.2,-1.36,-6.02,8.1622,-0.0129,4781.99,1772.76,1486,532,28,2.793,51.97,42.9,500,62.39,192.04,130.47,47.23,142.41,903021.66,99.61,1591225.06,1.08,9.51
2024-01-25,46836.91,47106.04,46486.96,46755.63,0,5499.27,83590.75,31091.06,19.8,-1.4,-6.61,8.1521,-0.0101,4164.37,-682.35,991,922,118,1.075,51.35,38.78,500,62.39,192.04,130.47,47.23,142.41,913777.87,99.15,1589158.02,1.07,9.51
2024-01-26,46636.22,47120.38,46374.32,46857.23,0,3355.92,83704.42,30939.99,20.24,0.44,2.22,8.1457,-0.0065,-309.43,-2483.17,644,1288,26,0.5,50.04,45.33,500,62.39,192.04,130.47,47.23,142.41,916141.22,98.68,1583566.74,1.04,9.51
2024-01-29,46877.24,47434.16,46432.26,46988.13,0,3044.33,84392.39,30984.74,15.23,-5.0,-24.73,8.1558,0.0102,390.78,2306.17,902,1137,48,0.793,51.56,46.38,500,62.39,192.04,130.47,47.23,142.41,906031.24,99.11,1590258.46,1.1,9.51
2024-01-30,47030.54,48213.03,46442.64,47617.8,0,3141.05,85577.66,31457.47,17.53,2.29,15.06,8.1414,-0.0144,82.32,-527.14,295,1662,94,0.177,53.29,41.93,500,62.39,192.04,130.47,47.23,142.41,908669.43,99.07,1618044.37,1.08,9.51
2024-01-31,47697.91,48102.95,46916.95,47318.77,0,3214.65,84571.8,31328.46,19.67,2.14,12.2,8.1436,0.0021,2950.45,-4034.36,1016,895,27,1.135,53.24,48.17,500,62.39,192.04,130.47,47.23,142.41,885555.62,99.36,1618235.67,1.09,9.51
2024-02-01,47457.95,48836.64,46971.09,48340.72,0,1956.88,85990.22,32016.76,16.4,-3.27,-16.63,8.1571,0.0135,69.11,53.96,392,1637,46,0.239,57.32,44.01,500,63.0,192.7,129.03,48.79,143.6,864461.01,99.21,1619060.06,1.13,9.51
2024-02-02,48395.68,48799.47,47874.59,48277.39,0,2201.96,85858.24,32037.7,17.5,1.1,6.74,8.1461,-0.0109,4346.79,2691.59,714,1264,73,0.565,57.58,59.73,500,63.0,192.7,129.03,48.79,143.6,844922.75,99.47,1611130.72,1.1,9.51
2024-02-05,48282.64,48632.68,47177.07,47521.6,0,2685.63,84434.98,31485.45,17.89,0.39,2.25,8.15,0.0038,7502.8,-721.63,1440,484,76,2.975,58.38,52.72,500,63.0,192.7,129.03,48.79,143.6,847203.35,99.95,1643333.06,1.11,9.51
2024-02-06,47583.89,48081.45,47344.66,47840.93,0,2602.25,84924.54,31802.4,18.42,0.53,2.94,8.1624,0.0124,456.71,2634.98,720,1183,34,0.609,59.55,53.14,500,63.0,192.7,129.03,48.79,143.6,865587.05,99.72,1621615.69,1.12,9.51
2024-02-07,47711.65,47836.21,47018.97,47142.03,0,3295.4,83309.08,31449.19,18.8,0.38,2.07,8.1569,-0.0055,-476.17,-1079.57,1291,641,126,2.014,59.26,46.2,500,63.0,192.7,129.03,48.79,143.6,837425.71,100.04,1594239.46,1.15,9.51
2024-02-08,47261.25,47706.32,46167.69,46606.59,0,1920.36,82656.28,31095.93,17.35,-1.45,-7.7,8.1633,0.0065,-11.87,-918.38,1247,703,45,1.774,58.71,57.46,500,63.0,192.7,129.03,48.79,143.6,837137.24,100.4,1610664.75,1.12,9.51
2024-02-09,46697.44,48169.61,46343.61,47807.37,0,3855.41,84534.65,31741.7,13.42,-3.93,-22.67,8.1679,0.0045,-834.61,-130.79,43,1964,50,0.022,60.22,58.17,500,63.0,192.7,129.03,48.79,143.6,798233.56,100.86,1630810.56,1.07,9.51
2024-02-12,47690.6,48105.73,46770.03,47180.72,0,4386.42,83720.64,31396.53,19.57,6.15,45.84,8.1786,0.0108,-1176.14,-495.38,1063,933,73,1.139,60.58,55.19,500,63.0,192.7,129.03,48.79,143.6,802697.71,100.91,1628690.08,1.13,9.51
2024-02-13,47185.6,47676.17,46654.33,47144.47,0,1881.94,83737.04,31464.26,19.23,-0.34,-1.75,8.1679,-0.0107,319.75,4374.2,826,1177,41,0.702,59.56,56.95,500,63.0,192.7,129.03,48.79,143.6,812422.04,100.67,1647935.97,1.13,9.51
2024-02-14,47148.85,47162.75,46935.93,46949.76,0,4648.72,83125.53,31219.63,16.8,-2.42,-12.6,8.1883,0.0203,-903.99,-1432.02,1383,600,84,2.305,57.69,53.79,500,63.0,192.7,129.03,48.79,143.6,832743.79,100.19,1673631.75,1.15,9.51
2024-02-15,47017.36,47425.99,46639.99,47048.36,0,1866.36,83327.47,31276.68,16.05,-0.76,-4.51,8.1832,-0.0051,975.63,-2388.49,755,1145,38,0.659,58.28,54.45,500,63.0,192.7,129.03,48.79,143.6,855012.31,100.38,1712900.11,1.15,9.51
2024-02-16,47098.88,47679.32,46679.82,47258.83,0,4697.61,83089.02,31247.34,19.98,3.94,24.54,8.17,-0.0132,2876.05,1720.79,802,1116,79,0.719,61.79,56.4,500,63.0,192.7,129.03,48.79,143.6,861777.17,100.68,1694260.47,1.08,9.51
2024-02-19,47209.53,48138.49,46607.51,47532.36,0,2044.35,83882.04,31381.44,15.26,-4.73,-23.66,8.1615,-0.0084,3213.31,258.07,515,1583,71,0.325,60.29,53.8,500,63.0,192.7,129.03,48.79,143.6,861501.85,100.51,1689881.75,1.11,9.51
2024-02-20,47578.44,48536.22,47355.22,48309.57,0,4087.24,84800.44,31779.52,19.64,4.38,28.74,8.1686,0.0071,-3862.03,2848.86,596,1457,101,0.409,62.69,51.63,500,63.0,192.7,129.03,48.79,143.6,858852.52,100.05,1690612.74,1.18,9.51
2024-02-21,48424.08,48514.34,48164.84,48254.79,0,5934.73,84606.41,31754.29,17.61,-2.03,-10.35,8.1612,-0.0074,578.22,658.73,945,988,75,0.956,62.47,56.95,500,63.0,192.7,129.03,48.79,143.6,881609.03,99.54,1676180.64,1.18,9.51
2024-02-22,48412.61,48958.32,48036.99,48581.39,0,2583.37,85671.96,32171.98,13.37,-4.24,-24.08,8.1612,-0.0,-1522.6,-3909.81,639,1360,66,0.47,63.17,56.58,500,63.0,192.7,129.03,48.79,143.6,853780.76,99.73,1731916.02,1.18,9.51
2024-02-23,48542.49,49617.56,48120.7,49190.14,0,6173.84,86176.35,32186.7,14.46,1.09,8.18,8.1583,-0.0029,2512.35,-1828.46,636,1379,39,0.461,61.47,57.72,500,63.0,192.7,129.03,48.79,143.6,885076.17,98.86,1728134.6,1.2,9.51
2024-02-26,49180.91,50332.52,48432.28,49577.85,0,3339.85,87291.42,32599.0,13.75,-0.71,-4.93,8.1631,0.0048,515.8,3252.8,430,1493,105,0.288,63.09,51.15,500,63.0,192.7,129.03,48.79,143.6,897245.05,98.25,1747186.73,1.18,9.51
2024-02-27,49659.27,49863.94,49308.74,49512.8,0,2429.1,87226.7,32635.38,18.88,5.13,37.32,8.181,0.0179,723.36,213.73,834,1074,73,0.777,63.33,53.15,500,63.0,192.7,129.03,48.79,143.6,887820.28,98.21,1754379.03,1.17,9.51
2024-02-28,49516.51,49804.18,49262.54,49550.04,0,5591.58,86990.68,32553.83,21.48,2.6,13.77,8.1945,0.0135,5741.01,-1834.23,846,1146,50,0.738,63.21,59.03,500,63.0,192.7,129.03,48.79,143.6,831534.23,98.27,1741802.79,1.2,9.51
2024-02-29,49487.06,50147.05,49270.63,49928.68,0,2139.49,87246.44,32638.26,14.28,-7.2,-33.53,8.1853,-0.0092,-466.42,-531.34,641,1297,32,0.494,62.72,57.48,500,63.0,192.7,129.03,48.79,143.6,799409.54,98.37,1738056.67,1.19,9.51
2024-03-01,49916.85,51100.69,49839.19,51021.31,0,3893.0,89132.49,33344.96,18.6,4.32,30.27,8.1824,-0.0029,-2211.73,-2603.17,202,1828,37,0.111,63.69,53.51,500,63.07,192.9,131.08,50.01,144.46,847196.9,98.31,1745422.93,1.22,9.51
2024-03-04,51020.82,51940.08,50712.09,51627.68,0,1517.64,89499.3,33679.65,16.41,-2.18,-11.74,8.1927,0.0103,5006.65,5738.43,598,1339,112,0.447,62.94,55.0,500,63.07,192.9,131.08,50.01,144.46,873194.86,98.1,1739537.05,1.24,9.51
2024-03-05,51730.64,51908.34,50400.94,50574.67,0,5771.04,87828.23,33075.49,19.76,3.35,20.39,8.1776,-0.0151,2515.23,2782.58,1368,667,35,2.051,61.61,61.41,500,63.07,192.9,131.08,50.01,144.46,855372.72,97.78,1777628.42,1.25,9.51
2024-03-06,50346.04,51265.78,49791.63,50707.39,0,4736.67,87827.87,33251.39,15.17,-4.59,-23.24,8.1636,-0.014,-88.9,-2177.76,578,1479,25,0.391,62.17,52.89,500,63.07,192.9,131.08,50.01,144.46,875079.44,98.43,1798937.66,1.22,9.51
2024-03-07,50895.23,51351.49,49973.2,50425.25,0,2747.3,87328.31,32929.06,15.22,0.05,0.34,8.1666,0.0031,7679.58,-1406.3,883,1146,85,0.771,62.95,51.52,500,63.07,192.9,131.08,50.01,144.46,873633.31,98.96,1812757.74,1.17,9.51
2024-03-08,50476.31,51033.12,50069.27,50624.88,0,4195.44,87311.62,33194.01,19.17,3.95,25.94,8.1681,0.0015,-966.19,-1818.43,889,1084,82,0.82,64.24,47.73,500,63.07,192.9,131.08,50.01,144.46,895649.21,98.74,1839230.17,1.17,9.51
2024-03-11,50627.66,50738.13,50073.2,50182.7,0,3769.62,86234.35,33101.34,17.87,-1.3,-6.77,8.1709,0.0027,-7385.41,-2993.34,792,1220,93,0.649,66.54,56.38,500,63.07,192.9,131.08,50.01,144.46,859154.14,98.49,1865036.66,1.15,9.51
2024-03-12,50187.71,50505.56,49785.57,50102.87,0,2051.18,86441.55,33105.14,18.78,0.91,5.09,8.1692,-0.0016,-3739.89,-1119.18,931,1114,67,0.836,65.31,49.5,500,63.07,192.9,131.08,50.01,144.46,866599.07,98.15,1876619.69,1.17,9.51
2024-03-13,49993.75,50319.01,49143.24,49465.06,0,2755.27,85394.31,32663.63,19.94,1.16,6.19,8.1658,-0.0035,-609.61,346.07,1172,916,29,1.279,65.44,58.66,500,63.07,192.9,131.08,50.01,144.46,873017.76,98.46,1868074.6,1.13,9.51
2024-03-14,49470.3,49678.58,49253.19,49461.43,0,3508.32,85661.86,32542.65,20.66,0.72,3.59,8.175,0.0092,-3960.93,-905.44,904,1090,80,0.829,65.23,52.68,500,63.07,192.9,131.08,50.01,144.46,884170.07,98.45,1844337.21,1.1,9.51
2024-03-15,49580.73,49865.16,49506.87,49790.99,0,5261.92,86508.8,32667.09,17.23,-3.43,-16.59,8.1665,-0.0085,818.35,2891.43,748,1255,76,0.596,66.05,64.15,500,63.07,192.9,131.08,50.01,144.46,908000.01,98.65,1850605.94,1.09,9.51
2024-03-18,49858.55,50253.18,49306.05,49699.42,0,1552.15,85856.29,32661.58,20.7,3.47,20.13,8.1902,0.0237,1293.16,996.23,859,1226,116,0.701,66.37,53.93,500,63.07,192.9,131.08,50.01,144.46,926194.34,99.11,1832695.1,1.01,9.51
2024-03-19,49630.64,50927.02,49626.92,50923.21,0,2466.94,87637.96,33458.64,15.92,-4.78,-23.1,8.1899,-0.0003,-1330.51,76.23,436,1494,69,0.292,64.49,60.86,500,63.07,192.9,131.08,50.01,144.46,889192.77,99.04,1802705.66,1.04,9.51
2024-03-20,50917.37,51312.67,50380.29,50774.48,0,2495.45,87424.94,33203.69,16.82,0.9,5.66,8.1795,-0.0104,-4199.19,1160.42,848,1168,100,0.726,63.51,55.04,500,63.07,192.9,131.08,50.01,144.46,920709.77,98.69,1806237.14,1.03,9.51
2024-03-21,50677.43,51538.93,50264.18,51122.06,0,3289.45,87591.18,33185.75,21.11,4.29,25.52,8.1786,-0.0009,1898.84,-1618.73,711,1318,38,0.539,62.86,50.85,500,63.07,192.9,131.08,50.01,144.46,960917.74,98.77,1800892.47,1.07,9.51
2024-03-22,50988.04,51427.44,50622.19,51061.07,0,3158.93,87749.93,32928.75,17.95,-3.16,-14.96,8.1588,-0.0198,-852.55,-3414.19,1087,975,114,1.115,63.78,56.18,500,63.07,192.9,131.08,50.01,144.46,953244.77,98.51,1848324.76,1.06,9.51
2024-03-25,51106.12,51803.98,50886.08,51581.88,0,3542.02,88284.64,33291.44,15.3,-2.65,-14.77,8.1563,-0.0025,-271.44,-1105.9,448,1546,78,0.29,64.13,55.92,500,63.07,192.9,131.08,50.01,144.46,945396.73,98.94,1897557.05,1.08,9.51
2024-03-26,51696.09,51858.53,51012.86,51173.65,0,5211.51,87115.56,32891.32,21.26,5.96,38.97,8.1693,0.0131,-3162.48,1252.55,957,1140,72,0.839,67.44,60.41,500,63.07,192.9,131.08,50.01,144.46,930332.25,98.76,1916182.31,1.08,9.51
2024-03-27,51200.72,51529.38,51105.37,51433.61,0,1169.44,87715.34,33055.86,14.18,-7.09,-33.34,8.1593,-0.01,-2138.67,29.13,870,1155,106,0.753,70.16,61.28,500,63.07,192.9,131.08,50.01,144.46,919173.76,98.59,1920900.59,1.13,9.51
2024-03-28,51388.14,53396.1,51120.0,53118.93,0,4156.1,89963.06,33958.34,14.8,0.62,4.38,8.1412,-0.0181,5168.71,-851.25,91,1893,38,0.048,70.24,65.84,500,63.07,192.9,131.08,50.01,144.46,971761.94,99.18,1940794.75,1.15,9.51
2024-03-29,53107.38,53891.66,52879.36,53661.27,0,2874.45,90461.35,34249.6,16.62,1.82,12.31,8.1282,-0.013,899.49,1353.67,539,1364,44,0.395,69.34,66.97,500,63.07,192.9,131.08,50.01,144.46,950814.42,99.01,1943104.77,1.17,9.51
2024-04-01,53769.21,54025.64,53407.22,53663.14,0,2139.0,90577.01,34306.48,14.06,-2.56,-15.38,8.1023,-0.0259,2828.8,-1513.19,702,1293,41,0.543,70.31,63.45,500,62.34,193.53,130.0,50.44,143.34,930402.33,98.95,1935262.97,1.16,8.82
2024-04-02,53665.02,53730.69,53392.21,53457.63,0,2261.73,90103.23,34197.76,20.95,6.88,48.94,8.0653,-0.0371,693.97,342.51,1093,934,117,1.17,70.83,62.87,500,62.34,193.53,130.0,50.44,143.34,927557.47,99.29,1955680.78,1.19,8.82
2024-04-03,53447.59,54558.75,53077.64,54183.7,0,2710.3,90938.49,34598.25,16.89,-4.05,-19.34,8.0532,-0.012,-5912.63,-199.19,758,1324,66,0.573,71.27,64.59,500,62.34,193.53,130.0,50.44,143.34,922507.01,99.09,1984386.66,1.16,8.82
2024-04-04,54106.54,54349.48,53365.65,53606.34,0,2247.98,90447.51,34286.25,17.31,0.42,2.47,8.0249,-0.0283,280.53,1610.37,861,1141,65,0.755,70.35,62.7,500,62.34,193.53,130.0,50.44,143.34,937554.37,99.01,1968286.89,1.17,8.82
2024-04-05,53585.28,54071.34,51676.4,52149.43,0,2385.58,88351.06,33541.39,18.91,1.6,9.24,7.9912,-0.0337,-1846.14,-2424.84,1536,530,54,2.898,68.84,57.52,500,62.34,193.53,130.0,50.44,143.34,939445.34,98.63,1983887.54,1.18,8.82
2024-04-08,52161.29,52572.54,51549.71,51959.37,0,4531.18,88354.6,33253.87,17.79,-1.12,-5.91,7.9906,-0.0006,-1651.24,-1696.9,787,1168,63,0.674,69.26,58.02,500,62.34,193.53,130.0,50.44,143.34,950395.68,98.65,1968984.82,1.15,8.82
2024-04-09,52090.79,52384.61,50916.49,51205.31,0,1760.51,87336.31,32794.72,19.81,2.02,11.34,8.0138,0.0231,4049.86,64.13,1277,656,119,1.947,69.44,57.58,500,62.34,193.53,130.0,50.44,143.34,968653.31,98.77,1935644.98,1.22,8.82
2024-04-10,51239.02,52648.92,50526.01,51926.34,0,2099.34,88962.11,33156.04,15.93,-3.88,-19.59,8.0192,0.0054,1921.27,283.88,655,1310,114,0.5,69.12,58.1,500,62.34,193.53,130.0,50.44,143.34,984388.2,99.18,1936449.09,1.2,8.82
2024-04-11,51967.46,52723.36,51664.59,52417.86,0,2781.57,89891.79,33288.44,16.87,0.94,5.9,8.0316,0.0124,-5638.62,1175.18,902,1062,66,0.849,69.52,64.25,500,62.34,193.53,130.0,50.44,143.34,1010584.68,99.18,1935375.64,1.19,8.82
2024-04-12,52508.96,52794.08,52127.46,52412.05,0,4273.36,89879.71,33142.23,19.78,2.91,17.23,8.0296,-0.002,2299.68,378.36,731,1248,35,0.586,69.56,61.86,500,62.34,193.53,130.0,50.44,143.34,1012909.86,99.81,1918693.77,1.25,8.82
2024-04-15,52506.02,53336.92,50801.94,51618.79,0,2507.79,88420.32,32452.16,21.4,1.62,8.19,8.058,0.0284,3012.82,-2371.69,1491,456,96,3.27,67.47,55.0,500,62.34,193.53,130.0,50.44,143.34,1034025.52,99.08,1915317.05,1.17,8.82
2024-04-16,51641.03,52306.79,51632.58,52298.24,0,2755.4,89252.12,32777.27,18.95,-2.45,-11.44,8.0597,0.0017,249.57,-2981.62,716,1197,48,0.598,66.13,52.47,500,62.34,193.53,130.0,50.44,143.34,1031490.0,98.86,1901302.83,1.18,8.82
2024-04-17,52109.75,52805.38,51973.52,52667.69,0,5300.22,90289.47,33135.35,14.47,-4.48,-23.62,8.017,-0.0428,-6255.79,2965.23,535,1420,118,0.377,65.04,60.29,500,62.34,193.53,130.0,50.44,143.34,994673.9,99.54,1907175.37,1.22,8.82
2024-04-18,52832.87,53153.4,52355.14,52674.71,0,3194.98,90583.36,33169.56,16.29,1.81,12.52,7.9963,-0.0207,4600.85,3345.46,811,1182,112,0.686,65.5,64.13,500,62.34,193.53,130.0,50.44,143.34,986148.98,98.93,1890349.75,1.16,8.82
2024-04-19,52700.09,53227.0,52125.66,52652.09,0,2541.75,90686.92,33287.08,18.53,2.24,13.77,7.9817,-0.0145,2009.27,-3273.42,707,1294,60,0.546,65.29,57.35,500,62.34,193.53,130.0,50.44,143.34,1014572.37,99.03,1911017.79,1.24,8.82
2024-04-22,52634.23,53084.15,52405.39,52854.35,0,1830.15,90924.67,33347.05,15.77,-2.76,-14.91,7.985,0.0032,-3523.63,-1683.41,537,1430,41,0.376,65.46,63.17,500,62.34,193.53,130.0,50.44,143.34,1019993.39,98.96,1907692.79,1.26,8.82
2024-04-23,52710.01,52950.84,52047.47,52286.36,0,5425.38,89802.03,33077.21,18.49,2.72,17.24,7.9822,-0.0027,-297.59,1172.36,1091,809,106,1.349,64.9,54.17,500,62.34,193.53,130.0,50.44,143.34,1002747.76,99.06,1953594.64,1.24,8.82
2024-04-24,52181.85,52341.73,52061.02,52220.8,0,1883.74,89700.16,32883.8,20.14,1.66,8.95,7.9858,0.0036,-1630.76,407.61,1013,1010,48,1.003,65.95,59.44,500,62.34,193.53,130.0,50.44,143.34,1003494.4,99.43,1954116.01,1.27,8.82
2024-04-25,52221.11,52629.71,51981.46,52389.28,0,1725.74,90680.02,32998.99,17.88,-2.27,-11.25,7.9812,-0.0046,-6293.39,-590.34,797,1211,61,0.658,65.46,56.05,500,62.34,193.53,130.0,50.44,143.34,1010345.26,99.0,1958267.91,1.34,8.82
2024-04-26,52551.54,52563.36,51018.85,51030.34,0,3280.21,88639.02,32025.27,20.0,2.13,11.89,7.9636,-0.0176,1784.33,894.37,1497,531,67,2.819,66.17,63.37,500,62.34,193.53,130.0,50.44,143.34,1033956.82,98.95,1955671.71,1.29,8.82
2024-04-29,50942.28,52380.63,50506.56,51936.4,0,4602.88,90576.99,32589.82,15.73,-4.27,-21.36,7.9367,-0.0269,2105.37,3988.19,381,1677,73,0.227,66.73,60.53,500,62.34,193.53,130.0,50.44,143.34,1069490.65,98.89,1940237.64,1.26,8.82
2024-04-30,51880.34,52661.87,51545.65,52324.32,0,2505.55,91511.5,32947.77,16.79,1.06,6.73,7.957,0.0203,8722.95,-39.83,395,1666,93,0.237,65.09,57.16,500,62.34,193.53,130.0,50.44,143.34,1088168.37,98.79,1943065.25,1.21,8.82
2024-05-01,52155.43,53543.27,51539.59,52918.42,0,4147.6,92629.7,33224.33,17.65,0.87,5.16,7.9671,0.0101,264.09,3387.59,618,1472,115,0.42,66.01,56.53,500,63.36,194.58,122.27,49.64,144.42,1059080.69,98.48,1938015.06,1.23,8.82
2024-05-02,52979.44,53723.74,52692.84,53434.68,0,4110.42,93642.08,33621.93,20.75,3.1,17.55,7.9814,0.0143,-3010.2,-354.58,295,1715,25,0.172,65.19,54.81,500,63.36,194.58,122.27,49.64,144.42,1094647.09,98.65,1930944.13,1.2,8.82
2024-05-03,53546.31,53952.06,52379.88,52779.82,0,2215.71,92389.86,33300.88,17.9,-2.85,-13.73,7.9886,0.0073,-2170.06,1537.52,1067,1031,64,1.035,64.24,58.63,500,63.36,194.58,122.27,49.64,144.42,1090000.9,98.96,1903114.01,1.25,8.82
2024-05-06,52854.67,53570.12,52454.75,53167.83,0,1981.21,93307.8,33400.71,21.07,3.17,17.7,7.9807,-0.008,3161.59,842.01,510,1415,117,0.36,64.34,56.15,500,63.36,194.58,122.27,49.64,144.42,1122889.53,98.89,1940571.86,1.2,8.82
2024-05-07,53158.7,54045.25,52918.54,53802.19,0,10628.37,94229.92,33757.61,18.36,-2.71,-12.86,7.9872,0.0065,-3174.7,21.6,467,1474,88,0.317,66.05,63.34,500,63.36,194.58,122.27,49.64,144.42,1101515.9,99.17,1927528.61,1.18,8.82
2024-05-08,53801.52,54009.24,53608.68,53816.34,0,1923.4,94082.71,33592.86,18.23,-0.13,-0.69,7.9802,-0.0069,-679.79,396.15,957,1074,44,0.891,66.12,55.3,500,63.36,194.58,122.27,49.64,144.42,1129150.6,99.42,1957721.21,1.13,8.82
2024-05-09,53959.37,54396.45,53013.79,53446.72,0,3229.61,93592.24,33321.67,17.09,-1.15,-6.29,7.9665,-0.0137,3091.23,-2030.65,839,1176,71,0.713,67.48,63.61,500,63.36,194.58,122.27,49.64,144.42,1149559.09,99.18,1973623.69,1.07,8.82
2024-05-10,53360.88,54671.13,53018.43,54322.5,0,2677.16,95368.21,33885.12,15.77,-1.31,-7.68,7.9684,0.0018,1801.17,-3064.59,565,1366,64,0.414,66.26,55.39,500,63.36,194.58,122.27,49.64,144.42,1153289.68,99.2,1991836.34,1.04,8.82
2024-05-13,54237.41,55144.43,53933.2,54836.85,0,1364.47,96790.78,34315.23,11.79,-3.98,-25.24,7.9439,-0.0244,4160.1,1824.64,250,1813,50,0.138,67.03,57.06,500,63.36,194.58,122.27,49.64,144.42,1146035.39,99.12,2041145.02,1.04,8.82
2024-05-14,54833.61,55393.51,54561.59,55120.07,0,2325.53,97489.74,34744.22,16.79,5.0,42.39,7.9583,0.0143,-14.42,1039.82,728,1309,63,0.556,68.84,59.62,500,63.36,194.58,122.27,49.64,144.42,1129800.31,98.64,2045027.94,0.97,8.82
2024-05-15,55176.29,55544.19,54787.22,55154.98,0,1810.12,97719.13,34636.82,19.29,2.5,14.87,7.9611,0.0029,-963.78,-71.61,741,1340,117,0.553,69.22,60.94,500,63.36,194.58,122.27,49.64,144.42,1158196.49,98.82,2008618.89,0.93,8.82
2024-05-16,55122.74,56104.69,54814.41,55792.6,0,1781.37,98179.85,34640.91,17.26,-2.03,-10.52,7.9648,0.0036,-3670.0,1111.72,648,1263,100,0.513,69.79,65.42,500,63.36,194.58,122.27,49.64,144.42,1158073.87,99.18,2003949.3,0.92,8.82
2024-05-17,55795.96,55910.14,55107.1,55220.1,0,4257.66,98046.49,34330.74,17.48,0.22,1.25,7.9756,0.0108,-2614.59,7974.32,1112,883,123,1.259,71.46,64.58,500,63.36,194.58,122.27,49.64,144.42,1158741.78,99.02,1961477.93,0.9,8.82
2024-05-20,55258.15,55631.31,54263.78,54632.72,0,1877.9,97474.47,34107.88,16.39,-1.08,-6.19,8.0083,0.0327,-1416.67,1029.0,1079,924,113,1.168,72.59,67.16,500,63.36,194.58,122.27,49.64,144.42,1148221.2,99.02,1969617.55,0.93,8.82
2024-05-21,54417.61,55513.03,53988.98,55079.19,0,7919.5,97115.09,34243.71,14.53,-1.86,-11.34,8.0069,-0.0014,5126.0,-1384.73,771,1146,113,0.673,73.59,72.32,500,63.36,194.58,122.27,49.64,144.42,1153190.33,99.0,1958776.63,0.96,8.82
2024-05-22,55036.53,55567.59,54336.94,54866.36,0,5736.52,97086.75,34020.08,15.01,0.47,3.26,7.9927,-0.0142,-1281.51,861.32,949,1006,72,0.943,71.56,64.7,500,63.36,194.58,122.27,49.64,144.42,1147722.13,99.14,1960539.55,0.99,8.82
2024-05-23,54639.78,54874.02,53751.61,53983.04,0,4264.63,96002.6,33525.6,19.84,4.84,32.22,7.9888,-0.0039,-5069.28,-1419.59,1214,872,39,1.392,72.81,66.24,500,63.36,194.58,122.27,49.64,144.42,1199319.87,99.03,1952185.82,0.93,8.82
2024-05-24,53945.38,54220.48,52953.95,53225.38,0,4647.76,94868.09,33044.71,21.35,1.51,7.61,7.9651,-0.0237,1616.63,-448.5,1035,976,104,1.06,72.46,66.66,500,63.36,194.58,122.27,49.64,144.42,1185792.52,98.88,1999695.26,0.93,8.82
2024-05-27,53314.8,53522.83,52389.12,52594.34,0,2143.77,93880.16,32522.53,21.3,-0.05,-0.25,7.9736,0.0085,1069.0,2925.61,866,1165,45,0.743,71.1,65.07,500,63.36,194.58,122.27,49.64,144.42,1191837.02,97.93,2035626.51,0.99,8.82
2024-05-28,52553.28,53082.69,51960.41,52489.17,0,3196.33,94259.37,32505.69,18.56,-2.74,-12.86,7.9731,-0.0005,199.51,1507.22,1341,613,49,2.188,71.12,64.58,500,63.36,194.58,122.27,49.64,144.42,1249608.56,97.77,2012434.88,1.0,8.82
2024-05-29,52364.16,53362.62,52023.85,53018.06,0,2671.22,95217.5,32780.96,16.63,-1.93,-10.4,7.9645,-0.0086,-522.44,4356.65,731,1367,116,0.535,69.69,54.63,500,63.36,194.58,122.27,49.64,144.42,1254220.19,98.26,1991559.01,0.96,8.82
2024-05-30,53175.0,53668.07,52708.27,53201.1,0,3751.11,95771.34,33022.08,17.56,0.93,5.58,7.94,-0.0245,1894.25,-1822.21,826,1097,20,0.753,69.21,61.6,500,63.36,194.58,122.27,49.64,144.42,1248651.12,98.25,1962521.96,0.91,8.82
2024-05-31,53197.64,54464.18,52748.69,54008.39,0,4316.45,96899.09,33312.83,15.36,-2.2,-12.5,7.9537,0.0137,-1735.26,1421.68,531,1535,125,0.346,69.27,73.12,500,63.36,194.58,122.27,49.64,144.42,1234760.68,98.26,1961434.98,0.91,8.82
2024-06-03,53799.43,54609.52,53345.34,54152.45,0,2192.13,97591.76,33572.43,20.68,5.31,34.57,7.9666,0.0129,212.32,-2517.58,597,1378,58,0.433,71.25,64.85,500,62.09,195.84,115.2,50.54,144.73,1264521.56,98.48,1971125.6,0.89,8.82
2024-06-04,54005.58,54756.64,53746.59,54495.29,0,3061.14,98210.76,33700.01,18.08,-2.6,-12.55,7.9664,-0.0002,-822.37,6258.83,737,1346,37,0.548,70.6,61.37,500,62.09,195.84,115.2,50.54,144.73,1281271.75,98.85,1939673.85,0.88,8.82
2024-06-05,54630.58,55313.56,53844.92,54526.6,0,2453.6,98686.64,33737.7,20.07,1.99,11.01,7.9737,0.0073,-1632.79,801.92,730,1323,94,0.552,69.94,63.17,500,62.09,195.84,115.2,50.54,144.73,1285687.43,98.89,1920845.69,0.82,8.82
2024-06-06,54296.46,55281.73,54003.67,54985.24,0,3985.65,99239.5,34159.23,16.8,-3.28,-16.32,7.9758,0.0021,2888.06,-4094.98,676,1311,80,0.516,72.51,71.02,500,62.09,195.84,115.2,50.54,144.73,1288476.36,98.97,1936952.48,0.87,8.82
2024-06-07,54963.67,55655.41,54839.32,55529.79,0,2464.39,99734.51,34369.5,15.75,-1.04,-6.22,7.981,0.0052,-4750.63,3159.16,968,1114,42,0.869,70.95,63.04,500,62.09,195.84,115.2,50.54,144.73,1309322.24,99.19,1931630.23,0.85,8.82
2024-06-10,55621.34,56160.22,55325.84,55863.44,0,3703.64,100043.18,34770.87,15.88,0.13,0.84,7.9675,-0.0135,1988.47,1008.09,601,1381,103,0.435,72.32,65.47,500,62.09,195.84,115.2,50.54,144.73,1372368.48,98.82,1948651.65,0.81,8.82
2024-06-11,55982.97,56295.08,54922.44,55230.36,0,2715.79,99108.48,34330.09,20.37,4.49,28.25,7.9787,0.0112,897.22,415.29,1174,865,129,1.357,71.58,66.4,500,62.09,195.84,115.2,50.54,144.73,1357712.31,98.57,1929141.13,0.84,8.82
2024-06-12,55396.02,56259.38,55122.22,55982.68,0,2955.51,100336.54,34560.39,15.19,-5.18,-25.44,7.9867,0.0081,7125.32,5219.06,726,1330,78,0.546,71.58,74.19,500,62.09,195.84,115.2,50.54,144.73,1358658.48,98.52,1916831.63,0.85,8.82
2024-06-13,56052.54,56356.0,55360.2,55661.54,0,2712.3,99628.24,34346.2,23.24,8.05,53.03,7.9829,-0.0039,1746.68,1228.01,978,1007,120,0.971,72.91,65.75,500,62.09,195.84,115.2,50.54,144.73,1341556.69,98.7,1893455.32,0.85,8.82
2024-06-14,55716.15,56095.81,54497.06,54870.96,0,3672.59,98159.34,33876.92,18.24,-5.0,-21.53,7.9659,-0.017,-2605.43,256.45,998,948,29,1.053,72.87,62.78,500,62.09,195.84,115.2,50.54,144.73,1366954.57,99.26,1907149.84,0.88,8.82
2024-06-17,54719.5,55895.7,54114.41,55284.37,0,2692.05,98888.02,34179.39,19.03,0.8,4.36,7.9521,-0.0138,1665.03,-3460.75,649,1312,94,0.495,72.97,65.59,500,62.09,195.84,115.2,50.54,144.73,1336737.49,99.32,1920361.93,0.8,8.82
2024-06-18,55294.36,56202.68,55036.19,55941.49,0,3352.7,99678.12,34501.63,18.0,-1.04,-5.46,7.9615,0.0094,1181.12,-1884.27,522,1461,65,0.357,73.34,64.63,500,62.09,195.84,115.2,50.54,144.73,1285732.44,99.29,1905313.83,0.82,8.82
2024-06-19,56127.27,56762.94,55587.65,56222.4,0,5703.17,100551.2,34810.2,17.36,-0.63,-3.53,7.9655,0.004,1538.53,-122.98,507,1436,42,0.353,73.64,66.24,500,62.09,195.84,115.2,50.54,144.73,1280294.21,99.94,1906258.22,0.86,8.82
2024-06-20,56258.63,56579.39,55432.15,55750.0,0,4511.99,99267.77,34197.02,20.51,3.15,18.14,7.9677,0.0021,5881.53,19.74,1357,582,41,2.332,75.34,66.76,500,62.09,195.84,115.2,50.54,144.73,1281773.7,99.69,1922773.98,0.82,8.82
2024-06-21,55558.61,56819.11,54884.91,56138.38,0,2419.78,99554.61,34412.49,16.34,-4.17,-20.35,7.9663,-0.0014,-1680.66,-2166.04,805,1208,85,0.666,76.82,65.66,500,62.09,195.84,115.2,50.54,144.73,1284530.93,99.66,1914063.11,0.79,8.82
2024-06-24,56365.14,56724.04,55426.55,55781.74,0,3388.34,98844.4,34149.52,19.01,2.68,16.39,7.9605,-0.0058,1121.3,-13.6,1037,884,82,1.173,75.35,64.49,500,62.09,195.84,115.2,50.54,144.73,1266359.72,99.39,1926282.13,0.79,8.82
2024-06-25,55891.41,56352.83,55034.81,55492.94,0,2408.87,98876.15,34087.73,21.88,2.86,15.06,7.9637,0.0032,1098.54,-748.46,926,1086,68,0.853,74.41,66.78,500,62.09,195.84,115.2,50.54,144.73,1237359.78,99.51,1919695.29,0.74,8.82
2024-06-26,55560.93,55650.64,54854.88,54943.6,0,2483.42,97541.63,33763.25,17.73,-4.14,-18.94,7.9634,-0.0003,327.56,1575.9,1093,994,27,1.1,74.61,62.47,500,62.09,195.84,115.2,50.54,144.73,1229391.09,99.3,1944239.07,0.76,8.82
2024-06-27,55165.47,55643.28,54666.68,55144.31,0,6358.73,97802.59,34153.37,17.16,-0.57,-3.21,7.9609,-0.0025,-699.64,-4301.76,620,1429,64,0.434,73.21,62.47,500,62.09,195.84,115.2,50.54,144.73,1253826.43,99.68,1965919.07,0.75,8.82
2024-06-28,54943.94,55434.08,54626.52,55115.66,0,2499.94,97724.39,34196.5,21.7,4.54,26.44,7.9578,-0.0031,1934.01,-3523.3,793,1169,26,0.678,72.63,68.73,500,62.09,195.84,115.2,50.54,144.73,1303037.14,100.41,2008828.16,0.78,8.82
2024-07-01,55090.05,55806.76,54963.91,55679.27,0,2137.18,98829.0,34624.89,16.28,-5.42,-24.97,7.9795,0.0217,-1016.08,-987.12,512,1409,65,0.363,72.55,59.4,500,64.22,197.06,121.4,50.46,145.86,1263092.75,100.51,2003898.83,0.79,6.53
2024-07-02,55535.08,55927.6,55136.83,55529.31,0,1842.06,98922.45,34608.26,18.27,1.99,12.21,7.9655,-0.014,1068.99,-2369.47,914,1015,114,0.9,69.61,63.37,500,64.22,197.06,121.4,50.46,145.86,1206840.48,100.54,2026477.65,0.79,6.53
2024-07-03,55358.82,55672.88,55173.47,55487.1,0,2237.54,98843.81,34632.06,16.52,-1.75,-9.59,7.9792,0.0137,1160.3,3626.69,853,1063,38,0.802,72.15,63.51,500,64.22,197.06,121.4,50.46,145.86,1176669.1,99.71,2048237.11,0.74,6.53
2024-07-04,55402.05,55639.47,55106.93,55344.1,0,2142.56,98790.06,34444.95,18.12,1.6,9.7,7.9961,0.017,-632.24,2131.54,701,1340,113,0.523,71.92,72.67,500,64.22,197.06,121.4,50.46,145.86,1148616.67,99.88,2052065.8,0.73,6.53
2024-07-05,55339.35,56044.09,53312.68,54000.37,0,1862.6,96732.97,33819.35,20.09,1.96,10.83,8.0097,0.0136,-4137.95,-1063.69,1390,620,57,2.242,72.81,69.04,500,64.22,197.06,121.4,50.46,145.86,1189553.03,100.06,2034466.32,0.73,6.53
2024-07-08,54102.64,54393.32,53360.3,53648.55,0,4422.02,95630.62,33654.38,19.46,-0.62,-3.1,7.9881,-0.0216,-9308.96,-3254.93,876,1201,45,0.729,73.05,71.1,500,64.22,197.06,121.4,50.46,145.86,1199559.66,99.93,2066142.58,0.75,6.53
2024-07-09,53572.06,53992.85,53342.11,53762.08,0,3649.11,96059.23,33981.52,18.26,-1.2,-6.16,7.9987,0.0105,-1384.74,524.42,573,1401,59,0.409,73.86,70.3,500,64.22,197.06,121.4,50.46,145.86,1244947.77,100.45,2022230.15,0.68,6.53
2024-07-10,53794.81,54020.94,53255.48,53480.29,0,2117.13,96450.49,33997.57,16.88,-1.38,-7.56,8.0119,0.0132,-1102.37,414.3,1209,842,70,1.436,74.01,61.37,500,64.22,197.06,121.4,50.46,145.86,1282859.59,100.27,1989594.82,0.63,6.53
2024-07-11,53523.83,53643.14,52584.56,52702.04,0,2480.71,95223.97,33641.25,18.5,1.61,9.55,8.0066,-0.0053,3861.63,100.53,943,1016,104,0.928,74.77,69.35,500,64.22,197.06,121.4,50.46,145.86,1308049.39,100.39,2020188.29,0.62,6.53
2024-07-12,52603.0,53239.78,52141.3,52776.56,0,2302.94,95933.63,33955.88,16.19,-2.3,-12.44,8.0126,0.006,4419.79,458.22,634,1406,74,0.451,71.27,63.17,500,64.22,197.06,121.4,50.46,145.86,1316744.02,100.36,1971163.13,0.63,6.53
2024-07-15,52794.58,53196.44,51924.05,52322.31,0,2797.03,95169.54,33786.7,18.75,2.55,15.77,8.0162,0.0036,-1705.89,1663.12,1171,875,58,1.338,71.01,62.91,500,64.22,197.06,121.4,50.46,145.86,1300765.06,101.12,2010289.82,0.63,6.53
2024-07-16,52317.39,52442.48,52223.86,52348.9,0,2006.55,95764.59,33876.45,18.18,-0.57,-3.05,8.031,0.0148,1943.01,4337.56,800,1284,125,0.623,71.66,63.46,500,64.22,197.06,121.4,50.46,145.86,1353176.38,100.98,2003064.77,0.64,6.53
2024-07-17,52428.08,53596.73,52366.19,53533.53,0,1531.1,98088.13,34571.7,10.91,-7.27,-40.0,8.0407,0.0097,1958.92,-1910.58,172,1851,35,0.093,71.82,58.78,500,64.22,197.06,121.4,50.46,145.86,1415879.09,101.24,2038783.9,0.62,6.53
2024-07-18,53401.22,54259.46,52936.93,53791.77,0,2337.67,99279.62,34597.57,16.82,5.91,54.23,8.0463,0.0057,-4308.71,2024.68,820,1245,48,0.659,73.02,70.36,500,64.22,197.06,121.4,50.46,145.86,1448217.68,101.12,2021686.63,0.64,6.53
2024-07-19,53752.59,54347.8,53559.35,54153.12,0,2089.97,99790.13,34614.75,18.28,1.46,8.68,8.048,0.0017,-669.03,-1409.27,519,1557,37,0.333,72.8,71.91,500,64.22,197.06,121.4,50.46,145.86,1473359.82,100.64,2025937.33,0.64,6.53
2024-07-22,54136.97,54646.57,53529.59,54038.26,0,7584.27,99772.12,34492.98,15.23,-3.05,-16.69,8.0213,-0.0267,-1602.46,-1478.36,753,1169,112,0.644,73.1,61.28,500,64.22,197.06,121.4,50.46,145.86,1455407.69,100.75,2038216.86,0.66,6.53
2024-07-23,54072.04,54529.35,53555.54,54012.34,0,3301.9,99504.71,34424.89,12.21,-3.02,-19.83,8.0385,0.0173,-247.66,-1223.86,760,1291,46,0.589,73.33,67.14,500,64.22,197.06,121.4,50.46,145.86,1487382.91,100.65,2035765.71,0.7,6.53
2024-07-24,54045.41,54082.73,53595.84,53632.87,0,5518.3,99526.9,34430.2,17.86,5.65,46.27,8.0496,0.0111,-2794.93,1429.08,953,951,81,1.002,74.47,68.93,500,64.22,197.06,121.4,50.46,145.86,1494626.79,100.58,2072171.09,0.66,6.53
2024-07-25,53540.84,53646.63,52936.08,53040.88,0,2300.19,98991.35,33922.64,20.98,3.12,17.45,8.0496,-0.0,1982.47,-520.74,1165,785,37,1.484,73.77,60.6,500,64.22,197.06,121.4,50.46,145.86,1487989.63,100.09,2083219.71,0.68,6.53
2024-07-26,53111.49,53962.47,52737.83,53585.47,0,3644.3,99818.57,34116.17,16.74,-4.23,-20.19,8.0448,-0.0047,-1415.18,-465.49,720,1260,72,0.571,75.2,65.3,500,64.22,197.06,121.4,50.46,145.86,1509342.77,100.73,2066090.58,0.6,6.53
2024-07-29,53617.89,54286.6,53601.64,54270.16,0,3222.22,100926.43,34319.29,16.67,-0.08,-0.46,8.061,0.0161,5668.95,1266.56,636,1322,22,0.481,75.97,68.59,500,64.22,197.06,121.4,50.46,145.86,1493552.27,100.32,2062219.68,0.55,6.53
2024-07-30,54279.62,54403.45,53983.06,54106.5,0,3691.24,100593.11,34094.82,17.05,0.38,2.3,8.0703,0.0094,-1354.78,-4526.09,1056,897,128,1.177,75.5,69.77,500,64.22,197.06,121.4,50.46,145.86,1465993.96,100.61,2026129.6,0.58,6.53
2024-07-31,54072.73,54228.06,53575.84,53730.19,0,5664.75,100036.29,33843.91,19.22,2.17,12.7,8.0731,0.0027,4353.81,1688.61,1045,876,45,1.193,72.34,57.16,500,64.22,197.06,121.4,50.46,145.86,1435718.53,100.13,2028485.09,0.58,6.53
2024-08-01,53646.66,53969.95,52771.55,53091.5,0,2551.62,98744.3,33230.81,20.61,1.4,7.27,8.0616,-0.0115,5747.57,1115.0,1434,663,100,2.163,71.28,64.71,500,63.35,197.74,122.77,53.95,146.48,1376552.13,100.48,2048051.48,0.56,6.53
2024-08-02,53159.14,53672.94,52951.2,53463.8,0,5424.87,99169.4,33456.6,19.09,-1.53,-7.41,8.0909,0.0292,-2892.01,-2638.57,776,1201,87,0.646,72.36,66.51,500,63.35,197.74,122.77,53.95,146.48,1410590.27,100.69,2041627.46,0.61,6.53
2024-08-05,53450.63,54757.97,53211.95,54514.53,0,2831.73,101184.28,34111.35,13.13,-5.96,-31.22,8.1016,0.0107,3619.21,1387.25,369,1559,27,0.237,72.99,67.59,500,63.35,197.74,122.77,53.95,146.48,1385343.86,100.93,2055082.7,0.6,6.53
2024-08-06,54731.54,54989.16,53234.13,53485.88,0,1215.7,99981.74,33531.67,21.44,8.31,63.3,8.1077,0.0061,-1324.78,-1767.1,1175,891,71,1.319,71.68,65.62,500,63.35,197.74,122.77,53.95,146.48,1432562.59,100.49,2118194.34,0.57,6.53
2024-08-07,53245.97,54031.5,52788.81,53571.54,0,2531.11,99828.42,33510.12,15.57,-5.86,-27.35,8.0959,-0.0118,-4229.49,2073.01,951,953,94,0.998,69.7,63.06,500,63.35,197.74,122.77,53.95,146.48,1343986.84,100.38,2131504.32,0.58,6.53
2024-08-08,53517.68,55250.66,52985.85,54707.01,0,5067.59,100917.44,33803.67,18.3,2.73,17.52,8.0939,-0.002,-3653.2,3921.88,625,1408,23,0.444,68.61,61.32,500,63.35,197.74,122.77,53.95,146.48,1382108.8,100.16,2136351.29,0.54,6.53
2024-08-09,54737.33,54945.86,54233.53,54440.93,0,1500.9,100918.6,33715.29,15.4,-2.91,-15.88,8.0928,-0.0011,-713.73,228.44,865,1180,25,0.733,71.48,60.6,500,63.35,197.74,122.77,53.95,146.48,1325147.42,99.81,2104694.18,0.57,6.53
2024-08-12,54248.39,55378.59,53959.12,55084.86,0,2826.78,101378.11,33760.85,18.37,2.97,19.28,8.1037,0.0109,1607.6,-4655.29,789,1159,85,0.681,71.55,68.94,500,63.35,197.74,122.77,53.95,146.48,1386114.4,99.61,2097315.26,0.57,6.53
2024-08-13,54998.99,55233.71,54499.61,54733.2,0,2130.27,100301.26,33523.46,18.81,0.44,2.42,8.1153,0.0116,2415.76,-1746.59,1044,995,47,1.049,71.81,68.23,500,63.35,197.74,122.77,53.95,146.48,1353892.88,99.07,2124076.8,0.53,6.53
2024-08-14,54851.56,55019.17,54487.56,54654.57,0,2916.12,100193.34,33575.62,16.35,-2.46,-13.07,8.1189,0.0037,1181.84,1128.98,940,1015,36,0.926,73.09,72.38,500,63.35,197.74,122.77,53.95,146.48,1354182.07,98.56,2129855.21,0.56,6.53
2024-08-15,54608.75,54916.74,54112.74,54419.67,0,2484.0,99873.03,33520.11,18.42,2.07,12.67,8.1453,0.0263,-2296.99,1921.77,911,1021,79,0.892,71.76,67.44,500,63.35,197.74,122.77,53.95,146.48,1374201.48,99.14,2133918.17,0.6,6.53
2024-08-16,54447.29,54776.22,53505.59,53830.78,0,2678.47,98758.96,32932.63,20.77,2.34,12.72,8.1335,-0.0118,17.21,2167.51,1074,1008,71,1.065,74.02,64.66,500,63.35,197.74,122.77,53.95,146.48,1471088.62,98.8,2157892.58,0.59,6.53
2024-08-19,53963.35,54253.97,53804.28,54094.51,0,2520.04,99012.08,32863.72,20.3,-0.47,-2.24,8.1447,0.0112,-6897.28,-603.72,964,1012,21,0.953,74.31,66.78,500,63.35,197.74,122.77,53.95,146.48,1515644.13,98.7,2160284.55,0.57,6.53
2024-08-20,54138.47,54378.36,53815.16,54054.68,0,2027.93,98446.0,32766.56,21.26,0.96,4.73,8.1514,0.0067,745.48,40.39,961,1050,76,0.915,75.32,68.21,500,63.35,197.74,122.77,53.95,146.48,1516108.91,98.28,2150519.16,0.64,6.53
2024-08-21,53905.25,54479.45,53616.11,54188.78,0,1485.82,98289.45,32936.59,17.61,-3.65,-17.16,8.1547,0.0034,5188.97,88.01,697,1395,96,0.5,75.39,65.1,500,63.35,197.74,122.77,53.95,146.48,1581958.36,99.08,2141424.87,0.61,6.53
2024-08-22,54405.58,54645.6,53326.51,53562.81,0,4592.22,97468.31,32513.83,21.15,3.54,20.1,8.1552,0.0005,-2117.63,113.77,1150,830,81,1.386,73.71,66.6,500,63.35,197.74,122.77,53.95,146.48,1551572.68,98.83,2123688.79,0.59,6.53
2024-08-23,53625.61,54705.55,53149.71,54224.34,0,2291.96,98714.24,32955.33,17.74,-3.42,-16.16,8.1664,0.0112,-4352.23,3420.98,627,1289,37,0.486,74.94,68.69,500,63.35,197.74,122.77,53.95,146.48,1460000.38,98.69,2142323.56,0.61,6.53
2024-08-26,54253.36,55793.43,53888.95,55421.18,0,2463.05,101405.06,33800.04,17.74,0.0,0.01,8.1827,0.0163,714.08,296.85,286,1689,108,0.169,78.03,69.36,500,63.35,197.74,122.77,53.95,146.48,1454569.79,98.87,2126779.68,0.58,6.53
2024-08-27,55408.14,55708.24,54863.75,55162.51,0,2245.32,100237.5,33424.49,14.97,-2.77,-15.63,8.1887,0.006,6541.76,-170.1,1171,791,117,1.48,78.41,77.83,500,63.35,197.74,122.77,53.95,146.48,1500132.6,99.42,2087603.39,0.59,6.53
2024-08-28,55365.77,56558.4,54955.08,56141.95,0,3818.87,102426.3,33928.85,16.92,1.95,13.05,8.1798,-0.0089,-148.62,2620.64,633,1365,125,0.464,76.19,71.68,500,63.35,197.74,122.77,53.95,146.48,1503851.0,99.48,2060466.28,0.56,6.53
2024-08-29,56094.11,56542.11,55884.32,56331.43,0,7793.84,103316.72,34003.01,17.68,0.76,4.47,8.1764,-0.0034,2704.4,270.69,708,1256,27,0.564,73.64,59.54,500,63.35,197.74,122.77,53.95,146.48,1480257.85,99.56,2066148.2,0.55,6.53
2024-08-30,56373.32,56984.27,54966.33,55568.56,0,2572.45,102123.08,33726.96,20.07,2.4,13.55,8.172,-0.0044,2188.53,2178.4,1395,618,40,2.257,75.44,70.41,500,63.35,197.74,122.77,53.95,146.48,1461014.5,99.77,2042486.34,0.57,6.53
2024-09-02,55582.03,55881.42,55558.0,55857.27,0,5574.3,102394.27,33607.38,18.3,-1.78,-8.85,8.1811,0.0091,1040.19,1107.96,651,1373,77,0.474,75.41,76.41,500,63.34,198.4,115.5,54.17,146.67,1477394.91,99.95,2055715.5,0.62,6.53
2024-09-03,55708.53,57632.69,55225.34,57137.11,0,3827.62,103450.34,34163.31,17.94,-0.35,-1.92,8.1643,-0.0169,-503.45,-2248.04,467,1626,30,0.287,75.19,64.94,500,63.34,198.4,115.5,54.17,146.67,1551076.47,99.87,2060408.94,0.61,6.53
2024-09-04,57147.06,58602.03,56612.04,58058.48,0,2753.62,105033.29,34555.16,16.66,-1.28,-7.14,8.1691,0.0048,2323.1,-1013.66,440,1506,90,0.292,75.0,60.32,500,63.34,198.4,115.5,54.17,146.67,1499333.48,99.53,2090132.27,0.55,6.53
2024-09-05,58078.5,58376.39,56863.83,57156.99,0,4338.31,103357.27,34183.42,19.61,2.95,17.68,8.1613,-0.0078,-16997.51,4593.0,1249,680,83,1.837,73.97,65.77,500,63.34,198.4,115.5,54.17,146.67,1493053.94,99.06,2103743.56,0.54,6.53
2024-09-06,57056.3,58397.7,56556.84,57890.93,0,2467.25,104944.15,34745.59,17.22,-2.39,-12.19,8.1682,0.007,1835.09,4418.72,531,1388,59,0.383,74.51,68.38,500,63.34,198.4,115.5,54.17,146.67,1466372.39,99.37,2144118.69,0.54,6.53
2024-09-09,58140.75,58444.6,57794.51,58098.13,0,3846.14,105329.5,34999.38,19.89,2.67,15.52,8.1746,0.0064,2614.03,292.87,734,1253,84,0.586,73.58,72.25,500,63.34,198.4,115.5,54.17,146.67,1424710.07,99.21,2144030.64,0.49,6.53
2024-09-10,58075.76,59172.17,57875.75,58969.09,0,6366.66,106265.7,35480.0,16.22,-3.68,-18.48,8.2014,0.0267,3676.15,1951.84,460,1564,73,0.294,75.01,71.26,500,63.34,198.4,115.5,54.17,146.67,1455126.53,99.22,2211859.56,0.51,6.53
2024-09-11,59109.7,60724.66,58478.43,60082.99,0,2735.91,107943.71,35739.59,16.57,0.35,2.16,8.1908,-0.0105,514.04,348.64,636,1296,120,0.491,74.73,63.52,500,63.34,198.4,115.5,54.17,146.67,1458866.78,99.29,2246286.14,0.52,6.53
2024-09-12,59943.94,60589.66,59372.42,60017.44,0,4033.9,107931.85,35611.01,17.98,1.41,8.51,8.1706,-0.0202,-261.31,3579.98,922,1050,68,0.878,75.58,66.95,500,63.34,198.4,115.5,54.17,146.67,1495974.76,99.13,2247796.39,0.57,6.53
2024-09-13,60186.37,60660.04,59459.27,59930.93,0,3654.02,107659.54,35569.32,18.43,0.45,2.53,8.1707,0.0,-646.48,2154.09,915,1021,120,0.896,75.57,63.21,500,63.34,198.4,115.5,54.17,146.67,1531873.46,98.8,2230429.72,0.59,6.53
2024-09-16,59941.55,60927.14,59101.33,60084.91,0,5078.41,107394.75,35252.11,15.81,-2.62,-14.2,8.1665,-0.0041,-3311.86,-1948.72,831,1087,116,0.764,75.3,62.77,500,63.34,198.4,115.5,54.17,146.67,1584618.08,98.34,2213009.62,0.57,6.53
2024-09-17,60047.12,60663.54,59735.29,60350.14,0,2267.15,107463.1,35347.06,19.02,3.2,20.25,8.1498,-0.0167,-1166.63,718.47,702,1367,95,0.514,74.0,63.43,500,63.34,198.4,115.5,54.17,146.67,1568312.29,98.13,2258351.44,0.59,6.53
2024-09-18,60265.53,60792.04,60230.74,60756.97,0,5804.42,108207.52,35717.86,14.77,-4.24,-22.31,8.1431,-0.0067,2727.32,-524.7,715,1322,46,0.541,73.59,68.83,500,63.34,198.4,115.5,54.17,146.67,1564839.99,98.73,2283735.76,0.67,6.53
2024-09-19,60964.9,61435.73,60745.45,61215.38,0,1995.02,108791.8,35991.85,16.32,1.55,10.47,8.1401,-0.0031,-1831.19,-241.08,579,1483,58,0.39,71.0,66.69,500,63.34,198.4,115.5,54.17,146.67,1486770.25,98.92,2248546.43,0.61,6.53
2024-09-20,61335.85,61459.64,60312.43,60434.4,0,3502.46,107226.17,35408.61,16.66,0.34,2.1,8.1604,0.0203,479.26,-113.32,1216,830,60,1.465,70.57,62.64,500,63.34,198.4,115.5,54.17,146.67,1518281.07,98.37,2255590.74,0.61,6.53
2024-09-23,60503.46,61325.7,60182.05,61001.65,0,4422.29,107612.29,35439.11,17.99,1.33,7.99,8.1367,-0.0237,3760.44,-467.48,828,1178,113,0.703,71.53,67.93,500,63.34,198.4,115.5,54.17,146.67,1573534.01,98.39,2305242.09,0.59,6.53
2024-09-24,61063.12,61577.3,60915.61,61428.9,0,3241.67,108544.62,35684.32,16.76,-1.24,-6.87,8.1457,0.009,8068.21,221.15,862,1179,77,0.731,73.03,60.46,500,63.34,198.4,115.5,54.17,146.67,1597710.82,98.24,2285154.6,0.58,6.53
2024-09-25,61301.27,61643.6,60390.19,60729.33,0,1801.44,108381.73,35571.47,18.2,1.44,8.58,8.1333,-0.0124,-1396.63,2877.59,1066,942,46,1.132,74.5,64.27,500,63.34,198.4,115.5,54.17,146.67,1603525.58,98.03,2262387.07,0.59,6.53
2024-09-26,60710.21,61041.51,60625.3,60956.26,0,1878.72,109187.99,35659.7,17.64,-0.55,-3.04,8.1287,-0.0046,-297.22,-3628.86,847,1247,40,0.679,75.45,70.29,500,63.34,198.4,115.5,54.17,146.67,1577049.08,98.52,2256103.01,0.6,6.53
2024-09-27,60834.01,61082.04,59270.28,59512.92,0,3536.56,106575.24,34943.51,16.53,-1.12,-6.34,8.1282,-0.0005,1618.59,1255.68,1637,444,90,3.687,75.92,69.45,500,63.34,198.4,115.5,54.17,146.67,1580709.56,98.9,2309651.28,0.69,6.53
2024-09-30,59463.24,60015.95,59072.64,59624.29,0,1564.95,107208.57,35148.72,19.42,2.9,17.52,8.1174,-0.0108,-2983.99,3279.43,780,1143,68,0.682,73.83,59.71,500,63.34,198.4,115.5,54.17,146.67,1580979.23,99.16,2346906.8,0.7,6.53
2024-10-01,59543.08,60097.5,58675.94,59227.43,0,6785.71,106512.75,34856.68,17.61,-1.81,-9.34,8.1132,-0.0042,5716.89,767.79,1090,850,50,1.282,73.6,64.33,500,65.25,198.79,118.2,51.2,145.98,1511097.78,98.78,2330138.73,0.73,7.03
2024-10-02,59296.82,59775.49,58938.03,59415.97,0,3426.2,107210.45,35212.37,20.09,2.48,14.11,8.1093,-0.0039,372.25,4466.84,562,1429,50,0.393,74.98,72.47,500,65.25,198.79,118.2,51.2,145.98,1489288.09,98.75,2307925.56,0.74,7.03
2024-10-03,59263.03,60427.92,58900.11,60060.12,0,3205.88,108007.5,35557.3,18.08,-2.01,-10.01,8.1282,0.0189,407.75,-2057.49,686,1360,107,0.504,74.6,67.99,500,65.25,198.79,118.2,51.2,145.98,1496550.83,98.63,2335343.55,0.73,7.03
2024-10-04,60040.58,60071.32,59967.49,59998.2,0,2175.65,107913.95,35646.97,18.62,0.54,2.97,8.122,-0.0061,-2409.04,191.56,749,1292,76,0.58,75.84,68.14,500,65.25,198.79,118.2,51.2,145.98,1503669.36,98.92,2374253.16,0.8,7.03
2024-10-07,60047.24,60057.65,59129.39,59139.64,0,2041.68,106327.25,35196.29,20.22,1.6,8.61,8.128,0.006,5248.11,187.82,1345,730,30,1.842,75.96,72.52,500,65.25,198.79,118.2,51.2,145.98,1565015.52,98.34,2355895.19,0.76,7.03
2024-10-08,59063.75,59371.53,58185.01,58489.8,0,2751.84,104496.71,34738.4,18.5,-1.72,-8.51,8.1166,-0.0114,196.75,-236.75,1361,688,58,1.978,75.55,62.47,500,65.25,198.79,118.2,51.2,145.98,1595867.01,98.47,2327865.03,0.68,7.03
2024-10-09,58469.94,58827.65,58444.73,58802.29,0,2504.97,104608.27,34929.74,17.69,-0.81,-4.38,8.102,-0.0146,2275.24,-1710.03,687,1245,115,0.552,77.78,68.52,500,65.25,198.79,118.2,51.2,145.98,1575508.03,98.43,2318729.82,0.65,7.03
2024-10-10,58679.48,59966.97,58314.15,59595.93,0,1092.58,106305.33,35417.73,14.53,-3.16,-17.85,8.1159,0.0139,1891.0,15.74,671,1413,97,0.475,78.83,67.86,500,65.25,198.79,118.2,51.2,145.98,1641686.77,97.36,2315701.87,0.68,7.03
2024-10-11,59597.68,60002.21,59443.96,59847.84,0,857.74,106558.35,35508.69,18.38,3.85,26.47,8.1177,0.0018,-845.85,-1465.57,722,1269,127,0.569,77.29,72.01,500,65.25,198.79,118.2,51.2,145.98,1613369.55,97.08,2368132.13,0.66,7.03
2024-10-14,59822.51,60078.95,59462.7,59718.69,0,3340.46,106111.87,35559.52,19.94,1.56,8.51,8.1025,-0.0153,-899.85,-848.24,962,1049,27,0.917,77.56,72.65,500,65.25,198.79,118.2,51.2,145.98,1616762.14,97.2,2397894.22,0.69,7.03
2024-10-15,59643.17,59894.61,58906.1,59155.49,0,1895.06,105181.26,35158.17,23.91,3.97,19.9,8.1117,0.0093,889.89,516.2,992,939,126,1.056,76.66,66.06,500,65.25,198.79,118.2,51.2,145.98,1629001.05,97.26,2384518.27,0.71,7.03
2024-10-16,59135.67,60037.82,58680.28,59579.02,0,3784.76,106114.48,35619.24,16.58,-7.34,-30.67,8.1019,-0.0099,245.81,2443.79,642,1317,37,0.487,77.23,70.3,500,65.25,198.79,118.2,51.2,145.98,1617420.57,97.21,2368984.25,0.67,7.03
2024-10-17,59397.4,60857.19,59004.42,60457.2,0,3922.57,107448.43,36003.55,17.04,0.46,2.76,8.1152,0.0133,3694.93,-2465.37,420,1486,103,0.283,75.89,75.45,500,65.25,198.79,118.2,51.2,145.98,1552183.09,97.4,2379615.25,0.69,7.03
2024-10-18,60732.96,60879.56,60377.87,60523.97,0,2687.14,108669.0,36323.8,18.71,1.68,9.85,8.1241,0.0089,143.97,-773.57,679,1388,36,0.489,77.97,76.1,500,65.25,198.79,118.2,51.2,145.98,1536545.43,97.05,2348670.41,0.68,7.03
2024-10-21,60575.4,61379.99,60407.72,61210.55,0,3194.92,108978.06,36317.56,17.85,-0.87,-4.63,8.1104,-0.0137,-1872.53,-1748.98,783,1209,97,0.648,76.68,67.66,500,65.25,198.79,118.2,51.2,145.98,1546975.8,96.73,2327912.67,0.71,7.03
2024-10-22,61117.16,61409.47,59912.67,60200.6,0,3678.92,107484.13,35910.83,17.98,0.13,0.75,8.0947,-0.0157,441.31,-1739.26,1037,910,74,1.14,76.85,70.69,500,65.25,198.79,118.2,51.2,145.98,1580400.73,96.42,2318045.46,0.79,7.03
2024-10-23,60033.38,60665.11,59798.63,60428.81,0,2807.74,107498.07,36151.85,14.17,-3.81,-21.18,8.0859,-0.0087,3932.05,120.25,648,1302,78,0.498,76.67,70.79,500,65.25,198.79,118.2,51.2,145.98,1503378.71,96.71,2290505.61,0.77,7.03
2024-10-24,60826.18,61122.67,60511.53,60807.93,0,4922.41,107333.25,36421.44,17.71,3.54,24.95,8.0841,-0.0018,66.67,1294.64,845,1178,63,0.717,79.62,74.84,500,65.25,198.79,118.2,51.2,145.98,1477413.0,97.3,2307831.6,0.73,7.03
2024-10-25,60890.44,61555.89,60017.16,60680.31,0,2866.95,107670.24,36782.92,19.23,1.52,8.6,8.0968,0.0127,-1176.75,231.95,880,1190,72,0.739,78.83,73.29,500,65.25,198.79,118.2,51.2,145.98,1486781.02,97.05,2274750.67,0.74,7.03
2024-10-28,60679.38,61434.18,60251.25,61003.75,0,6004.27,107530.6,36904.09,15.99,-3.24,-16.85,8.1053,0.0085,-1242.7,1615.56,784,1227,64,0.639,78.85,74.44,500,65.25,198.79,118.2,51.2,145.98,1500089.61,97.52,2257024.35,0.72,7.03
2024-10-29,61080.89,61405.74,61063.64,61388.41,0,3924.64,108018.46,37102.71,16.3,0.31,1.93,8.1287,0.0234,5230.64,1263.86,790,1147,87,0.689,78.42,64.45,500,65.25,198.79,118.2,51.2,145.98,1469862.37,97.4,2251462.85,0.72,7.03
2024-10-30,61400.33,62059.5,60914.65,61572.46,0,6079.96,109115.34,37251.65,17.76,1.46,8.98,8.1407,0.012,-428.61,688.19,661,1301,29,0.508,78.88,65.22,500,65.25,198.79,118.2,51.2,145.98,1444214.31,97.34,2306170.49,0.73,7.03
2024-10-31,61503.62,62651.57,60747.58,61890.77,0,2238.12,110250.63,37650.34,14.73,-3.03,-17.09,8.1408,0.0001,-738.33,-4207.93,433,1516,109,0.286,76.34,79.28,500,65.25,198.79,118.2,51.2,145.98,1454736.16,97.7,2287242.83,0.71,7.03
2024-11-01,61830.0,63255.24,61392.73,62811.03,0,5897.51,112121.12,38362.61,16.48,1.75,11.87,8.1346,-0.0061,1045.7,-1742.49,417,1588,105,0.263,75.81,64.01,500,65.17,200.14,122.49,54.81,145.41,1467166.47,97.8,2286986.52,0.7,7.03
2024-11-04,62871.9,63187.31,62559.22,62874.62,0,5299.06,111628.93,38126.02,17.67,1.2,7.27,8.1599,0.0252,896.2,-2022.6,892,1068,63,0.835,75.52,73.54,500,65.17,200.14,122.49,54.81,145.41,1524660.24,97.71,2312701.63,0.68,7.03
2024-11-05,62829.94,63632.8,61661.39,62459.51,0,4868.63,110625.91,37621.39,17.92,0.24,1.38,8.1563,-0.0036,-430.3,-1406.55,1130,871,64,1.297,75.38,69.1,500,65.17,200.14,122.49,54.81,145.41,1493752.49,98.59,2363042.91,0.66,7.03
2024-11-06,62600.8,62867.7,62054.15,62319.85,0,2874.41,110387.91,37699.52,19.09,1.17,6.53,8.1431,-0.0132,4015.05,-757.84,1053,879,56,1.198,76.29,70.44,500,65.17,200.14,122.49,54.81,145.41,1526344.76,97.86,2371642.9,0.62,7.03
2024-11-07,62499.38,63001.91,61046.17,61541.0,0,1224.1,109102.2,37343.13,21.26,2.17,11.37,8.1197,-0.0234,-2025.27,-919.09,924,1011,37,0.914,75.21,70.81,500,65.17,200.14,122.49,54.81,145.41,1533011.37,97.84,2389247.46,0.68,7.03
2024-11-08,61668.9,63287.17,61054.63,62663.0,0,4371.08,110692.74,38196.4,14.13,-7.13,-33.54,8.1076,-0.0121,1786.74,-1956.67,128,1957,23,0.065,74.82,66.21,500,65.17,200.14,122.49,54.81,145.41,1563681.51,97.25,2355916.25,0.64,7.03
2024-11-11,62810.51,63863.23,62694.15,63745.15,0,4080.69,112629.88,38812.75,16.16,2.04,14.41,8.1131,0.0055,3293.87,-1834.28,624,1291,82,0.483,77.62,69.8,500,65.17,200.14,122.49,54.81,145.41,1535086.97,96.92,2369345.07,0.61,7.03
2024-11-12,63683.22,63978.72,63035.26,63329.12,0,5826.76,112004.47,38686.07,20.66,4.5,27.86,8.1187,0.0056,3391.22,1348.81,1014,1017,49,0.997,76.24,68.3,500,65.17,200.14,122.49,54.81,145.41,1528073.87,97.0,2385060.45,0.63,7.03
2024-11-13,63440.99,63572.76,63165.1,63296.57,0,1995.27,111810.39,38684.27,13.03,-7.63,-36.94,8.123,0.0043,1890.71,-2674.11,811,1175,25,0.69,75.69,68.91,500,65.17,200.14,122.49,54.81,145.41,1510188.74,96.74,2426908.47,0.64,7.03
2024-11-14,63152.97,63640.23,62756.81,63243.5,0,3989.1,112214.54,38948.18,16.66,3.63,27.86,8.1205,-0.0025,799.41,1066.04,672,1377,74,0.488,75.38,67.09,500,65.17,200.14,122.49,54.81,145.41,1561584.68,96.99,2439817.71,0.61,7.03
2024-11-15,63329.78,63831.98,62987.18,63488.51,0,2264.49,112469.91,38949.34,17.13,0.47,2.84,8.1261,0.0056,1704.38,1918.57,705,1361,77,0.518,75.42,66.44,500,65.17,200.14,122.49,54.81,145.41,1547558.19,97.31,2432250.68,0.55,7.03
2024-11-18,63676.46,63965.61,62582.31,62867.79,0,2900.93,111432.52,38612.49,18.08,0.95,5.52,8.135,0.0089,-7000.81,-2167.11,1282,680,86,1.885,75.21,69.3,500,65.17,200.14,122.49,54.81,145.41,1582649.11,98.01,2443835.45,0.6,7.03
2024-11-19,62879.14,63030.07,62145.87,62295.4,0,2033.9,110193.13,38057.58,17.21,-0.87,-4.79,8.13,-0.0051,996.81,710.93,1355,660,116,2.053,73.77,69.93,500,65.17,200.14,122.49,54.81,145.41,1558943.67,97.95,2438263.86,0.61,7.03
2024-11-20,62432.99,62750.25,61680.15,61995.19,0,2093.6,109287.07,37660.86,20.83,3.62,21.0,8.1462,0.0163,-548.61,3632.21,1028,970,109,1.06,73.67,69.55,500,65.17,200.14,122.49,54.81,145.41,1511108.65,97.15,2448296.63,0.62,7.03
2024-11-21,61922.82,62185.92,61892.58,62155.56,0,1902.49,109513.44,37562.01,14.67,-6.16,-29.57,8.1261,-0.0201,-2040.61,-2242.41,689,1349,47,0.511,73.85,66.63,500,65.17,200.14,122.49,54.81,145.41,1503784.7,97.06,2487318.85,0.64,7.03
2024-11-22,62197.12,62754.56,60452.01,60998.71,0,3088.04,107771.85,37054.86,16.1,1.43,9.78,8.1144,-0.0117,-7144.92,-1645.57,1140,780,87,1.462,73.25,73.18,500,65.17,200.14,122.49,54.81,145.41,1495768.85,97.33,2525471.73,0.61,7.03
2024-11-25,60966.78,61131.06,60722.32,60886.38,0,3471.22,107951.07,36910.28,16.64,0.53,3.3,8.1013,-0.0131,-903.32,-603.24,879,1216,87,0.723,70.86,63.74,500,65.17,200.14,122.49,54.81,145.41,1484025.24,97.4,2534885.84,0.58,7.03
2024-11-26,61001.48,61557.31,60600.11,61154.93,0,2696.48,108517.08,37019.74,21.62,4.99,29.98,8.101,-0.0004,-4970.82,1351.52,719,1329,73,0.541,71.98,70.57,500,65.17,200.14,122.49,54.81,145.41,1501295.54,96.72,2550183.54,0.57,7.03
2024-11-27,61166.44,62802.73,60289.7,61915.25,0,6632.31,108977.21,37146.13,17.31,-4.32,-19.96,8.1186,0.0176,2018.86,-233.96,614,1301,44,0.472,70.63,62.84,500,65.17,200.14,122.49,54.81,145.41,1521934.61,96.51,2588301.41,0.6,7.03
2024-11-28,61756.28,61989.5,60037.58,60265.17,0,1937.04,106148.09,36130.48,21.82,4.51,26.05,8.0978,-0.0208,-5884.86,-99.67,1568,499,37,3.142,69.79,61.55,500,65.17,200.14,122.49,54.81,145.41,1558975.4,96.99,2540888.21,0.66,7.03
2024-11-29,60562.74,61750.06,60058.33,61240.01,0,6138.04,108071.0,36716.47,12.57,-9.24,-42.37,8.1021,0.0043,290.45,-2783.06,360,1546,90,0.233,69.62,66.48,500,65.17,200.14,122.49,54.81,145.41,1664992.5,96.41,2549775.48,0.66,7.03
2024-12-02,61270.0,61416.94,61199.98,61346.83,0,3264.32,107962.29,36571.45,17.99,5.42,43.11,8.117,0.0149,-1096.84,-2787.05,753,1210,26,0.622,70.31,69.85,500,65.12,200.84,114.72,50.07,145.61,1677275.41,96.76,2564338.72,0.69,7.03
2024-12-03,61299.41,61733.82,61207.23,61641.12,0,2208.96,108494.27,36653.2,19.51,1.52,8.44,8.1126,-0.0044,-625.41,2693.68,985,919,86,1.072,70.29,61.02,500,65.12,200.84,114.72,50.07,145.61,1690637.91,96.62,2577867.64,0.68,7.03
2024-12-04,61565.9,62107.68,61159.42,61700.31,0,2983.57,108489.62,36818.68,20.81,1.3,6.65,8.121,0.0084,-934.52,747.38,792,1165,125,0.68,68.41,62.02,500,65.12,200.84,114.72,50.07,145.61,1691234.35,96.82,2555250.37,0.66,7.03
2024-12-05,61745.46,62928.49,61384.13,62562.38,0,3448.69,109647.34,37197.54,12.94,-7.86,-37.8,8.1088,-0.0123,-652.76,2115.19,518,1518,85,0.341,68.27,59.71,500,65.12,200.84,114.72,50.07,145.61,1716709.91,96.47,2587038.3,0.67,7.03
2024-12-06,62636.81,63316.67,61861.46,62540.28,0,5600.28,109868.74,37387.63,17.57,4.62,35.72,8.111,0.0022,745.75,-3526.98,964,1120,103,0.861,69.91,72.71,500,65.12,200.84,114.72,50.07,145.61,1675480.22,96.62,2583615.51,0.68,7.03
2024-12-09,62669.2,63074.53,61905.53,62308.53,0,2714.27,109437.25,37382.94,17.03,-0.54,-3.08,8.1217,0.0107,2618.59,-2602.34,973,974,109,0.999,71.87,55.46,500,65.12,200.84,114.72,50.07,145.61,1639537.16,96.92,2551416.68,0.69,7.03
2024-12-10,62445.77,63096.27,62021.4,62670.36,0,2000.03,109377.13,37481.61,22.3,5.28,31.0,8.1151,-0.0065,-206.53,1029.82,832,1167,129,0.713,70.44,69.24,500,65.12,200.84,114.72,50.07,145.61,1654436.47,96.98,2518385.35,0.73,7.03
2024-12-11,62720.8,63366.6,61359.08,61997.43,0,4181.99,108624.12,37052.38,18.63,-3.67,-16.46,8.1339,0.0188,1083.25,4851.89,1087,930,67,1.169,70.23,64.07,500,65.12,200.84,114.72,50.07,145.61,1654101.28,96.0,2513063.84,0.73,7.03
2024-12-12,62038.98,63034.86,61831.9,62825.15,0,3364.49,109831.74,37652.5,16.73,-1.9,-10.19,8.1304,-0.0035,-2437.04,2651.65,462,1481,107,0.312,71.66,63.78,500,65.12,200.84,114.72,50.07,145.61,1683667.13,95.69,2509318.99,0.75,7.03
2024-12-13,62844.57,64392.65,62092.56,63631.23,0,2216.19,111896.28,38242.75,16.65,-0.09,-0.51,8.1303,-0.0001,3910.64,499.47,369,1584,72,0.233,73.07,62.68,500,65.12,200.84,114.72,50.07,145.61,1647936.03,95.28,2520469.1,0.78,7.03
2024-12-16,63699.89,64064.72,63534.84,63899.15,0,6543.24,112714.56,38455.98,17.52,0.87,5.24,8.1239,-0.0063,-2731.24,-4354.22,519,1413,36,0.367,71.48,68.05,500,65.12,200.84,114.72,50.07,145.61,1653744.65,95.34,2565857.53,0.74,7.03
2024-12-17,63804.25,64612.36,63279.21,64085.01,0,3118.4,112562.71,38366.15,17.51,-0.01,-0.04,8.1308,0.0068,-460.47,2757.38,837,1156,109,0.724,70.59,66.96,500,65.12,200.84,114.72,50.07,145.61,1587114.8,94.94,2538520.29,0.71,7.03
2024-12-18,64042.9,65941.09,63382.33,65267.88,0,4001.95,114754.95,39028.68,15.52,-1.99,-11.38,8.1242,-0.0066,1237.09,-1294.76,428,1473,95,0.291,70.19,58.11,500,65.12,200.84,114.72,50.07,145.61,1618976.46,94.5,2499198.43,0.7,7.03
2024-12-19,65263.19,65622.82,64943.86,65303.29,0,3669.38,115050.14,39370.57,17.48,1.96,12.64,8.1295,0.0054,6625.34,729.93,937,1045,87,0.897,69.42,59.99,500,65.12,200.84,114.72,50.07,145.61,1641739.41,94.52,2520511.52,0.73,7.03
2024-12-20,65175.48,66459.03,64799.69,66078.04,0,2375.71,116537.31,39784.51,18.99,1.51,8.63,8.1298,0.0003,6256.89,1512.14,323,1581,123,0.204,69.43,62.52,500,65.12,200.84,114.72,50.07,145.61,1694080.33,94.74,2541882.23,0.75,7.03
2024-12-23,66331.62,67337.89,65930.71,66933.34,0,7163.37,117788.83,40391.25,15.63,-3.36,-17.71,8.1505,0.0207,-1910.58,940.02,598,1430,94,0.418,69.99,70.28,500,65.12,200.84,114.72,50.07,145.61,1667683.37,94.84,2564379.97,0.69,7.03
2024-12-24,67012.58,67598.99,66594.39,67179.76,0,5629.17,118325.81,40598.45,17.85,2.22,14.24,8.1514,0.0009,2904.19,501.26,771,1288,77,0.599,72.74,66.28,500,65.12,200.84,114.72,50.07,145.61,1547805.63,94.08,2526646.83,0.65,7.03
2024-12-25,67274.43,67442.95,66163.65,66329.8,0,4906.73,117517.05,40112.61,19.28,1.43,8.03,8.1515,0.0001,-293.22,-2703.74,963,1126,35,0.855,74.05,72.37,500,65.12,200.84,114.72,50.07,145.61,1515798.51,94.57,2539549.71,0.66,7.03
2024-12-26,66338.12,66536.76,65015.36,65210.63,0,1149.48,115920.42,39345.1,20.09,0.81,4.19,8.1413,-0.0102,-2705.7,-2446.2,1180,824,24,1.432,74.47,70.5,500,65.12,200.84,114.72,50.07,145.61,1535029.62,94.55,2539411.35,0.64,7.03
2024-12-27,65317.92,66088.55,64965.44,65733.83,0,3136.53,117006.46,39468.19,18.41,-1.68,-8.37,8.1492,0.0079,-2077.24,1127.68,526,1515,86,0.347,74.86,68.55,500,65.12,200.84,114.72,50.07,145.61,1513902.37,94.61,2530746.93,0.64,7.03
2024-12-30,65760.08,65822.08,65093.54,65154.97,0,5195.34,116868.57,39211.88,16.54,-1.87,-10.15,8.1624,0.0132,599.33,5387.67,973,1023,121,0.951,75.36,68.73,500,65.12,200.84,114.72,50.07,145.61,1556307.18,94.29,2476834.54,0.6,7.03
2024-12-31,65306.44,65745.88,64488.16,64925.04,0,3152.48,116378.32,38887.25,17.85,1.3,7.87,8.151,-0.0114,40.46,1472.5,834,1210,128,0.689,75.21,64.01,500,65.12,200.84,114.72,50.07,145.61,1562536.18,94.07,2518902.8,0.59,7.03
2025-01-01,65143.81,65839.92,64502.14,65197.71,0,3049.19,116292.63,39010.95,15.53,-2.32,-12.99,8.1614,0.0104,2907.37,3688.68,745,1160,21,0.642,78.32,71.52,500,64.32,201.98,111.58,54.99,146.12,1615210.51,93.79,2556148.64,0.55,8.19
2025-01-02,65158.2,65559.65,64392.99,64792.19,0,2703.74,115056.02,38690.91,24.45,8.92,57.45,8.174,0.0126,-1638.97,1314.65,1084,933,108,1.162,78.55,71.14,500,64.32,201.98,111.58,54.99,146.12,1596688.65,93.59,2578577.02,0.52,8.19
2025-01-03,64674.83,65174.71,63286.86,63779.82,0,3786.42,112950.94,37965.93,24.08,-0.37,-1.5,8.2223,0.0482,-1513.33,-2255.99,1224,702,90,1.744,78.63,70.55,500,64.32,201.98,111.58,54.99,146.12,1601933.25,92.84,2557391.15,0.54,8.19
2025-01-06,63625.4,64534.84,63550.1,64458.55,0,2314.76,113616.77,38135.46,17.15,-6.93,-28.79,8.2165,-0.0058,-2422.41,2556.59,475,1475,99,0.322,77.34,77.42,500,64.32,201.98,111.58,54.99,146.12,1603455.12,92.79,2506935.41,0.5,8.19
2025-01-07,64604.65,65021.1,63040.49,63449.49,0,2020.87,112324.89,37632.99,19.87,2.72,15.88,8.2023,-0.0141,-4746.0,-324.48,1183,737,38,1.605,76.07,61.24,500,64.32,201.98,111.58,54.99,146.12,1612604.29,92.61,2532453.29,0.42,8.19
2025-01-08,63287.36,63800.41,61765.48,62270.28,0,2835.0,110099.06,36897.18,21.19,1.32,6.64,8.2028,0.0004,-9894.2,-1148.92,1468,525,31,2.796,75.6,65.4,500,64.32,201.98,111.58,54.99,146.12,1638727.51,92.97,2587732.83,0.43,8.19
2025-01-09,62012.47,62177.98,61861.58,62027.05,0,1202.03,109654.54,36543.56,19.6,-1.58,-7.47,8.2058,0.0031,428.51,1372.27,721,1347,51,0.535,73.61,68.57,500,64.32,201.98,111.58,54.99,146.12,1623753.0,93.07,2559843.02,0.46,8.19
2025-01-10,61937.16,62363.05,60785.38,61206.25,0,2951.77,108423.3,36302.43,16.92,-2.68,-13.69,8.1986,-0.0072,4931.41,285.74,1069,883,29,1.211,74.14,69.08,500,64.32,201.98,111.58,54.99,146.12,1624499.05,93.12,2533502.1,0.48,8.19
2025-01-13,61254.82,62167.03,60861.91,61770.81,0,7659.66,108971.24,36162.95,20.4,3.48,20.56,8.1922,-0.0064,-3904.65,-1705.42,1052,943,96,1.116,72.63,66.79,500,64.32,201.98,111.58,54.99,146.12,1639171.19,92.88,2507467.48,0.5,8.19
2025-01-14,61746.47,62036.71,61110.26,61398.87,0,1544.44,108330.83,36059.52,21.08,0.68,3.32,8.1896,-0.0026,607.1,430.36,1105,972,120,1.137,73.04,68.86,500,64.32,201.98,111.58,54.99,146.12,1654703.4,93.25,2466987.79,0.46,8.19
2025-01-15,61211.24,62141.83,60707.7,61634.81,0,2162.05,108293.23,36004.45,16.22,-4.86,-23.05,8.1582,-0.0314,89.04,-683.45,872,1137,98,0.767,73.29,68.26,500,64.32,201.98,111.58,54.99,146.12,1710494.49,93.14,2488640.12,0.45,8.19
2025-01-16,61761.49,62388.47,61394.46,62019.91,0,1066.79,108989.68,36558.32,17.44,1.23,7.56,8.1518,-0.0064,284.38,473.11,675,1297,68,0.52,72.81,67.33,500,64.32,201.98,111.58,54.99,146.12,1751783.63,93.54,2461279.14,0.46,8.19
2025-01-17,61871.2,62732.26,61600.14,62458.62,0,3033.36,110589.57,36889.02,17.26,-0.18,-1.05,8.147,-0.0049,4212.71,-1472.96,964,1067,72,0.903,71.88,61.2,500,64.32,201.98,111.58,54.99,146.12,1785906.1,93.73,2483116.94,0.44,8.19
2025-01-20,62507.82,62751.34,61198.23,61437.57,0,3857.73,109195.58,36435.58,19.55,2.29,13.24,8.1318,-0.0152,326.39,3439.71,906,1063,22,0.852,73.72,71.29,500,64.32,201.98,111.58,54.99,146.12,1843970.72,94.3,2531008.5,0.4,8.19
2025-01-21,61239.78,62480.49,60787.62,62022.55,0,3492.83,109951.9,36808.56,19.84,0.3,1.52,8.1329,0.0012,-913.28,-746.02,607,1446,91,0.42,73.24,61.74,500,64.32,201.98,111.58,54.99,146.12,1871642.61,94.92,2550374.64,0.4,8.19
2025-01-22,61965.5,62532.84,61845.81,62412.29,0,2365.93,111167.26,37287.22,16.2,-3.64,-18.36,8.1343,0.0013,187.95,2291.76,842,1092,21,0.771,72.43,68.96,500,64.32,201.98,111.58,54.99,146.12,1830680.06,94.49,2607436.81,0.4,8.19
2025-01-23,62164.77,62490.37,61885.28,62210.67,0,3860.05,110724.74,37252.41,18.06,1.86,11.5,8.1174,-0.0169,-1452.05,1541.75,715,1312,120,0.545,70.8,61.39,500,64.32,201.98,111.58,54.99,146.12,1807071.88,94.4,2661947.47,0.4,8.19
2025-01-24,62173.19,62504.84,61050.3,61377.7,0,2427.22,108439.68,36736.95,21.07,3.01,16.64,8.1206,0.0032,2361.34,-1598.25,1236,730,88,1.693,71.12,65.04,500,64.32,201.98,111.58,54.99,146.12,1848225.92,94.61,2672892.12,0.4,8.19
2025-01-27,61500.69,61996.22,61073.93,61568.98,0,2459.43,108569.99,36795.5,16.37,-4.7,-22.28,8.1203,-0.0004,-4858.6,1194.5,856,1081,87,0.792,71.12,70.83,500,64.32,201.98,111.58,54.99,146.12,1934108.15,94.66,2698551.22,0.4,8.19
2025-01-28,61650.41,61899.0,61136.86,61384.38,0,1761.27,108164.41,36858.21,16.8,0.43,2.61,8.1385,0.0182,521.64,-1901.33,1265,645,109,1.961,70.44,69.8,500,64.32,201.98,111.58,54.99,146.12,1902295.25,95.24,2699283.46,0.4,8.19
2025-01-29,61134.63,61795.0,60809.27,61467.87,0,1102.2,108152.94,36885.96,17.2,0.4,2.37,8.1653,0.0268,-4474.64,649.1,958,1011,34,0.948,71.48,60.82,500,64.32,201.98,111.58,54.99,146.12,1894508.52,95.37,2684380.79,0.4,8.19
2025-01-30,61608.94,61952.98,59553.09,59887.51,0,2109.58,105626.43,35812.74,20.72,3.52,20.48,8.1631,-0.0022,263.54,864.37,1724,311,56,5.543,69.44,67.97,500,64.32,201.98,111.58,54.99,146.12,1881372.68,95.87,2741158.86,0.4,8.19
2025-01-31,59929.66,60279.29,58787.13,59132.11,0,4967.54,104559.64,35431.23,15.22,-5.5,-26.55,8.1558,-0.0073,1450.29,54.41,1191,734,44,1.623,67.7,63.45,500,64.32,201.98,111.58,54.99,146.12,1886829.47,95.96,2695948.9,0.4,8.19
2025-02-03,59027.06,59288.71,57573.51,57829.85,0,2568.71,102293.88,34698.37,22.22,7.0,45.98,8.1586,0.0028,1865.5,-1579.25,1413,646,48,2.187,66.75,63.57,500,63.97,203.1,109.43,57.45,146.4,1941811.43,95.39,2683726.2,0.4,8.19
2025-02-04,57791.22,58021.96,57054.42,57283.13,0,3280.9,101122.04,34150.88,19.95,-2.27,-10.22,8.1485,-0.0101,2318.63,-233.69,1306,711,124,1.837,66.22,54.42,500,63.97,203.1,109.43,57.45,146.4,1986778.86,95.47,2688999.01,0.4,8.19
2025-02-05,57229.81,58153.04,56868.88,57788.59,0,2537.03,102001.78,34291.67,16.15,-3.8,-19.05,8.1218,-0.0268,-2038.48,-86.83,574,1330,84,0.432,66.4,56.46,500,63.97,203.1,109.43,57.45,146.4,1949517.13,95.23,2691195.7,0.4,8.19
2025-02-06,57846.65,58229.95,57778.54,58161.46,0,1500.45,102319.89,34562.64,16.18,0.03,0.18,8.1124,-0.0094,-6668.2,2547.89,840,1145,89,0.734,65.83,67.56,500,63.97,203.1,109.43,57.45,146.4,1883324.2,95.21,2654001.99,0.4,8.19
2025-02-07,58228.26,59539.18,57928.88,59234.63,0,3248.57,104392.92,35094.66,15.29,-0.89,-5.5,8.1299,0.0176,1487.61,111.42,553,1496,81,0.37,65.56,57.56,500,63.97,203.1,109.43,57.45,146.4,1915640.14,94.71,2650100.38,0.4,8.19
2025-02-10,59269.12,59666.59,58405.21,58799.54,0,3494.11,103599.41,34782.91,20.49,5.2,34.02,8.1341,0.0042,6414.71,3200.57,1090,813,42,1.341,64.88,50.95,500,63.97,203.1,109.43,57.45,146.4,2020369.01,94.91,2603218.11,0.4,8.19
2025-02-11,58699.38,59481.39,58685.36,59467.19,0,2408.56,104400.31,35069.42,16.12,-4.37,-21.32,8.1397,0.0056,-3893.44,-1464.81,802,1240,49,0.647,66.06,61.48,500,63.97,203.1,109.43,57.45,146.4,2042120.05,95.01,2631687.4,0.4,8.19
2025-02-12,59432.1,59743.34,57741.73,58045.71,0,3694.54,101816.87,34604.03,18.36,2.24,13.9,8.1334,-0.0063,-4005.83,749.6,1163,831,55,1.4,66.19,58.61,500,63.97,203.1,109.43,57.45,146.4,2112149.39,95.92,2680516.72,0.4,8.19
2025-02-13,57896.88,58535.92,57635.27,58272.61,0,3262.91,101842.89,34823.31,21.5,3.14,17.09,8.126,-0.0074,2202.95,-1526.35,948,1008,74,0.94,65.86,65.52,500,63.97,203.1,109.43,57.45,146.4,2060271.61,95.88,2686431.43,0.4,8.19
2025-02-14,58127.38,59424.49,57684.58,58975.24,0,2669.21,102443.0,35199.16,16.79,-4.71,-21.91,8.1215,-0.0045,3176.13,1657.08,893,1086,26,0.822,63.35,58.15,500,63.97,203.1,109.43,57.45,146.4,2034421.34,95.69,2669012.08,0.4,8.19
2025-02-17,58969.2,60112.7,58656.1,59795.21,0,3036.35,104189.22,35892.11,16.28,-0.51,-3.05,8.1207,-0.0008,-2455.28,-100.54,368,1598,67,0.23,65.02,65.87,500,63.97,203.1,109.43,57.45,146.4,2038831.33,95.39,2696870.97,0.4,8.19
2025-02-18,59888.0,60080.34,59581.42,59773.4,0,3459.76,103645.36,35669.83,21.84,5.56,34.17,8.1193,-0.0015,-1114.37,-2429.97,827,1259,55,0.657,63.19,57.66,500,63.97,203.1,109.43,57.45,146.4,2069819.2,95.82,2674240.01,0.4,8.19
2025-02-19,59483.6,60213.86,59011.19,59739.43,0,1861.45,104307.29,36006.63,16.69,-5.15,-23.6,8.0998,-0.0194,-2066.25,-579.15,530,1468,52,0.361,64.24,54.17,500,63.97,203.1,109.43,57.45,146.4,2101556.41,95.52,2727811.85,0.4,8.19
2025-02-20,59598.7,60170.11,59043.88,59615.13,0,2899.97,103351.13,35651.47,20.43,3.74,22.4,8.1056,0.0058,-3368.98,156.77,937,1078,53,0.869,65.31,49.66,500,63.97,203.1,109.43,57.45,146.4,2169497.61,94.63,2726912.85,0.4,8.19
2025-02-21,59672.75,60450.14,58360.26,59130.58,0,3034.5,102678.52,35698.37,17.7,-2.72,-13.34,8.1219,0.0163,-2085.56,258.03,1345,620,109,2.169,64.42,61.63,500,63.97,203.1,109.43,57.45,146.4,2166979.71,94.68,2732799.07,0.4,8.19
2025-02-24,59282.48,60062.33,58969.48,59746.88,0,1408.75,103973.24,36207.02,16.82,-0.88,-5.0,8.1049,-0.017,220.91,2757.79,486,1437,22,0.338,63.91,53.67,500,63.97,203.1,109.43,57.45,146.4,2089983.61,94.52,2731139.95,0.4,8.19
2025-02-25,59676.27,60194.3,59513.85,60030.92,0,4694.53,104492.94,36165.97,18.23,1.41,8.41,8.0937,-0.0113,277.89,2942.67,822,1262,107,0.651,62.84,54.94,500,63.97,203.1,109.43,57.45,146.4,2093506.87,94.66,2751029.01,0.4,8.19
2025-02-26,60228.2,60733.17,59941.96,60445.9,0,3443.61,104787.91,36522.22,18.69,0.46,2.52,8.0878,-0.0058,4427.74,-605.21,828,1212,92,0.683,63.31,54.77,500,63.97,203.1,109.43,57.45,146.4,2044044.77,94.82,2706695.05,0.4,8.19
2025-02-27,60600.08,60950.76,59896.06,60244.69,0,2037.88,105068.66,36520.87,17.07,-1.62,-8.67,8.0952,0.0074,2956.21,4272.45,954,979,65,0.974,63.54,56.5,500,63.97,203.1,109.43,57.45,146.4,2037000.02,94.88,2672999.99,0.4,8.19
2025-02-28,60075.46,60833.98,59600.67,60356.97,0,3144.05,105050.72,36476.79,21.76,4.69,27.45,8.1085,0.0133,-1107.27,599.88,819,1245,69,0.658,64.6,53.04,500,63.97,203.1,109.43,57.45,146.4,2062248.3,94.41,2669370.14,0.4,8.19
2025-03-03,60451.09,61204.12,60208.24,60959.22,0,3024.46,105613.3,36759.07,15.62,-6.13,-28.2,8.1101,0.0015,-1922.97,3243.47,502,1413,25,0.355,64.19,54.85,500,65.78,203.22,118.32,54.03,146.36,2032465.7,94.77,2736479.9,0.4,8.19
2025-03-04,60801.67,61513.49,59571.08,60276.75,0,2155.03,104350.66,36097.32,19.68,4.06,25.99,8.1087,-0.0014,1278.19,890.81,1288,799,73,1.612,63.08,55.21,500,65.78,203.22,118.32,54.03,146.36,2083532.53,94.38,2738494.6,0.4,8.19
2025-03-05,60295.87,60746.55,59900.28,60350.6,0,2419.28,103965.61,36091.86,16.72,-2.96,-15.04,8.1303,0.0216,-3171.76,-975.95,678,1283,106,0.528,63.42,53.32,500,65.78,203.22,118.32,54.03,146.36,2062112.54,94.87,2680359.29,0.4,8.19
2025-03-06,60299.68,60598.28,59930.28,60228.53,0,5328.72,103566.77,36037.57,19.45,2.73,16.33,8.1095,-0.0207,-213.23,1210.52,936,1133,52,0.826,62.21,56.73,500,65.78,203.22,118.32,54.03,146.36,2008294.54,94.53,2702143.73,0.4,8.19
2025-03-07,60224.51,60495.68,59940.35,60211.46,0,3658.65,103878.65,36011.56,17.69,-1.76,-9.05,8.1277,0.0182,4816.8,1947.14,1015,906,59,1.12,62.61,53.07,500,65.78,203.22,118.32,54.03,146.36,2081767.5,94.49,2679373.69,0.4,8.19
2025-03-10,60130.77,60664.2,59276.03,59806.57,0,6710.04,103298.5,35629.93,17.82,0.13,0.72,8.1256,-0.0021,-7181.52,1548.14,1100,845,65,1.302,61.82,63.16,500,65.78,203.22,118.32,54.03,146.36,2084014.49,93.14,2661766.03,0.4,8.19
2025-03-11,59738.12,60986.21,59089.78,60331.43,0,6458.56,104572.96,36008.39,17.03,-0.79,-4.44,8.1456,0.0201,1810.92,1144.93,283,1743,41,0.162,61.84,60.57,500,65.78,203.22,118.32,54.03,146.36,2001133.78,93.26,2649814.36,0.4,8.19
2025-03-12,60171.04,60883.8,59729.98,60440.77,0,1726.42,105368.73,36183.25,15.19,-1.84,-10.8,8.1401,-0.0056,-243.51,-7099.57,860,1170,26,0.735,63.01,56.29,500,65.78,203.22,118.32,54.03,146.36,2009611.06,93.02,2646735.56,0.4,8.19
2025-03-13,60403.79,61016.85,59836.25,60448.88,0,4462.93,105596.37,36230.51,15.56,0.37,2.43,8.1431,0.003,-3635.6,86.91,575,1492,88,0.385,60.32,56.21,500,65.78,203.22,118.32,54.03,146.36,1999410.56,92.93,2580627.68,0.4,8.19
2025-03-14,60475.13,60940.15,58941.65,59398.39,0,1427.93,103367.9,35558.27,16.55,1.0,6.4,8.1436,0.0005,865.61,-1308.41,1507,473,27,3.186,60.53,60.84,500,65.78,203.22,118.32,54.03,146.36,2018239.99,92.78,2595465.18,0.4,8.19
2025-03-17,59276.55,60399.68,58693.79,59811.65,0,1736.77,104041.48,35704.55,16.9,0.35,2.09,8.1324,-0.0112,2119.19,1075.8,777,1241,120,0.626,61.04,49.35,500,65.78,203.22,118.32,54.03,146.36,2084934.33,92.37,2606977.45,0.4,8.19
2025-03-18,59852.81,61238.18,59520.12,60899.66,0,3962.88,105843.27,36328.79,11.03,-5.87,-34.75,8.128,-0.0044,1422.04,-606.07,425,1552,29,0.274,62.09,56.59,500,65.78,203.22,118.32,54.03,146.36,2018058.15,92.77,2596572.9,0.4,8.19
2025-03-19,60952.86,61185.71,60755.16,60987.9,0,2638.41,106338.26,36675.62,17.8,6.77,61.43,8.1254,-0.0025,-657.23,-2385.99,712,1371,69,0.519,61.83,54.23,500,65.78,203.22,118.32,54.03,146.36,1972426.84,92.55,2628961.99,0.4,8.19
2025-03-20,60951.93,61299.69,60462.05,60809.0,0,1772.9,106262.56,36581.77,19.85,2.05,11.51,8.1439,0.0184,-1664.5,-1340.47,770,1216,78,0.633,61.43,59.99,500,65.78,203.22,118.32,54.03,146.36,1973049.84,92.9,2616083.81,0.4,8.19
2025-03-21,60829.99,61294.42,60151.13,60613.91,0,3157.41,105545.74,36405.51,16.9,-2.96,-14.89,8.1307,-0.0132,-573.66,-3561.29,747,1255,53,0.595,59.48,53.53,500,65.78,203.22,118.32,54.03,146.36,1951943.8,92.58,2680920.97,0.4,8.19
2025-03-24,60772.57,61370.33,60472.53,61068.83,0,1619.97,106074.92,36534.71,18.72,1.83,10.82,8.1249,-0.0058,-1552.71,7015.04,831,1213,118,0.685,60.64,52.07,500,65.78,203.22,118.32,54.03,146.36,2000661.15,92.63,2607719.6,0.4,8.19
2025-03-25,60961.98,61647.33,60025.74,60708.24,0,1980.5,105866.46,36473.5,19.18,0.46,2.46,8.1074,-0.0175,2866.79,1975.88,692,1325,81,0.522,61.13,55.56,500,65.78,203.22,118.32,54.03,146.36,2005764.74,92.33,2648994.03,0.4,8.19
2025-03-26,60895.39,62227.66,60585.48,61912.58,0,1785.56,107199.55,37194.76,15.5,-3.69,-19.21,8.1321,0.0247,-822.76,92.69,381,1619,34,0.235,61.36,49.92,500,65.78,203.22,118.32,54.03,146.36,2022437.71,91.8,2712330.68,0.4,8.19
2025-03-27,61853.87,63599.66,61524.03,63262.31,0,1663.63,109069.11,37998.47,17.48,1.98,12.79,8.1428,0.0107,341.89,-1568.26,352,1678,30,0.21,61.1,60.62,500,65.78,203.22,118.32,54.03,146.36,1991679.05,91.95,2687153.34,0.4,8.19
2025-03-28,63191.33,64249.99,62810.96,63865.57,0,2108.21,109321.59,38078.15,17.48,-0.0,-0.01,8.1383,-0.0045,824.21,1442.06,805,1127,87,0.714,61.03,48.91,500,65.78,203.22,118.32,54.03,146.36,1910380.28,92.1,2690916.04,0.4,8.19
2025-03-31,63715.86,64128.61,62688.71,63097.46,0,2635.62,108363.6,37680.94,17.53,0.05,0.27,8.1436,0.0053,716.54,487.41,1150,756,78,1.521,60.65,55.2,500,65.78,203.22,118.32,54.03,146.36,1878244.92,91.93,2676950.92,0.4,8.19
2025-04-01,62980.14,63180.62,62611.68,62811.62,0,3753.71,108383.47,37582.09,20.66,3.14,17.91,8.142,-0.0016,3474.35,-3946.35,992,928,72,1.069,61.86,51.89,500,66.53,203.87,116.15,59.7,147.03,1912073.43,91.66,2705664.94,0.4,5.73
2025-04-02,62943.17,64272.04,62608.58,63932.2,0,2607.67,109784.06,38067.38,16.07,-4.59,-22.22,8.1197,-0.0223,-1113.46,1514.78,412,1661,21,0.248,61.21,51.68,500,66.53,203.87,116.15,59.7,147.03,2061607.79,91.58,2679972.92,0.4,5.73
2025-04-03,64031.18,64948.09,63418.83,64332.85,0,1148.04,109624.32,38214.62,17.96,1.89,11.76,8.1089,-0.0108,3056.29,234.35,875,1080,106,0.81,62.52,52.11,500,66.53,203.87,116.15,59.7,147.03,2047643.17,91.66,2674992.43,0.4,5.73
2025-04-04,64287.21,64724.47,63110.68,63542.88,0,3923.95,107898.72,37648.75,20.94,2.97,16.54,8.1046,-0.0043,-15664.97,3388.42,1223,824,126,1.484,62.68,57.37,500,66.53,203.87,116.15,59.7,147.03,2029725.11,91.98,2669339.46,0.4,5.73
2025-04-07,63396.21,63873.61,63044.73,63521.44,0,2111.49,107738.69,37598.34,21.34,0.4,1.92,8.1085,0.0039,-1024.81,-2321.14,876,1159,40,0.756,62.53,47.85,500,66.53,203.87,116.15,59.7,147.03,2002726.13,92.01,2636516.33,0.4,5.73
2025-04-08,63441.71,64643.14,63187.5,64385.14,0,1444.37,109079.14,38304.23,16.57,-4.76,-22.33,8.0941,-0.0144,2875.99,-670.14,480,1483,49,0.324,61.02,51.13,500,66.53,203.87,116.15,59.7,147.03,2037717.67,91.58,2641461.51,0.4,5.73
2025-04-09,64483.61,65192.53,64134.05,64841.03,0,2695.66,110074.47,38547.34,15.83,-0.74,-4.47,8.0832,-0.0108,-3163.62,3607.0,505,1486,32,0.34,61.75,47.79,500,66.53,203.87,116.15,59.7,147.03,1992590.56,91.49,2631872.78,0.4,5.73
2025-04-10,64906.01,65198.51,63972.14,64261.74,0,2281.97,109478.09,38495.28,20.01,4.18,26.41,8.0761,-0.0071,-4885.91,407.81,1035,962,74,1.076,60.53,51.4,500,66.53,203.87,116.15,59.7,147.03,1977490.6,91.98,2624662.3,0.4,5.73
2025-04-11,64395.18,65187.56,63928.85,64718.89,0,1753.47,110589.64,38886.71,16.82,-3.19,-15.93,8.0802,0.0041,-3870.75,-1890.8,644,1428,102,0.451,59.23,53.92,500,66.53,203.87,116.15,59.7,147.03,2007742.41,91.5,2650837.45,0.4,5.73
2025-04-14,64651.09,65328.93,64582.31,65259.49,0,3202.66,111168.04,39238.62,15.01,-1.81,-10.78,8.0693,-0.0108,-7580.54,2079.49,485,1487,95,0.326,58.19,46.27,500,66.53,203.87,116.15,59.7,147.03,1992293.9,91.1,2677349.57,0.4,5.73
2025-04-15,65144.4,65633.5,64321.74,64808.32,0,2826.43,110470.11,39315.73,17.22,2.21,14.72,8.0839,0.0145,-2026.53,-514.18,823,1234,74,0.667,60.07,50.6,500,66.53,203.87,116.15,59.7,147.03,2008338.34,91.23,2726867.13,0.4,5.73
2025-04-16,64654.25,66150.8,64027.92,65516.13,0,5575.53,111916.42,39799.37,14.77,-2.45,-14.2,8.0689,-0.0149,672.29,838.96,548,1372,125,0.399,59.48,54.23,500,66.53,203.87,116.15,59.7,147.03,2035370.25,91.0,2813903.05,0.4,5.73
2025-04-17,65455.62,66726.31,65159.87,66426.17,0,2759.43,112708.45,40115.94,16.73,1.95,13.22,8.06,-0.0089,3164.34,-322.23,493,1567,47,0.315,60.13,56.89,500,66.53,203.87,116.15,59.7,147.03,2048308.03,91.18,2771794.59,0.4,5.73
2025-04-18,66674.15,67132.79,65533.52,65987.44,0,2995.43,112630.78,40126.39,15.12,-1.61,-9.6,8.0735,0.0135,2213.68,768.02,829,1222,91,0.678,59.95,44.42,500,66.53,203.87,116.15,59.7,147.03,2059836.13,91.38,2780941.36,0.4,5.73
2025-04-21,65925.19,66939.5,65388.74,66399.19,0,2642.34,114322.58,40518.67,16.63,1.51,10.0,8.0622,-0.0112,-1539.53,1852.89,765,1280,107,0.598,60.08,54.19,500,66.53,203.87,116.15,59.7,147.03,1999502.86,90.9,2729721.92,0.4,5.73
2025-04-22,66544.09,66939.51,65778.15,66171.36,0,4523.06,113876.41,40658.39,19.86,3.23,19.42,8.0365,-0.0257,-1557.74,-1258.26,798,1290,119,0.619,59.05,54.53,500,66.53,203.87,116.15,59.7,147.03,2023569.78,90.39,2764083.77,0.4,5.73
2025-04-23,66131.29,66650.88,65784.79,66303.47,0,1804.3,113225.74,40380.09,17.37,-2.5,-12.56,8.0309,-0.0056,2810.21,-2495.28,995,997,58,0.998,58.15,51.24,500,66.53,203.87,116.15,59.7,147.03,1933749.74,90.16,2743661.68,0.4,5.73
2025-04-24,66301.45,66888.13,64788.08,65366.48,0,1462.44,111411.63,39718.38,18.89,1.52,8.78,8.0375,0.0066,-1828.13,2016.81,1113,941,52,1.183,60.12,53.84,500,66.53,203.87,116.15,59.7,147.03,1992050.76,89.59,2729332.18,0.4,5.73
2025-04-25,65549.14,66395.78,64325.65,65167.36,0,3859.78,110871.65,39281.75,16.53,-2.36,-12.52,8.0276,-0.0099,5670.05,-1231.3,1352,708,112,1.91,62.62,52.68,500,66.53,203.87,116.15,59.7,147.03,2003302.9,89.68,2718971.39,0.4,5.73
2025-04-28,65104.14,65899.75,64568.25,65361.73,0,2794.08,110912.6,39523.69,14.19,-2.33,-14.12,8.0283,0.0007,2603.88,-1069.16,872,1085,63,0.804,62.37,55.66,500,66.53,203.87,116.15,59.7,147.03,1996150.5,90.5,2688685.8,0.4,5.73
2025-04-29,65233.08,66985.58,64911.77,66657.25,0,1431.96,113425.57,40115.62,15.11,0.92,6.47,8.0008,-0.0276,3654.77,-3677.76,303,1683,25,0.18,62.92,56.63,500,66.53,203.87,116.15,59.7,147.03,1984236.16,90.52,2708598.76,0.4,5.73
2025-04-30,66659.32,68206.62,66269.21,67809.78,0,3886.82,115376.66,40897.99,16.58,1.47,9.72,8.0184,0.0177,-3019.19,484.03,297,1696,69,0.175,63.98,51.19,500,66.53,203.87,116.15,59.7,147.03,1967404.83,90.29,2674797.97,0.4,5.73
2025-05-01,67746.35,68053.16,67034.85,67339.82,0,4532.11,114866.2,40811.45,16.19,-0.39,-2.35,8.0329,0.0145,-2444.02,250.85,1028,1062,51,0.968,64.76,62.56,500,64.88,204.42,123.15,59.27,148.58,1945955.88,90.54,2656139.77,0.4,5.73
2025-05-02,67486.03,68319.42,65987.56,66812.63,0,1663.25,113584.66,40581.04,17.45,1.26,7.78,8.0188,-0.0141,28.31,5898.86,1099,810,126,1.357,66.34,52.41,500,64.88,204.42,123.15,59.27,148.58,1986901.14,90.87,2641980.58,0.4,5.73
2025-05-05,66965.13,68037.54,66186.27,67255.31,0,2040.71,113763.02,40749.36,17.76,0.31,1.79,8.029,0.0103,-3898.45,-151.07,916,1070,63,0.856,65.9,55.36,500,64.88,204.42,123.15,59.27,148.58,1992181.49,91.56,2677656.98,0.4,5.73
2025-05-06,67395.05,67870.3,66274.56,66745.23,0,4438.99,113598.89,40581.29,18.12,0.36,2.01,8.0041,-0.0249,-3359.87,7609.94,743,1278,119,0.581,67.59,63.26,500,64.88,204.42,123.15,59.27,148.58,2015403.98,91.25,2590416.07,0.4,5.73
2025-05-07,66906.69,67460.09,65833.68,66382.74,0,4319.06,112784.98,40320.39,17.06,-1.07,-5.88,8.0158,0.0117,2825.9,-2609.75,1088,893,71,1.218,67.3,60.76,500,64.88,204.42,123.15,59.27,148.58,1971800.17,91.2,2614144.4,0.4,5.73
2025-05-08,66210.07,67189.77,65740.26,66716.38,0,2995.92,113863.08,40522.49,20.61,3.55,20.84,8.0197,0.0039,-3207.1,2502.27,511,1455,69,0.351,69.73,67.67,500,64.88,204.42,123.15,59.27,148.58,1983985.15,91.58,2566858.34,0.4,5.73
2025-05-09,66709.83,67539.29,66029.42,66857.38,0,5636.65,114718.16,40681.79,18.3,-2.31,-11.23,8.0375,0.0177,-2410.51,-646.61,511,1434,61,0.356,70.86,63.16,500,64.88,204.42,123.15,59.27,148.58,2011721.64,91.15,2535760.71,0.4,5.73
2025-05-12,66692.54,67150.77,65385.84,65838.19,0,2770.29,113012.38,40185.01,21.47,3.17,17.33,8.0691,0.0316,889.22,-396.34,1392,616,67,2.26,70.89,63.53,500,64.88,204.42,123.15,59.27,148.58,1989370.31,90.92,2575453.52,0.4,5.73
2025-05-13,65701.55,66289.79,64756.1,65341.11,0,2810.69,111815.77,39831.24,17.54,-3.93,-18.3,8.0607,-0.0084,-1386.41,900.84,1449,507,121,2.858,70.82,60.99,500,64.88,204.42,123.15,59.27,148.58,1967477.05,90.87,2597995.92,0.4,5.73
2025-05-14,65271.52,67135.05,64849.6,66703.87,0,5075.65,114300.3,40674.47,14.99,-2.55,-14.54,8.0797,0.019,-108.63,-260.34,581,1356,99,0.428,71.41,65.69,500,64.88,204.42,123.15,59.27,148.58,1955216.69,91.23,2607411.42,0.4,5.73
2025-05-15,66734.82,68438.17,66524.84,68223.51,0,4635.57,116481.57,41419.52,13.68,-1.31,-8.71,8.0992,0.0195,-4673.71,-804.89,142,1911,72,0.074,70.61,71.18,500,64.88,204.42,123.15,59.27,148.58,2035793.64,91.31,2616440.94,0.4,5.73
2025-05-16,68205.55,68328.5,68188.97,68311.89,0,4996.81,116912.44,41487.39,16.29,2.61,19.07,8.1184,0.0192,1079.88,1715.51,892,1200,81,0.743,70.55,72.23,500,64.88,204.42,123.15,59.27,148.58,2004875.68,91.76,2621251.32,0.4,5.73
2025-05-19,68179.18,68493.22,67915.04,68228.89,0,4482.84,116900.12,41649.79,19.46,3.17,19.44,8.0998,-0.0186,3135.32,-3412.2,927,1167,48,0.794,70.82,61.28,500,64.88,204.42,123.15,59.27,148.58,2039087.86,92.24,2647127.25,0.4,5.73
2025-05-20,68260.52,69337.24,67828.43,68901.09,0,3606.8,118497.97,42191.25,19.83,0.37,1.91,8.1029,0.0031,2416.9,-526.67,593,1406,52,0.422,69.07,66.05,500,64.88,204.42,123.15,59.27,148.58,2060325.74,92.4,2620222.0,0.4,5.73
2025-05-21,69023.02,69655.53,66759.67,67377.1,0,1466.4,116108.97,41346.65,17.81,-2.02,-10.2,8.1021,-0.0009,-1932.02,2897.43,1346,623,27,2.161,68.53,65.0,500,64.88,204.42,123.15,59.27,148.58,2048243.23,92.12,2588727.07,0.4,5.73
2025-05-22,67292.43,68250.89,66914.79,67870.01,0,2327.62,116974.62,41655.8,14.95,-2.85,-16.03,8.1033,0.0012,2503.96,-1194.7,748,1270,129,0.589,68.56,63.15,500,64.88,204.42,123.15,59.27,148.58,2090641.49,91.75,2558987.01,0.4,5.73
2025-05-23,68009.72,69527.47,67394.55,68904.21,0,2404.39,118783.08,42097.27,18.34,3.39,22.64,8.1003,-0.003,2034.69,-1473.58,522,1491,28,0.35,69.21,57.49,500,64.88,204.42,123.15,59.27,148.58,2036974.57,91.21,2559116.93,0.4,5.73
2025-05-26,68935.26,69393.25,68388.79,68846.19,0,3540.75,118400.8,41903.32,18.36,0.02,0.09,8.1072,0.0069,866.02,4120.01,821,1231,47,0.667,68.96,61.59,500,64.88,204.42,123.15,59.27,148.58,2038818.68,91.38,2546515.72,0.4,5.73
2025-05-27,68842.1,69123.24,68819.06,69100.12,0,7691.19,118213.39,41837.64,19.26,0.91,4.93,8.1192,0.0121,693.3,-1515.46,755,1188,81,0.636,70.33,58.07,500,64.88,204.42,123.15,59.27,148.58,2075460.02,90.78,2569763.28,0.4,5.73
2025-05-28,69055.12,69642.05,68456.01,69042.84,0,3752.07,118260.73,42084.39,18.63,-0.63,-3.26,8.1143,-0.0049,-6227.68,-650.27,999,968,20,1.032,69.09,59.33,500,64.88,204.42,123.15,59.27,148.58,2016006.74,91.09,2603227.41,0.4,5.73
2025-05-29,69000.76,69803.56,68156.64,68958.95,0,2331.13,117766.95,41865.58,21.65,3.02,16.2,8.1197,0.0054,1587.88,-5661.69,868,1107,38,0.784,69.46,59.7,500,64.88,204.42,123.15,59.27,148.58,2033158.06,91.44,2642965.85,0.4,5.73
2025-05-30,69060.61,69642.63,68038.52,68616.8,0,3116.27,117186.98,41581.38,21.91,0.26,1.21,8.1244,0.0047,636.95,-2499.54,1027,1006,47,1.021,70.23,58.6,500,64.88,204.42,123.15,59.27,148.58,2008364.19,91.25,2631700.48,0.4,5.73
2025-06-02,68661.78,69209.06,67250.15,67790.49,0,4689.67,115828.34,40904.11,22.38,0.46,2.12,8.1367,0.0123,3817.04,-663.09,1134,842,34,1.347,68.38,65.74,500,67.62,205.74,124.12,55.65,149.63,1972431.64,91.94,2646321.01,0.4,5.73
2025-06-03,67672.32,67865.92,67556.68,67750.16,0,2583.64,115634.58,40804.98,17.68,-4.7,-21.01,8.1518,0.0151,-2257.2,-217.22,973,1114,94,0.873,69.09,57.55,500,67.62,205.74,124.12,55.65,149.63,1982874.64,90.65,2650091.53,0.4,5.73
2025-06-04,67807.21,68317.8,67740.39,68250.54,0,2969.76,116271.39,41055.79,16.92,-0.75,-4.26,8.1421,-0.0097,1019.66,43.63,697,1301,97,0.536,68.58,59.39,500,67.62,205.74,124.12,55.65,149.63,1998085.96,90.5,2680429.8,0.4,5.73
2025-06-05,68370.55,68843.42,66872.9,67338.63,0,4567.76,114645.91,40392.71,20.48,3.55,21.0,8.1264,-0.0158,-1248.38,-386.68,1614,445,115,3.627,69.51,62.54,500,67.62,205.74,124.12,55.65,149.63,1995381.49,91.27,2735813.47,0.4,5.73
2025-06-06,67266.4,67863.27,66246.5,66839.58,0,3729.74,114536.83,40191.37,15.1,-5.37,-26.25,8.121,-0.0054,-3109.77,-672.36,1023,1064,113,0.961,68.61,64.76,500,67.62,205.74,124.12,55.65,149.63,1991516.33,91.23,2745086.53,0.4,5.73
2025-06-09,66732.98,67168.44,66231.12,66666.15,0,4068.69,113249.06,40005.08,22.79,7.69,50.92,8.1274,0.0064,-849.02,2921.77,1227,795,64,1.543,66.39,57.18,500,67.62,205.74,124.12,55.65,149.63,1996706.72,90.55,2736700.76,0.4,5.73
2025-06-10,66986.8,67440.21,64814.65,65256.35,0,3186.89,111629.12,39224.28,19.18,-3.62,-15.87,8.1334,0.006,-2742.39,-3117.58,1207,756,52,1.597,67.1,60.29,500,67.62,205.74,124.12,55.65,149.63,1982380.0,90.16,2751093.43,0.4,5.73
2025-06-11,64823.6,66260.22,64437.53,65867.93,0,2447.05,113149.7,39529.67,18.84,-0.33,-1.73,8.1204,-0.013,30.94,2157.7,733,1341,72,0.547,66.71,59.45,500,67.62,205.74,124.12,55.65,149.63,2014326.33,90.57,2720138.44,0.4,5.73
2025-06-12,65627.21,67341.85,64659.08,66362.86,0,2074.63,113550.4,39665.07,10.09,-8.76,-46.46,8.1217,0.0013,1357.7,359.21,757,1269,94,0.597,65.36,60.12,500,67.62,205.74,124.12,55.65,149.63,1984869.69,91.27,2739378.84,0.4,5.73
2025-06-13,66252.69,67236.06,65408.24,66389.86,0,3281.92,113288.8,39633.84,19.48,9.39,93.08,8.1219,0.0002,-5542.3,-1456.75,801,1273,129,0.629,64.23,61.43,500,67.62,205.74,124.12,55.65,149.63,2062316.72,91.41,2712322.82,0.4,5.73
2025-06-16,66382.06,66591.86,65345.04,65552.22,0,2013.7,111818.4,38999.44,19.32,-0.16,-0.83,8.1008,-0.0211,2549.7,75.47,1082,922,88,1.174,64.24,52.74,500,67.62,205.74,124.12,55.65,149.63,2024870.16,90.85,2724647.09,0.4,5.73
2025-06-17,65493.21,67584.79,64771.04,66847.68,0,4815.81,114243.1,39865.97,13.19,-6.13,-31.75,8.0913,-0.0095,-6267.56,-448.13,463,1464,68,0.316,63.81,61.91,500,67.62,205.74,124.12,55.65,149.63,2052277.12,91.16,2702867.93,0.4,5.73
2025-06-18,66971.09,67539.48,66632.49,67199.73,0,1981.49,114773.67,40152.98,13.17,-0.01,-0.09,8.1149,0.0236,-3500.69,332.62,742,1335,73,0.556,65.66,60.25,500,67.62,205.74,124.12,55.65,149.63,2160403.07,90.62,2732740.27,0.4,5.73
2025-06-19,67282.26,68629.37,66587.75,67928.19,0,3027.07,116177.63,40500.82,14.37,1.2,9.08,8.1012,-0.0137,-2511.13,1421.42,489,1411,26,0.347,67.41,60.75,500,67.62,205.74,124.12,55.65,149.63,2160329.29,90.83,2717970.39,0.43,5.73
2025-06-20,67814.77,68335.81,67446.07,67966.3,0,2355.14,116498.59,40869.3,20.29,5.92,41.19,8.1026,0.0014,3532.95,6554.8,543,1511,115,0.359,66.28,57.86,500,67.62,205.74,124.12,55.65,149.63,2218817.43,90.9,2726928.68,0.4,5.73
2025-06-23,68026.03,68473.07,66399.95,66839.2,0,3418.08,115053.36,40466.11,18.19,-2.09,-10.32,8.1066,0.004,5520.11,3206.34,1245,700,25,1.779,66.14,49.92,500,67.62,205.74,124.12,55.65,149.63,2203412.7,89.76,2766766.39,0.4,5.73
2025-06-24,66771.82,68252.0,66219.69,67692.26,0,2408.78,116644.84,41185.83,13.97,-4.23,-23.22,8.1131,0.0065,-2008.36,-1184.43,539,1512,43,0.356,63.84,63.02,500,67.62,205.74,124.12,55.65,149.63,2238300.5,89.48,2738114.47,0.4,5.73
2025-06-25,67552.39,68121.1,67059.47,67627.63,0,4156.69,116372.22,41096.88,17.25,3.28,23.48,8.1112,-0.0019,1255.68,-1957.0,986,1092,22,0.903,62.26,54.06,500,67.62,205.74,124.12,55.65,149.63,2217895.11,89.72,2756521.83,0.4,5.73
2025-06-26,67588.31,68080.38,66616.03,67104.58,0,2115.31,116088.61,40832.69,20.79,3.54,20.53,8.0986,-0.0126,517.38,151.78,1018,884,42,1.152,61.07,55.3,500,67.62,205.74,124.12,55.65,149.63,2252236.04,89.83,2804322.97,0.4,5.73
2025-06-27,66914.87,67094.83,66779.63,66959.49,0,3781.39,116731.76,40797.13,17.99,-2.79,-13.44,8.0975,-0.0011,-1918.83,4104.48,872,1161,113,0.751,60.96,52.78,500,67.62,205.74,124.12,55.65,149.63,2213464.63,89.47,2787168.31,0.43,5.73
2025-06-30,66951.19,67918.69,65495.42,66455.75,0,1176.36,115601.42,40799.45,18.78,0.79,4.36,8.1111,0.0136,737.66,-1902.22,1164,907,120,1.283,60.63,53.94,500,67.62,205.74,124.12,55.65,149.63,2177545.43,88.82,2781966.72,0.45,5.73
2025-07-01,66280.62,66364.5,65365.64,65448.46,0,2059.59,113773.83,40193.33,21.34,2.56,13.64,8.103,-0.0081,671.44,1596.17,1329,714,112,1.861,63.08,52.88,500,67.55,206.4,125.55,54.63,149.52,2119109.98,89.2,2834419.77,0.46,8.08
2025-07-02,65544.91,65817.36,64644.38,64914.22,0,2640.27,112568.03,39686.16,16.99,-4.35,-20.4,8.0967,-0.0063,-2439.87,1731.76,1304,733,122,1.779,62.35,54.36,500,67.55,206.4,125.55,54.63,149.52,2108428.7,89.18,2793331.14,0.51,8.08
2025-07-03,64988.22,65611.51,64032.17,64652.23,0,1518.24,111780.3,39475.37,17.47,0.48,2.81,8.1143,0.0176,-5372.66,-1476.27,1031,921,102,1.119,63.79,54.77,500,67.55,206.4,125.55,54.63,149.52,2127264.55,88.83,2770348.33,0.57,8.08
2025-07-04,64714.12,65145.05,63639.96,64066.58,0,1469.74,110459.0,39036.29,16.63,-0.84,-4.78,8.1212,0.0069,-9471.73,672.47,1022,1020,66,1.002,65.25,63.81,500,67.55,206.4,125.55,54.63,149.52,2146914.12,88.84,2756246.75,0.54,8.08
2025-07-07,63918.31,65505.45,63422.46,65001.2,0,2256.17,111631.65,39316.84,18.2,1.57,9.44,8.1427,0.0215,-1131.62,-3197.39,574,1438,63,0.399,63.25,56.02,500,67.55,206.4,125.55,54.63,149.52,2207075.44,88.9,2760014.23,0.52,8.08
2025-07-08,64796.88,65614.28,64357.16,65172.02,0,3261.66,112363.06,39520.99,15.98,-2.22,-12.18,8.1293,-0.0134,4720.73,-3283.9,674,1394,119,0.484,62.73,55.53,500,67.55,206.4,125.55,54.63,149.52,2133148.44,89.13,2790736.37,0.53,8.08
2025-07-09,65024.51,66243.38,64523.87,65737.25,0,2462.37,113665.73,39979.56,17.21,1.23,7.69,8.1147,-0.0146,8374.06,2349.08,596,1356,89,0.44,62.0,58.12,500,67.55,206.4,125.55,54.63,149.52,2093407.51,89.31,2852125.51,0.5,8.08
2025-07-10,65549.22,65660.77,64985.7,65096.48,0,3055.61,112515.72,39544.15,22.05,4.83,28.08,8.1166,0.0019,-1303.96,2229.69,1065,856,103,1.244,62.11,49.01,500,67.55,206.4,125.55,54.63,149.52,2163815.1,88.99,2945918.68,0.51,8.08
2025-07-11,65032.3,66176.19,64366.28,65505.32,0,2848.78,114156.67,40254.01,20.25,-1.79,-8.13,8.1295,0.0129,1471.03,-1109.95,501,1461,53,0.343,62.89,52.02,500,67.55,206.4,125.55,54.63,149.52,2178025.01,88.7,2972525.7,0.46,8.08
2025-07-14,65590.37,66186.12,65055.74,65651.0,0,5004.44,114078.73,40293.4,14.89,-5.37,-26.51,8.1511,0.0216,1560.17,983.37,684,1397,86,0.49,63.14,62.51,500,67.55,206.4,125.55,54.63,149.52,2171204.55,89.18,2957678.8,0.43,8.08
2025-07-15,65524.56,66082.39,64942.83,65500.44,0,3223.52,113686.47,40039.96,18.99,4.11,27.59,8.1879,0.0368,633.67,3852.49,917,1170,50,0.784,65.26,58.15,500,67.55,206.4,125.55,54.63,149.52,2207666.97,89.48,2922443.89,0.46,8.08
2025-07-16,65320.61,66120.78,64643.91,65442.81,0,3316.42,113627.54,39873.53,16.63,-2.36,-12.42,8.1922,0.0043,-380.31,969.28,880,1110,55,0.793,67.55,50.17,500,67.55,206.4,125.55,54.63,149.52,2167876.58,89.31,2953875.73,0.45,8.08
2025-07-17,65459.11,65754.95,64454.33,64746.95,0,5625.42,112348.65,39410.7,17.27,0.64,3.83,8.1848,-0.0074,-2520.48,10.16,1273,818,47,1.556,67.97,61.2,500,67.55,206.4,125.55,54.63,149.52,2146509.66,88.83,2949300.1,0.44,8.08
2025-07-18,64777.71,66154.82,64128.76,65498.65,0,2826.66,112849.59,39523.58,17.96,0.69,4.01,8.1874,0.0026,2465.71,197.23,834,1215,42,0.686,69.37,60.61,500,67.55,206.4,125.55,54.63,149.52,2032001.18,88.51,2940435.8,0.42,8.08
2025-07-21,65475.02,65946.56,64778.08,65247.99,0,2120.35,113525.8,39655.5,17.49,-0.48,-2.66,8.1847,-0.0026,1056.77,1418.81,818,1100,73,0.744,70.59,58.58,500,67.55,206.4,125.55,54.63,149.52,2022954.38,88.69,2888754.8,0.45,8.08
2025-07-22,65328.03,65724.31,64807.36,65202.88,0,4165.14,113575.77,39756.58,20.88,3.4,19.42,8.196,0.0112,-2231.37,275.77,867,1178,56,0.736,70.38,58.65,500,67.55,206.4,125.55,54.63,149.52,2055164.27,89.26,2846416.11,0.48,8.08
2025-07-23,65398.99,65590.32,65096.69,65287.69,0,2923.52,113233.79,39438.56,18.28,-2.61,-12.48,8.2056,0.0096,-515.5,3082.79,669,1359,111,0.492,68.46,63.39,500,67.55,206.4,125.55,54.63,149.52,2056839.56,88.95,2853812.58,0.53,8.08
2025-07-24,65404.65,65972.8,64757.75,65325.22,0,6957.5,113869.39,39606.5,16.7,-1.58,-8.62,8.205,-0.0006,3846.31,1496.79,1036,1034,96,1.002,69.59,65.8,500,67.55,206.4,125.55,54.63,149.52,2073591.61,88.22,2889905.51,0.55,8.08
2025-07-25,65027.16,65983.95,64341.12,65295.09,0,3510.34,113372.99,39557.4,20.97,4.27,25.55,8.2081,0.0031,1866.0,1139.81,791,1204,44,0.657,68.45,61.67,500,67.55,206.4,125.55,54.63,149.52,2031527.82,88.39,2893618.93,0.53,8.08
2025-07-28,65202.46,65691.77,63633.48,64114.63,0,3378.81,111372.82,38971.37,21.63,0.67,3.18,8.2298,0.0217,-447.1,1972.16,1431,486,83,2.944,68.53,62.64,500,67.55,206.4,125.55,54.63,149.52,2026002.5,88.31,2852577.39,0.55,8.08
2025-07-29,63979.48,64371.42,63073.98,63462.75,0,3979.36,110235.54,38670.32,19.56,-2.07,-9.59,8.2492,0.0194,5733.86,104.16,988,1082,109,0.913,68.08,60.23,500,67.55,206.4,125.55,54.63,149.52,2017834.62,88.41,2918340.74,0.57,8.08
2025-07-30,63424.58,63849.01,62125.24,62543.77,0,2716.68,108958.95,38215.05,19.42,-0.14,-0.69,8.2463,-0.0028,-4266.28,1617.5,1242,679,108,1.829,67.16,59.87,500,67.55,206.4,125.55,54.63,149.52,2077782.0,88.45,3016119.23,0.61,8.08
2025-07-31,62582.34,62848.16,62382.72,62648.32,0,4167.93,109029.21,38065.87,18.78,-0.64,-3.31,8.2457,-0.0006,-168.82,1387.35,932,1035,20,0.9,66.24,61.01,500,67.55,206.4,125.55,54.63,149.52,2065323.59,88.27,2986763.13,0.57,8.08
2025-08-01,62504.26,63609.53,62147.27,63248.29,0,3896.78,110044.92,38340.76,14.73,-4.04,-21.54,8.2341,-0.0116,-335.38,-1333.75,260,1768,60,0.147,65.12,61.39,500,67.25,207.23,120.56,55.39,148.93,2168001.14,88.19,3011386.93,0.55,8.08
2025-08-04,63348.4,64452.89,62986.45,64086.72,0,4522.21,111131.19,38867.13,22.94,8.21,55.7,8.2386,0.0045,1462.07,-1759.79,539,1557,43,0.346,66.71,52.72,500,67.25,207.23,120.56,55.39,148.93,2150946.59,88.18,3013197.89,0.51,8.08
2025-08-05,64022.3,64564.85,62965.71,63503.87,0,2254.19,109785.91,38693.26,19.47,-3.47,-15.14,8.247,0.0084,3368.4,-570.72,1264,692,72,1.827,68.78,64.05,500,67.25,207.23,120.56,55.39,148.93,2194302.64,88.13,3056120.93,0.51,8.08
2025-08-06,63342.7,64006.11,62903.01,63564.88,0,3196.32,109767.99,38601.17,16.08,-3.39,-17.39,8.2525,0.0054,439.98,-409.82,960,1135,120,0.846,69.98,61.11,500,67.25,207.23,120.56,55.39,148.93,2262315.64,88.47,3068061.71,0.52,8.08
2025-08-07,63656.54,64191.17,62581.75,63111.79,0,7388.84,109221.15,38340.16,16.18,0.1,0.62,8.2428,-0.0097,1003.23,-2340.15,934,1090,102,0.857,70.86,63.12,500,67.25,207.23,120.56,55.39,148.93,2349632.75,88.56,3025596.44,0.53,8.08
2025-08-08,63046.98,64919.44,62648.53,64511.73,0,2243.97,111335.17,39007.5,18.06,1.87,11.57,8.2441,0.0013,741.89,2741.12,414,1623,116,0.255,72.08,70.21,500,67.25,207.23,120.56,55.39,148.93,2362654.66,88.86,3090317.51,0.56,8.08
2025-08-11,64365.79,65363.71,63687.21,64681.81,0,2713.78,111957.34,39091.46,16.23,-1.83,-10.11,8.2532,0.0092,-205.46,2006.24,742,1192,69,0.622,73.4,60.77,500,67.25,207.23,120.56,55.39,148.93,2298174.01,88.27,3095796.65,0.63,8.08
2025-08-12,64666.47,65005.09,64184.9,64522.76,0,3202.74,111063.57,38893.17,18.56,2.33,14.39,8.2408,-0.0124,-580.63,-962.67,1139,826,122,1.379,71.19,63.56,500,67.25,207.23,120.56,55.39,148.93,2365539.75,88.09,3095200.26,0.6,8.08
2025-08-13,64747.78,65207.01,63894.09,64350.51,0,1597.91,110661.81,38516.41,17.23,-1.33,-7.19,8.254,0.0132,-1030.82,1492.29,786,1276,126,0.616,71.41,74.6,500,67.25,207.23,120.56,55.39,148.93,2403445.93,87.6,3056253.91,0.58,8.08
2025-08-14,64536.43,65901.04,63811.32,65168.83,0,3601.97,112905.02,39331.42,15.65,-1.58,-9.19,8.2633,0.0093,299.68,1051.68,511,1399,46,0.365,73.4,59.78,500,67.25,207.23,120.56,55.39,148.93,2444146.34,87.42,3052673.94,0.54,8.08
2025-08-15,65482.93,66668.03,64995.56,66175.5,0,2450.36,114935.87,39812.06,13.29,-2.35,-15.03,8.2618,-0.0015,-1235.69,1099.23,514,1435,76,0.358,73.86,70.92,500,67.25,207.23,120.56,55.39,148.93,2373046.58,87.49,3091409.66,0.53,8.08
2025-08-18,66024.24,67210.45,65477.62,66658.58,0,2822.06,115697.37,40249.4,17.79,4.5,33.85,8.2599,-0.0019,-757.32,886.41,634,1300,91,0.488,74.49,72.49,500,67.25,207.23,120.56,55.39,148.93,2340270.01,87.45,3071117.7,0.56,8.08
2025-08-19,66670.29,67059.84,66351.88,66741.1,0,2510.62,115054.98,40150.07,18.22,0.43,2.39,8.251,-0.0089,-1109.53,-1830.68,899,1124,129,0.8,72.69,64.5,500,67.25,207.23,120.56,55.39,148.93,2386007.5,87.62,3068711.43,0.56,8.08
2025-08-20,66760.29,67205.64,66417.72,66862.54,0,2002.02,115200.85,40158.17,24.3,6.08,33.4,8.2552,0.0042,-460.96,3995.0,788,1268,85,0.621,74.92,69.91,500,67.25,207.23,120.56,55.39,148.93,2465111.12,87.32,3114896.64,0.5,8.08
2025-08-21,66974.93,67649.35,65500.53,66166.81,0,3641.8,113384.69,39828.6,20.53,-3.78,-15.54,8.2352,-0.02,4350.2,31.75,1495,407,75,3.673,74.65,67.26,500,67.25,207.23,120.56,55.39,148.93,2622125.35,87.8,3070282.75,0.49,8.08
2025-08-22,66119.44,66888.53,65607.38,66374.5,0,3361.43,113461.3,40163.42,18.07,-2.46,-11.97,8.2308,-0.0045,-1890.74,-723.5,812,1098,37,0.74,74.84,69.53,500,67.25,207.23,120.56,55.39,148.93,2550542.69,87.84,3119586.25,0.47,8.08
2025-08-25,66313.09,67349.33,65905.57,66937.97,0,4795.68,114643.59,40278.95,14.75,-3.33,-18.41,8.2289,-0.0019,-393.38,-1236.43,776,1192,88,0.651,73.17,70.16,500,67.25,207.23,120.56,55.39,148.93,2495798.25,87.88,3107564.74,0.5,8.08
2025-08-26,66977.59,69102.3,66345.66,68456.41,0,2650.6,116801.06,41096.43,14.52,-0.22,-1.52,8.2183,-0.0106,-6677.79,4129.05,303,1756,43,0.173,71.14,68.74,500,67.25,207.23,120.56,55.39,148.93,2510023.21,88.02,3141904.8,0.5,8.08
2025-08-27,68316.72,69534.11,68073.09,69287.01,0,2682.13,118204.08,41395.31,18.02,3.5,24.09,8.2011,-0.0172,-2829.61,5829.79,677,1403,62,0.483,72.31,67.37,500,67.25,207.23,120.56,55.39,148.93,2482099.54,87.88,3122387.51,0.5,8.08
2025-08-28,69274.47,69391.66,68430.38,68546.34,0,4262.8,117132.97,41222.46,16.7,-1.32,-7.31,8.2021,0.001,285.66,-171.31,1120,856,121,1.308,73.48,61.27,500,67.25,207.23,120.56,55.39,148.93,2519944.12,87.95,3057905.54,0.52,8.08
2025-08-29,68477.76,68992.88,67330.09,67840.42,0,5415.28,115846.83,40666.31,20.3,3.6,21.53,8.202,-0.0002,-5296.07,4233.04,990,1059,76,0.935,75.2,72.85,500,67.25,207.23,120.56,55.39,148.93,2468551.15,88.46,2976071.46,0.48,8.08
2025-09-01,67908.65,68974.29,67358.72,68420.22,0,1683.61,116479.33,40874.21,18.98,-1.32,-6.49,8.2062,0.0042,-4164.21,1378.86,780,1180,58,0.661,76.29,73.42,500,66.99,208.0,121.03,55.94,148.87,2532102.56,88.38,2990509.65,0.43,8.08
2025-09-02,68555.15,69046.67,68009.47,68500.6,0,1647.57,116414.03,40969.21,19.18,0.2,1.03,8.2019,-0.0043,411.18,727.15,844,1115,35,0.757,75.06,67.63,500,66.99,208.0,121.03,55.94,148.87,2592154.15,87.99,3030680.08,0.47,8.08
2025-09-03,68488.46,69481.23,67920.34,68909.61,0,3219.83,117117.3,41197.55,15.5,-3.68,-19.2,8.2036,0.0017,-860.5,2165.92,807,1217,39,0.663,76.28,66.94,500,66.99,208.0,121.03,55.94,148.87,2665486.47,88.43,2971499.93,0.47,8.08
2025-09-04,68932.17,69263.68,68376.32,68706.74,0,2896.57,117213.11,40985.77,19.07,3.57,23.06,8.1909,-0.0128,2167.14,-17.55,924,1133,31,0.816,76.41,67.04,500,66.99,208.0,121.03,55.94,148.87,2575425.73,88.58,3035922.4,0.47,8.08
2025-09-05,68847.52,69275.33,68683.28,69110.46,0,2620.51,117341.8,41181.4,20.88,1.81,9.51,8.199,0.0081,-889.02,-3515.03,849,1171,28,0.725,76.31,75.74,500,66.99,208.0,121.03,55.94,148.87,2728113.18,89.09,3078964.16,0.47,8.08
2025-09-08,69088.89,69757.17,68749.11,69415.78,0,2497.27,118065.26,41494.7,19.1,-1.78,-8.53,8.2051,0.0061,878.74,-2245.31,806,1095,62,0.736,76.74,69.52,500,66.99,208.0,121.03,55.94,148.87,2901616.06,88.89,3132939.99,0.43,8.08
2025-09-09,69404.37,69949.56,69321.8,69866.43,0,2807.98,118529.5,41742.0,17.56,-1.54,-8.05,8.2161,0.0111,30.91,96.0,604,1429,41,0.423,75.25,68.82,500,66.99,208.0,121.03,55.94,148.87,2886845.17,89.17,3101418.88,0.5,8.08
2025-09-10,69740.18,70275.64,68059.65,68586.25,0,3222.29,117364.92,41358.77,17.9,0.34,1.91,8.2214,0.0053,2424.2,-1485.64,1184,886,53,1.336,76.22,68.57,500,66.99,208.0,121.03,55.94,148.87,2765413.02,88.6,3132430.79,0.53,8.08
2025-09-11,68771.29,69775.38,68497.62,69498.81,0,2412.07,118747.05,41947.09,15.06,-2.84,-15.87,8.2236,0.0022,8083.95,-3677.74,348,1617,125,0.215,76.13,68.9,500,66.99,208.0,121.03,55.94,148.87,2806787.79,88.7,3147810.99,0.52,8.08
2025-09-12,69464.77,70123.22,68718.93,69376.55,0,3546.35,118070.88,42038.91,20.91,5.85,38.87,8.2211,-0.0025,-2191.89,418.3,958,988,26,0.97,76.76,60.69,500,66.99,208.0,121.03,55.94,148.87,2702740.02,88.83,3115959.06,0.51,8.08
2025-09-15,69340.74,69661.96,68680.96,69000.61,0,2621.23,117628.99,41719.92,21.02,0.11,0.52,8.2245,0.0034,814.27,-2295.7,814,1206,44,0.675,73.87,63.15,500,66.99,208.0,121.03,55.94,148.87,2726543.2,89.25,3131811.76,0.51,8.08
2025-09-16,68808.48,70415.57,68177.85,69776.08,0,1873.86,118667.9,42340.87,18.24,-2.78,-13.22,8.2434,0.0189,-3309.98,5268.93,661,1376,78,0.48,75.02,66.16,500,66.99,208.0,121.03,55.94,148.87,2766980.93,89.04,3143555.41,0.53,8.08
2025-09-17,69966.37,70357.45,69077.48,69465.76,0,5163.94,118313.17,42667.15,20.61,2.37,12.98,8.2284,-0.015,2294.45,404.16,978,931,95,1.05,72.43,64.6,500,66.99,208.0,121.03,55.94,148.87,2665340.14,89.04,3162867.11,0.5,8.08
2025-09-18,69274.78,69987.85,67915.66,68622.01,0,1767.49,117554.92,42193.27,21.11,0.5,2.43,8.2185,-0.01,46.37,2429.61,910,1071,114,0.85,71.39,65.56,500,66.99,208.0,121.03,55.94,148.87,2631122.52,88.97,3183072.75,0.48,8.08
2025-09-19,68506.57,68652.14,67391.89,67535.39,0,5338.06,115853.33,41371.84,20.99,-0.12,-0.55,8.2291,0.0107,2473.72,7098.08,1634,366,65,4.464,73.51,60.99,500,66.99,208.0,121.03,55.94,148.87,2646314.1,89.04,3186404.09,0.43,8.08
2025-09-22,67519.35,68494.23,66193.83,67163.57,0,2649.51,115283.17,41324.94,18.48,-2.51,-11.97,8.2292,0.0001,7126.41,3562.65,861,1048,82,0.822,73.96,66.48,500,66.99,208.0,121.03,55.94,148.87,2679058.19,89.19,3182000.77,0.43,8.08
2025-09-23,67189.49,67973.2,66669.23,67450.91,0,2472.99,115735.66,41586.81,15.78,-2.7,-14.62,8.2399,0.0107,-3307.19,-1001.15,407,1586,29,0.257,73.76,67.74,500,66.99,208.0,121.03,55.94,148.87,2603475.88,88.84,3153640.04,0.46,8.08
2025-09-24,67614.44,69048.31,66978.31,68404.74,0,3987.36,117021.43,42102.7,14.12,-1.66,-10.51,8.2368,-0.0031,5323.81,-857.99,372,1555,108,0.239,73.4,61.35,500,66.99,208.0,121.03,55.94,148.87,2633538.96,88.84,3200704.57,0.52,8.08
2025-09-25,68332.05,68932.71,68127.32,68726.8,0,1845.07,117209.28,42293.81,14.78,0.66,4.67,8.2213,-0.0155,6021.69,-441.54,607,1325,85,0.458,73.03,65.2,500,66.99,208.0,121.03,55.94,148.87,2626676.09,89.01,3230984.1,0.48,8.08
2025-09-26,68734.97,69025.78,68066.4,68355.61,0,2165.74,117941.13,42351.13,16.95,2.17,14.65,8.2148,-0.0065,1026.33,871.82,1034,877,92,1.179,73.61,67.87,500,66.99,208.0,121.03,55.94,148.87,2607493.68,89.02,3220289.79,0.52,8.08
2025-09-29,68190.11,69672.46,68170.84,69652.78,0,2624.9,120350.18,43005.42,16.63,-0.32,-1.87,8.2168,0.0019,1144.18,1277.28,438,1643,112,0.267,72.96,62.64,500,66.99,208.0,121.03,55.94,148.87,2568400.91,89.4,3288780.19,0.51,8.08
2025-09-30,69548.18,70251.3,69110.57,69812.03,0,2311.17,121299.76,43147.08,14.67,-1.96,-11.81,8.2061,-0.0107,2086.46,3246.24,641,1277,27,0.502,72.99,60.37,500,66.99,208.0,121.03,55.94,148.87,2635784.29,89.07,3323813.36,0.5,8.08
2025-10-01,69756.74,70224.48,69323.58,69791.11,0,4251.89,121062.18,43017.19,19.39,4.73,32.23,8.1968,-0.0093,-552.61,4297.74,802,1110,101,0.723,73.84,69.62,500,68.99,208.85,121.34,54.33,150.2,2632994.31,88.73,3375963.46,0.54,5.65
2025-10-02,69840.96,71010.51,69088.09,70253.19,0,4133.33,122220.56,43456.59,14.63,-4.76,-24.53,8.1929,-0.0039,2590.93,-598.72,426,1554,113,0.274,73.05,69.78,500,68.99,208.85,121.34,54.33,150.2,2695381.81,88.21,3350225.66,0.54,5.65
2025-10-03,70213.34,71356.48,70103.62,71245.14,0,8776.53,124451.81,44243.35,14.74,0.11,0.75,8.2144,0.0215,-3361.89,-1445.26,549,1487,74,0.369,74.29,74.66,500,68.99,208.85,121.34,54.33,150.2,2738775.39,88.47,3466390.14,0.54,5.65
2025-10-06,71337.08,72079.65,70713.23,71454.76,0,1968.39,123181.59,44217.88,23.12,8.38,56.84,8.2288,0.0144,2673.42,3653.42,886,1173,98,0.755,74.31,66.78,500,68.99,208.85,121.34,54.33,150.2,2820211.95,88.2,3471175.15,0.53,5.65
2025-10-07,71233.4,71314.61,71230.02,71311.23,0,3902.54,122638.4,44281.86,19.04,-4.09,-17.68,8.1983,-0.0305,-3284.72,-2727.04,957,1045,92,0.916,73.98,75.81,500,68.99,208.85,121.34,54.33,150.2,2747315.0,87.91,3479578.22,0.52,5.65
2025-10-08,71529.06,72058.76,71081.01,71610.2,0,3453.17,123097.58,44451.92,15.65,-3.38,-17.77,8.1952,-0.0031,2807.97,958.27,937,998,46,0.939,74.67,65.99,500,68.99,208.85,121.34,54.33,150.2,2737835.19,88.09,3558987.49,0.55,5.65
2025-10-09,71619.32,72157.0,71331.5,71868.19,0,3564.29,124131.76,44631.45,17.13,1.47,9.41,8.1902,-0.005,-830.51,-276.64,862,1150,120,0.75,75.96,73.73,500,68.99,208.85,121.34,54.33,150.2,2768289.57,87.78,3562194.92,0.56,5.65
2025-10-10,72156.63,72676.69,71316.16,71833.89,0,3277.55,123984.98,44515.53,18.94,1.82,10.6,8.1927,0.0025,-1691.79,6343.15,945,1093,97,0.865,76.29,70.79,500,68.99,208.85,121.34,54.33,150.2,2703941.87,87.92,3565493.02,0.56,5.65
2025-10-13,71667.26,72597.1,71201.17,72128.02,0,2636.73,125592.86,45168.23,16.46,-2.48,-13.11,8.1907,-0.002,2408.78,5027.37,667,1344,103,0.496,74.4,63.93,500,68.99,208.85,121.34,54.33,150.2,2826287.38,87.94,3620701.64,0.52,5.65
2025-10-14,72188.5,72746.69,70713.44,71264.48,0,4239.34,124645.88,44515.76,15.71,-0.75,-4.56,8.1826,-0.0081,-360.93,1456.32,978,951,123,1.028,74.88,67.23,500,68.99,208.85,121.34,54.33,150.2,2909242.1,87.55,3612056.55,0.57,5.65
2025-10-15,70978.71,72208.62,70290.29,71514.99,0,1121.01,125202.96,44574.63,18.84,3.13,19.91,8.1989,0.0163,-282.1,-2636.99,559,1500,126,0.373,76.18,66.71,500,68.99,208.85,121.34,54.33,150.2,2822265.41,88.12,3502175.5,0.6,5.65
2025-10-16,71463.17,72330.26,69570.22,70424.71,0,4722.23,123562.98,44133.07,21.62,2.78,14.78,8.1925,-0.0063,912.11,-2853.37,1059,941,111,1.125,76.13,74.24,500,68.99,208.85,121.34,54.33,150.2,2761260.01,88.34,3507353.84,0.58,5.65
2025-10-17,70130.64,70430.58,69435.48,69733.72,0,3424.05,122352.0,43501.3,19.04,-2.59,-11.96,8.1892,-0.0033,-1033.77,187.97,1029,1046,31,0.984,72.67,68.55,500,68.99,208.85,121.34,54.33,150.2,2841102.09,88.52,3567741.04,0.55,5.65
2025-10-20,69607.91,70005.76,69313.4,69710.81,0,2140.24,122114.28,43578.28,17.12,-1.91,-10.05,8.1753,-0.0139,685.09,-376.84,858,1160,57,0.74,72.0,63.46,500,68.99,208.85,121.34,54.33,150.2,2877378.98,88.43,3672004.18,0.57,5.65
2025-10-21,69709.63,70136.85,69344.77,69771.66,0,2398.57,122376.72,43826.68,14.98,-2.15,-12.53,8.1839,0.0085,4500.74,-2374.97,540,1424,61,0.379,71.32,53.8,500,68.99,208.85,121.34,54.33,150.2,2824869.43,87.74,3652263.19,0.56,5.65
2025-10-22,69935.47,70281.05,69134.53,69477.86,0,4295.69,121225.0,43448.67,21.91,6.93,46.28,8.1998,0.0159,84.49,-2451.73,941,1120,115,0.84,71.7,65.15,500,68.99,208.85,121.34,54.33,150.2,2853213.58,88.05,3639632.19,0.5,5.65
2025-10-23,69383.37,70570.97,68601.58,69784.66,0,3750.16,121383.9,43885.79,19.37,-2.54,-11.58,8.1931,-0.0067,-4553.0,2372.65,759,1181,118,0.643,70.28,61.31,500,68.99,208.85,121.34,54.33,150.2,2992568.29,87.88,3623420.51,0.49,5.65
2025-10-24,69699.65,70578.96,69545.02,70422.72,0,3112.36,122297.74,44307.76,20.77,1.4,7.23,8.1914,-0.0016,215.61,-6078.62,700,1356,74,0.516,69.91,63.31,500,68.99,208.85,121.34,54.33,150.2,2915925.37,87.65,3657515.34,0.49,5.65
2025-10-27,70175.08,70616.93,69390.29,69829.97,0,2031.19,122736.31,44202.53,23.85,3.08,14.84,8.2085,0.0171,1994.02,-482.59,707,1295,31,0.546,70.06,63.77,500,68.99,208.85,121.34,54.33,150.2,2951550.88,87.47,3693206.9,0.51,5.65
2025-10-28,69978.86,70474.0,69483.99,69979.13,0,5458.67,122996.51,44141.91,17.35,-6.5,-27.27,8.2185,0.01,-2701.3,19.38,528,1536,102,0.344,70.94,71.13,500,68.99,208.85,121.34,54.33,150.2,3000692.95,87.76,3692229.04,0.49,5.65
2025-10-29,70047.19,70683.82,69627.64,70262.98,0,3570.53,123626.74,44534.35,18.43,1.08,6.21,8.2257,0.0072,4483.12,2511.91,815,1281,49,0.636,70.78,64.31,500,68.99,208.85,121.34,54.33,150.2,2922398.89,88.09,3669457.01,0.49,5.65
2025-10-30,70346.38,70506.34,68183.44,68338.83,0,5307.63,120086.94,43374.09,21.55,3.12,16.95,8.2383,0.0126,-1451.28,2385.69,1513,515,104,2.938,72.59,66.68,500,68.99,208.85,121.34,54.33,150.2,2897677.09,88.02,3684500.26,0.43,5.65
2025-10-31,68590.72,69456.07,68233.02,69095.74,0,2493.83,120924.48,43897.3,16.72,-4.82,-22.39,8.2473,0.009,2596.22,5692.91,770,1257,25,0.613,72.22,64.51,500,68.99,208.85,121.34,54.33,150.2,2820140.45,87.89,3707178.99,0.46,5.65
2025-11-03,69059.44,69691.33,68242.27,68872.45,0,2170.2,121297.84,44251.47,17.85,1.13,6.75,8.2603,0.013,859.0,-194.67,585,1439,120,0.407,71.52,67.41,500,67.77,209.15,124.36,56.47,150.12,2795070.36,88.13,3759806.9,0.43,5.65
2025-11-04,69016.6,69373.48,67853.68,68206.37,0,6095.03,120426.99,43656.11,16.83,-1.02,-5.74,8.264,0.0037,-24.64,371.37,1249,719,54,1.737,73.15,69.24,500,67.77,209.15,124.36,56.47,150.12,2844360.11,88.38,3744467.06,0.4,5.65
2025-11-05,68089.14,69574.24,67564.21,69041.96,0,2587.69,122192.89,44054.99,17.35,0.52,3.12,8.2666,0.0026,-4457.05,654.9,732,1182,66,0.619,72.16,65.98,500,67.77,209.15,124.36,56.47,150.12,3034359.98,88.87,3755749.72,0.4,5.65
2025-11-06,68794.55,69240.87,67500.37,67941.15,0,3419.41,120594.0,43277.79,20.24,2.89,16.65,8.2418,-0.0249,4346.72,2305.41,1327,680,123,1.951,71.54,70.39,500,67.77,209.15,124.36,56.47,150.12,2989247.96,88.79,3785333.17,0.4,5.65
2025-11-07,67893.33,68264.65,67159.52,67528.85,0,3064.71,120436.55,43181.26,16.24,-4.0,-19.78,8.2542,0.0124,-738.26,4891.53,895,1083,111,0.826,72.5,55.54,500,67.77,209.15,124.36,56.47,150.12,2989493.47,88.31,3756799.63,0.4,5.65
2025-11-10,67540.28,68345.94,66430.39,67232.37,0,3344.76,120348.49,43202.33,18.52,2.28,14.02,8.2498,-0.0043,3478.85,5486.01,816,1199,46,0.681,71.95,60.3,500,67.77,209.15,124.36,56.47,150.12,2945937.87,88.3,3830345.23,0.4,5.65
2025-11-11,66974.98,67591.92,66432.58,67048.92,0,2207.58,120476.59,43061.94,18.03,-0.48,-2.62,8.25,0.0002,-811.47,-484.04,698,1248,72,0.559,70.93,59.82,500,67.77,209.15,124.36,56.47,150.12,2961991.4,88.83,3782005.41,0.4,5.65
2025-11-12,67183.01,67675.69,66646.67,67139.03,0,2235.57,120567.85,43016.05,18.73,0.7,3.89,8.2416,-0.0085,2527.44,-156.14,829,1228,110,0.675,72.39,64.93,500,67.77,209.15,124.36,56.47,150.12,2974768.78,89.19,3814739.03,0.46,5.65
2025-11-13,67111.55,67756.52,66329.27,66972.91,0,3244.0,120893.33,42924.04,16.82,-1.91,-10.21,8.238,-0.0035,-8674.46,-1640.56,987,1088,93,0.907,73.59,75.9,500,67.77,209.15,124.36,56.47,150.12,2911498.65,89.57,3790111.56,0.55,5.65
2025-11-14,66930.04,67306.36,66374.85,66750.16,0,2147.8,120433.28,42781.53,19.04,2.22,13.21,8.2269,-0.0112,-414.12,1701.84,958,1008,60,0.95,71.93,69.22,500,67.77,209.15,124.36,56.47,150.12,2927227.85,89.8,3821144.41,0.56,5.65
2025-11-17,66631.46,67542.71,66576.23,67486.78,0,2459.25,121883.42,43366.74,17.08,-1.97,-10.32,8.2331,0.0062,-1683.32,-432.43,516,1447,29,0.357,69.61,54.02,500,67.77,209.15,124.36,56.47,150.12,2845940.83,91.18,3793199.13,0.51,5.65
2025-11-18,67407.4,67798.23,66783.72,67173.19,0,2472.0,121205.12,43115.34,16.09,-0.99,-5.79,8.2227,-0.0104,-2071.53,2171.22,1044,1022,115,1.022,69.63,60.5,500,67.77,209.15,124.36,56.47,150.12,2789585.3,90.85,3780349.2,0.5,5.65
2025-11-19,66967.43,67668.45,66538.06,67237.35,0,2454.08,122252.42,43271.86,17.0,0.92,5.69,8.2303,0.0076,8042.99,-774.71,751,1179,122,0.637,70.62,53.85,500,67.77,209.15,124.36,56.47,150.12,2886779.31,91.05,3815100.38,0.53,5.65
2025-11-20,67220.32,67482.11,66801.41,67062.59,0,2708.06,121918.26,43437.21,16.17,-0.83,-4.89,8.225,-0.0053,1537.82,-1432.16,908,1033,108,0.879,68.8,57.27,500,67.77,209.15,124.36,56.47,150.12,2862948.17,90.56,3913428.89,0.55,5.65
2025-11-21,66996.56,67465.73,65748.02,66211.7,0,2845.5,120269.87,42896.25,24.29,8.11,50.18,8.2258,0.0008,3983.61,994.74,996,1051,71,0.948,66.66,58.02,500,67.77,209.15,124.36,56.47,150.12,2868181.27,90.64,3886648.43,0.58,5.65
2025-11-24,66083.55,66215.8,65063.18,65193.64,0,3483.48,118359.38,42243.24,23.59,-0.7,-2.87,8.2298,0.004,2844.52,837.27,1300,746,88,1.743,64.52,56.51,500,67.77,209.15,124.36,56.47,150.12,3000612.23,90.76,3922498.08,0.56,5.65
2025-11-25,65234.98,65874.52,63592.87,64222.48,0,1479.01,116777.11,42047.98,20.17,-3.42,-14.48,8.241,0.0112,-2036.32,434.04,990,1074,74,0.922,64.1,57.13,500,67.77,209.15,124.36,56.47,150.12,2986695.45,90.59,3901464.95,0.57,5.65
2025-11-26,64162.17,64770.03,63500.97,64108.33,0,6597.96,116517.56,41923.68,20.07,-0.1,-0.5,8.2476,0.0066,-2523.52,-1387.99,827,1157,71,0.715,62.94,54.96,500,67.77,209.15,124.36,56.47,150.12,3007518.45,90.57,3907364.85,0.61,5.65
2025-11-27,64086.48,64531.66,63208.08,63650.22,0,3593.1,115597.2,41740.72,20.3,0.22,1.12,8.2521,0.0045,3547.77,-1330.53,984,1071,65,0.919,65.06,58.29,500,67.77,209.15,124.36,56.47,150.12,2939906.61,91.28,3918770.66,0.62,5.65
2025-11-28,63656.97,63982.29,62385.93,62706.39,0,1791.47,113789.62,41266.75,20.13,-0.16,-0.8,8.2529,0.0009,3376.13,465.84,1084,825,106,1.314,64.69,55.79,500,67.77,209.15,124.36,56.47,150.12,2894726.5,91.08,3934367.23,0.58,5.65
2025-12-01,62822.22,63757.6,62537.23,63469.67,0,3423.71,114419.13,41609.94,15.66,-4.48,-22.23,8.2567,0.0038,4914.12,2355.3,1143,935,43,1.222,66.55,61.48,500,68.97,209.57,135.64,56.16,150.01,2946576.86,91.16,3973517.01,0.54,5.65
2025-12-02,63450.43,63684.4,63198.27,63432.17,0,4615.13,114034.25,41477.52,14.66,-1.0,-6.37,8.2636,0.0069,5613.18,-997.27,975,1118,114,0.872,66.76,58.65,500,68.97,209.57,135.64,56.16,150.01,2912023.32,91.01,3952591.09,0.53,5.65
2025-12-03,63542.26,64941.94,63158.17,64551.75,0,1926.71,115609.39,42159.43,12.89,-1.77,-12.05,8.2476,-0.016,3268.04,-565.6,514,1575,71,0.326,68.02,54.73,500,68.97,209.57,135.64,56.16,150.01,2898336.68,91.09,3954233.08,0.49,5.65
2025-12-04,64458.41,65032.91,63482.39,64053.28,0,3817.17,114938.4,41793.55,18.43,5.54,42.93,8.2336,-0.014,-7499.77,-343.58,941,1007,88,0.934,68.85,62.18,500,68.97,209.57,135.64,56.16,150.01,2749540.53,91.27,3957036.39,0.43,5.65
2025-12-05,64119.93,64279.25,63075.1,63232.23,0,3761.93,113110.08,41168.16,21.21,2.78,15.11,8.2514,0.0178,5654.74,4652.45,1386,679,75,2.041,71.17,64.49,500,68.97,209.57,135.64,56.16,150.01,2770046.49,90.84,3980349.01,0.41,5.65
2025-12-08,63307.45,63936.62,63088.15,63715.91,0,2830.14,113713.08,41327.04,14.39,-6.82,-32.17,8.2541,0.0027,-1650.79,1453.79,643,1425,74,0.451,70.74,64.81,500,68.97,209.57,135.64,56.16,150.01,2724906.61,90.06,3970146.93,0.42,5.65
2025-12-09,63896.72,64114.63,63254.7,63471.16,0,4936.26,112888.05,41030.64,19.54,5.15,35.76,8.2684,0.0144,-1893.13,-197.27,1021,940,117,1.086,68.91,56.42,500,68.97,209.57,135.64,56.16,150.01,2587360.67,89.89,4025826.24,0.43,5.65
2025-12-10,63616.3,63985.35,63408.24,63776.77,0,4283.14,114033.43,41239.2,16.25,-3.29,-16.84,8.2528,-0.0157,-360.22,1068.05,851,1095,57,0.777,69.2,60.63,500,68.97,209.57,135.64,56.16,150.01,2482388.71,90.11,4084870.85,0.42,5.65
2025-12-11,63806.2,64467.35,62846.27,63504.3,0,2768.45,112949.2,40928.87,20.42,4.17,25.67,8.2734,0.0206,2137.74,3390.7,1074,828,34,1.297,68.85,58.64,500,68.97,209.57,135.64,56.16,150.01,2457270.98,90.55,3984777.73,0.44,5.65
2025-12-12,63706.69,64122.71,62218.46,62627.44,0,1501.05,111855.15,40350.26,19.99,-0.42,-2.08,8.2684,-0.0049,-1856.88,-2033.38,839,1229,82,0.683,66.36,63.82,500,68.97,209.57,135.64,56.16,150.01,2442138.15,90.54,4000556.06,0.42,5.65
2025-12-15,62582.84,64236.26,61924.15,63567.21,0,1876.47,113554.5,40754.28,15.97,-4.02,-20.1,8.2599,-0.0085,4159.09,560.97,453,1554,124,0.292,67.52,59.91,500,68.97,209.57,135.64,56.16,150.01,2397260.61,90.69,3997515.04,0.46,5.65
2025-12-16,63609.37,64227.7,62319.63,62931.36,0,3716.04,112319.57,40257.15,15.48,-0.49,-3.06,8.2503,-0.0096,2712.68,7969.38,627,1345,89,0.466,66.5,60.76,500,68.97,209.57,135.64,56.16,150.01,2449377.98,90.74,4041860.38,0.4,5.65
2025-12-17,62931.89,63400.84,62398.77,62867.25,0,1336.0,112309.38,40186.25,16.02,0.53,3.43,8.2628,0.0125,1504.33,2320.17,815,1197,118,0.681,67.67,62.05,500,68.97,209.57,135.64,56.16,150.01,2477607.29,90.89,4015006.76,0.4,5.65
2025-12-18,63101.03,63428.71,62073.0,62397.03,0,961.55,111506.59,39675.93,21.71,5.69,35.56,8.2616,-0.0012,-1715.71,-446.38,847,1155,49,0.733,67.38,61.41,500,68.97,209.57,135.64,56.16,150.01,2502443.67,90.74,4059150.33,0.4,5.65
2025-12-19,62375.84,63540.94,61676.87,62836.81,0,2003.99,111367.45,39538.69,16.61,-5.1,-23.48,8.2571,-0.0045,-371.61,-413.45,688,1259,115,0.546,66.03,61.08,500,68.97,209.57,135.64,56.16,150.01,2445550.05,90.66,4053924.8,0.4,5.65
2025-12-22,62973.92,63356.08,61497.45,61872.93,0,2307.79,111397.64,39513.53,17.67,1.06,6.37,8.2544,-0.0027,-860.14,4622.98,1095,883,43,1.24,68.16,62.45,500,68.97,209.57,135.64,56.16,150.01,2545229.12,91.11,4071893.63,0.4,5.65
2025-12-23,61911.59,61973.56,60892.92,60953.93,0,2344.04,110007.76,39207.85,21.07,3.4,19.25,8.2467,-0.0077,3982.05,1363.07,1068,963,59,1.109,66.03,63.91,500,68.97,209.57,135.64,56.16,150.01,2515193.48,91.41,4123721.83,0.4,5.65
2025-12-24,61010.12,61557.97,59543.24,60082.76,0,2659.36,108299.46,38820.41,22.06,0.98,4.66,8.2654,0.0186,1740.26,2124.7,803,1277,125,0.629,66.25,56.52,500,68.97,209.57,135.64,56.16,150.01,2532896.69,90.98,4092384.61,0.4,5.65
2025-12-25,60058.2,60694.96,59698.94,60334.06,0,3946.57,109508.88,39411.64,18.23,-3.82,-17.34,8.2521,-0.0133,-4924.61,533.18,862,1225,26,0.704,64.92,59.34,500,68.97,209.57,135.64,56.16,150.01,2468051.13,90.58,4077147.01,0.4,5.65
2025-12-26,60452.45,62391.92,59992.23,61920.52,0,1772.05,111756.06,40317.46,19.2,0.97,5.32,8.2419,-0.0102,-1689.82,-840.87,211,1785,123,0.118,63.61,61.74,500,68.97,209.57,135.64,56.16,150.01,2439528.12,90.71,4001044.78,0.4,5.65
2025-12-29,62004.64,62228.81,61506.71,61729.88,0,3877.55,111931.71,40452.25,17.89,-1.31,-6.82,8.2349,-0.007,230.67,807.03,852,1134,60,0.751,63.52,59.03,500,68.97,209.57,135.64,56.16,150.01,2473784.47,90.83,3962459.3,0.4,5.65
2025-12-30,61761.0,61805.53,60630.56,60674.31,0,3323.2,110999.0,39931.7,18.58,0.69,3.86,8.2107,-0.0242,-2428.05,801.77,1322,771,79,1.715,61.99,50.95,500,68.97,209.57,135.64,56.16,150.01,2448110.08,90.99,3968990.78,0.4,5.65
2025-12-31,60774.96,61408.32,60475.23,61106.95,0,4029.17,112766.23,40481.41,14.41,-4.17,-22.44,8.2092,-0.0016,4996.32,240.68,747,1193,36,0.626,61.84,50.51,500,68.97,209.57,135.64,56.16,150.01,2356233.72,90.83,4053728.66,0.4,5.65
2026-01-01,60954.29,61428.66,60147.72,60619.48,0,2284.76,112021.21,40418.36,18.93,4.51,31.31,8.2092,0.0001,881.15,2764.77,1166,797,110,1.463,60.5,59.73,500,70.16,210.14,126.65,53.96,150.54,2376285.75,90.46,3993082.09,0.4,3.94
2026-01-02,60707.8,60944.94,60412.07,60648.99,0,1724.89,111984.04,39992.37,17.58,-1.35,-7.12,8.2055,-0.0038,3528.04,822.28,1071,940,31,1.139,61.46,55.19,500,70.16,210.14,126.65,53.96,150.54,2475716.34,90.61,4066186.87,0.4,3.94
2026-01-05,60511.23,60633.9,60162.65,60284.87,0,1673.25,110979.11,39480.55,18.72,1.14,6.47,8.2006,-0.0049,-47.33,-350.98,1323,724,87,1.827,62.14,52.18,500,70.16,210.14,126.65,53.96,150.54,2439162.07,90.42,4109962.21,0.4,3.94
2026-01-06,60200.64,60492.05,58868.52,59154.87,0,2396.73,109990.51,39101.87,15.51,-3.2,-17.11,8.1956,-0.0049,-364.12,-2451.76,1253,683,33,1.835,61.94,49.99,500,70.16,210.14,126.65,53.96,150.54,2460024.83,91.27,4258960.26,0.4,3.94
2026-01-07,59132.13,59180.25,57542.88,57589.75,0,4274.45,107343.17,38117.33,22.3,6.78,43.73,8.2028,0.0071,1027.57,520.74,1714,246,45,6.967,64.04,55.33,500,70.16,210.14,126.65,53.96,150.54,2486240.28,90.85,4348625.04,0.4,3.94
2026-01-08,57367.75,58325.31,57229.87,58185.47,0,3172.25,109060.34,38743.21,15.02,-7.28,-32.64,8.1766,-0.0261,4378.67,-267.96,577,1471,46,0.392,64.17,56.51,500,70.16,210.14,126.65,53.96,150.54,2381394.57,90.62,4395897.54,0.4,3.94
2026-01-09,58098.96,58423.91,57872.1,58196.68,0,3066.79,109732.58,38693.63,19.96,4.94,32.89,8.1692,-0.0074,-6374.88,-1564.07,687,1401,46,0.49,62.99,59.38,500,70.16,210.14,126.65,53.96,150.54,2356736.71,90.92,4343195.93,0.4,3.94
2026-01-12,58316.16,58694.26,57501.24,57876.49,0,2240.79,108832.2,38493.58,19.29,-0.67,-3.35,8.1536,-0.0156,-2339.23,-1660.87,1276,798,88,1.599,63.34,58.42,500,70.16,210.14,126.65,53.96,150.54,2424400.36,91.05,4372870.61,0.4,3.94
2026-01-13,57880.18,58029.04,57546.3,57694.68,0,2876.8,108133.27,38597.85,20.31,1.02,5.3,8.1602,0.0065,1946.91,1015.0,904,1011,49,0.894,63.14,56.75,500,70.16,210.14,126.65,53.96,150.54,2420251.5,91.09,4295195.77,0.4,3.94
2026-01-14,57834.57,58125.75,57480.81,57771.67,0,3441.3,108402.39,38594.97,16.28,-4.03,-19.83,8.1627,0.0026,-2840.9,23.25,610,1291,28,0.473,64.15,57.06,500,70.16,210.14,126.65,53.96,150.54,2354483.75,90.8,4244104.7,0.4,3.94
2026-01-15,57760.14,58658.15,57564.97,58460.61,0,1384.77,109265.84,38793.25,15.78,-0.51,-3.13,8.1561,-0.0066,306.39,1234.56,587,1402,116,0.419,59.81,50.25,500,70.16,210.14,126.65,53.96,150.54,2382193.64,90.97,4283065.6,0.4,3.94
2026-01-16,58643.9,59341.49,58372.09,59067.72,0,4038.05,109339.85,38705.05,17.89,2.11,13.4,8.1632,0.0071,-3592.75,8119.89,855,1179,50,0.725,59.56,51.17,500,70.16,210.14,126.65,53.96,150.54,2349360.88,90.98,4285449.22,0.4,3.94
2026-01-19,58923.01,59728.51,58605.58,59408.46,0,4403.1,110158.1,38969.42,16.2,-1.69,-9.42,8.1731,0.0099,3155.12,-2008.29,909,1114,99,0.816,58.85,49.29,500,70.16,210.14,126.65,53.96,150.54,2515823.34,90.86,4293136.82,0.4,3.94
2026-01-20,59298.61,59546.57,57923.1,58166.32,0,3051.36,108456.74,38281.26,19.69,3.49,21.51,8.1845,0.0114,353.85,-685.53,1425,489,121,2.914,58.64,53.11,500,70.16,210.14,126.65,53.96,150.54,2587000.97,90.73,4412826.18,0.4,3.94
2026-01-21,58084.52,58387.11,57847.87,58150.2,0,2843.8,108283.54,38152.92,16.05,-3.64,-18.5,8.1905,0.0061,328.91,602.19,1059,948,55,1.117,59.14,57.91,500,70.16,210.14,126.65,53.96,150.54,2525717.25,90.77,4304634.17,0.4,3.94
2026-01-22,58112.91,58358.15,57193.03,57435.41,0,4847.47,107184.1,37698.53,19.6,3.55,22.15,8.1976,0.0071,-181.5,1189.41,815,1204,75,0.677,57.99,50.94,500,70.16,210.14,126.65,53.96,150.54,2334356.77,90.66,4196046.82,0.4,3.94
2026-01-23,57680.32,58279.49,57136.43,57735.07,0,1793.08,107502.6,37741.69,17.06,-2.54,-12.97,8.2051,0.0075,-559.97,-601.91,776,1141,39,0.68,57.93,46.9,500,70.16,210.14,126.65,53.96,150.54,2350910.49,91.16,4239453.31,0.4,3.94
2026-01-26,57739.11,58407.27,57608.57,58275.51,0,6328.72,108431.64,38220.69,18.28,1.23,7.18,8.2175,0.0124,861.87,-1394.18,654,1374,123,0.476,57.44,51.18,500,70.16,210.14,126.65,53.96,150.54,2363741.32,90.74,4255088.51,0.4,3.94
2026-01-27,58055.64,58501.46,57799.95,58244.93,0,2816.06,108018.67,37881.38,16.99,-1.29,-7.06,8.2256,0.0081,-704.88,335.05,970,950,128,1.021,59.01,48.5,500,70.16,210.14,126.65,53.96,150.54,2400111.16,90.75,4201476.69,0.4,3.94
2026-01-28,58346.43,58718.88,57707.05,58077.78,0,5097.59,108554.72,37889.72,18.22,1.23,7.24,8.2114,-0.0141,11.9,1128.92,1147,878,105,1.306,59.5,48.52,500,70.16,210.14,126.65,53.96,150.54,2340499.0,91.46,4196010.64,0.4,3.94
2026-01-29,57909.62,58004.55,57393.15,57487.38,0,2368.5,107024.23,37700.43,20.27,2.05,11.25,8.2311,0.0197,-1241.8,-843.53,1020,1017,44,1.003,59.31,52.14,500,70.16,210.14,126.65,53.96,150.54,2304613.2,90.38,4160863.03,0.4,3.94
2026-01-30,57441.6,58085.83,57210.4,57852.97,0,3311.34,107809.73,38107.26,17.52,-2.75,-13.57,8.2326,0.0015,-1774.08,759.43,412,1577,82,0.261,57.83,46.72,500,70.16,210.14,126.65,53.96,150.54,2393232.25,90.65,4173287.48,0.4,3.94
2026-02-02,57836.27,57907.32,57275.14,57345.59,0,3777.3,106998.59,37868.52,18.15,0.63,3.58,8.2256,-0.007,-113.84,677.08,1030,889,49,1.159,57.26,51.01,500,70.15,210.41,135.22,54.71,150.43,2395782.08,90.57,4199659.29,0.4,3.94
2026-02-03,57219.6,57708.95,56355.93,56842.05,0,2824.51,105511.07,37473.39,20.36,2.21,12.17,8.2138,-0.0118,2685.92,3634.01,1066,907,60,1.175,58.05,46.2,500,70.15,210.41,135.22,54.71,150.43,2326860.04,91.01,4196768.79,0.4,3.94
2026-02-04,57014.89,57244.58,55301.48,55525.17,0,3116.23,103390.5,36597.97,20.26,-0.1,-0.47,8.2252,0.0114,-640.87,4111.97,1646,379,79,4.343,58.2,44.05,500,70.15,210.41,135.22,54.71,150.43,2304388.79,91.32,4188068.01,0.4,3.94
2026-02-05,55658.3,55890.4,54799.71,55029.19,0,2230.65,102438.4,36230.5,17.24,-3.02,-14.89,8.2081,-0.0171,42.41,-36.08,777,1205,28,0.645,57.65,46.24,500,70.15,210.41,135.22,54.71,150.43,2322205.19,91.32,4213407.83,0.4,3.94
2026-02-06,54983.59,55244.52,54244.85,54503.5,0,2819.33,101953.29,35932.18,20.47,3.23,18.74,8.2138,0.0057,1211.52,-1480.84,880,1020,39,0.863,56.41,50.38,500,70.15,210.41,135.22,54.71,150.43,2425759.21,91.49,4215013.07,0.4,3.94
2026-02-09,54439.58,55191.37,53858.15,54608.14,0,4938.12,102323.31,36098.57,18.06,-2.42,-11.81,8.2201,0.0063,-154.33,594.04,737,1176,103,0.627,54.6,54.04,500,70.15,210.41,135.22,54.71,150.43,2382750.87,90.68,4220400.9,0.4,3.94
2026-02-10,54546.76,55054.53,54188.29,54695.09,0,4002.95,102725.86,36065.53,16.64,-1.42,-7.84,8.2338,0.0137,-4959.77,553.13,839,1197,88,0.701,52.05,44.66,500,70.15,210.41,135.22,54.71,150.43,2314782.13,91.16,4184489.31,0.4,3.94
2026-02-11,54612.39,54783.83,53559.27,53727.93,0,2780.16,101863.1,35674.09,18.44,1.8,10.81,8.2368,0.003,-1101.68,2511.41,997,917,40,1.087,53.22,42.84,500,70.15,210.41,135.22,54.71,150.43,2396940.14,91.24,4095785.25,0.4,3.94
2026-02-12,53703.56,53781.43,53132.22,53209.37,0,2239.18,101316.96,35094.02,21.53,3.09,16.77,8.2345,-0.0023,-603.75,-3230.34,1436,471,73,3.049,53.41,46.72,500,70.15,210.41,135.22,54.71,150.43,2520321.79,91.15,4139029.61,0.4,3.94
2026-02-13,53152.71,53324.17,52443.98,52613.71,0,3130.98,100601.55,34797.41,18.19,-3.34,-15.53,8.2385,0.004,-2456.02,1912.57,1026,1009,102,1.017,52.94,46.18,500,70.15,210.41,135.22,54.71,150.43,2524486.31,90.62,4110251.4,0.4,3.94
2026-02-16,52751.94,53477.87,52516.78,53240.52,0,3661.32,101666.29,35190.59,17.98,-0.21,-1.16,8.2463,0.0078,-5234.57,-576.69,476,1559,49,0.305,51.75,45.39,500,70.15,210.41,135.22,54.71,150.43,2528006.89,90.65,4157393.04,0.42,3.94
2026-02-17,53352.78,53710.79,53119.96,53477.43,0,2305.37,101631.6,35293.48,21.71,3.73,20.74,8.2248,-0.0215,4238.3,4234.65,694,1379,88,0.503,52.32,50.39,500,70.15,210.41,135.22,54.71,150.43,2632859.08,91.11,4203207.72,0.4,3.94
2026-02-18,53275.01,54458.33,52733.39,53910.24,0,5726.15,102363.97,35453.5,16.61,-5.1,-23.48,8.2101,-0.0146,-5179.52,830.27,622,1426,96,0.436,53.63,42.06,500,70.15,210.41,135.22,54.71,150.43,2674863.26,91.49,4189468.98,0.4,3.94
2026-02-19,53805.51,54552.55,53553.55,54298.28,0,1757.75,103543.02,35674.55,15.16,-1.45,-8.7,8.2058,-0.0044,-6284.4,401.73,692,1386,36,0.499,53.69,44.34,500,70.15,210.41,135.22,54.71,150.43,2697428.31,91.09,4206135.8,0.4,3.94
2026-02-20,54288.45,54974.29,54078.67,54762.68,0,1991.66,103962.25,36023.72,17.28,2.12,13.99,8.2268,0.021,2239.5,3594.2,716,1286,57,0.557,53.13,42.71,500,70.15,210.41,135.22,54.71,150.43,2632200.18,90.95,4164407.15,0.4,3.94
2026-02-23,54771.69,55607.21,54271.47,55103.96,0,3836.17,104694.18,36473.81,16.98,-0.31,-1.78,8.216,-0.0108,-1203.94,867.58,529,1492,32,0.355,52.91,48.62,500,70.15,210.41,135.22,54.71,150.43,2639576.79,90.15,4192150.84,0.4,3.94
2026-02-24,55065.94,55756.78,54195.55,54884.1,0,1314.51,105111.16,36597.96,18.77,1.8,10.57,8.2069,-0.0091,-4493.95,1238.01,734,1251,25,0.587,53.06,42.53,500,70.15,210.41,135.22,54.71,150.43,2605772.52,91.06,4137436.85,0.42,3.94
2026-02-25,55023.1,56617.78,54605.03,56190.84,0,3539.29,107669.95,37409.47,16.44,-2.33,-12.41,8.2253,0.0183,147.94,3649.45,256,1827,93,0.14,51.47,47.59,500,70.15,210.41,135.22,54.71,150.43,2674547.65,90.93,4232551.78,0.43,3.94
2026-02-26,56194.3,56422.12,55409.61,55635.16,0,2930.64,106306.35,37073.62,19.01,2.57,15.64,8.2207,-0.0046,3380.35,2431.56,916,1068,40,0.858,53.84,51.63,500,70.15,210.41,135.22,54.71,150.43,2558495.41,90.82,4275647.83,0.46,3.94
2026-02-27,55603.97,55891.95,55170.57,55457.79,0,4134.19,106034.16,37020.05,21.05,2.03,10.69,8.2197,-0.001,-3758.99,3178.58,1063,845,85,1.258,55.04,54.43,500,70.15,210.41,135.22,54.71,150.43,2615053.11,90.89,4268131.32,0.47,3.94
2026-03-02,55361.2,55599.99,54715.27,54952.3,0,4133.41,105404.58,36877.59,18.45,-2.6,-12.35,8.1999,-0.0198,2183.65,-596.91,919,1085,108,0.847,53.09,39.32,500,68.54,211.0,133.35,51.53,149.69,2539353.74,91.0,4262040.13,0.41,3.94
2026-03-03,55122.51,56199.83,54695.88,55768.2,0,5010.48,107225.98,37352.1,14.92,-3.53,-19.13,8.1982,-0.0017,6556.25,179.03,461,1556,55,0.296,54.29,55.24,500,68.54,211.0,133.35,51.53,149.69,2548267.82,90.83,4278015.67,0.41,3.94
2026-03-04,55894.78,57239.41,55649.97,56989.81,0,2074.08,109257.79,38065.05,14.48,-0.43,-2.9,8.1821,-0.016,1209.93,341.35,519,1497,118,0.347,54.68,51.25,500,68.54,211.0,133.35,51.53,149.69,2587121.93,90.57,4208328.49,0.4,3.94
2026-03-05,56865.28,57482.48,55747.48,56359.19,0,3648.0,108628.5,37701.63,18.78,4.3,29.67,8.1928,0.0107,86.74,-4428.62,951,962,56,0.989,53.97,44.75,500,68.54,211.0,133.35,51.53,149.69,2463368.55,90.83,4284968.92,0.4,3.94
2026-03-06,56329.22,56781.5,56057.54,56508.94,0,2794.95,109208.06,37879.99,17.69,-1.09,-5.8,8.1961,0.0033,2203.69,-370.66,690,1235,117,0.559,53.14,38.14,500,68.54,211.0,133.35,51.53,149.69,2440196.98,91.36,4333798.35,0.4,3.94
2026-03-09,56719.66,57031.97,55041.51,55346.27,0,5243.63,107048.07,37379.01,19.08,1.38,7.83,8.1988,0.0026,2431.09,3555.33,993,1060,108,0.937,51.54,44.55,500,68.54,211.0,133.35,51.53,149.69,2448471.09,91.0,4250185.77,0.4,3.94
2026-03-10,55295.28,56373.29,54799.02,55871.86,0,3985.35,108638.87,37624.69,15.68,-3.39,-17.78,8.2015,0.0027,2545.2,-2839.99,428,1597,92,0.268,52.63,43.44,500,68.54,211.0,133.35,51.53,149.69,2427340.08,91.57,4313500.57,0.4,3.94
2026-03-11,55849.07,56293.17,55393.01,55837.01,0,4016.01,108051.61,37695.04,20.32,4.64,29.58,8.2058,0.0043,-1808.03,5517.69,1051,870,78,1.208,53.42,46.85,500,68.54,211.0,133.35,51.53,149.69,2393419.13,92.09,4255097.71,0.4,3.94
2026-03-12,55835.33,56180.97,55450.03,55795.43,0,2057.44,107727.31,37428.51,17.22,-3.1,-15.26,8.1947,-0.0111,-374.41,-866.9,935,1141,88,0.819,53.51,47.05,500,68.54,211.0,133.35,51.53,149.69,2484619.6,92.05,4144778.49,0.4,3.94
2026-03-13,55750.0,56173.83,55409.67,55832.99,0,3853.83,107833.42,37361.12,19.03,1.81,10.5,8.184,-0.0107,-2701.29,645.74,1002,1072,111,0.935,53.65,43.81,500,68.54,211.0,133.35,51.53,149.69,2344671.75,92.29,4144096.02,0.4,3.94
2026-03-16,55897.9,56482.18,53898.0,54467.33,0,4261.12,105416.78,36379.33,17.74,-1.3,-6.81,8.1718,-0.0122,-946.09,-2497.51,1472,505,68,2.915,53.17,55.6,500,68.54,211.0,133.35,51.53,149.69,2296238.9,92.11,4147517.21,0.4,3.94
2026-03-17,54400.06,55262.16,54109.97,54969.03,0,1853.91,106035.23,36601.7,13.0,-4.73,-26.69,8.1725,0.0006,-7511.14,-982.98,511,1453,67,0.352,52.33,45.87,500,68.54,211.0,133.35,51.53,149.69,2294961.72,92.02,4171171.72,0.4,3.94
2026-03-18,54874.98,55195.98,54180.82,54499.62,0,2632.28,106156.04,36500.25,16.17,3.17,24.38,8.1694,-0.0031,3680.68,704.47,1146,881,103,1.301,51.57,43.46,500,68.54,211.0,133.35,51.53,149.69,2303428.13,91.48,4191135.94,0.4,3.94
2026-03-19,54357.55,54629.63,54326.75,54598.7,0,3013.93,106331.09,36582.82,16.11,-0.06,-0.4,8.1774,0.0081,342.29,-2839.41,950,1140,45,0.833,54.77,48.13,500,68.54,211.0,133.35,51.53,149.69,2320831.57,91.58,4314412.86,0.4,3.94
2026-03-20,54502.06,55437.04,54112.75,55043.87,0,4561.96,106684.94,36823.3,17.76,1.65,10.23,8.185,0.0075,-1921.2,2085.2,773,1325,116,0.583,55.24,49.98,500,68.54,211.0,133.35,51.53,149.69,2229772.77,91.66,4356483.73,0.4,3.94
2026-03-23,54957.73,56774.9,54561.82,56368.82,0,2402.27,108830.62,37569.25,17.6,-0.15,-0.87,8.1824,-0.0026,-1963.7,-114.96,342,1639,115,0.209,54.7,58.79,500,68.54,211.0,133.35,51.53,149.69,2219256.06,91.48,4384321.16,0.41,3.94
2026-03-24,56548.58,57508.67,55959.74,56916.0,0,2328.41,109545.1,37967.17,14.9,-2.71,-15.38,8.1874,0.005,-813.88,1380.09,535,1500,59,0.357,56.07,45.93,500,68.54,211.0,133.35,51.53,149.69,2218773.79,91.56,4495402.05,0.4,3.94
2026-03-25,56831.72,57841.96,56322.57,57328.36,0,2422.3,109609.07,38230.49,15.03,0.13,0.89,8.1814,-0.006,40.71,-64.13,617,1338,93,0.461,57.56,45.07,500,68.54,211.0,133.35,51.53,149.69,2128794.83,91.11,4508118.83,0.4,3.94
2026-03-26,57299.0,58476.64,56939.47,58112.01,0,3351.11,110718.21,38577.93,14.03,-1.0,-6.63,8.1835,0.0021,-1477.09,1067.19,421,1585,79,0.266,58.33,50.17,500,68.54,211.0,133.35,51.53,149.69,2165763.24,90.99,4487686.47,0.4,3.94
2026-03-27,58308.93,58852.19,57400.25,57940.07,0,2782.68,110301.46,38472.5,19.47,5.44,38.79,8.1731,-0.0104,-6957.47,-82.98,933,1058,101,0.882,57.62,49.7,500,68.54,211.0,133.35,51.53,149.69,2207497.6,91.25,4433884.22,0.4,3.94
2026-03-30,57899.64,58636.13,57546.58,58280.74,0,2415.09,111328.07,38573.71,19.53,0.05,0.26,8.1744,0.0013,-1276.39,-761.07,944,1115,56,0.847,56.97,46.55,500,68.54,211.0,133.35,51.53,149.69,2193478.74,91.01,4373272.89,0.4,3.94
2026-03-31,58331.86,58707.41,57469.4,57841.79,0,1655.11,110471.93,38261.43,18.52,-1.0,-5.14,8.1571,-0.0173,656.08,-4112.65,837,1246,99,0.672,57.41,46.07,500,68.54,211.0,133.35,51.53,149.69,2215736.84,90.63,4346303.53,0.4,3.94
2026-04-01,57901.74,58330.45,57708.58,58136.51,0,4147.77,111253.98,38550.93,16.5,-2.02,-10.91,8.1526,-0.0045,-3017.86,728.04,751,1298,57,0.579,58.59,61.42,500,68.24,211.67,136.63,55.78,150.0,2254413.06,90.57,4330801.53,0.4,5.23
2026-04-02,58060.33,58887.03,57771.37,58595.41,0,1641.05,111960.15,38695.76,18.29,1.79,10.82,8.1489,-0.0036,606.25,1047.29,885,1166,75,0.759,58.58,57.39,500,68.24,211.67,136.63,55.78,150.0,2192618.79,90.47,4400340.71,0.4,5.23
2026-04-03,58655.42,58893.09,58008.3,58244.3,0,1890.11,111842.03,38753.34,15.16,-3.13,-17.1,8.1117,-0.0372,239.72,364.14,876,1115,85,0.786,60.24,54.95,500,68.24,211.67,136.63,55.78,150.0,2231831.3,90.83,4440880.53,0.4,5.23
2026-04-06,58307.56,59019.46,58043.88,58753.75,0,2728.99,112573.38,39440.76,18.46,3.3,21.76,8.1119,0.0002,-4929.1,139.97,436,1603,93,0.272,62.07,58.7,500,68.24,211.67,136.63,55.78,150.0,2247510.3,90.62,4460740.15,0.43,5.23
2026-04-07,59034.37,59706.65,57752.36,58417.61,0,4605.48,111703.04,39322.57,18.89,0.44,2.36,8.1246,0.0127,5516.42,2225.63,1120,931,59,1.203,60.86,50.59,500,68.24,211.67,136.63,55.78,150.0,2327887.7,90.97,4383601.31,0.4,5.23
2026-04-08,58666.74,58993.8,57180.98,57501.55,0,1585.03,109496.96,38912.62,18.05,-0.85,-4.49,8.1233,-0.0013,2676.39,856.71,1229,844,85,1.456,60.66,54.34,500,68.24,211.67,136.63,55.78,150.0,2325090.54,90.84,4433713.79,0.45,5.23
2026-04-09,57548.18,58047.17,56235.22,56727.09,0,2174.82,108676.79,38332.76,16.32,-1.72,-9.55,8.1174,-0.0059,3.82,255.41,977,1007,83,0.97,59.7,55.43,500,68.24,211.67,136.63,55.78,150.0,2487022.77,90.76,4482498.46,0.46,5.23
2026-04-10,56771.81,57039.68,55386.79,55649.36,0,3812.0,105626.84,37558.74,17.77,1.45,8.86,8.1023,-0.0152,-3631.98,-1771.7,1263,747,73,1.691,60.64,61.6,500,68.24,211.67,136.63,55.78,150.0,2520913.51,90.76,4438026.11,0.44,5.23
2026-04-13,55592.84,56172.36,55354.37,55932.43,0,2265.53,105397.84,37844.4,14.52,-3.25,-18.27,8.095,-0.0073,-1314.21,-4035.41,644,1295,21,0.497,62.34,45.43,500,68.24,211.67,136.63,55.78,150.0,2518055.73,90.97,4480555.46,0.44,5.23
2026-04-14,56099.56,56972.21,55694.06,56563.35,0,1889.88,106364.55,38308.18,18.96,4.44,30.58,8.1037,0.0087,-5822.56,-512.33,755,1329,56,0.568,58.89,53.27,500,68.24,211.67,136.63,55.78,150.0,2509466.51,90.78,4544556.81,0.45,5.23
2026-04-15,56645.36,57409.75,56241.24,57003.09,0,3140.88,106303.84,38315.95,13.61,-5.35,-28.21,8.1016,-0.0022,374.61,-238.49,795,1222,127,0.651,59.49,58.29,500,68.24,211.67,136.63,55.78,150.0,2637116.08,90.49,4648183.72,0.5,5.23
2026-04-16,57105.4,57416.33,57071.01,57381.78,0,3586.75,106781.87,38589.09,14.99,1.38,10.12,8.1021,0.0006,3616.98,4597.93,985,1084,38,0.909,62.86,60.96,500,68.24,211.67,136.63,55.78,150.0,2667079.25,90.3,4596450.42,0.55,5.23
2026-04-17,57247.73,57857.6,56491.78,57100.08,0,1936.77,105572.24,38295.44,16.93,1.94,12.94,8.0849,-0.0173,2391.11,-3508.51,1142,841,49,1.358,61.41,46.99,500,68.24,211.67,136.63,55.78,150.0,2637527.12,89.87,4516431.0,0.53,5.23
2026-04-20,57248.73,57748.33,55734.87,56225.55,0,5015.84,104489.4,38121.03,17.72,0.79,4.66,8.0941,0.0093,4022.34,4535.88,1171,886,107,1.322,60.13,52.5,500,68.24,211.67,136.63,55.78,150.0,2608129.75,89.5,4492778.28,0.56,5.23
2026-04-21,56283.57,57007.36,56070.36,56792.22,0,3635.58,104692.76,38217.04,18.37,0.65,3.68,8.096,0.0018,881.25,831.33,836,1260,87,0.663,60.23,52.69,500,68.24,211.67,136.63,55.78,150.0,2683200.68,89.39,4467871.69,0.56,5.23
2026-04-22,56662.59,57598.04,56424.6,57357.15,0,3645.64,105572.2,38773.55,15.13,-3.24,-17.65,8.0916,-0.0044,-496.1,-4243.32,419,1635,123,0.256,60.39,59.26,500,68.24,211.67,136.63,55.78,150.0,2533840.74,89.13,4496114.13,0.54,5.23
2026-04-23,57457.44,58596.07,56866.38,57999.43,0,5114.7,106950.56,39190.67,18.98,3.85,25.47,8.091,-0.0006,1638.13,-8307.8,514,1386,78,0.371,60.52,49.81,500,68.24,211.67,136.63,55.78,150.0,2532231.16,88.34,4428065.22,0.62,5.23
2026-04-24,58067.49,58740.04,57551.73,58222.91,0,3887.35,107369.98,39430.48,19.67,0.69,3.64,8.1023,0.0112,-3645.77,3050.0,673,1396,57,0.482,59.53,56.35,500,68.24,211.67,136.63,55.78,150.0,2571961.61,88.26,4399982.61,0.69,5.23
2026-04-27,58405.68,58871.93,58093.0,58558.43,0,6785.47,107882.6,39407.13,20.38,0.7,3.58,8.1005,-0.0018,1480.52,2408.26,862,1088,43,0.792,59.2,55.8,500,68.24,211.67,136.63,55.78,150.0,2495672.99,88.1,4393898.26,0.75,5.23
2026-04-28,58563.23,58959.03,58213.64,58609.17,0,3206.38,108108.59,39646.93,19.4,-0.97,-4.78,8.0928,-0.0077,583.73,-23.59,655,1330,68,0.492,60.44,57.97,500,68.24,211.67,136.63,55.78,150.0,2580560.04,87.81,4429107.66,0.78,5.23
2026-04-29,58646.52,58974.79,58110.49,58437.58,0,2839.93,108562.98,39751.75,18.08,-1.33,-6.83,8.0896,-0.0032,1925.8,-463.78,490,1505,51,0.326,59.63,56.36,500,68.24,211.67,136.63,55.78,150.0,2537762.06,87.64,4442877.46,0.74,5.23
2026-04-30,58537.67,58761.54,57629.24,57850.48,0,5364.88,108299.32,39586.89,18.96,0.88,4.87,8.0703,-0.0192,5333.93,2600.16,1013,1041,92,0.973,58.11,48.76,500,68.24,211.67,136.63,55.78,150.0,2596238.06,87.61,4454751.34,0.72,5.23
2026-05-01,57947.23,58496.61,57609.15,58157.31,0,3187.22,109709.35,39888.25,14.21,-4.75,-25.06,8.067,-0.0033,-6175.07,2605.81,543,1468,69,0.37,58.75,50.51,500,69.51,212.45,136.28,54.63,150.67,2655693.22,87.52,4613258.02,0.77,5.23
2026-05-04,58222.67,58817.88,57773.72,58367.81,0,970.39,109445.74,39778.67,18.59,4.38,30.83,8.0481,-0.0188,-1429.71,-6286.67,1016,896,120,1.134,58.94,55.23,500,69.51,212.45,136.28,54.63,150.67,2614802.82,87.67,4535353.41,0.77,5.23
2026-05-05,58311.14,59829.96,57949.17,59460.86,0,1444.98,112096.55,40819.5,14.23,-4.36,-23.43,8.0618,0.0137,-404.07,392.13,494,1571,127,0.314,60.58,44.2,500,69.51,212.45,136.28,54.63,150.67,2625885.73,87.04,4473002.52,0.73,5.23
2026-05-06,59520.51,60526.41,59234.06,60236.52,0,3709.12,113895.44,41341.21,13.2,-1.03,-7.26,8.0671,0.0053,343.35,6690.86,645,1405,89,0.459,60.16,54.11,500,69.51,212.45,136.28,54.63,150.67,2541424.23,87.17,4443781.82,0.7,5.23
2026-05-07,60269.07,61023.05,59977.28,60729.03,0,5901.84,115920.97,41982.29,14.88,1.68,12.76,8.0839,0.0167,-1813.02,1399.07,364,1719,46,0.212,62.09,55.37,500,69.51,212.45,136.28,54.63,150.67,2562171.28,86.73,4564960.8,0.73,5.23
2026-05-08,60612.13,61146.08,60207.82,60740.92,0,5001.26,115981.29,41713.89,18.0,3.12,20.97,8.0999,0.0161,2782.17,3875.18,897,1121,93,0.8,62.18,58.03,500,69.51,212.45,136.28,54.63,150.67,2639194.83,86.66,4652726.48,0.77,5.23
2026-05-11,60828.69,61394.01,60823.89,61389.16,0,2737.56,116460.18,42006.58,15.48,-2.53,-14.05,8.0974,-0.0025,1213.82,-880.15,553,1536,46,0.36,63.38,55.42,500,69.51,212.45,136.28,54.63,150.67,2622044.83,86.49,4655041.88,0.77,5.23
2026-05-12,61457.48,62103.18,61263.73,61908.01,0,2230.94,117385.83,42547.37,12.47,-3.01,-19.43,8.0964,-0.001,4168.86,2763.3,493,1569,94,0.314,61.05,53.71,500,69.51,212.45,136.28,54.63,150.67,2515317.12,86.3,4631641.53,0.78,5.23
2026-05-13,61904.31,62272.18,61167.56,61533.22,0,4852.6,116566.94,42046.55,22.26,9.79,78.52,8.0789,-0.0175,-1142.21,204.94,1132,920,114,1.23,62.15,57.04,500,69.51,212.45,136.28,54.63,150.67,2523725.18,86.17,4704412.24,0.77,5.23
2026-05-14,61762.45,64010.96,60818.96,63047.83,0,1690.62,119907.61,43091.03,14.75,-7.5,-33.71,8.0745,-0.0044,-3930.32,-3022.94,117,1964,102,0.06,62.74,59.12,500,69.51,212.45,136.28,54.63,150.67,2560362.2,85.98,4780591.59,0.76,5.23
2026-05-15,62926.02,63036.66,62340.66,62450.46,0,3181.32,119583.74,42670.61,19.28,4.53,30.7,8.065,-0.0096,-1778.13,1985.12,846,1247,33,0.678,62.38,54.75,500,69.51,212.45,136.28,54.63,150.67,2546325.23,86.02,4759100.07,0.71,5.23
2026-05-18,62437.68,62848.78,61264.2,61670.25,0,2592.69,117989.03,42230.17,19.28,-0.0,-0.01,8.0506,-0.0144,3190.3,1006.3,1137,935,105,1.216,62.77,57.54,500,69.51,212.45,136.28,54.63,150.67,2634638.23,85.34,4799619.63,0.77,5.23
2026-05-19,61573.73,62160.89,61167.91,61753.88,0,2477.76,118615.53,41918.27,17.55,-1.74,-9.0,8.034,-0.0166,3322.65,1003.2,817,1124,34,0.727,63.73,58.6,500,69.51,212.45,136.28,54.63,150.67,2718125.38,86.06,4753000.04,0.74,5.23
2026-05-20,61580.14,61684.79,60596.52,60699.68,0,4887.36,116864.46,41149.22,20.54,3.0,17.08,8.0215,-0.0124,-1442.94,4878.39,1092,990,66,1.103,64.48,57.39,500,69.51,212.45,136.28,54.63,150.67,2650885.78,86.03,4670103.74,0.74,5.23
2026-05-21,60850.57,61295.9,59592.93,60032.26,0,1675.38,114774.13,40625.26,19.13,-1.41,-6.86,8.0113,-0.0102,-1090.25,-435.96,1168,775,38,1.507,65.76,58.9,500,69.51,212.45,136.28,54.63,150.67,2542151.95,85.78,4695080.39,0.74,5.23
2026-05-22,60117.81,61174.37,60110.04,61166.46,0,2926.11,116701.68,41076.24,15.89,-3.24,-16.96,8.0206,0.0092,1202.78,-841.61,696,1262,81,0.552,66.97,59.08,500,69.51,212.45,136.28,54.63,150.67,2496891.44,86.03,4716074.42,0.72,5.23
2026-05-25,60979.28,62583.0,60322.04,61915.67,0,1998.47,118100.68,41581.87,15.25,-0.64,-4.06,8.0153,-0.0053,-649.77,178.4,380,1551,43,0.245,66.82,57.48,500,69.51,212.45,136.28,54.63,150.67,2525844.84,86.24,4608796.44,0.72,5.23
2026-05-26,61896.2,62667.73,61775.43,62545.69,0,4445.7,119813.46,42081.99,17.11,1.86,12.2,8.0167,0.0014,4494.3,695.46,396,1619,66,0.245,66.49,47.82,500,69.51,212.45,136.28,54.63,150.67,2568096.37,86.22,4633920.93,0.77,5.23
2026-05-27,62767.75,63699.22,62555.03,63484.08,0,3441.73,122059.31,42854.11,15.71,-1.4,-8.17,8.0121,-0.0046,778.16,-1512.97,474,1459,109,0.325,66.46,58.4,500,69.51,212.45,136.28,54.63,150.67,2621689.72,86.22,4619154.72,0.77,5.23
2026-05-28,63387.23,64413.39,62912.21,63934.27,0,4033.94,123377.5,43237.05,15.62,-0.09,-0.55,8.0174,0.0054,-548.75,5203.6,429,1610,57,0.266,67.51,54.96,500,69.51,212.45,136.28,54.63,150.67,2777158.76,86.14,4558050.7,0.79,5.23
2026-05-29,64043.37,64152.29,63582.46,63690.78,0,5211.7,123679.65,43153.49,21.26,5.64,36.11,8.0437,0.0263,-803.88,-303.0,1137,818,118,1.39,65.96,64.69,500,69.51,212.45,136.28,54.63,150.67,2622198.95,85.88,4552806.1,0.77,5.23
2026-06-01,63624.52,64520.13,63594.35,64489.55,0,1825.86,126398.54,43769.35,15.55,-5.71,-26.87,8.0314,-0.0123,-1354.96,-1006.48,412,1681,34,0.245,65.35,54.64,500,68.88,212.72,142.57,51.11,150.86,2716273.13,85.8,4504660.9,0.82,5.23
2026-06-02,64622.15,64642.53,63569.43,63589.49,0,3124.21,124161.02,42936.29,20.58,5.03,32.37,8.0285,-0.0029,-270.8,2779.62,1309,626,39,2.091,65.39,55.1,500,68.88,212.72,142.57,51.11,150.86,2646314.9,86.05,4514744.71,0.82,5.23
2026-06-03,63656.47,65188.56,63190.05,64714.39,0,3826.14,126789.87,43873.0,16.24,-4.34,-21.1,8.0181,-0.0104,-476.41,952.04,319,1654,72,0.193,65.08,53.45,500,68.88,212.72,142.57,51.11,150.86,2650948.05,86.29,4478268.43,0.76,5.23
2026-06-04,64737.73,65757.71,64590.53,65608.52,0,2306.42,128574.46,44432.75,12.6,-3.63,-22.38,8.0181,-0.0001,2636.7,-1387.53,369,1589,89,0.232,63.53,62.81,500,68.88,212.72,142.57,51.11,150.86,2706143.84,86.65,4370181.47,0.73,5.23
2026-06-05,65652.25,66368.64,65063.89,65779.14,0,3123.91,127210.95,44219.64,20.86,8.25,65.47,8.004,-0.0141,-1958.9,3914.54,954,965,67,0.989,65.17,57.31,500,68.88,212.72,142.57,51.11,150.86,2692038.63,86.58,4412670.95,0.77,5.23
2026-06-08,65646.2,66054.29,65075.87,65482.95,0,5918.8,127410.02,44433.61,12.94,-7.91,-37.94,7.998,-0.0059,758.78,-3211.13,835,1250,129,0.668,65.78,65.04,500,68.88,212.72,142.57,51.11,150.86,2689965.27,86.94,4341554.47,0.79,5.23
2026-06-09,65503.22,65633.42,64346.36,64474.53,0,2626.49,125679.97,43874.32,22.32,9.37,72.42,7.9975,-0.0006,676.13,5799.49,1061,959,55,1.106,65.87,63.96,500,68.88,212.72,142.57,51.11,150.86,2667754.4,87.83,4323919.85,0.79,5.23
2026-06-10,64389.21,65220.17,64074.27,64902.72,0,3625.52,126836.48,44058.98,11.83,-10.49,-47.0,7.9882,-0.0093,4659.07,1387.55,693,1301,70,0.533,65.42,57.21,500,68.88,212.72,142.57,51.11,150.86,2714695.32,87.67,4317277.32,0.8,5.23
2026-06-11,64936.56,65166.71,63898.84,64126.12,0,4472.5,125304.24,43413.66,20.19,8.36,70.67,8.0058,0.0176,3614.07,5108.32,1007,924,56,1.09,62.63,58.7,500,68.88,212.72,142.57,51.11,150.86,2677629.69,88.08,4323563.68,0.75,5.23
2026-06-12,64288.87,65054.35,63966.33,64729.61,0,2691.75,126226.45,44168.12,14.2,-5.99,-29.66,7.9985,-0.0073,-2099.72,1298.62,809,1204,123,0.672,63.19,60.12,500,68.88,212.72,142.57,51.11,150.86,2717647.37,88.22,4344674.3,0.7,5.23
2026-06-15,64729.83,65272.2,64306.48,64848.09,0,1908.05,126007.63,44147.86,17.73,3.53,24.88,7.9852,-0.0133,-6813.83,300.39,605,1295,53,0.467,61.39,55.72,500,68.88,212.72,142.57,51.11,150.86,2661139.86,88.17,4351870.13,0.65,5.23
2026-06-16,64920.83,65486.97,63906.08,64468.27,0,2328.03,125894.06,43899.44,19.0,1.27,7.15,7.9697,-0.0156,1937.93,2069.85,905,1020,53,0.887,62.39,54.69,500,68.88,212.72,142.57,51.11,150.86,2733792.67,87.85,4421420.71,0.64,5.23
2026-06-17,64144.57,65543.71,63820.12,65213.87,0,2491.04,127625.43,44596.87,17.36,-1.64,-8.63,7.9606,-0.0091,1279.65,218.5,537,1550,129,0.346,61.42,57.27,500,68.88,212.72,142.57,51.11,150.86,2777266.45,87.85,4448103.36,0.69,5.23
2026-06-18,65444.8,66400.76,65019.27,65971.8,0,2393.34,129326.55,45146.07,17.14,-0.22,-1.28,7.9585,-0.0021,1654.3,2731.64,501,1580,81,0.317,62.66,50.82,500,68.88,212.72,142.57,51.11,150.86,2703030.37,87.74,4415756.45,0.72,5.23
2026-06-19,65840.65,66350.68,63979.65,64479.14,0,3598.67,127002.77,44321.14,21.9,4.76,27.78,7.936,-0.0225,-3225.01,-4302.5,993,1007,103,0.986,62.64,59.36,500,68.88,212.72,142.57,51.11,150.86,2689240.87,87.79,4341019.87,0.73,5.23
2026-06-22,64564.69,65541.56,64480.42,65456.12,0,2401.6,128322.75,44962.68,13.57,-8.32,-38.02,7.9558,0.0197,267.96,-811.47,667,1322,88,0.505,61.08,52.07,500,68.88,212.72,142.57,51.11,150.86,2710957.08,88.35,4362141.71,0.75,5.23
2026-06-23,65464.68,66623.31,64881.13,66034.68,0,2129.9,128793.72,45409.09,21.57,7.99,58.89,7.9641,0.0083,-1152.99,-3029.64,569,1464,70,0.389,61.45,50.47,500,68.88,212.72,142.57,51.11,150.86,2654159.35,88.47,4296037.83,0.76,5.23
2026-06-24,65986.96,66508.55,65584.3,66105.17,0,2608.49,128281.02,45013.99,17.44,-4.12,-19.12,7.9437,-0.0204,-2145.09,-430.38,857,1127,46,0.76,61.66,63.74,500,68.88,212.72,142.57,51.11,150.86,2732098.43,88.14,4357176.89,0.77,5.23
2026-06-25,66061.9,66144.82,65892.12,65974.93,0,2082.78,127550.48,44399.99,18.77,1.33,7.62,7.9399,-0.0038,-4063.68,59.08,926,996,42,0.93,59.27,43.48,500,68.88,212.72,142.57,51.11,150.86,2678141.11,88.25,4393924.6,0.78,5.23
2026-06-26,66070.55,66474.78,65710.36,66114.36,0,3536.52,127391.09,44372.13,20.16,1.38,7.37,7.9595,0.0196,464.47,62.43,749,1233,125,0.607,59.11,49.44,500,68.88,212.72,142.57,51.11,150.86,2722524.48,87.66,4435127.68,0.84,5.23
2026-06-29,66210.25,66668.52,65391.61,65847.37,0,1782.06,127115.49,44199.44,16.88,-3.27,-16.23,7.9275,-0.032,3704.02,-135.92,778,1125,88,0.692,58.76,56.81,500,68.88,212.72,142.57,51.11,150.86,2791084.65,87.71,4458139.87,0.89,5.23
2026-06-30,65973.52,66577.77,65603.52,66206.47,0,1919.05,127728.48,44583.61,15.5,-1.38,-8.18,7.907,-0.0205,-6992.92,1293.74,487,1457,62,0.334,58.21,49.82,500,68.88,212.72,142.57,51.11,150.86,2783668.89,87.62,4430992.66,0.9,5.23
2026-07-01,65945.48,66836.2,65440.96,66328.75,0,2519.69,127613.42,44563.93,17.57,2.06,13.32,7.8989,-0.008,-5771.02,914.12,1015,898,97,1.13,58.85,49.33,500,70.42,213.37,143.35,54.49,151.78,2737777.32,87.71,4377718.0,0.96,5.29
2026-07-02,66221.66,67171.81,65655.03,66601.92,0,2796.04,128061.41,44533.13,18.2,0.63,3.6,7.8847,-0.0143,-3739.61,1386.64,904,1096,21,0.825,59.87,54.44,500,70.42,213.37,143.35,54.49,151.78,2687447.47,87.52,4341248.8,0.95,5.29
2026-07-03,66544.4,66885.99,66258.29,66599.63,0,3111.6,127828.47,44648.15,16.69,-1.52,-8.33,7.857,-0.0277,-2222.45,-1087.91,718,1278,63,0.562,59.69,57.79,500,70.42,213.37,143.35,54.49,151.78,2636039.53,88.05,4325844.43,0.92,5.29
2026-07-06,66627.09,68180.6,66250.06,67796.94,0,3080.79,129763.34,45165.5,16.05,-0.64,-3.82,7.8702,0.0132,1595.23,959.29,331,1742,49,0.19,61.86,49.85,500,70.42,213.37,143.35,54.49,151.78,2713103.83,88.31,4341796.57,0.96,5.29
2026-07-07,67742.02,68514.53,67361.66,68131.99,0,2597.7,130440.7,45633.21,16.87,0.82,5.13,7.8812,0.011,-829.84,1988.23,506,1432,45,0.353,60.74,52.32,500,70.42,213.37,143.35,54.49,151.78,2748309.37,89.06,4292747.19,0.91,5.29
2026-07-08,68261.14,68680.27,66719.11,67131.31,0,2487.91,128377.01,45098.68,14.85,-2.02,-12.0,7.8712,-0.0101,-578.15,-1809.49,1311,749,53,1.75,61.63,50.31,500,70.42,213.37,143.35,54.49,151.78,2737284.49,88.61,4280055.55,0.93,5.29
2026-07-09,67147.62,67661.73,66087.0,66596.89,0,8689.43,127951.02,44838.29,21.14,6.3,42.41,7.8773,0.0062,7294.3,1755.76,1053,929,97,1.133,61.03,49.99,500,70.42,213.37,143.35,54.49,151.78,2639204.47,88.15,4263860.42,0.95,5.29
2026-07-10,66758.39,67584.64,66378.01,67201.74,0,3098.8,129417.85,45328.23,19.29,-1.86,-8.79,7.8819,0.0046,3513.83,5811.29,685,1216,76,0.563,61.44,51.71,500,70.42,213.37,143.35,54.49,151.78,2525595.04,88.09,4233145.54,0.89,5.29
2026-07-13,67102.82,67382.46,65458.21,65732.14,0,1845.79,126112.83,44027.48,22.77,3.49,18.09,7.8791,-0.0029,2617.35,4529.03,1403,520,38,2.698,60.38,48.59,500,70.42,213.37,143.35,54.49,151.78,2682191.8,87.51,4244640.89,0.85,5.29
2026-07-14,65661.05,67071.86,65017.92,66421.29,0,2339.09,126309.12,44256.39,19.35,-3.43,-15.04,7.8862,0.0071,-2292.85,-2364.28,840,1074,32,0.782,61.03,53.54,500,70.42,213.37,143.35,54.49,151.78,2768804.33,87.62,4255733.64,0.87,5.29
2026-07-15,66574.96,67414.85,66471.52,67310.26,0,4895.45,127687.81,44909.76,22.63,3.29,16.99,7.8856,-0.0006,-4135.15,-818.68,522,1539,119,0.339,59.99,52.3,500,70.42,213.37,143.35,54.49,151.78,2754216.34,87.53,4161188.54,0.88,5.29
2026-07-16,67363.12,68219.24,66784.43,67638.18,0,4304.91,127506.96,45115.6,16.66,-5.97,-26.39,7.8883,0.0027,607.98,5325.36,753,1210,76,0.622,61.18,54.75,500,70.42,213.37,143.35,54.49,151.78,2815806.66,87.78,4174052.03,0.85,5.29
2026-07-17,67746.75,68463.0,65957.53,66662.31,0,4134.79,125348.85,44293.09,19.95,3.29,19.76,7.8788,-0.0095,1847.85,-1251.73,1258,694,117,1.813,61.29,43.84,500,70.42,213.37,143.35,54.49,151.78,2711977.03,88.23,4256140.63,0.87,5.29
2026-07-20,66703.43,67814.8,66011.63,67118.7,0,1919.87,126369.42,44413.24,14.04,-5.92,-29.66,7.8701,-0.0087,420.0,-1332.83,563,1502,116,0.375,62.08,57.78,500,70.42,213.37,143.35,54.49,151.78,2744413.23,87.87,4233317.29,0.86,5.29
2026-07-21,66965.5,67727.6,66485.36,67245.45,0,2018.26,126498.19,44562.01,20.51,6.47,46.1,7.8724,0.0023,4994.19,5519.36,1072,857,121,1.251,60.47,56.5,500,70.42,213.37,143.35,54.49,151.78,2706731.48,88.29,4257881.87,0.84,5.29
2026-07-22,67184.63,67917.86,65877.17,66604.06,0,2773.05,125414.69,43974.59,23.71,3.21,15.64,7.8873,0.0149,-7717.91,2316.34,1024,990,104,1.034,62.34,48.19,500,70.42,213.37,143.35,54.49,151.78,2718145.47,88.3,4256811.8,0.84,5.29
2026-07-23,66701.19,67242.34,65221.59,65755.07,0,3751.39,123527.38,43359.2,24.06,0.35,1.49,7.8951,0.0078,-5174.86,2829.27,1416,673,92,2.104,60.92,49.6,500,70.42,213.37,143.35,54.49,151.78,2782830.64,89.19,4220183.67,0.84,5.29
2026-07-24,65898.33,67352.03,65544.61,66992.44,0,1698.41,125850.85,44277.47,19.48,-4.58,-19.05,7.9035,0.0085,2531.77,2299.58,510,1493,39,0.342,61.74,53.78,500,70.42,213.37,143.35,54.49,151.78,2744048.03,88.62,4218993.84,0.85,5.29
2026-07-27,66997.38,68177.09,66483.05,67657.69,0,3903.86,126412.43,44923.82,15.07,-4.41,-22.65,7.9067,0.0032,-3710.91,-1013.17,759,1204,123,0.63,61.06,56.01,500,70.42,213.37,143.35,54.49,151.78,2706230.83,88.68,4197517.95,0.89,5.29
2026-07-28,67812.1,69188.1,66902.69,68272.51,0,2923.58,127914.97,45396.6,17.88,2.81,18.63,7.905,-0.0017,3484.48,-2008.49,793,1167,48,0.68,62.93,60.18,500,70.42,213.37,143.35,54.49,151.78,2736342.24,88.16,4182032.31,0.89,5.29
2026-07-29,68057.63,69889.74,67627.58,69450.89,0,1028.04,129447.06,45907.48,13.43,-4.45,-24.88,7.8913,-0.0137,3351.8,-3026.8,728,1237,41,0.589,63.87,61.02,500,70.42,213.37,143.35,54.49,151.78,2865236.47,88.31,4076479.06,0.85,5.29
2026-07-30,69472.64,70276.82,68720.88,69524.5,0,2825.37,129902.25,46109.8,17.41,3.98,29.62,7.9008,0.0094,441.76,4411.92,752,1158,91,0.649,62.27,54.05,500,70.42,213.37,143.35,54.49,151.78,2881851.68,88.55,4060752.21,0.88,5.29
2026-07-31,69588.65,70117.31,69097.72,69626.13,0,1772.39,129445.92,46038.85,17.44,0.03,0.18,7.9119,0.0111,-2140.48,290.7,852,1068,36,0.798,62.15,63.63,500,70.42,213.37,143.35,54.49,151.78,2976370.84,88.45,4053139.58,0.91,5.29
2026-08-03,69616.81,71765.44,69052.54,71188.44,0,4514.44,133300.08,47338.51,10.21,-7.23,-41.48,7.9046,-0.0074,844.52,5450.21,252,1840,124,0.137,61.55,51.2,500,69.74,214.26,146.93,50.17,151.73,3104797.62,87.75,4095885.62,0.87,5.29
2026-08-04,71117.54,71343.23,70910.58,71136.21,0,3340.08,132513.34,47214.6,14.98,4.78,46.83,7.9059,0.0013,5818.09,-2079.73,935,1078,82,0.867,60.56,59.08,500,69.74,214.26,146.93,50.17,151.73,2950849.67,88.64,3991667.66,0.85,5.29
2026-08-05,71313.48,71397.43,70196.37,70279.1,0,3999.44,131314.17,46456.26,19.49,4.5,30.06,7.9154,0.0095,-7234.4,3116.22,1116,798,41,1.398,61.61,55.58,500,69.74,214.26,146.93,50.17,151.73,2842660.68,88.51,4039448.69,0.88,5.29
2026-08-06,70222.69,71528.87,69817.15,71118.17,0,4590.51,132857.5,47119.12,16.56,-2.93,-15.03,7.9384,0.023,227.22,1572.13,595,1409,82,0.422,60.47,62.28,500,69.74,214.26,146.93,50.17,151.73,2821997.65,88.13,4022715.5,0.91,5.29
2026-08-07,71191.48,72003.08,70832.73,71642.06,0,1440.11,133653.97,47374.06,16.54,-0.02,-0.13,7.9245,-0.0139,2273.54,2203.97,784,1294,67,0.606,60.7,58.55,500,69.74,214.26,146.93,50.17,151.73,2721510.84,88.58,4099793.01,0.92,5.29
2026-08-10,71814.39,73406.3,71590.06,73177.7,0,3348.56,136607.22,48443.88,16.0,-0.54,-3.24,7.9437,0.0192,-261.15,2514.58,196,1733,74,0.113,63.23,62.13,500,69.74,214.26,146.93,50.17,151.73,2757737.89,88.47,4154726.61,0.84,5.29
2026-08-11,73078.59,73201.42,72935.68,73058.48,0,3543.19,136481.86,48584.55,20.99,4.99,31.2,7.9392,-0.0045,725.52,-515.18,830,1151,52,0.721,64.13,62.62,500,69.74,214.26,146.93,50.17,151.73,2766260.68,88.59,4130940.47,0.78,5.29
2026-08-12,73155.75,74147.53,71453.42,72435.43,0,3387.7,136157.81,48204.06,16.73,-4.26,-20.31,7.9657,0.0264,-317.0,2789.7,1197,747,108,1.602,64.78,59.01,500,69.74,214.26,146.93,50.17,151.73,2648405.34,88.06,4124505.26,0.81,5.29
2026-08-13,72581.17,73158.58,71138.99,71709.47,0,2217.94,134949.46,47773.33,21.78,5.05,30.19,7.9397,-0.0259,-2198.93,492.51,1240,688,93,1.802,64.19,52.84,500,69.74,214.26,146.93,50.17,151.73,2700847.89,87.62,4176947.28,0.81,5.29
2026-08-14,71545.28,72096.44,71175.16,71725.38,0,3039.64,135626.23,47960.42,21.2,-0.58,-2.65,7.9335,-0.0062,-862.46,706.21,825,1104,46,0.747,63.09,59.62,500,69.74,214.26,146.93,50.17,151.73,2647867.31,87.65,4147678.18,0.8,5.29
2026-08-17,71903.6,72550.3,71759.58,72405.27,0,3076.25,136677.63,48137.64,18.66,-2.55,-12.01,7.9212,-0.0123,-1203.9,9447.21,577,1515,32,0.381,62.77,52.47,500,69.74,214.26,146.93,50.17,151.73,2670753.36,87.29,4132028.52,0.8,5.29
2026-08-18,72472.81,73747.51,71942.85,73212.14,0,6872.95,137413.81,48941.15,16.64,-2.02,-10.8,7.9127,-0.0085,996.89,-2528.78,466,1554,94,0.3,63.95,60.89,500,69.74,214.26,146.93,50.17,151.73,2740761.52,87.61,4211013.53,0.79,5.29
2026-08-19,73096.23,73797.16,72959.47,73659.34,0,2122.2,139136.02,49756.44,14.64,-2.0,-12.02,7.9109,-0.0019,-1621.09,-2074.41,435,1483,38,0.293,62.88,61.92,500,69.74,214.26,146.93,50.17,151.73,2734753.22,87.39,4275928.47,0.8,5.29
2026-08-20,73565.98,75641.28,72918.53,74981.37,0,2631.86,141815.11,50564.23,15.05,0.41,2.78,7.915,0.0042,5674.74,5656.35,614,1404,121,0.437,61.25,51.55,500,69.74,214.26,146.93,50.17,151.73,2655090.36,88.15,4284631.25,0.81,5.29
2026-08-21,74968.28,75344.56,74564.33,74940.48,0,3479.29,141582.08,50389.29,16.88,1.83,12.15,7.9275,0.0124,2313.26,-838.24,1085,988,33,1.098,60.83,62.65,500,69.74,214.26,146.93,50.17,151.73,2599765.2,87.95,4311529.66,0.8,5.29
2026-08-24,75072.08,75701.66,74788.1,75416.38,0,2530.13,141600.93,50496.55,15.31,-1.56,-9.26,7.923,-0.0045,2861.67,-1486.98,744,1157,58,0.643,60.75,53.79,500,69.74,214.26,146.93,50.17,151.73,2689925.06,87.52,4324202.21,0.82,5.29
2026-08-25,75479.33,75981.94,75189.22,75691.01,0,1459.99,142210.49,50877.46,17.05,1.74,11.35,7.9244,0.0014,3930.31,960.97,573,1334,53,0.43,60.69,55.83,500,69.74,214.26,146.93,50.17,151.73,2719787.69,87.92,4304781.41,0.85,5.29
2026-08-26,75493.78,75864.81,74322.47,74689.54,0,3438.61,141152.95,50014.51,21.79,4.74,27.81,7.9258,0.0014,444.62,1155.67,1080,858,75,1.259,60.53,49.92,500,69.74,214.26,146.93,50.17,151.73,2700317.91,87.35,4392196.99,0.83,5.29
2026-08-27,74586.84,75144.71,73388.05,73941.1,0,2536.72,139763.55,49739.75,17.84,-3.95,-18.15,7.9359,0.0101,142.89,-1869.29,1062,1019,32,1.042,61.22,51.3,500,69.74,214.26,146.93,50.17,151.73,2767519.32,87.8,4426893.52,0.86,5.29
2026-08-28,73915.14,74180.31,73637.73,73902.86,0,2918.44,138985.32,49776.17,17.68,-0.15,-0.87,7.9316,-0.0043,506.96,1298.62,773,1205,40,0.641,60.81,53.4,500,69.74,214.26,146.93,50.17,151.73,2829905.23,87.8,4463761.42,0.87,5.29
2026-08-31,74024.51,74847.92,73620.28,74441.41,0,4083.83,140169.31,49814.41,14.66,-3.03,-17.12,7.9296,-0.0021,326.34,-1512.77,566,1499,53,0.378,60.89,57.11,500,69.74,214.26,146.93,50.17,151.73,2843209.7,87.74,4508833.04,0.87,5.29
2026-09-01,74526.39,77312.5,73689.91,76454.38,0,6659.55,143623.92,51184.53,15.52,0.87,5.91,7.9317,0.0021,-2296.33,2006.55,286,1628,55,0.176,62.59,55.66,500,71.29,214.35,138.83,49.02,152.91,2850677.32,87.49,4604487.24,0.87,5.29
2026-09-02,76271.81,77115.21,75942.03,76783.22,0,3971.94,144004.62,51460.06,16.99,1.47,9.45,7.9303,-0.0014,-1219.32,-3053.77,879,1036,37,0.848,62.9,59.41,500,71.29,214.35,138.83,49.02,152.91,2894955.66,87.99,4588472.03,0.86,5.29
2026-09-03,76312.32,77545.31,76003.13,77232.39,0,2934.27,145328.59,51574.53,16.96,-0.03,-0.19,7.9219,-0.0084,-8518.46,-942.83,643,1282,65,0.502,61.93,62.43,500,71.29,214.35,138.83,49.02,152.91,2993027.25,88.11,4673411.69,0.85,5.29
2026-09-04,77429.78,77604.64,76107.95,76280.22,0,3733.41,143427.66,50950.96,22.21,5.25,30.99,7.9018,-0.0201,1434.81,2286.07,1149,931,114,1.234,64.81,53.38,500,71.29,214.35,138.83,49.02,152.91,2928323.82,88.07,4608018.87,0.84,5.29
2026-09-07,76327.84,77033.65,75153.64,75855.08,0,5544.65,142961.24,50989.76,21.19,-1.02,-4.58,7.9189,0.0172,1233.2,4840.85,1001,929,86,1.078,62.55,59.39,500,71.29,214.35,138.83,49.02,152.91,2934047.33,88.17,4622167.55,0.81,5.29
2026-09-08,75716.05,76973.5,75208.48,76460.94,0,6349.25,144075.84,51384.37,16.48,-4.71,-22.24,7.8969,-0.022,-1275.19,3023.54,599,1495,125,0.401,61.98,53.12,500,71.29,214.35,138.83,49.02,152.91,2944506.87,88.46,4718432.53,0.87,5.29
2026-09-09,76661.73,76893.22,75886.51,76116.35,0,2586.85,143830.15,51235.23,20.53,4.05,24.58,7.9203,0.0234,-766.54,3287.38,883,1075,52,0.821,62.95,55.27,500,71.29,214.35,138.83,49.02,152.91,2939044.68,88.58,4718501.25,0.91,5.29
