Date,Open,High,Low,Close,Prev. Close,Change,% Change
01-Jan-2010,13.89,17.14,12.96,15.35,15.35,0.0,0.0
04-Jan-2010,16.65,16.91,13.42,16.15,15.35,0.79,5.17
05-Jan-2010,21.36,25.85,22.05,23.37,16.15,7.22,44.72
06-Jan-2010,20.94,20.62,19.27,20.37,23.37,-3.0,-12.82
07-Jan-2010,17.65,19.81,16.95,17.77,20.37,-2.6,-12.77
08-Jan-2010,16.95,19.86,16.02,17.66,17.77,-0.11,-0.59
11-Jan-2010,21.24,25.75,21.04,22.8,17.66,5.14,29.08
12-Jan-2010,16.74,17.01,13.76,16.41,22.8,-6.39,-28.05
13-Jan-2010,18.82,19.78,18.38,19.32,16.41,2.91,17.74
14-Jan-2010,13.55,14.55,13.62,13.89,19.32,-5.43,-28.09
15-Jan-2010,17.86,19.24,17.82,18.24,13.89,4.35,31.32
18-Jan-2010,15.76,19.41,15.41,16.42,18.24,-1.82,-10.0
19-Jan-2010,16.42,19.93,17.44,17.82,16.42,1.4,8.53
20-Jan-2010,21.1,24.02,21.42,22.08,17.82,4.26,23.92
21-Jan-2010,21.13,20.93,19.78,20.93,22.08,-1.15,-5.22
22-Jan-2010,20.13,19.78,14.72,17.49,20.93,-3.44,-16.44
25-Jan-2010,15.14,15.64,11.95,14.79,17.49,-2.7,-15.43
26-Jan-2010,15.19,16.27,13.05,15.41,14.79,0.62,4.21
27-Jan-2010,18.63,17.86,14.95,17.59,15.41,2.18,14.13
28-Jan-2010,17.37,19.03,14.39,16.89,17.59,-0.7,-3.96
29-Jan-2010,17.27,19.33,15.66,16.98,16.89,0.09,0.52
01-Feb-2010,21.95,23.24,19.87,20.74,16.98,3.76,22.14
02-Feb-2010,12.04,16.87,11.65,13.93,20.74,-6.8,-32.81
03-Feb-2010,16.37,20.21,15.81,18.34,13.93,4.41,31.66
04-Feb-2010,17.58,20.04,17.15,17.72,18.34,-0.63,-3.43
05-Feb-2010,15.92,19.07,14.68,16.38,17.72,-1.33,-7.53
08-Feb-2010,18.19,19.59,16.16,17.83,16.38,1.45,8.86
09-Feb-2010,21.47,21.39,19.26,20.02,17.83,2.18,12.25
10-Feb-2010,19.0,19.38,16.81,17.59,20.02,-2.43,-12.13
11-Feb-2010,15.78,15.4,15.14,15.18,17.59,-2.41,-13.69
12-Feb-2010,13.13,13.62,10.22,13.11,15.18,-2.07,-13.62
15-Feb-2010,23.45,24.55,20.27,21.78,13.11,8.66,66.07
16-Feb-2010,17.57,21.46,18.08,19.33,21.78,-2.45,-11.23
17-Feb-2010,16.25,17.64,15.84,17.25,19.33,-2.08,-10.75
18-Feb-2010,16.13,17.33,13.39,15.28,17.25,-1.97,-11.43
19-Feb-2010,20.67,19.29,18.41,18.99,15.28,3.71,24.27
22-Feb-2010,19.18,20.94,17.17,19.22,18.99,0.23,1.19
23-Feb-2010,18.54,21.06,18.5,20.24,19.22,1.03,5.34
24-Feb-2010,17.01,17.84,14.18,16.29,20.24,-3.95,-19.53
25-Feb-2010,18.86,21.74,16.77,19.27,16.29,2.98,18.32
26-Feb-2010,16.92,19.16,15.82,16.51,19.27,-2.76,-14.34
01-Mar-2010,19.27,21.82,17.26,19.64,16.51,3.13,18.95
02-Mar-2010,20.11,23.67,19.55,21.46,19.64,1.82,9.29
03-Mar-2010,18.68,21.86,19.52,20.51,21.46,-0.96,-4.45
04-Mar-2010,18.84,19.2,16.91,19.18,20.51,-1.33,-6.49
05-Mar-2010,18.3,18.48,17.64,18.38,19.18,-0.79,-4.14
08-Mar-2010,24.43,23.68,21.36,22.46,18.38,4.08,22.17
09-Mar-2010,12.96,13.43,11.41,12.58,22.46,-9.88,-44.0
10-Mar-2010,14.77,18.39,14.07,15.44,12.58,2.86,22.76
11-Mar-2010,16.03,18.6,14.52,16.33,15.44,0.89,5.76
12-Mar-2010,16.73,16.82,14.96,16.47,16.33,0.14,0.84
15-Mar-2010,21.35,20.09,16.64,19.33,16.47,2.87,17.41
16-Mar-2010,16.4,19.9,15.98,17.03,19.33,-2.31,-11.92
17-Mar-2010,16.85,17.9,15.0,17.61,17.03,0.58,3.43
18-Mar-2010,15.88,17.71,15.71,17.02,17.61,-0.6,-3.38
19-Mar-2010,14.3,17.06,14.6,15.13,17.02,-1.88,-11.07
22-Mar-2010,17.53,20.7,16.34,18.26,15.13,3.12,20.63
23-Mar-2010,18.25,18.74,17.59,17.88,18.26,-0.38,-2.06
24-Mar-2010,18.78,20.62,18.2,19.74,17.88,1.86,10.39
25-Mar-2010,19.16,20.14,17.48,18.53,19.74,-1.2,-6.09
26-Mar-2010,10.34,12.75,7.98,10.86,18.53,-7.67,-41.41
29-Mar-2010,21.99,22.14,20.26,21.8,10.86,10.94,100.7
30-Mar-2010,15.66,15.4,13.76,15.37,21.8,-6.43,-29.48
31-Mar-2010,15.38,17.85,15.55,17.31,15.37,1.94,12.61
01-Apr-2010,20.9,22.91,18.52,20.57,17.31,3.26,18.84
02-Apr-2010,20.31,22.35,21.18,21.4,20.57,0.83,4.04
05-Apr-2010,17.16,17.52,14.77,15.76,21.4,-5.64,-26.37
06-Apr-2010,19.95,20.68,18.81,20.28,15.76,4.52,28.7
07-Apr-2010,17.82,18.69,16.35,18.01,20.28,-2.27,-11.18
08-Apr-2010,20.64,20.78,19.84,20.66,18.01,2.65,14.72
09-Apr-2010,16.17,18.72,16.01,17.02,20.66,-3.65,-17.65
12-Apr-2010,19.03,21.05,17.03,19.13,17.02,2.11,12.42
13-Apr-2010,18.0,19.46,15.4,16.75,19.13,-2.38,-12.46
14-Apr-2010,17.3,16.62,15.99,16.51,16.75,-0.23,-1.39
15-Apr-2010,16.27,16.56,14.35,16.09,16.51,-0.42,-2.55
16-Apr-2010,20.48,23.15,18.31,20.7,16.09,4.61,28.64
19-Apr-2010,20.05,21.99,19.54,19.91,20.7,-0.79,-3.83
20-Apr-2010,17.62,20.98,15.73,18.09,19.91,-1.82,-9.13
21-Apr-2010,18.73,20.01,18.69,19.8,18.09,1.7,9.42
22-Apr-2010,18.48,19.77,17.05,18.53,19.8,-1.26,-6.39
23-Apr-2010,17.29,18.12,15.04,17.08,18.53,-1.46,-7.85
26-Apr-2010,22.68,23.77,21.02,22.32,17.08,5.25,30.72
27-Apr-2010,22.36,22.91,20.02,21.05,22.32,-1.27,-5.68
28-Apr-2010,21.41,22.56,17.7,20.64,21.05,-0.41,-1.96
29-Apr-2010,13.07,13.94,10.86,13.1,20.64,-7.55,-36.55
30-Apr-2010,15.09,14.68,13.8,14.56,13.1,1.47,11.19
03-May-2010,15.09,18.23,15.43,15.7,14.56,1.13,7.79
04-May-2010,15.18,18.07,13.09,15.76,15.7,0.06,0.41
05-May-2010,15.95,16.7,13.29,14.32,15.76,-1.44,-9.12
06-May-2010,18.4,19.72,18.31,18.47,14.32,4.15,28.95
07-May-2010,19.21,20.31,17.68,18.77,18.47,0.3,1.64
10-May-2010,19.15,20.16,18.11,19.44,18.77,0.67,3.56
11-May-2010,21.44,22.45,21.71,22.3,19.44,2.86,14.69
12-May-2010,21.05,22.19,19.54,20.09,22.3,-2.21,-9.9
13-May-2010,14.17,16.4,14.61,14.84,20.09,-5.25,-26.15
14-May-2010,17.07,17.42,16.02,16.4,14.84,1.57,10.56
17-May-2010,14.74,15.53,11.69,14.43,16.4,-1.98,-12.05
18-May-2010,15.09,14.92,13.55,14.0,14.43,-0.42,-2.94
19-May-2010,20.67,20.68,18.48,19.05,14.0,5.05,36.08
20-May-2010,14.9,16.77,14.97,16.22,19.05,-2.84,-14.89
21-May-2010,16.93,17.23,16.5,16.92,16.22,0.71,4.35
24-May-2010,21.11,22.51,19.42,20.91,16.92,3.99,23.58
25-May-2010,15.14,17.12,13.77,15.15,20.91,-5.76,-27.56
26-May-2010,18.81,21.9,16.81,19.42,15.15,4.27,28.2
27-May-2010,18.38,21.65,19.46,19.66,19.42,0.24,1.21
28-May-2010,19.52,18.89,18.24,18.66,19.66,-0.99,-5.06
31-May-2010,17.78,19.83,14.89,17.25,18.66,-1.41,-7.54
01-Jun-2010,18.99,23.37,18.84,20.39,17.25,3.14,18.19
02-Jun-2010,15.45,17.02,16.53,16.73,20.39,-3.66,-17.94
03-Jun-2010,15.65,18.26,15.15,16.04,16.73,-0.7,-4.16
04-Jun-2010,15.32,18.5,13.31,16.26,16.04,0.22,1.39
07-Jun-2010,20.39,22.65,18.88,21.16,16.26,4.9,30.15
08-Jun-2010,20.97,21.23,17.94,20.47,21.16,-0.69,-3.27
09-Jun-2010,17.78,19.49,15.23,17.18,20.47,-3.29,-16.09
10-Jun-2010,20.21,20.86,16.81,19.61,17.18,2.44,14.18
11-Jun-2010,18.52,20.97,17.3,18.07,19.61,-1.54,-7.87
14-Jun-2010,15.0,17.76,16.51,17.68,18.07,-0.39,-2.15
15-Jun-2010,23.62,25.01,20.98,22.03,17.68,4.34,24.57
16-Jun-2010,19.83,21.94,18.68,20.14,22.03,-1.89,-8.58
17-Jun-2010,18.07,18.45,14.14,16.73,20.14,-3.4,-16.9
18-Jun-2010,17.87,17.54,13.29,15.21,16.73,-1.52,-9.11
21-Jun-2010,15.96,18.04,14.39,16.54,15.21,1.33,8.75
22-Jun-2010,17.49,16.75,16.01,16.08,16.54,-0.45,-2.75
23-Jun-2010,13.8,15.44,14.69,14.8,16.08,-1.28,-7.99
24-Jun-2010,19.12,19.14,14.3,16.87,14.8,2.07,13.97
25-Jun-2010,19.42,19.25,16.74,18.86,16.87,1.99,11.8
28-Jun-2010,18.61,18.31,15.4,18.25,18.86,-0.6,-3.2
29-Jun-2010,16.56,16.43,14.22,15.72,18.25,-2.53,-13.88
30-Jun-2010,17.48,21.39,16.55,18.69,15.72,2.97,18.9
01-Jul-2010,19.5,20.6,18.34,18.89,18.69,0.2,1.08
02-Jul-2010,17.92,18.95,17.51,18.9,18.89,0.01,0.03
05-Jul-2010,15.61,20.12,15.91,17.55,18.9,-1.35,-7.14
06-Jul-2010,13.58,16.51,13.46,13.58,17.55,-3.97,-22.62
07-Jul-2010,20.6,20.41,18.56,19.92,13.58,6.34,46.67
08-Jul-2010,22.16,21.53,18.89,21.4,19.92,1.48,7.43
09-Jul-2010,19.37,19.58,18.44,18.95,21.4,-2.45,-11.46
12-Jul-2010,18.84,22.5,19.26,21.32,18.95,2.37,12.53
13-Jul-2010,15.66,16.89,15.91,15.92,21.32,-5.4,-25.33
14-Jul-2010,19.62,19.39,17.21,19.19,15.92,3.27,20.57
15-Jul-2010,16.0,19.15,14.94,16.41,19.19,-2.78,-14.5
16-Jul-2010,18.75,18.66,17.46,18.34,16.41,1.93,11.78
19-Jul-2010,15.02,15.91,12.87,15.44,18.34,-2.9,-15.83
20-Jul-2010,21.65,22.92,17.12,19.99,15.44,4.55,29.46
21-Jul-2010,15.66,18.11,15.62,15.87,19.99,-4.11,-20.58
22-Jul-2010,14.49,15.82,12.5,15.13,15.87,-0.74,-4.68
23-Jul-2010,14.99,16.52,13.68,15.44,15.13,0.31,2.07
26-Jul-2010,16.96,17.48,15.85,17.42,15.44,1.98,12.82
27-Jul-2010,16.17,19.24,16.47,16.5,17.42,-0.92,-5.31
28-Jul-2010,19.26,21.03,16.56,18.45,16.5,1.95,11.81
29-Jul-2010,18.85,21.55,18.72,19.16,18.45,0.71,3.84
30-Jul-2010,18.05,20.81,15.44,17.99,19.16,-1.16,-6.07
02-Aug-2010,21.66,22.99,19.32,22.11,17.99,4.12,22.87
03-Aug-2010,17.11,18.5,14.99,17.47,22.11,-4.64,-21.0
04-Aug-2010,16.15,19.66,17.14,17.37,17.47,-0.1,-0.55
05-Aug-2010,19.82,20.93,15.99,18.92,17.37,1.55,8.92
06-Aug-2010,12.2,13.91,11.4,12.9,18.92,-6.02,-31.82
09-Aug-2010,17.8,19.6,16.75,17.81,12.9,4.91,38.1
10-Aug-2010,19.2,21.28,16.66,19.32,17.81,1.51,8.48
11-Aug-2010,16.59,21.07,18.0,19.18,19.32,-0.14,-0.75
12-Aug-2010,18.38,20.26,17.99,18.84,19.18,-0.34,-1.76
13-Aug-2010,17.41,19.91,16.62,17.3,18.84,-1.54,-8.19
16-Aug-2010,19.65,22.26,18.81,19.72,17.3,2.42,14.0
17-Aug-2010,22.92,22.75,21.38,21.74,19.72,2.02,10.22
18-Aug-2010,18.83,19.97,16.48,18.93,21.74,-2.8,-12.9
19-Aug-2010,15.71,14.65,12.42,14.35,18.93,-4.58,-24.2
20-Aug-2010,16.5,15.02,13.85,14.99,14.35,0.64,4.48
23-Aug-2010,23.8,23.68,20.39,21.13,14.99,6.13,40.91
24-Aug-2010,14.75,14.95,13.79,13.82,21.13,-7.31,-34.61
25-Aug-2010,18.48,17.71,15.94,16.85,13.82,3.03,21.93
26-Aug-2010,18.16,17.98,13.32,16.16,16.85,-0.69,-4.08
27-Aug-2010,15.28,20.01,15.65,17.21,16.16,1.05,6.49
30-Aug-2010,18.83,19.49,14.8,17.15,17.21,-0.05,-0.31
31-Aug-2010,18.44,21.21,18.06,20.29,17.15,3.14,18.28
01-Sep-2010,18.7,21.55,19.41,20.31,20.29,0.02,0.09
02-Sep-2010,17.54,18.39,15.59,17.35,20.31,-2.96,-14.58
03-Sep-2010,15.7,15.66,13.79,15.58,17.35,-1.77,-10.2
06-Sep-2010,22.5,23.56,20.23,22.11,15.58,6.54,41.97
07-Sep-2010,14.58,14.72,13.39,14.4,22.11,-7.71,-34.88
08-Sep-2010,19.12,20.98,16.62,19.58,14.4,5.18,36.0
09-Sep-2010,19.48,19.78,17.9,18.06,19.58,-1.53,-7.81
10-Sep-2010,16.07,18.66,14.15,16.44,18.06,-1.62,-8.95
13-Sep-2010,19.63,22.96,18.71,20.54,16.44,4.1,24.93
14-Sep-2010,16.67,17.38,14.64,16.75,20.54,-3.78,-18.43
15-Sep-2010,17.14,19.14,16.64,18.12,16.75,1.36,8.14
16-Sep-2010,19.36,19.73,17.63,18.94,18.12,0.82,4.55
17-Sep-2010,17.96,18.51,15.21,16.82,18.94,-2.12,-11.21
20-Sep-2010,18.81,18.35,15.97,17.18,16.82,0.36,2.14
21-Sep-2010,21.07,21.5,17.51,19.91,17.18,2.73,15.91
22-Sep-2010,15.54,16.44,14.08,16.09,19.91,-3.82,-19.17
23-Sep-2010,22.07,22.93,22.45,22.77,16.09,6.68,41.5
24-Sep-2010,13.76,14.95,11.42,13.82,22.77,-8.96,-39.34
27-Sep-2010,21.06,22.29,17.88,20.78,13.82,6.96,50.38
28-Sep-2010,21.18,24.33,19.66,21.38,20.78,0.6,2.9
29-Sep-2010,18.21,16.56,13.82,16.43,21.38,-4.94,-23.13
30-Sep-2010,18.1,20.57,15.54,17.63,16.43,1.19,7.24
01-Oct-2010,18.31,17.96,15.41,16.63,17.63,-1.0,-5.65
04-Oct-2010,14.86,17.32,14.08,16.09,16.63,-0.54,-3.22
05-Oct-2010,22.48,23.63,20.37,21.44,16.09,5.35,33.25
06-Oct-2010,21.82,22.53,19.16,19.92,21.44,-1.52,-7.11
07-Oct-2010,17.49,19.7,17.15,17.52,19.92,-2.4,-12.03
08-Oct-2010,15.7,16.71,15.31,16.26,17.52,-1.26,-7.19
11-Oct-2010,18.75,19.8,15.56,17.47,16.26,1.21,7.43
12-Oct-2010,19.2,19.42,16.66,19.12,17.47,1.65,9.43
13-Oct-2010,17.94,18.73,16.84,17.89,19.12,-1.23,-6.42
14-Oct-2010,15.13,16.75,15.44,15.62,17.89,-2.27,-12.68
15-Oct-2010,15.91,16.9,16.16,16.16,15.62,0.54,3.45
18-Oct-2010,15.87,18.64,15.49,15.72,16.16,-0.44,-2.74
19-Oct-2010,14.06,14.77,14.38,14.57,15.72,-1.15,-7.29
20-Oct-2010,20.17,20.93,18.88,20.39,14.57,5.81,39.89
21-Oct-2010,15.85,16.5,14.83,14.95,20.39,-5.43,-26.65
22-Oct-2010,20.54,22.6,19.82,20.55,14.95,5.6,37.44
25-Oct-2010,17.74,19.5,15.58,17.33,20.55,-3.22,-15.67
26-Oct-2010,20.41,18.6,16.03,18.03,17.33,0.7,4.06
27-Oct-2010,17.71,19.42,16.66,17.47,18.03,-0.57,-3.14
28-Oct-2010,21.42,21.8,19.67,20.11,17.47,2.64,15.13
29-Oct-2010,15.38,18.63,14.96,15.77,20.11,-4.34,-21.58
01-Nov-2010,22.13,20.43,19.14,20.23,15.77,4.46,28.26
02-Nov-2010,18.14,18.95,17.44,18.13,20.23,-2.09,-10.35
03-Nov-2010,16.15,17.13,15.4,16.24,18.13,-1.89,-10.45
04-Nov-2010,18.31,20.24,18.41,18.57,16.24,2.34,14.38
05-Nov-2010,18.3,17.49,14.94,17.27,18.57,-1.31,-7.03
08-Nov-2010,19.18,19.44,15.66,17.67,17.27,0.4,2.32
09-Nov-2010,21.5,22.14,18.88,21.81,17.67,4.14,23.45
10-Nov-2010,16.09,18.44,15.68,17.13,21.81,-4.68,-21.46
11-Nov-2010,20.82,21.04,18.99,20.75,17.13,3.62,21.14
12-Nov-2010,18.15,18.4,13.15,15.67,20.75,-5.08,-24.48
15-Nov-2010,16.79,18.71,14.38,16.16,15.67,0.49,3.13
16-Nov-2010,22.08,22.28,20.41,21.51,16.16,5.35,33.08
17-Nov-2010,15.63,18.04,12.59,15.38,21.51,-6.14,-28.52
18-Nov-2010,19.8,21.07,17.45,18.86,15.38,3.48,22.66
19-Nov-2010,20.22,23.0,17.65,20.36,18.86,1.5,7.95
22-Nov-2010,20.45,20.5,18.0,19.68,20.36,-0.68,-3.33
23-Nov-2010,18.28,18.52,17.06,18.01,19.68,-1.67,-8.5
24-Nov-2010,18.5,19.5,17.2,17.92,18.01,-0.09,-0.48
25-Nov-2010,17.94,18.97,15.6,18.22,17.92,0.3,1.65
26-Nov-2010,18.72,20.18,17.2,19.44,18.22,1.22,6.7
29-Nov-2010,20.97,21.02,18.65,20.36,19.44,0.93,4.76
30-Nov-2010,14.89,18.62,13.13,15.65,20.36,-4.71,-23.15
01-Dec-2010,16.71,19.3,16.05,17.31,15.65,1.67,10.64
02-Dec-2010,17.9,18.97,17.84,17.86,17.31,0.55,3.17
03-Dec-2010,16.66,19.11,15.82,17.74,17.86,-0.12,-0.69
06-Dec-2010,18.74,20.39,18.46,18.67,17.74,0.93,5.23
07-Dec-2010,19.64,19.27,15.84,17.72,18.67,-0.94,-5.06
08-Dec-2010,25.07,23.89,20.4,22.46,17.72,4.74,26.74
09-Dec-2010,17.75,18.88,14.34,16.94,22.46,-5.53,-24.6
10-Dec-2010,17.57,21.13,16.66,18.53,16.94,1.59,9.39
13-Dec-2010,16.39,18.16,14.37,16.78,18.53,-1.74,-9.41
14-Dec-2010,17.67,21.51,18.59,18.67,16.78,1.89,11.28
15-Dec-2010,19.07,21.67,16.88,19.38,18.67,0.7,3.76
16-Dec-2010,21.36,24.92,22.3,22.34,19.38,2.96,15.29
17-Dec-2010,19.14,23.41,20.65,20.94,22.34,-1.4,-6.28
20-Dec-2010,16.26,18.1,14.4,16.54,20.94,-4.4,-21.0
21-Dec-2010,17.39,20.03,16.03,18.2,16.54,1.66,10.03
22-Dec-2010,14.97,17.26,14.98,16.52,18.2,-1.68,-9.22
23-Dec-2010,19.57,19.7,16.86,18.29,16.52,1.77,10.69
24-Dec-2010,18.97,18.86,15.62,18.4,18.29,0.11,0.59
27-Dec-2010,17.25,17.57,14.82,16.48,18.4,-1.92,-10.41
28-Dec-2010,12.92,12.77,10.84,11.84,16.48,-4.64,-28.18
29-Dec-2010,12.61,14.65,10.76,12.48,11.84,0.65,5.47
30-Dec-2010,18.48,21.21,18.04,19.88,12.48,7.4,59.27
31-Dec-2010,19.97,20.88,18.93,20.15,19.88,0.27,1.34
03-Jan-2011,18.66,18.93,16.4,18.74,20.15,-1.41,-7.01
04-Jan-2011,15.12,19.58,15.77,16.61,18.74,-2.12,-11.33
05-Jan-2011,14.31,16.73,13.86,15.24,16.61,-1.37,-8.27
06-Jan-2011,19.24,22.57,17.96,19.79,15.24,4.55,29.85
07-Jan-2011,19.79,23.04,20.64,22.05,19.79,2.26,11.41
10-Jan-2011,14.52,16.99,13.38,14.38,22.05,-7.67,-34.78
11-Jan-2011,20.52,21.09,19.3,19.84,14.38,5.46,37.98
12-Jan-2011,17.89,18.23,16.77,17.89,19.84,-1.95,-9.84
13-Jan-2011,19.52,20.23,17.85,19.61,17.89,1.72,9.63
14-Jan-2011,18.42,20.26,14.97,17.55,19.61,-2.06,-10.51
17-Jan-2011,14.52,16.68,14.11,15.67,17.55,-1.88,-10.72
18-Jan-2011,19.9,20.34,18.07,19.36,15.67,3.69,23.56
19-Jan-2011,17.59,19.83,16.59,17.51,19.36,-1.85,-9.54
20-Jan-2011,17.71,19.72,16.05,17.32,17.51,-0.2,-1.12
21-Jan-2011,16.4,16.63,12.75,15.44,17.32,-1.87,-10.82
24-Jan-2011,17.8,20.68,18.37,18.85,15.44,3.41,22.09
25-Jan-2011,21.57,25.08,20.08,22.2,18.85,3.34,17.74
26-Jan-2011,16.54,15.95,15.04,15.34,22.2,-6.86,-30.9
27-Jan-2011,15.98,18.41,12.88,15.44,15.34,0.1,0.66
28-Jan-2011,18.09,19.3,14.09,16.46,15.44,1.02,6.58
31-Jan-2011,17.14,18.69,18.1,18.54,16.46,2.09,12.69
01-Feb-2011,22.19,21.33,18.33,20.34,18.54,1.8,9.69
02-Feb-2011,18.39,20.61,16.16,18.63,20.34,-1.71,-8.42
03-Feb-2011,19.49,18.02,15.81,17.76,18.63,-0.87,-4.69
04-Feb-2011,19.59,20.22,18.84,19.07,17.76,1.32,7.41
07-Feb-2011,17.7,19.41,15.79,17.02,19.07,-2.05,-10.76
08-Feb-2011,19.41,21.12,18.83,19.93,17.02,2.91,17.11
09-Feb-2011,18.95,21.05,16.94,18.84,19.93,-1.09,-5.49
10-Feb-2011,17.26,18.31,13.62,16.15,18.84,-2.69,-14.26
11-Feb-2011,20.05,20.06,18.0,18.44,16.15,2.29,14.19
14-Feb-2011,17.07,17.48,15.3,16.13,18.44,-2.32,-12.56
15-Feb-2011,17.96,19.88,16.57,17.46,16.13,1.33,8.26
16-Feb-2011,17.49,20.53,19.62,19.92,17.46,2.47,14.12
17-Feb-2011,21.05,21.79,18.07,19.67,19.92,-0.25,-1.26
18-Feb-2011,20.25,22.0,18.21,20.27,19.67,0.6,3.04
21-Feb-2011,17.18,19.45,17.66,18.97,20.27,-1.3,-6.43
22-Feb-2011,22.51,22.57,17.53,20.34,18.97,1.37,7.25
23-Feb-2011,16.65,18.4,14.21,15.58,20.34,-4.76,-23.4
24-Feb-2011,12.24,16.17,13.85,14.59,15.58,-0.99,-6.34
25-Feb-2011,19.22,19.58,18.0,19.18,14.59,4.58,31.4
28-Feb-2011,16.55,15.54,14.03,15.33,19.18,-3.85,-20.08
01-Mar-2011,16.24,18.36,12.9,15.66,15.33,0.34,2.2
02-Mar-2011,18.88,21.26,17.6,18.74,15.66,3.08,19.66
03-Mar-2011,15.0,16.18,14.76,15.97,18.74,-2.77,-14.78
04-Mar-2011,17.93,19.49,17.42,18.31,15.97,2.34,14.65
07-Mar-2011,18.05,20.41,19.6,20.23,18.31,1.91,10.45
08-Mar-2011,16.76,20.09,17.52,18.09,20.23,-2.14,-10.56
09-Mar-2011,19.67,21.77,16.38,18.84,18.09,0.75,4.14
10-Mar-2011,20.52,20.71,19.61,20.69,18.84,1.85,9.81
11-Mar-2011,16.79,19.64,15.93,17.71,20.69,-2.98,-14.4
14-Mar-2011,19.05,19.03,16.48,18.55,17.71,0.84,4.77
15-Mar-2011,15.37,14.12,13.59,13.99,18.55,-4.56,-24.59
16-Mar-2011,19.47,20.31,16.65,19.34,13.99,5.35,38.25
17-Mar-2011,19.61,18.89,16.15,16.89,19.34,-2.45,-12.67
18-Mar-2011,15.29,17.77,14.64,16.41,16.89,-0.48,-2.82
21-Mar-2011,16.16,16.87,13.78,16.02,16.41,-0.39,-2.38
22-Mar-2011,14.24,16.25,12.86,14.73,16.02,-1.29,-8.07
23-Mar-2011,18.78,20.09,17.84,19.13,14.73,4.4,29.85
24-Mar-2011,21.79,23.83,19.25,21.01,19.13,1.88,9.83
25-Mar-2011,16.78,19.49,16.91,17.7,21.01,-3.31,-15.76
28-Mar-2011,16.66,19.45,14.8,17.36,17.7,-0.34,-1.91
29-Mar-2011,17.75,18.72,14.5,16.76,17.36,-0.6,-3.44
30-Mar-2011,21.18,24.27,21.48,21.5,16.76,4.74,28.27
31-Mar-2011,15.16,14.92,13.16,14.18,21.5,-7.32,-34.06
01-Apr-2011,19.92,22.88,18.9,20.36,14.18,6.19,43.63
04-Apr-2011,19.67,19.74,17.39,18.58,20.36,-1.79,-8.78
05-Apr-2011,20.92,20.54,18.47,19.03,18.58,0.46,2.45
06-Apr-2011,16.82,19.94,16.3,17.05,19.03,-1.98,-10.42
07-Apr-2011,16.21,19.28,14.7,17.17,17.05,0.13,0.74
08-Apr-2011,23.04,25.24,22.97,23.68,17.17,6.51,37.88
11-Apr-2011,21.75,22.13,20.1,20.74,23.68,-2.94,-12.42
12-Apr-2011,19.14,20.05,17.8,19.06,20.74,-1.68,-8.09
13-Apr-2011,21.96,22.12,20.29,20.47,19.06,1.41,7.4
14-Apr-2011,18.53,19.79,16.88,18.18,20.47,-2.29,-11.18
15-Apr-2011,23.19,25.22,23.07,23.77,18.18,5.59,30.73
18-Apr-2011,17.55,19.44,18.11,18.38,23.77,-5.39,-22.66
19-Apr-2011,21.13,22.6,20.83,21.49,18.38,3.11,16.9
20-Apr-2011,15.61,17.34,13.36,16.0,21.49,-5.49,-25.56
21-Apr-2011,18.27,21.24,16.86,19.09,16.0,3.09,19.33
22-Apr-2011,16.65,20.24,16.46,17.67,19.09,-1.42,-7.46
25-Apr-2011,18.36,19.54,17.41,19.04,17.67,1.38,7.79
26-Apr-2011,18.03,19.44,14.83,17.76,19.04,-1.28,-6.72
27-Apr-2011,23.29,24.96,21.76,22.33,17.76,4.56,25.7
28-Apr-2011,17.27,19.75,17.57,18.03,22.33,-4.3,-19.25
29-Apr-2011,20.22,22.42,18.05,20.58,18.03,2.55,14.14
02-May-2011,23.35,21.66,18.73,21.47,20.58,0.89,4.3
03-May-2011,19.4,21.19,17.43,18.72,21.47,-2.75,-12.81
04-May-2011,19.68,22.46,19.26,19.73,18.72,1.01,5.4
05-May-2011,16.47,17.96,12.48,15.47,19.73,-4.25,-21.56
06-May-2011,21.28,19.09,17.7,18.99,15.47,3.51,22.71
09-May-2011,16.4,18.39,15.82,16.54,18.99,-2.45,-12.89
10-May-2011,22.81,22.99,19.61,20.78,16.54,4.24,25.61
11-May-2011,18.27,19.39,15.94,17.76,20.78,-3.01,-14.5
12-May-2011,21.94,23.3,19.82,21.27,17.76,3.51,19.74
13-May-2011,15.65,18.02,14.4,15.98,21.27,-5.29,-24.86
16-May-2011,15.96,16.52,15.42,16.5,15.98,0.52,3.25
17-May-2011,18.75,21.17,17.39,19.75,16.5,3.24,19.66
18-May-2011,19.83,22.43,20.06,20.36,19.75,0.62,3.12
19-May-2011,16.65,17.69,14.12,16.46,20.36,-3.9,-19.15
20-May-2011,19.12,18.94,17.22,17.47,16.46,1.01,6.13
23-May-2011,15.31,16.98,13.15,14.59,17.47,-2.89,-16.52
24-May-2011,11.55,12.73,12.16,12.46,14.59,-2.13,-14.6
25-May-2011,20.08,18.99,16.92,18.68,12.46,6.22,49.94
26-May-2011,14.13,13.3,12.31,13.11,18.68,-5.57,-29.83
27-May-2011,16.37,17.53,16.0,16.4,13.11,3.29,25.13
30-May-2011,19.29,22.57,18.52,20.09,16.4,3.69,22.5
31-May-2011,16.82,17.56,14.83,16.56,20.09,-3.53,-17.56
01-Jun-2011,19.39,21.02,18.81,20.36,16.56,3.8,22.95
02-Jun-2011,17.28,18.88,16.54,17.29,20.36,-3.07,-15.1
03-Jun-2011,16.7,17.94,13.83,15.68,17.29,-1.61,-9.29
06-Jun-2011,18.12,21.21,15.84,18.63,15.68,2.95,18.81
07-Jun-2011,17.47,20.19,18.52,18.64,18.63,0.01,0.04
08-Jun-2011,18.71,21.59,18.32,19.65,18.64,1.0,5.39
09-Jun-2011,17.68,21.34,18.53,18.54,19.65,-1.1,-5.61
10-Jun-2011,19.53,20.92,18.44,19.08,18.54,0.54,2.89
13-Jun-2011,16.14,20.77,16.3,18.77,19.08,-0.31,-1.63
14-Jun-2011,16.24,18.18,15.97,17.08,18.77,-1.69,-9.02
15-Jun-2011,21.96,22.86,19.47,21.01,17.08,3.94,23.05
16-Jun-2011,15.33,17.13,14.24,15.77,21.01,-5.24,-24.94
17-Jun-2011,17.99,19.59,17.68,17.79,15.77,2.02,12.83
20-Jun-2011,10.53,11.36,9.56,11.2,17.79,-6.6,-37.08
21-Jun-2011,8.92,11.89,8.78,9.38,11.2,-1.81,-16.18
22-Jun-2011,16.39,19.49,16.7,17.5,9.38,8.12,86.53
23-Jun-2011,19.53,21.12,19.67,20.52,17.5,3.02,17.24
24-Jun-2011,23.61,23.92,20.26,23.06,20.52,2.54,12.35
27-Jun-2011,15.47,17.96,15.12,16.83,23.06,-6.23,-27.02
28-Jun-2011,17.83,19.85,16.15,17.81,16.83,0.98,5.84
29-Jun-2011,18.5,19.15,16.06,18.45,17.81,0.64,3.61
30-Jun-2011,23.01,24.53,20.07,22.28,18.45,3.83,20.74
01-Jul-2011,15.9,17.02,14.21,15.88,22.28,-6.41,-28.75
04-Jul-2011,19.33,21.72,17.41,19.8,15.88,3.92,24.7
05-Jul-2011,11.59,15.5,12.67,13.34,19.8,-6.46,-32.64
06-Jul-2011,17.43,19.08,14.61,16.86,13.34,3.52,26.38
07-Jul-2011,20.33,20.96,19.85,20.51,16.86,3.66,21.7
08-Jul-2011,17.37,21.31,16.09,18.47,20.51,-2.05,-9.98
11-Jul-2011,16.31,18.37,14.34,16.64,18.47,-1.83,-9.91
12-Jul-2011,21.08,22.23,20.59,21.01,16.64,4.37,26.29
13-Jul-2011,18.53,20.57,17.85,19.73,21.01,-1.28,-6.08
14-Jul-2011,19.99,19.11,18.6,18.99,19.73,-0.74,-3.77
15-Jul-2011,21.7,24.07,21.78,22.12,18.99,3.13,16.48
18-Jul-2011,16.44,17.82,12.48,15.22,22.12,-6.9,-31.18
19-Jul-2011,14.05,16.66,14.57,15.65,15.22,0.43,2.83
20-Jul-2011,16.06,16.7,13.18,16.06,15.65,0.4,2.58
21-Jul-2011,20.45,21.45,17.2,19.62,16.06,3.57,22.21
22-Jul-2011,16.4,18.58,15.15,15.9,19.62,-3.73,-19.0
25-Jul-2011,17.69,21.9,18.2,19.34,15.9,3.44,21.64
26-Jul-2011,17.82,20.37,17.16,18.58,19.34,-0.76,-3.92
27-Jul-2011,23.7,24.19,20.54,22.43,18.58,3.85,20.74
28-Jul-2011,16.65,16.39,14.34,15.78,22.43,-6.65,-29.65
29-Jul-2011,19.28,22.33,18.42,20.13,15.78,4.35,27.55
01-Aug-2011,13.79,17.69,13.49,15.53,20.13,-4.6,-22.84
02-Aug-2011,19.15,22.43,18.95,19.63,15.53,4.1,26.37
03-Aug-2011,19.96,19.84,17.5,17.92,19.63,-1.7,-8.68
04-Aug-2011,12.32,17.18,12.54,14.91,17.92,-3.02,-16.83
05-Aug-2011,19.35,21.96,19.02,20.11,14.91,5.2,34.9
08-Aug-2011,18.89,20.1,17.27,17.99,20.11,-2.12,-10.56
09-Aug-2011,15.95,16.83,14.28,16.29,17.99,-1.7,-9.43
10-Aug-2011,20.07,22.0,16.71,19.23,16.29,2.94,18.07
11-Aug-2011,15.31,17.37,14.01,16.75,19.23,-2.48,-12.91
12-Aug-2011,17.27,17.53,14.61,17.25,16.75,0.5,3.01
15-Aug-2011,19.35,20.72,17.2,19.41,17.25,2.16,12.52
16-Aug-2011,15.89,17.05,15.41,16.24,19.41,-3.18,-16.36
17-Aug-2011,16.75,17.19,16.36,16.91,16.24,0.68,4.18
18-Aug-2011,18.74,19.96,15.84,17.7,16.91,0.78,4.62
19-Aug-2011,15.66,18.78,15.47,16.66,17.7,-1.04,-5.85
22-Aug-2011,20.57,21.47,17.54,20.34,16.66,3.68,22.08
23-Aug-2011,21.02,23.78,20.25,22.07,20.34,1.73,8.5
24-Aug-2011,22.4,22.39,19.76,21.89,22.07,-0.17,-0.78
25-Aug-2011,17.16,17.81,16.07,17.01,21.89,-4.88,-22.3
26-Aug-2011,21.76,23.07,18.58,20.66,17.01,3.65,21.45
29-Aug-2011,17.93,17.68,14.55,16.65,20.66,-4.01,-19.42
30-Aug-2011,19.91,21.57,19.09,20.22,16.65,3.57,21.47
31-Aug-2011,14.05,16.11,12.16,14.34,20.22,-5.88,-29.08
01-Sep-2011,17.29,16.99,15.16,15.61,14.34,1.27,8.83
02-Sep-2011,15.86,19.44,15.46,17.41,15.61,1.8,11.53
05-Sep-2011,20.87,20.73,19.19,19.9,17.41,2.49,14.3
06-Sep-2011,18.97,21.61,19.9,20.16,19.9,0.27,1.34
07-Sep-2011,18.0,17.38,15.2,16.22,20.16,-3.94,-19.55
08-Sep-2011,21.66,21.79,20.43,21.61,16.22,5.39,33.2
09-Sep-2011,12.93,15.09,10.1,12.8,21.61,-8.81,-40.78
12-Sep-2011,17.0,19.09,15.38,16.88,12.8,4.08,31.89
13-Sep-2011,17.79,20.11,17.75,18.15,16.88,1.28,7.56
14-Sep-2011,15.21,18.43,15.1,16.87,18.15,-1.28,-7.07
15-Sep-2011,18.3,21.26,18.0,18.4,16.87,1.53,9.06
16-Sep-2011,17.13,18.44,17.47,17.83,18.4,-0.57,-3.08
19-Sep-2011,19.98,20.35,19.25,19.98,17.83,2.15,12.06
20-Sep-2011,14.39,18.67,13.49,15.94,19.98,-4.05,-20.25
21-Sep-2011,16.11,19.35,17.23,17.56,15.94,1.62,10.17
22-Sep-2011,16.41,16.61,14.53,16.08,17.56,-1.48,-8.4
23-Sep-2011,21.0,22.84,18.75,20.63,16.08,4.55,28.29
26-Sep-2011,15.9,18.07,13.47,16.28,20.63,-4.35,-21.09
27-Sep-2011,17.16,21.63,17.89,19.31,16.28,3.03,18.58
28-Sep-2011,20.74,21.34,17.94,20.42,19.31,1.11,5.75
29-Sep-2011,22.82,23.62,21.78,22.83,20.42,2.41,11.82
30-Sep-2011,16.01,15.4,12.26,14.71,22.83,-8.12,-35.55
03-Oct-2011,14.26,16.24,12.07,14.89,14.71,0.18,1.2
04-Oct-2011,20.83,18.52,17.5,18.5,14.89,3.61,24.23
05-Oct-2011,20.09,19.02,17.47,18.7,18.5,0.21,1.11
06-Oct-2011,14.62,17.27,12.53,14.85,18.7,-3.85,-20.61
07-Oct-2011,23.4,21.71,19.85,20.63,14.85,5.79,38.97
10-Oct-2011,14.53,15.9,13.66,15.5,20.63,-5.13,-24.87
11-Oct-2011,20.45,22.41,18.6,19.7,15.5,4.2,27.08
12-Oct-2011,18.35,20.16,17.49,17.7,19.7,-2.0,-10.14
13-Oct-2011,18.64,20.23,15.57,18.2,17.7,0.5,2.82
14-Oct-2011,14.82,17.5,13.07,14.75,18.2,-3.46,-18.99
17-Oct-2011,20.25,20.39,18.41,20.34,14.75,5.59,37.91
18-Oct-2011,19.92,19.93,17.3,19.22,20.34,-1.11,-5.47
19-Oct-2011,16.64,20.28,16.84,18.84,19.22,-0.39,-2.01
20-Oct-2011,23.89,22.5,21.55,22.29,18.84,3.46,18.35
21-Oct-2011,18.82,20.35,16.14,18.8,22.29,-3.49,-15.68
24-Oct-2011,18.63,19.9,17.49,18.25,18.8,-0.55,-2.94
25-Oct-2011,20.98,23.03,19.69,21.62,18.25,3.37,18.48
26-Oct-2011,20.12,21.14,20.37,20.84,21.62,-0.78,-3.6
27-Oct-2011,15.85,17.87,15.25,16.24,20.84,-4.6,-22.08
28-Oct-2011,16.66,18.31,15.35,17.4,16.24,1.16,7.13
31-Oct-2011,15.89,18.87,15.94,16.18,17.4,-1.22,-6.99
01-Nov-2011,19.25,19.55,18.88,19.46,16.18,3.28,20.28
02-Nov-2011,16.45,16.89,14.06,16.47,19.46,-2.99,-15.35
03-Nov-2011,16.7,20.46,15.23,17.96,16.47,1.48,8.99
04-Nov-2011,15.35,15.95,15.01,15.94,17.96,-2.02,-11.26
07-Nov-2011,17.68,19.08,16.12,16.58,15.94,0.65,4.06
08-Nov-2011,19.6,22.0,18.0,20.48,16.58,3.9,23.53
09-Nov-2011,20.19,19.77,19.16,19.67,20.48,-0.81,-3.96
10-Nov-2011,14.91,16.37,12.03,14.59,19.67,-5.08,-25.85
11-Nov-2011,14.58,15.56,12.97,15.39,14.59,0.81,5.52
14-Nov-2011,19.11,19.53,17.18,18.82,15.39,3.42,22.23
15-Nov-2011,16.21,19.12,17.13,18.89,18.82,0.07,0.38
16-Nov-2011,15.45,16.59,13.05,15.33,18.89,-3.56,-18.84
17-Nov-2011,17.74,20.83,16.96,18.31,15.33,2.98,19.43
18-Nov-2011,17.26,19.62,16.39,16.95,18.31,-1.35,-7.39
21-Nov-2011,16.85,18.38,14.2,17.19,16.95,0.24,1.4
22-Nov-2011,19.53,19.99,18.82,19.47,17.19,2.28,13.25
23-Nov-2011,13.85,16.65,13.61,14.22,19.47,-5.25,-26.96
24-Nov-2011,20.33,23.03,19.54,20.96,14.22,6.74,47.42
25-Nov-2011,13.99,16.12,13.57,13.97,20.96,-6.99,-33.37
28-Nov-2011,20.17,20.85,15.38,18.09,13.97,4.12,29.49
29-Nov-2011,19.31,20.33,15.93,17.79,18.09,-0.29,-1.63
30-Nov-2011,18.67,20.1,18.47,19.16,17.79,1.37,7.68
01-Dec-2011,16.15,18.58,16.41,17.12,19.16,-2.04,-10.63
02-Dec-2011,15.84,18.8,16.21,16.73,17.12,-0.4,-2.31
05-Dec-2011,19.21,20.13,18.63,19.39,16.73,2.67,15.94
06-Dec-2011,19.84,23.86,20.71,21.26,19.39,1.87,9.63
07-Dec-2011,18.2,21.02,16.97,18.73,21.26,-2.53,-11.92
08-Dec-2011,18.12,19.51,17.26,17.3,18.73,-1.43,-7.65
09-Dec-2011,16.6,16.97,13.76,15.06,17.3,-2.24,-12.94
12-Dec-2011,17.93,19.35,16.34,18.35,15.06,3.29,21.85
13-Dec-2011,12.35,11.69,10.52,11.69,18.35,-6.66,-36.29
14-Dec-2011,14.64,15.74,13.11,14.4,11.69,2.71,23.18
15-Dec-2011,13.93,16.9,14.47,14.71,14.4,0.32,2.19
16-Dec-2011,16.98,19.45,16.21,17.25,14.71,2.54,17.25
19-Dec-2011,22.69,24.26,20.84,22.94,17.25,5.69,32.98
20-Dec-2011,15.44,16.83,14.03,15.85,22.94,-7.09,-30.92
21-Dec-2011,19.46,19.37,16.6,18.71,15.85,2.86,18.05
22-Dec-2011,20.99,22.59,18.27,20.36,18.71,1.65,8.83
23-Dec-2011,19.46,21.6,18.53,19.54,20.36,-0.82,-4.04
26-Dec-2011,17.77,18.55,15.56,17.54,19.54,-2.0,-10.23
27-Dec-2011,18.3,21.28,16.67,18.56,17.54,1.02,5.81
28-Dec-2011,18.58,20.01,17.68,18.54,18.56,-0.01,-0.08
29-Dec-2011,18.05,17.35,13.34,16.13,18.54,-2.42,-13.04
30-Dec-2011,17.89,19.86,17.34,19.28,16.13,3.15,19.56
02-Jan-2012,14.4,16.52,13.75,14.96,19.28,-4.32,-22.38
03-Jan-2012,16.73,16.73,13.99,16.25,14.96,1.28,8.57
04-Jan-2012,15.45,17.47,14.96,16.19,16.25,-0.06,-0.37
05-Jan-2012,15.35,16.72,13.77,15.61,16.19,-0.57,-3.54
06-Jan-2012,16.86,17.79,17.18,17.53,15.61,1.91,12.24
09-Jan-2012,16.55,18.61,14.15,15.99,17.53,-1.53,-8.75
10-Jan-2012,15.75,19.81,17.29,17.47,15.99,1.48,9.26
11-Jan-2012,16.83,20.33,15.91,17.58,17.47,0.1,0.6
12-Jan-2012,19.8,22.94,20.82,21.49,17.58,3.91,22.26
13-Jan-2012,20.87,20.76,17.45,19.64,21.49,-1.85,-8.61
16-Jan-2012,15.49,17.22,15.64,16.73,19.64,-2.91,-14.82
17-Jan-2012,19.22,21.23,17.21,18.88,16.73,2.15,12.87
18-Jan-2012,15.14,18.47,14.87,15.85,18.88,-3.04,-16.09
19-Jan-2012,17.4,20.89,16.88,18.31,15.85,2.46,15.54
20-Jan-2012,20.23,20.54,16.91,18.03,18.31,-0.28,-1.52
23-Jan-2012,16.79,15.85,14.85,15.58,18.03,-2.45,-13.59
24-Jan-2012,23.42,24.38,19.75,22.38,15.58,6.8,43.68
25-Jan-2012,17.73,19.06,14.79,16.49,22.38,-5.89,-26.32
26-Jan-2012,19.24,20.56,17.53,19.0,16.49,2.5,15.18
27-Jan-2012,18.19,19.71,18.08,18.76,19.0,-0.23,-1.23
30-Jan-2012,16.83,19.97,16.05,17.27,18.76,-1.49,-7.94
31-Jan-2012,13.51,14.74,13.11,14.03,17.27,-3.24,-18.75
01-Feb-2012,16.37,18.15,15.44,16.71,14.03,2.68,19.08
02-Feb-2012,16.48,18.66,13.01,15.89,16.71,-0.82,-4.9
03-Feb-2012,14.78,19.03,15.12,16.52,15.89,0.62,3.92
06-Feb-2012,15.07,17.69,15.14,17.05,16.52,0.54,3.24
07-Feb-2012,17.4,18.49,14.6,17.35,17.05,0.29,1.71
08-Feb-2012,16.78,18.14,15.79,15.82,17.35,-1.53,-8.8
09-Feb-2012,20.58,21.88,19.71,19.8,15.82,3.98,25.13
10-Feb-2012,20.43,21.0,18.05,19.75,19.8,-0.05,-0.23
13-Feb-2012,17.96,20.86,16.1,18.69,19.75,-1.06,-5.35
14-Feb-2012,19.5,22.03,17.53,19.11,18.69,0.42,2.23
15-Feb-2012,18.23,19.78,16.66,17.39,19.11,-1.72,-9.02
16-Feb-2012,18.64,19.05,16.63,17.87,17.39,0.48,2.77
17-Feb-2012,18.66,19.9,16.11,18.13,17.87,0.27,1.49
20-Feb-2012,19.23,19.37,16.61,19.13,18.13,0.99,5.48
21-Feb-2012,18.94,21.7,18.49,19.66,19.13,0.54,2.81
22-Feb-2012,19.56,22.19,19.01,19.57,19.66,-0.1,-0.5
23-Feb-2012,15.12,16.55,12.89,15.78,19.57,-3.78,-19.33
24-Feb-2012,15.67,19.01,15.06,17.31,15.78,1.53,9.66
27-Feb-2012,17.46,21.43,16.88,18.68,17.31,1.37,7.89
28-Feb-2012,17.95,20.65,16.2,18.58,18.68,-0.1,-0.52
29-Feb-2012,21.3,22.21,18.0,20.21,18.58,1.64,8.81
01-Mar-2012,22.42,22.75,19.68,20.71,20.21,0.49,2.44
02-Mar-2012,14.02,16.88,13.5,15.09,20.71,-5.62,-27.12
05-Mar-2012,18.73,20.93,17.4,19.47,15.09,4.38,29.0
06-Mar-2012,14.59,14.44,13.72,14.27,19.47,-5.2,-26.72
07-Mar-2012,10.12,13.67,11.13,11.41,14.27,-2.86,-20.04
08-Mar-2012,18.66,21.3,18.27,18.42,11.41,7.01,61.45
09-Mar-2012,18.18,22.33,18.32,19.55,18.42,1.13,6.15
12-Mar-2012,18.46,18.2,14.16,15.55,19.55,-4.0,-20.48
13-Mar-2012,14.02,18.49,13.98,15.99,15.55,0.44,2.86
14-Mar-2012,15.23,19.06,14.09,16.63,15.99,0.64,4.03
15-Mar-2012,24.74,25.24,24.2,24.48,16.63,7.84,47.14
16-Mar-2012,16.58,18.89,13.79,16.06,24.48,-8.42,-34.39
19-Mar-2012,17.85,20.01,16.21,18.29,16.06,2.23,13.9
20-Mar-2012,18.71,22.85,19.48,19.9,18.29,1.61,8.78
21-Mar-2012,17.94,18.44,15.93,17.99,19.9,-1.9,-9.57
22-Mar-2012,20.11,23.73,18.04,20.79,17.99,2.8,15.57
23-Mar-2012,20.08,19.64,18.11,19.18,20.79,-1.62,-7.78
26-Mar-2012,21.12,21.66,19.36,20.76,19.18,1.59,8.28
27-Mar-2012,14.63,17.66,12.9,14.81,20.76,-5.96,-28.69
28-Mar-2012,20.63,20.46,18.08,20.01,14.81,5.2,35.14
29-Mar-2012,17.45,17.87,13.77,16.18,20.01,-3.83,-19.16
30-Mar-2012,19.89,19.27,18.39,18.46,16.18,2.29,14.14
02-Apr-2012,18.32,19.42,17.76,19.01,18.46,0.55,2.98
03-Apr-2012,21.65,22.24,20.41,21.93,19.01,2.91,15.33
04-Apr-2012,12.86,16.51,13.65,14.23,21.93,-7.7,-35.09
05-Apr-2012,12.53,15.38,12.29,12.81,14.23,-1.43,-10.03
06-Apr-2012,18.86,20.34,18.05,18.72,12.81,5.92,46.2
09-Apr-2012,18.8,19.87,16.06,17.91,18.72,-0.81,-4.32
10-Apr-2012,17.53,20.4,17.57,18.17,17.91,0.26,1.45
11-Apr-2012,16.06,17.21,15.61,16.11,18.17,-2.06,-11.32
12-Apr-2012,19.2,17.81,16.01,17.79,16.11,1.67,10.38
13-Apr-2012,19.41,20.27,18.09,18.87,17.79,1.09,6.11
16-Apr-2012,19.96,21.74,17.19,19.18,18.87,0.31,1.62
17-Apr-2012,17.4,18.78,17.68,18.19,19.18,-0.99,-5.18
18-Apr-2012,17.79,19.11,16.3,17.13,18.19,-1.06,-5.82
19-Apr-2012,15.56,16.76,14.18,15.28,17.13,-1.84,-10.77
20-Apr-2012,14.45,16.23,14.45,14.91,15.28,-0.37,-2.43
23-Apr-2012,17.23,17.83,14.96,15.47,14.91,0.56,3.77
24-Apr-2012,16.94,18.69,16.9,18.41,15.47,2.94,18.97
25-Apr-2012,20.76,21.28,19.42,19.82,18.41,1.42,7.69
26-Apr-2012,19.99,19.34,17.31,18.46,19.82,-1.37,-6.9
27-Apr-2012,21.2,22.76,17.2,20.19,18.46,1.73,9.4
30-Apr-2012,20.08,20.8,18.34,19.53,20.19,-0.66,-3.29
01-May-2012,21.47,23.51,20.47,20.88,19.53,1.35,6.92
02-May-2012,22.45,25.4,22.45,22.6,20.88,1.72,8.24
03-May-2012,16.57,17.03,16.51,17.03,22.6,-5.57,-24.66
04-May-2012,12.68,17.08,13.76,15.13,17.03,-1.9,-11.15
07-May-2012,19.51,20.53,19.22,19.93,15.13,4.8,31.75
08-May-2012,16.4,19.04,14.47,17.25,19.93,-2.68,-13.44
09-May-2012,15.83,18.93,15.92,16.4,17.25,-0.86,-4.97
10-May-2012,13.94,15.5,13.37,13.81,16.4,-2.59,-15.78
11-May-2012,16.19,17.7,14.26,16.41,13.81,2.6,18.86
14-May-2012,20.15,21.59,20.82,21.02,16.41,4.61,28.08
15-May-2012,15.9,19.1,16.2,16.6,21.02,-4.42,-21.01
16-May-2012,18.16,21.46,18.4,18.62,16.6,2.01,12.13
17-May-2012,16.37,15.88,13.84,15.51,18.62,-3.11,-16.69
18-May-2012,21.69,23.87,20.69,22.4,15.51,6.88,44.38
21-May-2012,17.75,21.08,16.68,18.21,22.4,-4.19,-18.69
22-May-2012,20.11,20.83,18.78,19.91,18.21,1.7,9.34
23-May-2012,19.2,21.29,17.66,19.96,19.91,0.05,0.26
24-May-2012,18.85,20.55,17.85,19.4,19.96,-0.56,-2.82
25-May-2012,20.11,20.71,16.98,19.07,19.4,-0.33,-1.71
28-May-2012,17.82,20.65,15.69,18.53,19.07,-0.54,-2.84
29-May-2012,19.49,19.48,15.76,18.43,18.53,-0.1,-0.52
30-May-2012,16.88,19.84,15.24,17.09,18.43,-1.34,-7.29
31-May-2012,17.77,18.98,15.11,17.49,17.09,0.4,2.34
01-Jun-2012,17.06,18.75,15.13,17.49,17.49,0.0,0.02
04-Jun-2012,15.81,18.71,15.0,17.81,17.49,0.32,1.83
05-Jun-2012,17.9,21.97,16.48,19.16,17.81,1.35,7.59
06-Jun-2012,16.26,18.2,15.95,18.11,19.16,-1.06,-5.51
07-Jun-2012,16.41,19.47,17.14,18.48,18.11,0.38,2.08
08-Jun-2012,13.41,16.26,11.98,14.26,18.48,-4.22,-22.84
11-Jun-2012,16.76,17.72,16.09,17.16,14.26,2.9,20.31
12-Jun-2012,15.75,16.58,14.17,16.5,17.16,-0.66,-3.85
13-Jun-2012,14.03,15.67,12.26,14.8,16.5,-1.69,-10.26
14-Jun-2012,16.94,19.1,17.57,17.57,14.8,2.77,18.71
15-Jun-2012,17.07,15.43,13.46,15.39,17.57,-2.18,-12.4
18-Jun-2012,18.67,22.51,18.52,20.32,15.39,4.93,32.02
19-Jun-2012,16.65,19.84,17.07,18.38,20.32,-1.94,-9.57
20-Jun-2012,19.61,21.91,18.06,20.04,18.38,1.67,9.06
21-Jun-2012,19.56,21.24,19.74,20.67,20.04,0.63,3.15
22-Jun-2012,17.37,19.32,17.32,17.37,20.67,-3.3,-15.96
25-Jun-2012,18.35,18.75,15.33,18.16,17.37,0.78,4.5
26-Jun-2012,20.11,22.31,19.36,21.72,18.16,3.56,19.61
27-Jun-2012,20.53,22.66,19.16,21.01,21.72,-0.7,-3.24
28-Jun-2012,18.99,22.76,17.74,19.92,21.01,-1.1,-5.22
29-Jun-2012,17.58,20.38,18.83,19.65,19.92,-0.26,-1.33
02-Jul-2012,18.95,20.5,17.0,18.33,19.65,-1.32,-6.74
03-Jul-2012,19.2,20.3,16.64,17.32,18.33,-1.01,-5.49
04-Jul-2012,17.51,17.52,14.67,16.78,17.32,-0.54,-3.1
05-Jul-2012,17.87,19.88,17.17,17.24,16.78,0.46,2.75
06-Jul-2012,19.88,19.0,17.17,18.75,17.24,1.5,8.7
09-Jul-2012,19.92,21.48,19.32,19.96,18.75,1.21,6.48
10-Jul-2012,18.91,20.29,16.6,18.63,19.96,-1.33,-6.66
11-Jul-2012,20.91,19.86,18.13,19.55,18.63,0.92,4.94
12-Jul-2012,20.2,19.02,18.42,19.01,19.55,-0.54,-2.78
13-Jul-2012,16.48,18.23,16.32,17.73,19.01,-1.28,-6.74
16-Jul-2012,24.38,25.91,21.56,23.04,17.73,5.31,29.97
17-Jul-2012,16.87,19.25,17.14,17.48,23.04,-5.56,-24.11
18-Jul-2012,17.59,19.76,17.45,17.67,17.48,0.19,1.09
19-Jul-2012,17.38,18.93,16.25,17.71,17.67,0.03,0.19
20-Jul-2012,16.14,16.83,14.25,16.5,17.71,-1.2,-6.8
23-Jul-2012,10.94,12.47,10.01,12.31,16.5,-4.19,-25.42
24-Jul-2012,19.04,19.7,18.3,18.76,12.31,6.45,52.4
25-Jul-2012,14.8,15.79,11.92,14.88,18.76,-3.88,-20.67
26-Jul-2012,18.33,19.37,15.54,17.17,14.88,2.29,15.39
27-Jul-2012,17.18,21.24,17.28,18.48,17.17,1.31,7.64
30-Jul-2012,20.02,19.63,18.47,19.6,18.48,1.12,6.06
31-Jul-2012,18.22,21.22,18.26,18.55,19.6,-1.05,-5.37
01-Aug-2012,18.82,19.2,16.12,18.04,18.55,-0.51,-2.76
02-Aug-2012,14.93,17.8,14.96,15.17,18.04,-2.87,-15.93
03-Aug-2012,19.66,21.49,17.04,19.62,15.17,4.46,29.4
06-Aug-2012,18.19,20.06,15.44,18.1,19.62,-1.52,-7.74
07-Aug-2012,16.36,17.97,14.67,16.22,18.1,-1.89,-10.41
08-Aug-2012,17.12,18.62,15.95,17.69,16.22,1.48,9.1
09-Aug-2012,19.65,21.41,15.84,18.74,17.69,1.04,5.89
10-Aug-2012,14.14,14.63,10.89,12.33,18.74,-6.4,-34.18
13-Aug-2012,11.27,13.61,9.44,11.35,12.33,-0.98,-7.98
14-Aug-2012,18.96,21.18,18.02,18.61,11.35,7.26,63.93
15-Aug-2012,23.48,24.07,21.66,21.8,18.61,3.19,17.15
16-Aug-2012,21.41,21.61,19.1,20.79,21.8,-1.01,-4.62
17-Aug-2012,19.55,21.45,18.93,20.3,20.79,-0.48,-2.33
20-Aug-2012,18.63,18.45,15.29,17.11,20.3,-3.19,-15.72
21-Aug-2012,18.28,21.53,15.87,18.54,17.11,1.43,8.34
22-Aug-2012,16.2,15.73,13.59,15.37,18.54,-3.17,-17.12
23-Aug-2012,18.15,17.09,14.25,15.22,15.37,-0.14,-0.94
24-Aug-2012,20.14,19.66,15.93,18.69,15.22,3.46,22.76
27-Aug-2012,18.92,18.89,17.25,18.53,18.69,-0.15,-0.83
28-Aug-2012,23.07,23.58,19.32,21.91,18.53,3.38,18.21
29-Aug-2012,14.14,13.95,13.2,13.45,21.91,-8.46,-38.6
30-Aug-2012,15.52,17.33,14.48,17.13,13.45,3.68,27.37
31-Aug-2012,15.64,17.96,15.93,16.58,17.13,-0.55,-3.23
03-Sep-2012,17.98,19.94,18.88,19.89,16.58,3.31,19.94
04-Sep-2012,20.39,22.13,18.04,19.43,19.89,-0.46,-2.3
05-Sep-2012,18.99,18.51,14.49,17.19,19.43,-2.24,-11.52
06-Sep-2012,14.04,16.75,11.18,13.88,17.19,-3.31,-19.28
07-Sep-2012,20.89,19.74,18.13,19.03,13.88,5.15,37.13
10-Sep-2012,14.99,15.76,15.44,15.6,19.03,-3.43,-18.04
11-Sep-2012,20.5,21.42,19.52,20.48,15.6,4.89,31.33
12-Sep-2012,18.94,18.3,15.45,18.27,20.48,-2.21,-10.81
13-Sep-2012,18.75,19.01,15.46,17.82,18.27,-0.44,-2.42
14-Sep-2012,17.62,19.89,16.08,18.72,17.82,0.89,5.0
17-Sep-2012,17.95,19.82,15.87,17.62,18.72,-1.09,-5.83
18-Sep-2012,21.39,22.01,19.45,20.14,17.62,2.52,14.28
19-Sep-2012,16.65,17.69,14.64,16.14,20.14,-4.0,-19.85
20-Sep-2012,17.46,17.23,15.84,16.18,16.14,0.03,0.21
21-Sep-2012,21.05,22.5,18.54,20.53,16.18,4.35,26.91
24-Sep-2012,14.91,16.95,15.16,15.29,20.53,-5.23,-25.49
25-Sep-2012,17.91,20.23,15.78,17.97,15.29,2.68,17.52
26-Sep-2012,23.7,26.73,24.03,24.24,17.97,6.27,34.89
27-Sep-2012,19.78,20.94,17.75,18.69,24.24,-5.55,-22.9
28-Sep-2012,17.78,21.63,17.24,18.99,18.69,0.3,1.61
01-Oct-2012,17.0,16.76,13.89,15.4,18.99,-3.59,-18.9
02-Oct-2012,18.64,19.92,16.53,18.3,15.4,2.89,18.79
03-Oct-2012,16.68,17.55,16.11,16.5,18.3,-1.79,-9.79
04-Oct-2012,19.46,20.65,18.11,19.0,16.5,2.49,15.1
05-Oct-2012,18.55,20.47,17.69,19.02,19.0,0.03,0.14
08-Oct-2012,22.44,24.04,20.47,22.01,19.02,2.99,15.72
09-Oct-2012,16.72,14.36,12.16,14.07,22.01,-7.94,-36.08
10-Oct-2012,14.81,16.68,15.02,15.27,14.07,1.2,8.54
11-Oct-2012,16.29,16.06,14.17,15.65,15.27,0.38,2.48
12-Oct-2012,19.1,21.1,18.31,19.18,15.65,3.53,22.56
15-Oct-2012,16.88,19.87,15.86,17.51,19.18,-1.67,-8.72
16-Oct-2012,19.5,22.47,18.12,19.49,17.51,1.98,11.31
17-Oct-2012,14.1,17.73,15.42,16.3,19.49,-3.19,-16.37
18-Oct-2012,14.36,16.71,12.45,15.15,16.3,-1.15,-7.06
19-Oct-2012,17.79,17.86,15.49,17.74,15.15,2.59,17.07
22-Oct-2012,18.08,18.75,17.59,17.7,17.74,-0.03,-0.2
23-Oct-2012,19.96,22.81,19.0,21.71,17.7,4.0,22.62
24-Oct-2012,19.04,20.92,18.52,18.78,21.71,-2.92,-13.46
25-Oct-2012,19.62,23.02,19.4,20.25,18.78,1.47,7.83
26-Oct-2012,19.51,18.67,17.73,18.08,20.25,-2.18,-10.75
29-Oct-2012,15.16,16.86,14.12,15.79,18.08,-2.29,-12.64
30-Oct-2012,15.39,17.04,14.55,16.01,15.79,0.22,1.39
31-Oct-2012,14.52,18.03,14.15,15.5,16.01,-0.51,-3.2
01-Nov-2012,20.21,21.37,18.57,20.29,15.5,4.79,30.93
02-Nov-2012,17.83,20.7,16.19,18.25,20.29,-2.05,-10.1
05-Nov-2012,20.25,20.56,18.47,20.1,18.25,1.86,10.19
06-Nov-2012,17.44,18.32,16.28,18.16,20.1,-1.94,-9.65
07-Nov-2012,14.3,16.0,14.8,14.93,18.16,-3.23,-17.79
08-Nov-2012,21.65,23.28,18.04,20.57,14.93,5.64,37.78
09-Nov-2012,22.59,23.04,22.12,22.29,20.57,1.71,8.33
12-Nov-2012,18.21,20.49,16.22,18.35,22.29,-3.94,-17.68
13-Nov-2012,13.7,15.76,14.21,15.43,18.35,-2.92,-15.93
14-Nov-2012,22.33,23.31,21.68,23.03,15.43,7.61,49.32
15-Nov-2012,17.24,19.11,15.05,17.05,23.03,-5.98,-25.97
16-Nov-2012,17.88,18.0,14.37,16.44,17.05,-0.62,-3.61
19-Nov-2012,18.18,20.91,16.39,19.1,16.44,2.67,16.21
20-Nov-2012,16.19,17.79,15.31,15.76,19.1,-3.35,-17.51
21-Nov-2012,20.92,22.95,18.26,21.14,15.76,5.39,34.19
22-Nov-2012,14.97,18.5,13.75,16.2,21.14,-4.94,-23.37
23-Nov-2012,19.19,19.76,16.08,18.24,16.2,2.03,12.56
26-Nov-2012,13.92,15.19,13.71,14.99,18.24,-3.24,-17.78
27-Nov-2012,16.33,18.66,17.26,18.17,14.99,3.18,21.18
28-Nov-2012,19.93,20.31,18.03,20.15,18.17,1.98,10.9
29-Nov-2012,16.23,17.74,13.3,16.24,20.15,-3.92,-19.43
30-Nov-2012,18.44,20.67,16.32,18.67,16.24,2.43,14.99
03-Dec-2012,16.89,19.47,15.98,17.03,18.67,-1.64,-8.76
04-Dec-2012,21.94,23.15,19.58,22.44,17.03,5.4,31.72
05-Dec-2012,12.88,14.07,11.07,14.02,22.44,-8.42,-37.52
06-Dec-2012,18.8,19.31,18.25,18.6,14.02,4.58,32.7
07-Dec-2012,18.67,19.58,15.52,18.37,18.6,-0.23,-1.25
10-Dec-2012,19.87,22.72,18.38,20.4,18.37,2.03,11.04
11-Dec-2012,19.08,19.09,18.54,19.09,20.4,-1.31,-6.43
12-Dec-2012,20.34,22.47,19.55,19.73,19.09,0.64,3.35
13-Dec-2012,17.17,18.88,13.42,16.15,19.73,-3.58,-18.13
14-Dec-2012,19.47,19.36,16.12,18.59,16.15,2.44,15.1
17-Dec-2012,16.83,18.98,14.33,16.88,18.59,-1.71,-9.19
18-Dec-2012,17.55,17.76,15.14,16.68,16.88,-0.2,-1.21
19-Dec-2012,21.83,23.62,18.93,21.45,16.68,4.78,28.64
20-Dec-2012,19.18,20.22,18.58,19.92,21.45,-1.53,-7.14
21-Dec-2012,13.15,14.48,12.1,14.12,19.92,-5.8,-29.12
24-Dec-2012,18.12,19.57,17.7,18.11,14.12,3.99,28.27
25-Dec-2012,14.65,17.89,15.45,16.15,18.11,-1.96,-10.82
26-Dec-2012,17.61,21.22,17.31,18.41,16.15,2.26,13.97
27-Dec-2012,22.31,22.08,20.45,21.88,18.41,3.46,18.82
28-Dec-2012,22.98,21.92,18.48,20.96,21.88,-0.91,-4.17
31-Dec-2012,19.73,20.11,17.45,19.47,20.96,-1.5,-7.13
01-Jan-2013,18.44,19.07,16.5,18.55,19.47,-0.92,-4.72
02-Jan-2013,22.21,22.17,18.59,21.34,18.55,2.79,15.02
03-Jan-2013,19.98,21.02,16.95,19.49,21.34,-1.85,-8.65
04-Jan-2013,15.67,17.41,15.41,17.29,19.49,-2.2,-11.29
07-Jan-2013,21.11,21.18,17.78,20.77,17.29,3.48,20.14
08-Jan-2013,14.01,15.19,11.79,14.38,20.77,-6.39,-30.77
09-Jan-2013,19.41,23.17,18.14,20.18,14.38,5.8,40.34
10-Jan-2013,16.87,20.88,17.64,18.62,20.18,-1.56,-7.73
11-Jan-2013,24.54,25.1,20.32,22.75,18.62,4.13,22.15
14-Jan-2013,17.04,16.11,14.61,15.74,22.75,-7.01,-30.81
15-Jan-2013,18.59,18.72,16.18,18.47,15.74,2.73,17.36
16-Jan-2013,18.27,19.87,15.94,18.32,18.47,-0.15,-0.81
17-Jan-2013,18.32,20.83,18.25,18.47,18.32,0.15,0.81
18-Jan-2013,20.14,19.87,17.35,19.86,18.47,1.39,7.54
21-Jan-2013,17.11,19.74,16.53,16.82,19.86,-3.04,-15.33
22-Jan-2013,21.38,23.67,18.68,21.34,16.82,4.52,26.86
23-Jan-2013,16.97,17.48,16.95,17.47,21.34,-3.86,-18.11
24-Jan-2013,15.67,17.43,12.7,15.06,17.47,-2.41,-13.8
25-Jan-2013,23.56,25.78,21.09,22.84,15.06,7.78,51.64
28-Jan-2013,19.75,22.78,17.91,20.65,22.84,-2.19,-9.57
29-Jan-2013,23.14,22.07,19.86,20.88,20.65,0.23,1.12
30-Jan-2013,17.61,18.61,13.52,16.42,20.88,-4.46,-21.38
31-Jan-2013,18.43,17.83,15.48,17.36,16.42,0.94,5.71
01-Feb-2013,20.57,20.82,19.09,20.15,17.36,2.79,16.09
04-Feb-2013,22.25,22.83,20.42,21.27,20.15,1.12,5.55
05-Feb-2013,19.08,19.63,17.33,17.57,21.27,-3.7,-17.41
06-Feb-2013,17.98,19.33,16.52,17.82,17.57,0.26,1.45
07-Feb-2013,11.15,13.09,9.53,10.62,17.82,-7.2,-40.41
08-Feb-2013,15.46,17.87,14.73,16.65,10.62,6.03,56.82
11-Feb-2013,14.8,16.9,14.84,15.6,16.65,-1.06,-6.35
12-Feb-2013,19.69,20.11,14.6,17.2,15.6,1.6,10.29
13-Feb-2013,17.13,19.8,16.99,17.88,17.2,0.68,3.94
14-Feb-2013,16.64,18.02,16.14,16.66,17.88,-1.22,-6.81
15-Feb-2013,17.51,16.49,16.23,16.49,16.66,-0.17,-1.04
18-Feb-2013,20.34,20.88,18.18,19.88,16.49,3.39,20.59
19-Feb-2013,16.67,17.64,15.95,17.17,19.88,-2.71,-13.62
20-Feb-2013,20.38,20.12,17.86,19.54,17.17,2.37,13.78
21-Feb-2013,20.52,20.85,18.95,19.09,19.54,-0.44,-2.28
22-Feb-2013,15.78,17.87,13.94,15.56,19.09,-3.53,-18.49
25-Feb-2013,22.41,22.92,18.05,20.05,15.56,4.49,28.84
26-Feb-2013,18.86,19.63,18.62,19.56,20.05,-0.49,-2.44
27-Feb-2013,18.77,18.38,16.88,17.82,19.56,-1.74,-8.9
28-Feb-2013,18.02,18.39,15.75,17.37,17.82,-0.45,-2.51
01-Mar-2013,18.37,19.6,16.56,18.09,17.37,0.72,4.16
04-Mar-2013,17.82,19.04,16.21,17.87,18.09,-0.23,-1.25
05-Mar-2013,15.55,18.48,15.61,16.51,17.87,-1.35,-7.58
06-Mar-2013,16.64,17.82,14.49,17.03,16.51,0.52,3.12
07-Mar-2013,16.59,19.15,16.46,16.54,17.03,-0.49,-2.9
08-Mar-2013,17.19,18.96,17.27,18.61,16.54,2.07,12.53
11-Mar-2013,19.13,20.27,18.88,19.93,18.61,1.32,7.09
12-Mar-2013,19.5,19.73,18.6,18.85,19.93,-1.08,-5.41
13-Mar-2013,19.22,20.29,19.7,19.83,18.85,0.98,5.19
14-Mar-2013,14.11,15.81,14.71,15.17,19.83,-4.65,-23.46
15-Mar-2013,19.24,20.97,15.63,18.33,15.17,3.16,20.79
18-Mar-2013,24.62,25.55,20.39,23.21,18.33,4.88,26.6
19-Mar-2013,18.25,20.1,17.15,18.29,23.21,-4.92,-21.18
20-Mar-2013,10.52,14.77,11.2,12.72,18.29,-5.57,-30.45
21-Mar-2013,18.89,19.58,16.34,18.99,12.72,6.27,49.25
22-Mar-2013,13.49,13.71,13.59,13.62,18.99,-5.36,-28.25
25-Mar-2013,17.7,19.97,15.16,18.04,13.62,4.41,32.4
26-Mar-2013,19.57,21.52,19.39,19.58,18.04,1.54,8.54
27-Mar-2013,15.98,19.13,15.69,16.9,19.58,-2.67,-13.66
28-Mar-2013,12.5,14.08,13.66,13.87,16.9,-3.04,-17.96
29-Mar-2013,21.86,21.64,19.16,20.89,13.87,7.03,50.66
01-Apr-2013,15.88,19.1,17.19,17.3,20.89,-3.6,-17.22
02-Apr-2013,14.7,15.03,12.05,14.87,17.3,-2.42,-13.99
03-Apr-2013,16.28,18.09,16.44,16.8,14.87,1.93,12.95
04-Apr-2013,21.65,21.42,18.47,20.77,16.8,3.96,23.59
05-Apr-2013,20.3,22.13,19.33,19.64,20.77,-1.13,-5.44
08-Apr-2013,20.17,21.01,17.95,19.44,19.64,-0.2,-1.0
09-Apr-2013,18.76,19.04,14.53,17.16,19.44,-2.27,-11.7
10-Apr-2013,17.25,18.61,15.72,17.39,17.16,0.22,1.3
11-Apr-2013,15.83,18.56,14.51,15.88,17.39,-1.51,-8.68
12-Apr-2013,18.39,18.97,16.32,18.91,15.88,3.03,19.09
15-Apr-2013,20.35,20.58,17.62,19.54,18.91,0.63,3.35
16-Apr-2013,20.29,20.74,18.94,19.15,19.54,-0.4,-2.03
17-Apr-2013,23.65,28.43,25.52,25.97,19.15,6.83,35.65
18-Apr-2013,16.03,16.27,13.06,15.04,25.97,-10.93,-42.1
19-Apr-2013,15.1,16.72,11.68,14.36,15.04,-0.68,-4.52
22-Apr-2013,17.94,22.17,17.45,19.42,14.36,5.06,35.23
23-Apr-2013,14.29,15.27,12.7,14.26,19.42,-5.15,-26.55
24-Apr-2013,19.27,19.77,15.78,18.23,14.26,3.97,27.81
25-Apr-2013,18.96,19.13,17.63,18.32,18.23,0.09,0.49
26-Apr-2013,15.86,18.69,15.43,16.06,18.32,-2.26,-12.34
29-Apr-2013,16.17,17.69,14.66,15.31,16.06,-0.75,-4.67
30-Apr-2013,16.38,18.93,16.0,16.84,15.31,1.54,10.04
01-May-2013,20.33,20.44,20.22,20.33,16.84,3.49,20.72
02-May-2013,20.41,22.75,18.46,20.61,20.33,0.28,1.37
03-May-2013,13.88,16.05,12.6,15.46,20.61,-5.15,-24.99
06-May-2013,17.92,17.4,16.13,17.17,15.46,1.71,11.06
07-May-2013,19.18,19.08,16.62,17.45,17.17,0.28,1.64
08-May-2013,18.4,18.5,17.11,17.4,17.45,-0.05,-0.31
09-May-2013,21.04,21.49,16.77,19.38,17.4,1.99,11.41
10-May-2013,13.73,17.14,12.32,14.77,19.38,-4.61,-23.8
13-May-2013,18.28,21.32,19.42,19.59,14.77,4.82,32.61
14-May-2013,18.87,21.62,15.97,18.82,19.59,-0.77,-3.92
15-May-2013,15.67,17.51,14.06,17.04,18.82,-1.78,-9.45
16-May-2013,17.86,19.06,14.84,16.96,17.04,-0.08,-0.5
17-May-2013,22.57,21.84,19.82,21.09,16.96,4.14,24.39
20-May-2013,14.41,15.26,14.12,14.62,21.09,-6.48,-30.71
21-May-2013,13.91,15.99,12.28,14.05,14.62,-0.57,-3.88
22-May-2013,17.24,16.94,16.14,16.9,14.05,2.85,20.27
23-May-2013,14.62,15.5,12.88,14.89,16.9,-2.0,-11.86
24-May-2013,19.81,20.76,19.63,20.17,14.89,5.27,35.41
27-May-2013,16.67,17.29,14.24,16.06,20.17,-4.1,-20.35
28-May-2013,16.28,18.24,15.74,17.27,16.06,1.2,7.49
29-May-2013,20.93,22.49,19.48,20.67,17.27,3.41,19.72
30-May-2013,19.31,17.94,17.32,17.33,20.67,-3.34,-16.17
31-May-2013,14.29,16.07,13.69,15.4,17.33,-1.93,-11.15
03-Jun-2013,19.05,20.97,17.25,19.33,15.4,3.93,25.54
04-Jun-2013,20.92,21.36,16.94,19.61,19.33,0.28,1.43
05-Jun-2013,21.04,21.78,18.18,19.46,19.61,-0.14,-0.72
06-Jun-2013,20.97,20.42,19.08,20.2,19.46,0.74,3.8
07-Jun-2013,15.66,15.74,12.91,15.11,20.2,-5.1,-25.22
10-Jun-2013,17.05,18.05,15.86,16.71,15.11,1.6,10.61
11-Jun-2013,16.53,19.31,17.37,17.52,16.71,0.8,4.81
12-Jun-2013,16.56,17.91,16.18,16.67,17.52,-0.85,-4.84
13-Jun-2013,17.59,20.76,15.62,18.27,16.67,1.61,9.64
14-Jun-2013,19.35,22.08,17.79,19.19,18.27,0.91,5.01
17-Jun-2013,15.45,17.45,15.2,15.88,19.19,-3.31,-17.24
18-Jun-2013,17.26,18.92,14.37,17.15,15.88,1.27,8.01
19-Jun-2013,19.32,21.43,17.43,18.83,17.15,1.68,9.8
20-Jun-2013,15.83,16.62,16.29,16.35,18.83,-2.49,-13.21
21-Jun-2013,17.23,18.8,15.64,16.41,16.35,0.07,0.41
24-Jun-2013,15.85,17.46,13.34,14.95,16.41,-1.47,-8.93
25-Jun-2013,18.29,20.19,16.7,17.94,14.95,2.99,20.03
26-Jun-2013,19.53,22.27,18.96,19.33,17.94,1.39,7.76
27-Jun-2013,21.62,22.25,18.45,20.63,19.33,1.3,6.7
28-Jun-2013,19.42,21.74,18.23,18.99,20.63,-1.63,-7.93
01-Jul-2013,20.73,22.92,19.76,20.88,18.99,1.88,9.92
02-Jul-2013,19.49,19.28,15.57,18.31,20.88,-2.57,-12.29
03-Jul-2013,17.23,19.25,15.99,17.28,18.31,-1.03,-5.65
04-Jul-2013,16.04,16.33,15.85,16.23,17.28,-1.04,-6.04
05-Jul-2013,19.09,21.21,18.13,19.91,16.23,3.68,22.65
08-Jul-2013,17.39,19.52,15.11,17.19,19.91,-2.71,-13.63
09-Jul-2013,16.08,19.73,16.41,17.83,17.19,0.64,3.71
10-Jul-2013,15.72,17.16,12.69,15.66,17.83,-2.18,-12.21
11-Jul-2013,15.7,16.09,13.82,15.64,15.66,-0.01,-0.09
12-Jul-2013,12.44,16.21,12.4,14.72,15.64,-0.92,-5.9
15-Jul-2013,23.94,23.84,21.06,23.31,14.72,8.59,58.4
16-Jul-2013,19.4,19.07,16.46,17.55,23.31,-5.76,-24.7
17-Jul-2013,18.91,17.59,14.91,17.04,17.55,-0.51,-2.92
18-Jul-2013,16.05,19.25,15.46,16.49,17.04,-0.56,-3.27
19-Jul-2013,19.45,19.19,15.49,17.71,16.49,1.23,7.45
22-Jul-2013,21.5,22.07,19.8,20.77,17.71,3.06,17.25
23-Jul-2013,18.25,19.77,17.09,18.36,20.77,-2.41,-11.59
24-Jul-2013,21.0,20.71,17.2,19.48,18.36,1.12,6.07
25-Jul-2013,17.89,19.55,15.85,17.44,19.48,-2.03,-10.44
26-Jul-2013,17.95,19.34,16.38,18.78,17.44,1.34,7.69
29-Jul-2013,19.57,19.87,17.18,18.92,18.78,0.14,0.73
30-Jul-2013,16.53,17.05,15.43,16.35,18.92,-2.57,-13.57
31-Jul-2013,14.22,15.41,12.33,15.06,16.35,-1.3,-7.92
01-Aug-2013,21.51,21.98,20.75,20.85,15.06,5.79,38.44
02-Aug-2013,17.1,21.34,15.93,18.54,20.85,-2.31,-11.08
05-Aug-2013,20.92,21.32,19.07,21.22,18.54,2.68,14.47
06-Aug-2013,17.61,19.69,14.87,17.31,21.22,-3.91,-18.42
07-Aug-2013,22.47,24.78,20.89,22.68,17.31,5.37,31.0
08-Aug-2013,17.25,17.75,16.11,16.89,22.68,-5.79,-25.54
09-Aug-2013,15.51,17.93,15.51,16.09,16.89,-0.8,-4.73
12-Aug-2013,18.26,19.75,18.0,18.56,16.09,2.48,15.39
13-Aug-2013,19.82,21.18,17.68,20.31,18.56,1.75,9.4
14-Aug-2013,17.67,19.01,18.26,18.84,20.31,-1.47,-7.22
15-Aug-2013,17.22,19.39,14.65,17.16,18.84,-1.68,-8.91
16-Aug-2013,18.69,22.03,18.32,19.35,17.16,2.18,12.71
19-Aug-2013,12.65,15.17,12.46,14.06,19.35,-5.29,-27.35
20-Aug-2013,12.76,16.07,12.78,14.9,14.06,0.84,5.99
21-Aug-2013,20.45,20.52,18.33,18.98,14.9,4.08,27.42
22-Aug-2013,16.98,19.37,15.48,17.49,18.98,-1.49,-7.84
23-Aug-2013,17.56,16.92,13.49,15.9,17.49,-1.6,-9.13
26-Aug-2013,19.11,21.04,18.73,19.65,15.9,3.75,23.61
27-Aug-2013,19.92,19.63,17.36,19.4,19.65,-0.25,-1.27
28-Aug-2013,15.23,14.51,12.48,14.38,19.4,-5.02,-25.87
29-Aug-2013,16.62,17.98,16.16,17.2,14.38,2.82,19.61
30-Aug-2013,14.33,16.56,12.36,14.13,17.2,-3.07,-17.85
02-Sep-2013,21.5,21.25,17.83,18.87,14.13,4.74,33.54
03-Sep-2013,14.58,15.64,11.58,14.47,18.87,-4.4,-23.34
04-Sep-2013,20.41,21.53,19.54,19.67,14.47,5.2,35.98
05-Sep-2013,21.45,21.05,20.24,20.65,19.67,0.98,4.96
06-Sep-2013,15.41,18.11,16.33,17.27,20.65,-3.38,-16.37
09-Sep-2013,17.27,19.7,15.26,17.58,17.27,0.32,1.84
10-Sep-2013,15.62,18.37,13.45,16.18,17.58,-1.41,-8.01
11-Sep-2013,17.54,16.47,13.61,16.19,16.18,0.01,0.07
12-Sep-2013,16.89,17.74,15.78,17.27,16.19,1.09,6.71
13-Sep-2013,16.24,18.78,16.87,16.88,17.27,-0.39,-2.27
16-Sep-2013,13.97,14.56,11.78,14.48,16.88,-2.4,-14.24
17-Sep-2013,16.76,18.92,16.56,17.45,14.48,2.97,20.51
18-Sep-2013,16.93,18.11,16.64,16.68,17.45,-0.76,-4.38
19-Sep-2013,21.87,23.14,21.41,22.21,16.68,5.52,33.12
20-Sep-2013,18.08,19.3,17.16,18.0,22.21,-4.21,-18.95
23-Sep-2013,18.35,21.72,18.83,19.1,18.0,1.1,6.1
24-Sep-2013,16.86,18.43,14.85,16.39,19.1,-2.71,-14.19
25-Sep-2013,16.75,18.34,15.43,16.2,16.39,-0.19,-1.17
26-Sep-2013,16.89,18.59,17.67,17.73,16.2,1.54,9.48
27-Sep-2013,18.91,22.53,17.7,19.71,17.73,1.98,11.15
30-Sep-2013,15.83,18.35,15.93,17.96,19.71,-1.75,-8.9
01-Oct-2013,16.64,19.65,14.1,16.86,17.96,-1.1,-6.13
02-Oct-2013,19.16,18.02,16.32,17.34,16.86,0.48,2.86
03-Oct-2013,20.22,19.73,19.44,19.55,17.34,2.21,12.75
04-Oct-2013,19.92,22.75,19.98,20.28,19.55,0.73,3.75
07-Oct-2013,13.24,14.57,13.58,14.06,20.28,-6.22,-30.65
08-Oct-2013,15.13,17.63,14.61,16.7,14.06,2.63,18.73
09-Oct-2013,20.15,21.24,17.7,18.87,16.7,2.17,12.98
10-Oct-2013,18.06,17.85,16.28,17.76,18.87,-1.11,-5.88
11-Oct-2013,15.75,17.39,16.36,16.55,17.76,-1.2,-6.78
14-Oct-2013,23.55,22.03,21.34,22.0,16.55,5.45,32.9
15-Oct-2013,16.14,19.14,14.81,16.71,22.0,-5.29,-24.06
16-Oct-2013,14.14,16.26,13.42,15.23,16.71,-1.48,-8.84
17-Oct-2013,20.45,22.05,18.55,21.54,15.23,6.31,41.46
18-Oct-2013,13.41,14.49,13.32,14.16,21.54,-7.38,-34.27
21-Oct-2013,15.37,18.87,14.28,16.49,14.16,2.33,16.47
22-Oct-2013,18.52,19.88,16.65,18.46,16.49,1.97,11.95
23-Oct-2013,19.83,22.1,19.1,19.86,18.46,1.4,7.57
24-Oct-2013,19.01,18.24,15.36,17.44,19.86,-2.42,-12.19
25-Oct-2013,15.37,18.39,14.9,16.33,17.44,-1.11,-6.37
28-Oct-2013,22.71,24.09,21.55,21.6,16.33,5.27,32.26
29-Oct-2013,19.76,21.48,17.79,20.46,21.6,-1.14,-5.26
30-Oct-2013,21.06,25.58,21.71,22.75,20.46,2.29,11.19
31-Oct-2013,13.73,15.78,11.71,14.35,22.75,-8.4,-36.92
01-Nov-2013,13.76,16.73,11.89,13.77,14.35,-0.59,-4.08
04-Nov-2013,21.15,21.76,17.96,19.82,13.77,6.05,43.98
05-Nov-2013,13.92,13.35,12.74,13.28,19.82,-6.54,-32.98
06-Nov-2013,18.89,18.35,15.58,18.15,13.28,4.87,36.65
07-Nov-2013,16.0,17.43,16.76,17.02,18.15,-1.13,-6.21
08-Nov-2013,18.94,20.27,16.82,18.15,17.02,1.12,6.6
11-Nov-2013,18.11,19.83,17.78,18.31,18.15,0.16,0.9
12-Nov-2013,20.36,21.22,20.0,20.39,18.31,2.08,11.34
13-Nov-2013,17.98,19.11,16.85,18.88,20.39,-1.51,-7.4
14-Nov-2013,14.44,14.93,10.74,13.03,18.88,-5.85,-30.97
15-Nov-2013,17.95,19.24,14.54,16.65,13.03,3.62,27.78
18-Nov-2013,22.27,22.6,20.73,21.12,16.65,4.47,26.86
19-Nov-2013,17.92,19.19,14.59,16.88,21.12,-4.25,-20.1
20-Nov-2013,18.61,19.26,13.91,16.52,16.88,-0.36,-2.13
21-Nov-2013,19.65,21.28,17.79,20.06,16.52,3.54,21.44
22-Nov-2013,19.65,20.71,18.56,19.35,20.06,-0.71,-3.56
25-Nov-2013,17.01,18.1,14.66,15.43,19.35,-3.91,-20.22
26-Nov-2013,17.32,18.33,16.12,17.95,15.43,2.52,16.31
27-Nov-2013,20.84,22.76,20.95,21.21,17.95,3.26,18.15
28-Nov-2013,17.82,18.51,17.9,18.42,21.21,-2.79,-13.16
29-Nov-2013,17.1,18.99,17.51,18.13,18.42,-0.29,-1.57
02-Dec-2013,17.54,21.04,18.04,18.11,18.13,-0.02,-0.1
03-Dec-2013,13.49,16.43,13.55,14.13,18.11,-3.98,-21.97
04-Dec-2013,16.04,17.8,14.76,16.97,14.13,2.84,20.1
05-Dec-2013,19.51,22.17,19.26,19.44,16.97,2.47,14.53
06-Dec-2013,17.6,19.35,15.96,17.5,19.44,-1.94,-9.99
09-Dec-2013,18.26,17.94,16.03,17.59,17.5,0.1,0.55
10-Dec-2013,13.84,13.68,11.76,12.91,17.59,-4.68,-26.6
11-Dec-2013,18.21,18.78,15.05,17.86,12.91,4.94,38.26
12-Dec-2013,19.2,20.31,15.37,18.33,17.86,0.47,2.66
13-Dec-2013,22.59,23.07,22.75,22.84,18.33,4.51,24.62
16-Dec-2013,15.13,15.61,15.03,15.41,22.84,-7.43,-32.55
17-Dec-2013,18.73,20.73,15.13,17.94,15.41,2.53,16.43
18-Dec-2013,16.13,18.94,16.07,17.51,17.94,-0.43,-2.38
19-Dec-2013,16.1,17.81,15.72,17.3,17.51,-0.22,-1.25
20-Dec-2013,18.75,22.89,20.24,20.66,17.3,3.36,19.46
23-Dec-2013,15.49,18.03,16.57,16.71,20.66,-3.95,-19.1
24-Dec-2013,20.6,21.0,18.73,19.68,16.71,2.96,17.72
25-Dec-2013,23.9,25.11,23.28,24.26,19.68,4.59,23.31
26-Dec-2013,22.16,22.35,18.67,19.94,24.26,-4.32,-17.8
27-Dec-2013,19.85,21.15,17.46,20.26,19.94,0.31,1.57
30-Dec-2013,17.52,19.77,17.11,17.93,20.26,-2.33,-11.5
31-Dec-2013,20.79,21.98,21.33,21.82,17.93,3.89,21.69
01-Jan-2014,19.91,21.63,18.37,19.83,21.82,-1.99,-9.1
02-Jan-2014,14.17,14.88,14.15,14.17,19.83,-5.66,-28.56
03-Jan-2014,13.85,16.19,13.95,14.21,14.17,0.04,0.31
06-Jan-2014,22.72,24.44,19.67,21.85,14.21,7.63,53.72
07-Jan-2014,15.7,20.57,16.68,17.58,21.85,-4.26,-19.52
08-Jan-2014,16.19,18.04,15.06,16.61,17.58,-0.97,-5.51
09-Jan-2014,16.41,19.43,13.56,16.48,16.61,-0.13,-0.8
10-Jan-2014,18.73,21.51,17.5,19.23,16.48,2.75,16.68
13-Jan-2014,19.69,20.23,16.4,19.31,19.23,0.08,0.42
14-Jan-2014,16.57,17.8,15.35,17.15,19.31,-2.16,-11.21
15-Jan-2014,15.39,15.02,12.85,14.77,17.15,-2.37,-13.84
16-Jan-2014,17.34,20.78,17.4,18.27,14.77,3.49,23.65
17-Jan-2014,12.51,15.59,12.57,12.63,18.27,-5.64,-30.85
20-Jan-2014,12.26,15.08,12.65,14.05,12.63,1.42,11.24
21-Jan-2014,18.04,18.28,15.24,17.39,14.05,3.34,23.78
22-Jan-2014,22.57,21.16,17.73,20.48,17.39,3.09,17.78
23-Jan-2014,18.2,21.71,17.75,18.84,20.48,-1.65,-8.03
24-Jan-2014,21.6,21.78,19.3,20.08,18.84,1.24,6.61
27-Jan-2014,15.29,17.75,13.08,15.88,20.08,-4.2,-20.94
28-Jan-2014,17.88,22.01,18.11,19.46,15.88,3.58,22.55
29-Jan-2014,14.43,17.9,13.13,15.99,19.46,-3.46,-17.8
30-Jan-2014,19.39,22.43,17.02,19.99,15.99,3.99,24.96
31-Jan-2014,20.54,20.64,17.01,19.08,19.99,-0.91,-4.55
03-Feb-2014,24.89,25.64,22.62,23.75,19.08,4.67,24.48
04-Feb-2014,20.65,21.5,18.29,20.5,23.75,-3.25,-13.68
05-Feb-2014,14.07,16.08,13.14,15.06,20.5,-5.43,-26.51
06-Feb-2014,19.28,20.68,18.71,19.51,15.06,4.44,29.5
07-Feb-2014,18.56,20.49,17.34,18.26,19.51,-1.25,-6.39
10-Feb-2014,16.14,17.68,13.62,16.09,18.26,-2.17,-11.91
11-Feb-2014,16.86,18.23,14.19,16.38,16.09,0.3,1.84
12-Feb-2014,20.72,21.79,19.4,20.05,16.38,3.66,22.36
13-Feb-2014,18.69,18.6,17.43,17.54,20.05,-2.51,-12.53
14-Feb-2014,21.25,23.07,21.13,21.33,17.54,3.79,21.64
17-Feb-2014,18.79,18.62,18.2,18.42,21.33,-2.91,-13.67
18-Feb-2014,14.32,13.67,11.01,13.58,18.42,-4.83,-26.25
19-Feb-2014,19.27,20.39,17.28,18.21,13.58,4.63,34.06
20-Feb-2014,21.46,22.61,19.35,20.84,18.21,2.64,14.48
21-Feb-2014,19.1,19.71,15.39,18.08,20.84,-2.76,-13.26
24-Feb-2014,18.58,19.62,15.15,16.68,18.08,-1.4,-7.73
25-Feb-2014,11.94,13.53,9.58,12.36,16.68,-4.33,-25.93
26-Feb-2014,18.01,19.22,16.9,18.88,12.36,6.52,52.79
27-Feb-2014,21.52,22.46,18.12,19.89,18.88,1.01,5.34
28-Feb-2014,18.04,19.75,15.57,17.18,19.89,-2.71,-13.61
03-Mar-2014,15.66,16.11,14.21,14.92,17.18,-2.26,-13.18
04-Mar-2014,16.9,18.88,14.79,16.49,14.92,1.57,10.53
05-Mar-2014,17.2,17.73,14.88,16.65,16.49,0.16,0.97
06-Mar-2014,17.5,19.91,16.73,18.97,16.65,2.32,13.95
07-Mar-2014,16.79,17.57,14.74,17.42,18.97,-1.55,-8.19
10-Mar-2014,18.73,19.19,15.62,17.02,17.42,-0.39,-2.25
11-Mar-2014,17.73,17.29,15.1,17.11,17.02,0.08,0.49
12-Mar-2014,20.87,21.75,18.1,20.05,17.11,2.94,17.19
13-Mar-2014,13.94,15.07,14.26,14.37,20.05,-5.68,-28.34
14-Mar-2014,16.73,18.62,14.59,16.03,14.37,1.66,11.55
17-Mar-2014,23.42,23.9,20.32,21.67,16.03,5.65,35.23
18-Mar-2014,15.74,17.62,13.72,14.73,21.67,-6.94,-32.04
19-Mar-2014,16.7,16.52,13.92,16.04,14.73,1.31,8.88
20-Mar-2014,19.81,22.19,19.93,20.46,16.04,4.43,27.61
21-Mar-2014,15.9,18.8,17.29,17.37,20.46,-3.1,-15.13
24-Mar-2014,20.36,20.55,18.64,19.18,17.37,1.81,10.41
25-Mar-2014,16.03,18.89,14.05,16.41,19.18,-2.76,-14.41
26-Mar-2014,17.63,19.18,16.57,18.46,16.41,2.05,12.48
27-Mar-2014,16.34,17.4,16.5,16.69,18.46,-1.77,-9.58
28-Mar-2014,17.86,20.83,15.68,18.01,16.69,1.32,7.89
31-Mar-2014,16.31,19.37,13.95,16.38,18.01,-1.63,-9.07
01-Apr-2014,16.12,19.52,15.25,17.05,16.38,0.68,4.14
02-Apr-2014,20.86,20.86,18.12,20.33,17.05,3.27,19.19
03-Apr-2014,23.82,23.86,21.71,22.87,20.33,2.54,12.51
04-Apr-2014,18.93,20.34,16.02,18.6,22.87,-4.27,-18.66
07-Apr-2014,17.15,18.52,16.15,17.09,18.6,-1.52,-8.15
08-Apr-2014,15.93,18.59,14.91,16.68,17.09,-0.4,-2.37
09-Apr-2014,19.0,20.79,18.57,18.63,16.68,1.95,11.69
10-Apr-2014,17.08,17.55,13.4,15.84,18.63,-2.79,-14.98
11-Apr-2014,19.34,19.34,18.02,18.35,15.84,2.51,15.84
14-Apr-2014,19.99,20.24,19.77,19.98,18.35,1.63,8.88
15-Apr-2014,18.05,17.8,17.09,17.78,19.98,-2.2,-11.01
16-Apr-2014,12.69,12.91,10.43,12.67,17.78,-5.11,-28.75
17-Apr-2014,18.63,21.14,17.42,18.63,12.67,5.96,47.07
18-Apr-2014,16.98,19.81,16.51,18.17,18.63,-0.46,-2.47
21-Apr-2014,17.81,18.5,15.89,17.57,18.17,-0.61,-3.34
22-Apr-2014,20.51,22.88,18.84,20.62,17.57,3.05,17.36
23-Apr-2014,15.02,17.13,13.29,15.65,20.62,-4.97,-24.09
24-Apr-2014,13.67,13.5,12.13,13.47,15.65,-2.18,-13.93
25-Apr-2014,16.19,19.53,15.25,16.56,13.47,3.09,22.91
28-Apr-2014,22.21,23.73,20.83,21.98,16.56,5.42,32.75
29-Apr-2014,15.17,15.83,13.49,15.78,21.98,-6.2,-28.21
30-Apr-2014,15.03,15.69,12.11,14.74,15.78,-1.04,-6.56
01-May-2014,16.3,17.91,15.43,16.46,14.74,1.72,11.66
02-May-2014,14.38,17.28,14.39,14.68,16.46,-1.78,-10.81
05-May-2014,18.26,20.86,18.72,18.8,14.68,4.12,28.05
06-May-2014,20.61,20.47,17.14,19.65,18.8,0.85,4.53
07-May-2014,19.35,19.51,17.12,18.28,19.65,-1.37,-6.97
08-May-2014,18.37,17.93,15.83,17.64,18.28,-0.64,-3.5
09-May-2014,17.1,18.66,16.64,17.1,17.64,-0.54,-3.08
12-May-2014,17.58,20.22,17.56,17.66,17.1,0.56,3.27
13-May-2014,12.27,16.25,10.88,13.53,17.66,-4.13,-23.38
14-May-2014,17.03,18.69,16.59,17.57,13.53,4.04,29.85
15-May-2014,20.39,20.78,18.15,19.49,17.57,1.92,10.93
16-May-2014,20.33,20.85,16.98,19.3,19.49,-0.19,-0.98
19-May-2014,20.55,24.49,21.07,21.7,19.3,2.4,12.42
20-May-2014,19.13,21.2,18.12,19.4,21.7,-2.29,-10.57
21-May-2014,18.07,21.13,15.38,18.23,19.4,-1.17,-6.03
22-May-2014,16.15,18.84,14.55,17.13,18.23,-1.1,-6.02
23-May-2014,11.56,11.99,11.26,11.52,17.13,-5.62,-32.79
26-May-2014,19.31,17.6,15.3,17.53,11.52,6.01,52.23
27-May-2014,19.86,19.36,17.8,19.31,17.53,1.78,10.15
28-May-2014,14.45,16.37,16.12,16.17,19.31,-3.14,-16.28
29-May-2014,19.41,20.36,16.73,18.93,16.17,2.76,17.06
30-May-2014,18.88,21.64,17.62,19.08,18.93,0.15,0.79
02-Jun-2014,14.59,18.74,14.08,16.4,19.08,-2.67,-14.0
03-Jun-2014,17.5,18.41,15.67,16.24,16.4,-0.16,-0.99
04-Jun-2014,18.74,19.36,16.54,17.22,16.24,0.98,6.04
05-Jun-2014,21.36,22.92,21.73,22.34,17.22,5.12,29.71
06-Jun-2014,16.14,16.88,13.95,16.28,22.34,-6.06,-27.13
09-Jun-2014,20.09,20.55,17.58,19.47,16.28,3.19,19.58
10-Jun-2014,14.55,17.59,13.72,16.11,19.47,-3.36,-17.26
11-Jun-2014,19.24,18.32,16.92,17.74,16.11,1.64,10.16
12-Jun-2014,17.26,20.11,15.09,17.89,17.74,0.15,0.84
13-Jun-2014,19.35,19.93,15.31,17.69,17.89,-0.2,-1.14
16-Jun-2014,16.17,16.97,13.88,14.78,17.69,-2.91,-16.47
17-Jun-2014,17.02,20.11,17.54,18.16,14.78,3.39,22.92
18-Jun-2014,19.5,21.86,18.21,18.98,18.16,0.82,4.53
19-Jun-2014,20.64,22.01,18.55,19.58,18.98,0.6,3.14
20-Jun-2014,19.92,21.67,19.37,20.18,19.58,0.6,3.06
23-Jun-2014,16.47,17.41,15.23,16.3,20.18,-3.88,-19.24
24-Jun-2014,21.11,20.54,18.64,20.48,16.3,4.19,25.7
25-Jun-2014,20.17,24.46,20.19,21.48,20.48,1.0,4.89
26-Jun-2014,17.24,19.76,15.83,17.08,21.48,-4.4,-20.48
27-Jun-2014,15.52,15.79,14.19,14.9,17.08,-2.18,-12.76
30-Jun-2014,19.7,18.68,16.14,18.54,14.9,3.64,24.4
01-Jul-2014,21.95,24.0,20.53,22.25,18.54,3.71,20.0
02-Jul-2014,14.82,15.08,12.15,14.71,22.25,-7.54,-33.88
03-Jul-2014,18.49,21.18,16.91,19.3,14.71,4.59,31.22
04-Jul-2014,19.96,20.23,19.12,19.38,19.3,0.08,0.39
07-Jul-2014,17.92,20.28,16.8,18.64,19.38,-0.73,-3.79
08-Jul-2014,19.31,19.95,17.65,18.8,18.64,0.16,0.84
09-Jul-2014,19.95,22.64,18.09,19.65,18.8,0.85,4.54
10-Jul-2014,19.27,21.11,17.67,19.47,19.65,-0.19,-0.95
11-Jul-2014,19.57,22.93,18.45,20.19,19.47,0.72,3.72
14-Jul-2014,17.87,18.4,15.42,17.91,20.19,-2.28,-11.31
15-Jul-2014,16.79,17.75,16.16,17.45,17.91,-0.46,-2.54
16-Jul-2014,15.84,17.72,13.7,16.19,17.45,-1.26,-7.24
17-Jul-2014,16.05,16.09,13.78,15.42,16.19,-0.77,-4.73
18-Jul-2014,14.38,15.45,11.65,14.49,15.42,-0.94,-6.07
21-Jul-2014,17.54,19.95,17.49,17.86,14.49,3.37,23.3
22-Jul-2014,19.55,21.68,19.99,20.13,17.86,2.27,12.71
23-Jul-2014,16.63,18.61,14.96,16.45,20.13,-3.68,-18.3
24-Jul-2014,17.54,19.57,18.0,18.11,16.45,1.66,10.12
25-Jul-2014,17.78,16.24,13.99,15.65,18.11,-2.46,-13.58
28-Jul-2014,18.36,19.5,17.84,19.39,15.65,3.74,23.89
29-Jul-2014,17.05,16.57,15.58,16.57,19.39,-2.83,-14.57
30-Jul-2014,19.88,20.81,16.35,18.56,16.57,1.99,12.04
31-Jul-2014,17.72,21.58,15.8,18.62,18.56,0.06,0.34
01-Aug-2014,20.75,19.81,17.82,19.6,18.62,0.98,5.26
04-Aug-2014,17.88,19.18,17.49,17.64,19.6,-1.96,-10.02
05-Aug-2014,20.37,22.01,18.7,19.65,17.64,2.01,11.41
06-Aug-2014,13.89,16.58,13.02,15.25,19.65,-4.4,-22.38
07-Aug-2014,20.99,22.49,19.76,19.82,15.25,4.56,29.9
08-Aug-2014,16.52,17.01,13.63,15.45,19.82,-4.37,-22.05
11-Aug-2014,16.16,18.84,16.26,17.64,15.45,2.19,14.18
12-Aug-2014,12.74,13.43,12.36,13.32,17.64,-4.31,-24.44
13-Aug-2014,20.98,19.44,18.37,19.39,13.32,6.06,45.5
14-Aug-2014,18.65,18.88,16.17,17.06,19.39,-2.32,-11.99
15-Aug-2014,13.82,14.88,11.88,13.68,17.06,-3.39,-19.85
18-Aug-2014,17.71,18.88,14.11,16.71,13.68,3.03,22.15
19-Aug-2014,18.81,20.29,17.38,18.47,16.71,1.76,10.54
20-Aug-2014,14.83,15.45,12.21,14.46,18.47,-4.01,-21.7
21-Aug-2014,17.91,20.01,17.23,19.21,14.46,4.75,32.82
22-Aug-2014,18.33,21.31,15.5,18.48,19.21,-0.73,-3.78
25-Aug-2014,19.28,20.77,18.63,19.11,18.48,0.63,3.4
26-Aug-2014,16.82,17.49,13.75,15.6,19.11,-3.51,-18.36
27-Aug-2014,15.89,17.12,14.15,16.45,15.6,0.85,5.48
28-Aug-2014,17.03,18.71,13.13,15.82,16.45,-0.63,-3.84
29-Aug-2014,17.26,19.61,15.4,17.02,15.82,1.2,7.58
01-Sep-2014,16.59,18.09,15.64,17.01,17.02,-0.01,-0.06
02-Sep-2014,17.19,19.25,15.97,18.23,17.01,1.22,7.15
03-Sep-2014,20.57,22.02,20.24,21.55,18.23,3.32,18.21
04-Sep-2014,16.56,18.17,14.75,16.71,21.55,-4.84,-22.47
05-Sep-2014,19.03,20.14,16.37,18.64,16.71,1.93,11.58
08-Sep-2014,14.72,16.26,15.83,16.04,18.64,-2.6,-13.96
09-Sep-2014,18.54,18.09,15.09,17.97,16.04,1.94,12.07
10-Sep-2014,11.8,13.89,11.48,11.54,17.97,-6.44,-35.82
11-Sep-2014,24.5,25.22,22.38,23.92,11.54,12.39,107.41
12-Sep-2014,21.12,22.96,21.33,21.67,23.92,-2.25,-9.42
15-Sep-2014,16.9,18.58,15.3,17.6,21.67,-4.07,-18.79
16-Sep-2014,20.68,22.47,17.99,20.09,17.6,2.49,14.14
17-Sep-2014,17.91,18.36,17.0,17.77,20.09,-2.32,-11.56
18-Sep-2014,19.77,19.2,16.2,19.17,17.77,1.4,7.9
19-Sep-2014,18.23,18.94,17.09,17.48,19.17,-1.69,-8.82
22-Sep-2014,16.32,16.95,14.48,15.05,17.48,-2.42,-13.87
23-Sep-2014,21.99,23.84,21.54,21.66,15.05,6.61,43.9
24-Sep-2014,17.22,18.79,16.69,16.71,21.66,-4.95,-22.86
25-Sep-2014,20.29,21.1,18.99,19.4,16.71,2.69,16.07
26-Sep-2014,13.72,15.16,13.51,14.9,19.4,-4.5,-23.21
29-Sep-2014,16.23,16.96,14.97,16.66,14.9,1.76,11.83
30-Sep-2014,13.91,16.33,11.28,13.71,16.66,-2.94,-17.67
01-Oct-2014,22.12,23.63,19.36,21.54,13.71,7.82,57.04
02-Oct-2014,20.83,21.58,17.43,19.34,21.54,-2.2,-10.2
03-Oct-2014,18.6,20.66,16.8,18.14,19.34,-1.2,-6.21
06-Oct-2014,19.01,19.45,14.91,17.4,18.14,-0.73,-4.04
07-Oct-2014,21.73,22.04,18.56,20.27,17.4,2.87,16.47
08-Oct-2014,19.85,23.62,18.78,20.62,20.27,0.35,1.75
09-Oct-2014,16.86,19.03,14.63,17.22,20.62,-3.4,-16.49
10-Oct-2014,15.1,15.59,12.35,15.34,17.22,-1.89,-10.95
13-Oct-2014,18.57,18.46,16.79,17.37,15.34,2.03,13.25
14-Oct-2014,14.45,15.17,12.8,13.37,17.37,-3.99,-23.0
15-Oct-2014,14.15,16.73,15.53,16.38,13.37,3.0,22.45
16-Oct-2014,17.2,19.04,13.67,16.44,16.38,0.06,0.39
17-Oct-2014,20.9,19.45,17.58,18.72,16.44,2.28,13.84
20-Oct-2014,18.81,19.42,16.88,18.21,18.72,-0.5,-2.69
21-Oct-2014,17.32,17.12,15.32,16.99,18.21,-1.22,-6.69
22-Oct-2014,16.42,18.42,15.76,17.18,16.99,0.19,1.1
23-Oct-2014,15.88,17.74,13.52,16.2,17.18,-0.99,-5.73
24-Oct-2014,19.37,18.84,18.57,18.63,16.2,2.43,15.03
27-Oct-2014,14.1,15.6,12.08,13.43,18.63,-5.2,-27.91
28-Oct-2014,18.24,19.76,16.18,18.56,13.43,5.13,38.21
29-Oct-2014,14.28,14.72,12.12,13.49,18.56,-5.07,-27.31
30-Oct-2014,12.37,12.87,10.25,12.83,13.49,-0.66,-4.92
31-Oct-2014,20.89,22.11,18.46,19.79,12.83,6.96,54.25
03-Nov-2014,23.71,24.51,18.86,21.71,19.79,1.92,9.7
04-Nov-2014,24.25,25.81,20.16,23.1,21.71,1.39,6.43
05-Nov-2014,21.15,24.11,20.4,21.25,23.1,-1.85,-8.02
06-Nov-2014,15.24,17.94,14.5,15.22,21.25,-6.03,-28.38
07-Nov-2014,17.22,19.58,14.92,16.7,15.22,1.48,9.73
10-Nov-2014,20.18,21.86,18.85,20.47,16.7,3.77,22.55
11-Nov-2014,14.73,16.44,15.13,15.33,20.47,-5.13,-25.09
12-Nov-2014,21.91,21.65,18.76,20.14,15.33,4.8,31.32
13-Nov-2014,17.39,16.73,14.02,16.64,20.14,-3.5,-17.38
14-Nov-2014,19.31,20.75,18.08,19.92,16.64,3.29,19.75
17-Nov-2014,12.06,11.15,10.06,11.11,19.92,-8.82,-44.26
18-Nov-2014,16.14,16.05,15.69,15.98,11.11,4.88,43.93
19-Nov-2014,21.71,21.63,19.97,20.78,15.98,4.79,29.99
20-Nov-2014,18.6,17.2,15.57,16.93,20.78,-3.85,-18.52
21-Nov-2014,17.55,17.71,15.25,16.72,16.93,-0.21,-1.27
24-Nov-2014,21.32,22.06,19.43,21.72,16.72,5.01,29.96
25-Nov-2014,17.48,19.36,17.13,18.63,21.72,-3.09,-14.24
26-Nov-2014,15.81,19.04,14.78,16.97,18.63,-1.66,-8.91
27-Nov-2014,16.05,18.55,14.52,16.78,16.97,-0.19,-1.11
28-Nov-2014,18.05,19.14,15.38,18.19,16.78,1.41,8.39
01-Dec-2014,15.49,18.19,15.8,17.75,18.19,-0.44,-2.44
02-Dec-2014,18.99,19.21,18.27,18.9,17.75,1.15,6.49
03-Dec-2014,23.87,23.5,21.42,22.98,18.9,4.08,21.59
04-Dec-2014,20.64,22.47,21.09,21.53,22.98,-1.45,-6.31
05-Dec-2014,19.09,21.0,16.64,18.12,21.53,-3.41,-15.86
08-Dec-2014,19.45,20.24,15.81,18.53,18.12,0.42,2.3
09-Dec-2014,18.58,18.78,15.88,18.75,18.53,0.22,1.18
10-Dec-2014,20.29,20.81,16.12,18.2,18.75,-0.55,-2.93
11-Dec-2014,15.74,16.65,16.15,16.6,18.2,-1.61,-8.82
12-Dec-2014,22.95,23.45,21.43,22.85,16.6,6.25,37.67
15-Dec-2014,14.71,16.45,14.13,15.32,22.85,-7.53,-32.97
16-Dec-2014,15.91,17.53,13.16,15.97,15.32,0.65,4.25
17-Dec-2014,14.53,19.62,15.36,17.61,15.97,1.64,10.27
18-Dec-2014,19.61,20.2,16.4,18.37,17.61,0.76,4.33
19-Dec-2014,16.07,18.08,16.82,17.08,18.37,-1.29,-7.04
22-Dec-2014,22.78,21.69,19.2,21.66,17.08,4.58,26.84
23-Dec-2014,22.47,23.79,21.05,21.08,21.66,-0.58,-2.68
24-Dec-2014,16.52,20.06,15.42,17.15,21.08,-3.93,-18.63
25-Dec-2014,14.39,16.93,13.91,14.78,17.15,-2.37,-13.84
26-Dec-2014,12.86,14.3,11.67,14.07,14.78,-0.71,-4.83
29-Dec-2014,18.71,19.3,16.26,18.44,14.07,4.37,31.07
30-Dec-2014,21.64,20.68,19.73,20.11,18.44,1.68,9.1
31-Dec-2014,15.43,15.8,13.85,14.83,20.11,-5.28,-26.25
01-Jan-2015,16.89,18.89,13.37,16.3,14.83,1.47,9.88
02-Jan-2015,19.1,21.62,18.7,19.21,16.3,2.91,17.86
05-Jan-2015,21.01,24.3,18.69,21.51,19.21,2.29,11.94
06-Jan-2015,17.99,18.44,16.38,17.79,21.51,-3.71,-17.26
07-Jan-2015,18.16,19.53,14.75,17.21,17.79,-0.59,-3.3
08-Jan-2015,20.17,20.25,17.26,18.09,17.21,0.88,5.12
09-Jan-2015,16.81,17.43,14.06,15.62,18.09,-2.47,-13.63
12-Jan-2015,21.37,20.34,18.61,20.25,15.62,4.63,29.63
13-Jan-2015,22.72,22.37,19.64,22.11,20.25,1.86,9.18
14-Jan-2015,14.4,17.87,13.98,16.24,22.11,-5.87,-26.54
15-Jan-2015,21.32,24.3,19.23,21.73,16.24,5.48,33.76
16-Jan-2015,20.33,20.55,19.04,19.11,21.73,-2.62,-12.06
19-Jan-2015,13.73,14.99,13.09,14.18,19.11,-4.92,-25.77
20-Jan-2015,22.24,20.28,17.74,20.23,14.18,6.05,42.67
21-Jan-2015,18.59,21.02,17.65,19.48,20.23,-0.75,-3.73
22-Jan-2015,17.5,16.83,12.45,15.04,19.48,-4.44,-22.78
23-Jan-2015,15.52,16.8,15.56,16.05,15.04,1.01,6.71
26-Jan-2015,16.66,17.44,15.03,16.15,16.05,0.1,0.62
27-Jan-2015,17.97,19.97,16.22,18.32,16.15,2.16,13.4
28-Jan-2015,16.15,18.81,14.52,15.87,18.32,-2.45,-13.38
29-Jan-2015,18.78,19.88,17.57,18.96,15.87,3.09,19.47
30-Jan-2015,16.19,18.21,15.47,17.78,18.96,-1.17,-6.18
02-Feb-2015,19.86,22.72,17.52,20.45,17.78,2.66,14.97
03-Feb-2015,17.21,18.76,16.58,17.53,20.45,-2.91,-14.25
04-Feb-2015,18.53,22.54,17.97,19.7,17.53,2.17,12.36
05-Feb-2015,20.71,23.05,21.37,21.67,19.7,1.97,10.01
06-Feb-2015,18.61,21.2,16.8,18.86,21.67,-2.81,-12.98
09-Feb-2015,11.42,14.77,9.6,12.35,18.86,-6.51,-34.53
10-Feb-2015,14.41,16.01,13.06,14.81,12.35,2.46,19.93
11-Feb-2015,16.71,18.28,14.84,16.28,14.81,1.47,9.93
12-Feb-2015,19.9,20.22,17.63,18.81,16.28,2.54,15.58
13-Feb-2015,17.45,19.81,16.57,18.04,18.81,-0.77,-4.09
16-Feb-2015,19.39,21.67,17.32,19.44,18.04,1.4,7.75
17-Feb-2015,16.39,17.73,14.18,15.04,19.44,-4.4,-22.61
18-Feb-2015,21.38,21.86,18.58,20.46,15.04,5.41,35.97
19-Feb-2015,13.52,17.42,12.24,14.99,20.46,-5.46,-26.7
20-Feb-2015,14.04,15.53,13.96,14.5,14.99,-0.5,-3.31
23-Feb-2015,17.34,17.03,13.73,16.39,14.5,1.89,13.04
24-Feb-2015,19.18,20.88,17.16,19.47,16.39,3.08,18.79
25-Feb-2015,16.57,18.39,14.91,17.56,19.47,-1.91,-9.8
26-Feb-2015,21.93,23.07,20.58,20.89,17.56,3.33,18.97
27-Feb-2015,16.3,19.38,18.0,18.14,20.89,-2.75,-13.16
02-Mar-2015,19.84,21.14,17.27,18.33,18.14,0.19,1.03
03-Mar-2015,19.71,22.94,19.73,20.56,18.33,2.23,12.19
04-Mar-2015,18.42,20.72,16.27,18.47,20.56,-2.09,-10.19
05-Mar-2015,17.44,18.57,16.41,17.95,18.47,-0.51,-2.78
06-Mar-2015,18.97,19.16,17.77,17.84,17.95,-0.11,-0.61
09-Mar-2015,15.02,14.4,12.05,14.18,17.84,-3.66,-20.51
10-Mar-2015,15.96,17.38,15.36,15.62,14.18,1.44,10.15
11-Mar-2015,18.7,20.29,17.57,19.03,15.62,3.41,21.81
12-Mar-2015,19.22,20.77,16.13,18.25,19.03,-0.78,-4.1
13-Mar-2015,17.43,17.98,16.21,16.7,18.25,-1.55,-8.5
16-Mar-2015,18.12,18.14,17.01,17.59,16.7,0.89,5.32
17-Mar-2015,19.42,22.27,17.72,19.54,17.59,1.96,11.12
18-Mar-2015,19.11,20.46,17.02,18.29,19.54,-1.26,-6.42
19-Mar-2015,21.53,21.96,18.45,21.21,18.29,2.92,15.96
20-Mar-2015,17.41,19.11,16.5,19.06,21.21,-2.15,-10.12
23-Mar-2015,20.12,21.46,19.36,20.71,19.06,1.64,8.63
24-Mar-2015,16.73,16.27,13.31,16.03,20.71,-4.67,-22.57
25-Mar-2015,18.93,18.91,17.95,18.72,16.03,2.69,16.76
26-Mar-2015,15.85,15.47,13.79,15.11,18.72,-3.61,-19.27
27-Mar-2015,17.69,19.16,17.75,18.21,15.11,3.09,20.47
30-Mar-2015,23.86,25.05,22.88,23.99,18.21,5.78,31.76
31-Mar-2015,19.31,20.38,18.11,19.57,23.99,-4.41,-18.4
01-Apr-2015,17.96,22.52,19.38,19.67,19.57,0.1,0.51
02-Apr-2015,18.18,18.51,17.22,18.3,19.67,-1.37,-6.96
03-Apr-2015,15.7,19.49,16.45,16.52,18.3,-1.79,-9.75
06-Apr-2015,18.17,18.15,17.71,17.78,16.52,1.26,7.61
07-Apr-2015,22.95,21.52,20.95,20.98,17.78,3.2,18.02
08-Apr-2015,19.64,19.95,19.13,19.34,20.98,-1.64,-7.82
09-Apr-2015,19.19,18.81,16.73,18.34,19.34,-1.0,-5.17
10-Apr-2015,15.68,18.68,16.53,16.74,18.34,-1.6,-8.74
13-Apr-2015,19.19,19.24,17.93,18.98,16.74,2.24,13.39
14-Apr-2015,16.99,17.03,15.68,17.02,18.98,-1.96,-10.31
15-Apr-2015,16.32,19.6,15.0,16.89,17.02,-0.13,-0.78
16-Apr-2015,15.3,18.25,14.44,16.37,16.89,-0.52,-3.08
17-Apr-2015,15.86,16.86,13.59,15.74,16.37,-0.62,-3.82
20-Apr-2015,16.28,18.67,16.22,17.31,15.74,1.56,9.94
21-Apr-2015,18.32,17.62,13.58,16.08,17.31,-1.23,-7.11
22-Apr-2015,15.8,16.89,15.26,15.32,16.08,-0.76,-4.71
23-Apr-2015,19.44,21.12,17.78,19.47,15.32,4.15,27.08
24-Apr-2015,21.16,22.46,20.89,21.15,19.47,1.69,8.67
27-Apr-2015,16.17,19.12,13.58,16.49,21.15,-4.67,-22.07
28-Apr-2015,19.2,20.65,16.58,18.79,16.49,2.3,13.97
29-Apr-2015,17.83,19.88,17.74,17.82,18.79,-0.97,-5.16
30-Apr-2015,18.29,19.84,16.74,18.81,17.82,0.99,5.55
01-May-2015,20.57,21.63,18.79,20.66,18.81,1.85,9.82
04-May-2015,20.56,22.94,18.22,20.34,20.66,-0.32,-1.53
05-May-2015,17.73,19.31,16.91,18.0,20.34,-2.34,-11.49
06-May-2015,17.18,21.82,16.53,18.98,18.0,0.98,5.43
07-May-2015,19.99,22.33,20.66,21.21,18.98,2.23,11.76
08-May-2015,17.89,18.95,15.4,17.6,21.21,-3.61,-17.04
11-May-2015,20.16,19.88,16.0,18.61,17.6,1.01,5.75
12-May-2015,18.6,19.4,14.39,17.1,18.61,-1.51,-8.14
13-May-2015,21.54,22.03,20.67,21.95,17.1,4.85,28.38
14-May-2015,17.67,20.76,16.29,18.23,21.95,-3.71,-16.93
15-May-2015,18.46,19.11,16.61,18.24,18.23,0.01,0.04
18-May-2015,14.67,17.19,15.34,15.35,18.24,-2.89,-15.85
19-May-2015,16.63,17.78,15.07,17.38,15.35,2.03,13.21
20-May-2015,17.98,19.22,16.45,17.46,17.38,0.08,0.45
21-May-2015,19.75,20.11,18.09,19.54,17.46,2.08,11.93
22-May-2015,21.55,22.78,20.06,20.92,19.54,1.39,7.1
25-May-2015,21.51,23.44,22.13,22.13,20.92,1.21,5.78
26-May-2015,18.84,23.31,17.63,20.33,22.13,-1.81,-8.17
27-May-2015,13.98,16.84,13.21,15.06,20.33,-5.26,-25.89
28-May-2015,19.61,18.76,17.24,18.55,15.06,3.48,23.12
29-May-2015,16.48,18.7,14.02,16.86,18.55,-1.68,-9.07
01-Jun-2015,16.29,16.98,13.08,15.24,16.86,-1.62,-9.62
02-Jun-2015,13.41,12.9,9.72,12.63,15.24,-2.61,-17.13
03-Jun-2015,19.32,20.83,18.28,18.83,12.63,6.2,49.08
04-Jun-2015,17.51,19.17,14.75,17.41,18.83,-1.42,-7.53
05-Jun-2015,22.67,21.18,18.1,20.92,17.41,3.51,20.17
08-Jun-2015,13.92,15.11,12.14,14.27,20.92,-6.66,-31.81
09-Jun-2015,13.35,12.5,10.92,12.44,14.27,-1.83,-12.83
10-Jun-2015,18.38,18.37,16.48,18.19,12.44,5.75,46.24
11-Jun-2015,18.57,22.03,18.12,19.59,18.19,1.4,7.69
12-Jun-2015,17.0,18.44,14.37,17.0,19.59,-2.59,-13.22
15-Jun-2015,16.36,18.6,15.98,18.55,17.0,1.55,9.13
16-Jun-2015,19.29,20.64,15.54,18.43,18.55,-0.12,-0.65
17-Jun-2015,17.61,20.13,14.85,17.83,18.43,-0.6,-3.24
18-Jun-2015,15.51,19.53,16.12,17.15,17.83,-0.68,-3.81
19-Jun-2015,20.75,22.92,19.24,20.8,17.15,3.65,21.27
22-Jun-2015,16.33,19.38,16.56,17.98,20.8,-2.82,-13.54
23-Jun-2015,16.5,19.05,13.56,16.22,17.98,-1.77,-9.82
24-Jun-2015,20.33,24.09,20.93,21.22,16.22,5.01,30.88
25-Jun-2015,19.81,18.48,16.77,17.82,21.22,-3.41,-16.06
26-Jun-2015,19.19,22.49,17.26,19.63,17.82,1.81,10.18
29-Jun-2015,14.52,16.9,14.06,15.05,19.63,-4.58,-23.33
30-Jun-2015,20.72,21.48,18.23,20.54,15.05,5.49,36.49
01-Jul-2015,20.0,23.0,19.25,21.39,20.54,0.85,4.13
02-Jul-2015,16.63,17.25,17.04,17.08,21.39,-4.31,-20.15
03-Jul-2015,18.87,20.18,17.97,18.42,17.08,1.34,7.86
06-Jul-2015,15.81,18.18,15.01,16.47,18.42,-1.95,-10.61
07-Jul-2015,17.11,17.3,14.69,16.63,16.47,0.16,0.95
08-Jul-2015,19.87,21.91,18.97,19.09,16.63,2.47,14.83
09-Jul-2015,18.56,19.47,18.49,19.29,19.09,0.2,1.02
10-Jul-2015,19.3,21.3,17.8,18.31,19.29,-0.97,-5.04
13-Jul-2015,21.17,22.02,18.49,20.92,18.31,2.6,14.21
14-Jul-2015,17.51,18.71,14.46,17.28,20.92,-3.64,-17.41
15-Jul-2015,17.44,19.51,16.08,16.69,17.28,-0.58,-3.37
16-Jul-2015,19.09,20.26,18.77,19.35,16.69,2.66,15.92
17-Jul-2015,19.39,20.55,17.26,19.75,19.35,0.4,2.06
20-Jul-2015,18.02,19.61,16.47,17.36,19.75,-2.39,-12.09
21-Jul-2015,16.35,18.96,13.92,16.88,17.36,-0.48,-2.78
22-Jul-2015,17.88,19.16,16.76,17.32,16.88,0.44,2.6
23-Jul-2015,18.3,20.08,16.5,17.62,17.32,0.3,1.75
24-Jul-2015,18.12,19.68,16.19,17.1,17.62,-0.52,-2.94
27-Jul-2015,16.45,17.3,14.92,16.82,17.1,-0.28,-1.66
28-Jul-2015,18.34,18.73,16.0,17.68,16.82,0.86,5.14
29-Jul-2015,19.49,22.25,16.89,19.41,17.68,1.72,9.75
30-Jul-2015,15.45,17.67,14.47,15.85,19.41,-3.56,-18.34
31-Jul-2015,21.42,20.84,20.73,20.83,15.85,4.98,31.45
03-Aug-2015,19.51,21.27,18.72,19.2,20.83,-1.63,-7.83
04-Aug-2015,15.73,17.78,13.72,16.29,19.2,-2.91,-15.16
05-Aug-2015,17.17,18.5,15.59,17.58,16.29,1.29,7.92
06-Aug-2015,17.13,18.51,17.34,17.95,17.58,0.37,2.09
07-Aug-2015,19.06,21.4,15.68,18.49,17.95,0.54,3.02
10-Aug-2015,14.34,15.11,12.5,14.07,18.49,-4.42,-23.9
11-Aug-2015,19.54,21.92,16.94,18.93,14.07,4.86,34.57
12-Aug-2015,18.39,21.0,18.08,18.68,18.93,-0.25,-1.32
13-Aug-2015,15.69,17.25,13.99,15.14,18.68,-3.54,-18.94
14-Aug-2015,18.04,19.54,14.96,17.7,15.14,2.56,16.89
17-Aug-2015,15.94,18.17,15.82,16.59,17.7,-1.11,-6.3
18-Aug-2015,18.83,23.31,20.58,20.67,16.59,4.09,24.64
19-Aug-2015,21.7,21.46,20.62,20.94,20.67,0.26,1.27
20-Aug-2015,18.59,21.17,17.57,18.83,20.94,-2.1,-10.04
21-Aug-2015,17.17,18.17,16.49,17.69,18.83,-1.14,-6.06
24-Aug-2015,19.75,20.28,18.96,19.18,17.69,1.48,8.39
25-Aug-2015,16.87,17.2,14.76,16.68,19.18,-2.5,-13.04
26-Aug-2015,16.61,19.59,16.88,17.01,16.68,0.33,2.01
27-Aug-2015,18.81,18.91,18.24,18.26,17.01,1.25,7.32
28-Aug-2015,18.86,20.43,18.08,19.31,18.26,1.06,5.79
31-Aug-2015,18.73,19.89,17.18,18.89,19.31,-0.43,-2.2
01-Sep-2015,14.59,16.12,12.99,15.97,18.89,-2.92,-15.47
02-Sep-2015,18.66,19.39,17.54,18.47,15.97,2.5,15.67
03-Sep-2015,21.61,20.7,17.74,19.8,18.47,1.33,7.22
04-Sep-2015,18.62,18.43,15.88,17.73,19.8,-2.07,-10.48
07-Sep-2015,16.23,16.52,13.51,16.2,17.73,-1.53,-8.64
08-Sep-2015,16.84,18.6,15.05,17.55,16.2,1.35,8.34
09-Sep-2015,18.3,21.48,18.51,20.27,17.55,2.72,15.53
10-Sep-2015,16.65,16.9,16.44,16.56,20.27,-3.72,-18.33
11-Sep-2015,19.83,19.48,16.49,18.98,16.56,2.42,14.62
14-Sep-2015,17.21,20.22,16.58,18.48,18.98,-0.5,-2.62
15-Sep-2015,17.91,20.5,17.37,17.98,18.48,-0.49,-2.68
16-Sep-2015,20.59,23.01,17.52,20.32,17.98,2.33,12.97
17-Sep-2015,14.68,15.45,12.95,15.15,20.32,-5.16,-25.41
18-Sep-2015,23.88,24.81,21.33,22.95,15.15,7.8,51.47
21-Sep-2015,17.21,20.01,17.13,18.17,22.95,-4.79,-20.85
22-Sep-2015,17.81,19.47,17.45,17.48,18.17,-0.68,-3.77
23-Sep-2015,15.71,17.44,17.01,17.15,17.48,-0.33,-1.89
24-Sep-2015,19.18,20.25,17.81,19.2,17.15,2.05,11.94
25-Sep-2015,22.57,22.91,19.8,21.5,19.2,2.3,11.96
28-Sep-2015,19.88,21.3,18.96,19.93,21.5,-1.57,-7.3
29-Sep-2015,19.61,20.23,18.9,20.06,19.93,0.13,0.66
30-Sep-2015,19.38,19.59,17.26,18.76,20.06,-1.3,-6.5
01-Oct-2015,16.15,19.24,15.83,16.63,18.76,-2.13,-11.35
02-Oct-2015,22.04,22.15,17.58,20.08,16.63,3.45,20.76
05-Oct-2015,22.01,22.62,19.07,21.72,20.08,1.64,8.16
06-Oct-2015,15.9,15.43,15.18,15.35,21.72,-6.36,-29.3
07-Oct-2015,18.44,16.74,15.65,16.53,15.35,1.18,7.69
08-Oct-2015,20.56,21.75,17.68,19.62,16.53,3.08,18.64
09-Oct-2015,15.24,20.81,16.49,17.95,19.62,-1.67,-8.51
12-Oct-2015,15.23,14.82,12.3,14.65,17.95,-3.29,-18.35
13-Oct-2015,22.63,22.5,21.22,22.11,14.65,7.46,50.9
14-Oct-2015,15.28,17.02,13.5,15.16,22.11,-6.96,-31.45
15-Oct-2015,17.16,17.48,14.51,15.78,15.16,0.62,4.1
16-Oct-2015,16.04,17.02,12.85,15.1,15.78,-0.68,-4.31
19-Oct-2015,16.04,17.38,15.72,15.96,15.1,0.86,5.72
20-Oct-2015,21.21,20.37,18.42,19.55,15.96,3.59,22.48
21-Oct-2015,17.25,19.95,15.74,18.47,19.55,-1.08,-5.53
22-Oct-2015,16.68,18.76,15.24,16.9,18.47,-1.56,-8.47
23-Oct-2015,16.19,18.38,13.12,16.03,16.9,-0.87,-5.16
26-Oct-2015,20.64,20.96,18.94,20.54,16.03,4.5,28.09
27-Oct-2015,18.25,17.69,15.24,17.28,20.54,-3.26,-15.86
28-Oct-2015,22.96,24.34,20.51,21.34,17.28,4.07,23.53
29-Oct-2015,14.81,17.41,13.71,16.05,21.34,-5.29,-24.8
30-Oct-2015,18.66,17.6,16.13,16.89,16.05,0.84,5.24
02-Nov-2015,15.68,17.53,15.18,16.83,16.89,-0.06,-0.38
03-Nov-2015,15.73,18.21,15.1,16.5,16.83,-0.33,-1.95
04-Nov-2015,17.42,18.59,15.66,16.91,16.5,0.41,2.5
05-Nov-2015,16.8,18.3,13.66,16.42,16.91,-0.49,-2.9
06-Nov-2015,16.35,18.12,15.35,16.2,16.42,-0.22,-1.32
09-Nov-2015,20.23,21.51,18.6,18.64,16.2,2.44,15.04
10-Nov-2015,15.28,19.18,15.79,16.7,18.64,-1.94,-10.4
11-Nov-2015,15.08,17.71,16.72,16.94,16.7,0.23,1.41
12-Nov-2015,20.96,21.78,18.1,19.6,16.94,2.66,15.72
13-Nov-2015,22.54,22.04,21.41,21.5,19.6,1.9,9.68
16-Nov-2015,20.07,20.28,14.93,17.91,21.5,-3.59,-16.71
17-Nov-2015,14.54,15.78,11.67,13.86,17.91,-4.05,-22.61
18-Nov-2015,20.54,22.55,17.52,19.6,13.86,5.74,41.44
19-Nov-2015,15.77,19.04,15.88,18.12,19.6,-1.48,-7.55
20-Nov-2015,19.83,19.81,16.5,19.39,18.12,1.27,7.01
23-Nov-2015,17.02,19.36,15.13,16.56,19.39,-2.83,-14.57
24-Nov-2015,20.68,21.39,17.93,18.92,16.56,2.36,14.22
25-Nov-2015,17.53,17.44,14.97,16.53,18.92,-2.39,-12.63
26-Nov-2015,19.38,21.45,17.84,18.72,16.53,2.19,13.24
27-Nov-2015,17.52,18.6,13.97,16.12,18.72,-2.6,-13.87
30-Nov-2015,17.92,17.9,17.27,17.45,16.12,1.33,8.26
01-Dec-2015,22.07,23.64,19.82,21.04,17.45,3.59,20.57
02-Dec-2015,15.97,16.99,14.43,14.74,21.04,-6.3,-29.96
03-Dec-2015,19.68,18.36,16.59,18.14,14.74,3.41,23.1
04-Dec-2015,16.0,16.12,12.82,15.52,18.14,-2.62,-14.45
07-Dec-2015,16.25,18.38,15.05,17.42,15.52,1.9,12.25
08-Dec-2015,16.41,17.91,14.86,17.67,17.42,0.25,1.41
09-Dec-2015,13.06,16.0,12.55,15.23,17.67,-2.44,-13.81
10-Dec-2015,20.24,22.64,17.61,19.82,15.23,4.59,30.17
11-Dec-2015,13.97,14.93,14.26,14.8,19.82,-5.03,-25.36
14-Dec-2015,18.38,20.67,16.18,18.85,14.8,4.05,27.38
15-Dec-2015,17.5,17.39,16.47,17.38,18.85,-1.47,-7.78
16-Dec-2015,14.84,16.6,14.05,14.75,17.38,-2.63,-15.15
17-Dec-2015,17.9,19.57,15.32,17.5,14.75,2.75,18.64
18-Dec-2015,15.62,16.21,13.42,15.99,17.5,-1.5,-8.6
21-Dec-2015,20.46,21.42,17.1,19.47,15.99,3.47,21.72
22-Dec-2015,18.27,18.84,14.24,17.22,19.47,-2.25,-11.55
23-Dec-2015,18.05,19.32,15.82,18.01,17.22,0.79,4.61
24-Dec-2015,20.02,21.14,17.88,19.47,18.01,1.45,8.08
25-Dec-2015,21.34,20.88,18.35,20.76,19.47,1.29,6.62
28-Dec-2015,17.55,19.65,16.52,17.69,20.76,-3.07,-14.77
29-Dec-2015,17.25,20.01,16.3,17.45,17.69,-0.24,-1.34
30-Dec-2015,25.19,24.2,21.64,23.31,17.45,5.86,33.56
31-Dec-2015,21.54,20.38,17.4,19.57,23.31,-3.74,-16.03
01-Jan-2016,18.59,18.94,16.01,18.0,19.57,-1.57,-8.01
04-Jan-2016,19.61,21.63,17.03,19.52,18.0,1.51,8.41
05-Jan-2016,18.07,18.4,16.55,17.98,19.52,-1.53,-7.85
06-Jan-2016,20.4,21.63,17.8,19.21,17.98,1.23,6.82
07-Jan-2016,16.23,16.58,14.06,15.81,19.21,-3.4,-17.72
08-Jan-2016,13.77,16.24,11.64,13.24,15.81,-2.57,-16.24
11-Jan-2016,17.24,15.94,13.44,15.57,13.24,2.33,17.63
12-Jan-2016,20.25,20.71,19.33,20.38,15.57,4.81,30.87
13-Jan-2016,19.67,20.04,17.08,18.82,20.38,-1.56,-7.66
14-Jan-2016,18.64,17.72,15.69,17.61,18.82,-1.21,-6.44
15-Jan-2016,17.62,18.53,16.33,17.39,17.61,-0.21,-1.22
18-Jan-2016,21.75,23.82,20.2,21.04,17.39,3.65,20.96
19-Jan-2016,21.2,22.4,18.56,20.69,21.04,-0.34,-1.63
20-Jan-2016,13.43,16.73,12.82,15.2,20.69,-5.49,-26.55
21-Jan-2016,18.18,18.76,15.36,17.98,15.2,2.78,18.32
22-Jan-2016,18.49,22.05,17.64,19.32,17.98,1.34,7.44
25-Jan-2016,16.79,20.42,17.28,17.77,19.32,-1.56,-8.06
26-Jan-2016,15.58,18.83,14.05,16.25,17.77,-1.51,-8.52
27-Jan-2016,15.98,17.82,15.3,16.51,16.25,0.26,1.61
28-Jan-2016,19.95,19.1,18.5,19.09,16.51,2.58,15.63
29-Jan-2016,16.33,17.33,15.76,16.85,19.09,-2.24,-11.75
01-Feb-2016,15.63,17.26,14.12,16.39,16.85,-0.46,-2.74
02-Feb-2016,11.12,15.11,12.37,14.32,16.39,-2.07,-12.61
03-Feb-2016,14.78,14.73,11.74,14.49,14.32,0.16,1.15
04-Feb-2016,16.8,19.2,15.81,17.66,14.49,3.18,21.93
05-Feb-2016,21.13,19.96,16.98,19.12,17.66,1.46,8.26
08-Feb-2016,20.95,21.99,18.66,21.19,19.12,2.07,10.82
09-Feb-2016,22.02,24.94,21.66,22.45,21.19,1.26,5.96
10-Feb-2016,19.09,19.78,16.47,18.77,22.45,-3.68,-16.41
11-Feb-2016,14.88,17.52,13.68,15.3,18.77,-3.47,-18.51
12-Feb-2016,21.08,21.53,18.81,20.85,15.3,5.55,36.31
15-Feb-2016,14.69,16.42,13.09,15.42,20.85,-5.43,-26.02
16-Feb-2016,16.68,17.39,14.82,16.03,15.42,0.61,3.93
17-Feb-2016,19.18,20.99,18.79,20.13,16.03,4.1,25.59
18-Feb-2016,13.48,16.66,14.18,14.34,20.13,-5.79,-28.75
19-Feb-2016,18.41,19.15,17.11,18.77,14.34,4.42,30.82
22-Feb-2016,19.42,21.65,18.38,19.71,18.77,0.95,5.05
23-Feb-2016,15.76,19.84,15.0,17.23,19.71,-2.49,-12.61
24-Feb-2016,20.92,21.18,19.73,20.28,17.23,3.06,17.74
25-Feb-2016,18.55,21.52,17.01,19.52,20.28,-0.76,-3.74
26-Feb-2016,12.65,15.86,12.94,14.51,19.52,-5.02,-25.71
29-Feb-2016,14.78,16.56,12.74,15.05,14.51,0.54,3.75
01-Mar-2016,17.94,18.01,15.41,16.14,15.05,1.1,7.28
02-Mar-2016,21.68,21.31,17.88,19.27,16.14,3.12,19.36
03-Mar-2016,22.65,21.69,18.57,20.94,19.27,1.67,8.66
04-Mar-2016,20.33,20.15,14.72,17.48,20.94,-3.45,-16.5
07-Mar-2016,20.84,22.59,18.87,21.2,17.48,3.72,21.28
08-Mar-2016,18.0,17.89,15.52,17.53,21.2,-3.67,-17.3
09-Mar-2016,17.37,18.51,16.22,17.71,17.53,0.18,1.0
10-Mar-2016,18.2,19.27,16.17,17.44,17.71,-0.27,-1.54
11-Mar-2016,14.84,18.77,13.61,16.61,17.44,-0.83,-4.75
14-Mar-2016,17.97,19.39,17.81,18.82,16.61,2.21,13.33
15-Mar-2016,15.49,16.75,13.78,16.23,18.82,-2.59,-13.79
16-Mar-2016,15.12,15.0,14.65,14.98,16.23,-1.24,-7.67
17-Mar-2016,18.14,20.19,18.87,18.9,14.98,3.92,26.15
18-Mar-2016,17.8,20.54,16.95,18.09,18.9,-0.81,-4.3
21-Mar-2016,16.66,19.13,17.3,17.52,18.09,-0.57,-3.16
22-Mar-2016,11.79,13.76,12.66,13.27,17.52,-4.25,-24.24
23-Mar-2016,15.31,19.06,13.93,16.1,13.27,2.82,21.27
24-Mar-2016,18.34,20.39,16.99,19.12,16.1,3.02,18.77
25-Mar-2016,16.03,15.43,12.52,15.02,19.12,-4.1,-21.42
28-Mar-2016,19.46,19.6,17.17,19.36,15.02,4.34,28.9
29-Mar-2016,16.35,17.83,16.11,16.7,19.36,-2.66,-13.74
30-Mar-2016,13.41,18.17,13.24,15.26,16.7,-1.44,-8.64
31-Mar-2016,17.41,20.48,15.54,17.49,15.26,2.23,14.58
01-Apr-2016,15.27,14.97,13.82,14.87,17.49,-2.62,-14.99
04-Apr-2016,15.69,17.73,15.04,16.87,14.87,2.01,13.49
05-Apr-2016,21.03,20.83,19.95,20.32,16.87,3.45,20.46
06-Apr-2016,17.14,17.77,15.95,16.19,20.32,-4.13,-20.31
07-Apr-2016,20.79,21.24,16.8,18.96,16.19,2.76,17.06
08-Apr-2016,22.72,22.6,20.08,21.91,18.96,2.95,15.56
11-Apr-2016,19.32,20.66,16.05,18.74,21.91,-3.17,-14.47
12-Apr-2016,15.91,18.2,15.48,16.7,18.74,-2.04,-10.86
13-Apr-2016,20.88,20.82,18.97,19.81,16.7,3.11,18.61
14-Apr-2016,20.41,20.61,19.0,20.56,19.81,0.75,3.79
15-Apr-2016,20.08,19.62,16.07,17.76,20.56,-2.81,-13.66
18-Apr-2016,18.75,21.23,17.88,18.5,17.76,0.74,4.18
19-Apr-2016,19.82,20.48,18.01,18.34,18.5,-0.16,-0.87
20-Apr-2016,17.77,20.68,16.7,19.0,18.34,0.67,3.64
21-Apr-2016,14.96,18.72,16.02,16.14,19.0,-2.87,-15.08
22-Apr-2016,18.14,21.18,18.89,18.92,16.14,2.78,17.25
25-Apr-2016,18.73,18.45,15.48,18.3,18.92,-0.63,-3.31
26-Apr-2016,12.51,13.74,12.84,12.99,18.3,-5.31,-29.0
27-Apr-2016,20.25,19.19,16.81,17.99,12.99,5.0,38.48
28-Apr-2016,18.79,21.13,18.99,19.85,17.99,1.86,10.33
29-Apr-2016,15.89,15.57,14.23,15.02,19.85,-4.83,-24.34
02-May-2016,15.7,19.2,14.69,16.65,15.02,1.64,10.89
03-May-2016,21.26,22.27,19.36,21.91,16.65,5.26,31.58
04-May-2016,18.77,20.41,16.25,18.55,21.91,-3.36,-15.32
05-May-2016,18.86,20.36,15.45,17.41,18.55,-1.14,-6.14
06-May-2016,20.03,21.46,19.98,20.82,17.41,3.41,19.56
09-May-2016,18.85,18.36,15.33,18.04,20.82,-2.78,-13.35
10-May-2016,17.45,17.81,14.41,16.58,18.04,-1.46,-8.09
11-May-2016,17.3,18.51,15.71,17.95,16.58,1.37,8.26
12-May-2016,16.6,19.15,15.59,17.2,17.95,-0.75,-4.18
13-May-2016,22.72,23.83,23.25,23.39,17.2,6.19,35.98
16-May-2016,17.52,20.55,16.82,18.45,23.39,-4.93,-21.09
17-May-2016,18.28,19.29,16.67,18.6,18.45,0.14,0.78
18-May-2016,19.32,22.84,18.74,19.89,18.6,1.29,6.96
19-May-2016,18.06,21.33,18.44,20.02,19.89,0.13,0.64
20-May-2016,21.03,21.81,17.76,20.23,20.02,0.21,1.04
23-May-2016,16.59,17.47,14.75,16.42,20.23,-3.81,-18.81
24-May-2016,22.23,23.61,20.55,22.43,16.42,6.01,36.6
25-May-2016,20.78,23.21,17.78,20.59,22.43,-1.84,-8.21
26-May-2016,17.42,19.62,17.22,18.04,20.59,-2.55,-12.41
27-May-2016,12.01,15.06,10.9,13.39,18.04,-4.65,-25.76
30-May-2016,13.77,17.43,12.93,14.93,13.39,1.54,11.51
31-May-2016,15.5,17.21,15.19,16.36,14.93,1.43,9.57
01-Jun-2016,18.39,20.11,16.34,18.54,16.36,2.18,13.34
02-Jun-2016,17.98,18.19,15.37,16.84,18.54,-1.7,-9.18
03-Jun-2016,22.0,23.4,19.93,21.61,16.84,4.77,28.31
06-Jun-2016,13.61,14.05,10.9,13.65,21.61,-7.96,-36.84
07-Jun-2016,15.18,17.49,14.84,14.91,13.65,1.26,9.27
08-Jun-2016,21.13,22.68,20.51,20.85,14.91,5.94,39.85
09-Jun-2016,19.98,18.51,17.01,18.16,20.85,-2.69,-12.92
10-Jun-2016,17.6,20.08,18.26,18.81,18.16,0.65,3.58
13-Jun-2016,18.17,19.68,15.46,17.05,18.81,-1.76,-9.36
14-Jun-2016,21.19,24.4,21.65,21.76,17.05,4.71,27.64
15-Jun-2016,18.62,17.85,16.02,16.89,21.76,-4.87,-22.39
16-Jun-2016,14.21,14.85,14.29,14.32,16.89,-2.57,-15.2
17-Jun-2016,13.7,14.11,13.8,13.99,14.32,-0.34,-2.34
20-Jun-2016,19.84,21.97,18.59,19.79,13.99,5.81,41.52
21-Jun-2016,18.1,20.37,15.95,18.05,19.79,-1.74,-8.78
22-Jun-2016,15.51,18.45,14.14,16.68,18.05,-1.37,-7.61
23-Jun-2016,19.68,19.06,15.18,17.53,16.68,0.85,5.07
24-Jun-2016,17.46,18.83,15.16,15.85,17.53,-1.68,-9.56
27-Jun-2016,22.33,23.86,21.18,21.62,15.85,5.77,36.38
28-Jun-2016,18.14,18.87,15.44,16.72,21.62,-4.9,-22.65
29-Jun-2016,21.06,23.83,21.89,23.35,16.72,6.63,39.62
30-Jun-2016,18.82,20.16,14.8,17.7,23.35,-5.65,-24.2
01-Jul-2016,17.71,17.2,14.94,16.3,17.7,-1.4,-7.91
04-Jul-2016,15.57,15.98,14.0,15.25,16.3,-1.05,-6.42
05-Jul-2016,21.1,22.26,18.68,20.41,15.25,5.16,33.84
06-Jul-2016,13.48,16.58,11.4,13.78,20.41,-6.63,-32.48
07-Jul-2016,18.96,20.37,17.19,18.59,13.78,4.8,34.86
08-Jul-2016,18.77,20.77,16.02,18.33,18.59,-0.26,-1.39
11-Jul-2016,17.41,17.21,15.69,16.89,18.33,-1.44,-7.87
12-Jul-2016,21.22,23.61,19.48,20.9,16.89,4.02,23.79
13-Jul-2016,16.84,19.94,16.28,18.31,20.9,-2.59,-12.41
14-Jul-2016,16.74,18.18,15.03,17.66,18.31,-0.65,-3.56
15-Jul-2016,18.2,20.47,15.03,17.89,17.66,0.23,1.29
18-Jul-2016,17.11,19.83,14.72,16.92,17.89,-0.96,-5.37
19-Jul-2016,19.74,20.27,18.12,19.44,16.92,2.51,14.85
20-Jul-2016,18.54,21.01,15.66,18.27,19.44,-1.17,-5.99
21-Jul-2016,17.75,16.56,15.96,16.4,18.27,-1.87,-10.25
22-Jul-2016,12.34,17.46,12.57,14.49,16.4,-1.92,-11.68
25-Jul-2016,17.98,20.01,17.34,19.79,14.49,5.31,36.64
26-Jul-2016,22.63,25.19,21.03,22.62,19.79,2.83,14.27
27-Jul-2016,15.55,15.32,12.6,14.73,22.62,-7.88,-34.86
28-Jul-2016,18.98,22.25,16.67,19.26,14.73,4.53,30.73
29-Jul-2016,17.97,20.03,16.46,17.92,19.26,-1.34,-6.95
01-Aug-2016,18.38,21.78,17.76,18.83,17.92,0.91,5.07
02-Aug-2016,17.56,19.72,17.11,17.58,18.83,-1.26,-6.67
03-Aug-2016,19.75,20.04,17.61,19.97,17.58,2.4,13.64
04-Aug-2016,17.05,18.94,14.95,17.71,19.97,-2.26,-11.32
05-Aug-2016,19.18,21.04,18.33,18.42,17.71,0.71,4.01
08-Aug-2016,23.96,24.55,23.7,24.15,18.42,5.73,31.09
09-Aug-2016,15.76,18.83,16.73,17.01,24.15,-7.14,-29.57
10-Aug-2016,15.42,16.02,13.15,15.8,17.01,-1.21,-7.12
11-Aug-2016,17.64,16.7,14.71,16.21,15.8,0.41,2.61
12-Aug-2016,19.48,21.69,19.18,20.66,16.21,4.45,27.45
15-Aug-2016,13.46,18.04,14.01,15.47,20.66,-5.19,-25.13
16-Aug-2016,20.75,21.89,18.88,21.73,15.47,6.26,40.45
17-Aug-2016,19.21,21.72,17.87,19.46,21.73,-2.26,-10.42
18-Aug-2016,19.61,21.79,18.27,19.43,19.46,-0.03,-0.16
19-Aug-2016,20.1,20.07,18.2,18.97,19.43,-0.47,-2.39
22-Aug-2016,19.29,21.43,16.75,18.65,18.97,-0.32,-1.68
23-Aug-2016,19.72,22.63,19.17,20.1,18.65,1.45,7.78
24-Aug-2016,17.95,18.34,17.01,18.13,20.1,-1.97,-9.79
25-Aug-2016,18.0,19.61,16.55,17.0,18.13,-1.14,-6.28
26-Aug-2016,18.35,17.01,16.76,16.98,17.0,-0.02,-0.1
29-Aug-2016,20.26,22.28,20.23,21.03,16.98,4.05,23.86
30-Aug-2016,15.45,16.32,13.68,14.91,21.03,-6.12,-29.1
31-Aug-2016,15.58,17.59,16.01,16.79,14.91,1.88,12.62
01-Sep-2016,17.14,17.93,16.74,17.65,16.79,0.87,5.15
02-Sep-2016,15.45,16.14,14.84,14.95,17.65,-2.7,-15.29
05-Sep-2016,22.01,22.55,22.02,22.04,14.95,7.09,47.38
06-Sep-2016,21.89,22.03,18.96,20.41,22.04,-1.63,-7.39
07-Sep-2016,18.87,18.45,15.92,17.77,20.41,-2.64,-12.95
08-Sep-2016,19.11,18.45,16.69,18.32,17.77,0.55,3.08
09-Sep-2016,17.38,20.81,17.39,17.87,18.32,-0.45,-2.45
12-Sep-2016,21.58,23.28,19.38,21.04,17.87,3.18,17.78
13-Sep-2016,16.26,18.04,14.48,16.28,21.04,-4.76,-22.63
14-Sep-2016,18.62,19.28,16.56,18.96,16.28,2.67,16.41
15-Sep-2016,15.86,17.57,14.89,17.03,18.96,-1.93,-10.16
16-Sep-2016,16.0,15.94,12.66,14.16,17.03,-2.87,-16.85
19-Sep-2016,14.29,16.69,14.78,15.03,14.16,0.87,6.15
20-Sep-2016,17.94,19.73,18.68,19.71,15.03,4.68,31.13
21-Sep-2016,23.07,23.9,20.8,22.57,19.71,2.86,14.51
22-Sep-2016,18.05,18.36,14.91,17.51,22.57,-5.06,-22.41
23-Sep-2016,12.55,13.42,11.41,12.83,17.51,-4.68,-26.7
26-Sep-2016,17.03,18.18,17.91,17.93,12.83,5.1,39.72
27-Sep-2016,19.89,20.68,19.04,20.16,17.93,2.23,12.45
28-Sep-2016,17.66,20.28,17.5,19.6,20.16,-0.56,-2.79
29-Sep-2016,15.18,17.64,12.64,14.83,19.6,-4.78,-24.36
30-Sep-2016,14.33,15.22,11.79,14.75,14.83,-0.08,-0.55
03-Oct-2016,21.09,21.6,17.88,20.37,14.75,5.63,38.16
04-Oct-2016,17.18,18.58,15.91,16.95,20.37,-3.42,-16.78
05-Oct-2016,14.68,16.12,14.01,15.1,16.95,-1.85,-10.91
06-Oct-2016,18.19,18.42,16.68,18.35,15.1,3.25,21.53
07-Oct-2016,19.99,21.95,16.8,19.32,18.35,0.97,5.27
10-Oct-2016,16.32,20.43,16.23,17.7,19.32,-1.62,-8.38
11-Oct-2016,17.59,18.47,15.68,18.29,17.7,0.59,3.32
12-Oct-2016,17.51,17.07,14.58,16.5,18.29,-1.79,-9.78
13-Oct-2016,18.41,19.76,15.62,16.92,16.5,0.42,2.54
14-Oct-2016,17.5,18.93,16.22,18.44,16.92,1.52,9.01
17-Oct-2016,17.07,20.1,15.1,18.03,18.44,-0.41,-2.23
18-Oct-2016,10.32,15.07,13.58,13.88,18.03,-4.15,-23.01
19-Oct-2016,18.74,20.28,18.23,19.03,13.88,5.14,37.06
20-Oct-2016,20.31,21.57,18.44,19.52,19.03,0.5,2.61
21-Oct-2016,20.77,21.25,18.4,20.67,19.52,1.15,5.88
24-Oct-2016,19.08,19.7,17.25,18.57,20.67,-2.11,-10.19
25-Oct-2016,18.77,19.03,17.2,17.64,18.57,-0.93,-5.01
26-Oct-2016,22.03,23.81,20.3,22.52,17.64,4.89,27.72
27-Oct-2016,17.32,20.79,15.89,18.12,22.52,-4.41,-19.57
28-Oct-2016,14.56,17.94,12.98,15.57,18.12,-2.54,-14.04
31-Oct-2016,20.09,20.36,18.41,18.5,15.57,2.92,18.78
01-Nov-2016,20.16,19.4,17.91,18.91,18.5,0.42,2.25
02-Nov-2016,17.06,20.65,17.9,18.7,18.91,-0.21,-1.13
03-Nov-2016,15.64,15.87,15.27,15.41,18.7,-3.29,-17.61
04-Nov-2016,19.31,22.76,18.14,19.96,15.41,4.55,29.56
07-Nov-2016,17.88,20.77,18.63,18.75,19.96,-1.21,-6.08
08-Nov-2016,18.02,20.33,16.89,17.58,18.75,-1.17,-6.25
09-Nov-2016,14.97,17.05,16.01,16.21,17.58,-1.36,-7.76
10-Nov-2016,15.78,16.21,13.83,14.67,16.21,-1.55,-9.53
11-Nov-2016,18.16,19.93,16.71,18.5,14.67,3.83,26.12
14-Nov-2016,18.46,20.28,17.24,19.85,18.5,1.35,7.31
15-Nov-2016,18.18,19.78,15.17,18.08,19.85,-1.77,-8.91
16-Nov-2016,19.88,19.21,17.85,18.73,18.08,0.65,3.58
17-Nov-2016,18.63,19.58,16.55,18.32,18.73,-0.42,-2.22
18-Nov-2016,18.43,21.71,18.35,19.7,18.32,1.38,7.54
21-Nov-2016,18.26,20.86,17.74,19.33,19.7,-0.36,-1.84
22-Nov-2016,18.66,20.33,16.71,19.71,19.33,0.38,1.96
23-Nov-2016,19.86,23.23,21.15,21.32,19.71,1.61,8.15
24-Nov-2016,18.17,21.23,18.87,19.34,21.32,-1.98,-9.28
25-Nov-2016,20.31,21.56,18.81,21.15,19.34,1.81,9.35
28-Nov-2016,19.08,19.98,18.56,19.18,21.15,-1.97,-9.31
29-Nov-2016,17.69,18.33,16.55,18.32,19.18,-0.86,-4.47
30-Nov-2016,19.62,21.15,19.89,19.89,18.32,1.56,8.53
01-Dec-2016,15.15,16.41,14.06,14.42,19.89,-5.46,-27.48
02-Dec-2016,14.31,14.83,12.04,13.95,14.42,-0.47,-3.29
05-Dec-2016,18.58,20.88,18.32,18.68,13.95,4.73,33.91
06-Dec-2016,21.13,21.18,19.57,21.01,18.68,2.33,12.5
07-Dec-2016,19.67,23.37,20.15,20.4,21.01,-0.61,-2.89
08-Dec-2016,15.89,17.41,14.19,15.39,20.4,-5.02,-24.59
09-Dec-2016,20.77,21.48,19.66,19.93,15.39,4.54,29.53
12-Dec-2016,19.7,22.11,18.1,21.0,19.93,1.07,5.35
13-Dec-2016,19.21,20.51,17.58,20.16,21.0,-0.84,-4.0
14-Dec-2016,17.4,18.07,14.57,17.32,20.16,-2.84,-14.1
15-Dec-2016,19.57,22.73,19.18,20.2,17.32,2.88,16.66
16-Dec-2016,17.93,17.81,16.67,16.98,20.2,-3.22,-15.95
19-Dec-2016,19.67,21.54,18.15,18.78,16.98,1.8,10.6
20-Dec-2016,20.74,22.97,18.92,20.4,18.78,1.62,8.6
21-Dec-2016,17.57,17.49,16.06,16.52,20.4,-3.88,-19.02
22-Dec-2016,18.25,20.92,17.2,19.02,16.52,2.5,15.16
23-Dec-2016,17.6,20.17,16.0,17.77,19.02,-1.25,-6.56
26-Dec-2016,20.5,19.66,19.19,19.47,17.77,1.69,9.52
27-Dec-2016,16.72,18.04,13.48,16.13,19.47,-3.33,-17.13
28-Dec-2016,17.86,18.16,14.34,16.72,16.13,0.59,3.65
29-Dec-2016,18.47,20.3,17.49,18.24,16.72,1.52,9.11
30-Dec-2016,17.93,18.04,15.74,17.36,18.24,-0.88,-4.83
02-Jan-2017,15.82,18.12,15.95,16.32,17.36,-1.04,-5.99
03-Jan-2017,15.8,15.29,12.44,14.39,16.32,-1.93,-11.85
04-Jan-2017,11.9,16.1,12.8,13.47,14.39,-0.92,-6.4
05-Jan-2017,16.28,17.83,14.35,17.31,13.47,3.84,28.54
06-Jan-2017,14.46,16.5,11.85,14.42,17.31,-2.89,-16.68
09-Jan-2017,16.87,17.55,12.98,14.71,14.42,0.29,2.01
10-Jan-2017,13.66,15.85,12.98,13.05,14.71,-1.66,-11.29
11-Jan-2017,14.61,16.34,13.71,15.85,13.05,2.8,21.45
12-Jan-2017,21.37,22.78,19.7,21.0,15.85,5.15,32.46
13-Jan-2017,20.5,21.21,19.67,20.67,21.0,-0.32,-1.54
16-Jan-2017,18.07,22.83,18.49,19.85,20.67,-0.82,-3.97
17-Jan-2017,23.95,24.89,20.82,23.8,19.85,3.95,19.88
18-Jan-2017,17.5,18.8,18.32,18.49,23.8,-5.31,-22.32
19-Jan-2017,19.33,19.23,16.59,19.15,18.49,0.66,3.56
20-Jan-2017,15.91,20.58,16.08,18.07,19.15,-1.08,-5.64
23-Jan-2017,18.07,19.28,17.3,18.88,18.07,0.82,4.51
24-Jan-2017,20.18,21.28,17.58,19.93,18.88,1.04,5.53
25-Jan-2017,17.64,16.89,13.3,15.81,19.93,-4.12,-20.66
26-Jan-2017,16.82,18.05,14.63,17.15,15.81,1.34,8.44
27-Jan-2017,15.12,16.08,14.52,15.62,17.15,-1.53,-8.92
30-Jan-2017,20.74,20.62,19.95,20.13,15.62,4.51,28.89
31-Jan-2017,19.77,20.36,18.35,19.46,20.13,-0.66,-3.3
01-Feb-2017,17.86,19.19,17.2,18.17,19.46,-1.3,-6.67
02-Feb-2017,19.42,22.4,17.68,19.82,18.17,1.65,9.1
03-Feb-2017,11.76,14.21,10.41,12.77,19.82,-7.05,-35.58
06-Feb-2017,18.71,19.38,16.64,17.68,12.77,4.91,38.49
07-Feb-2017,23.35,22.66,21.18,22.43,17.68,4.75,26.86
08-Feb-2017,15.84,15.86,14.15,14.71,22.43,-7.72,-34.42
09-Feb-2017,16.72,18.53,17.18,17.56,14.71,2.85,19.38
10-Feb-2017,18.78,20.66,15.39,17.72,17.56,0.16,0.91
13-Feb-2017,15.81,19.57,15.7,16.57,17.72,-1.15,-6.49
14-Feb-2017,18.32,19.4,16.3,18.68,16.57,2.11,12.72
15-Feb-2017,12.76,17.19,13.83,14.49,18.68,-4.18,-22.41
16-Feb-2017,19.9,20.62,16.3,19.09,14.49,4.6,31.71
17-Feb-2017,16.43,19.04,15.77,16.24,19.09,-2.85,-14.91
20-Feb-2017,18.89,20.16,16.63,19.61,16.24,3.37,20.76
21-Feb-2017,15.46,16.42,14.47,15.08,19.61,-4.53,-23.1
22-Feb-2017,20.43,21.4,18.06,19.64,15.08,4.56,30.23
23-Feb-2017,21.5,24.69,21.23,21.87,19.64,2.23,11.33
24-Feb-2017,22.33,23.37,20.74,21.97,21.87,0.1,0.46
27-Feb-2017,18.48,21.16,18.81,19.88,21.97,-2.09,-9.52
28-Feb-2017,15.69,15.53,14.2,15.3,19.88,-4.58,-23.05
01-Mar-2017,16.31,17.42,13.95,15.75,15.3,0.46,3.0
02-Mar-2017,18.37,21.81,18.6,19.81,15.75,4.06,25.74
03-Mar-2017,16.4,18.88,14.26,16.52,19.81,-3.29,-16.61
06-Mar-2017,19.43,20.12,18.76,19.39,16.52,2.87,17.39
07-Mar-2017,14.53,18.29,13.86,16.1,19.39,-3.29,-16.98
08-Mar-2017,14.88,16.98,12.45,14.66,16.1,-1.44,-8.95
09-Mar-2017,18.47,21.01,16.27,18.6,14.66,3.94,26.88
10-Mar-2017,17.31,18.43,14.38,15.74,18.6,-2.86,-15.38
13-Mar-2017,21.21,24.6,22.39,23.04,15.74,7.3,46.37
14-Mar-2017,16.1,16.39,10.49,13.4,23.04,-9.63,-41.82
15-Mar-2017,17.58,17.8,15.68,17.73,13.4,4.33,32.27
16-Mar-2017,21.33,23.66,20.6,21.06,17.73,3.33,18.81
17-Mar-2017,20.93,24.31,21.53,22.74,21.06,1.68,7.96
20-Mar-2017,18.4,19.33,18.68,19.26,22.74,-3.48,-15.29
21-Mar-2017,19.11,21.2,16.82,18.53,19.26,-0.74,-3.82
22-Mar-2017,18.01,19.57,16.71,18.96,18.53,0.44,2.35
23-Mar-2017,19.45,20.58,18.04,19.61,18.96,0.65,3.43
24-Mar-2017,16.88,16.91,16.0,16.46,19.61,-3.15,-16.07
27-Mar-2017,16.75,19.69,16.24,17.08,16.46,0.62,3.74
28-Mar-2017,16.44,17.82,16.69,16.95,17.08,-0.13,-0.76
29-Mar-2017,15.7,17.27,14.43,16.02,16.95,-0.93,-5.49
30-Mar-2017,19.21,21.54,16.06,18.67,16.02,2.65,16.57
31-Mar-2017,11.74,13.26,12.16,12.32,18.67,-6.35,-33.99
03-Apr-2017,17.4,21.24,16.65,18.91,12.32,6.58,53.43
04-Apr-2017,15.2,16.29,13.51,14.86,18.91,-4.05,-21.4
05-Apr-2017,19.65,19.56,17.46,18.87,14.86,4.0,26.94
06-Apr-2017,18.22,20.06,17.84,19.01,18.87,0.15,0.78
07-Apr-2017,17.36,18.85,16.12,17.68,19.01,-1.33,-7.01
10-Apr-2017,17.63,19.03,14.36,16.46,17.68,-1.22,-6.9
11-Apr-2017,17.86,18.09,14.48,17.27,16.46,0.82,4.95
12-Apr-2017,19.78,20.92,16.24,18.72,17.27,1.44,8.36
13-Apr-2017,20.37,21.23,17.13,19.5,18.72,0.78,4.18
14-Apr-2017,15.28,18.17,12.77,15.19,19.5,-4.32,-22.13
17-Apr-2017,18.25,20.33,18.22,18.51,15.19,3.33,21.91
18-Apr-2017,18.65,21.18,16.47,19.19,18.51,0.68,3.65
19-Apr-2017,22.62,23.32,19.29,21.77,19.19,2.58,13.46
20-Apr-2017,16.19,18.79,15.05,16.73,21.77,-5.04,-23.17
21-Apr-2017,19.46,19.1,15.56,18.04,16.73,1.31,7.86
24-Apr-2017,21.27,21.56,18.12,20.87,18.04,2.83,15.68
25-Apr-2017,19.25,18.56,16.83,18.55,20.87,-2.32,-11.13
26-Apr-2017,13.06,15.23,12.25,14.38,18.55,-4.17,-22.46
27-Apr-2017,18.32,20.31,16.79,17.72,14.38,3.34,23.19
28-Apr-2017,15.95,18.21,14.17,16.48,17.72,-1.24,-7.01
01-May-2017,20.73,22.84,20.07,20.98,16.48,4.51,27.34
02-May-2017,14.4,14.62,12.94,14.32,20.98,-6.66,-31.74
03-May-2017,16.87,17.44,17.09,17.21,14.32,2.89,20.16
04-May-2017,18.18,18.84,16.55,18.29,17.21,1.08,6.3
05-May-2017,22.47,22.6,17.5,20.23,18.29,1.93,10.57
08-May-2017,23.34,23.53,20.61,21.66,20.23,1.43,7.07
09-May-2017,14.54,17.16,13.87,15.54,21.66,-6.12,-28.26
10-May-2017,12.48,16.95,12.26,13.96,15.54,-1.58,-10.15
11-May-2017,18.23,20.19,17.75,18.82,13.96,4.86,34.84
12-May-2017,19.64,18.5,17.42,18.08,18.82,-0.74,-3.94
15-May-2017,19.76,20.81,16.74,19.11,18.08,1.03,5.68
16-May-2017,15.97,16.7,13.26,15.64,19.11,-3.47,-18.14
17-May-2017,21.32,23.4,19.9,21.37,15.64,5.72,36.57
18-May-2017,14.4,17.13,14.8,15.26,21.37,-6.11,-28.59
19-May-2017,15.72,17.04,16.32,16.78,15.26,1.52,9.99
22-May-2017,19.64,20.13,16.68,18.04,16.78,1.25,7.48
23-May-2017,18.33,20.08,19.02,19.38,18.04,1.34,7.43
24-May-2017,16.49,20.74,15.09,17.85,19.38,-1.52,-7.85
25-May-2017,19.18,20.43,15.55,18.22,17.85,0.37,2.07
26-May-2017,20.8,21.46,17.63,19.88,18.22,1.66,9.1
29-May-2017,21.98,23.43,21.75,22.65,19.88,2.77,13.91
30-May-2017,15.51,19.97,14.61,17.01,22.65,-5.64,-24.9
31-May-2017,19.79,21.2,17.54,18.92,17.01,1.9,11.2
01-Jun-2017,24.76,24.43,23.14,23.63,18.92,4.71,24.91
02-Jun-2017,18.76,21.86,16.29,19.25,23.63,-4.38,-18.54
05-Jun-2017,15.84,17.11,14.76,16.23,19.25,-3.02,-15.7
06-Jun-2017,12.54,15.06,12.14,13.93,16.23,-2.29,-14.14
07-Jun-2017,17.0,19.05,13.61,16.29,13.93,2.36,16.91
08-Jun-2017,11.98,12.8,10.69,10.71,16.29,-5.58,-34.27
09-Jun-2017,17.36,17.91,16.44,17.76,10.71,7.05,65.85
12-Jun-2017,18.05,20.62,17.8,18.73,17.76,0.97,5.46
13-Jun-2017,16.73,16.33,14.22,15.83,18.73,-2.9,-15.48
14-Jun-2017,19.22,21.46,17.42,18.64,15.83,2.81,17.77
15-Jun-2017,14.58,15.44,11.7,13.74,18.64,-4.9,-26.29
16-Jun-2017,17.6,19.11,16.38,18.29,13.74,4.55,33.12
19-Jun-2017,21.98,23.95,21.58,21.83,18.29,3.54,19.34
20-Jun-2017,18.71,19.97,17.6,18.5,21.83,-3.33,-15.26
21-Jun-2017,16.45,18.0,12.62,15.52,18.5,-2.97,-16.07
22-Jun-2017,22.47,21.8,20.37,20.87,15.52,5.35,34.47
23-Jun-2017,15.73,17.5,13.39,14.98,20.87,-5.89,-28.23
26-Jun-2017,21.45,22.48,21.51,21.95,14.98,6.97,46.53
27-Jun-2017,18.13,17.1,15.16,16.77,21.95,-5.18,-23.61
28-Jun-2017,16.46,20.52,16.44,17.72,16.77,0.95,5.66
29-Jun-2017,20.53,23.6,19.08,20.67,17.72,2.96,16.69
30-Jun-2017,18.33,18.68,18.08,18.16,20.67,-2.52,-12.17
03-Jul-2017,16.9,18.95,15.02,17.32,18.16,-0.84,-4.62
04-Jul-2017,16.19,18.21,14.6,17.23,17.32,-0.09,-0.5
05-Jul-2017,21.16,22.88,18.57,20.36,17.23,3.13,18.16
06-Jul-2017,22.22,22.6,20.43,22.36,20.36,2.0,9.83
07-Jul-2017,18.47,18.38,16.46,17.29,22.36,-5.07,-22.69
10-Jul-2017,17.61,20.69,17.57,18.72,17.29,1.43,8.29
11-Jul-2017,16.38,19.44,15.46,17.6,18.72,-1.12,-6.01
12-Jul-2017,19.27,21.61,18.38,19.98,17.6,2.38,13.55
13-Jul-2017,20.34,20.07,16.8,19.4,19.98,-0.58,-2.91
14-Jul-2017,18.54,20.24,17.74,18.87,19.4,-0.53,-2.71
17-Jul-2017,17.4,20.38,18.54,18.97,18.87,0.1,0.52
18-Jul-2017,19.03,21.68,17.7,18.87,18.97,-0.1,-0.54
19-Jul-2017,15.21,18.78,13.37,15.81,18.87,-3.05,-16.19
20-Jul-2017,16.28,18.9,14.85,17.59,15.81,1.78,11.23
21-Jul-2017,17.95,17.76,15.1,16.37,17.59,-1.22,-6.92
24-Jul-2017,17.19,17.22,14.79,16.65,16.37,0.28,1.71
25-Jul-2017,15.28,15.53,13.29,14.65,16.65,-2.0,-12.01
26-Jul-2017,20.3,20.58,18.7,19.42,14.65,4.77,32.54
27-Jul-2017,13.77,14.35,11.41,14.02,19.42,-5.4,-27.82
28-Jul-2017,20.03,20.96,18.17,19.26,14.02,5.24,37.37
31-Jul-2017,18.33,20.68,15.81,17.84,19.26,-1.41,-7.34
01-Aug-2017,19.36,20.62,18.14,18.48,17.84,0.64,3.56
02-Aug-2017,17.4,20.72,16.32,17.73,18.48,-0.75,-4.07
03-Aug-2017,18.98,18.82,15.2,16.9,17.73,-0.83,-4.66
04-Aug-2017,18.49,21.28,17.99,18.75,16.9,1.85,10.94
07-Aug-2017,17.9,18.22,15.45,18.22,18.75,-0.53,-2.84
08-Aug-2017,20.08,22.21,19.62,20.08,18.22,1.86,10.23
09-Aug-2017,20.81,23.93,18.98,21.78,20.08,1.7,8.45
10-Aug-2017,17.08,17.24,15.08,16.32,21.78,-5.45,-25.04
11-Aug-2017,18.97,20.88,17.25,18.84,16.32,2.52,15.43
14-Aug-2017,19.54,20.65,15.79,18.14,18.84,-0.7,-3.71
15-Aug-2017,14.21,16.39,11.86,14.17,18.14,-3.97,-21.87
16-Aug-2017,17.02,17.23,13.52,16.26,14.17,2.09,14.74
17-Aug-2017,18.63,21.05,15.62,18.11,16.26,1.85,11.34
18-Aug-2017,18.77,20.85,17.15,19.55,18.11,1.44,7.97
21-Aug-2017,20.49,23.27,19.85,20.83,19.55,1.28,6.54
22-Aug-2017,19.09,22.47,17.86,20.37,20.83,-0.46,-2.19
23-Aug-2017,22.9,22.27,21.91,22.09,20.37,1.71,8.41
24-Aug-2017,17.83,19.65,17.05,17.78,22.09,-4.31,-19.5
25-Aug-2017,18.98,20.11,16.97,19.04,17.78,1.26,7.09
28-Aug-2017,18.73,19.51,15.51,18.02,19.04,-1.02,-5.37
29-Aug-2017,19.54,20.82,17.99,20.52,18.02,2.5,13.9
30-Aug-2017,15.6,15.99,14.07,15.91,20.52,-4.61,-22.45
31-Aug-2017,11.83,14.03,11.86,13.42,15.91,-2.49,-15.65
01-Sep-2017,16.44,17.19,14.58,16.31,13.42,2.89,21.51
04-Sep-2017,13.1,17.07,13.66,15.49,16.31,-0.82,-5.01
05-Sep-2017,17.07,20.15,17.1,17.45,15.49,1.96,12.66
06-Sep-2017,14.31,15.61,14.75,14.87,17.45,-2.59,-14.82
07-Sep-2017,22.08,23.13,21.73,21.99,14.87,7.13,47.94
08-Sep-2017,16.87,17.25,13.9,16.66,21.99,-5.34,-24.26
11-Sep-2017,14.97,16.39,13.92,15.06,16.66,-1.6,-9.59
12-Sep-2017,15.96,16.3,14.17,15.43,15.06,0.37,2.45
13-Sep-2017,19.07,22.03,17.87,19.49,15.43,4.06,26.31
14-Sep-2017,17.9,20.44,15.71,17.45,19.49,-2.04,-10.46
15-Sep-2017,21.5,21.6,20.2,21.49,17.45,4.04,23.18
18-Sep-2017,14.72,16.96,13.91,15.67,21.49,-5.82,-27.08
19-Sep-2017,14.65,18.23,13.05,15.46,15.67,-0.21,-1.35
20-Sep-2017,18.15,20.05,16.04,18.3,15.46,2.84,18.34
21-Sep-2017,17.44,19.28,14.55,17.4,18.3,-0.89,-4.88
22-Sep-2017,20.54,21.93,18.92,20.63,17.4,3.23,18.56
25-Sep-2017,21.63,22.83,20.39,20.56,20.63,-0.07,-0.35
26-Sep-2017,18.28,19.23,16.12,18.88,20.56,-1.68,-8.17
27-Sep-2017,20.93,21.37,18.93,20.32,18.88,1.44,7.62
28-Sep-2017,17.91,19.36,15.34,17.22,20.32,-3.1,-15.23
29-Sep-2017,20.64,22.21,18.79,19.72,17.22,2.49,14.47
02-Oct-2017,19.07,18.88,16.54,18.47,19.72,-1.24,-6.3
03-Oct-2017,17.74,18.82,13.14,15.84,18.47,-2.64,-14.28
04-Oct-2017,20.83,22.13,18.53,21.11,15.84,5.28,33.33
05-Oct-2017,17.83,17.63,16.33,16.88,21.11,-4.23,-20.05
06-Oct-2017,20.75,21.34,20.43,21.25,16.88,4.37,25.88
09-Oct-2017,19.52,20.49,19.68,19.7,21.25,-1.55,-7.29
10-Oct-2017,18.77,18.74,17.46,18.32,19.7,-1.38,-7.0
11-Oct-2017,17.29,18.85,17.87,18.23,18.32,-0.1,-0.52
12-Oct-2017,22.16,23.68,21.94,22.28,18.23,4.05,22.23
13-Oct-2017,19.01,21.03,17.21,18.68,22.28,-3.59,-16.14
16-Oct-2017,14.52,15.74,13.8,14.11,18.68,-4.58,-24.49
17-Oct-2017,17.38,20.35,16.8,17.39,14.11,3.29,23.3
18-Oct-2017,16.17,19.71,15.45,17.66,17.39,0.26,1.51
19-Oct-2017,19.22,18.74,17.04,17.83,17.66,0.17,0.95
20-Oct-2017,22.76,24.23,20.76,23.3,17.83,5.47,30.69
23-Oct-2017,15.44,17.96,17.31,17.56,23.3,-5.73,-24.61
24-Oct-2017,17.23,18.17,14.07,16.61,17.56,-0.95,-5.43
25-Oct-2017,18.24,21.02,17.83,18.07,16.61,1.46,8.81
26-Oct-2017,12.7,16.32,11.69,14.5,18.07,-3.58,-19.79
27-Oct-2017,18.54,20.73,17.83,18.71,14.5,4.21,29.04
30-Oct-2017,19.62,21.67,18.26,20.89,18.71,2.18,11.66
31-Oct-2017,17.4,20.67,16.21,17.69,20.89,-3.19,-15.3
01-Nov-2017,21.12,22.1,21.46,21.91,17.69,4.21,23.82
02-Nov-2017,15.38,17.85,16.59,16.88,21.91,-5.02,-22.93
03-Nov-2017,19.87,19.85,15.39,17.77,16.88,0.89,5.24
06-Nov-2017,17.39,16.88,15.11,16.87,17.77,-0.9,-5.04
07-Nov-2017,13.84,13.72,13.55,13.67,16.87,-3.2,-18.98
08-Nov-2017,19.68,21.78,18.13,18.96,13.67,5.29,38.7
09-Nov-2017,19.17,21.49,18.56,18.67,18.96,-0.29,-1.54
10-Nov-2017,18.96,21.61,19.84,20.02,18.67,1.35,7.23
13-Nov-2017,17.66,19.19,15.04,17.47,20.02,-2.54,-12.71
14-Nov-2017,19.4,19.83,16.99,18.23,17.47,0.76,4.35
15-Nov-2017,17.55,20.51,17.06,17.65,18.23,-0.58,-3.18
16-Nov-2017,17.74,20.05,16.59,18.48,17.65,0.83,4.7
17-Nov-2017,18.52,20.74,15.82,18.47,18.48,-0.01,-0.07
20-Nov-2017,15.79,17.86,14.31,16.69,18.47,-1.78,-9.63
21-Nov-2017,17.94,18.9,13.95,16.79,16.69,0.1,0.59
22-Nov-2017,19.68,21.14,17.77,18.18,16.79,1.39,8.26
23-Nov-2017,14.81,17.37,13.12,14.82,18.18,-3.35,-18.45
24-Nov-2017,19.6,19.15,17.11,18.71,14.82,3.89,26.25
27-Nov-2017,17.72,18.04,17.16,17.77,18.71,-0.94,-5.05
28-Nov-2017,17.61,21.04,17.06,18.16,17.77,0.39,2.22
29-Nov-2017,16.23,17.01,15.26,16.35,18.16,-1.82,-10.01
30-Nov-2017,18.02,17.39,15.08,17.11,16.35,0.76,4.65
01-Dec-2017,19.8,20.79,16.86,19.71,17.11,2.6,15.21
04-Dec-2017,22.84,21.55,20.41,21.24,19.71,1.54,7.8
05-Dec-2017,17.92,20.39,18.05,18.06,21.24,-3.18,-14.97
06-Dec-2017,21.06,22.91,20.16,20.37,18.06,2.3,12.75
07-Dec-2017,15.16,16.53,14.55,16.36,20.37,-4.01,-19.67
08-Dec-2017,14.45,17.41,12.23,15.09,16.36,-1.26,-7.73
11-Dec-2017,18.91,21.23,19.38,20.33,15.09,5.24,34.69
12-Dec-2017,15.45,18.06,15.06,15.16,20.33,-5.17,-25.45
13-Dec-2017,15.01,18.88,15.46,16.26,15.16,1.1,7.26
14-Dec-2017,20.76,22.55,20.56,21.64,16.26,5.39,33.15
15-Dec-2017,12.57,14.12,10.47,12.48,21.64,-9.17,-42.35
18-Dec-2017,17.6,19.99,15.25,17.58,12.48,5.11,40.93
19-Dec-2017,19.27,19.94,16.93,17.74,17.58,0.15,0.86
20-Dec-2017,20.39,19.32,18.33,19.1,17.74,1.37,7.71
21-Dec-2017,16.52,20.06,15.91,18.86,19.1,-0.24,-1.26
22-Dec-2017,23.55,24.58,19.92,22.37,18.86,3.51,18.59
25-Dec-2017,14.0,17.02,12.25,14.1,22.37,-8.27,-36.98
26-Dec-2017,20.88,22.0,18.42,20.44,14.1,6.34,44.99
27-Dec-2017,14.94,17.14,15.34,15.6,20.44,-4.85,-23.7
28-Dec-2017,17.35,18.03,16.22,17.19,15.6,1.59,10.23
29-Dec-2017,16.06,16.27,12.49,14.4,17.19,-2.8,-16.26
01-Jan-2018,15.82,18.46,14.43,16.36,14.4,1.96,13.63
02-Jan-2018,17.44,17.94,16.36,17.43,16.36,1.08,6.58
03-Jan-2018,15.87,16.26,14.89,15.67,17.43,-1.77,-10.14
04-Jan-2018,13.4,17.91,14.53,15.07,15.67,-0.6,-3.83
05-Jan-2018,15.79,17.69,13.73,16.06,15.07,0.99,6.59
08-Jan-2018,16.72,21.67,19.19,19.78,16.06,3.72,23.18
09-Jan-2018,17.1,19.08,13.25,16.22,19.78,-3.56,-17.99
10-Jan-2018,19.06,22.4,19.41,19.66,16.22,3.44,21.17
11-Jan-2018,16.7,16.91,15.34,16.43,19.66,-3.23,-16.42
12-Jan-2018,21.29,23.29,21.85,21.88,16.43,5.45,33.19
15-Jan-2018,15.26,15.91,14.28,15.58,21.88,-6.31,-28.82
16-Jan-2018,17.5,19.72,14.44,16.78,15.58,1.2,7.72
17-Jan-2018,19.7,21.65,18.32,20.55,16.78,3.77,22.45
18-Jan-2018,17.44,19.47,17.01,18.81,20.55,-1.74,-8.46
19-Jan-2018,19.46,20.81,16.21,18.62,18.81,-0.18,-0.98
22-Jan-2018,13.33,13.34,9.99,12.79,18.62,-5.83,-31.32
23-Jan-2018,18.14,20.35,17.42,19.78,12.79,6.99,54.63
24-Jan-2018,20.24,21.48,17.58,20.15,19.78,0.37,1.88
25-Jan-2018,20.15,20.98,20.26,20.78,20.15,0.63,3.13
26-Jan-2018,23.01,25.62,20.8,23.32,20.78,2.54,12.21
29-Jan-2018,14.18,16.78,13.73,14.28,23.32,-9.04,-38.78
30-Jan-2018,14.98,17.25,14.96,15.13,14.28,0.86,5.99
31-Jan-2018,19.16,22.93,19.7,20.31,15.13,5.18,34.21
01-Feb-2018,15.71,16.18,13.53,14.75,20.31,-5.56,-27.38
02-Feb-2018,19.76,19.27,16.62,18.72,14.75,3.97,26.9
05-Feb-2018,15.76,16.94,12.19,14.93,18.72,-3.79,-20.26
06-Feb-2018,18.57,21.61,16.59,18.79,14.93,3.86,25.87
07-Feb-2018,21.54,20.41,17.77,20.2,18.79,1.41,7.5
08-Feb-2018,16.49,20.81,17.33,18.03,20.2,-2.17,-10.74
09-Feb-2018,16.72,17.34,14.14,14.83,18.03,-3.2,-17.73
12-Feb-2018,19.28,19.71,18.5,19.63,14.83,4.8,32.35
13-Feb-2018,15.93,17.44,13.77,16.7,19.63,-2.93,-14.93
14-Feb-2018,18.12,18.57,15.75,17.53,16.7,0.83,4.99
15-Feb-2018,17.81,19.51,16.05,18.8,17.53,1.26,7.2
16-Feb-2018,24.83,27.18,24.02,24.82,18.8,6.03,32.06
19-Feb-2018,17.41,20.38,18.39,19.41,24.82,-5.41,-21.8
20-Feb-2018,17.72,18.93,16.03,17.91,19.41,-1.5,-7.73
21-Feb-2018,19.64,21.52,16.3,18.73,17.91,0.82,4.6
22-Feb-2018,16.65,16.68,14.12,16.22,18.73,-2.51,-13.4
23-Feb-2018,15.84,18.55,15.86,16.07,16.22,-0.16,-0.96
26-Feb-2018,20.28,22.91,19.65,20.18,16.07,4.11,25.61
27-Feb-2018,17.54,17.49,15.06,17.19,20.18,-2.99,-14.8
28-Feb-2018,17.19,18.09,14.22,15.39,17.19,-1.81,-10.52
01-Mar-2018,14.24,16.58,13.49,15.67,15.39,0.29,1.86
02-Mar-2018,24.41,22.3,19.3,20.69,15.67,5.01,32.0
05-Mar-2018,23.45,23.86,21.07,21.5,20.69,0.81,3.92
06-Mar-2018,22.68,25.6,20.47,22.79,21.5,1.29,6.0
07-Mar-2018,17.94,19.63,14.8,17.46,22.79,-5.33,-23.4
08-Mar-2018,17.85,21.89,18.33,19.41,17.46,1.95,11.2
09-Mar-2018,17.15,17.78,14.9,17.36,19.41,-2.05,-10.58
12-Mar-2018,19.92,21.41,16.63,18.8,17.36,1.44,8.28
13-Mar-2018,18.33,18.74,14.55,16.5,18.8,-2.3,-12.21
14-Mar-2018,15.91,17.02,14.03,15.48,16.5,-1.02,-6.19
15-Mar-2018,17.03,19.73,14.96,17.36,15.48,1.89,12.19
16-Mar-2018,17.33,18.47,15.36,17.31,17.36,-0.06,-0.34
19-Mar-2018,18.25,18.14,15.17,17.21,17.31,-0.1,-0.57
20-Mar-2018,16.34,17.79,14.9,15.87,17.21,-1.34,-7.77
21-Mar-2018,16.34,15.79,11.75,14.57,15.87,-1.3,-8.21
22-Mar-2018,16.98,18.05,16.25,16.87,14.57,2.31,15.83
23-Mar-2018,17.08,19.15,15.7,17.46,16.87,0.59,3.48
26-Mar-2018,17.05,19.79,17.17,17.23,17.46,-0.23,-1.29
27-Mar-2018,20.41,21.08,18.41,19.8,17.23,2.57,14.91
28-Mar-2018,19.09,21.8,17.75,19.81,19.8,0.0,0.01
29-Mar-2018,19.23,18.82,15.48,18.07,19.81,-1.73,-8.76
30-Mar-2018,18.53,20.86,19.19,19.23,18.07,1.16,6.4
02-Apr-2018,18.58,20.71,17.99,18.51,19.23,-0.71,-3.71
03-Apr-2018,16.5,18.61,15.62,16.06,18.51,-2.45,-13.23
04-Apr-2018,17.31,19.59,17.37,17.61,16.06,1.55,9.64
05-Apr-2018,17.51,18.58,16.41,18.54,17.61,0.92,5.24
06-Apr-2018,18.18,18.06,16.18,16.43,18.54,-2.11,-11.39
09-Apr-2018,14.3,15.83,13.76,15.25,16.43,-1.18,-7.17
10-Apr-2018,16.99,17.91,16.07,16.82,15.25,1.57,10.29
11-Apr-2018,18.51,20.0,19.37,19.93,16.82,3.11,18.48
12-Apr-2018,14.03,16.66,13.64,14.35,19.93,-5.57,-27.96
13-Apr-2018,17.19,18.95,16.01,17.39,14.35,3.03,21.14
16-Apr-2018,19.41,19.57,16.81,19.33,17.39,1.94,11.14
17-Apr-2018,14.48,16.48,13.64,14.49,19.33,-4.84,-25.02
18-Apr-2018,22.34,21.48,19.42,20.38,14.49,5.89,40.66
19-Apr-2018,16.88,17.21,14.1,16.52,20.38,-3.86,-18.95
20-Apr-2018,16.99,19.48,14.55,17.3,16.52,0.78,4.72
23-Apr-2018,21.21,21.24,19.18,19.38,17.3,2.08,12.02
24-Apr-2018,18.24,19.73,16.94,17.8,19.38,-1.58,-8.14
25-Apr-2018,22.25,23.24,20.44,22.32,17.8,4.52,25.39
26-Apr-2018,17.68,19.97,17.0,18.64,22.32,-3.68,-16.47
27-Apr-2018,21.11,21.43,18.98,20.02,18.64,1.37,7.37
30-Apr-2018,14.69,19.26,16.11,16.7,20.02,-3.32,-16.59
01-May-2018,16.73,19.14,13.61,16.5,16.7,-0.2,-1.19
02-May-2018,21.86,21.16,20.42,21.04,16.5,4.54,27.52
03-May-2018,18.33,20.47,17.29,18.02,21.04,-3.02,-14.35
04-May-2018,18.0,19.04,15.65,17.77,18.02,-0.25,-1.4
07-May-2018,14.01,16.35,14.35,15.59,17.77,-2.18,-12.26
08-May-2018,16.34,14.96,12.33,14.7,15.59,-0.89,-5.71
09-May-2018,22.55,23.06,21.52,23.05,14.7,8.35,56.81
10-May-2018,17.55,18.96,16.44,17.84,23.05,-5.21,-22.58
11-May-2018,17.58,19.9,16.12,17.37,17.84,-0.48,-2.68
14-May-2018,20.4,19.8,15.97,18.86,17.37,1.49,8.58
15-May-2018,14.51,18.05,15.89,16.45,18.86,-2.41,-12.76
16-May-2018,16.8,17.16,13.88,15.6,16.45,-0.85,-5.19
17-May-2018,17.53,19.79,16.19,17.71,15.6,2.12,13.57
18-May-2018,16.78,17.76,13.3,15.61,17.71,-2.1,-11.88
21-May-2018,15.92,17.65,15.8,16.55,15.61,0.94,6.01
22-May-2018,16.02,16.93,14.23,15.23,16.55,-1.32,-7.98
23-May-2018,18.1,19.96,15.96,18.89,15.23,3.66,24.06
24-May-2018,20.71,23.41,18.66,20.53,18.89,1.65,8.71
25-May-2018,19.94,18.14,16.48,18.14,20.53,-2.4,-11.68
28-May-2018,17.93,17.54,14.47,17.12,18.14,-1.01,-5.58
29-May-2018,22.09,24.04,19.13,22.0,17.12,4.87,28.44
30-May-2018,15.53,15.91,14.5,15.2,22.0,-6.8,-30.9
31-May-2018,15.91,16.78,15.87,16.6,15.2,1.4,9.2
01-Jun-2018,14.67,16.25,13.8,14.93,16.6,-1.67,-10.06
04-Jun-2018,14.43,14.84,12.34,13.57,14.93,-1.35,-9.07
05-Jun-2018,20.77,22.22,18.94,20.49,13.57,6.92,50.98
06-Jun-2018,21.88,21.99,21.0,21.18,20.49,0.69,3.37
07-Jun-2018,17.05,17.81,16.14,16.76,21.18,-4.43,-20.9
08-Jun-2018,17.41,19.13,14.6,16.59,16.76,-0.16,-0.98
11-Jun-2018,20.36,22.3,17.03,19.58,16.59,2.99,18.0
12-Jun-2018,17.41,18.75,15.22,16.98,19.58,-2.6,-13.27
13-Jun-2018,22.82,23.3,18.77,21.63,16.98,4.65,27.38
14-Jun-2018,15.09,16.83,14.57,15.99,21.63,-5.64,-26.1
15-Jun-2018,14.26,16.04,11.98,14.89,15.99,-1.09,-6.83
18-Jun-2018,17.37,19.87,15.95,17.7,14.89,2.81,18.84
19-Jun-2018,16.73,17.15,13.23,15.98,17.7,-1.72,-9.73
20-Jun-2018,12.58,14.41,12.77,12.87,15.98,-3.11,-19.44
21-Jun-2018,18.18,18.62,15.89,18.51,12.87,5.64,43.8
22-Jun-2018,19.97,20.86,18.22,18.35,18.51,-0.16,-0.87
25-Jun-2018,15.04,15.4,14.34,14.65,18.35,-3.7,-20.16
26-Jun-2018,17.79,19.92,18.37,19.31,14.65,4.66,31.82
27-Jun-2018,18.35,19.28,14.6,17.07,19.31,-2.24,-11.58
28-Jun-2018,21.12,20.84,17.35,20.19,17.07,3.12,18.25
29-Jun-2018,8.49,10.9,8.26,10.17,20.19,-10.02,-49.62
02-Jul-2018,20.6,23.58,18.98,20.89,10.17,10.72,105.36
03-Jul-2018,19.18,19.29,16.91,18.99,20.89,-1.9,-9.07
04-Jul-2018,18.85,21.98,18.59,20.28,18.99,1.29,6.77
05-Jul-2018,16.83,19.81,17.25,18.01,20.28,-2.27,-11.18
06-Jul-2018,13.97,17.02,11.72,14.58,18.01,-3.43,-19.04
09-Jul-2018,17.72,18.18,14.17,16.12,14.58,1.54,10.57
10-Jul-2018,15.9,17.48,13.14,15.15,16.12,-0.98,-6.05
11-Jul-2018,19.27,19.85,16.52,19.03,15.15,3.88,25.59
12-Jul-2018,14.73,15.59,13.36,15.47,19.03,-3.56,-18.7
13-Jul-2018,18.14,21.63,18.08,18.8,15.47,3.33,21.51
16-Jul-2018,20.23,20.53,18.02,19.81,18.8,1.01,5.37
17-Jul-2018,19.43,21.05,16.78,18.06,19.81,-1.75,-8.83
18-Jul-2018,24.9,25.26,21.14,23.13,18.06,5.08,28.11
19-Jul-2018,16.1,17.58,14.54,15.45,23.13,-7.68,-33.22
20-Jul-2018,14.32,13.77,12.31,13.32,15.45,-2.13,-13.77
23-Jul-2018,17.42,20.04,15.5,17.63,13.32,4.31,32.36
24-Jul-2018,18.64,21.8,17.68,19.35,17.63,1.72,9.78
25-Jul-2018,19.34,20.05,17.72,18.27,19.35,-1.08,-5.6
26-Jul-2018,23.7,23.39,21.49,23.32,18.27,5.05,27.66
27-Jul-2018,23.99,22.66,20.66,22.12,23.32,-1.21,-5.18
30-Jul-2018,19.92,21.22,19.19,20.16,22.12,-1.95,-8.84
31-Jul-2018,16.22,19.25,14.72,17.03,20.16,-3.13,-15.55
01-Aug-2018,15.55,16.75,13.81,15.64,17.03,-1.39,-8.16
02-Aug-2018,17.67,19.2,15.32,17.52,15.64,1.88,12.03
03-Aug-2018,19.89,22.79,17.98,20.43,17.52,2.91,16.59
06-Aug-2018,20.27,21.81,19.14,19.7,20.43,-0.72,-3.54
07-Aug-2018,17.77,21.54,16.09,18.67,19.7,-1.03,-5.22
08-Aug-2018,15.95,17.08,13.43,15.41,18.67,-3.26,-17.45
09-Aug-2018,14.11,15.47,14.41,15.34,15.41,-0.07,-0.49
10-Aug-2018,17.04,18.29,17.52,17.82,15.34,2.48,16.18
13-Aug-2018,22.98,26.24,23.1,23.46,17.82,5.64,31.66
14-Aug-2018,18.51,18.18,15.1,17.07,23.46,-6.4,-27.26
15-Aug-2018,14.87,15.29,13.88,15.05,17.07,-2.02,-11.83
16-Aug-2018,19.23,22.68,17.44,20.2,15.05,5.15,34.22
17-Aug-2018,18.89,19.8,16.49,17.97,20.2,-2.23,-11.04
20-Aug-2018,17.49,16.77,13.91,16.23,17.97,-1.74,-9.67
21-Aug-2018,20.95,23.21,20.36,20.47,16.23,4.23,26.06
22-Aug-2018,13.69,15.78,13.34,14.02,20.47,-6.45,-31.5
23-Aug-2018,19.29,21.55,18.45,19.03,14.02,5.01,35.74
24-Aug-2018,13.15,15.25,13.66,14.37,19.03,-4.66,-24.47
27-Aug-2018,16.27,18.64,15.95,17.39,14.37,3.02,20.99
28-Aug-2018,17.89,17.37,14.21,16.89,17.39,-0.5,-2.89
29-Aug-2018,17.18,19.52,13.87,16.83,16.89,-0.05,-0.32
30-Aug-2018,18.48,20.14,16.38,19.22,16.83,2.39,14.18
31-Aug-2018,19.62,21.55,17.47,19.0,19.22,-0.22,-1.15
03-Sep-2018,15.05,18.56,14.91,16.2,19.0,-2.8,-14.75
04-Sep-2018,17.99,20.66,15.82,18.04,16.2,1.84,11.37
05-Sep-2018,18.05,18.25,15.18,17.29,18.04,-0.75,-4.17
06-Sep-2018,13.93,16.76,14.34,14.87,17.29,-2.42,-14.01
07-Sep-2018,19.63,19.26,18.47,18.56,14.87,3.7,24.89
10-Sep-2018,19.15,20.84,17.65,19.82,18.56,1.26,6.78
11-Sep-2018,22.45,23.78,19.24,22.02,19.82,2.2,11.1
12-Sep-2018,15.33,18.14,13.6,16.23,22.02,-5.8,-26.32
13-Sep-2018,17.59,18.92,15.53,17.55,16.23,1.32,8.16
14-Sep-2018,13.51,16.47,14.67,15.2,17.55,-2.35,-13.4
17-Sep-2018,21.29,23.46,20.28,21.81,15.2,6.61,43.48
18-Sep-2018,18.85,19.51,17.56,17.89,21.81,-3.92,-17.96
19-Sep-2018,17.32,20.58,17.11,17.95,17.89,0.06,0.33
20-Sep-2018,17.84,20.29,17.13,18.94,17.95,1.0,5.55
21-Sep-2018,20.99,22.6,18.1,20.59,18.94,1.64,8.68
24-Sep-2018,22.1,23.58,20.29,20.9,20.59,0.31,1.5
25-Sep-2018,18.24,20.54,15.44,17.9,20.9,-3.0,-14.36
26-Sep-2018,16.51,15.82,13.63,14.97,17.9,-2.93,-16.37
27-Sep-2018,16.08,19.32,17.06,18.84,14.97,3.87,25.86
28-Sep-2018,23.78,23.5,20.68,22.91,18.84,4.07,21.63
01-Oct-2018,15.2,17.11,14.43,15.96,22.91,-6.95,-30.33
02-Oct-2018,17.41,18.93,15.99,17.27,15.96,1.31,8.2
03-Oct-2018,15.49,17.12,12.26,14.42,17.27,-2.85,-16.48
04-Oct-2018,19.12,19.45,15.9,18.47,14.42,4.05,28.06
05-Oct-2018,17.7,18.93,17.11,18.48,18.47,0.01,0.07
08-Oct-2018,13.88,16.11,12.96,15.57,18.48,-2.92,-15.79
09-Oct-2018,14.98,16.33,11.99,14.34,15.57,-1.22,-7.84
10-Oct-2018,23.22,23.67,20.89,22.13,14.34,7.78,54.25
11-Oct-2018,15.18,16.42,15.23,15.48,22.13,-6.65,-30.04
12-Oct-2018,15.72,19.43,15.18,16.59,15.48,1.11,7.18
15-Oct-2018,20.14,19.65,18.2,19.13,16.59,2.54,15.3
16-Oct-2018,18.12,17.82,16.38,17.51,19.13,-1.62,-8.45
17-Oct-2018,18.51,19.34,16.18,17.58,17.51,0.07,0.38
18-Oct-2018,17.75,18.92,17.26,18.27,17.58,0.69,3.94
19-Oct-2018,17.57,19.4,15.22,16.41,18.27,-1.87,-10.21
22-Oct-2018,16.48,17.06,15.01,16.05,16.41,-0.36,-2.17
23-Oct-2018,16.08,18.74,12.99,15.78,16.05,-0.28,-1.72
24-Oct-2018,18.08,20.82,17.26,18.42,15.78,2.64,16.77
25-Oct-2018,19.65,22.5,17.38,19.89,18.42,1.47,7.98
26-Oct-2018,23.1,23.26,22.27,22.84,19.89,2.95,14.83
29-Oct-2018,22.28,26.23,21.61,23.35,22.84,0.51,2.24
30-Oct-2018,20.79,20.5,19.42,20.32,23.35,-3.03,-12.99
31-Oct-2018,21.8,21.07,20.28,20.52,20.32,0.2,0.99
01-Nov-2018,14.54,15.81,11.44,14.21,20.52,-6.31,-30.74
02-Nov-2018,19.22,20.44,17.83,19.97,14.21,5.76,40.51
05-Nov-2018,20.71,23.08,21.2,21.24,19.97,1.27,6.38
06-Nov-2018,15.02,18.99,15.61,16.97,21.24,-4.28,-20.13
07-Nov-2018,21.81,23.27,18.55,21.25,16.97,4.28,25.23
08-Nov-2018,18.3,22.25,17.49,19.48,21.25,-1.77,-8.31
09-Nov-2018,18.59,19.03,14.2,16.53,19.48,-2.95,-15.16
12-Nov-2018,17.92,17.8,16.8,17.69,16.53,1.16,7.01
13-Nov-2018,16.92,21.33,17.11,18.36,17.69,0.68,3.84
14-Nov-2018,16.9,17.84,15.77,16.1,18.36,-2.27,-12.34
15-Nov-2018,18.64,18.69,15.19,17.17,16.1,1.07,6.66
16-Nov-2018,18.19,20.08,16.09,17.69,17.17,0.51,2.99
19-Nov-2018,18.34,21.49,17.03,19.74,17.69,2.05,11.62
20-Nov-2018,20.3,22.51,20.79,21.16,19.74,1.42,7.17
21-Nov-2018,18.8,18.69,17.07,17.82,21.16,-3.34,-15.78
22-Nov-2018,17.22,19.23,16.88,17.86,17.82,0.04,0.22
23-Nov-2018,13.94,17.91,15.19,16.11,17.86,-1.74,-9.76
26-Nov-2018,18.3,20.1,18.16,19.47,16.11,3.36,20.85
27-Nov-2018,24.2,24.33,22.3,23.91,19.47,4.44,22.8
28-Nov-2018,19.15,20.74,17.01,19.53,23.91,-4.38,-18.31
29-Nov-2018,17.43,18.52,16.49,17.3,19.53,-2.24,-11.45
30-Nov-2018,20.38,21.7,18.45,20.09,17.3,2.79,16.14
03-Dec-2018,21.84,22.39,19.51,21.55,20.09,1.46,7.26
04-Dec-2018,17.72,19.01,15.95,17.61,21.55,-3.94,-18.28
05-Dec-2018,17.18,18.18,16.46,16.47,17.61,-1.14,-6.48
06-Dec-2018,17.36,17.13,16.27,17.07,16.47,0.61,3.69
07-Dec-2018,22.43,20.59,18.94,19.81,17.07,2.74,16.05
10-Dec-2018,16.51,17.71,15.02,16.2,19.81,-3.62,-18.25
11-Dec-2018,18.65,21.6,19.87,20.56,16.2,4.36,26.91
12-Dec-2018,19.28,18.77,16.79,18.64,20.56,-1.91,-9.3
13-Dec-2018,19.49,21.14,20.04,20.73,18.64,2.08,11.17
14-Dec-2018,18.59,19.8,16.32,19.0,20.73,-1.73,-8.35
17-Dec-2018,17.67,20.31,15.85,17.5,19.0,-1.49,-7.87
18-Dec-2018,18.93,20.18,16.81,19.28,17.5,1.77,10.14
19-Dec-2018,13.88,16.78,10.98,13.93,19.28,-5.34,-27.73
20-Dec-2018,15.33,16.41,13.13,15.36,13.93,1.43,10.24
21-Dec-2018,16.34,18.67,15.32,15.86,15.36,0.5,3.27
24-Dec-2018,19.61,22.86,18.01,20.29,15.86,4.43,27.95
25-Dec-2018,18.25,18.8,16.67,18.34,20.29,-1.95,-9.61
26-Dec-2018,15.81,17.82,15.1,16.6,18.34,-1.75,-9.52
27-Dec-2018,16.91,19.65,17.18,17.45,16.6,0.85,5.14
28-Dec-2018,19.67,19.55,17.55,19.52,17.45,2.07,11.87
31-Dec-2018,18.72,20.03,16.46,18.56,19.52,-0.96,-4.94
01-Jan-2019,20.29,22.95,20.61,20.82,18.56,2.26,12.2
02-Jan-2019,18.61,19.42,16.26,18.21,20.82,-2.61,-12.54
03-Jan-2019,16.55,19.66,17.09,17.84,18.21,-0.38,-2.07
04-Jan-2019,20.98,20.48,19.13,20.4,17.84,2.57,14.39
07-Jan-2019,19.37,21.04,17.71,20.05,20.4,-0.35,-1.71
08-Jan-2019,14.61,16.72,14.98,15.69,20.05,-4.36,-21.76
09-Jan-2019,16.24,18.47,14.89,16.12,15.69,0.43,2.73
10-Jan-2019,12.23,14.08,11.31,13.07,16.12,-3.05,-18.94
11-Jan-2019,15.28,15.88,12.76,15.47,13.07,2.41,18.41
14-Jan-2019,16.43,18.92,14.68,16.26,15.47,0.79,5.11
15-Jan-2019,17.77,19.51,14.96,17.94,16.26,1.68,10.33
16-Jan-2019,13.92,16.17,12.72,13.32,17.94,-4.62,-25.75
17-Jan-2019,17.26,19.37,15.69,16.89,13.32,3.56,26.74
18-Jan-2019,16.76,18.02,14.07,16.13,16.89,-0.76,-4.47
21-Jan-2019,16.84,18.37,14.26,15.65,16.13,-0.48,-3.0
22-Jan-2019,19.95,21.81,17.32,18.81,15.65,3.16,20.22
23-Jan-2019,18.55,19.19,16.75,17.2,18.81,-1.61,-8.57
24-Jan-2019,16.95,18.02,14.59,16.52,17.2,-0.68,-3.95
25-Jan-2019,17.41,18.5,17.21,17.51,16.52,0.99,5.97
28-Jan-2019,18.26,20.69,16.29,18.48,17.51,0.98,5.58
29-Jan-2019,18.02,18.8,15.36,17.25,18.48,-1.23,-6.67
30-Jan-2019,16.77,17.53,14.01,16.08,17.25,-1.17,-6.79
31-Jan-2019,12.44,12.05,9.05,11.72,16.08,-4.36,-27.13
01-Feb-2019,17.63,20.36,15.89,17.44,11.72,5.72,48.81
04-Feb-2019,20.56,22.73,20.03,20.74,17.44,3.31,18.96
05-Feb-2019,14.04,16.33,13.51,14.57,20.74,-6.17,-29.76
06-Feb-2019,17.28,20.14,16.54,17.5,14.57,2.93,20.12
07-Feb-2019,16.46,19.92,17.1,18.18,17.5,0.68,3.88
08-Feb-2019,18.5,20.56,16.38,19.19,18.18,1.01,5.54
11-Feb-2019,24.6,27.33,24.31,24.71,19.19,5.53,28.8
12-Feb-2019,18.73,21.56,15.68,18.58,24.71,-6.14,-24.83
13-Feb-2019,20.39,21.9,18.93,20.78,18.58,2.21,11.88
14-Feb-2019,16.33,18.05,14.03,16.87,20.78,-3.92,-18.85
15-Feb-2019,16.6,19.06,13.7,16.35,16.87,-0.52,-3.06
18-Feb-2019,15.53,15.75,12.88,15.72,16.35,-0.63,-3.86
19-Feb-2019,15.55,18.18,13.68,15.89,15.72,0.17,1.09
20-Feb-2019,16.57,16.88,14.27,16.84,15.89,0.95,5.99
21-Feb-2019,14.84,15.85,14.9,15.25,16.84,-1.59,-9.43
22-Feb-2019,21.74,23.75,19.87,21.21,15.25,5.96,39.09
25-Feb-2019,16.92,19.77,14.65,16.96,21.21,-4.26,-20.06
26-Feb-2019,19.75,20.21,16.1,18.85,16.96,1.89,11.16
27-Feb-2019,19.04,19.87,17.71,18.9,18.85,0.05,0.25
28-Feb-2019,22.0,21.12,19.47,20.72,18.9,1.83,9.68
01-Mar-2019,15.44,16.11,15.19,15.73,20.72,-4.99,-24.09
04-Mar-2019,15.36,16.67,13.7,16.61,15.73,0.88,5.57
05-Mar-2019,17.07,18.66,17.14,17.83,16.61,1.22,7.37
06-Mar-2019,17.37,21.03,17.33,18.08,17.83,0.25,1.39
07-Mar-2019,16.39,18.25,13.38,16.33,18.08,-1.75,-9.7
08-Mar-2019,16.43,17.32,16.87,17.27,16.33,0.95,5.8
11-Mar-2019,13.92,15.34,10.92,13.16,17.27,-4.11,-23.8
12-Mar-2019,25.95,26.04,23.68,25.5,13.16,12.33,93.7
13-Mar-2019,15.89,19.03,15.2,16.16,25.5,-9.34,-36.62
14-Mar-2019,18.79,18.89,16.98,17.4,16.16,1.24,7.67
15-Mar-2019,16.68,19.64,14.59,17.27,17.4,-0.13,-0.76
18-Mar-2019,18.17,20.31,18.24,19.15,17.27,1.88,10.91
19-Mar-2019,15.63,17.48,14.56,15.53,19.15,-3.62,-18.9
20-Mar-2019,19.35,21.52,19.31,19.7,15.53,4.17,26.86
21-Mar-2019,17.84,19.39,17.15,18.72,19.7,-0.98,-5.0
22-Mar-2019,18.83,17.49,15.69,17.26,18.72,-1.46,-7.78
25-Mar-2019,17.92,20.98,17.36,18.38,17.26,1.12,6.48
26-Mar-2019,20.27,20.97,17.25,19.35,18.38,0.97,5.3
27-Mar-2019,21.22,21.71,19.33,21.02,19.35,1.67,8.62
28-Mar-2019,20.92,23.38,18.54,20.48,21.02,-0.54,-2.58
29-Mar-2019,21.75,22.75,18.69,21.16,20.48,0.68,3.34
01-Apr-2019,18.16,21.15,16.98,18.71,21.16,-2.45,-11.57
02-Apr-2019,17.58,19.33,18.32,18.68,18.71,-0.04,-0.19
03-Apr-2019,17.82,20.2,15.86,18.16,18.68,-0.52,-2.78
04-Apr-2019,16.59,18.97,16.23,16.69,18.16,-1.46,-8.06
05-Apr-2019,16.18,19.79,15.15,17.74,16.69,1.05,6.26
08-Apr-2019,19.27,21.82,17.53,19.42,17.74,1.68,9.46
09-Apr-2019,17.95,19.13,16.96,18.77,19.42,-0.65,-3.36
10-Apr-2019,17.48,20.16,17.31,17.47,18.77,-1.3,-6.92
11-Apr-2019,21.34,22.43,18.5,19.75,17.47,2.29,13.09
12-Apr-2019,20.17,22.46,19.15,20.63,19.75,0.87,4.42
15-Apr-2019,16.38,20.02,17.14,18.44,20.63,-2.19,-10.61
16-Apr-2019,17.84,20.44,15.39,18.35,18.44,-0.09,-0.47
17-Apr-2019,20.1,20.94,18.97,19.76,18.35,1.4,7.65
18-Apr-2019,17.08,18.76,12.85,15.82,19.76,-3.94,-19.94
19-Apr-2019,18.53,19.63,17.47,17.61,15.82,1.79,11.34
22-Apr-2019,18.15,19.32,15.38,18.23,17.61,0.62,3.53
23-Apr-2019,18.98,18.63,15.79,18.62,18.23,0.39,2.12
24-Apr-2019,15.41,16.51,15.57,15.67,18.62,-2.94,-15.81
25-Apr-2019,12.77,14.67,12.99,13.7,15.67,-1.98,-12.61
26-Apr-2019,21.65,24.25,19.96,22.86,13.7,9.16,66.87
29-Apr-2019,17.77,19.46,15.79,18.68,22.86,-4.18,-18.29
30-Apr-2019,17.82,18.27,15.08,17.71,18.68,-0.96,-5.17
01-May-2019,24.55,26.89,22.96,24.27,17.71,6.56,37.03
02-May-2019,21.4,25.95,20.66,22.96,24.27,-1.31,-5.41
03-May-2019,20.29,23.41,18.45,20.53,22.96,-2.42,-10.56
06-May-2019,15.01,16.29,11.55,14.19,20.53,-6.34,-30.89
07-May-2019,21.86,22.26,18.05,20.44,14.19,6.25,44.02
08-May-2019,18.33,20.14,18.44,19.03,20.44,-1.41,-6.89
09-May-2019,12.93,14.85,11.67,13.71,19.03,-5.32,-27.97
10-May-2019,17.79,16.96,15.95,16.05,13.71,2.34,17.08
13-May-2019,17.17,18.9,16.53,18.13,16.05,2.08,12.98
14-May-2019,18.69,21.38,19.01,19.2,18.13,1.07,5.91
15-May-2019,18.3,20.04,18.76,19.03,19.2,-0.17,-0.89
16-May-2019,16.14,18.78,16.02,16.81,19.03,-2.23,-11.69
17-May-2019,15.23,18.29,13.51,15.94,16.81,-0.87,-5.17
20-May-2019,19.76,19.52,19.11,19.19,15.94,3.25,20.39
21-May-2019,15.42,15.05,14.87,14.99,19.19,-4.2,-21.87
22-May-2019,21.63,20.51,18.7,20.3,14.99,5.31,35.46
23-May-2019,20.94,19.91,16.12,18.71,20.3,-1.59,-7.84
24-May-2019,15.69,14.32,11.27,14.13,18.71,-4.58,-24.48
27-May-2019,18.58,19.1,17.75,17.77,14.13,3.64,25.73
28-May-2019,16.38,20.44,17.12,17.49,17.77,-0.28,-1.58
29-May-2019,18.22,19.92,17.37,17.87,17.49,0.38,2.16
30-May-2019,17.14,18.48,15.99,16.7,17.87,-1.16,-6.52
31-May-2019,17.63,20.23,16.48,17.72,16.7,1.02,6.08
03-Jun-2019,21.11,22.37,20.65,21.21,17.72,3.49,19.7
04-Jun-2019,18.95,20.43,16.37,18.64,21.21,-2.56,-12.09
05-Jun-2019,22.87,25.27,20.38,23.12,18.64,4.47,24.0
06-Jun-2019,13.37,14.98,11.59,14.53,23.12,-8.59,-37.16
07-Jun-2019,16.26,18.78,15.33,15.93,14.53,1.4,9.63
10-Jun-2019,15.07,15.22,14.16,14.77,15.93,-1.16,-7.28
11-Jun-2019,15.02,15.79,12.19,14.87,14.77,0.11,0.73
12-Jun-2019,22.69,22.38,21.37,21.71,14.87,6.84,46.0
13-Jun-2019,18.34,20.39,15.81,17.9,21.71,-3.82,-17.57
14-Jun-2019,17.09,18.75,17.53,18.03,17.9,0.13,0.73
17-Jun-2019,16.98,19.62,16.72,19.16,18.03,1.13,6.27
18-Jun-2019,17.74,18.45,15.05,17.75,19.16,-1.41,-7.36
19-Jun-2019,16.69,16.52,13.72,15.21,17.75,-2.54,-14.34
20-Jun-2019,20.21,20.82,19.0,20.06,15.21,4.85,31.9
21-Jun-2019,20.9,22.0,17.74,20.58,20.06,0.52,2.61
24-Jun-2019,14.28,17.65,15.6,16.41,20.58,-4.17,-20.25
25-Jun-2019,20.43,21.9,19.93,20.45,16.41,4.04,24.6
26-Jun-2019,18.43,18.31,15.65,17.44,20.45,-3.01,-14.71
27-Jun-2019,14.63,17.91,13.4,15.39,17.44,-2.05,-11.74
28-Jun-2019,15.61,19.58,16.17,17.27,15.39,1.88,12.19
01-Jul-2019,17.08,19.57,16.2,18.42,17.27,1.15,6.69
02-Jul-2019,16.26,16.4,13.2,15.6,18.42,-2.82,-15.31
03-Jul-2019,16.88,19.53,17.48,18.49,15.6,2.89,18.53
04-Jul-2019,16.93,17.03,13.98,16.91,18.49,-1.59,-8.58
05-Jul-2019,18.22,18.84,16.78,18.49,16.91,1.58,9.35
08-Jul-2019,18.5,21.07,18.07,18.66,18.49,0.18,0.95
09-Jul-2019,18.63,18.89,17.75,18.69,18.66,0.02,0.12
10-Jul-2019,16.02,18.12,14.39,16.12,18.69,-2.56,-13.71
11-Jul-2019,17.27,19.56,15.8,17.36,16.12,1.24,7.66
12-Jul-2019,20.2,19.25,17.97,19.15,17.36,1.79,10.31
15-Jul-2019,19.24,20.77,20.06,20.22,19.15,1.07,5.6
16-Jul-2019,17.83,18.66,14.88,17.43,20.22,-2.79,-13.79
17-Jul-2019,17.22,18.45,14.74,16.39,17.43,-1.05,-6.01
18-Jul-2019,19.67,21.11,16.99,19.0,16.39,2.61,15.94
19-Jul-2019,20.97,23.76,21.62,22.38,19.0,3.39,17.82
22-Jul-2019,23.64,21.66,20.0,21.65,22.38,-0.74,-3.29
23-Jul-2019,17.54,19.69,16.79,18.66,21.65,-2.99,-13.81
24-Jul-2019,16.88,17.98,14.83,16.36,18.66,-2.3,-12.31
25-Jul-2019,16.53,19.57,14.64,17.2,16.36,0.84,5.14
26-Jul-2019,19.0,21.11,16.55,18.93,17.2,1.73,10.06
29-Jul-2019,21.61,22.95,19.06,21.23,18.93,2.3,12.12
30-Jul-2019,21.92,22.42,21.15,21.8,21.23,0.57,2.68
31-Jul-2019,16.79,16.48,13.34,15.75,21.8,-6.04,-27.73
01-Aug-2019,19.9,19.36,15.2,17.96,15.75,2.21,14.03
02-Aug-2019,22.4,23.19,18.36,21.32,17.96,3.35,18.66
05-Aug-2019,17.89,20.32,18.23,19.12,21.32,-2.2,-10.31
06-Aug-2019,18.14,20.75,16.93,18.48,19.12,-0.63,-3.31
07-Aug-2019,17.39,17.08,16.53,16.89,18.48,-1.59,-8.61
08-Aug-2019,18.97,20.16,16.05,18.43,16.89,1.53,9.07
09-Aug-2019,20.65,22.32,18.49,19.54,18.43,1.11,6.03
12-Aug-2019,16.6,18.32,15.37,15.74,19.54,-3.8,-19.44
13-Aug-2019,19.85,20.47,18.85,19.97,15.74,4.23,26.88
14-Aug-2019,22.54,23.88,20.87,21.78,19.97,1.82,9.09
15-Aug-2019,16.29,17.89,15.26,16.17,21.78,-5.61,-25.75
16-Aug-2019,15.72,17.79,12.77,15.14,16.17,-1.04,-6.42
19-Aug-2019,16.14,15.22,14.57,14.73,15.14,-0.4,-2.67
20-Aug-2019,16.58,16.9,13.7,16.0,14.73,1.26,8.58
21-Aug-2019,19.97,21.56,18.21,19.1,16.0,3.1,19.37
22-Aug-2019,16.11,17.23,16.22,17.19,19.1,-1.9,-9.97
23-Aug-2019,17.06,16.15,14.39,16.06,17.19,-1.13,-6.58
26-Aug-2019,17.1,18.05,16.0,17.05,16.06,0.99,6.18
27-Aug-2019,18.59,20.2,17.32,17.92,17.05,0.87,5.12
28-Aug-2019,17.01,18.57,13.68,16.07,17.92,-1.85,-10.32
29-Aug-2019,15.93,17.45,15.15,16.04,16.07,-0.03,-0.2
30-Aug-2019,18.96,19.07,17.15,17.99,16.04,1.95,12.16
02-Sep-2019,22.05,21.28,20.74,21.2,17.99,3.2,17.8
03-Sep-2019,22.31,22.39,21.4,21.44,21.2,0.24,1.14
04-Sep-2019,18.08,19.92,16.03,17.46,21.44,-3.98,-18.55
05-Sep-2019,17.89,16.82,14.47,16.65,17.46,-0.81,-4.65
06-Sep-2019,18.05,20.23,17.58,18.11,16.65,1.46,8.75
09-Sep-2019,17.61,19.09,13.99,16.77,18.11,-1.34,-7.4
10-Sep-2019,18.58,18.45,16.7,17.8,16.77,1.03,6.17
11-Sep-2019,12.71,13.96,10.03,12.29,17.8,-5.51,-30.93
12-Sep-2019,17.57,19.93,17.12,18.95,12.29,6.65,54.12
13-Sep-2019,15.7,18.4,13.33,16.03,18.95,-2.92,-15.42
16-Sep-2019,20.31,21.83,19.26,20.15,16.03,4.12,25.72
17-Sep-2019,17.33,18.65,16.87,18.01,20.15,-2.14,-10.62
18-Sep-2019,15.86,18.35,14.78,15.47,18.01,-2.54,-14.09
19-Sep-2019,17.91,19.07,16.67,17.16,15.47,1.69,10.91
20-Sep-2019,20.75,23.95,19.27,20.97,17.16,3.81,22.2
23-Sep-2019,20.87,20.96,18.28,19.55,20.97,-1.42,-6.79
24-Sep-2019,10.26,11.88,8.7,10.14,19.55,-9.41,-48.14
25-Sep-2019,20.16,20.34,19.35,19.96,10.14,9.82,96.92
26-Sep-2019,15.19,17.99,14.65,16.23,19.96,-3.73,-18.69
27-Sep-2019,16.24,18.19,15.47,17.8,16.23,1.57,9.68
30-Sep-2019,20.98,20.28,18.7,20.27,17.8,2.47,13.88
01-Oct-2019,20.17,20.6,16.74,18.62,20.27,-1.66,-8.17
02-Oct-2019,17.46,18.97,16.26,17.74,18.62,-0.88,-4.71
03-Oct-2019,20.46,20.78,17.78,19.45,17.74,1.71,9.64
04-Oct-2019,20.62,20.3,18.34,20.25,19.45,0.8,4.12
07-Oct-2019,17.44,19.7,14.6,16.89,20.25,-3.35,-16.56
08-Oct-2019,16.29,17.79,15.34,17.4,16.89,0.51,3.02
09-Oct-2019,18.15,18.64,15.93,18.63,17.4,1.22,7.02
10-Oct-2019,15.28,17.4,12.76,14.51,18.63,-4.11,-22.08
11-Oct-2019,16.53,16.14,15.45,15.54,14.51,1.03,7.07
14-Oct-2019,17.77,20.48,15.5,17.83,15.54,2.29,14.73
15-Oct-2019,19.72,21.45,16.2,18.68,17.83,0.85,4.75
16-Oct-2019,13.75,18.07,15.85,15.88,18.68,-2.8,-14.99
17-Oct-2019,20.3,23.11,17.32,20.28,15.88,4.4,27.72
18-Oct-2019,17.9,20.39,17.52,18.93,20.28,-1.35,-6.64
21-Oct-2019,16.39,19.34,15.54,16.39,18.93,-2.54,-13.43
22-Oct-2019,20.07,19.37,17.28,19.35,16.39,2.95,18.03
23-Oct-2019,16.67,20.32,15.88,18.68,19.35,-0.67,-3.45
24-Oct-2019,17.08,18.21,16.04,17.76,18.68,-0.92,-4.93
25-Oct-2019,16.85,18.88,16.36,16.91,17.76,-0.85,-4.77
28-Oct-2019,17.19,22.1,18.18,19.31,16.91,2.4,14.21
29-Oct-2019,16.12,17.06,15.13,16.38,19.31,-2.93,-15.19
30-Oct-2019,20.59,21.21,17.67,19.84,16.38,3.46,21.14
31-Oct-2019,18.88,21.54,16.42,18.72,19.84,-1.12,-5.66
01-Nov-2019,17.25,18.39,13.85,16.53,18.72,-2.19,-11.7
04-Nov-2019,14.41,18.57,14.38,15.94,16.53,-0.59,-3.59
05-Nov-2019,18.39,20.0,16.67,18.85,15.94,2.91,18.27
06-Nov-2019,16.59,18.03,13.76,16.23,18.85,-2.62,-13.89
07-Nov-2019,13.41,16.18,12.99,13.26,16.23,-2.97,-18.31
08-Nov-2019,17.27,19.5,16.01,18.67,13.26,5.42,40.85
11-Nov-2019,17.14,19.12,14.34,16.96,18.67,-1.71,-9.17
12-Nov-2019,24.02,25.01,23.51,24.03,16.96,7.07,41.71
13-Nov-2019,16.04,17.51,13.97,15.4,24.03,-8.64,-35.94
14-Nov-2019,14.25,17.96,12.86,15.03,15.4,-0.36,-2.36
15-Nov-2019,19.54,22.29,16.76,19.37,15.03,4.34,28.87
18-Nov-2019,15.54,17.94,14.37,15.53,19.37,-3.84,-19.82
19-Nov-2019,15.08,17.43,12.23,15.01,15.53,-0.53,-3.38
20-Nov-2019,20.2,22.0,17.87,20.01,15.01,5.0,33.3
21-Nov-2019,14.36,15.79,10.52,12.97,20.01,-7.04,-35.18
22-Nov-2019,14.81,17.19,13.59,15.47,12.97,2.5,19.28
25-Nov-2019,19.67,21.65,18.76,19.57,15.47,4.1,26.5
26-Nov-2019,19.3,22.29,17.69,20.24,19.57,0.68,3.45
27-Nov-2019,22.33,21.66,21.38,21.57,20.24,1.33,6.56
28-Nov-2019,16.64,18.56,16.35,17.69,21.57,-3.88,-18.0
29-Nov-2019,13.9,16.71,13.78,14.13,17.69,-3.56,-20.11
02-Dec-2019,21.55,23.41,21.02,21.09,14.13,6.96,49.24
03-Dec-2019,19.94,21.1,16.65,19.53,21.09,-1.56,-7.4
04-Dec-2019,16.54,19.42,16.82,18.0,19.53,-1.53,-7.82
05-Dec-2019,15.9,18.23,13.47,16.0,18.0,-2.0,-11.11
06-Dec-2019,19.02,21.93,16.24,19.02,16.0,3.02,18.87
09-Dec-2019,12.5,12.07,11.46,12.02,19.02,-7.0,-36.79
10-Dec-2019,18.39,18.96,16.1,17.43,12.02,5.4,44.92
11-Dec-2019,16.51,15.26,12.13,14.83,17.43,-2.59,-14.89
12-Dec-2019,17.25,18.97,17.35,17.61,14.83,2.78,18.74
13-Dec-2019,18.66,21.95,17.1,19.07,17.61,1.46,8.27
16-Dec-2019,18.93,19.87,16.72,19.17,19.07,0.11,0.55
17-Dec-2019,15.37,16.06,15.1,15.89,19.17,-3.28,-17.12
18-Dec-2019,11.19,12.73,10.03,11.49,15.89,-4.4,-27.68
19-Dec-2019,19.28,20.41,19.02,19.39,11.49,7.9,68.75
20-Dec-2019,15.62,17.39,14.88,16.86,19.39,-2.53,-13.04
23-Dec-2019,28.07,29.14,25.67,26.52,16.86,9.66,57.27
24-Dec-2019,17.73,19.54,16.47,19.18,26.52,-7.34,-27.68
25-Dec-2019,15.71,17.63,16.8,17.57,19.18,-1.61,-8.37
26-Dec-2019,13.67,16.35,14.33,15.56,17.57,-2.01,-11.46
27-Dec-2019,17.22,17.86,15.02,16.79,15.56,1.23,7.89
30-Dec-2019,23.52,22.85,20.22,22.19,16.79,5.41,32.21
31-Dec-2019,14.91,16.68,14.42,16.23,22.19,-5.96,-26.86
01-Jan-2020,15.82,18.58,13.9,16.83,16.23,0.6,3.71
02-Jan-2020,20.53,20.09,17.08,19.88,16.83,3.05,18.1
03-Jan-2020,17.06,18.84,13.65,16.48,19.88,-3.4,-17.11
06-Jan-2020,10.98,12.34,10.72,11.97,16.48,-4.51,-27.38
07-Jan-2020,9.31,11.61,7.0,9.18,11.97,-2.79,-23.32
08-Jan-2020,15.89,19.86,14.81,17.47,9.18,8.29,90.34
09-Jan-2020,19.66,21.49,16.15,18.59,17.47,1.12,6.42
10-Jan-2020,20.65,22.28,18.39,20.89,18.59,2.3,12.36
13-Jan-2020,16.29,18.15,13.65,16.08,20.89,-4.81,-23.01
14-Jan-2020,17.76,20.73,16.82,17.85,16.08,1.77,10.99
15-Jan-2020,13.77,14.12,10.75,13.67,17.85,-4.18,-23.42
16-Jan-2020,17.87,19.09,17.37,18.32,13.67,4.65,34.0
17-Jan-2020,15.92,18.25,14.91,16.25,18.32,-2.07,-11.29
20-Jan-2020,17.49,18.47,14.94,16.95,16.25,0.7,4.3
21-Jan-2020,16.1,19.02,15.66,16.13,16.95,-0.82,-4.83
22-Jan-2020,13.58,14.32,13.58,14.08,16.13,-2.05,-12.73
23-Jan-2020,18.12,18.89,17.39,18.13,14.08,4.06,28.84
24-Jan-2020,20.76,23.06,19.61,20.63,18.13,2.5,13.78
27-Jan-2020,11.68,12.89,10.94,11.25,20.63,-9.38,-45.47
28-Jan-2020,17.85,18.97,15.73,16.98,11.25,5.73,50.93
29-Jan-2020,12.5,15.48,12.2,12.5,16.98,-4.48,-26.38
30-Jan-2020,14.58,15.4,10.75,12.89,12.5,0.39,3.13
31-Jan-2020,12.29,16.05,12.72,13.61,12.89,0.72,5.59
03-Feb-2020,16.42,18.64,15.56,17.57,13.61,3.96,29.07
04-Feb-2020,17.58,17.62,15.04,17.57,17.57,-0.0,-0.01
05-Feb-2020,19.49,21.96,18.67,20.67,17.57,3.11,17.69
06-Feb-2020,12.69,15.97,11.1,13.47,20.67,-7.2,-34.85
07-Feb-2020,20.17,21.77,18.71,19.3,13.47,5.83,43.25
10-Feb-2020,17.68,18.03,17.5,17.73,19.3,-1.56,-8.1
11-Feb-2020,16.9,20.01,15.12,17.2,17.73,-0.53,-2.98
12-Feb-2020,22.83,23.13,19.54,22.33,17.2,5.13,29.82
13-Feb-2020,13.87,13.86,12.45,13.61,22.33,-8.72,-39.04
14-Feb-2020,19.3,20.55,17.68,17.86,13.61,4.24,31.15
17-Feb-2020,19.24,20.17,18.7,18.94,17.86,1.09,6.08
18-Feb-2020,14.45,16.91,12.55,14.78,18.94,-4.16,-21.98
19-Feb-2020,12.28,14.13,10.25,12.86,14.78,-1.92,-13.0
20-Feb-2020,21.44,21.89,19.45,21.12,12.86,8.26,64.25
21-Feb-2020,12.44,15.32,11.75,12.65,21.12,-8.47,-40.1
24-Feb-2020,19.39,22.02,19.29,20.19,12.65,7.54,59.61
25-Feb-2020,21.83,23.26,19.59,22.49,20.19,2.3,11.39
26-Feb-2020,17.33,20.57,19.88,20.05,22.49,-2.44,-10.85
27-Feb-2020,17.1,17.75,14.94,17.56,20.05,-2.49,-12.43
28-Feb-2020,13.39,15.7,14.2,15.1,17.56,-2.46,-13.99
02-Mar-2020,48.43,48.87,47.34,48.52,15.1,33.42,221.35
03-Mar-2020,43.6,46.73,43.22,44.91,48.52,-3.61,-7.45
04-Mar-2020,41.97,42.3,41.07,42.06,44.91,-2.85,-6.36
05-Mar-2020,43.24,44.6,41.04,43.41,42.06,1.36,3.22
06-Mar-2020,43.93,45.36,43.2,44.55,43.41,1.14,2.63
09-Mar-2020,49.09,50.12,47.53,49.49,44.55,4.94,11.09
10-Mar-2020,47.72,46.77,43.96,46.05,49.49,-3.44,-6.95
11-Mar-2020,41.83,40.27,38.14,39.79,46.05,-6.26,-13.59
12-Mar-2020,34.99,37.31,34.81,34.92,39.79,-4.88,-12.25
13-Mar-2020,52.76,53.13,51.64,52.53,34.92,17.61,50.43
16-Mar-2020,47.56,49.72,46.84,47.38,52.53,-5.14,-9.79
17-Mar-2020,39.64,40.0,37.07,39.68,47.38,-7.7,-16.25
18-Mar-2020,41.71,42.52,39.9,40.82,39.68,1.14,2.87
19-Mar-2020,51.71,52.89,50.74,51.19,40.82,10.36,25.39
20-Mar-2020,46.24,47.79,46.86,47.09,51.19,-4.1,-8.01
23-Mar-2020,48.28,49.91,45.98,48.62,47.09,1.53,3.25
24-Mar-2020,36.99,37.87,36.63,37.17,48.62,-11.44,-23.53
25-Mar-2020,36.75,38.09,33.8,36.63,37.17,-0.55,-1.47
26-Mar-2020,49.71,51.93,47.79,49.62,36.63,12.99,35.46
27-Mar-2020,37.06,37.32,34.22,36.45,49.62,-13.17,-26.54
30-Mar-2020,41.01,39.29,37.69,38.9,36.45,2.45,6.72
31-Mar-2020,40.84,42.79,39.13,41.29,38.9,2.39,6.15
01-Apr-2020,43.21,44.05,42.59,42.8,41.29,1.51,3.66
02-Apr-2020,36.04,37.1,33.91,35.63,42.8,-7.17,-16.75
03-Apr-2020,43.48,44.45,41.81,43.14,35.63,7.51,21.07
06-Apr-2020,44.86,46.32,42.46,44.61,43.14,1.47,3.4
07-Apr-2020,43.42,44.93,40.88,43.36,44.61,-1.25,-2.81
08-Apr-2020,34.71,36.71,32.79,34.75,43.36,-8.61,-19.86
09-Apr-2020,42.73,43.77,39.84,42.23,34.75,7.48,21.53
10-Apr-2020,47.75,50.46,47.61,47.65,42.23,5.42,12.84
13-Apr-2020,40.89,40.39,39.39,40.29,47.65,-7.36,-15.45
14-Apr-2020,41.39,43.83,39.79,41.93,40.29,1.64,4.08
15-Apr-2020,40.91,43.57,40.39,41.54,41.93,-0.38,-0.92
16-Apr-2020,17.24,19.88,16.3,18.7,41.54,-22.84,-54.98
17-Apr-2020,19.03,20.85,17.92,20.24,18.7,1.54,8.25
20-Apr-2020,14.48,17.71,15.8,15.99,20.24,-4.26,-21.02
21-Apr-2020,19.39,19.86,17.31,19.67,15.99,3.68,23.01
22-Apr-2020,17.82,19.74,15.9,17.55,19.67,-2.12,-10.79
23-Apr-2020,15.18,16.62,15.7,16.11,17.55,-1.43,-8.16
24-Apr-2020,19.34,20.86,17.23,18.8,16.11,2.68,16.63
27-Apr-2020,11.91,13.47,11.17,12.08,18.8,-6.71,-35.72
28-Apr-2020,14.89,17.34,14.33,14.85,12.08,2.76,22.88
29-Apr-2020,19.31,20.27,17.34,18.62,14.85,3.78,25.46
30-Apr-2020,15.35,17.17,14.62,15.14,18.62,-3.49,-18.73
01-May-2020,13.11,13.42,12.22,12.6,15.14,-2.54,-16.77
04-May-2020,14.67,17.22,12.7,15.41,12.6,2.82,22.35
05-May-2020,20.14,21.74,17.96,19.67,15.41,4.26,27.65
06-May-2020,20.2,21.72,16.62,19.6,19.67,-0.08,-0.4
07-May-2020,19.49,19.61,17.95,19.35,19.6,-0.24,-1.25
08-May-2020,14.67,14.37,12.29,14.16,19.35,-5.19,-26.81
11-May-2020,16.79,20.5,14.52,17.52,14.16,3.36,23.71
12-May-2020,21.75,21.94,18.87,20.3,17.52,2.78,15.84
13-May-2020,20.73,24.78,19.54,21.82,20.3,1.52,7.48
14-May-2020,20.99,22.29,20.0,20.31,21.82,-1.51,-6.9
15-May-2020,13.34,14.89,10.18,12.68,20.31,-7.63,-37.55
18-May-2020,11.35,13.36,10.57,11.91,12.68,-0.78,-6.13
19-May-2020,20.66,21.78,17.79,20.78,11.91,8.87,74.53
20-May-2020,21.2,22.23,20.03,20.79,20.78,0.01,0.06
21-May-2020,22.51,26.57,23.39,23.6,20.79,2.81,13.5
22-May-2020,17.01,17.48,14.67,16.07,23.6,-7.53,-31.9
25-May-2020,14.8,17.4,14.16,14.75,16.07,-1.32,-8.22
26-May-2020,12.99,13.06,9.79,12.37,14.75,-2.38,-16.13
27-May-2020,18.47,21.1,18.02,19.34,12.37,6.97,56.32
28-May-2020,22.07,24.25,20.72,21.86,19.34,2.52,13.03
29-May-2020,22.11,25.23,22.1,23.2,21.86,1.34,6.15
01-Jun-2020,10.95,13.93,10.95,12.56,23.2,-10.64,-45.85
02-Jun-2020,18.01,21.53,17.39,19.15,12.56,6.59,52.42
03-Jun-2020,15.28,17.53,12.73,15.62,19.15,-3.53,-18.42
04-Jun-2020,24.33,26.01,21.98,23.58,15.62,7.96,50.93
05-Jun-2020,20.33,21.89,18.25,20.91,23.58,-2.67,-11.31
08-Jun-2020,19.16,20.11,19.04,19.57,20.91,-1.34,-6.42
09-Jun-2020,18.13,21.47,16.07,18.8,19.57,-0.77,-3.92
10-Jun-2020,20.1,21.97,19.96,20.39,18.8,1.59,8.47
11-Jun-2020,15.08,18.25,13.24,15.55,20.39,-4.84,-23.76
12-Jun-2020,8.64,10.69,7.0,9.0,15.55,-6.55,-42.12
15-Jun-2020,15.86,19.6,16.82,17.14,9.0,8.14,90.46
16-Jun-2020,17.48,18.25,14.34,17.32,17.14,0.18,1.05
17-Jun-2020,13.67,15.48,11.78,14.65,17.32,-2.67,-15.4
18-Jun-2020,16.79,19.83,15.99,17.14,14.65,2.49,16.98
19-Jun-2020,20.56,20.85,18.58,20.59,17.14,3.45,20.13
22-Jun-2020,20.71,23.84,18.43,20.98,20.59,0.38,1.86
23-Jun-2020,17.29,19.77,16.86,18.17,20.98,-2.81,-13.38
24-Jun-2020,16.03,16.83,14.44,15.01,18.17,-3.16,-17.38
25-Jun-2020,19.01,20.52,18.66,18.7,15.01,3.69,24.56
26-Jun-2020,13.64,15.07,14.01,14.04,18.7,-4.66,-24.93
29-Jun-2020,18.52,19.16,17.95,18.45,14.04,4.41,31.42
30-Jun-2020,17.54,18.47,16.92,17.81,18.45,-0.63,-3.42
01-Jul-2020,19.27,19.05,14.84,17.12,17.81,-0.7,-3.91
02-Jul-2020,24.84,27.13,23.3,26.04,17.12,8.92,52.14
03-Jul-2020,17.02,19.06,16.29,16.91,26.04,-9.13,-35.08
06-Jul-2020,14.51,14.67,12.85,14.11,16.91,-2.8,-16.55
07-Jul-2020,19.08,19.98,17.74,18.89,14.11,4.79,33.92
08-Jul-2020,21.22,22.27,18.17,20.92,18.89,2.02,10.71
09-Jul-2020,17.98,19.55,17.54,18.05,20.92,-2.87,-13.71
10-Jul-2020,18.99,20.19,16.42,18.4,18.05,0.35,1.94
13-Jul-2020,10.26,13.99,10.16,12.6,18.4,-5.8,-31.51
14-Jul-2020,22.69,24.27,21.01,23.41,12.6,10.81,85.75
15-Jul-2020,19.21,20.48,19.19,20.19,23.41,-3.22,-13.76
16-Jul-2020,19.4,19.78,18.87,19.17,20.19,-1.01,-5.02
17-Jul-2020,15.37,18.51,14.89,15.77,19.17,-3.4,-17.74
20-Jul-2020,14.96,16.05,10.78,13.16,15.77,-2.62,-16.59
21-Jul-2020,15.32,18.77,14.93,17.13,13.16,3.98,30.23
22-Jul-2020,25.97,27.77,26.07,26.24,17.13,9.11,53.16
23-Jul-2020,10.84,12.92,8.23,10.73,26.24,-15.5,-59.09
24-Jul-2020,19.74,23.27,17.68,20.43,10.73,9.7,90.36
27-Jul-2020,14.34,14.15,9.49,12.27,20.43,-8.17,-39.97
28-Jul-2020,19.56,19.02,16.44,17.98,12.27,5.71,46.57
29-Jul-2020,21.02,25.6,21.92,22.9,17.98,4.92,27.36
30-Jul-2020,23.44,26.06,23.98,24.02,22.9,1.13,4.91
31-Jul-2020,15.22,17.86,14.87,15.89,24.02,-8.13,-33.84
03-Aug-2020,13.8,16.53,12.12,13.93,15.89,-1.96,-12.33
04-Aug-2020,20.55,20.48,19.3,19.83,13.93,5.9,42.32
05-Aug-2020,17.46,18.37,16.82,17.91,19.83,-1.92,-9.67
06-Aug-2020,18.04,20.16,17.98,18.29,17.91,0.37,2.09
07-Aug-2020,23.09,22.92,20.15,21.73,18.29,3.44,18.82
10-Aug-2020,16.63,19.53,15.79,18.11,21.73,-3.62,-16.64
11-Aug-2020,11.84,15.09,13.35,13.74,18.11,-4.37,-24.12
12-Aug-2020,19.46,22.55,18.87,20.09,13.74,6.35,46.19
13-Aug-2020,19.07,20.55,15.51,18.25,20.09,-1.84,-9.15
14-Aug-2020,11.51,13.47,12.38,13.13,18.25,-5.12,-28.05
17-Aug-2020,16.32,17.05,16.61,16.79,13.13,3.66,27.87
18-Aug-2020,22.3,22.91,20.75,21.55,16.79,4.76,28.33
19-Aug-2020,15.97,17.21,14.72,15.69,21.55,-5.86,-27.2
20-Aug-2020,14.76,16.43,13.58,14.93,15.69,-0.76,-4.85
21-Aug-2020,14.74,17.44,13.99,15.49,14.93,0.56,3.77
24-Aug-2020,22.68,23.02,21.7,21.83,15.49,6.34,40.93
25-Aug-2020,14.81,17.94,15.79,17.33,21.83,-4.5,-20.63
26-Aug-2020,13.39,15.57,14.13,14.53,17.33,-2.8,-16.14
27-Aug-2020,20.89,21.89,19.77,20.55,14.53,6.03,41.47
28-Aug-2020,21.02,23.49,18.9,20.98,20.55,0.42,2.06
31-Aug-2020,15.07,16.13,14.59,15.68,20.98,-5.3,-25.27
01-Sep-2020,11.74,14.17,11.18,12.49,15.68,-3.18,-20.3
02-Sep-2020,15.68,16.16,15.95,15.95,12.49,3.46,27.67
03-Sep-2020,21.04,23.63,20.17,22.17,15.95,6.22,39.01
04-Sep-2020,15.97,16.5,15.61,16.04,22.17,-6.14,-27.67
07-Sep-2020,15.34,15.28,14.82,15.13,16.04,-0.91,-5.66
08-Sep-2020,17.23,17.36,16.34,16.63,15.13,1.5,9.92
09-Sep-2020,16.29,19.59,16.61,17.42,16.63,0.78,4.71
10-Sep-2020,20.87,21.36,17.38,20.26,17.42,2.85,16.36
11-Sep-2020,18.53,18.8,16.1,17.94,20.26,-2.33,-11.47
14-Sep-2020,17.72,17.37,14.82,15.63,17.94,-2.31,-12.86
15-Sep-2020,16.91,16.74,12.81,15.62,15.63,-0.02,-0.1
16-Sep-2020,13.81,15.2,14.77,15.08,15.62,-0.54,-3.44
17-Sep-2020,20.93,22.51,18.51,21.05,15.08,5.97,39.57
18-Sep-2020,19.64,23.2,19.52,21.55,21.05,0.51,2.4
21-Sep-2020,20.27,23.31,19.49,21.06,21.55,-0.49,-2.26
22-Sep-2020,16.22,16.65,12.83,14.62,21.06,-6.44,-30.6
23-Sep-2020,18.03,19.63,16.03,18.03,14.62,3.41,23.32
24-Sep-2020,15.14,15.32,14.05,14.71,18.03,-3.32,-18.41
25-Sep-2020,16.23,15.88,14.3,15.11,14.71,0.4,2.71
28-Sep-2020,14.02,18.28,14.27,15.39,15.11,0.28,1.87
29-Sep-2020,19.68,19.04,17.64,18.17,15.39,2.78,18.07
30-Sep-2020,17.28,19.09,15.61,17.43,18.17,-0.74,-4.07
01-Oct-2020,15.86,18.16,14.73,15.63,17.43,-1.8,-10.35
02-Oct-2020,20.0,23.33,18.85,21.26,15.63,5.63,36.01
05-Oct-2020,22.41,23.63,20.75,21.48,21.26,0.23,1.06
06-Oct-2020,19.51,20.25,17.55,19.82,21.48,-1.67,-7.75
07-Oct-2020,19.42,21.23,16.27,18.83,19.82,-0.99,-4.98
08-Oct-2020,10.09,15.59,12.57,13.05,18.83,-5.78,-30.72
09-Oct-2020,17.82,21.17,18.4,18.92,13.05,5.88,45.05
12-Oct-2020,19.5,20.03,19.56,19.62,18.92,0.69,3.66
13-Oct-2020,14.29,16.6,14.98,15.48,19.62,-4.13,-21.07
14-Oct-2020,17.93,20.02,17.57,17.59,15.48,2.11,13.6
15-Oct-2020,15.78,16.33,13.48,16.28,17.59,-1.31,-7.44
16-Oct-2020,15.41,18.05,14.15,16.54,16.28,0.26,1.57
19-Oct-2020,14.55,16.04,13.63,13.65,16.54,-2.88,-17.44
20-Oct-2020,11.79,12.81,10.41,12.52,13.65,-1.14,-8.33
21-Oct-2020,13.36,16.68,15.37,16.39,12.52,3.87,30.92
22-Oct-2020,13.5,13.75,11.76,13.57,16.39,-2.81,-17.16
23-Oct-2020,18.5,19.75,17.59,17.84,13.57,4.26,31.4
26-Oct-2020,21.57,21.7,21.2,21.7,17.84,3.86,21.64
27-Oct-2020,29.38,30.53,28.91,29.89,21.7,8.19,37.76
28-Oct-2020,19.0,21.99,18.54,19.76,29.89,-10.13,-33.89
29-Oct-2020,18.99,19.73,18.72,19.43,19.76,-0.33,-1.68
30-Oct-2020,19.83,21.75,19.0,20.9,19.43,1.48,7.6
02-Nov-2020,14.3,17.25,12.96,14.64,20.9,-6.26,-29.95
03-Nov-2020,19.32,20.96,15.5,18.27,14.64,3.62,24.75
04-Nov-2020,18.9,20.41,16.68,19.27,18.27,1.0,5.5
05-Nov-2020,18.1,18.12,15.58,17.74,19.27,-1.53,-7.95
06-Nov-2020,20.15,22.36,19.34,21.03,17.74,3.29,18.55
09-Nov-2020,22.61,23.76,22.19,22.9,21.03,1.87,8.89
10-Nov-2020,23.1,23.9,22.19,22.96,22.9,0.06,0.28
11-Nov-2020,18.94,20.26,17.12,20.06,22.96,-2.9,-12.63
12-Nov-2020,10.77,12.35,11.19,11.76,20.06,-8.3,-41.37
13-Nov-2020,13.05,15.28,13.13,13.15,11.76,1.39,11.85
16-Nov-2020,15.04,18.64,13.91,15.66,13.15,2.51,19.04
17-Nov-2020,15.2,17.23,15.69,16.43,15.66,0.77,4.9
18-Nov-2020,16.15,16.1,13.58,14.71,16.43,-1.72,-10.46
19-Nov-2020,15.24,13.91,12.76,13.83,14.71,-0.88,-6.01
20-Nov-2020,16.28,17.54,15.17,16.63,13.83,2.81,20.32
23-Nov-2020,13.3,16.06,12.09,13.69,16.63,-2.94,-17.69
24-Nov-2020,21.61,22.14,20.51,21.29,13.69,7.59,55.47
25-Nov-2020,18.24,19.12,15.87,17.84,21.29,-3.45,-16.2
26-Nov-2020,11.41,11.47,10.11,10.79,17.84,-7.04,-39.49
27-Nov-2020,15.02,16.76,14.34,15.22,10.79,4.43,41.04
30-Nov-2020,13.79,14.18,12.13,13.99,15.22,-1.24,-8.12
01-Dec-2020,20.74,21.73,19.26,19.93,13.99,5.94,42.46
02-Dec-2020,11.07,14.8,10.1,11.92,19.93,-8.01,-40.19
03-Dec-2020,17.79,17.19,14.65,16.67,11.92,4.75,39.87
04-Dec-2020,25.68,27.17,25.31,26.52,16.67,9.85,59.07
07-Dec-2020,18.99,21.19,18.26,19.31,26.52,-7.2,-27.17
08-Dec-2020,21.68,24.07,21.6,21.61,19.31,2.3,11.9
09-Dec-2020,14.93,16.72,13.78,15.35,21.61,-6.26,-28.96
10-Dec-2020,13.59,16.07,14.58,15.12,15.35,-0.23,-1.49
11-Dec-2020,15.39,15.63,13.24,14.76,15.12,-0.36,-2.37
14-Dec-2020,16.85,17.12,13.29,14.97,14.76,0.21,1.41
15-Dec-2020,17.4,19.25,15.62,18.25,14.97,3.28,21.92
16-Dec-2020,18.92,21.13,17.07,18.27,18.25,0.01,0.07
17-Dec-2020,19.54,20.74,18.48,19.01,18.27,0.74,4.05
18-Dec-2020,20.22,18.67,17.38,18.55,19.01,-0.46,-2.43
21-Dec-2020,18.89,19.47,16.78,18.54,18.55,-0.01,-0.05
22-Dec-2020,21.51,22.17,18.58,21.05,18.54,2.51,13.55
23-Dec-2020,11.52,16.72,14.01,14.24,21.05,-6.81,-32.37
24-Dec-2020,22.06,23.78,19.98,21.75,14.24,7.51,52.77
25-Dec-2020,14.41,17.37,14.93,15.43,21.75,-6.32,-29.06
28-Dec-2020,14.97,18.99,13.75,16.42,15.43,0.99,6.43
29-Dec-2020,21.41,24.54,21.19,21.84,16.42,5.42,33.02
30-Dec-2020,13.54,14.61,11.41,14.31,21.84,-7.53,-34.47
31-Dec-2020,15.67,16.7,13.76,14.73,14.31,0.41,2.89
01-Jan-2021,16.16,19.62,15.95,17.53,14.73,2.8,19.03
04-Jan-2021,19.81,20.91,17.09,20.01,17.53,2.48,14.13
05-Jan-2021,18.25,19.57,17.74,18.35,20.01,-1.65,-8.26
06-Jan-2021,17.74,18.7,16.93,17.5,18.35,-0.86,-4.66
07-Jan-2021,17.95,19.0,15.78,18.66,17.5,1.16,6.61
08-Jan-2021,17.78,17.2,15.88,16.77,18.66,-1.88,-10.1
11-Jan-2021,19.18,22.11,18.66,19.53,16.77,2.76,16.46
12-Jan-2021,18.51,20.77,16.18,17.99,19.53,-1.54,-7.88
13-Jan-2021,16.02,15.18,14.71,15.08,17.99,-2.92,-16.21
14-Jan-2021,22.1,24.09,19.18,21.33,15.08,6.25,41.48
15-Jan-2021,19.78,22.93,17.72,20.18,21.33,-1.15,-5.41
18-Jan-2021,15.42,14.34,10.75,13.58,20.18,-6.59,-32.67
19-Jan-2021,21.0,23.12,18.66,20.72,13.58,7.13,52.51
20-Jan-2021,18.56,20.49,16.67,18.96,20.72,-1.76,-8.5
21-Jan-2021,17.8,19.41,15.73,16.58,18.96,-2.37,-12.52
22-Jan-2021,20.03,22.5,16.52,19.5,16.58,2.92,17.59
25-Jan-2021,17.73,18.67,15.04,17.8,19.5,-1.7,-8.7
26-Jan-2021,17.69,19.4,15.69,18.29,17.8,0.49,2.72
27-Jan-2021,17.98,19.73,17.29,17.88,18.29,-0.41,-2.25
28-Jan-2021,18.29,19.96,16.46,18.2,17.88,0.32,1.78
29-Jan-2021,16.23,18.26,15.18,17.41,18.2,-0.78,-4.3
01-Feb-2021,19.96,21.0,20.29,20.71,17.41,3.29,18.91
02-Feb-2021,21.24,23.85,19.61,20.92,20.71,0.21,1.03
03-Feb-2021,20.12,21.89,18.3,18.92,20.92,-2.0,-9.57
04-Feb-2021,18.35,21.17,16.6,18.44,18.92,-0.48,-2.55
05-Feb-2021,16.55,16.95,15.63,16.21,18.44,-2.23,-12.09
08-Feb-2021,18.12,17.85,13.55,15.78,16.21,-0.43,-2.65
09-Feb-2021,16.67,18.97,14.05,16.92,15.78,1.14,7.22
10-Feb-2021,18.26,20.92,17.99,18.15,16.92,1.23,7.28
11-Feb-2021,19.51,19.45,18.77,19.09,18.15,0.94,5.21
12-Feb-2021,18.65,21.97,18.49,19.16,19.09,0.07,0.37
15-Feb-2021,18.87,20.04,17.72,18.41,19.16,-0.75,-3.91
16-Feb-2021,17.13,19.12,16.61,17.16,18.41,-1.26,-6.82
17-Feb-2021,18.17,17.65,16.34,17.34,17.16,0.18,1.07
18-Feb-2021,16.1,18.6,14.98,15.83,17.34,-1.51,-8.7
19-Feb-2021,14.76,15.76,11.83,14.37,15.83,-1.46,-9.25
22-Feb-2021,16.81,18.81,16.14,16.92,14.37,2.55,17.76
23-Feb-2021,15.29,17.07,13.83,14.24,16.92,-2.68,-15.86
24-Feb-2021,17.56,16.83,15.18,16.83,14.24,2.59,18.2
25-Feb-2021,14.0,15.99,10.79,13.78,16.83,-3.04,-18.09
26-Feb-2021,15.49,16.28,12.83,15.73,13.78,1.94,14.1
01-Mar-2021,17.56,17.84,16.41,16.66,15.73,0.94,5.96
02-Mar-2021,17.56,19.22,15.94,16.99,16.66,0.33,1.95
03-Mar-2021,18.39,18.8,15.3,17.79,16.99,0.81,4.74
04-Mar-2021,16.87,17.43,14.93,16.63,17.79,-1.16,-6.53
05-Mar-2021,19.66,20.83,19.18,19.79,16.63,3.15,18.95
08-Mar-2021,20.08,21.78,18.43,21.32,19.79,1.53,7.75
09-Mar-2021,17.66,19.78,17.08,18.24,21.32,-3.08,-14.45
10-Mar-2021,14.45,17.59,14.93,15.48,18.24,-2.76,-15.11
11-Mar-2021,19.13,22.43,17.4,19.57,15.48,4.08,26.38
12-Mar-2021,18.35,20.51,16.55,17.64,19.57,-1.93,-9.84
15-Mar-2021,12.49,16.88,14.53,14.75,17.64,-2.9,-16.42
16-Mar-2021,16.01,17.71,13.17,16.16,14.75,1.42,9.6
17-Mar-2021,21.13,19.87,17.83,19.64,16.16,3.48,21.54
18-Mar-2021,14.23,14.14,10.89,13.5,19.64,-6.15,-31.29
19-Mar-2021,16.55,17.05,14.3,16.82,13.5,3.33,24.66
22-Mar-2021,14.26,14.51,11.93,14.09,16.82,-2.74,-16.26
23-Mar-2021,22.21,24.12,22.39,22.99,14.09,8.91,63.22
24-Mar-2021,19.63,22.45,18.04,20.04,22.99,-2.96,-12.87
25-Mar-2021,17.51,16.52,13.62,16.31,20.04,-3.73,-18.6
26-Mar-2021,17.6,16.64,14.82,15.91,16.31,-0.4,-2.46
29-Mar-2021,17.76,18.9,16.88,17.63,15.91,1.73,10.86
30-Mar-2021,18.78,17.89,17.52,17.67,17.63,0.03,0.2
31-Mar-2021,21.65,21.88,20.39,21.07,17.67,3.4,19.24
01-Apr-2021,16.09,16.83,15.61,15.78,21.07,-5.29,-25.09
02-Apr-2021,18.19,20.77,18.15,18.61,15.78,2.83,17.94
05-Apr-2021,15.57,15.21,14.31,14.48,18.61,-4.13,-22.21
06-Apr-2021,18.34,18.41,16.22,18.15,14.48,3.67,25.35
07-Apr-2021,20.34,20.07,17.72,19.69,18.15,1.54,8.47
08-Apr-2021,10.93,12.81,8.05,9.85,19.69,-9.84,-49.99
09-Apr-2021,17.37,17.98,17.33,17.95,9.85,8.11,82.33
12-Apr-2021,17.44,20.0,14.2,17.08,17.95,-0.88,-4.88
13-Apr-2021,19.45,21.35,16.64,18.73,17.08,1.65,9.68
14-Apr-2021,21.08,20.99,19.55,19.83,18.73,1.1,5.87
15-Apr-2021,16.75,19.79,15.46,18.06,19.83,-1.77,-8.91
16-Apr-2021,18.34,21.76,18.19,19.41,18.06,1.35,7.47
19-Apr-2021,17.3,20.07,17.87,19.47,19.41,0.06,0.3
20-Apr-2021,18.17,18.46,15.24,17.09,19.47,-2.38,-12.23
21-Apr-2021,14.48,17.47,14.73,15.17,17.09,-1.92,-11.25
22-Apr-2021,14.31,15.83,12.56,13.26,15.17,-1.91,-12.57
23-Apr-2021,14.76,14.92,11.96,14.14,13.26,0.88,6.65
26-Apr-2021,15.51,17.21,13.9,15.44,14.14,1.3,9.16
27-Apr-2021,15.3,16.15,14.04,15.93,15.44,0.49,3.17
28-Apr-2021,14.83,15.54,13.85,14.28,15.93,-1.65,-10.36
29-Apr-2021,18.52,19.8,15.44,18.34,14.28,4.06,28.46
30-Apr-2021,19.32,19.21,16.04,18.59,18.34,0.25,1.38
03-May-2021,18.07,18.65,16.43,18.01,18.59,-0.58,-3.11
04-May-2021,16.87,19.24,14.64,16.93,18.01,-1.09,-6.05
05-May-2021,19.93,21.65,18.3,19.72,16.93,2.8,16.52
06-May-2021,18.16,20.66,16.74,17.68,19.72,-2.04,-10.35
07-May-2021,18.03,17.49,16.1,17.37,17.68,-0.31,-1.76
10-May-2021,21.99,24.29,21.03,23.18,17.37,5.81,33.42
11-May-2021,19.73,20.16,18.73,19.2,23.18,-3.98,-17.16
12-May-2021,14.15,18.34,13.61,15.65,19.2,-3.55,-18.48
13-May-2021,19.35,19.86,18.34,19.77,15.65,4.11,26.29
14-May-2021,19.08,19.35,14.77,17.42,19.77,-2.34,-11.85
17-May-2021,18.1,20.66,19.29,19.67,17.42,2.25,12.9
18-May-2021,19.39,19.13,17.65,19.04,19.67,-0.64,-3.24
19-May-2021,13.55,14.8,13.2,14.07,19.04,-4.97,-26.1
20-May-2021,18.67,19.1,18.01,18.55,14.07,4.49,31.89
21-May-2021,17.94,19.01,17.07,18.73,18.55,0.17,0.93
24-May-2021,18.22,20.91,16.04,18.69,18.73,-0.04,-0.2
25-May-2021,17.69,17.46,15.1,17.19,18.69,-1.5,-8.03
26-May-2021,16.11,19.47,17.24,17.61,17.19,0.43,2.47
27-May-2021,19.06,20.68,18.08,19.06,17.61,1.45,8.22
28-May-2021,19.09,22.3,18.18,19.68,19.06,0.62,3.24
31-May-2021,18.53,18.15,14.9,16.64,19.68,-3.04,-15.44
01-Jun-2021,16.88,19.27,13.96,16.86,16.64,0.22,1.32
02-Jun-2021,15.39,14.86,12.59,14.22,16.86,-2.64,-15.68
03-Jun-2021,22.58,22.61,20.91,21.21,14.22,6.99,49.18
04-Jun-2021,20.51,19.73,16.67,19.65,21.21,-1.56,-7.36
07-Jun-2021,17.75,18.27,15.43,17.18,19.65,-2.47,-12.55
08-Jun-2021,20.54,22.3,19.01,21.15,17.18,3.97,23.1
09-Jun-2021,15.71,17.4,14.07,15.82,21.15,-5.33,-25.2
10-Jun-2021,19.59,21.55,18.28,20.94,15.82,5.12,32.36
11-Jun-2021,17.31,19.03,16.91,17.81,20.94,-3.12,-14.92
14-Jun-2021,18.94,20.27,18.4,18.56,17.81,0.74,4.17
15-Jun-2021,13.4,17.57,12.31,14.88,18.56,-3.67,-19.79
16-Jun-2021,17.77,19.22,16.83,18.13,14.88,3.24,21.79
17-Jun-2021,17.17,15.58,13.86,15.4,18.13,-2.73,-15.05
18-Jun-2021,18.38,19.05,16.12,16.82,15.4,1.42,9.24
21-Jun-2021,16.29,18.39,16.63,16.98,16.82,0.16,0.95
22-Jun-2021,21.73,23.94,20.32,22.38,16.98,5.39,31.77
23-Jun-2021,20.75,21.54,17.35,19.62,22.38,-2.76,-12.31
24-Jun-2021,16.57,14.62,13.97,14.24,19.62,-5.39,-27.45
25-Jun-2021,13.87,14.12,10.76,13.37,14.24,-0.86,-6.05
28-Jun-2021,16.3,19.17,15.57,16.69,13.37,3.31,24.76
29-Jun-2021,17.11,17.46,14.94,17.13,16.69,0.44,2.64
30-Jun-2021,17.9,21.7,18.37,19.24,17.13,2.11,12.34
01-Jul-2021,11.66,14.41,10.48,12.28,19.24,-6.95,-36.15
02-Jul-2021,17.36,18.79,17.3,17.69,12.28,5.4,43.97
05-Jul-2021,19.15,21.44,15.99,18.88,17.69,1.2,6.77
06-Jul-2021,20.61,23.17,20.69,21.22,18.88,2.34,12.37
07-Jul-2021,16.56,17.03,14.34,16.26,21.22,-4.96,-23.38
08-Jul-2021,23.09,24.12,20.87,22.71,16.26,6.45,39.67
09-Jul-2021,17.01,20.65,17.46,18.33,22.71,-4.38,-19.3
12-Jul-2021,18.76,19.37,13.94,16.62,18.33,-1.7,-9.28
13-Jul-2021,17.93,20.93,15.76,17.93,16.62,1.31,7.88
14-Jul-2021,20.43,20.08,17.76,17.93,17.93,-0.01,-0.05
15-Jul-2021,16.21,19.63,15.56,18.2,17.93,0.27,1.51
16-Jul-2021,18.04,20.24,16.6,18.17,18.2,-0.02,-0.12
19-Jul-2021,17.49,19.14,15.62,16.67,18.17,-1.5,-8.26
20-Jul-2021,13.59,15.62,12.08,13.72,16.67,-2.95,-17.69
21-Jul-2021,14.48,16.34,14.9,16.18,13.72,2.45,17.89
22-Jul-2021,18.91,21.65,16.83,18.71,16.18,2.54,15.67
23-Jul-2021,17.03,17.29,12.34,15.25,18.71,-3.46,-18.5
26-Jul-2021,21.36,24.7,21.78,22.04,15.25,6.79,44.51
27-Jul-2021,24.01,26.38,24.06,24.32,22.04,2.28,10.34
28-Jul-2021,17.83,20.35,16.4,18.36,24.32,-5.96,-24.5
29-Jul-2021,15.32,18.65,14.28,15.84,18.36,-2.51,-13.7
30-Jul-2021,15.63,16.25,15.08,16.11,15.84,0.27,1.68
02-Aug-2021,17.94,19.97,15.42,18.24,16.11,2.13,13.2
03-Aug-2021,18.16,19.13,16.86,18.38,18.24,0.15,0.81
04-Aug-2021,19.35,20.25,19.03,19.88,18.38,1.49,8.13
05-Aug-2021,16.79,20.07,18.11,18.55,19.88,-1.33,-6.69
06-Aug-2021,21.06,21.61,17.81,20.57,18.55,2.02,10.9
09-Aug-2021,20.39,18.5,16.58,17.55,20.57,-3.02,-14.68
10-Aug-2021,12.09,12.61,9.95,12.6,17.55,-4.95,-28.21
11-Aug-2021,17.43,20.31,14.59,17.32,12.6,4.72,37.46
12-Aug-2021,21.91,20.65,18.52,20.53,17.32,3.2,18.5
13-Aug-2021,19.39,22.96,18.13,20.56,20.53,0.03,0.16
16-Aug-2021,16.72,17.29,15.02,16.47,20.56,-4.09,-19.88
17-Aug-2021,16.9,16.16,12.41,15.27,16.47,-1.2,-7.27
18-Aug-2021,16.77,18.37,13.96,15.82,15.27,0.55,3.59
19-Aug-2021,16.97,18.43,16.52,16.62,15.82,0.79,5.02
20-Aug-2021,17.6,17.56,15.1,17.37,16.62,0.75,4.54
23-Aug-2021,17.9,18.9,16.74,18.05,17.37,0.68,3.93
24-Aug-2021,21.07,21.94,19.81,19.84,18.05,1.79,9.9
25-Aug-2021,17.92,20.09,18.14,19.39,19.84,-0.45,-2.25
26-Aug-2021,21.65,23.73,21.41,22.2,19.39,2.81,14.47
27-Aug-2021,17.85,22.86,16.95,19.92,22.2,-2.28,-10.28
30-Aug-2021,20.32,21.05,19.06,21.01,19.92,1.09,5.49
31-Aug-2021,17.0,18.38,14.34,16.15,21.01,-4.86,-23.15
01-Sep-2021,17.35,19.26,13.78,16.68,16.15,0.53,3.29
02-Sep-2021,22.12,24.89,19.91,22.16,16.68,5.48,32.84
03-Sep-2021,24.69,23.73,20.99,23.56,22.16,1.4,6.33
06-Sep-2021,18.07,21.4,18.48,18.72,23.56,-4.83,-20.52
07-Sep-2021,15.34,15.91,12.6,13.55,18.72,-5.17,-27.63
08-Sep-2021,21.21,24.05,20.59,21.48,13.55,7.93,58.54
09-Sep-2021,15.93,17.02,14.37,15.37,21.48,-6.11,-28.46
10-Sep-2021,13.11,12.67,11.88,12.53,15.37,-2.84,-18.45
13-Sep-2021,9.79,12.43,10.11,10.94,12.53,-1.59,-12.71
14-Sep-2021,17.96,20.71,18.61,19.63,10.94,8.69,79.43
15-Sep-2021,20.1,22.24,20.15,20.31,19.63,0.68,3.48
16-Sep-2021,18.32,21.18,17.65,18.37,20.31,-1.95,-9.58
17-Sep-2021,22.39,22.56,18.09,20.83,18.37,2.46,13.4
20-Sep-2021,16.51,19.34,15.72,17.09,20.83,-3.75,-17.98
21-Sep-2021,16.88,17.61,14.24,17.03,17.09,-0.06,-0.32
22-Sep-2021,13.79,18.21,12.66,15.27,17.03,-1.76,-10.32
23-Sep-2021,17.56,21.58,18.47,19.16,15.27,3.89,25.49
24-Sep-2021,14.3,13.58,12.29,12.55,19.16,-6.61,-34.5
27-Sep-2021,19.67,21.49,20.13,20.4,12.55,7.85,62.52
28-Sep-2021,16.76,18.5,14.2,17.15,20.4,-3.25,-15.93
29-Sep-2021,17.82,17.56,14.72,16.53,17.15,-0.62,-3.64
30-Sep-2021,18.9,21.09,18.89,19.72,16.53,3.19,19.29
01-Oct-2021,13.53,14.29,11.08,11.9,19.72,-7.81,-39.64
04-Oct-2021,20.08,22.08,18.19,19.58,11.9,7.68,64.56
05-Oct-2021,14.07,16.8,14.41,15.75,19.58,-3.83,-19.58
06-Oct-2021,19.47,20.85,16.24,18.7,15.75,2.95,18.71
07-Oct-2021,20.15,20.96,16.28,18.97,18.7,0.28,1.48
08-Oct-2021,14.02,15.29,12.31,13.99,18.97,-4.98,-26.25
11-Oct-2021,18.25,18.03,15.94,17.48,13.99,3.49,24.96
12-Oct-2021,23.5,25.05,22.72,23.36,17.48,5.88,33.62
13-Oct-2021,17.24,21.27,18.34,18.84,23.36,-4.52,-19.36
14-Oct-2021,18.14,17.05,14.4,16.55,18.84,-2.29,-12.17
15-Oct-2021,15.6,16.3,15.33,15.42,16.55,-1.13,-6.83
18-Oct-2021,20.41,19.85,18.95,19.36,15.42,3.94,25.58
19-Oct-2021,15.95,18.94,13.31,15.95,19.36,-3.41,-17.62
20-Oct-2021,18.25,21.16,19.37,20.21,15.95,4.26,26.68
21-Oct-2021,16.58,19.04,13.8,16.18,20.21,-4.03,-19.93
22-Oct-2021,18.95,23.37,18.75,20.43,16.18,4.25,26.28
25-Oct-2021,19.79,19.05,17.14,19.0,20.43,-1.43,-7.02
26-Oct-2021,18.23,22.23,17.87,20.23,19.0,1.23,6.47
27-Oct-2021,15.94,18.56,16.02,17.07,20.23,-3.15,-15.6
28-Oct-2021,17.49,19.24,15.41,17.12,17.07,0.05,0.29
29-Oct-2021,17.33,17.47,14.29,14.92,17.12,-2.21,-12.88
01-Nov-2021,18.9,22.4,19.13,20.36,14.92,5.44,36.48
02-Nov-2021,19.54,19.44,18.33,18.89,20.36,-1.46,-7.18
03-Nov-2021,18.19,17.99,16.53,17.78,18.89,-1.12,-5.92
04-Nov-2021,21.25,22.68,18.27,20.37,17.78,2.6,14.62
05-Nov-2021,16.23,17.47,14.12,16.31,20.37,-4.06,-19.95
08-Nov-2021,15.56,18.28,14.1,16.2,16.31,-0.11,-0.67
09-Nov-2021,15.71,16.71,14.99,16.48,16.2,0.28,1.73
10-Nov-2021,14.77,16.01,13.52,14.41,16.48,-2.07,-12.58
11-Nov-2021,19.18,21.07,18.43,19.93,14.41,5.52,38.3
12-Nov-2021,21.93,22.43,18.12,19.62,19.93,-0.31,-1.56
15-Nov-2021,18.21,20.95,17.31,17.97,19.62,-1.65,-8.39
16-Nov-2021,21.12,23.09,18.66,20.88,17.97,2.91,16.18
17-Nov-2021,21.69,23.7,19.16,21.46,20.88,0.58,2.8
18-Nov-2021,20.99,23.28,17.34,20.3,21.46,-1.16,-5.41
19-Nov-2021,14.33,15.93,12.74,14.7,20.3,-5.6,-27.6
22-Nov-2021,17.13,20.16,14.54,17.47,14.7,2.77,18.85
23-Nov-2021,15.14,19.28,15.72,16.71,17.47,-0.76,-4.32
24-Nov-2021,19.06,21.89,17.83,18.95,16.71,2.23,13.37
25-Nov-2021,18.12,19.62,14.92,17.29,18.95,-1.65,-8.72
26-Nov-2021,20.33,21.14,17.4,18.93,17.29,1.64,9.45
29-Nov-2021,18.39,17.41,14.18,17.03,18.93,-1.9,-10.04
30-Nov-2021,15.9,17.51,16.57,16.7,17.03,-0.33,-1.94
01-Dec-2021,14.33,16.33,12.55,14.39,16.7,-2.31,-13.85
02-Dec-2021,20.22,22.27,19.27,19.7,14.39,5.31,36.95
03-Dec-2021,21.47,22.17,18.61,20.31,19.7,0.61,3.09
06-Dec-2021,19.66,22.92,17.46,20.41,20.31,0.1,0.51
07-Dec-2021,17.12,18.58,17.91,18.21,20.41,-2.2,-10.78
08-Dec-2021,20.73,22.88,17.73,20.35,18.21,2.14,11.76
09-Dec-2021,17.98,21.05,17.72,18.48,20.35,-1.87,-9.19
10-Dec-2021,18.51,19.74,18.91,19.05,18.48,0.57,3.07
13-Dec-2021,16.13,17.94,13.24,15.25,19.05,-3.8,-19.97
14-Dec-2021,19.46,22.84,18.65,20.31,15.25,5.07,33.22
15-Dec-2021,16.68,17.67,13.66,16.38,20.31,-3.93,-19.34
16-Dec-2021,20.43,23.34,18.22,20.59,16.38,4.21,25.68
17-Dec-2021,22.3,20.51,16.8,18.99,20.59,-1.6,-7.76
20-Dec-2021,19.64,20.31,19.8,20.21,18.99,1.22,6.4
21-Dec-2021,17.1,20.54,16.91,18.12,20.21,-2.08,-10.31
22-Dec-2021,14.75,16.28,13.12,14.39,18.12,-3.73,-20.59
23-Dec-2021,16.42,18.4,17.38,17.62,14.39,3.23,22.47
24-Dec-2021,14.35,16.43,11.76,14.65,17.62,-2.98,-16.9
27-Dec-2021,16.13,17.72,16.49,16.97,14.65,2.32,15.84
28-Dec-2021,17.6,21.96,16.98,19.02,16.97,2.05,12.11
29-Dec-2021,18.72,20.92,17.74,18.53,19.02,-0.49,-2.59
30-Dec-2021,21.85,22.99,20.14,20.76,18.53,2.24,12.07
31-Dec-2021,18.81,20.23,17.39,19.59,20.76,-1.18,-5.66
03-Jan-2022,15.26,16.57,13.46,15.74,19.59,-3.85,-19.65
04-Jan-2022,26.29,28.97,24.91,26.52,15.74,10.78,68.53
05-Jan-2022,17.87,19.72,16.99,18.22,26.52,-8.3,-31.3
06-Jan-2022,21.46,24.26,19.38,22.27,18.22,4.05,22.23
07-Jan-2022,20.4,22.35,16.64,19.53,22.27,-2.74,-12.32
10-Jan-2022,19.0,21.16,18.69,19.65,19.53,0.13,0.66
11-Jan-2022,16.85,18.7,14.95,16.56,19.65,-3.09,-15.74
12-Jan-2022,20.3,19.97,17.23,19.13,16.56,2.57,15.54
13-Jan-2022,19.73,20.66,17.46,18.27,19.13,-0.87,-4.54
14-Jan-2022,20.77,21.11,18.62,19.69,18.27,1.42,7.79
17-Jan-2022,17.34,18.94,18.1,18.29,19.69,-1.4,-7.11
18-Jan-2022,16.51,16.25,14.84,16.14,18.29,-2.15,-11.73
19-Jan-2022,17.6,19.03,17.3,17.51,16.14,1.36,8.45
20-Jan-2022,22.46,23.5,18.64,21.36,17.51,3.85,21.98
21-Jan-2022,18.32,20.53,15.54,18.25,21.36,-3.11,-14.55
24-Jan-2022,18.2,16.28,15.6,16.03,18.25,-2.22,-12.16
25-Jan-2022,14.79,14.84,11.66,13.07,16.03,-2.96,-18.45
26-Jan-2022,16.14,17.01,12.55,14.71,13.07,1.64,12.52
27-Jan-2022,19.27,20.09,19.07,19.38,14.71,4.68,31.79
28-Jan-2022,17.43,16.71,14.93,15.32,19.38,-4.06,-20.95
31-Jan-2022,19.78,21.43,18.42,20.13,15.32,4.81,31.39
01-Feb-2022,21.95,22.04,21.04,21.44,20.13,1.31,6.49
02-Feb-2022,15.7,15.67,13.84,14.9,21.44,-6.54,-30.51
03-Feb-2022,17.87,17.49,16.01,16.02,14.9,1.12,7.5
04-Feb-2022,18.53,21.02,16.58,18.07,16.02,2.06,12.84
07-Feb-2022,18.26,19.7,17.73,18.74,18.07,0.67,3.7
08-Feb-2022,18.91,20.83,16.69,19.36,18.74,0.61,3.27
09-Feb-2022,13.27,16.03,12.26,14.68,19.36,-4.68,-24.17
10-Feb-2022,12.66,16.63,12.68,14.07,14.68,-0.61,-4.14
11-Feb-2022,19.02,19.02,17.32,18.52,14.07,4.45,31.64
14-Feb-2022,17.43,18.76,15.77,17.92,18.52,-0.61,-3.27
15-Feb-2022,15.88,16.62,12.27,15.23,17.92,-2.69,-15.01
16-Feb-2022,15.83,15.3,14.3,15.11,15.23,-0.11,-0.75
17-Feb-2022,20.44,20.35,17.73,20.14,15.11,5.03,33.28
18-Feb-2022,20.03,21.55,17.45,20.31,20.14,0.17,0.84
21-Feb-2022,15.14,16.26,12.95,15.74,20.31,-4.57,-22.5
22-Feb-2022,14.91,17.56,12.17,15.12,15.74,-0.63,-3.99
23-Feb-2022,16.42,17.38,15.14,17.02,15.12,1.91,12.62
24-Feb-2022,13.9,18.47,14.2,15.81,17.02,-1.21,-7.12
25-Feb-2022,15.09,17.2,13.1,15.28,15.81,-0.53,-3.35
28-Feb-2022,20.34,20.43,17.36,19.21,15.28,3.93,25.71
01-Mar-2022,18.15,18.7,16.52,17.64,19.21,-1.57,-8.16
02-Mar-2022,21.34,24.45,21.78,21.83,17.64,4.19,23.75
03-Mar-2022,17.0,18.37,15.52,17.42,21.83,-4.41,-20.19
04-Mar-2022,17.46,18.3,14.93,16.91,17.42,-0.51,-2.93
07-Mar-2022,22.74,23.41,19.62,22.29,16.91,5.38,31.82
08-Mar-2022,19.1,20.58,19.18,19.88,22.29,-2.42,-10.84
09-Mar-2022,18.49,20.6,19.78,20.37,19.88,0.49,2.48
10-Mar-2022,21.07,24.12,19.15,22.15,20.37,1.78,8.72
11-Mar-2022,17.83,17.69,14.96,16.32,22.15,-5.83,-26.31
14-Mar-2022,17.01,18.83,15.68,17.44,16.32,1.12,6.88
15-Mar-2022,14.56,16.01,13.52,15.89,17.44,-1.56,-8.94
16-Mar-2022,18.56,18.89,16.73,17.61,15.89,1.72,10.83
17-Mar-2022,15.93,17.09,14.62,16.7,17.61,-0.9,-5.13
18-Mar-2022,17.92,19.84,15.58,18.33,16.7,1.63,9.75
21-Mar-2022,13.35,12.94,10.1,12.72,18.33,-5.61,-30.6
22-Mar-2022,16.13,15.9,12.85,15.78,12.72,3.06,24.04
23-Mar-2022,19.72,19.91,18.34,19.19,15.78,3.41,21.58
24-Mar-2022,16.44,20.19,15.4,17.22,19.19,-1.97,-10.26
25-Mar-2022,24.83,26.7,22.2,24.38,17.22,7.16,41.61
28-Mar-2022,19.06,18.5,16.06,18.06,24.38,-6.32,-25.92
29-Mar-2022,11.03,12.24,8.84,10.64,18.06,-7.43,-41.11
30-Mar-2022,17.74,17.29,15.36,17.09,10.64,6.46,60.72
31-Mar-2022,19.55,18.86,16.96,18.78,17.09,1.68,9.85
01-Apr-2022,17.75,19.63,17.27,18.29,18.78,-0.48,-2.58
04-Apr-2022,20.45,22.31,18.75,19.53,18.29,1.23,6.74
05-Apr-2022,18.15,19.16,17.36,17.89,19.53,-1.64,-8.39
06-Apr-2022,20.13,22.26,17.61,19.7,17.89,1.81,10.12
07-Apr-2022,21.96,23.38,20.52,22.09,19.7,2.39,12.13
08-Apr-2022,15.79,16.48,13.46,16.31,22.09,-5.77,-26.14
11-Apr-2022,17.62,19.26,14.54,16.74,16.31,0.43,2.62
12-Apr-2022,22.2,22.2,18.32,21.05,16.74,4.31,25.76
13-Apr-2022,20.14,22.76,19.64,21.36,21.05,0.31,1.48
14-Apr-2022,15.76,17.99,15.76,16.05,21.36,-5.31,-24.86
15-Apr-2022,19.35,22.09,19.47,20.29,16.05,4.24,26.41
18-Apr-2022,14.28,16.08,12.87,13.84,20.29,-6.45,-31.79
19-Apr-2022,17.99,19.46,15.55,17.14,13.84,3.3,23.86
20-Apr-2022,13.74,15.43,12.21,15.19,17.14,-1.96,-11.42
21-Apr-2022,19.2,18.75,15.98,18.53,15.19,3.35,22.05
22-Apr-2022,18.4,20.0,18.18,19.42,18.53,0.89,4.78
25-Apr-2022,16.02,19.07,15.44,16.54,19.42,-2.88,-14.81
26-Apr-2022,18.62,21.95,16.15,19.09,16.54,2.55,15.41
27-Apr-2022,17.5,18.78,16.64,17.64,19.09,-1.46,-7.62
28-Apr-2022,18.47,20.07,16.63,17.99,17.64,0.35,1.98
29-Apr-2022,17.23,16.83,13.51,15.78,17.99,-2.21,-12.27
02-May-2022,14.7,16.5,16.2,16.35,15.78,0.57,3.62
03-May-2022,20.57,19.81,15.41,18.28,16.35,1.93,11.79
04-May-2022,16.89,17.74,16.23,16.44,18.28,-1.83,-10.04
05-May-2022,10.9,14.4,10.44,11.52,16.44,-4.92,-29.93
06-May-2022,17.27,20.19,15.34,17.51,11.52,5.99,51.96
09-May-2022,16.23,20.03,14.9,17.6,17.51,0.09,0.52
10-May-2022,17.18,19.68,15.38,18.38,17.6,0.77,4.39
11-May-2022,19.32,21.58,16.15,18.95,18.38,0.58,3.14
12-May-2022,18.41,19.37,16.45,17.94,18.95,-1.01,-5.35
13-May-2022,15.14,17.37,13.71,14.97,17.94,-2.97,-16.56
16-May-2022,17.04,17.65,15.96,17.39,14.97,2.42,16.15
17-May-2022,16.73,16.56,14.88,15.97,17.39,-1.42,-8.15
18-May-2022,16.43,16.84,16.3,16.54,15.97,0.58,3.6
19-May-2022,22.02,23.77,21.67,23.25,16.54,6.71,40.56
20-May-2022,18.06,19.54,16.44,18.03,23.25,-5.23,-22.48
23-May-2022,17.54,18.69,14.97,16.03,18.03,-2.0,-11.1
24-May-2022,16.54,19.31,14.85,17.45,16.03,1.42,8.85
25-May-2022,17.88,21.15,16.9,18.99,17.45,1.54,8.83
26-May-2022,17.77,22.47,18.45,19.8,18.99,0.81,4.27
27-May-2022,13.55,13.86,13.29,13.66,19.8,-6.14,-31.02
30-May-2022,18.72,20.35,18.15,18.62,13.66,4.96,36.32
31-May-2022,21.65,24.48,21.46,22.18,18.62,3.56,19.14
01-Jun-2022,19.16,19.49,16.39,18.87,22.18,-3.31,-14.93
02-Jun-2022,22.76,25.26,19.58,22.54,18.87,3.67,19.45
03-Jun-2022,18.84,22.9,19.24,20.77,22.54,-1.77,-7.87
06-Jun-2022,20.55,20.8,20.17,20.46,20.77,-0.3,-1.45
07-Jun-2022,14.54,16.68,12.42,15.39,20.46,-5.07,-24.78
08-Jun-2022,18.29,20.58,17.22,19.55,15.39,4.15,26.99
09-Jun-2022,16.75,20.68,17.37,18.23,19.55,-1.31,-6.71
10-Jun-2022,16.71,19.82,16.86,17.34,18.23,-0.9,-4.92
13-Jun-2022,14.35,16.83,13.23,14.51,17.34,-2.83,-16.32
14-Jun-2022,19.01,17.95,16.39,17.75,14.51,3.25,22.37
15-Jun-2022,18.91,21.97,17.41,20.32,17.75,2.57,14.48
16-Jun-2022,18.78,20.56,16.37,18.18,20.32,-2.14,-10.53
17-Jun-2022,15.21,17.1,13.53,15.25,18.18,-2.93,-16.14
20-Jun-2022,19.62,19.12,17.51,18.98,15.25,3.73,24.47
21-Jun-2022,16.58,17.91,15.76,17.69,18.98,-1.29,-6.79
22-Jun-2022,15.99,18.09,16.25,17.24,17.69,-0.45,-2.57
23-Jun-2022,17.54,18.29,15.9,17.21,17.24,-0.03,-0.16
24-Jun-2022,15.53,16.65,14.85,15.7,17.21,-1.51,-8.77
27-Jun-2022,16.84,19.44,15.51,17.02,15.7,1.32,8.4
28-Jun-2022,17.02,19.96,15.63,18.12,17.02,1.1,6.47
29-Jun-2022,17.23,18.69,15.97,18.04,18.12,-0.08,-0.44
30-Jun-2022,17.31,18.74,14.45,16.88,18.04,-1.16,-6.44
01-Jul-2022,15.94,17.86,16.26,17.47,16.88,0.59,3.49
04-Jul-2022,17.5,21.9,17.64,18.94,17.47,1.47,8.4
05-Jul-2022,19.29,20.12,19.41,19.77,18.94,0.84,4.42
06-Jul-2022,19.22,19.04,16.66,17.72,19.77,-2.05,-10.39
07-Jul-2022,15.34,18.7,14.76,15.71,17.72,-2.01,-11.37
08-Jul-2022,18.48,21.5,17.68,18.77,15.71,3.07,19.52
11-Jul-2022,16.76,17.22,13.68,15.8,18.77,-2.98,-15.86
12-Jul-2022,21.39,22.78,19.56,21.91,15.8,6.11,38.71
13-Jul-2022,13.92,17.45,13.72,15.22,21.91,-6.69,-30.53
14-Jul-2022,17.26,20.48,15.78,17.52,15.22,2.3,15.11
15-Jul-2022,13.1,14.85,12.37,14.23,17.52,-3.29,-18.77
18-Jul-2022,23.28,21.25,18.92,21.22,14.23,6.99,49.11
19-Jul-2022,19.23,22.41,17.62,19.6,21.22,-1.62,-7.65
20-Jul-2022,18.73,16.24,14.85,15.97,19.6,-3.62,-18.49
21-Jul-2022,18.82,20.05,19.49,19.5,15.97,3.53,22.11
22-Jul-2022,16.95,19.75,16.78,18.59,19.5,-0.91,-4.69
25-Jul-2022,16.43,16.03,15.77,15.91,18.59,-2.68,-14.43
26-Jul-2022,15.35,15.71,15.04,15.22,15.91,-0.69,-4.31
27-Jul-2022,21.72,25.7,20.89,23.43,15.22,8.21,53.92
28-Jul-2022,19.47,22.51,17.95,20.12,23.43,-3.31,-14.12
29-Jul-2022,17.51,18.6,14.85,16.22,20.12,-3.9,-19.38
01-Aug-2022,17.63,18.58,15.61,18.58,16.22,2.36,14.54
02-Aug-2022,17.77,17.34,14.29,17.05,18.58,-1.53,-8.24
03-Aug-2022,17.01,19.2,16.26,18.21,17.05,1.16,6.81
04-Aug-2022,18.11,18.41,14.67,17.15,18.21,-1.06,-5.8
05-Aug-2022,12.09,15.47,12.0,14.18,17.15,-2.97,-17.31
08-Aug-2022,15.12,18.61,13.5,15.68,14.18,1.5,10.54
09-Aug-2022,14.92,16.45,14.77,15.83,15.68,0.15,0.95
10-Aug-2022,21.65,22.81,18.18,20.67,15.83,4.85,30.62
11-Aug-2022,13.85,13.34,12.93,13.33,20.67,-7.34,-35.51
12-Aug-2022,18.71,21.15,18.89,19.18,13.33,5.85,43.84
15-Aug-2022,16.07,17.53,15.83,16.52,19.18,-2.66,-13.85
16-Aug-2022,15.47,15.35,13.74,14.57,16.52,-1.96,-11.85
17-Aug-2022,15.67,18.14,14.45,15.69,14.57,1.13,7.74
18-Aug-2022,22.93,24.1,20.44,22.68,15.69,6.98,44.5
19-Aug-2022,20.89,20.39,17.63,18.63,22.68,-4.05,-17.84
22-Aug-2022,17.72,16.84,13.73,15.91,18.63,-2.73,-14.63
23-Aug-2022,18.35,19.97,16.76,18.89,15.91,2.99,18.78
24-Aug-2022,20.68,22.9,19.02,21.6,18.89,2.7,14.31
25-Aug-2022,15.69,18.93,15.0,16.69,21.6,-4.91,-22.72
26-Aug-2022,17.38,19.15,15.16,17.69,16.69,1.0,5.99
29-Aug-2022,19.81,19.53,18.09,18.51,17.69,0.82,4.63
30-Aug-2022,19.84,22.84,20.5,20.62,18.51,2.11,11.42
31-Aug-2022,16.84,18.86,15.03,16.88,20.62,-3.74,-18.13
01-Sep-2022,22.8,25.31,21.15,22.49,16.88,5.61,33.22
02-Sep-2022,16.31,21.42,17.82,19.2,22.49,-3.3,-14.65
05-Sep-2022,19.52,21.42,17.25,19.71,19.2,0.52,2.69
06-Sep-2022,21.01,22.88,19.02,20.64,19.71,0.93,4.71
07-Sep-2022,16.24,17.11,15.52,16.8,20.64,-3.84,-18.6
08-Sep-2022,14.2,15.85,12.42,14.6,16.8,-2.2,-13.08
09-Sep-2022,19.66,22.05,17.43,20.3,14.6,5.69,38.96
12-Sep-2022,19.58,21.58,16.65,18.71,20.3,-1.59,-7.82
13-Sep-2022,13.86,16.91,12.36,14.49,18.71,-4.22,-22.56
14-Sep-2022,15.7,14.91,11.69,14.35,14.49,-0.14,-0.96
15-Sep-2022,17.68,21.71,18.55,18.74,14.35,4.4,30.65
16-Sep-2022,18.46,21.42,18.86,19.21,18.74,0.47,2.5
19-Sep-2022,19.19,21.65,17.04,19.3,19.21,0.09,0.45
20-Sep-2022,20.46,21.66,19.05,21.61,19.3,2.31,11.97
21-Sep-2022,20.42,22.1,16.67,19.5,21.61,-2.11,-9.74
22-Sep-2022,16.61,18.75,15.1,16.66,19.5,-2.84,-14.57
23-Sep-2022,20.08,22.65,17.24,19.96,16.66,3.3,19.8
26-Sep-2022,18.59,22.16,17.77,19.46,19.96,-0.51,-2.53
27-Sep-2022,15.42,17.63,13.54,16.15,19.46,-3.31,-17.01
28-Sep-2022,14.38,16.18,13.51,14.53,16.15,-1.62,-10.01
29-Sep-2022,21.16,23.58,19.86,21.55,14.53,7.02,48.28
30-Sep-2022,17.28,18.73,15.2,16.64,21.55,-4.9,-22.76
03-Oct-2022,18.58,21.8,16.97,19.08,16.64,2.43,14.62
04-Oct-2022,12.86,13.61,9.87,12.01,19.08,-7.07,-37.04
05-Oct-2022,19.06,20.67,18.69,19.63,12.01,7.62,63.42
06-Oct-2022,19.13,21.09,18.77,19.91,19.63,0.28,1.41
07-Oct-2022,22.04,24.84,20.02,22.56,19.91,2.65,13.31
10-Oct-2022,17.38,18.88,13.71,16.03,22.56,-6.52,-28.92
11-Oct-2022,27.91,28.47,24.71,26.63,16.03,10.6,66.09
12-Oct-2022,21.97,23.23,20.31,21.91,26.63,-4.72,-17.71
13-Oct-2022,17.24,19.22,15.38,17.05,21.91,-4.86,-22.2
14-Oct-2022,24.3,26.58,22.57,23.71,17.05,6.66,39.05
17-Oct-2022,18.92,21.43,16.35,18.56,23.71,-5.14,-21.7
18-Oct-2022,15.57,15.57,12.49,14.6,18.56,-3.96,-21.33
19-Oct-2022,15.19,16.92,15.31,16.41,14.6,1.81,12.41
20-Oct-2022,22.07,21.97,17.88,20.77,16.41,4.36,26.55
21-Oct-2022,19.75,20.14,17.99,20.06,20.77,-0.71,-3.41
24-Oct-2022,18.93,19.67,19.25,19.61,20.06,-0.45,-2.25
25-Oct-2022,20.5,22.03,19.66,21.23,19.61,1.62,8.26
26-Oct-2022,17.43,19.78,16.24,17.56,21.23,-3.67,-17.3
27-Oct-2022,22.1,25.01,21.46,22.57,17.56,5.01,28.5
28-Oct-2022,14.15,16.67,13.97,14.19,22.57,-8.38,-37.12
31-Oct-2022,14.99,18.23,15.75,15.84,14.19,1.65,11.62
01-Nov-2022,28.15,29.52,25.09,26.87,15.84,11.03,69.67
02-Nov-2022,24.66,24.45,21.32,22.94,26.87,-3.94,-14.65
03-Nov-2022,21.45,23.28,21.36,22.26,22.94,-0.68,-2.96
04-Nov-2022,19.23,21.57,17.57,20.18,22.26,-2.08,-9.33
07-Nov-2022,17.93,17.12,14.92,16.59,20.18,-3.59,-17.79
08-Nov-2022,15.41,18.29,15.51,16.35,16.59,-0.24,-1.46
09-Nov-2022,14.93,18.3,12.88,15.44,16.35,-0.91,-5.55
10-Nov-2022,20.78,23.08,17.91,20.57,15.44,5.13,33.2
11-Nov-2022,19.09,22.16,19.26,19.44,20.57,-1.13,-5.5
14-Nov-2022,18.94,20.04,18.01,19.9,19.44,0.46,2.38
15-Nov-2022,13.98,14.72,12.96,13.34,19.9,-6.56,-32.98
16-Nov-2022,19.65,21.45,17.25,20.24,13.34,6.9,51.75
17-Nov-2022,19.99,19.6,16.54,18.05,20.24,-2.18,-10.8
18-Nov-2022,20.67,23.4,18.84,20.81,18.05,2.76,15.3
21-Nov-2022,14.66,19.66,13.98,16.82,20.81,-4.0,-19.21
22-Nov-2022,19.76,20.96,18.11,20.09,16.82,3.28,19.48
23-Nov-2022,18.45,19.64,16.62,17.87,20.09,-2.22,-11.04
24-Nov-2022,19.36,21.34,17.0,19.57,17.87,1.69,9.47
25-Nov-2022,16.87,19.37,14.09,16.53,19.57,-3.04,-15.52
28-Nov-2022,17.12,19.85,15.18,16.87,16.53,0.34,2.06
29-Nov-2022,14.41,17.53,12.43,15.39,16.87,-1.48,-8.79
30-Nov-2022,22.03,21.2,18.58,20.13,15.39,4.75,30.85
01-Dec-2022,14.1,17.69,12.67,15.51,20.13,-4.63,-22.97
02-Dec-2022,19.2,19.62,16.95,18.91,15.51,3.4,21.93
05-Dec-2022,14.36,15.85,10.97,13.16,18.91,-5.75,-30.39
06-Dec-2022,14.52,15.8,11.93,14.45,13.16,1.29,9.78
07-Dec-2022,18.69,18.15,16.44,18.1,14.45,3.65,25.29
08-Dec-2022,11.33,13.51,11.78,12.85,18.1,-5.25,-29.01
09-Dec-2022,22.19,24.57,21.55,22.31,12.85,9.45,73.56
12-Dec-2022,16.76,17.32,16.91,17.12,22.31,-5.19,-23.25
13-Dec-2022,18.97,17.62,16.52,17.56,17.12,0.43,2.54
14-Dec-2022,16.4,16.38,11.87,14.78,17.56,-2.78,-15.82
15-Dec-2022,15.69,15.7,14.07,14.3,14.78,-0.48,-3.23
16-Dec-2022,16.96,20.83,16.62,18.8,14.3,4.5,31.47
19-Dec-2022,15.98,17.75,13.9,15.76,18.8,-3.04,-16.19
20-Dec-2022,14.38,15.06,12.65,14.87,15.76,-0.89,-5.64
21-Dec-2022,18.12,18.83,16.74,17.46,14.87,2.59,17.44
22-Dec-2022,14.64,14.71,11.96,13.24,17.46,-4.22,-24.17
23-Dec-2022,21.47,25.05,19.95,22.72,13.24,9.48,71.59
26-Dec-2022,16.29,16.44,14.05,15.98,22.72,-6.74,-29.67
27-Dec-2022,17.24,16.61,15.41,16.34,15.98,0.36,2.27
28-Dec-2022,20.8,20.79,17.64,20.63,16.34,4.29,26.27
29-Dec-2022,12.91,15.42,13.38,14.76,20.63,-5.88,-28.48
30-Dec-2022,14.83,15.95,12.69,15.29,14.76,0.53,3.58
02-Jan-2023,17.48,18.69,15.26,17.72,15.29,2.43,15.92
03-Jan-2023,17.66,17.58,16.42,17.34,17.72,-0.38,-2.16
04-Jan-2023,18.04,19.17,16.5,18.58,17.34,1.24,7.14
05-Jan-2023,17.28,20.76,17.87,18.08,18.58,-0.49,-2.66
06-Jan-2023,16.89,18.43,17.68,17.99,18.08,-0.1,-0.53
09-Jan-2023,19.62,21.03,20.08,20.59,17.99,2.61,14.5
10-Jan-2023,15.53,18.13,16.15,16.67,20.59,-3.92,-19.04
11-Jan-2023,17.03,16.83,13.88,16.53,16.67,-0.14,-0.84
12-Jan-2023,25.85,27.47,25.17,26.29,16.53,9.75,58.99
13-Jan-2023,14.19,17.58,13.14,15.04,26.29,-11.25,-42.79
16-Jan-2023,15.23,17.39,14.15,14.86,15.04,-0.18,-1.22
17-Jan-2023,21.34,24.3,20.53,21.94,14.86,7.09,47.72
18-Jan-2023,16.63,16.73,12.11,14.92,21.94,-7.03,-32.03
19-Jan-2023,16.7,16.76,14.32,16.7,14.92,1.78,11.93
20-Jan-2023,18.29,20.67,15.93,18.07,16.7,1.38,8.25
23-Jan-2023,17.0,20.19,15.18,17.33,18.07,-0.75,-4.13
24-Jan-2023,16.49,16.86,15.38,16.73,17.33,-0.6,-3.46
25-Jan-2023,15.37,17.46,12.77,15.67,16.73,-1.06,-6.32
26-Jan-2023,16.4,18.72,13.44,16.13,15.67,0.46,2.92
27-Jan-2023,14.32,18.61,14.47,15.79,16.13,-0.34,-2.1
30-Jan-2023,17.08,20.99,16.71,18.37,15.79,2.58,16.34
31-Jan-2023,12.95,14.67,11.97,12.49,18.37,-5.88,-32.01
01-Feb-2023,17.05,19.58,16.91,17.62,12.49,5.13,41.1
02-Feb-2023,16.37,17.09,15.0,16.4,17.62,-1.23,-6.96
03-Feb-2023,18.59,18.28,17.0,17.88,16.4,1.48,9.05
06-Feb-2023,16.34,16.95,14.82,16.24,17.88,-1.64,-9.17
07-Feb-2023,18.86,20.29,16.89,17.78,16.24,1.54,9.46
08-Feb-2023,16.4,18.09,16.61,16.7,17.78,-1.07,-6.04
09-Feb-2023,17.23,19.65,16.45,18.52,16.7,1.82,10.91
10-Feb-2023,17.3,18.78,15.1,17.85,18.52,-0.67,-3.63
13-Feb-2023,19.32,19.75,16.88,19.25,17.85,1.4,7.84
14-Feb-2023,12.42,15.67,11.36,13.78,19.25,-5.47,-28.42
15-Feb-2023,17.86,20.14,17.07,18.39,13.78,4.61,33.43
16-Feb-2023,18.76,21.79,18.25,19.1,18.39,0.71,3.87
17-Feb-2023,17.65,18.43,16.84,17.9,19.1,-1.2,-6.29
20-Feb-2023,17.0,19.17,18.18,18.56,17.9,0.66,3.71
21-Feb-2023,16.59,18.29,14.87,16.97,18.56,-1.59,-8.57
22-Feb-2023,19.88,20.21,17.87,20.19,16.97,3.22,18.96
23-Feb-2023,23.39,22.53,20.17,22.51,20.19,2.32,11.48
24-Feb-2023,17.7,18.31,16.14,18.29,22.51,-4.22,-18.74
27-Feb-2023,16.97,18.81,14.95,16.87,18.29,-1.42,-7.77
28-Feb-2023,15.04,15.97,13.88,15.24,16.87,-1.63,-9.63
01-Mar-2023,15.53,17.51,15.22,15.76,15.24,0.52,3.42
02-Mar-2023,20.01,20.8,17.84,18.24,15.76,2.48,15.71
03-Mar-2023,13.54,15.04,11.89,13.13,18.24,-5.11,-28.03
06-Mar-2023,20.12,21.36,20.28,20.85,13.13,7.73,58.86
07-Mar-2023,16.08,18.62,12.83,15.77,20.85,-5.09,-24.39
08-Mar-2023,21.31,23.14,18.47,20.71,15.77,4.95,31.37
09-Mar-2023,16.38,17.2,16.56,16.88,20.71,-3.83,-18.49
10-Mar-2023,18.35,19.13,15.82,18.45,16.88,1.56,9.25
13-Mar-2023,21.68,23.4,20.13,20.45,18.45,2.0,10.84
14-Mar-2023,15.79,19.05,13.93,16.35,20.45,-4.09,-20.01
15-Mar-2023,17.34,19.13,15.89,17.01,16.35,0.66,4.01
16-Mar-2023,17.18,17.26,15.97,17.24,17.01,0.23,1.34
17-Mar-2023,17.73,17.68,13.76,16.11,17.24,-1.13,-6.56
20-Mar-2023,18.84,21.78,17.87,19.13,16.11,3.02,18.78
21-Mar-2023,20.67,21.02,17.83,20.37,19.13,1.24,6.49
22-Mar-2023,18.37,18.25,14.91,16.95,20.37,-3.42,-16.81
23-Mar-2023,18.1,20.72,17.91,18.52,16.95,1.57,9.27
24-Mar-2023,14.7,16.88,13.68,15.39,18.52,-3.13,-16.9
27-Mar-2023,19.7,22.54,18.41,20.81,15.39,5.42,35.21
28-Mar-2023,16.81,18.61,17.7,18.54,20.81,-2.27,-10.9
29-Mar-2023,21.1,22.22,19.08,21.36,18.54,2.82,15.19
30-Mar-2023,20.73,23.04,17.61,20.2,21.36,-1.16,-5.41
31-Mar-2023,17.02,17.54,14.32,15.98,20.2,-4.22,-20.89
03-Apr-2023,19.38,20.56,18.1,19.36,15.98,3.38,21.14
04-Apr-2023,16.77,16.66,13.9,16.63,19.36,-2.73,-14.1
05-Apr-2023,12.68,14.87,12.81,14.16,16.63,-2.47,-14.87
06-Apr-2023,17.4,18.87,15.48,17.31,14.16,3.15,22.27
07-Apr-2023,15.81,16.44,13.85,15.88,17.31,-1.43,-8.26
10-Apr-2023,13.27,16.43,12.75,14.17,15.88,-1.71,-10.8
11-Apr-2023,19.39,19.98,17.11,19.24,14.17,5.07,35.81
12-Apr-2023,17.72,19.09,14.89,16.25,19.24,-2.99,-15.56
13-Apr-2023,18.78,20.19,17.18,19.1,16.25,2.85,17.57
14-Apr-2023,17.98,21.11,16.62,19.09,19.1,-0.01,-0.03
17-Apr-2023,15.48,16.02,13.19,15.89,19.09,-3.2,-16.78
18-Apr-2023,18.51,21.66,17.17,18.91,15.89,3.02,19.03
19-Apr-2023,18.35,18.55,15.45,17.03,18.91,-1.89,-9.97
20-Apr-2023,19.32,21.03,17.37,18.33,17.03,1.3,7.62
21-Apr-2023,13.44,18.15,14.7,15.85,18.33,-2.47,-13.49
24-Apr-2023,18.03,17.43,15.86,16.93,15.85,1.08,6.79
25-Apr-2023,18.2,20.69,17.79,18.96,16.93,2.03,11.96
26-Apr-2023,18.65,20.47,18.05,20.17,18.96,1.21,6.41
27-Apr-2023,19.12,19.66,18.79,18.84,20.17,-1.33,-6.57
28-Apr-2023,22.07,21.31,19.46,21.14,18.84,2.29,12.16
01-May-2023,16.12,19.31,14.36,16.55,21.14,-4.58,-21.69
02-May-2023,12.05,17.04,12.9,14.66,16.55,-1.89,-11.43
03-May-2023,19.12,19.92,16.52,18.95,14.66,4.29,29.27
04-May-2023,17.45,17.96,16.2,17.16,18.95,-1.79,-9.43
05-May-2023,18.0,19.45,16.04,17.04,17.16,-0.13,-0.73
08-May-2023,17.88,22.21,16.56,19.54,17.04,2.51,14.71
09-May-2023,18.86,18.79,15.03,17.15,19.54,-2.39,-12.25
10-May-2023,18.48,20.63,17.88,18.81,17.15,1.66,9.7
11-May-2023,18.06,21.83,15.97,18.95,18.81,0.14,0.75
12-May-2023,16.5,17.28,13.56,16.4,18.95,-2.55,-13.46
15-May-2023,17.09,16.38,13.76,15.38,16.4,-1.02,-6.22
16-May-2023,18.75,21.01,19.74,20.23,15.38,4.85,31.52
17-May-2023,19.47,19.17,15.83,17.95,20.23,-2.28,-11.29
18-May-2023,18.06,20.66,16.44,19.0,17.95,1.06,5.88
19-May-2023,21.29,22.25,19.55,21.25,19.0,2.25,11.83
22-May-2023,19.04,19.33,17.78,18.35,21.25,-2.9,-13.65
23-May-2023,15.19,17.12,13.08,14.78,18.35,-3.57,-19.47
24-May-2023,15.99,17.55,15.6,16.46,14.78,1.69,11.41
25-May-2023,21.52,23.25,17.8,20.75,16.46,4.29,26.07
26-May-2023,21.23,21.81,18.75,20.25,20.75,-0.5,-2.42
29-May-2023,23.54,24.33,20.36,22.64,20.25,2.39,11.78
30-May-2023,20.2,23.31,20.66,21.34,22.64,-1.3,-5.74
31-May-2023,15.29,16.85,13.09,14.16,21.34,-7.18,-33.64
01-Jun-2023,24.72,24.48,21.79,23.25,14.16,9.09,64.19
02-Jun-2023,18.2,19.73,17.53,18.85,23.25,-4.4,-18.93
05-Jun-2023,18.82,20.57,18.72,18.75,18.85,-0.1,-0.53
06-Jun-2023,17.32,19.57,18.08,18.9,18.75,0.15,0.82
07-Jun-2023,13.09,14.18,11.81,13.02,18.9,-5.88,-31.12
08-Jun-2023,21.8,23.71,20.0,21.22,13.02,8.2,62.98
09-Jun-2023,20.32,20.17,17.7,20.03,21.22,-1.19,-5.59
12-Jun-2023,24.01,23.58,21.01,22.04,20.03,2.01,10.02
13-Jun-2023,20.94,21.36,20.52,20.94,22.04,-1.1,-5.0
14-Jun-2023,17.41,18.93,16.35,18.39,20.94,-2.55,-12.19
15-Jun-2023,18.11,21.12,18.13,18.25,18.39,-0.14,-0.76
16-Jun-2023,20.07,19.0,16.06,18.42,18.25,0.17,0.95
19-Jun-2023,23.68,25.96,21.03,23.33,18.42,4.91,26.66
20-Jun-2023,16.15,17.08,15.69,17.02,23.33,-6.31,-27.05
21-Jun-2023,16.26,17.74,16.45,16.97,17.02,-0.04,-0.26
22-Jun-2023,19.82,19.85,18.97,19.09,16.97,2.11,12.46
23-Jun-2023,22.52,24.08,19.81,21.38,19.09,2.3,12.02
26-Jun-2023,21.34,21.69,18.08,20.74,21.38,-0.64,-2.98
27-Jun-2023,19.9,21.9,18.81,20.14,20.74,-0.61,-2.92
28-Jun-2023,20.6,20.97,19.12,20.55,20.14,0.41,2.04
29-Jun-2023,22.29,23.83,21.03,22.58,20.55,2.03,9.9
30-Jun-2023,19.66,23.38,18.13,20.81,22.58,-1.77,-7.86
03-Jul-2023,19.53,18.88,15.96,18.86,20.81,-1.95,-9.38
04-Jul-2023,21.95,23.5,21.53,21.92,18.86,3.07,16.26
05-Jul-2023,18.85,17.96,15.78,17.41,21.92,-4.52,-20.61
06-Jul-2023,20.78,21.85,19.68,19.68,17.41,2.28,13.08
07-Jul-2023,17.19,17.01,14.15,15.68,19.68,-4.0,-20.34
10-Jul-2023,17.9,17.56,17.4,17.51,15.68,1.83,11.68
11-Jul-2023,22.27,24.1,20.76,22.46,17.51,4.95,28.28
12-Jul-2023,15.24,19.39,15.52,17.0,22.46,-5.46,-24.32
13-Jul-2023,22.47,20.91,17.9,20.15,17.0,3.15,18.56
14-Jul-2023,15.79,18.01,15.18,17.45,20.15,-2.71,-13.43
17-Jul-2023,18.73,20.72,15.81,18.32,17.45,0.87,5.0
18-Jul-2023,20.0,23.02,21.47,21.68,18.32,3.36,18.36
19-Jul-2023,16.12,18.76,15.84,16.42,21.68,-5.26,-24.26
20-Jul-2023,15.19,17.55,12.69,15.41,16.42,-1.01,-6.17
21-Jul-2023,13.36,15.38,12.64,13.36,15.41,-2.05,-13.31
24-Jul-2023,13.44,17.26,14.26,15.79,13.36,2.43,18.19
25-Jul-2023,18.09,19.76,14.73,16.82,15.79,1.04,6.56
26-Jul-2023,13.97,15.93,10.66,13.57,16.82,-3.25,-19.31
27-Jul-2023,18.24,20.69,16.88,19.54,13.57,5.96,43.94
28-Jul-2023,21.73,20.19,18.72,19.72,19.54,0.18,0.94
31-Jul-2023,17.07,17.23,15.97,16.69,19.72,-3.04,-15.4
01-Aug-2023,15.85,19.45,16.72,17.68,16.69,0.99,5.94
02-Aug-2023,19.18,20.35,18.8,18.88,17.68,1.2,6.8
03-Aug-2023,16.7,17.85,13.73,16.03,18.88,-2.85,-15.08
04-Aug-2023,16.31,16.08,13.05,15.61,16.03,-0.42,-2.63
07-Aug-2023,14.88,16.32,15.07,15.93,15.61,0.32,2.04
08-Aug-2023,14.59,17.43,14.51,15.58,15.93,-0.35,-2.21
09-Aug-2023,20.66,22.1,19.44,20.66,15.58,5.08,32.64
10-Aug-2023,18.74,22.38,16.67,19.42,20.66,-1.25,-6.03
11-Aug-2023,19.13,21.77,16.16,19.07,19.42,-0.35,-1.8
14-Aug-2023,19.09,18.96,16.61,18.44,19.07,-0.63,-3.29
15-Aug-2023,17.79,19.55,17.03,18.22,18.44,-0.22,-1.22
16-Aug-2023,19.96,20.95,19.48,19.77,18.22,1.56,8.55
17-Aug-2023,15.97,18.62,14.24,16.38,19.77,-3.39,-17.15
18-Aug-2023,17.71,19.37,17.47,18.53,16.38,2.15,13.11
21-Aug-2023,21.28,22.93,21.51,21.73,18.53,3.2,17.27
22-Aug-2023,18.12,18.84,15.24,18.06,21.73,-3.67,-16.9
23-Aug-2023,16.3,16.91,15.38,16.56,18.06,-1.5,-8.29
24-Aug-2023,18.85,20.08,15.78,18.74,16.56,2.18,13.17
25-Aug-2023,20.48,20.81,18.53,19.51,18.74,0.76,4.08
28-Aug-2023,19.78,23.32,18.95,20.62,19.51,1.12,5.72
29-Aug-2023,21.4,23.48,18.16,21.14,20.62,0.52,2.5
30-Aug-2023,18.53,18.06,17.16,17.95,21.14,-3.19,-15.08
31-Aug-2023,16.69,19.58,14.58,17.14,17.95,-0.81,-4.51
01-Sep-2023,18.02,20.96,16.88,19.71,17.14,2.57,14.99
04-Sep-2023,15.99,17.92,14.93,17.08,19.71,-2.63,-13.32
05-Sep-2023,18.78,20.02,16.52,17.43,17.08,0.35,2.02
06-Sep-2023,19.36,18.7,16.1,18.65,17.43,1.22,6.99
07-Sep-2023,14.13,16.22,11.07,13.85,18.65,-4.8,-25.73
08-Sep-2023,16.32,19.86,17.15,17.9,13.85,4.05,29.21
11-Sep-2023,11.96,12.67,9.71,12.15,17.9,-5.75,-32.13
12-Sep-2023,18.99,19.47,15.76,18.12,12.15,5.97,49.18
13-Sep-2023,17.56,19.82,16.63,16.94,18.12,-1.18,-6.5
14-Sep-2023,13.3,15.49,12.14,15.05,16.94,-1.89,-11.14
15-Sep-2023,18.61,21.17,18.2,18.78,15.05,3.73,24.77
18-Sep-2023,20.29,20.61,19.05,19.57,18.78,0.79,4.18
19-Sep-2023,15.85,17.86,16.47,16.92,19.57,-2.65,-13.55
20-Sep-2023,16.09,16.8,12.89,15.46,16.92,-1.46,-8.61
21-Sep-2023,14.55,15.71,14.49,15.2,15.46,-0.26,-1.65
22-Sep-2023,15.02,17.33,13.02,15.74,15.2,0.53,3.52
25-Sep-2023,25.9,28.25,23.49,25.96,15.74,10.22,64.95
26-Sep-2023,17.79,19.05,17.67,18.85,25.96,-7.11,-27.4
27-Sep-2023,20.4,23.59,19.59,21.83,18.85,2.98,15.8
28-Sep-2023,22.16,21.52,21.42,21.5,21.83,-0.32,-1.48
29-Sep-2023,19.89,21.86,15.98,18.96,21.5,-2.55,-11.84
02-Oct-2023,19.54,23.0,19.77,21.19,18.96,2.23,11.78
03-Oct-2023,19.74,19.63,18.47,18.88,21.19,-2.31,-10.88
04-Oct-2023,17.11,18.35,16.94,17.45,18.88,-1.44,-7.6
05-Oct-2023,21.11,21.66,18.76,20.93,17.45,3.48,19.93
06-Oct-2023,17.25,19.42,16.37,16.83,20.93,-4.1,-19.59
09-Oct-2023,12.78,15.77,11.54,13.44,16.83,-3.39,-20.15
10-Oct-2023,18.38,19.52,17.08,17.55,13.44,4.11,30.61
11-Oct-2023,18.52,21.31,17.62,19.19,17.55,1.65,9.38
12-Oct-2023,19.78,21.91,18.95,20.09,19.19,0.9,4.66
13-Oct-2023,10.4,12.89,11.75,12.33,20.09,-7.76,-38.63
16-Oct-2023,18.5,21.95,17.98,19.21,12.33,6.88,55.79
17-Oct-2023,21.58,24.15,19.61,22.31,19.21,3.11,16.18
18-Oct-2023,18.04,19.74,16.28,17.75,22.31,-4.57,-20.46
19-Oct-2023,20.03,22.7,19.38,19.99,17.75,2.24,12.65
20-Oct-2023,22.57,24.76,18.83,21.83,19.99,1.84,9.21
23-Oct-2023,20.33,21.46,16.99,18.51,21.83,-3.32,-15.21
24-Oct-2023,16.41,19.06,15.57,16.09,18.51,-2.43,-13.11
25-Oct-2023,14.38,16.11,12.18,14.33,16.09,-1.76,-10.93
26-Oct-2023,19.49,20.59,18.82,19.71,14.33,5.38,37.57
27-Oct-2023,17.43,17.35,16.95,17.29,19.71,-2.42,-12.29
30-Oct-2023,19.01,19.53,18.18,18.79,17.29,1.5,8.68
31-Oct-2023,16.29,17.69,13.77,16.06,18.79,-2.73,-14.54
01-Nov-2023,18.37,18.31,17.14,17.6,16.06,1.55,9.62
02-Nov-2023,15.31,16.49,13.79,15.86,17.6,-1.74,-9.87
03-Nov-2023,19.02,17.76,15.03,16.64,15.86,0.77,4.87
06-Nov-2023,17.59,20.72,15.75,18.29,16.64,1.65,9.94
07-Nov-2023,17.9,20.77,16.72,18.01,18.29,-0.28,-1.52
08-Nov-2023,16.01,17.9,13.52,15.9,18.01,-2.12,-11.74
09-Nov-2023,21.71,22.07,20.76,21.86,15.9,5.96,37.48
10-Nov-2023,16.82,19.09,17.4,17.97,21.86,-3.89,-17.79
13-Nov-2023,14.63,16.83,15.47,16.78,17.97,-1.19,-6.64
14-Nov-2023,14.94,16.56,15.65,15.89,16.78,-0.88,-5.27
15-Nov-2023,11.86,13.76,11.96,12.41,15.89,-3.49,-21.94
16-Nov-2023,13.81,14.6,11.51,13.79,12.41,1.38,11.14
17-Nov-2023,17.53,18.74,18.03,18.38,13.79,4.6,33.34
20-Nov-2023,18.24,18.54,18.11,18.27,18.38,-0.11,-0.6
21-Nov-2023,20.74,22.04,21.07,21.7,18.27,3.43,18.77
22-Nov-2023,15.63,18.21,14.09,16.54,21.7,-5.16,-23.79
23-Nov-2023,18.81,20.7,16.95,18.06,16.54,1.52,9.18
24-Nov-2023,15.29,17.96,15.42,16.09,18.06,-1.97,-10.92
27-Nov-2023,19.05,20.77,18.63,18.86,16.09,2.77,17.22
28-Nov-2023,16.48,16.74,14.08,16.02,18.86,-2.83,-15.03
29-Nov-2023,18.56,18.61,15.66,17.93,16.02,1.91,11.9
30-Nov-2023,19.38,20.55,17.01,18.7,17.93,0.77,4.28
01-Dec-2023,21.31,21.04,20.67,20.71,18.7,2.01,10.73
04-Dec-2023,17.47,18.0,16.6,16.64,20.71,-4.06,-19.62
05-Dec-2023,19.32,19.74,16.65,18.0,16.64,1.36,8.17
06-Dec-2023,18.47,18.27,17.76,18.01,18.0,0.01,0.05
07-Dec-2023,18.54,19.7,16.96,18.75,18.01,0.73,4.08
08-Dec-2023,20.37,20.48,16.14,19.08,18.75,0.33,1.75
11-Dec-2023,21.28,20.76,18.93,20.03,19.08,0.95,5.0
12-Dec-2023,18.54,18.78,15.87,17.92,20.03,-2.11,-10.55
13-Dec-2023,25.67,27.98,22.77,25.12,17.92,7.21,40.23
14-Dec-2023,18.27,20.29,16.05,18.77,25.12,-6.35,-25.28
15-Dec-2023,15.13,17.1,15.8,16.7,18.77,-2.07,-11.03
18-Dec-2023,19.99,23.78,21.44,22.3,16.7,5.6,33.54
19-Dec-2023,16.64,18.5,15.22,18.12,22.3,-4.18,-18.76
20-Dec-2023,13.93,17.49,14.45,14.66,18.12,-3.46,-19.08
21-Dec-2023,16.31,19.64,15.69,18.06,14.66,3.4,23.2
22-Dec-2023,21.16,24.95,20.43,22.29,18.06,4.23,23.41
25-Dec-2023,14.67,18.5,12.91,15.84,22.29,-6.45,-28.94
26-Dec-2023,20.59,22.21,18.96,20.85,15.84,5.01,31.6
27-Dec-2023,19.8,22.22,19.38,20.89,20.85,0.04,0.19
28-Dec-2023,10.67,13.77,8.74,11.46,20.89,-9.43,-45.14
29-Dec-2023,15.97,17.54,15.26,16.32,11.46,4.86,42.42
01-Jan-2024,17.28,17.48,14.01,15.94,16.32,-0.38,-2.33
02-Jan-2024,20.55,20.54,17.96,20.37,15.94,4.43,27.77
03-Jan-2024,19.6,23.57,19.62,20.72,20.37,0.35,1.73
04-Jan-2024,19.09,23.59,18.87,20.72,20.72,0.0,0.01
05-Jan-2024,21.69,21.67,20.16,21.49,20.72,0.77,3.74
08-Jan-2024,14.71,16.18,15.42,15.85,21.49,-5.65,-26.27
09-Jan-2024,21.05,24.69,20.4,22.1,15.85,6.25,39.43
10-Jan-2024,19.73,21.08,17.6,18.86,22.1,-3.23,-14.64
11-Jan-2024,17.97,18.09,15.42,17.69,18.86,-1.17,-6.2
12-Jan-2024,20.01,20.09,16.51,18.68,17.69,0.99,5.58
15-Jan-2024,19.37,19.6,17.07,18.1,18.68,-0.58,-3.1
16-Jan-2024,15.79,17.13,14.35,15.31,18.1,-2.79,-15.4
17-Jan-2024,17.78,19.8,18.1,18.11,15.31,2.79,18.23
18-Jan-2024,15.39,17.18,13.13,15.9,18.11,-2.21,-12.18
19-Jan-2024,20.43,20.9,17.47,19.62,15.9,3.72,23.37
22-Jan-2024,19.81,20.98,18.93,19.18,19.62,-0.44,-2.24
23-Jan-2024,23.06,22.76,21.78,22.56,19.18,3.38,17.62
24-Jan-2024,21.58,22.01,18.68,21.2,22.56,-1.36,-6.02
25-Jan-2024,18.9,21.75,18.62,19.8,21.2,-1.4,-6.61
26-Jan-2024,20.66,20.95,18.95,20.24,19.8,0.44,2.22
29-Jan-2024,16.73,18.04,12.87,15.23,20.24,-5.0,-24.73
30-Jan-2024,18.64,20.3,16.5,17.53,15.23,2.29,15.06
31-Jan-2024,20.7,21.91,19.03,19.67,17.53,2.14,12.2
01-Feb-2024,16.13,17.98,13.53,16.4,19.67,-3.27,-16.63
02-Feb-2024,18.31,17.73,15.0,17.5,16.4,1.1,6.74
05-Feb-2024,18.52,19.55,16.68,17.89,17.5,0.39,2.25
06-Feb-2024,19.47,20.23,17.86,18.42,17.89,0.53,2.94
07-Feb-2024,17.75,19.63,15.89,18.8,18.42,0.38,2.07
08-Feb-2024,17.93,18.56,14.7,17.35,18.8,-1.45,-7.7
09-Feb-2024,13.96,14.64,13.35,13.42,17.35,-3.93,-22.67
12-Feb-2024,19.86,19.91,17.96,19.57,13.42,6.15,45.84
13-Feb-2024,17.68,21.86,17.64,19.23,19.57,-0.34,-1.75
14-Feb-2024,16.71,19.4,16.56,16.8,19.23,-2.42,-12.6
15-Feb-2024,17.55,18.85,14.66,16.05,16.8,-0.76,-4.51
16-Feb-2024,20.64,20.58,18.5,19.98,16.05,3.94,24.54
19-Feb-2024,14.14,17.86,14.15,15.26,19.98,-4.73,-23.66
20-Feb-2024,19.5,22.52,16.82,19.64,15.26,4.38,28.74
21-Feb-2024,17.44,19.8,14.84,17.61,19.64,-2.03,-10.35
22-Feb-2024,16.26,13.51,12.14,13.37,17.61,-4.24,-24.08
23-Feb-2024,13.72,15.02,12.47,14.46,13.37,1.09,8.18
26-Feb-2024,10.95,16.02,12.6,13.75,14.46,-0.71,-4.93
27-Feb-2024,18.35,21.56,18.69,18.88,13.75,5.13,37.32
28-Feb-2024,23.12,23.07,19.05,21.48,18.88,2.6,13.77
29-Feb-2024,12.97,14.55,12.17,14.28,21.48,-7.2,-33.53
01-Mar-2024,19.76,21.54,18.44,18.6,14.28,4.32,30.27
04-Mar-2024,15.28,17.04,15.11,16.41,18.6,-2.18,-11.74
05-Mar-2024,21.18,21.61,17.94,19.76,16.41,3.35,20.39
06-Mar-2024,14.71,15.51,13.57,15.17,19.76,-4.59,-23.24
07-Mar-2024,15.85,16.2,14.84,15.22,15.17,0.05,0.34
08-Mar-2024,16.23,20.58,18.7,19.17,15.22,3.95,25.94
11-Mar-2024,18.54,20.5,15.78,17.87,19.17,-1.3,-6.77
12-Mar-2024,18.8,19.24,16.9,18.78,17.87,0.91,5.09
13-Mar-2024,19.71,22.74,19.75,19.94,18.78,1.16,6.19
14-Mar-2024,20.56,21.8,18.27,20.66,19.94,0.72,3.59
15-Mar-2024,17.16,19.27,15.34,17.23,20.66,-3.43,-16.59
18-Mar-2024,20.43,21.91,19.94,20.7,17.23,3.47,20.13
19-Mar-2024,15.11,17.25,15.68,15.92,20.7,-4.78,-23.1
20-Mar-2024,15.96,19.41,15.23,16.82,15.92,0.9,5.66
21-Mar-2024,21.3,23.97,19.32,21.11,16.82,4.29,25.52
22-Mar-2024,17.22,20.92,16.39,17.95,21.11,-3.16,-14.96
25-Mar-2024,14.52,16.31,14.67,15.3,17.95,-2.65,-14.77
26-Mar-2024,22.59,22.52,21.17,21.26,15.3,5.96,38.97
27-Mar-2024,14.03,16.08,11.84,14.18,21.26,-7.09,-33.34
28-Mar-2024,14.33,16.42,12.33,14.8,14.18,0.62,4.38
29-Mar-2024,16.85,19.01,14.66,16.62,14.8,1.82,12.31
01-Apr-2024,13.46,16.07,13.06,14.06,16.62,-2.56,-15.38
02-Apr-2024,19.93,21.91,20.12,20.95,14.06,6.88,48.94
03-Apr-2024,16.18,19.51,16.25,16.89,20.95,-4.05,-19.34
04-Apr-2024,16.59,18.47,15.37,17.31,16.89,0.42,2.47
05-Apr-2024,19.18,20.12,17.33,18.91,17.31,1.6,9.24
08-Apr-2024,17.76,18.2,17.02,17.79,18.91,-1.12,-5.91
09-Apr-2024,18.65,19.87,17.38,19.81,17.79,2.02,11.34
10-Apr-2024,14.27,16.82,15.02,15.93,19.81,-3.88,-19.59
11-Apr-2024,16.76,18.44,15.26,16.87,15.93,0.94,5.9
12-Apr-2024,20.2,20.02,19.28,19.78,16.87,2.91,17.23
15-Apr-2024,21.31,22.33,19.27,21.4,19.78,1.62,8.19
16-Apr-2024,19.75,21.32,18.43,18.95,21.4,-2.45,-11.44
17-Apr-2024,13.71,16.33,12.63,14.47,18.95,-4.48,-23.62
18-Apr-2024,14.95,17.66,13.29,16.29,14.47,1.81,12.52
19-Apr-2024,19.18,18.65,16.61,18.53,16.29,2.24,13.77
22-Apr-2024,17.51,17.15,15.66,15.77,18.53,-2.76,-14.91
23-Apr-2024,18.92,18.94,15.66,18.49,15.77,2.72,17.24
24-Apr-2024,20.57,20.23,19.54,20.14,18.49,1.66,8.95
25-Apr-2024,20.31,20.31,15.15,17.88,20.14,-2.27,-11.25
26-Apr-2024,21.1,20.25,17.29,20.0,17.88,2.13,11.89
29-Apr-2024,15.1,16.79,14.39,15.73,20.0,-4.27,-21.36
30-Apr-2024,16.9,19.27,15.82,16.79,15.73,1.06,6.73
01-May-2024,18.18,18.27,17.62,17.65,16.79,0.87,5.16
02-May-2024,21.92,22.62,18.7,20.75,17.65,3.1,17.55
03-May-2024,18.55,19.26,16.36,17.9,20.75,-2.85,-13.73
06-May-2024,20.99,21.25,20.74,21.07,17.9,3.17,17.7
07-May-2024,17.53,18.63,16.86,18.36,21.07,-2.71,-12.86
08-May-2024,19.0,19.1,16.2,18.23,18.36,-0.13,-0.69
09-May-2024,16.29,18.27,17.05,17.09,18.23,-1.15,-6.29
10-May-2024,14.87,18.17,15.48,15.77,17.09,-1.31,-7.68
13-May-2024,11.71,12.92,10.74,11.79,15.77,-3.98,-25.24
14-May-2024,16.29,19.29,14.22,16.79,11.79,5.0,42.39
15-May-2024,20.19,21.48,17.17,19.29,16.79,2.5,14.87
16-May-2024,16.23,18.86,14.79,17.26,19.29,-2.03,-10.52
17-May-2024,16.83,17.77,15.44,17.48,17.26,0.22,1.25
20-May-2024,14.62,18.4,15.38,16.39,17.48,-1.08,-6.19
21-May-2024,12.56,15.46,12.11,14.53,16.39,-1.86,-11.34
22-May-2024,14.71,15.14,12.79,15.01,14.53,0.47,3.26
23-May-2024,17.94,21.41,18.17,19.84,15.01,4.84,32.22
24-May-2024,19.53,23.28,19.51,21.35,19.84,1.51,7.61
27-May-2024,21.82,22.42,20.33,21.3,21.35,-0.05,-0.25
28-May-2024,18.55,21.22,16.22,18.56,21.3,-2.74,-12.86
29-May-2024,20.19,19.36,14.77,16.63,18.56,-1.93,-10.4
30-May-2024,17.2,18.66,14.81,17.56,16.63,0.93,5.58
31-May-2024,18.18,16.81,12.58,15.36,17.56,-2.2,-12.5
03-Jun-2024,21.29,23.21,19.59,20.68,15.36,5.31,34.57
04-Jun-2024,17.81,18.64,17.64,18.08,20.68,-2.6,-12.55
05-Jun-2024,19.12,20.39,18.2,20.07,18.08,1.99,11.01
06-Jun-2024,17.48,18.9,14.64,16.8,20.07,-3.28,-16.32
07-Jun-2024,15.23,18.38,13.77,15.75,16.8,-1.04,-6.22
10-Jun-2024,15.83,16.55,14.39,15.88,15.75,0.13,0.84
11-Jun-2024,18.63,23.32,19.66,20.37,15.88,4.49,28.25
12-Jun-2024,15.83,16.34,14.0,15.19,20.37,-5.18,-25.44
13-Jun-2024,22.13,23.58,20.61,23.24,15.19,8.05,53.03
14-Jun-2024,18.34,20.92,17.18,18.24,23.24,-5.0,-21.53
17-Jun-2024,18.39,20.31,18.56,19.03,18.24,0.8,4.36
18-Jun-2024,20.4,18.74,17.91,18.0,19.03,-1.04,-5.46
19-Jun-2024,18.11,19.65,15.37,17.36,18.0,-0.63,-3.53
20-Jun-2024,19.78,23.46,18.56,20.51,17.36,3.15,18.14
21-Jun-2024,17.49,18.02,14.53,16.34,20.51,-4.17,-20.35
24-Jun-2024,20.41,20.75,18.42,19.01,16.34,2.68,16.39
25-Jun-2024,22.43,23.47,19.63,21.88,19.01,2.86,15.06
26-Jun-2024,16.69,18.64,16.78,17.73,21.88,-4.14,-18.94
27-Jun-2024,16.41,18.34,15.05,17.16,17.73,-0.57,-3.21
28-Jun-2024,22.59,24.31,20.13,21.7,17.16,4.54,26.44
01-Jul-2024,17.94,16.5,14.27,16.28,21.7,-5.42,-24.97
02-Jul-2024,19.78,20.74,15.48,18.27,16.28,1.99,12.21
03-Jul-2024,15.47,17.45,16.26,16.52,18.27,-1.75,-9.59
04-Jul-2024,19.13,18.23,16.13,18.12,16.52,1.6,9.7
05-Jul-2024,19.61,21.58,17.48,20.09,18.12,1.96,10.83
08-Jul-2024,20.39,19.5,18.34,19.46,20.09,-0.62,-3.1
09-Jul-2024,20.09,19.13,17.54,18.26,19.46,-1.2,-6.16
10-Jul-2024,17.14,19.24,16.05,16.88,18.26,-1.38,-7.56
11-Jul-2024,18.53,19.34,16.63,18.5,16.88,1.61,9.55
12-Jul-2024,15.89,18.79,16.03,16.19,18.5,-2.3,-12.44
15-Jul-2024,19.73,20.46,18.7,18.75,16.19,2.55,15.77
16-Jul-2024,17.58,20.62,15.64,18.18,18.75,-0.57,-3.05
17-Jul-2024,9.21,11.01,8.65,10.91,18.18,-7.27,-40.0
18-Jul-2024,16.28,17.55,15.59,16.82,10.91,5.91,54.23
19-Jul-2024,18.05,19.93,17.41,18.28,16.82,1.46,8.68
22-Jul-2024,14.98,16.07,14.12,15.23,18.28,-3.05,-16.69
23-Jul-2024,12.9,15.1,11.81,12.21,15.23,-3.02,-19.83
24-Jul-2024,16.93,19.72,15.7,17.86,12.21,5.65,46.27
25-Jul-2024,21.24,23.53,18.86,20.98,17.86,3.12,17.45
26-Jul-2024,17.96,17.44,14.88,16.74,20.98,-4.23,-20.19
29-Jul-2024,16.79,17.24,13.75,16.67,16.74,-0.08,-0.46
30-Jul-2024,16.45,19.12,16.69,17.05,16.67,0.38,2.3
31-Jul-2024,18.31,20.97,17.08,19.22,17.05,2.17,12.7
01-Aug-2024,20.61,21.73,20.24,20.61,19.22,1.4,7.27
02-Aug-2024,20.26,20.62,18.98,19.09,20.61,-1.53,-7.41
05-Aug-2024,12.55,14.05,11.08,13.13,19.09,-5.96,-31.22
06-Aug-2024,21.28,23.67,21.15,21.44,13.13,8.31,63.3
07-Aug-2024,16.36,16.51,15.11,15.57,21.44,-5.86,-27.35
08-Aug-2024,18.61,20.21,16.65,18.3,15.57,2.73,17.52
09-Aug-2024,16.33,17.19,13.21,15.4,18.3,-2.91,-15.88
12-Aug-2024,16.46,20.62,16.34,18.37,15.4,2.97,19.28
13-Aug-2024,19.6,19.32,15.89,18.81,18.37,0.44,2.42
14-Aug-2024,15.97,17.31,13.39,16.35,18.81,-2.46,-13.07
15-Aug-2024,18.82,20.62,17.33,18.42,16.35,2.07,12.67
16-Aug-2024,21.19,23.77,19.86,20.77,18.42,2.34,12.72
19-Aug-2024,18.95,21.66,17.89,20.3,20.77,-0.47,-2.24
20-Aug-2024,22.71,22.67,19.0,21.26,20.3,0.96,4.73
21-Aug-2024,18.92,20.21,15.62,17.61,21.26,-3.65,-17.16
22-Aug-2024,22.13,22.62,18.96,21.15,17.61,3.54,20.1
23-Aug-2024,16.39,20.73,17.16,17.74,21.15,-3.42,-16.16
26-Aug-2024,19.27,18.81,16.22,17.74,17.74,0.0,0.01
27-Aug-2024,15.19,16.05,13.15,14.97,17.74,-2.77,-15.63
28-Aug-2024,16.42,19.8,15.55,16.92,14.97,1.95,13.05
29-Aug-2024,18.29,18.33,17.66,17.68,16.92,0.76,4.47
30-Aug-2024,19.9,21.08,19.96,20.07,17.68,2.4,13.55
02-Sep-2024,17.49,20.82,16.93,18.3,20.07,-1.78,-8.85
03-Sep-2024,18.57,18.21,16.84,17.94,18.3,-0.35,-1.92
04-Sep-2024,16.48,17.48,15.76,16.66,17.94,-1.28,-7.14
05-Sep-2024,19.87,22.3,17.08,19.61,16.66,2.95,17.68
06-Sep-2024,17.53,17.57,15.69,17.22,19.61,-2.39,-12.19
09-Sep-2024,20.4,21.0,17.75,19.89,17.22,2.67,15.52
10-Sep-2024,16.72,19.11,13.97,16.22,19.89,-3.68,-18.48
11-Sep-2024,16.32,19.32,15.33,16.57,16.22,0.35,2.16
12-Sep-2024,18.69,19.75,16.53,17.98,16.57,1.41,8.51
13-Sep-2024,19.64,19.43,17.33,18.43,17.98,0.45,2.53
16-Sep-2024,14.87,16.35,15.41,15.81,18.43,-2.62,-14.2
17-Sep-2024,17.61,21.14,17.18,19.02,15.81,3.2,20.25
18-Sep-2024,15.05,16.35,14.51,14.77,19.02,-4.24,-22.31
19-Sep-2024,16.05,17.05,14.3,16.32,14.77,1.55,10.47
20-Sep-2024,19.02,18.87,15.73,16.66,16.32,0.34,2.1
23-Sep-2024,18.92,18.29,16.55,17.99,16.66,1.33,7.99
24-Sep-2024,14.49,17.8,15.08,16.76,17.99,-1.24,-6.87
25-Sep-2024,17.22,19.94,16.0,18.2,16.76,1.44,8.58
26-Sep-2024,17.05,17.87,16.76,17.64,18.2,-0.55,-3.04
27-Sep-2024,16.52,16.67,14.62,16.53,17.64,-1.12,-6.34
30-Sep-2024,18.12,19.9,18.92,19.42,16.53,2.9,17.52
01-Oct-2024,17.51,19.1,15.65,17.61,19.42,-1.81,-9.34
02-Oct-2024,20.51,22.96,19.42,20.09,17.61,2.48,14.11
03-Oct-2024,16.4,18.81,15.57,18.08,20.09,-2.01,-10.01
04-Oct-2024,18.29,20.05,17.11,18.62,18.08,0.54,2.97
07-Oct-2024,20.22,21.33,17.44,20.22,18.62,1.6,8.61
08-Oct-2024,18.09,21.35,15.98,18.5,20.22,-1.72,-8.51
09-Oct-2024,16.5,20.13,15.13,17.69,18.5,-0.81,-4.38
10-Oct-2024,13.13,15.74,14.41,14.53,17.69,-3.16,-17.85
11-Oct-2024,19.6,18.89,16.5,18.38,14.53,3.85,26.47
14-Oct-2024,21.57,20.8,17.05,19.94,18.38,1.56,8.51
15-Oct-2024,24.97,24.29,23.69,23.91,19.94,3.97,19.9
16-Oct-2024,17.46,17.22,14.54,16.58,23.91,-7.34,-30.67
17-Oct-2024,17.42,20.01,14.51,17.04,16.58,0.46,2.76
18-Oct-2024,18.73,21.09,16.44,18.71,17.04,1.68,9.85
21-Oct-2024,17.42,19.5,17.2,17.85,18.71,-0.87,-4.63
22-Oct-2024,16.69,18.02,17.88,17.98,17.85,0.13,0.75
23-Oct-2024,14.83,16.03,13.61,14.17,17.98,-3.81,-21.18
24-Oct-2024,16.84,19.8,17.64,17.71,14.17,3.54,24.95
25-Oct-2024,17.88,21.55,16.3,19.23,17.71,1.52,8.6
28-Oct-2024,16.87,18.5,15.98,15.99,19.23,-3.24,-16.85
29-Oct-2024,16.15,18.25,14.0,16.3,15.99,0.31,1.93
30-Oct-2024,18.55,18.1,17.39,17.76,16.3,1.46,8.98
31-Oct-2024,15.17,16.54,14.45,14.73,17.76,-3.03,-17.09
01-Nov-2024,16.85,19.01,14.5,16.48,14.73,1.75,11.87
04-Nov-2024,18.59,18.32,15.06,17.67,16.48,1.2,7.27
05-Nov-2024,17.14,20.0,15.27,17.92,17.67,0.24,1.38
06-Nov-2024,18.0,19.4,16.36,19.09,17.92,1.17,6.53
07-Nov-2024,21.17,22.65,20.83,21.26,19.09,2.17,11.37
08-Nov-2024,13.8,16.77,12.42,14.13,21.26,-7.13,-33.54
11-Nov-2024,16.99,18.3,14.87,16.16,14.13,2.04,14.41
12-Nov-2024,20.75,21.86,20.02,20.66,16.16,4.5,27.86
13-Nov-2024,13.7,14.61,10.9,13.03,20.66,-7.63,-36.94
14-Nov-2024,18.11,19.12,15.57,16.66,13.03,3.63,27.86
15-Nov-2024,15.7,18.69,16.52,17.13,16.66,0.47,2.84
18-Nov-2024,15.84,18.43,16.93,18.08,17.13,0.95,5.52
19-Nov-2024,16.79,19.87,15.84,17.21,18.08,-0.87,-4.79
20-Nov-2024,21.16,22.93,17.96,20.83,17.21,3.62,21.0
21-Nov-2024,15.52,16.27,12.25,14.67,20.83,-6.16,-29.57
22-Nov-2024,15.96,18.0,15.09,16.1,14.67,1.43,9.78
25-Nov-2024,16.69,16.79,13.89,16.64,16.1,0.53,3.3
26-Nov-2024,21.89,22.9,21.3,21.62,16.64,4.99,29.98
27-Nov-2024,16.3,19.58,14.51,17.31,21.62,-4.32,-19.96
28-Nov-2024,21.04,23.06,18.93,21.82,17.31,4.51,26.05
29-Nov-2024,12.94,14.81,11.16,12.57,21.82,-9.24,-42.37
02-Dec-2024,17.39,18.44,17.86,17.99,12.57,5.42,43.11
03-Dec-2024,18.37,19.52,17.06,19.51,17.99,1.52,8.44
04-Dec-2024,21.63,23.25,18.15,20.81,19.51,1.3,6.65
05-Dec-2024,12.48,15.12,11.94,12.94,20.81,-7.86,-37.8
06-Dec-2024,17.82,18.13,17.36,17.57,12.94,4.62,35.72
09-Dec-2024,17.66,18.7,14.92,17.03,17.57,-0.54,-3.08
10-Dec-2024,22.28,23.64,20.51,22.3,17.03,5.28,31.0
11-Dec-2024,16.71,20.66,15.93,18.63,22.3,-3.67,-16.46
12-Dec-2024,15.68,18.34,14.98,16.73,18.63,-1.9,-10.19
13-Dec-2024,15.88,16.68,14.7,16.65,16.73,-0.09,-0.51
16-Dec-2024,17.41,19.55,15.4,17.52,16.65,0.87,5.24
17-Dec-2024,15.05,18.44,16.57,17.51,17.52,-0.01,-0.04
18-Dec-2024,15.5,18.34,14.54,15.52,17.51,-1.99,-11.38
19-Dec-2024,18.54,20.1,15.67,17.48,15.52,1.96,12.64
20-Dec-2024,18.36,20.36,18.3,18.99,17.48,1.51,8.63
23-Dec-2024,15.77,16.93,12.84,15.63,18.99,-3.36,-17.71
24-Dec-2024,19.54,18.57,15.67,17.85,15.63,2.22,14.24
25-Dec-2024,18.7,20.01,16.77,19.28,17.85,1.43,8.03
26-Dec-2024,20.33,20.25,18.69,20.09,19.28,0.81,4.19
27-Dec-2024,19.59,21.34,15.42,18.41,20.09,-1.68,-8.37
30-Dec-2024,15.4,16.81,15.44,16.54,18.41,-1.87,-10.15
31-Dec-2024,18.21,19.34,17.48,17.85,16.54,1.3,7.87
01-Jan-2025,16.29,18.12,14.59,15.53,17.85,-2.32,-12.99
02-Jan-2025,25.16,26.44,23.06,24.45,15.53,8.92,57.45
03-Jan-2025,24.03,25.07,21.36,24.08,24.45,-0.37,-1.5
06-Jan-2025,18.85,18.47,15.95,17.15,24.08,-6.93,-28.79
07-Jan-2025,20.42,20.74,19.47,19.87,17.15,2.72,15.88
08-Jan-2025,20.53,22.8,19.04,21.19,19.87,1.32,6.64
09-Jan-2025,19.96,21.64,16.66,19.6,21.19,-1.58,-7.47
10-Jan-2025,17.73,18.7,16.07,16.92,19.6,-2.68,-13.69
13-Jan-2025,18.41,22.45,19.2,20.4,16.92,3.48,20.56
14-Jan-2025,20.84,22.18,20.11,21.08,20.4,0.68,3.32
15-Jan-2025,16.01,18.52,14.85,16.22,21.08,-4.86,-23.05
16-Jan-2025,16.26,19.51,17.17,17.44,16.22,1.23,7.56
17-Jan-2025,15.99,18.61,14.58,17.26,17.44,-0.18,-1.05
20-Jan-2025,20.54,21.25,18.03,19.55,17.26,2.29,13.24
21-Jan-2025,18.91,22.34,18.02,19.84,19.55,0.3,1.52
22-Jan-2025,15.93,18.18,15.52,16.2,19.84,-3.64,-18.36
23-Jan-2025,19.25,20.23,16.79,18.06,16.2,1.86,11.5
24-Jan-2025,21.15,23.98,18.82,21.07,18.06,3.01,16.64
27-Jan-2025,15.67,16.52,14.84,16.37,21.07,-4.7,-22.28
28-Jan-2025,16.11,18.57,15.0,16.8,16.37,0.43,2.61
29-Jan-2025,17.47,19.09,16.58,17.2,16.8,0.4,2.37
30-Jan-2025,20.28,22.18,18.7,20.72,17.2,3.52,20.48
31-Jan-2025,14.63,17.49,13.02,15.22,20.72,-5.5,-26.55
03-Feb-2025,22.63,24.59,20.68,22.22,15.22,7.0,45.98
04-Feb-2025,20.11,21.13,18.69,19.95,22.22,-2.27,-10.22
05-Feb-2025,15.37,18.41,15.6,16.15,19.95,-3.8,-19.05
06-Feb-2025,16.19,16.81,14.04,16.18,16.15,0.03,0.18
07-Feb-2025,15.17,17.61,13.43,15.29,16.18,-0.89,-5.5
10-Feb-2025,20.33,22.41,19.07,20.49,15.29,5.2,34.02
11-Feb-2025,16.39,16.44,16.01,16.12,20.49,-4.37,-21.32
12-Feb-2025,17.24,21.22,18.32,18.36,16.12,2.24,13.9
13-Feb-2025,21.22,22.26,19.47,21.5,18.36,3.14,17.09
14-Feb-2025,18.2,18.49,16.39,16.79,21.5,-4.71,-21.91
17-Feb-2025,16.13,18.92,13.72,16.28,16.79,-0.51,-3.05
18-Feb-2025,20.52,22.51,21.7,21.84,16.28,5.56,34.17
19-Feb-2025,17.37,18.06,16.12,16.69,21.84,-5.15,-23.6
20-Feb-2025,19.71,22.72,17.99,20.43,16.69,3.74,22.4
21-Feb-2025,16.85,19.38,15.54,17.7,20.43,-2.72,-13.34
24-Feb-2025,18.4,17.09,14.16,16.82,17.7,-0.88,-5.0
25-Feb-2025,20.74,20.37,17.7,18.23,16.82,1.41,8.41
26-Feb-2025,20.36,21.11,17.95,18.69,18.23,0.46,2.52
27-Feb-2025,16.86,17.09,15.45,17.07,18.69,-1.62,-8.67
28-Feb-2025,23.51,21.98,21.39,21.76,17.07,4.69,27.45
03-Mar-2025,14.13,17.92,13.86,15.62,21.76,-6.13,-28.2
04-Mar-2025,18.18,20.25,17.05,19.68,15.62,4.06,25.99
05-Mar-2025,16.26,19.12,15.36,16.72,19.68,-2.96,-15.04
06-Mar-2025,19.01,20.2,19.44,19.45,16.72,2.73,16.33
07-Mar-2025,18.1,18.11,15.9,17.69,19.45,-1.76,-9.05
10-Mar-2025,16.94,18.05,15.88,17.82,17.69,0.13,0.72
11-Mar-2025,17.54,17.41,14.26,17.03,17.82,-0.79,-4.44
12-Mar-2025,14.81,18.16,12.33,15.19,17.03,-1.84,-10.8
13-Mar-2025,14.45,16.22,13.82,15.56,15.19,0.37,2.43
14-Mar-2025,17.19,19.48,15.79,16.55,15.56,1.0,6.4
17-Mar-2025,16.59,19.47,16.0,16.9,16.55,0.35,2.09
18-Mar-2025,11.67,11.76,9.67,11.03,16.9,-5.87,-34.75
19-Mar-2025,19.32,19.35,17.54,17.8,11.03,6.77,61.43
20-Mar-2025,19.84,20.83,18.41,19.85,17.8,2.05,11.51
21-Mar-2025,18.21,17.71,16.2,16.9,19.85,-2.96,-14.89
24-Mar-2025,19.11,20.29,17.55,18.72,16.9,1.83,10.82
25-Mar-2025,19.79,19.5,16.95,19.18,18.72,0.46,2.46
26-Mar-2025,15.7,17.03,13.03,15.5,19.18,-3.69,-19.21
27-Mar-2025,17.92,18.81,15.08,17.48,15.5,1.98,12.79
28-Mar-2025,16.26,18.6,15.14,17.48,17.48,-0.0,-0.01
31-Mar-2025,18.17,19.11,16.77,17.53,17.48,0.05,0.27
01-Apr-2025,20.52,20.76,19.35,20.66,17.53,3.14,17.91
02-Apr-2025,17.11,16.82,13.71,16.07,20.66,-4.59,-22.22
03-Apr-2025,18.4,20.12,16.26,17.96,16.07,1.89,11.76
04-Apr-2025,20.32,21.65,19.66,20.94,17.96,2.97,16.54
07-Apr-2025,20.41,22.84,19.32,21.34,20.94,0.4,1.92
08-Apr-2025,17.65,17.94,14.41,16.57,21.34,-4.76,-22.33
09-Apr-2025,15.85,17.48,14.99,15.83,16.57,-0.74,-4.47
10-Apr-2025,20.53,22.46,19.2,20.01,15.83,4.18,26.41
11-Apr-2025,15.26,18.06,15.64,16.82,20.01,-3.19,-15.93
14-Apr-2025,16.22,15.52,13.78,15.01,16.82,-1.81,-10.78
15-Apr-2025,18.44,17.4,15.22,17.22,15.01,2.21,14.72
16-Apr-2025,15.48,16.57,13.63,14.77,17.22,-2.45,-14.2
17-Apr-2025,16.34,19.0,14.12,16.73,14.77,1.95,13.22
18-Apr-2025,13.36,17.78,14.13,15.12,16.73,-1.61,-9.6
21-Apr-2025,18.22,19.61,15.2,16.63,15.12,1.51,10.0
22-Apr-2025,19.98,22.04,19.03,19.86,16.63,3.23,19.42
23-Apr-2025,16.98,19.47,16.91,17.37,19.86,-2.5,-12.56
24-Apr-2025,17.59,20.58,16.78,18.89,17.37,1.52,8.78
25-Apr-2025,18.04,17.63,16.4,16.53,18.89,-2.36,-12.52
28-Apr-2025,13.63,16.41,12.23,14.19,16.53,-2.33,-14.12
29-Apr-2025,15.34,17.05,13.7,15.11,14.19,0.92,6.47
30-Apr-2025,16.08,18.07,14.54,16.58,15.11,1.47,9.72
01-May-2025,15.38,19.04,13.93,16.19,16.58,-0.39,-2.35
02-May-2025,19.0,18.2,16.9,17.45,16.19,1.26,7.78
05-May-2025,17.56,19.53,16.21,17.76,17.45,0.31,1.79
06-May-2025,15.78,20.88,15.79,18.12,17.76,0.36,2.01
07-May-2025,15.62,18.83,14.78,17.06,18.12,-1.07,-5.88
08-May-2025,18.66,20.67,19.35,20.61,17.06,3.55,20.84
09-May-2025,17.39,19.27,17.77,18.3,20.61,-2.31,-11.23
12-May-2025,21.92,22.61,20.46,21.47,18.3,3.17,17.33
13-May-2025,18.55,18.64,15.73,17.54,21.47,-3.93,-18.3
14-May-2025,13.52,17.45,12.96,14.99,17.54,-2.55,-14.54
15-May-2025,12.59,16.29,12.06,13.68,14.99,-1.31,-8.71
16-May-2025,15.93,16.94,13.34,16.29,13.68,2.61,19.07
19-May-2025,19.75,20.43,17.32,19.46,16.29,3.17,19.44
20-May-2025,19.64,20.64,18.93,19.83,19.46,0.37,1.91
21-May-2025,18.44,18.82,16.8,17.81,19.83,-2.02,-10.2
22-May-2025,12.72,17.42,12.44,14.95,17.81,-2.85,-16.03
23-May-2025,18.72,20.52,17.48,18.34,14.95,3.39,22.64
26-May-2025,16.89,21.21,16.08,18.36,18.34,0.02,0.09
27-May-2025,19.94,21.35,18.61,19.26,18.36,0.91,4.93
28-May-2025,19.57,20.04,17.05,18.63,19.26,-0.63,-3.26
29-May-2025,22.78,22.02,19.62,21.65,18.63,3.02,16.2
30-May-2025,20.11,23.65,21.24,21.91,21.65,0.26,1.21
02-Jun-2025,20.52,22.57,22.12,22.38,21.91,0.46,2.12
03-Jun-2025,16.52,19.52,15.99,17.68,22.38,-4.7,-21.01
04-Jun-2025,16.79,19.29,14.01,16.92,17.68,-0.75,-4.26
05-Jun-2025,21.33,21.58,19.27,20.48,16.92,3.55,21.0
06-Jun-2025,14.83,17.5,14.43,15.1,20.48,-5.37,-26.25
09-Jun-2025,22.57,25.29,22.12,22.79,15.1,7.69,50.92
10-Jun-2025,19.38,20.01,18.82,19.18,22.79,-3.62,-15.87
11-Jun-2025,19.04,20.19,17.06,18.84,19.18,-0.33,-1.73
12-Jun-2025,10.47,13.04,8.41,10.09,18.84,-8.76,-46.46
13-Jun-2025,21.04,21.33,17.37,19.48,10.09,9.39,93.08
16-Jun-2025,19.32,22.12,17.36,19.32,19.48,-0.16,-0.83
17-Jun-2025,13.18,15.25,12.12,13.19,19.32,-6.13,-31.75
18-Jun-2025,12.63,14.97,12.47,13.17,13.19,-0.01,-0.09
19-Jun-2025,14.93,15.63,13.37,14.37,13.17,1.2,9.08
20-Jun-2025,18.47,22.08,19.08,20.29,14.37,5.92,41.19
23-Jun-2025,18.29,20.27,17.51,18.19,20.29,-2.09,-10.32
24-Jun-2025,13.78,16.82,12.03,13.97,18.19,-4.23,-23.22
25-Jun-2025,16.39,19.92,14.94,17.25,13.97,3.28,23.48
26-Jun-2025,20.59,22.47,19.88,20.79,17.25,3.54,20.53
27-Jun-2025,19.15,19.36,16.78,17.99,20.79,-2.79,-13.44
30-Jun-2025,18.59,20.83,18.65,18.78,17.99,0.79,4.36
01-Jul-2025,22.08,22.15,19.89,21.34,18.78,2.56,13.64
02-Jul-2025,16.39,18.33,15.08,16.99,21.34,-4.35,-20.4
03-Jul-2025,18.54,19.94,17.18,17.47,16.99,0.48,2.81
04-Jul-2025,17.28,17.48,13.64,16.63,17.47,-0.84,-4.78
07-Jul-2025,19.59,18.28,15.94,18.2,16.63,1.57,9.44
08-Jul-2025,13.97,18.56,15.63,15.98,18.2,-2.22,-12.18
09-Jul-2025,18.36,17.27,14.33,17.21,15.98,1.23,7.69
10-Jul-2025,21.31,24.62,20.66,22.05,17.21,4.83,28.08
11-Jul-2025,18.84,23.09,19.41,20.25,22.05,-1.79,-8.13
14-Jul-2025,14.04,17.76,12.89,14.89,20.25,-5.37,-26.51
15-Jul-2025,19.5,19.41,16.75,18.99,14.89,4.11,27.59
16-Jul-2025,16.66,18.39,14.63,16.63,18.99,-2.36,-12.42
17-Jul-2025,16.32,19.87,16.7,17.27,16.63,0.64,3.83
18-Jul-2025,18.73,19.35,15.64,17.96,17.27,0.69,4.01
21-Jul-2025,17.82,20.31,16.92,17.49,17.96,-0.48,-2.66
22-Jul-2025,22.66,22.11,20.22,20.88,17.49,3.4,19.42
23-Jul-2025,18.14,18.5,16.68,18.28,20.88,-2.61,-12.48
24-Jul-2025,15.85,18.6,15.83,16.7,18.28,-1.58,-8.62
25-Jul-2025,21.44,23.04,19.5,20.97,16.7,4.27,25.55
28-Jul-2025,21.9,23.2,19.71,21.63,20.97,0.67,3.18
29-Jul-2025,19.52,21.3,18.27,19.56,21.63,-2.07,-9.59
30-Jul-2025,22.7,22.12,17.04,19.42,19.56,-0.14,-0.69
31-Jul-2025,18.41,21.63,18.56,18.78,19.42,-0.64,-3.31
01-Aug-2025,14.94,17.2,12.44,14.73,18.78,-4.04,-21.54
04-Aug-2025,21.94,23.57,22.05,22.94,14.73,8.21,55.7
05-Aug-2025,19.29,21.0,17.59,19.47,22.94,-3.47,-15.14
06-Aug-2025,17.65,18.48,14.95,16.08,19.47,-3.39,-17.39
07-Aug-2025,14.39,17.63,14.43,16.18,16.08,0.1,0.62
08-Aug-2025,20.26,19.3,15.5,18.06,16.18,1.87,11.57
11-Aug-2025,16.6,19.06,14.21,16.23,18.06,-1.83,-10.11
12-Aug-2025,20.06,21.21,17.52,18.56,16.23,2.33,14.39
13-Aug-2025,16.03,17.89,16.82,17.23,18.56,-1.33,-7.19
14-Aug-2025,13.23,18.04,14.65,15.65,17.23,-1.58,-9.19
15-Aug-2025,14.46,14.24,12.15,13.29,15.65,-2.35,-15.03
18-Aug-2025,19.05,18.74,15.8,17.79,13.29,4.5,33.85
19-Aug-2025,19.09,20.58,16.0,18.22,17.79,0.43,2.39
20-Aug-2025,23.18,26.22,22.58,24.3,18.22,6.08,33.4
21-Aug-2025,21.35,20.69,20.24,20.53,24.3,-3.78,-15.54
22-Aug-2025,17.91,20.14,15.71,18.07,20.53,-2.46,-11.97
25-Aug-2025,14.78,16.95,12.39,14.75,18.07,-3.33,-18.41
26-Aug-2025,14.44,16.44,12.69,14.52,14.75,-0.22,-1.52
27-Aug-2025,18.01,19.01,17.65,18.02,14.52,3.5,24.09
28-Aug-2025,16.65,18.75,15.83,16.7,18.02,-1.32,-7.31
29-Aug-2025,18.56,22.01,18.17,20.3,16.7,3.6,21.53
01-Sep-2025,21.1,20.96,16.87,18.98,20.3,-1.32,-6.49
02-Sep-2025,20.57,20.21,17.53,19.18,18.98,0.2,1.03
03-Sep-2025,14.89,17.17,15.06,15.5,19.18,-3.68,-19.2
04-Sep-2025,17.81,22.0,18.95,19.07,15.5,3.57,23.06
05-Sep-2025,21.56,22.76,19.91,20.88,19.07,1.81,9.51
08-Sep-2025,18.65,19.65,19.0,19.1,20.88,-1.78,-8.53
09-Sep-2025,16.35,18.35,14.59,17.56,19.1,-1.54,-8.05
10-Sep-2025,17.04,19.27,17.06,17.9,17.56,0.34,1.91
11-Sep-2025,14.68,15.71,12.93,15.06,17.9,-2.84,-15.87
12-Sep-2025,18.56,23.13,18.12,20.91,15.06,5.85,38.87
15-Sep-2025,21.08,21.14,19.87,21.02,20.91,0.11,0.52
16-Sep-2025,18.33,18.95,17.69,18.24,21.02,-2.78,-13.22
17-Sep-2025,21.39,21.82,18.4,20.61,18.24,2.37,12.98
18-Sep-2025,20.59,23.71,19.5,21.11,20.61,0.5,2.43
19-Sep-2025,20.46,21.81,19.99,20.99,21.11,-0.12,-0.55
22-Sep-2025,20.7,19.79,17.31,18.48,20.99,-2.51,-11.97
23-Sep-2025,15.16,16.73,13.71,15.78,18.48,-2.7,-14.62
24-Sep-2025,14.36,15.55,12.61,14.12,15.78,-1.66,-10.51
25-Sep-2025,15.22,17.53,14.1,14.78,14.12,0.66,4.67
26-Sep-2025,18.07,19.11,15.9,16.95,14.78,2.17,14.65
29-Sep-2025,16.42,17.01,15.42,16.63,16.95,-0.32,-1.87
30-Sep-2025,13.43,16.73,13.78,14.67,16.63,-1.96,-11.81
01-Oct-2025,20.16,20.07,17.52,19.39,14.67,4.73,32.23
02-Oct-2025,14.85,16.97,11.8,14.63,19.39,-4.76,-24.53
03-Oct-2025,14.34,14.92,14.36,14.74,14.63,0.11,0.75
06-Oct-2025,22.22,23.87,20.73,23.12,14.74,8.38,56.84
07-Oct-2025,18.96,19.53,18.07,19.04,23.12,-4.09,-17.68
08-Oct-2025,16.78,16.82,15.64,15.65,19.04,-3.38,-17.77
09-Oct-2025,17.8,19.89,17.03,17.13,15.65,1.47,9.41
10-Oct-2025,18.61,20.69,16.43,18.94,17.13,1.82,10.6
13-Oct-2025,14.92,18.99,14.87,16.46,18.94,-2.48,-13.11
14-Oct-2025,15.85,16.35,13.75,15.71,16.46,-0.75,-4.56
15-Oct-2025,19.38,19.91,17.73,18.84,15.71,3.13,19.91
16-Oct-2025,21.13,22.87,20.17,21.62,18.84,2.78,14.78
17-Oct-2025,19.41,21.43,16.74,19.04,21.62,-2.59,-11.96
20-Oct-2025,16.68,17.46,17.0,17.12,19.04,-1.91,-10.05
21-Oct-2025,14.67,17.65,14.54,14.98,17.12,-2.15,-12.53
22-Oct-2025,22.15,21.91,19.38,21.91,14.98,6.93,46.28
23-Oct-2025,18.45,21.81,17.97,19.37,21.91,-2.54,-11.58
24-Oct-2025,19.46,23.15,18.28,20.77,19.37,1.4,7.23
27-Oct-2025,24.93,26.6,22.42,23.85,20.77,3.08,14.84
28-Oct-2025,16.92,19.32,15.27,17.35,23.85,-6.5,-27.27
29-Oct-2025,19.81,19.85,17.94,18.43,17.35,1.08,6.21
30-Oct-2025,20.92,21.61,21.14,21.55,18.43,3.12,16.95
31-Oct-2025,16.34,17.85,15.49,16.72,21.55,-4.82,-22.39
03-Nov-2025,19.03,17.87,17.38,17.85,16.72,1.13,6.75
04-Nov-2025,16.33,18.34,15.98,16.83,17.85,-1.02,-5.74
05-Nov-2025,17.29,18.85,15.32,17.35,16.83,0.52,3.12
06-Nov-2025,20.62,21.05,19.48,20.24,17.35,2.89,16.65
07-Nov-2025,15.12,17.38,16.06,16.24,20.24,-4.0,-19.78
10-Nov-2025,18.72,20.77,18.14,18.52,16.24,2.28,14.02
11-Nov-2025,17.05,20.87,17.27,18.03,18.52,-0.48,-2.62
12-Nov-2025,17.61,18.92,17.61,18.73,18.03,0.7,3.89
13-Nov-2025,19.86,19.6,14.9,16.82,18.73,-1.91,-10.21
14-Nov-2025,18.54,21.52,17.17,19.04,16.82,2.22,13.21
17-Nov-2025,18.2,19.81,16.0,17.08,19.04,-1.97,-10.32
18-Nov-2025,16.0,16.58,14.06,16.09,17.08,-0.99,-5.79
19-Nov-2025,15.84,17.11,16.76,17.0,16.09,0.92,5.69
20-Nov-2025,15.28,17.28,14.26,16.17,17.0,-0.83,-4.89
21-Nov-2025,25.19,25.39,22.52,24.29,16.17,8.11,50.18
24-Nov-2025,23.31,25.45,22.51,23.59,24.29,-0.7,-2.87
25-Nov-2025,19.58,22.27,17.39,20.17,23.59,-3.42,-14.48
26-Nov-2025,18.51,22.75,17.97,20.07,20.17,-0.1,-0.5
27-Nov-2025,19.71,23.09,18.97,20.3,20.07,0.22,1.12
28-Nov-2025,18.97,22.53,17.36,20.13,20.3,-0.16,-0.8
01-Dec-2025,16.66,15.85,13.66,15.66,20.13,-4.48,-22.23
02-Dec-2025,14.08,15.16,13.6,14.66,15.66,-1.0,-6.37
03-Dec-2025,10.97,14.5,11.22,12.89,14.66,-1.77,-12.05
04-Dec-2025,18.88,19.59,16.74,18.43,12.89,5.54,42.93
05-Dec-2025,23.29,21.71,19.17,21.21,18.43,2.78,15.11
08-Dec-2025,13.42,15.02,11.49,14.39,21.21,-6.82,-32.17
09-Dec-2025,18.47,21.64,16.84,19.54,14.39,5.15,35.76
10-Dec-2025,16.31,18.36,13.87,16.25,19.54,-3.29,-16.84
11-Dec-2025,20.61,20.56,17.82,20.42,16.25,4.17,25.67
12-Dec-2025,22.7,21.27,18.77,19.99,20.42,-0.42,-2.08
15-Dec-2025,16.58,18.79,13.94,15.97,19.99,-4.02,-20.1
16-Dec-2025,13.82,16.55,12.8,15.48,15.97,-0.49,-3.06
17-Dec-2025,17.98,18.15,14.9,16.02,15.48,0.53,3.43
18-Dec-2025,21.89,22.6,20.9,21.71,16.02,5.69,35.56
19-Dec-2025,15.38,19.15,14.04,16.61,21.71,-5.1,-23.48
22-Dec-2025,17.59,19.92,16.41,17.67,16.61,1.06,6.37
23-Dec-2025,21.36,21.15,18.79,21.07,17.67,3.4,19.25
24-Dec-2025,21.22,24.51,20.47,22.06,21.07,0.98,4.66
25-Dec-2025,18.1,19.82,17.06,18.23,22.06,-3.82,-17.34
26-Dec-2025,19.11,19.31,18.24,19.2,18.23,0.97,5.32
29-Dec-2025,18.59,17.91,17.26,17.89,19.2,-1.31,-6.82
30-Dec-2025,18.03,18.67,16.82,18.58,17.89,0.69,3.86
31-Dec-2025,13.52,15.29,12.7,14.41,18.58,-4.17,-22.44
01-Jan-2026,18.88,21.78,18.19,18.93,14.41,4.51,31.31
02-Jan-2026,18.06,19.4,15.67,17.58,18.93,-1.35,-7.12
05-Jan-2026,19.25,20.87,17.74,18.72,17.58,1.14,6.47
06-Jan-2026,16.59,17.8,14.54,15.51,18.72,-3.2,-17.11
07-Jan-2026,22.28,22.89,21.08,22.3,15.51,6.78,43.73
08-Jan-2026,16.05,17.48,12.58,15.02,22.3,-7.28,-32.64
09-Jan-2026,19.96,21.97,18.7,19.96,15.02,4.94,32.89
12-Jan-2026,19.29,20.3,17.27,19.29,19.96,-0.67,-3.35
13-Jan-2026,21.04,20.91,18.49,20.31,19.29,1.02,5.3
14-Jan-2026,15.64,16.33,15.54,16.28,20.31,-4.03,-19.83
15-Jan-2026,15.11,17.7,13.78,15.78,16.28,-0.51,-3.13
16-Jan-2026,17.27,18.22,15.22,17.89,15.78,2.11,13.4
19-Jan-2026,17.23,17.04,14.69,16.2,17.89,-1.69,-9.42
20-Jan-2026,20.75,21.92,18.52,19.69,16.2,3.49,21.51
21-Jan-2026,16.0,16.8,15.25,16.05,19.69,-3.64,-18.5
22-Jan-2026,18.53,21.91,18.81,19.6,16.05,3.55,22.15
23-Jan-2026,18.56,17.27,15.11,17.06,19.6,-2.54,-12.97
26-Jan-2026,19.75,20.21,15.88,18.28,17.06,1.23,7.18
27-Jan-2026,17.18,17.23,15.46,16.99,18.28,-1.29,-7.06
28-Jan-2026,19.36,19.37,17.84,18.22,16.99,1.23,7.24
29-Jan-2026,19.5,21.83,18.67,20.27,18.22,2.05,11.25
30-Jan-2026,17.2,19.36,17.07,17.52,20.27,-2.75,-13.57
02-Feb-2026,18.22,21.0,17.24,18.15,17.52,0.63,3.58
03-Feb-2026,19.31,21.0,18.71,20.36,18.15,2.21,12.17
04-Feb-2026,20.97,22.03,18.48,20.26,20.36,-0.1,-0.47
05-Feb-2026,17.13,17.81,16.48,17.24,20.26,-3.02,-14.89
06-Feb-2026,20.76,22.2,18.46,20.47,17.24,3.23,18.74
09-Feb-2026,17.54,19.99,17.0,18.06,20.47,-2.42,-11.81
10-Feb-2026,16.48,19.13,14.7,16.64,18.06,-1.42,-7.84
11-Feb-2026,19.38,19.4,16.25,18.44,16.64,1.8,10.81
12-Feb-2026,20.67,23.75,21.27,21.53,18.44,3.09,16.77
13-Feb-2026,19.01,20.5,17.63,18.19,21.53,-3.34,-15.53
16-Feb-2026,17.36,19.74,16.81,17.98,18.19,-0.21,-1.16
17-Feb-2026,22.05,23.0,20.02,21.71,17.98,3.73,20.74
18-Feb-2026,15.31,16.7,13.84,16.61,21.71,-5.1,-23.48
19-Feb-2026,16.59,16.48,14.01,15.16,16.61,-1.45,-8.7
20-Feb-2026,16.72,18.89,16.64,17.28,15.16,2.12,13.99
23-Feb-2026,16.62,19.73,14.24,16.98,17.28,-0.31,-1.78
24-Feb-2026,17.84,21.55,18.7,18.77,16.98,1.8,10.57
25-Feb-2026,16.51,17.41,14.71,16.44,18.77,-2.33,-12.41
26-Feb-2026,18.91,21.12,18.16,19.01,16.44,2.57,15.64
27-Feb-2026,22.08,21.76,20.13,21.05,19.01,2.03,10.69
02-Mar-2026,18.07,19.62,17.33,18.45,21.05,-2.6,-12.35
03-Mar-2026,16.76,15.62,12.26,14.92,18.45,-3.53,-19.13
04-Mar-2026,14.09,14.64,13.73,14.48,14.92,-0.43,-2.9
05-Mar-2026,19.72,19.4,16.19,18.78,14.48,4.3,29.67
06-Mar-2026,17.65,19.56,16.28,17.69,18.78,-1.09,-5.8
09-Mar-2026,17.76,21.14,17.49,19.08,17.69,1.38,7.83
10-Mar-2026,13.71,15.96,15.56,15.68,19.08,-3.39,-17.78
11-Mar-2026,19.3,23.12,19.66,20.32,15.68,4.64,29.58
12-Mar-2026,17.01,20.21,15.9,17.22,20.32,-3.1,-15.26
13-Mar-2026,20.4,21.44,17.65,19.03,17.22,1.81,10.5
16-Mar-2026,17.43,19.48,14.89,17.74,19.03,-1.3,-6.81
17-Mar-2026,12.3,15.32,10.1,13.0,17.74,-4.73,-26.69
18-Mar-2026,15.95,17.28,13.19,16.17,13.0,3.17,24.38
19-Mar-2026,14.86,16.8,14.42,16.11,16.17,-0.06,-0.4
20-Mar-2026,18.4,18.06,16.08,17.76,16.11,1.65,10.23
23-Mar-2026,16.8,17.71,17.45,17.6,17.76,-0.15,-0.87
24-Mar-2026,14.56,16.4,13.79,14.9,17.6,-2.71,-15.38
25-Mar-2026,14.9,15.62,13.46,15.03,14.9,0.13,0.89
26-Mar-2026,13.82,16.28,12.65,14.03,15.03,-1.0,-6.63
27-Mar-2026,17.82,22.32,18.65,19.47,14.03,5.44,38.79
30-Mar-2026,20.45,21.4,18.46,19.53,19.47,0.05,0.26
31-Mar-2026,18.8,20.56,18.27,18.52,19.53,-1.0,-5.14
01-Apr-2026,15.53,16.79,14.07,16.5,18.52,-2.02,-10.91
02-Apr-2026,19.55,20.23,17.24,18.29,16.5,1.79,10.82
03-Apr-2026,15.34,16.57,14.02,15.16,18.29,-3.13,-17.1
06-Apr-2026,18.01,21.36,16.37,18.46,15.16,3.3,21.76
07-Apr-2026,18.73,20.04,18.55,18.89,18.46,0.44,2.36
08-Apr-2026,17.59,18.54,16.53,18.05,18.89,-0.85,-4.49
09-Apr-2026,16.75,17.34,13.9,16.32,18.05,-1.72,-9.55
10-Apr-2026,17.12,18.0,16.86,17.77,16.32,1.45,8.86
13-Apr-2026,14.32,14.85,13.72,14.52,17.77,-3.25,-18.27
14-Apr-2026,18.86,20.73,18.46,18.96,14.52,4.44,30.58
15-Apr-2026,14.63,14.01,12.05,13.61,18.96,-5.35,-28.21
16-Apr-2026,15.34,17.38,14.59,14.99,13.61,1.38,10.12
17-Apr-2026,17.64,17.69,15.14,16.93,14.99,1.94,12.94
20-Apr-2026,17.95,19.74,14.79,17.72,16.93,0.79,4.66
21-Apr-2026,17.95,19.46,16.21,18.37,17.72,0.65,3.68
22-Apr-2026,16.78,16.73,12.87,15.13,18.37,-3.24,-17.65
23-Apr-2026,19.81,19.12,18.08,18.98,15.13,3.85,25.47
24-Apr-2026,19.64,22.64,19.37,19.67,18.98,0.69,3.64
27-Apr-2026,20.04,20.65,18.58,20.38,19.67,0.7,3.58
28-Apr-2026,20.37,21.77,18.41,19.4,20.38,-0.97,-4.78
29-Apr-2026,17.22,18.8,16.67,18.08,19.4,-1.33,-6.83
30-Apr-2026,19.46,18.97,17.77,18.96,18.08,0.88,4.87
01-May-2026,14.34,14.45,12.22,14.21,18.96,-4.75,-25.06
04-May-2026,18.49,18.86,15.62,18.59,14.21,4.38,30.83
05-May-2026,12.67,16.38,12.82,14.23,18.59,-4.36,-23.43
06-May-2026,12.93,13.28,11.87,13.2,14.23,-1.03,-7.26
07-May-2026,14.88,16.5,14.71,14.88,13.2,1.68,12.76
08-May-2026,18.86,18.51,15.45,18.0,14.88,3.12,20.97
11-May-2026,15.74,16.91,15.38,15.48,18.0,-2.53,-14.05
12-May-2026,13.24,14.62,10.64,12.47,15.48,-3.01,-19.43
13-May-2026,21.9,24.58,21.42,22.26,12.47,9.79,78.52
14-May-2026,15.1,15.01,12.88,14.75,22.26,-7.5,-33.71
15-May-2026,20.27,20.87,18.24,19.28,14.75,4.53,30.7
18-May-2026,19.32,21.27,16.49,19.28,19.28,-0.0,-0.01
19-May-2026,17.67,20.32,15.72,17.55,19.28,-1.74,-9.0
20-May-2026,22.47,22.4,19.18,20.54,17.55,3.0,17.08
21-May-2026,17.83,21.22,17.46,19.13,20.54,-1.41,-6.86
22-May-2026,16.53,17.66,15.24,15.89,19.13,-3.24,-16.96
25-May-2026,14.85,15.52,12.74,15.25,15.89,-0.64,-4.06
26-May-2026,17.5,19.19,15.21,17.11,15.25,1.86,12.2
27-May-2026,14.74,18.58,14.58,15.71,17.11,-1.4,-8.17
28-May-2026,16.58,17.14,14.6,15.62,15.71,-0.09,-0.55
29-May-2026,20.48,21.91,18.8,21.26,15.62,5.64,36.11
01-Jun-2026,15.45,17.31,15.37,15.55,21.26,-5.71,-26.87
02-Jun-2026,20.5,21.32,19.01,20.58,15.55,5.03,32.37
03-Jun-2026,17.63,17.63,16.03,16.24,20.58,-4.34,-21.1
04-Jun-2026,13.79,14.56,10.55,12.6,16.24,-3.63,-22.38
05-Jun-2026,21.15,23.71,19.87,20.86,12.6,8.25,65.47
08-Jun-2026,13.81,14.33,12.57,12.94,20.86,-7.91,-37.94
09-Jun-2026,22.08,24.87,21.48,22.32,12.94,9.37,72.42
10-Jun-2026,12.35,13.79,10.82,11.83,22.32,-10.49,-47.0
11-Jun-2026,20.55,20.99,19.9,20.19,11.83,8.36,70.67
12-Jun-2026,16.0,16.94,12.28,14.2,20.19,-5.99,-29.66
15-Jun-2026,18.07,17.77,15.97,17.73,14.2,3.53,24.88
16-Jun-2026,20.73,20.2,16.89,19.0,17.73,1.27,7.15
17-Jun-2026,16.94,19.2,15.05,17.36,19.0,-1.64,-8.63
18-Jun-2026,16.9,17.7,15.88,17.14,17.36,-0.22,-1.28
19-Jun-2026,19.71,24.31,20.56,21.9,17.14,4.76,27.78
22-Jun-2026,12.88,14.73,12.73,13.57,21.9,-8.32,-38.02
23-Jun-2026,20.31,21.84,19.45,21.57,13.57,7.99,58.89
24-Jun-2026,16.37,19.76,15.12,17.44,21.57,-4.12,-19.12
25-Jun-2026,18.67,20.44,16.33,18.77,17.44,1.33,7.62
26-Jun-2026,20.35,20.85,18.74,20.16,18.77,1.38,7.37
29-Jun-2026,16.93,18.02,14.27,16.88,20.16,-3.27,-16.23
30-Jun-2026,16.62,15.93,13.14,15.5,16.88,-1.38,-8.18
01-Jul-2026,17.55,19.57,15.0,17.57,15.5,2.06,13.32
02-Jul-2026,16.42,18.95,16.67,18.2,17.57,0.63,3.6
03-Jul-2026,17.62,18.89,16.16,16.69,18.2,-1.52,-8.33
06-Jul-2026,16.4,18.1,14.87,16.05,16.69,-0.64,-3.82
07-Jul-2026,15.35,19.77,14.3,16.87,16.05,0.82,5.13
08-Jul-2026,14.28,16.67,13.38,14.85,16.87,-2.02,-12.0
09-Jul-2026,21.1,21.93,19.34,21.14,14.85,6.3,42.41
10-Jul-2026,18.14,19.97,17.53,19.29,21.14,-1.86,-8.79
13-Jul-2026,22.5,23.23,20.53,22.77,19.29,3.49,18.09
14-Jul-2026,19.08,19.84,19.03,19.35,22.77,-3.43,-15.04
15-Jul-2026,23.16,25.51,21.98,22.63,19.35,3.29,16.99
16-Jul-2026,16.28,17.91,15.66,16.66,22.63,-5.97,-26.39
17-Jul-2026,20.31,20.24,19.31,19.95,16.66,3.29,19.76
20-Jul-2026,16.55,14.13,11.04,14.04,19.95,-5.92,-29.66
21-Jul-2026,20.36,22.8,17.78,20.51,14.04,6.47,46.1
22-Jul-2026,22.89,23.71,22.38,23.71,20.51,3.21,15.64
23-Jul-2026,23.52,26.21,21.83,24.06,23.71,0.35,1.49
24-Jul-2026,20.16,20.21,17.16,19.48,24.06,-4.58,-19.05
27-Jul-2026,15.5,16.1,13.17,15.07,19.48,-4.41,-22.65
28-Jul-2026,18.16,18.9,17.0,17.88,15.07,2.81,18.63
29-Jul-2026,13.85,15.51,13.02,13.43,17.88,-4.45,-24.88
30-Jul-2026,15.06,18.04,14.88,17.41,13.43,3.98,29.62
31-Jul-2026,17.23,18.03,17.31,17.44,17.41,0.03,0.18
03-Aug-2026,9.94,10.48,7.79,10.21,17.44,-7.23,-41.48
04-Aug-2026,14.88,15.86,13.08,14.98,10.21,4.78,46.83
05-Aug-2026,18.86,20.36,18.17,19.49,14.98,4.5,30.06
06-Aug-2026,15.69,18.23,14.92,16.56,19.49,-2.93,-15.03
07-Aug-2026,15.22,18.85,16.29,16.54,16.56,-0.02,-0.13
10-Aug-2026,16.45,17.98,15.82,16.0,16.54,-0.54,-3.24
11-Aug-2026,23.21,22.4,20.84,20.99,16.0,4.99,31.2
12-Aug-2026,16.38,19.34,15.04,16.73,20.99,-4.26,-20.31
13-Aug-2026,21.4,22.93,21.43,21.78,16.73,5.05,30.19
14-Aug-2026,20.37,22.55,19.89,21.2,21.78,-0.58,-2.65
17-Aug-2026,19.29,19.9,17.69,18.66,21.2,-2.55,-12.01
18-Aug-2026,15.52,18.83,15.62,16.64,18.66,-2.02,-10.8
19-Aug-2026,13.66,16.46,14.07,14.64,16.64,-2.0,-12.02
20-Aug-2026,15.81,15.07,13.78,15.05,14.64,0.41,2.78
21-Aug-2026,15.92,19.86,14.29,16.88,15.05,1.83,12.15
24-Aug-2026,17.46,15.88,13.56,15.31,16.88,-1.56,-9.26
25-Aug-2026,15.93,19.15,16.7,17.05,15.31,1.74,11.35
26-Aug-2026,22.96,23.98,21.62,21.79,17.05,4.74,27.81
27-Aug-2026,17.45,17.97,15.6,17.84,21.79,-3.95,-18.15
28-Aug-2026,18.17,19.33,17.64,17.68,17.84,-0.15,-0.87
31-Aug-2026,14.08,16.81,14.21,14.66,17.68,-3.03,-17.12
01-Sep-2026,17.51,17.62,15.49,15.52,14.66,0.87,5.91
02-Sep-2026,17.85,18.81,14.75,16.99,15.52,1.47,9.45
03-Sep-2026,17.05,19.01,14.91,16.96,16.99,-0.03,-0.19
04-Sep-2026,22.76,23.1,19.68,22.21,16.96,5.25,30.99
07-Sep-2026,21.4,23.98,21.14,21.19,22.21,-1.02,-4.58
08-Sep-2026,16.38,18.54,14.65,16.48,21.19,-4.71,-22.24
09-Sep-2026,18.34,20.64,17.86,20.53,16.48,4.05,24.58
