Date,Close,Change
01-Jan-2010,7.5081,0.0
04-Jan-2010,7.5128,0.0047
05-Jan-2010,7.5152,0.0023
06-Jan-2010,7.53,0.0149
07-Jan-2010,7.5281,-0.0019
08-Jan-2010,7.5335,0.0054
11-Jan-2010,7.534,0.0005
12-Jan-2010,7.5396,0.0055
13-Jan-2010,7.539,-0.0005
14-Jan-2010,7.5569,0.0179
15-Jan-2010,7.5388,-0.0181
18-Jan-2010,7.5452,0.0064
19-Jan-2010,7.5664,0.0212
20-Jan-2010,7.5584,-0.008
21-Jan-2010,7.5705,0.0121
22-Jan-2010,7.5669,-0.0036
25-Jan-2010,7.5746,0.0077
26-Jan-2010,7.5922,0.0176
27-Jan-2010,7.5885,-0.0036
28-Jan-2010,7.5796,-0.009
29-Jan-2010,7.5804,0.0008
01-Feb-2010,7.562,-0.0185
02-Feb-2010,7.5549,-0.007
03-Feb-2010,7.5558,0.0008
04-Feb-2010,7.5418,-0.0139
05-Feb-2010,7.533,-0.0088
08-Feb-2010,7.5203,-0.0127
09-Feb-2010,7.5213,0.0009
10-Feb-2010,7.4999,-0.0214
11-Feb-2010,7.5043,0.0045
12-Feb-2010,7.5071,0.0028
15-Feb-2010,7.5324,0.0253
16-Feb-2010,7.5425,0.0101
17-Feb-2010,7.5392,-0.0033
18-Feb-2010,7.537,-0.0022
19-Feb-2010,7.5353,-0.0017
22-Feb-2010,7.5313,-0.0041
23-Feb-2010,7.5351,0.0038
24-Feb-2010,7.5112,-0.0239
25-Feb-2010,7.5195,0.0083
26-Feb-2010,7.5341,0.0147
01-Mar-2010,7.5277,-0.0064
02-Mar-2010,7.5356,0.0079
03-Mar-2010,7.5407,0.0051
04-Mar-2010,7.5643,0.0236
05-Mar-2010,7.5602,-0.0041
08-Mar-2010,7.5562,-0.004
09-Mar-2010,7.5395,-0.0167
10-Mar-2010,7.5383,-0.0012
11-Mar-2010,7.5075,-0.0308
12-Mar-2010,7.5234,0.0158
15-Mar-2010,7.5195,-0.0039
16-Mar-2010,7.5021,-0.0174
17-Mar-2010,7.504,0.0019
18-Mar-2010,7.4944,-0.0096
19-Mar-2010,7.4933,-0.0011
22-Mar-2010,7.4976,0.0043
23-Mar-2010,7.5079,0.0104
24-Mar-2010,7.5169,0.009
25-Mar-2010,7.5006,-0.0163
26-Mar-2010,7.4979,-0.0026
29-Mar-2010,7.4971,-0.0008
30-Mar-2010,7.4933,-0.0039
31-Mar-2010,7.4989,0.0056
01-Apr-2010,7.4976,-0.0013
02-Apr-2010,7.5023,0.0047
05-Apr-2010,7.512,0.0096
06-Apr-2010,7.5156,0.0036
07-Apr-2010,7.5262,0.0106
08-Apr-2010,7.5515,0.0253
09-Apr-2010,7.5638,0.0123
12-Apr-2010,7.5795,0.0157
13-Apr-2010,7.5992,0.0197
14-Apr-2010,7.6093,0.0101
15-Apr-2010,7.5973,-0.012
16-Apr-2010,7.6086,0.0113
19-Apr-2010,7.605,-0.0036
20-Apr-2010,7.5856,-0.0194
21-Apr-2010,7.5712,-0.0144
22-Apr-2010,7.5655,-0.0056
23-Apr-2010,7.5588,-0.0067
26-Apr-2010,7.5562,-0.0026
27-Apr-2010,7.5456,-0.0106
28-Apr-2010,7.579,0.0334
29-Apr-2010,7.5687,-0.0103
30-Apr-2010,7.5525,-0.0161
03-May-2010,7.5524,-0.0002
04-May-2010,7.55,-0.0023
05-May-2010,7.5551,0.005
06-May-2010,7.5562,0.0011
07-May-2010,7.5667,0.0105
10-May-2010,7.5932,0.0265
11-May-2010,7.5806,-0.0127
12-May-2010,7.5738,-0.0068
13-May-2010,7.5616,-0.0121
14-May-2010,7.557,-0.0047
17-May-2010,7.5531,-0.0039
18-May-2010,7.5624,0.0093
19-May-2010,7.561,-0.0013
20-May-2010,7.5576,-0.0034
21-May-2010,7.562,0.0043
24-May-2010,7.5589,-0.003
25-May-2010,7.572,0.0131
26-May-2010,7.5577,-0.0143
27-May-2010,7.578,0.0203
28-May-2010,7.5702,-0.0079
31-May-2010,7.5663,-0.0039
01-Jun-2010,7.5436,-0.0226
02-Jun-2010,7.5548,0.0112
03-Jun-2010,7.5504,-0.0044
04-Jun-2010,7.5581,0.0077
07-Jun-2010,7.5789,0.0207
08-Jun-2010,7.5753,-0.0036
09-Jun-2010,7.5777,0.0024
10-Jun-2010,7.5916,0.014
11-Jun-2010,7.5956,0.0039
14-Jun-2010,7.6205,0.025
15-Jun-2010,7.6087,-0.0118
16-Jun-2010,7.6278,0.0191
17-Jun-2010,7.6285,0.0006
18-Jun-2010,7.6396,0.0112
21-Jun-2010,7.6491,0.0095
22-Jun-2010,7.6453,-0.0038
23-Jun-2010,7.648,0.0026
24-Jun-2010,7.6463,-0.0017
25-Jun-2010,7.6505,0.0042
28-Jun-2010,7.647,-0.0035
29-Jun-2010,7.6622,0.0152
30-Jun-2010,7.6615,-0.0007
01-Jul-2010,7.6659,0.0045
02-Jul-2010,7.674,0.008
05-Jul-2010,7.6588,-0.0152
06-Jul-2010,7.6629,0.0042
07-Jul-2010,7.6524,-0.0105
08-Jul-2010,7.6304,-0.022
09-Jul-2010,7.6385,0.0081
12-Jul-2010,7.6348,-0.0037
13-Jul-2010,7.6441,0.0093
14-Jul-2010,7.6465,0.0023
15-Jul-2010,7.6455,-0.0009
16-Jul-2010,7.6576,0.012
19-Jul-2010,7.6582,0.0006
20-Jul-2010,7.6632,0.0049
21-Jul-2010,7.6663,0.0031
22-Jul-2010,7.6752,0.0089
23-Jul-2010,7.6731,-0.0021
26-Jul-2010,7.6567,-0.0164
27-Jul-2010,7.6602,0.0035
28-Jul-2010,7.6729,0.0127
29-Jul-2010,7.662,-0.0109
30-Jul-2010,7.6618,-0.0002
02-Aug-2010,7.6404,-0.0214
03-Aug-2010,7.6505,0.0101
04-Aug-2010,7.6562,0.0057
05-Aug-2010,7.651,-0.0052
06-Aug-2010,7.6611,0.0101
09-Aug-2010,7.68,0.0189
10-Aug-2010,7.6796,-0.0004
11-Aug-2010,7.6707,-0.0089
12-Aug-2010,7.6741,0.0034
13-Aug-2010,7.6568,-0.0173
16-Aug-2010,7.6602,0.0033
17-Aug-2010,7.6532,-0.007
18-Aug-2010,7.6574,0.0042
19-Aug-2010,7.6498,-0.0076
20-Aug-2010,7.6311,-0.0187
23-Aug-2010,7.6271,-0.004
24-Aug-2010,7.62,-0.0071
25-Aug-2010,7.6191,-0.0009
26-Aug-2010,7.6422,0.0231
27-Aug-2010,7.6386,-0.0036
30-Aug-2010,7.6511,0.0125
31-Aug-2010,7.6499,-0.0012
01-Sep-2010,7.6404,-0.0095
02-Sep-2010,7.6553,0.0149
03-Sep-2010,7.6502,-0.005
06-Sep-2010,7.6538,0.0036
07-Sep-2010,7.6586,0.0048
08-Sep-2010,7.6675,0.0089
09-Sep-2010,7.6859,0.0184
10-Sep-2010,7.6803,-0.0057
13-Sep-2010,7.6904,0.0102
14-Sep-2010,7.7313,0.0409
15-Sep-2010,7.7296,-0.0017
16-Sep-2010,7.7243,-0.0053
17-Sep-2010,7.7114,-0.0129
20-Sep-2010,7.7083,-0.0031
21-Sep-2010,7.689,-0.0193
22-Sep-2010,7.6789,-0.0101
23-Sep-2010,7.6502,-0.0287
24-Sep-2010,7.6377,-0.0125
27-Sep-2010,7.6204,-0.0172
28-Sep-2010,7.6318,0.0114
29-Sep-2010,7.6356,0.0038
30-Sep-2010,7.6411,0.0055
01-Oct-2010,7.6226,-0.0185
04-Oct-2010,7.6071,-0.0155
05-Oct-2010,7.5907,-0.0164
06-Oct-2010,7.5853,-0.0054
07-Oct-2010,7.5757,-0.0096
08-Oct-2010,7.5896,0.0139
11-Oct-2010,7.6136,0.024
12-Oct-2010,7.625,0.0114
13-Oct-2010,7.6175,-0.0075
14-Oct-2010,7.6242,0.0067
15-Oct-2010,7.6251,0.0009
18-Oct-2010,7.5981,-0.027
19-Oct-2010,7.5796,-0.0186
20-Oct-2010,7.5841,0.0046
21-Oct-2010,7.575,-0.0092
22-Oct-2010,7.5983,0.0233
25-Oct-2010,7.601,0.0027
26-Oct-2010,7.6226,0.0216
27-Oct-2010,7.6211,-0.0016
28-Oct-2010,7.6131,-0.0079
29-Oct-2010,7.6193,0.0061
01-Nov-2010,7.6348,0.0155
02-Nov-2010,7.639,0.0042
03-Nov-2010,7.6419,0.003
04-Nov-2010,7.6313,-0.0106
05-Nov-2010,7.6339,0.0026
08-Nov-2010,7.6401,0.0062
09-Nov-2010,7.6315,-0.0086
10-Nov-2010,7.6543,0.0228
11-Nov-2010,7.6649,0.0106
12-Nov-2010,7.652,-0.0129
15-Nov-2010,7.6394,-0.0125
16-Nov-2010,7.6561,0.0167
17-Nov-2010,7.6578,0.0017
18-Nov-2010,7.6538,-0.0039
19-Nov-2010,7.639,-0.0148
22-Nov-2010,7.6319,-0.0071
23-Nov-2010,7.6483,0.0164
24-Nov-2010,7.6508,0.0025
25-Nov-2010,7.6475,-0.0033
26-Nov-2010,7.6516,0.0041
29-Nov-2010,7.6706,0.0191
30-Nov-2010,7.6722,0.0015
01-Dec-2010,7.6662,-0.006
02-Dec-2010,7.6551,-0.0111
03-Dec-2010,7.6564,0.0014
06-Dec-2010,7.6702,0.0138
07-Dec-2010,7.6746,0.0044
08-Dec-2010,7.6661,-0.0085
09-Dec-2010,7.6532,-0.0129
10-Dec-2010,7.6466,-0.0066
13-Dec-2010,7.6526,0.006
14-Dec-2010,7.6434,-0.0092
15-Dec-2010,7.6218,-0.0216
16-Dec-2010,7.6259,0.0042
17-Dec-2010,7.6199,-0.006
20-Dec-2010,7.6206,0.0007
21-Dec-2010,7.6339,0.0132
22-Dec-2010,7.6409,0.007
23-Dec-2010,7.639,-0.0019
24-Dec-2010,7.6313,-0.0078
27-Dec-2010,7.6416,0.0103
28-Dec-2010,7.6428,0.0012
29-Dec-2010,7.6449,0.0021
30-Dec-2010,7.6512,0.0063
31-Dec-2010,7.6395,-0.0117
03-Jan-2011,7.6274,-0.0122
04-Jan-2011,7.631,0.0036
05-Jan-2011,7.6294,-0.0016
06-Jan-2011,7.633,0.0036
07-Jan-2011,7.6462,0.0132
10-Jan-2011,7.6251,-0.021
11-Jan-2011,7.6186,-0.0065
12-Jan-2011,7.6287,0.0101
13-Jan-2011,7.647,0.0183
14-Jan-2011,7.6348,-0.0122
17-Jan-2011,7.6275,-0.0073
18-Jan-2011,7.6204,-0.0071
19-Jan-2011,7.6326,0.0122
20-Jan-2011,7.6099,-0.0227
21-Jan-2011,7.6192,0.0092
24-Jan-2011,7.6254,0.0062
25-Jan-2011,7.6575,0.0321
26-Jan-2011,7.6564,-0.001
27-Jan-2011,7.6839,0.0275
28-Jan-2011,7.6896,0.0057
31-Jan-2011,7.6827,-0.007
01-Feb-2011,7.6704,-0.0123
02-Feb-2011,7.6724,0.002
03-Feb-2011,7.6669,-0.0055
04-Feb-2011,7.6892,0.0223
07-Feb-2011,7.6891,-0.0001
08-Feb-2011,7.6896,0.0005
09-Feb-2011,7.6688,-0.0207
10-Feb-2011,7.6812,0.0123
11-Feb-2011,7.679,-0.0021
14-Feb-2011,7.6828,0.0038
15-Feb-2011,7.6854,0.0025
16-Feb-2011,7.6923,0.0069
17-Feb-2011,7.703,0.0107
18-Feb-2011,7.7238,0.0209
21-Feb-2011,7.7004,-0.0235
22-Feb-2011,7.7046,0.0042
23-Feb-2011,7.7133,0.0086
24-Feb-2011,7.6846,-0.0286
25-Feb-2011,7.6888,0.0042
28-Feb-2011,7.7097,0.0209
01-Mar-2011,7.7173,0.0076
02-Mar-2011,7.7108,-0.0066
03-Mar-2011,7.7045,-0.0063
04-Mar-2011,7.6927,-0.0118
07-Mar-2011,7.703,0.0103
08-Mar-2011,7.7047,0.0017
09-Mar-2011,7.7106,0.0058
10-Mar-2011,7.724,0.0134
11-Mar-2011,7.7272,0.0032
14-Mar-2011,7.7488,0.0216
15-Mar-2011,7.7472,-0.0016
16-Mar-2011,7.7452,-0.0021
17-Mar-2011,7.7394,-0.0058
18-Mar-2011,7.754,0.0146
21-Mar-2011,7.7464,-0.0076
22-Mar-2011,7.745,-0.0015
23-Mar-2011,7.7487,0.0038
24-Mar-2011,7.7311,-0.0176
25-Mar-2011,7.7071,-0.024
28-Mar-2011,7.7112,0.0041
29-Mar-2011,7.7129,0.0018
30-Mar-2011,7.7098,-0.0032
31-Mar-2011,7.7027,-0.0071
01-Apr-2011,7.7134,0.0107
04-Apr-2011,7.7078,-0.0056
05-Apr-2011,7.6994,-0.0084
06-Apr-2011,7.703,0.0036
07-Apr-2011,7.7107,0.0077
08-Apr-2011,7.6946,-0.0161
11-Apr-2011,7.6958,0.0012
12-Apr-2011,7.6949,-0.0008
13-Apr-2011,7.6923,-0.0026
14-Apr-2011,7.7096,0.0173
15-Apr-2011,7.698,-0.0116
18-Apr-2011,7.6887,-0.0093
19-Apr-2011,7.7125,0.0238
20-Apr-2011,7.7244,0.0119
21-Apr-2011,7.7108,-0.0136
22-Apr-2011,7.7142,0.0034
25-Apr-2011,7.6979,-0.0163
26-Apr-2011,7.6981,0.0001
27-Apr-2011,7.6903,-0.0077
28-Apr-2011,7.7107,0.0204
29-Apr-2011,7.7175,0.0067
02-May-2011,7.713,-0.0045
03-May-2011,7.7083,-0.0047
04-May-2011,7.7158,0.0075
05-May-2011,7.7042,-0.0116
06-May-2011,7.6935,-0.0107
09-May-2011,7.6994,0.0059
10-May-2011,7.7008,0.0015
11-May-2011,7.7051,0.0043
12-May-2011,7.7153,0.0101
13-May-2011,7.7141,-0.0012
16-May-2011,7.7544,0.0403
17-May-2011,7.762,0.0076
18-May-2011,7.7805,0.0185
19-May-2011,7.7658,-0.0147
20-May-2011,7.7783,0.0125
23-May-2011,7.7888,0.0105
24-May-2011,7.7987,0.0099
25-May-2011,7.7911,-0.0077
26-May-2011,7.797,0.0059
27-May-2011,7.7986,0.0016
30-May-2011,7.814,0.0154
31-May-2011,7.8054,-0.0085
01-Jun-2011,7.8006,-0.0049
02-Jun-2011,7.7983,-0.0023
03-Jun-2011,7.8031,0.0048
06-Jun-2011,7.8021,-0.001
07-Jun-2011,7.7965,-0.0056
08-Jun-2011,7.8036,0.0072
09-Jun-2011,7.8054,0.0017
10-Jun-2011,7.8144,0.009
13-Jun-2011,7.8421,0.0277
14-Jun-2011,7.8502,0.0081
15-Jun-2011,7.8614,0.0112
16-Jun-2011,7.8576,-0.0038
17-Jun-2011,7.8467,-0.0109
20-Jun-2011,7.8392,-0.0075
21-Jun-2011,7.8333,-0.0059
22-Jun-2011,7.839,0.0057
23-Jun-2011,7.8298,-0.0092
24-Jun-2011,7.8357,0.0059
27-Jun-2011,7.8516,0.0159
28-Jun-2011,7.8547,0.0031
29-Jun-2011,7.8697,0.015
30-Jun-2011,7.8833,0.0136
01-Jul-2011,7.8804,-0.0029
04-Jul-2011,7.8872,0.0068
05-Jul-2011,7.8974,0.0102
06-Jul-2011,7.8803,-0.0171
07-Jul-2011,7.8834,0.0031
08-Jul-2011,7.8811,-0.0023
11-Jul-2011,7.8774,-0.0036
12-Jul-2011,7.8884,0.0109
13-Jul-2011,7.9017,0.0133
14-Jul-2011,7.8985,-0.0031
15-Jul-2011,7.9042,0.0057
18-Jul-2011,7.8846,-0.0197
19-Jul-2011,7.8913,0.0067
20-Jul-2011,7.897,0.0057
21-Jul-2011,7.8926,-0.0043
22-Jul-2011,7.8659,-0.0268
25-Jul-2011,7.8848,0.0189
26-Jul-2011,7.8761,-0.0087
27-Jul-2011,7.8705,-0.0055
28-Jul-2011,7.8648,-0.0058
29-Jul-2011,7.8695,0.0047
01-Aug-2011,7.8737,0.0042
02-Aug-2011,7.8639,-0.0098
03-Aug-2011,7.8557,-0.0082
04-Aug-2011,7.858,0.0024
05-Aug-2011,7.8404,-0.0176
08-Aug-2011,7.8492,0.0088
09-Aug-2011,7.8343,-0.0148
10-Aug-2011,7.8487,0.0144
11-Aug-2011,7.8529,0.0042
12-Aug-2011,7.8701,0.0173
15-Aug-2011,7.8914,0.0213
16-Aug-2011,7.8914,-0.0
17-Aug-2011,7.888,-0.0034
18-Aug-2011,7.8857,-0.0023
19-Aug-2011,7.9013,0.0157
22-Aug-2011,7.8865,-0.0148
23-Aug-2011,7.8928,0.0063
24-Aug-2011,7.873,-0.0199
25-Aug-2011,7.8531,-0.0199
26-Aug-2011,7.8678,0.0147
29-Aug-2011,7.8683,0.0005
30-Aug-2011,7.874,0.0057
31-Aug-2011,7.8747,0.0007
01-Sep-2011,7.8672,-0.0075
02-Sep-2011,7.8541,-0.0131
05-Sep-2011,7.8498,-0.0043
06-Sep-2011,7.8694,0.0196
07-Sep-2011,7.8849,0.0155
08-Sep-2011,7.8794,-0.0055
09-Sep-2011,7.8822,0.0028
12-Sep-2011,7.8697,-0.0125
13-Sep-2011,7.8578,-0.0119
14-Sep-2011,7.8747,0.0169
15-Sep-2011,7.8719,-0.0028
16-Sep-2011,7.8741,0.0021
19-Sep-2011,7.8581,-0.0159
20-Sep-2011,7.8547,-0.0034
21-Sep-2011,7.8736,0.0189
22-Sep-2011,7.8826,0.009
23-Sep-2011,7.8686,-0.014
26-Sep-2011,7.8717,0.0031
27-Sep-2011,7.891,0.0192
28-Sep-2011,7.8847,-0.0063
29-Sep-2011,7.8915,0.0068
30-Sep-2011,7.8891,-0.0024
03-Oct-2011,7.8825,-0.0066
04-Oct-2011,7.857,-0.0255
05-Oct-2011,7.871,0.014
06-Oct-2011,7.8604,-0.0106
07-Oct-2011,7.8859,0.0255
10-Oct-2011,7.8934,0.0075
11-Oct-2011,7.9031,0.0097
12-Oct-2011,7.9051,0.002
13-Oct-2011,7.891,-0.0142
14-Oct-2011,7.8899,-0.0011
17-Oct-2011,7.8927,0.0029
18-Oct-2011,7.8991,0.0064
19-Oct-2011,7.9114,0.0122
20-Oct-2011,7.9254,0.014
21-Oct-2011,7.9071,-0.0183
24-Oct-2011,7.9077,0.0006
25-Oct-2011,7.8962,-0.0115
26-Oct-2011,7.883,-0.0132
27-Oct-2011,7.8767,-0.0063
28-Oct-2011,7.875,-0.0016
31-Oct-2011,7.8805,0.0054
01-Nov-2011,7.8563,-0.0242
02-Nov-2011,7.8473,-0.009
03-Nov-2011,7.8602,0.0129
04-Nov-2011,7.8622,0.002
07-Nov-2011,7.8527,-0.0094
08-Nov-2011,7.8596,0.0069
09-Nov-2011,7.8456,-0.0141
10-Nov-2011,7.8216,-0.024
11-Nov-2011,7.8287,0.0071
14-Nov-2011,7.8456,0.0168
15-Nov-2011,7.8476,0.0021
16-Nov-2011,7.8491,0.0015
17-Nov-2011,7.8667,0.0176
18-Nov-2011,7.8814,0.0147
21-Nov-2011,7.8712,-0.0102
22-Nov-2011,7.8655,-0.0056
23-Nov-2011,7.8758,0.0103
24-Nov-2011,7.877,0.0012
25-Nov-2011,7.8926,0.0157
28-Nov-2011,7.9047,0.012
29-Nov-2011,7.9084,0.0038
30-Nov-2011,7.9003,-0.0081
01-Dec-2011,7.8992,-0.0011
02-Dec-2011,7.8874,-0.0119
05-Dec-2011,7.8898,0.0024
06-Dec-2011,7.883,-0.0068
07-Dec-2011,7.8855,0.0025
08-Dec-2011,7.8965,0.011
09-Dec-2011,7.8783,-0.0182
12-Dec-2011,7.8885,0.0103
13-Dec-2011,7.8747,-0.0139
14-Dec-2011,7.8826,0.008
15-Dec-2011,7.8948,0.0122
16-Dec-2011,7.8975,0.0027
19-Dec-2011,7.9034,0.0059
20-Dec-2011,7.912,0.0086
21-Dec-2011,7.9312,0.0192
22-Dec-2011,7.9566,0.0253
23-Dec-2011,7.9498,-0.0068
26-Dec-2011,7.9528,0.0031
27-Dec-2011,7.9284,-0.0244
28-Dec-2011,7.9236,-0.0048
29-Dec-2011,7.9214,-0.0022
30-Dec-2011,7.9048,-0.0166
02-Jan-2012,7.897,-0.0078
03-Jan-2012,7.8866,-0.0105
04-Jan-2012,7.8997,0.0132
05-Jan-2012,7.9114,0.0117
06-Jan-2012,7.8921,-0.0193
09-Jan-2012,7.8803,-0.0118
10-Jan-2012,7.8704,-0.0098
11-Jan-2012,7.8632,-0.0072
12-Jan-2012,7.8384,-0.0248
13-Jan-2012,7.8421,0.0036
16-Jan-2012,7.8269,-0.0151
17-Jan-2012,7.8334,0.0065
18-Jan-2012,7.8406,0.0073
19-Jan-2012,7.8817,0.0411
20-Jan-2012,7.8709,-0.0108
23-Jan-2012,7.865,-0.0059
24-Jan-2012,7.8841,0.019
25-Jan-2012,7.904,0.0199
26-Jan-2012,7.8987,-0.0053
27-Jan-2012,7.891,-0.0077
30-Jan-2012,7.8975,0.0065
31-Jan-2012,7.9071,0.0096
01-Feb-2012,7.9159,0.0087
02-Feb-2012,7.9023,-0.0136
03-Feb-2012,7.8925,-0.0098
06-Feb-2012,7.8935,0.0011
07-Feb-2012,7.894,0.0004
08-Feb-2012,7.8887,-0.0052
09-Feb-2012,7.8844,-0.0044
10-Feb-2012,7.8754,-0.0089
13-Feb-2012,7.868,-0.0074
14-Feb-2012,7.8487,-0.0193
15-Feb-2012,7.8626,0.0139
16-Feb-2012,7.8502,-0.0124
17-Feb-2012,7.8442,-0.006
20-Feb-2012,7.8345,-0.0097
21-Feb-2012,7.8211,-0.0134
22-Feb-2012,7.8087,-0.0124
23-Feb-2012,7.8089,0.0002
24-Feb-2012,7.792,-0.0169
27-Feb-2012,7.7753,-0.0167
28-Feb-2012,7.743,-0.0323
29-Feb-2012,7.7408,-0.0022
01-Mar-2012,7.7526,0.0117
02-Mar-2012,7.7585,0.0059
05-Mar-2012,7.7586,0.0001
06-Mar-2012,7.7842,0.0256
07-Mar-2012,7.8025,0.0184
08-Mar-2012,7.8159,0.0133
09-Mar-2012,7.8215,0.0056
12-Mar-2012,7.8164,-0.0051
13-Mar-2012,7.8292,0.0129
14-Mar-2012,7.831,0.0018
15-Mar-2012,7.8292,-0.0018
16-Mar-2012,7.8347,0.0055
19-Mar-2012,7.849,0.0143
20-Mar-2012,7.8636,0.0146
21-Mar-2012,7.8735,0.0098
22-Mar-2012,7.9019,0.0284
23-Mar-2012,7.8901,-0.0118
26-Mar-2012,7.8865,-0.0036
27-Mar-2012,7.8752,-0.0113
28-Mar-2012,7.8847,0.0096
29-Mar-2012,7.8707,-0.014
30-Mar-2012,7.8558,-0.0149
02-Apr-2012,7.8459,-0.0099
03-Apr-2012,7.852,0.0062
04-Apr-2012,7.8224,-0.0296
05-Apr-2012,7.8182,-0.0042
06-Apr-2012,7.8058,-0.0124
09-Apr-2012,7.7874,-0.0184
10-Apr-2012,7.7885,0.0011
11-Apr-2012,7.7669,-0.0216
12-Apr-2012,7.7237,-0.0432
13-Apr-2012,7.7263,0.0026
16-Apr-2012,7.7106,-0.0157
17-Apr-2012,7.6965,-0.0141
18-Apr-2012,7.6972,0.0007
19-Apr-2012,7.6923,-0.005
20-Apr-2012,7.6911,-0.0012
23-Apr-2012,7.6881,-0.003
24-Apr-2012,7.686,-0.0021
25-Apr-2012,7.6615,-0.0245
26-Apr-2012,7.6646,0.0032
27-Apr-2012,7.6564,-0.0082
30-Apr-2012,7.6503,-0.0061
01-May-2012,7.6398,-0.0105
02-May-2012,7.64,0.0001
03-May-2012,7.6418,0.0019
04-May-2012,7.6429,0.0011
07-May-2012,7.6483,0.0053
08-May-2012,7.6436,-0.0046
09-May-2012,7.6384,-0.0052
10-May-2012,7.6467,0.0083
11-May-2012,7.6544,0.0077
14-May-2012,7.6618,0.0074
15-May-2012,7.6786,0.0168
16-May-2012,7.6649,-0.0137
17-May-2012,7.6526,-0.0123
18-May-2012,7.6624,0.0098
21-May-2012,7.6739,0.0115
22-May-2012,7.6787,0.0049
23-May-2012,7.6878,0.0091
24-May-2012,7.6779,-0.0099
25-May-2012,7.6969,0.0191
28-May-2012,7.6913,-0.0057
29-May-2012,7.6964,0.0051
30-May-2012,7.7041,0.0078
31-May-2012,7.7075,0.0033
01-Jun-2012,7.7416,0.0341
04-Jun-2012,7.7369,-0.0047
05-Jun-2012,7.7307,-0.0062
06-Jun-2012,7.7234,-0.0072
07-Jun-2012,7.7168,-0.0066
08-Jun-2012,7.7297,0.0129
11-Jun-2012,7.7461,0.0164
12-Jun-2012,7.741,-0.0051
13-Jun-2012,7.7439,0.0029
14-Jun-2012,7.728,-0.0159
15-Jun-2012,7.7452,0.0173
18-Jun-2012,7.7458,0.0005
19-Jun-2012,7.7381,-0.0076
20-Jun-2012,7.7553,0.0172
21-Jun-2012,7.7672,0.0119
22-Jun-2012,7.761,-0.0062
25-Jun-2012,7.7686,0.0076
26-Jun-2012,7.7699,0.0013
27-Jun-2012,7.765,-0.0049
28-Jun-2012,7.7787,0.0137
29-Jun-2012,7.787,0.0083
02-Jul-2012,7.7998,0.0129
03-Jul-2012,7.7999,0.0
04-Jul-2012,7.7952,-0.0047
05-Jul-2012,7.7959,0.0007
06-Jul-2012,7.7849,-0.011
09-Jul-2012,7.7867,0.0018
10-Jul-2012,7.8028,0.0161
11-Jul-2012,7.802,-0.0007
12-Jul-2012,7.8108,0.0088
13-Jul-2012,7.826,0.0152
16-Jul-2012,7.8409,0.0149
17-Jul-2012,7.8453,0.0043
18-Jul-2012,7.8611,0.0158
19-Jul-2012,7.846,-0.0151
20-Jul-2012,7.8389,-0.0071
23-Jul-2012,7.8316,-0.0073
24-Jul-2012,7.8552,0.0236
25-Jul-2012,7.8472,-0.008
26-Jul-2012,7.8599,0.0127
27-Jul-2012,7.868,0.0081
30-Jul-2012,7.8774,0.0094
31-Jul-2012,7.8652,-0.0122
01-Aug-2012,7.8621,-0.0032
02-Aug-2012,7.8506,-0.0115
03-Aug-2012,7.8746,0.024
06-Aug-2012,7.8662,-0.0084
07-Aug-2012,7.8732,0.007
08-Aug-2012,7.8637,-0.0095
09-Aug-2012,7.8817,0.018
10-Aug-2012,7.9001,0.0185
13-Aug-2012,7.919,0.0189
14-Aug-2012,7.9236,0.0046
15-Aug-2012,7.9402,0.0166
16-Aug-2012,7.9293,-0.0109
17-Aug-2012,7.9228,-0.0066
20-Aug-2012,7.9324,0.0097
21-Aug-2012,7.9267,-0.0058
22-Aug-2012,7.9196,-0.007
23-Aug-2012,7.9265,0.0069
24-Aug-2012,7.9136,-0.0129
27-Aug-2012,7.9144,0.0007
28-Aug-2012,7.9104,-0.004
29-Aug-2012,7.9067,-0.0037
30-Aug-2012,7.9011,-0.0055
31-Aug-2012,7.9122,0.0111
03-Sep-2012,7.917,0.0047
04-Sep-2012,7.9207,0.0037
05-Sep-2012,7.9194,-0.0013
06-Sep-2012,7.9086,-0.0109
07-Sep-2012,7.8895,-0.0191
10-Sep-2012,7.8905,0.001
11-Sep-2012,7.8775,-0.0131
12-Sep-2012,7.8673,-0.0101
13-Sep-2012,7.8724,0.0051
14-Sep-2012,7.8618,-0.0106
17-Sep-2012,7.8767,0.015
18-Sep-2012,7.8778,0.0011
19-Sep-2012,7.8784,0.0006
20-Sep-2012,7.8639,-0.0145
21-Sep-2012,7.8534,-0.0106
24-Sep-2012,7.8732,0.0198
25-Sep-2012,7.8747,0.0016
26-Sep-2012,7.8824,0.0076
27-Sep-2012,7.8816,-0.0008
28-Sep-2012,7.8727,-0.0089
01-Oct-2012,7.8799,0.0072
02-Oct-2012,7.8732,-0.0067
03-Oct-2012,7.8602,-0.013
04-Oct-2012,7.8636,0.0034
05-Oct-2012,7.8849,0.0213
08-Oct-2012,7.8884,0.0035
09-Oct-2012,7.8822,-0.0063
10-Oct-2012,7.8909,0.0088
11-Oct-2012,7.8901,-0.0008
12-Oct-2012,7.8981,0.008
15-Oct-2012,7.9179,0.0198
16-Oct-2012,7.9299,0.012
17-Oct-2012,7.9238,-0.0061
18-Oct-2012,7.8996,-0.0243
19-Oct-2012,7.8918,-0.0077
22-Oct-2012,7.8957,0.0039
23-Oct-2012,7.8883,-0.0074
24-Oct-2012,7.8882,-0.0001
25-Oct-2012,7.8856,-0.0026
26-Oct-2012,7.8731,-0.0125
29-Oct-2012,7.8722,-0.0009
30-Oct-2012,7.8516,-0.0206
31-Oct-2012,7.857,0.0053
01-Nov-2012,7.8506,-0.0064
02-Nov-2012,7.8373,-0.0133
05-Nov-2012,7.8432,0.0059
06-Nov-2012,7.827,-0.0162
07-Nov-2012,7.8166,-0.0104
08-Nov-2012,7.8255,0.0089
09-Nov-2012,7.8211,-0.0044
12-Nov-2012,7.8085,-0.0126
13-Nov-2012,7.8082,-0.0003
14-Nov-2012,7.8077,-0.0005
15-Nov-2012,7.8097,0.002
16-Nov-2012,7.8288,0.0191
19-Nov-2012,7.8049,-0.0239
20-Nov-2012,7.8204,0.0155
21-Nov-2012,7.8183,-0.0021
22-Nov-2012,7.825,0.0067
23-Nov-2012,7.8369,0.0119
26-Nov-2012,7.8367,-0.0002
27-Nov-2012,7.8303,-0.0063
28-Nov-2012,7.8223,-0.008
29-Nov-2012,7.8258,0.0035
30-Nov-2012,7.8262,0.0004
03-Dec-2012,7.8213,-0.0049
04-Dec-2012,7.806,-0.0153
05-Dec-2012,7.7913,-0.0147
06-Dec-2012,7.805,0.0137
07-Dec-2012,7.7954,-0.0096
10-Dec-2012,7.7836,-0.0117
11-Dec-2012,7.804,0.0203
12-Dec-2012,7.7994,-0.0045
13-Dec-2012,7.7933,-0.0061
14-Dec-2012,7.7718,-0.0215
17-Dec-2012,7.7727,0.0009
18-Dec-2012,7.7915,0.0189
19-Dec-2012,7.7885,-0.0031
20-Dec-2012,7.7928,0.0043
21-Dec-2012,7.8003,0.0075
24-Dec-2012,7.8074,0.0071
25-Dec-2012,7.8296,0.0223
26-Dec-2012,7.8108,-0.0189
27-Dec-2012,7.8,-0.0108
28-Dec-2012,7.8005,0.0006
31-Dec-2012,7.8058,0.0053
01-Jan-2013,7.7945,-0.0113
02-Jan-2013,7.7802,-0.0143
03-Jan-2013,7.7614,-0.0188
04-Jan-2013,7.7643,0.0029
07-Jan-2013,7.7633,-0.0011
08-Jan-2013,7.7687,0.0054
09-Jan-2013,7.771,0.0023
10-Jan-2013,7.7814,0.0105
11-Jan-2013,7.7633,-0.0182
14-Jan-2013,7.764,0.0007
15-Jan-2013,7.7562,-0.0077
16-Jan-2013,7.7605,0.0043
17-Jan-2013,7.7678,0.0073
18-Jan-2013,7.7868,0.019
21-Jan-2013,7.7867,-0.0001
22-Jan-2013,7.7731,-0.0136
23-Jan-2013,7.7693,-0.0039
24-Jan-2013,7.7902,0.021
25-Jan-2013,7.8008,0.0106
28-Jan-2013,7.7915,-0.0093
29-Jan-2013,7.7755,-0.016
30-Jan-2013,7.7606,-0.0149
31-Jan-2013,7.7648,0.0042
01-Feb-2013,7.7758,0.0109
04-Feb-2013,7.76,-0.0157
05-Feb-2013,7.7568,-0.0032
06-Feb-2013,7.7466,-0.0103
07-Feb-2013,7.7674,0.0208
08-Feb-2013,7.7896,0.0223
11-Feb-2013,7.7884,-0.0012
12-Feb-2013,7.7829,-0.0055
13-Feb-2013,7.779,-0.004
14-Feb-2013,7.7795,0.0006
15-Feb-2013,7.7915,0.012
18-Feb-2013,7.7935,0.002
19-Feb-2013,7.7887,-0.0048
20-Feb-2013,7.7892,0.0005
21-Feb-2013,7.7943,0.005
22-Feb-2013,7.7777,-0.0166
25-Feb-2013,7.7746,-0.0031
26-Feb-2013,7.7813,0.0067
27-Feb-2013,7.7617,-0.0196
28-Feb-2013,7.7405,-0.0212
01-Mar-2013,7.7475,0.007
04-Mar-2013,7.7454,-0.0021
05-Mar-2013,7.7492,0.0038
06-Mar-2013,7.7484,-0.0008
07-Mar-2013,7.7556,0.0072
08-Mar-2013,7.7628,0.0073
11-Mar-2013,7.7759,0.0131
12-Mar-2013,7.7784,0.0024
13-Mar-2013,7.7837,0.0053
14-Mar-2013,7.7683,-0.0153
15-Mar-2013,7.7651,-0.0032
18-Mar-2013,7.7796,0.0145
19-Mar-2013,7.7623,-0.0173
20-Mar-2013,7.7429,-0.0195
21-Mar-2013,7.7477,0.0048
22-Mar-2013,7.7619,0.0142
25-Mar-2013,7.7639,0.0021
26-Mar-2013,7.7451,-0.0189
27-Mar-2013,7.7436,-0.0015
28-Mar-2013,7.7542,0.0106
29-Mar-2013,7.7584,0.0042
01-Apr-2013,7.7716,0.0133
02-Apr-2013,7.7692,-0.0024
03-Apr-2013,7.7829,0.0137
04-Apr-2013,7.7855,0.0026
05-Apr-2013,7.778,-0.0075
08-Apr-2013,7.7965,0.0185
09-Apr-2013,7.815,0.0185
10-Apr-2013,7.8257,0.0107
11-Apr-2013,7.8259,0.0002
12-Apr-2013,7.8294,0.0036
15-Apr-2013,7.8209,-0.0085
16-Apr-2013,7.8095,-0.0114
17-Apr-2013,7.8085,-0.001
18-Apr-2013,7.7878,-0.0207
19-Apr-2013,7.8079,0.0202
22-Apr-2013,7.795,-0.0129
23-Apr-2013,7.7771,-0.0179
24-Apr-2013,7.7953,0.0182
25-Apr-2013,7.7905,-0.0047
26-Apr-2013,7.8129,0.0224
29-Apr-2013,7.805,-0.0079
30-Apr-2013,7.8129,0.0079
01-May-2013,7.7902,-0.0228
02-May-2013,7.7671,-0.023
03-May-2013,7.7789,0.0118
06-May-2013,7.7679,-0.011
07-May-2013,7.7719,0.004
08-May-2013,7.7795,0.0076
09-May-2013,7.764,-0.0155
10-May-2013,7.7613,-0.0027
13-May-2013,7.7555,-0.0058
14-May-2013,7.7509,-0.0046
15-May-2013,7.7342,-0.0167
16-May-2013,7.7484,0.0141
17-May-2013,7.7354,-0.0129
20-May-2013,7.7197,-0.0157
21-May-2013,7.7077,-0.012
22-May-2013,7.7029,-0.0047
23-May-2013,7.709,0.0061
24-May-2013,7.6994,-0.0096
27-May-2013,7.7044,0.0051
28-May-2013,7.6948,-0.0096
29-May-2013,7.686,-0.0088
30-May-2013,7.6992,0.0132
31-May-2013,7.6961,-0.0032
03-Jun-2013,7.6755,-0.0206
04-Jun-2013,7.6841,0.0086
05-Jun-2013,7.6957,0.0117
06-Jun-2013,7.7202,0.0245
07-Jun-2013,7.7392,0.019
10-Jun-2013,7.7408,0.0016
11-Jun-2013,7.7311,-0.0097
12-Jun-2013,7.7208,-0.0103
13-Jun-2013,7.7202,-0.0006
14-Jun-2013,7.7105,-0.0097
17-Jun-2013,7.7136,0.003
18-Jun-2013,7.7161,0.0025
19-Jun-2013,7.7258,0.0097
20-Jun-2013,7.7336,0.0078
21-Jun-2013,7.7216,-0.012
24-Jun-2013,7.7137,-0.0079
25-Jun-2013,7.7139,0.0002
26-Jun-2013,7.71,-0.0039
27-Jun-2013,7.7064,-0.0036
28-Jun-2013,7.7043,-0.002
01-Jul-2013,7.6953,-0.009
02-Jul-2013,7.6924,-0.0029
03-Jul-2013,7.6894,-0.003
04-Jul-2013,7.6939,0.0045
05-Jul-2013,7.6929,-0.0011
08-Jul-2013,7.685,-0.0078
09-Jul-2013,7.6897,0.0047
10-Jul-2013,7.6605,-0.0292
11-Jul-2013,7.6709,0.0104
12-Jul-2013,7.6908,0.0198
15-Jul-2013,7.7063,0.0155
16-Jul-2013,7.7236,0.0174
17-Jul-2013,7.7235,-0.0001
18-Jul-2013,7.7198,-0.0037
19-Jul-2013,7.717,-0.0028
22-Jul-2013,7.7305,0.0136
23-Jul-2013,7.7112,-0.0193
24-Jul-2013,7.7249,0.0137
25-Jul-2013,7.7126,-0.0124
26-Jul-2013,7.6922,-0.0203
29-Jul-2013,7.6871,-0.0051
30-Jul-2013,7.6841,-0.003
31-Jul-2013,7.6765,-0.0077
01-Aug-2013,7.6918,0.0153
02-Aug-2013,7.6817,-0.0101
05-Aug-2013,7.6778,-0.0039
06-Aug-2013,7.6743,-0.0035
07-Aug-2013,7.6762,0.0018
08-Aug-2013,7.6945,0.0183
09-Aug-2013,7.7082,0.0137
12-Aug-2013,7.728,0.0198
13-Aug-2013,7.7289,0.0009
14-Aug-2013,7.737,0.0082
15-Aug-2013,7.7508,0.0138
16-Aug-2013,7.7568,0.006
19-Aug-2013,7.7547,-0.0021
20-Aug-2013,7.7664,0.0117
21-Aug-2013,7.7606,-0.0058
22-Aug-2013,7.7774,0.0168
23-Aug-2013,7.7804,0.003
26-Aug-2013,7.7612,-0.0192
27-Aug-2013,7.7479,-0.0133
28-Aug-2013,7.7664,0.0185
29-Aug-2013,7.7855,0.0191
30-Aug-2013,7.7782,-0.0073
02-Sep-2013,7.7695,-0.0087
03-Sep-2013,7.7624,-0.0071
04-Sep-2013,7.7325,-0.0299
05-Sep-2013,7.7315,-0.001
06-Sep-2013,7.716,-0.0155
09-Sep-2013,7.712,-0.004
10-Sep-2013,7.7043,-0.0077
11-Sep-2013,7.7037,-0.0006
12-Sep-2013,7.7055,0.0018
13-Sep-2013,7.7019,-0.0036
16-Sep-2013,7.7032,0.0014
17-Sep-2013,7.7183,0.0151
18-Sep-2013,7.6952,-0.0231
19-Sep-2013,7.6896,-0.0056
20-Sep-2013,7.7129,0.0233
23-Sep-2013,7.7402,0.0273
24-Sep-2013,7.7429,0.0027
25-Sep-2013,7.7481,0.0052
26-Sep-2013,7.756,0.008
27-Sep-2013,7.7557,-0.0003
30-Sep-2013,7.7663,0.0106
01-Oct-2013,7.7927,0.0264
02-Oct-2013,7.7801,-0.0126
03-Oct-2013,7.7828,0.0027
04-Oct-2013,7.7948,0.0121
07-Oct-2013,7.7969,0.002
08-Oct-2013,7.7981,0.0013
09-Oct-2013,7.8077,0.0096
10-Oct-2013,7.7944,-0.0134
11-Oct-2013,7.7843,-0.0101
14-Oct-2013,7.7716,-0.0127
15-Oct-2013,7.7587,-0.0129
16-Oct-2013,7.7708,0.0121
17-Oct-2013,7.7636,-0.0072
18-Oct-2013,7.7535,-0.0101
21-Oct-2013,7.7728,0.0194
22-Oct-2013,7.7631,-0.0097
23-Oct-2013,7.7488,-0.0143
24-Oct-2013,7.738,-0.0109
25-Oct-2013,7.7352,-0.0027
28-Oct-2013,7.7456,0.0104
29-Oct-2013,7.7376,-0.008
30-Oct-2013,7.7278,-0.0098
31-Oct-2013,7.7201,-0.0077
01-Nov-2013,7.7093,-0.0108
04-Nov-2013,7.7122,0.0029
05-Nov-2013,7.7136,0.0013
06-Nov-2013,7.7214,0.0078
07-Nov-2013,7.7344,0.013
08-Nov-2013,7.7232,-0.0112
11-Nov-2013,7.7173,-0.0059
12-Nov-2013,7.7198,0.0025
13-Nov-2013,7.7398,0.02
14-Nov-2013,7.7191,-0.0207
15-Nov-2013,7.7198,0.0007
18-Nov-2013,7.7033,-0.0165
19-Nov-2013,7.7133,0.01
20-Nov-2013,7.7202,0.0069
21-Nov-2013,7.7227,0.0025
22-Nov-2013,7.7176,-0.0052
25-Nov-2013,7.7111,-0.0064
26-Nov-2013,7.7133,0.0022
27-Nov-2013,7.7256,0.0122
28-Nov-2013,7.7099,-0.0156
29-Nov-2013,7.7249,0.015
02-Dec-2013,7.7309,0.006
03-Dec-2013,7.7343,0.0034
04-Dec-2013,7.719,-0.0153
05-Dec-2013,7.7243,0.0053
06-Dec-2013,7.7261,0.0018
09-Dec-2013,7.7289,0.0028
10-Dec-2013,7.7559,0.027
11-Dec-2013,7.7587,0.0029
12-Dec-2013,7.7612,0.0025
13-Dec-2013,7.7782,0.017
16-Dec-2013,7.7808,0.0026
17-Dec-2013,7.7943,0.0136
18-Dec-2013,7.8003,0.0059
19-Dec-2013,7.7993,-0.001
20-Dec-2013,7.8108,0.0116
23-Dec-2013,7.8097,-0.0011
24-Dec-2013,7.8142,0.0045
25-Dec-2013,7.8178,0.0036
26-Dec-2013,7.8111,-0.0067
27-Dec-2013,7.8134,0.0023
30-Dec-2013,7.8195,0.0061
31-Dec-2013,7.8092,-0.0103
01-Jan-2014,7.7876,-0.0216
02-Jan-2014,7.7962,0.0086
03-Jan-2014,7.7887,-0.0075
06-Jan-2014,7.7973,0.0086
07-Jan-2014,7.8036,0.0063
08-Jan-2014,7.8018,-0.0018
09-Jan-2014,7.8089,0.0071
10-Jan-2014,7.813,0.0041
13-Jan-2014,7.8042,-0.0087
14-Jan-2014,7.7781,-0.0262
15-Jan-2014,7.7934,0.0153
16-Jan-2014,7.8063,0.0129
17-Jan-2014,7.7897,-0.0166
20-Jan-2014,7.7996,0.0099
21-Jan-2014,7.8167,0.017
22-Jan-2014,7.8233,0.0066
23-Jan-2014,7.8124,-0.0109
24-Jan-2014,7.8218,0.0094
27-Jan-2014,7.8145,-0.0073
28-Jan-2014,7.8038,-0.0108
29-Jan-2014,7.8323,0.0285
30-Jan-2014,7.8253,-0.007
31-Jan-2014,7.8135,-0.0117
03-Feb-2014,7.8224,0.0089
04-Feb-2014,7.8112,-0.0112
05-Feb-2014,7.8318,0.0206
06-Feb-2014,7.8273,-0.0045
07-Feb-2014,7.8321,0.0048
10-Feb-2014,7.8359,0.0038
11-Feb-2014,7.8447,0.0088
12-Feb-2014,7.8525,0.0078
13-Feb-2014,7.8644,0.0119
14-Feb-2014,7.878,0.0136
17-Feb-2014,7.8766,-0.0014
18-Feb-2014,7.9077,0.0311
19-Feb-2014,7.8998,-0.0079
20-Feb-2014,7.9041,0.0043
21-Feb-2014,7.9157,0.0116
24-Feb-2014,7.9282,0.0125
25-Feb-2014,7.8935,-0.0347
26-Feb-2014,7.8863,-0.0072
27-Feb-2014,7.8757,-0.0106
28-Feb-2014,7.8928,0.0171
03-Mar-2014,7.9091,0.0163
04-Mar-2014,7.9056,-0.0035
05-Mar-2014,7.9045,-0.0012
06-Mar-2014,7.9187,0.0142
07-Mar-2014,7.9074,-0.0113
10-Mar-2014,7.9204,0.013
11-Mar-2014,7.9048,-0.0156
12-Mar-2014,7.9017,-0.0031
13-Mar-2014,7.9043,0.0026
14-Mar-2014,7.8924,-0.0119
17-Mar-2014,7.9049,0.0125
18-Mar-2014,7.8938,-0.0111
19-Mar-2014,7.8826,-0.0112
20-Mar-2014,7.8747,-0.0079
21-Mar-2014,7.887,0.0122
24-Mar-2014,7.8819,-0.0051
25-Mar-2014,7.8645,-0.0173
26-Mar-2014,7.8565,-0.0081
27-Mar-2014,7.8669,0.0105
28-Mar-2014,7.8836,0.0167
31-Mar-2014,7.8661,-0.0175
01-Apr-2014,7.8549,-0.0112
02-Apr-2014,7.8654,0.0105
03-Apr-2014,7.8719,0.0065
04-Apr-2014,7.8541,-0.0178
07-Apr-2014,7.8349,-0.0192
08-Apr-2014,7.8388,0.0039
09-Apr-2014,7.819,-0.0199
10-Apr-2014,7.8121,-0.0069
11-Apr-2014,7.8165,0.0045
14-Apr-2014,7.8283,0.0118
15-Apr-2014,7.8385,0.0102
16-Apr-2014,7.8342,-0.0042
17-Apr-2014,7.8445,0.0103
18-Apr-2014,7.8189,-0.0256
21-Apr-2014,7.7936,-0.0253
22-Apr-2014,7.7757,-0.018
23-Apr-2014,7.7614,-0.0143
24-Apr-2014,7.7533,-0.0081
25-Apr-2014,7.7489,-0.0044
28-Apr-2014,7.7454,-0.0035
29-Apr-2014,7.7464,0.0011
30-Apr-2014,7.7475,0.001
01-May-2014,7.7631,0.0156
02-May-2014,7.7467,-0.0164
05-May-2014,7.7216,-0.0251
06-May-2014,7.7303,0.0088
07-May-2014,7.7545,0.0242
08-May-2014,7.7491,-0.0054
09-May-2014,7.7538,0.0047
12-May-2014,7.773,0.0192
13-May-2014,7.7682,-0.0048
14-May-2014,7.7648,-0.0035
15-May-2014,7.762,-0.0028
16-May-2014,7.7461,-0.0159
19-May-2014,7.7366,-0.0095
20-May-2014,7.73,-0.0066
21-May-2014,7.7322,0.0022
22-May-2014,7.7351,0.003
23-May-2014,7.7168,-0.0184
26-May-2014,7.7236,0.0068
27-May-2014,7.7091,-0.0145
28-May-2014,7.7236,0.0144
29-May-2014,7.7215,-0.0021
30-May-2014,7.7235,0.002
02-Jun-2014,7.6944,-0.0291
03-Jun-2014,7.7059,0.0116
04-Jun-2014,7.713,0.0071
05-Jun-2014,7.7155,0.0025
06-Jun-2014,7.7178,0.0022
09-Jun-2014,7.7096,-0.0082
10-Jun-2014,7.694,-0.0156
11-Jun-2014,7.6976,0.0036
12-Jun-2014,7.7019,0.0043
13-Jun-2014,7.7024,0.0004
16-Jun-2014,7.6963,-0.0061
17-Jun-2014,7.7023,0.006
18-Jun-2014,7.7055,0.0033
19-Jun-2014,7.684,-0.0215
20-Jun-2014,7.68,-0.004
23-Jun-2014,7.6941,0.0141
24-Jun-2014,7.6803,-0.0138
25-Jun-2014,7.6734,-0.0069
26-Jun-2014,7.6625,-0.0109
27-Jun-2014,7.6749,0.0124
30-Jun-2014,7.6776,0.0027
01-Jul-2014,7.6544,-0.0233
02-Jul-2014,7.6645,0.0102
03-Jul-2014,7.6657,0.0012
04-Jul-2014,7.6674,0.0017
07-Jul-2014,7.6574,-0.0101
08-Jul-2014,7.648,-0.0094
09-Jul-2014,7.6421,-0.0059
10-Jul-2014,7.6216,-0.0205
11-Jul-2014,7.6165,-0.0051
14-Jul-2014,7.5944,-0.0221
15-Jul-2014,7.5959,0.0015
16-Jul-2014,7.6068,0.0109
17-Jul-2014,7.6029,-0.0038
18-Jul-2014,7.6153,0.0124
21-Jul-2014,7.6166,0.0013
22-Jul-2014,7.647,0.0304
23-Jul-2014,7.6516,0.0046
24-Jul-2014,7.6774,0.0258
25-Jul-2014,7.6653,-0.0121
28-Jul-2014,7.6696,0.0043
29-Jul-2014,7.684,0.0144
30-Jul-2014,7.6733,-0.0107
31-Jul-2014,7.6519,-0.0214
01-Aug-2014,7.6417,-0.0102
04-Aug-2014,7.6483,0.0067
05-Aug-2014,7.6441,-0.0043
06-Aug-2014,7.636,-0.008
07-Aug-2014,7.6242,-0.0119
08-Aug-2014,7.6225,-0.0017
11-Aug-2014,7.5975,-0.0249
12-Aug-2014,7.5972,-0.0003
13-Aug-2014,7.6095,0.0123
14-Aug-2014,7.6238,0.0143
15-Aug-2014,7.6353,0.0116
18-Aug-2014,7.6552,0.0199
19-Aug-2014,7.6403,-0.015
20-Aug-2014,7.6359,-0.0043
21-Aug-2014,7.6228,-0.0131
22-Aug-2014,7.6186,-0.0042
25-Aug-2014,7.6036,-0.015
26-Aug-2014,7.6056,0.002
27-Aug-2014,7.5818,-0.0239
28-Aug-2014,7.6042,0.0225
29-Aug-2014,7.6021,-0.0021
01-Sep-2014,7.5834,-0.0187
02-Sep-2014,7.5602,-0.0232
03-Sep-2014,7.554,-0.0063
04-Sep-2014,7.5594,0.0054
05-Sep-2014,7.5665,0.0071
08-Sep-2014,7.5597,-0.0068
09-Sep-2014,7.5522,-0.0075
10-Sep-2014,7.5701,0.0179
11-Sep-2014,7.5704,0.0003
12-Sep-2014,7.5573,-0.0131
15-Sep-2014,7.5763,0.019
16-Sep-2014,7.588,0.0117
17-Sep-2014,7.5844,-0.0037
18-Sep-2014,7.5912,0.0068
19-Sep-2014,7.5958,0.0046
22-Sep-2014,7.6082,0.0125
23-Sep-2014,7.5917,-0.0166
24-Sep-2014,7.5932,0.0016
25-Sep-2014,7.5754,-0.0179
26-Sep-2014,7.5705,-0.0049
29-Sep-2014,7.5577,-0.0128
30-Sep-2014,7.5792,0.0215
01-Oct-2014,7.5825,0.0033
02-Oct-2014,7.5811,-0.0014
03-Oct-2014,7.6049,0.0238
06-Oct-2014,7.5842,-0.0207
07-Oct-2014,7.5743,-0.01
08-Oct-2014,7.559,-0.0153
09-Oct-2014,7.5721,0.0131
10-Oct-2014,7.5649,-0.0072
13-Oct-2014,7.5646,-0.0003
14-Oct-2014,7.573,0.0084
15-Oct-2014,7.5923,0.0193
16-Oct-2014,7.6006,0.0083
17-Oct-2014,7.6172,0.0166
20-Oct-2014,7.6238,0.0066
21-Oct-2014,7.6322,0.0084
22-Oct-2014,7.6544,0.0221
23-Oct-2014,7.6724,0.0181
24-Oct-2014,7.6745,0.0021
27-Oct-2014,7.6622,-0.0124
28-Oct-2014,7.6787,0.0165
29-Oct-2014,7.6909,0.0123
30-Oct-2014,7.6577,-0.0332
31-Oct-2014,7.6737,0.0161
03-Nov-2014,7.6661,-0.0076
04-Nov-2014,7.6692,0.0031
05-Nov-2014,7.6619,-0.0073
06-Nov-2014,7.6781,0.0162
07-Nov-2014,7.6845,0.0064
10-Nov-2014,7.702,0.0175
11-Nov-2014,7.702,0.0
12-Nov-2014,7.7164,0.0144
13-Nov-2014,7.7043,-0.0121
14-Nov-2014,7.7085,0.0042
17-Nov-2014,7.7252,0.0167
18-Nov-2014,7.7134,-0.0118
19-Nov-2014,7.7134,0.0001
20-Nov-2014,7.7278,0.0144
21-Nov-2014,7.7375,0.0097
24-Nov-2014,7.7408,0.0032
25-Nov-2014,7.7326,-0.0082
26-Nov-2014,7.7321,-0.0005
27-Nov-2014,7.7176,-0.0145
28-Nov-2014,7.7115,-0.0061
01-Dec-2014,7.6963,-0.0152
02-Dec-2014,7.6977,0.0014
03-Dec-2014,7.6938,-0.004
04-Dec-2014,7.7024,0.0086
05-Dec-2014,7.6916,-0.0108
08-Dec-2014,7.7122,0.0206
09-Dec-2014,7.7009,-0.0113
10-Dec-2014,7.695,-0.0059
11-Dec-2014,7.7103,0.0153
12-Dec-2014,7.7283,0.018
15-Dec-2014,7.7399,0.0116
16-Dec-2014,7.729,-0.011
17-Dec-2014,7.7534,0.0244
18-Dec-2014,7.7541,0.0007
19-Dec-2014,7.7507,-0.0034
22-Dec-2014,7.7473,-0.0035
23-Dec-2014,7.7568,0.0096
24-Dec-2014,7.7539,-0.0029
25-Dec-2014,7.7484,-0.0055
26-Dec-2014,7.7302,-0.0182
29-Dec-2014,7.7534,0.0232
30-Dec-2014,7.7462,-0.0072
31-Dec-2014,7.7445,-0.0017
01-Jan-2015,7.7593,0.0148
02-Jan-2015,7.7741,0.0148
05-Jan-2015,7.7877,0.0136
06-Jan-2015,7.7988,0.0111
07-Jan-2015,7.8096,0.0108
08-Jan-2015,7.8343,0.0247
09-Jan-2015,7.8314,-0.0029
12-Jan-2015,7.8173,-0.014
13-Jan-2015,7.8293,0.012
14-Jan-2015,7.8388,0.0095
15-Jan-2015,7.844,0.0051
16-Jan-2015,7.8524,0.0084
19-Jan-2015,7.8371,-0.0153
20-Jan-2015,7.8325,-0.0046
21-Jan-2015,7.8595,0.0269
22-Jan-2015,7.8581,-0.0013
23-Jan-2015,7.8444,-0.0138
26-Jan-2015,7.8421,-0.0022
27-Jan-2015,7.8362,-0.0059
28-Jan-2015,7.8349,-0.0014
29-Jan-2015,7.8078,-0.0271
30-Jan-2015,7.8091,0.0013
02-Feb-2015,7.8278,0.0187
03-Feb-2015,7.8235,-0.0043
04-Feb-2015,7.8383,0.0148
05-Feb-2015,7.8452,0.007
06-Feb-2015,7.842,-0.0032
09-Feb-2015,7.8507,0.0087
10-Feb-2015,7.8759,0.0252
11-Feb-2015,7.8743,-0.0015
12-Feb-2015,7.8736,-0.0008
13-Feb-2015,7.878,0.0045
16-Feb-2015,7.8762,-0.0018
17-Feb-2015,7.8769,0.0006
18-Feb-2015,7.9004,0.0235
19-Feb-2015,7.9042,0.0038
20-Feb-2015,7.8754,-0.0288
23-Feb-2015,7.8825,0.0071
24-Feb-2015,7.8932,0.0107
25-Feb-2015,7.8814,-0.0119
26-Feb-2015,7.8715,-0.0098
27-Feb-2015,7.8709,-0.0007
02-Mar-2015,7.8711,0.0002
03-Mar-2015,7.8615,-0.0096
04-Mar-2015,7.8437,-0.0178
05-Mar-2015,7.8463,0.0026
06-Mar-2015,7.8449,-0.0014
09-Mar-2015,7.8302,-0.0147
10-Mar-2015,7.827,-0.0033
11-Mar-2015,7.8195,-0.0075
12-Mar-2015,7.8126,-0.0069
13-Mar-2015,7.8224,0.0098
16-Mar-2015,7.8315,0.0091
17-Mar-2015,7.8431,0.0116
18-Mar-2015,7.8384,-0.0048
19-Mar-2015,7.8255,-0.0129
20-Mar-2015,7.8356,0.0101
23-Mar-2015,7.8173,-0.0183
24-Mar-2015,7.8309,0.0135
25-Mar-2015,7.8348,0.004
26-Mar-2015,7.8324,-0.0025
27-Mar-2015,7.8295,-0.0029
30-Mar-2015,7.8195,-0.01
31-Mar-2015,7.8277,0.0082
01-Apr-2015,7.832,0.0043
02-Apr-2015,7.842,0.01
03-Apr-2015,7.8354,-0.0066
06-Apr-2015,7.8534,0.0179
07-Apr-2015,7.8342,-0.0191
08-Apr-2015,7.8411,0.0069
09-Apr-2015,7.8379,-0.0032
10-Apr-2015,7.844,0.0061
13-Apr-2015,7.8289,-0.0151
14-Apr-2015,7.8401,0.0112
15-Apr-2015,7.8247,-0.0153
16-Apr-2015,7.8514,0.0267
17-Apr-2015,7.8206,-0.0309
20-Apr-2015,7.8413,0.0207
21-Apr-2015,7.8436,0.0023
22-Apr-2015,7.8463,0.0028
23-Apr-2015,7.8233,-0.023
24-Apr-2015,7.8298,0.0065
27-Apr-2015,7.837,0.0072
28-Apr-2015,7.8394,0.0024
29-Apr-2015,7.8389,-0.0005
30-Apr-2015,7.8356,-0.0033
01-May-2015,7.837,0.0014
04-May-2015,7.842,0.0049
05-May-2015,7.8173,-0.0247
06-May-2015,7.8251,0.0079
07-May-2015,7.8352,0.01
08-May-2015,7.8165,-0.0186
11-May-2015,7.819,0.0025
12-May-2015,7.8152,-0.0039
13-May-2015,7.7888,-0.0264
14-May-2015,7.793,0.0043
15-May-2015,7.7827,-0.0103
18-May-2015,7.7744,-0.0083
19-May-2015,7.7859,0.0115
20-May-2015,7.7857,-0.0002
21-May-2015,7.792,0.0063
22-May-2015,7.7984,0.0064
25-May-2015,7.8057,0.0073
26-May-2015,7.7979,-0.0077
27-May-2015,7.8034,0.0054
28-May-2015,7.8269,0.0236
29-May-2015,7.8387,0.0118
01-Jun-2015,7.8369,-0.0018
02-Jun-2015,7.8534,0.0164
03-Jun-2015,7.8443,-0.009
04-Jun-2015,7.8629,0.0186
05-Jun-2015,7.8616,-0.0013
08-Jun-2015,7.8486,-0.013
09-Jun-2015,7.8488,0.0003
10-Jun-2015,7.8414,-0.0074
11-Jun-2015,7.8305,-0.0109
12-Jun-2015,7.8274,-0.003
15-Jun-2015,7.8175,-0.01
16-Jun-2015,7.8373,0.0199
17-Jun-2015,7.8261,-0.0112
18-Jun-2015,7.8191,-0.0071
19-Jun-2015,7.8388,0.0198
22-Jun-2015,7.834,-0.0049
23-Jun-2015,7.847,0.0131
24-Jun-2015,7.8409,-0.0061
25-Jun-2015,7.8298,-0.0111
26-Jun-2015,7.8569,0.0271
29-Jun-2015,7.8559,-0.001
30-Jun-2015,7.8668,0.011
01-Jul-2015,7.8534,-0.0134
02-Jul-2015,7.8494,-0.004
03-Jul-2015,7.8525,0.003
06-Jul-2015,7.841,-0.0114
07-Jul-2015,7.8604,0.0194
08-Jul-2015,7.8586,-0.0019
09-Jul-2015,7.8754,0.0168
10-Jul-2015,7.8925,0.0172
13-Jul-2015,7.9046,0.0121
14-Jul-2015,7.9054,0.0007
15-Jul-2015,7.8818,-0.0236
16-Jul-2015,7.9163,0.0345
17-Jul-2015,7.921,0.0047
20-Jul-2015,7.9374,0.0164
21-Jul-2015,7.943,0.0056
22-Jul-2015,7.9289,-0.0141
23-Jul-2015,7.9382,0.0092
24-Jul-2015,7.9445,0.0064
27-Jul-2015,7.9451,0.0006
28-Jul-2015,7.9339,-0.0112
29-Jul-2015,7.9312,-0.0027
30-Jul-2015,7.9467,0.0155
31-Jul-2015,7.9607,0.014
03-Aug-2015,7.958,-0.0027
04-Aug-2015,7.9484,-0.0096
05-Aug-2015,7.934,-0.0143
06-Aug-2015,7.9287,-0.0053
07-Aug-2015,7.9287,-0.0
10-Aug-2015,7.9694,0.0407
11-Aug-2015,7.9787,0.0094
12-Aug-2015,7.969,-0.0097
13-Aug-2015,7.9652,-0.0038
14-Aug-2015,7.9656,0.0004
17-Aug-2015,7.9477,-0.018
18-Aug-2015,7.9444,-0.0032
19-Aug-2015,7.9462,0.0018
20-Aug-2015,7.9449,-0.0013
21-Aug-2015,7.9185,-0.0263
24-Aug-2015,7.9128,-0.0058
25-Aug-2015,7.9083,-0.0044
26-Aug-2015,7.9232,0.0149
27-Aug-2015,7.9243,0.0011
28-Aug-2015,7.9163,-0.008
31-Aug-2015,7.9314,0.0151
01-Sep-2015,7.9364,0.0049
02-Sep-2015,7.9428,0.0064
03-Sep-2015,7.9407,-0.0021
04-Sep-2015,7.9423,0.0017
07-Sep-2015,7.937,-0.0054
08-Sep-2015,7.9228,-0.0141
09-Sep-2015,7.9244,0.0016
10-Sep-2015,7.9217,-0.0027
11-Sep-2015,7.914,-0.0078
14-Sep-2015,7.9127,-0.0013
15-Sep-2015,7.9074,-0.0053
16-Sep-2015,7.9027,-0.0047
17-Sep-2015,7.9014,-0.0013
18-Sep-2015,7.8896,-0.0119
21-Sep-2015,7.8983,0.0087
22-Sep-2015,7.9094,0.0111
23-Sep-2015,7.9071,-0.0022
24-Sep-2015,7.9193,0.0121
25-Sep-2015,7.9026,-0.0166
28-Sep-2015,7.902,-0.0006
29-Sep-2015,7.894,-0.008
30-Sep-2015,7.8949,0.0008
01-Oct-2015,7.8948,-0.0001
02-Oct-2015,7.8842,-0.0106
05-Oct-2015,7.8887,0.0045
06-Oct-2015,7.8941,0.0054
07-Oct-2015,7.8902,-0.0039
08-Oct-2015,7.8955,0.0053
09-Oct-2015,7.8987,0.0032
12-Oct-2015,7.9031,0.0044
13-Oct-2015,7.9097,0.0067
14-Oct-2015,7.9312,0.0214
15-Oct-2015,7.9216,-0.0096
16-Oct-2015,7.9271,0.0055
19-Oct-2015,7.9103,-0.0168
20-Oct-2015,7.9232,0.0129
21-Oct-2015,7.9144,-0.0089
22-Oct-2015,7.929,0.0146
23-Oct-2015,7.936,0.007
26-Oct-2015,7.9443,0.0083
27-Oct-2015,7.9469,0.0026
28-Oct-2015,7.9258,-0.0211
29-Oct-2015,7.9203,-0.0055
30-Oct-2015,7.9154,-0.005
02-Nov-2015,7.9353,0.0199
03-Nov-2015,7.933,-0.0023
04-Nov-2015,7.9233,-0.0097
05-Nov-2015,7.918,-0.0053
06-Nov-2015,7.9389,0.0209
09-Nov-2015,7.9555,0.0166
10-Nov-2015,7.9393,-0.0163
11-Nov-2015,7.9438,0.0045
12-Nov-2015,7.9409,-0.0028
13-Nov-2015,7.9287,-0.0123
16-Nov-2015,7.9242,-0.0044
17-Nov-2015,7.9219,-0.0023
18-Nov-2015,7.9295,0.0075
19-Nov-2015,7.9272,-0.0023
20-Nov-2015,7.9276,0.0004
23-Nov-2015,7.9147,-0.0129
24-Nov-2015,7.903,-0.0117
25-Nov-2015,7.9094,0.0063
26-Nov-2015,7.9013,-0.0081
27-Nov-2015,7.9051,0.0038
30-Nov-2015,7.9012,-0.004
01-Dec-2015,7.9014,0.0002
02-Dec-2015,7.8992,-0.0021
03-Dec-2015,7.8812,-0.0181
04-Dec-2015,7.8628,-0.0183
07-Dec-2015,7.856,-0.0068
08-Dec-2015,7.8669,0.0108
09-Dec-2015,7.8743,0.0074
10-Dec-2015,7.8869,0.0126
11-Dec-2015,7.9021,0.0153
14-Dec-2015,7.9131,0.0109
15-Dec-2015,7.9123,-0.0008
16-Dec-2015,7.9141,0.0019
17-Dec-2015,7.9136,-0.0005
18-Dec-2015,7.8962,-0.0174
21-Dec-2015,7.9066,0.0104
22-Dec-2015,7.8948,-0.0118
23-Dec-2015,7.8957,0.0009
24-Dec-2015,7.9024,0.0067
25-Dec-2015,7.9107,0.0083
28-Dec-2015,7.909,-0.0017
29-Dec-2015,7.9078,-0.0012
30-Dec-2015,7.9141,0.0063
31-Dec-2015,7.9173,0.0032
01-Jan-2016,7.9161,-0.0012
04-Jan-2016,7.9341,0.0181
05-Jan-2016,7.9312,-0.0029
06-Jan-2016,7.9381,0.0069
07-Jan-2016,7.937,-0.0011
08-Jan-2016,7.9303,-0.0067
11-Jan-2016,7.9232,-0.0071
12-Jan-2016,7.9059,-0.0172
13-Jan-2016,7.9084,0.0025
14-Jan-2016,7.913,0.0046
15-Jan-2016,7.9128,-0.0002
18-Jan-2016,7.9039,-0.009
19-Jan-2016,7.9058,0.0019
20-Jan-2016,7.8837,-0.0221
21-Jan-2016,7.8914,0.0077
22-Jan-2016,7.8802,-0.0112
25-Jan-2016,7.8864,0.0062
26-Jan-2016,7.9022,0.0158
27-Jan-2016,7.8896,-0.0126
28-Jan-2016,7.8945,0.0049
29-Jan-2016,7.8848,-0.0097
01-Feb-2016,7.8782,-0.0066
02-Feb-2016,7.8695,-0.0087
03-Feb-2016,7.856,-0.0135
04-Feb-2016,7.879,0.023
05-Feb-2016,7.877,-0.002
08-Feb-2016,7.8875,0.0105
09-Feb-2016,7.8819,-0.0057
10-Feb-2016,7.891,0.0091
11-Feb-2016,7.8706,-0.0203
12-Feb-2016,7.8567,-0.0139
15-Feb-2016,7.876,0.0193
16-Feb-2016,7.8726,-0.0034
17-Feb-2016,7.8778,0.0052
18-Feb-2016,7.8873,0.0095
19-Feb-2016,7.9134,0.0261
22-Feb-2016,7.917,0.0036
23-Feb-2016,7.9189,0.0019
24-Feb-2016,7.9255,0.0066
25-Feb-2016,7.9301,0.0046
26-Feb-2016,7.929,-0.0011
29-Feb-2016,7.9351,0.006
01-Mar-2016,7.9312,-0.0039
02-Mar-2016,7.9379,0.0067
03-Mar-2016,7.9562,0.0183
04-Mar-2016,7.9212,-0.0349
07-Mar-2016,7.9337,0.0124
08-Mar-2016,7.9203,-0.0133
09-Mar-2016,7.9061,-0.0142
10-Mar-2016,7.9021,-0.004
11-Mar-2016,7.9063,0.0042
14-Mar-2016,7.8849,-0.0215
15-Mar-2016,7.881,-0.0039
16-Mar-2016,7.9074,0.0264
17-Mar-2016,7.9145,0.0071
18-Mar-2016,7.93,0.0155
21-Mar-2016,7.945,0.015
22-Mar-2016,7.9574,0.0124
23-Mar-2016,7.989,0.0316
24-Mar-2016,7.9807,-0.0083
25-Mar-2016,8.0056,0.0249
28-Mar-2016,8.0151,0.0095
29-Mar-2016,8.0098,-0.0054
30-Mar-2016,8.0022,-0.0075
31-Mar-2016,8.0143,0.012
01-Apr-2016,8.0235,0.0092
04-Apr-2016,8.02,-0.0035
05-Apr-2016,8.0164,-0.0035
06-Apr-2016,8.0193,0.0029
07-Apr-2016,8.0222,0.0029
08-Apr-2016,8.015,-0.0072
11-Apr-2016,8.0017,-0.0134
12-Apr-2016,7.9916,-0.0101
13-Apr-2016,7.9821,-0.0095
14-Apr-2016,7.9741,-0.008
15-Apr-2016,7.9773,0.0032
18-Apr-2016,7.9602,-0.017
19-Apr-2016,7.9622,0.002
20-Apr-2016,7.9584,-0.0039
21-Apr-2016,7.9643,0.006
22-Apr-2016,7.9303,-0.034
25-Apr-2016,7.964,0.0337
26-Apr-2016,7.9675,0.0035
27-Apr-2016,7.9739,0.0064
28-Apr-2016,7.9667,-0.0073
29-Apr-2016,7.9598,-0.0068
02-May-2016,7.9809,0.0211
03-May-2016,7.9831,0.0022
04-May-2016,7.9714,-0.0117
05-May-2016,7.9927,0.0213
06-May-2016,7.9876,-0.0051
09-May-2016,7.991,0.0034
10-May-2016,7.9945,0.0035
11-May-2016,8.0046,0.0101
12-May-2016,8.0021,-0.0024
13-May-2016,8.0038,0.0016
16-May-2016,8.0164,0.0126
17-May-2016,8.0259,0.0095
18-May-2016,8.0125,-0.0134
19-May-2016,8.0134,0.0009
20-May-2016,8.0161,0.0027
23-May-2016,8.0199,0.0038
24-May-2016,8.0083,-0.0116
25-May-2016,8.0188,0.0105
26-May-2016,8.0405,0.0217
27-May-2016,8.0592,0.0188
30-May-2016,8.0495,-0.0097
31-May-2016,8.06,0.0104
01-Jun-2016,8.0541,-0.0059
02-Jun-2016,8.0602,0.0061
03-Jun-2016,8.0461,-0.0141
06-Jun-2016,8.0566,0.0105
07-Jun-2016,8.0594,0.0028
08-Jun-2016,8.0587,-0.0007
09-Jun-2016,8.0768,0.0181
10-Jun-2016,8.0646,-0.0122
13-Jun-2016,8.0476,-0.017
14-Jun-2016,8.0356,-0.012
15-Jun-2016,8.0375,0.0018
16-Jun-2016,8.0159,-0.0216
17-Jun-2016,8.0073,-0.0085
20-Jun-2016,8.0123,0.005
21-Jun-2016,8.0057,-0.0066
22-Jun-2016,7.983,-0.0227
23-Jun-2016,7.9776,-0.0054
24-Jun-2016,7.9618,-0.0158
27-Jun-2016,7.9493,-0.0125
28-Jun-2016,7.9595,0.0102
29-Jun-2016,7.9537,-0.0058
30-Jun-2016,7.9345,-0.0192
01-Jul-2016,7.9486,0.0141
04-Jul-2016,7.9579,0.0092
05-Jul-2016,7.9588,0.0009
06-Jul-2016,7.9641,0.0053
07-Jul-2016,7.9665,0.0024
08-Jul-2016,7.9612,-0.0053
11-Jul-2016,7.9652,0.004
12-Jul-2016,7.9623,-0.0028
13-Jul-2016,7.9687,0.0064
14-Jul-2016,7.9655,-0.0032
15-Jul-2016,7.9635,-0.0021
18-Jul-2016,7.9542,-0.0093
19-Jul-2016,7.9478,-0.0063
20-Jul-2016,7.9446,-0.0032
21-Jul-2016,7.9335,-0.0112
22-Jul-2016,7.9176,-0.0159
25-Jul-2016,7.8945,-0.023
26-Jul-2016,7.9204,0.0259
27-Jul-2016,7.9251,0.0047
28-Jul-2016,7.9395,0.0144
29-Jul-2016,7.9462,0.0066
01-Aug-2016,7.9409,-0.0052
02-Aug-2016,7.9344,-0.0065
03-Aug-2016,7.9272,-0.0072
04-Aug-2016,7.9062,-0.021
05-Aug-2016,7.9116,0.0054
08-Aug-2016,7.901,-0.0105
09-Aug-2016,7.928,0.0269
10-Aug-2016,7.9352,0.0072
11-Aug-2016,7.9453,0.0101
12-Aug-2016,7.9192,-0.0261
15-Aug-2016,7.9356,0.0164
16-Aug-2016,7.9236,-0.012
17-Aug-2016,7.9211,-0.0026
18-Aug-2016,7.9189,-0.0021
19-Aug-2016,7.9289,0.01
22-Aug-2016,7.9391,0.0102
23-Aug-2016,7.9304,-0.0087
24-Aug-2016,7.9571,0.0267
25-Aug-2016,7.9507,-0.0064
26-Aug-2016,7.9513,0.0006
29-Aug-2016,7.9673,0.0161
30-Aug-2016,7.9639,-0.0034
31-Aug-2016,7.956,-0.008
01-Sep-2016,7.9449,-0.0111
02-Sep-2016,7.9708,0.0259
05-Sep-2016,7.9772,0.0064
06-Sep-2016,7.9719,-0.0053
07-Sep-2016,7.9683,-0.0035
08-Sep-2016,7.9749,0.0066
09-Sep-2016,7.9663,-0.0086
12-Sep-2016,7.9533,-0.013
13-Sep-2016,7.945,-0.0084
14-Sep-2016,7.9516,0.0066
15-Sep-2016,7.9459,-0.0057
16-Sep-2016,7.9444,-0.0015
19-Sep-2016,7.9327,-0.0117
20-Sep-2016,7.9144,-0.0183
21-Sep-2016,7.9144,-0.0
22-Sep-2016,7.9222,0.0078
23-Sep-2016,7.9044,-0.0178
26-Sep-2016,7.9079,0.0035
27-Sep-2016,7.9036,-0.0043
28-Sep-2016,7.9114,0.0078
29-Sep-2016,7.9091,-0.0023
30-Sep-2016,7.9066,-0.0025
03-Oct-2016,7.8866,-0.02
04-Oct-2016,7.8644,-0.0222
05-Oct-2016,7.8801,0.0157
06-Oct-2016,7.8679,-0.0121
07-Oct-2016,7.8608,-0.0071
10-Oct-2016,7.8478,-0.013
11-Oct-2016,7.8564,0.0086
12-Oct-2016,7.8643,0.0079
13-Oct-2016,7.8679,0.0036
14-Oct-2016,7.8531,-0.0148
17-Oct-2016,7.8351,-0.018
18-Oct-2016,7.837,0.0019
19-Oct-2016,7.8567,0.0196
20-Oct-2016,7.8703,0.0137
21-Oct-2016,7.869,-0.0014
24-Oct-2016,7.8594,-0.0096
25-Oct-2016,7.8542,-0.0052
26-Oct-2016,7.8482,-0.006
27-Oct-2016,7.8487,0.0005
28-Oct-2016,7.829,-0.0197
31-Oct-2016,7.8325,0.0035
01-Nov-2016,7.8566,0.0241
02-Nov-2016,7.862,0.0054
03-Nov-2016,7.8601,-0.0019
04-Nov-2016,7.8514,-0.0087
07-Nov-2016,7.8509,-0.0005
08-Nov-2016,7.8511,0.0002
09-Nov-2016,7.8566,0.0055
10-Nov-2016,7.8293,-0.0274
11-Nov-2016,7.8227,-0.0066
14-Nov-2016,7.8183,-0.0044
15-Nov-2016,7.8091,-0.0092
16-Nov-2016,7.8094,0.0002
17-Nov-2016,7.8093,-0.0001
18-Nov-2016,7.7837,-0.0255
21-Nov-2016,7.7776,-0.0062
22-Nov-2016,7.7728,-0.0048
23-Nov-2016,7.776,0.0032
24-Nov-2016,7.7639,-0.0121
25-Nov-2016,7.7519,-0.012
28-Nov-2016,7.7575,0.0056
29-Nov-2016,7.7606,0.0031
30-Nov-2016,7.7612,0.0006
01-Dec-2016,7.7707,0.0095
02-Dec-2016,7.7683,-0.0024
05-Dec-2016,7.7677,-0.0006
06-Dec-2016,7.7561,-0.0115
07-Dec-2016,7.7656,0.0095
08-Dec-2016,7.775,0.0093
09-Dec-2016,7.7805,0.0056
12-Dec-2016,7.7746,-0.0059
13-Dec-2016,7.781,0.0064
14-Dec-2016,7.7785,-0.0025
15-Dec-2016,7.7607,-0.0179
16-Dec-2016,7.7613,0.0006
19-Dec-2016,7.7696,0.0084
20-Dec-2016,7.7694,-0.0002
21-Dec-2016,7.7734,0.004
22-Dec-2016,7.7622,-0.0112
23-Dec-2016,7.759,-0.0032
26-Dec-2016,7.7586,-0.0004
27-Dec-2016,7.7555,-0.0031
28-Dec-2016,7.7573,0.0017
29-Dec-2016,7.7598,0.0025
30-Dec-2016,7.7722,0.0124
02-Jan-2017,7.7892,0.017
03-Jan-2017,7.7745,-0.0147
04-Jan-2017,7.7669,-0.0075
05-Jan-2017,7.7801,0.0131
06-Jan-2017,7.7864,0.0063
09-Jan-2017,7.7836,-0.0027
10-Jan-2017,7.7661,-0.0175
11-Jan-2017,7.7524,-0.0138
12-Jan-2017,7.7356,-0.0168
13-Jan-2017,7.7292,-0.0064
16-Jan-2017,7.7207,-0.0085
17-Jan-2017,7.7166,-0.0041
18-Jan-2017,7.7215,0.0049
19-Jan-2017,7.7209,-0.0006
20-Jan-2017,7.7472,0.0263
23-Jan-2017,7.7302,-0.017
24-Jan-2017,7.7294,-0.0008
25-Jan-2017,7.7288,-0.0006
26-Jan-2017,7.7287,-0.0001
27-Jan-2017,7.7232,-0.0055
30-Jan-2017,7.7224,-0.0008
31-Jan-2017,7.7208,-0.0015
01-Feb-2017,7.7338,0.0129
02-Feb-2017,7.7464,0.0127
03-Feb-2017,7.737,-0.0094
06-Feb-2017,7.7403,0.0033
07-Feb-2017,7.7454,0.0051
08-Feb-2017,7.7372,-0.0083
09-Feb-2017,7.7357,-0.0015
10-Feb-2017,7.7211,-0.0146
13-Feb-2017,7.7424,0.0213
14-Feb-2017,7.7442,0.0018
15-Feb-2017,7.7505,0.0063
16-Feb-2017,7.7467,-0.0038
17-Feb-2017,7.7349,-0.0119
20-Feb-2017,7.7341,-0.0007
21-Feb-2017,7.7465,0.0124
22-Feb-2017,7.7507,0.0042
23-Feb-2017,7.7527,0.002
24-Feb-2017,7.7479,-0.0048
27-Feb-2017,7.7427,-0.0052
28-Feb-2017,7.73,-0.0127
01-Mar-2017,7.7314,0.0014
02-Mar-2017,7.7322,0.0007
03-Mar-2017,7.7388,0.0066
06-Mar-2017,7.7236,-0.0152
07-Mar-2017,7.7269,0.0033
08-Mar-2017,7.7304,0.0034
09-Mar-2017,7.7553,0.025
10-Mar-2017,7.7338,-0.0215
13-Mar-2017,7.7501,0.0163
14-Mar-2017,7.747,-0.0032
15-Mar-2017,7.7592,0.0122
16-Mar-2017,7.7568,-0.0023
17-Mar-2017,7.7506,-0.0062
20-Mar-2017,7.7503,-0.0002
21-Mar-2017,7.7191,-0.0312
22-Mar-2017,7.7008,-0.0183
23-Mar-2017,7.7063,0.0055
24-Mar-2017,7.7338,0.0275
27-Mar-2017,7.7303,-0.0035
28-Mar-2017,7.7315,0.0012
29-Mar-2017,7.7292,-0.0023
30-Mar-2017,7.7151,-0.0141
31-Mar-2017,7.7124,-0.0028
03-Apr-2017,7.7053,-0.0071
04-Apr-2017,7.7388,0.0335
05-Apr-2017,7.7386,-0.0002
06-Apr-2017,7.7447,0.006
07-Apr-2017,7.7492,0.0046
10-Apr-2017,7.7548,0.0056
11-Apr-2017,7.7604,0.0055
12-Apr-2017,7.7601,-0.0003
13-Apr-2017,7.7568,-0.0033
14-Apr-2017,7.7804,0.0236
17-Apr-2017,7.7747,-0.0058
18-Apr-2017,7.7901,0.0154
19-Apr-2017,7.7915,0.0014
20-Apr-2017,7.7992,0.0077
21-Apr-2017,7.8052,0.0061
24-Apr-2017,7.8058,0.0005
25-Apr-2017,7.8155,0.0098
26-Apr-2017,7.8262,0.0107
27-Apr-2017,7.8242,-0.002
28-Apr-2017,7.824,-0.0001
01-May-2017,7.8263,0.0022
02-May-2017,7.8301,0.0038
03-May-2017,7.856,0.0259
04-May-2017,7.8646,0.0085
05-May-2017,7.8666,0.002
08-May-2017,7.8581,-0.0084
09-May-2017,7.8478,-0.0104
10-May-2017,7.842,-0.0058
11-May-2017,7.8314,-0.0106
12-May-2017,7.8363,0.0049
15-May-2017,7.8478,0.0114
16-May-2017,7.8675,0.0197
17-May-2017,7.8576,-0.0098
18-May-2017,7.8424,-0.0152
19-May-2017,7.8312,-0.0112
22-May-2017,7.8207,-0.0105
23-May-2017,7.8093,-0.0114
24-May-2017,7.7977,-0.0116
25-May-2017,7.8023,0.0047
26-May-2017,7.7902,-0.0122
29-May-2017,7.7756,-0.0146
30-May-2017,7.7766,0.001
31-May-2017,7.7898,0.0132
01-Jun-2017,7.7745,-0.0153
02-Jun-2017,7.7789,0.0043
05-Jun-2017,7.7972,0.0184
06-Jun-2017,7.8027,0.0055
07-Jun-2017,7.808,0.0053
08-Jun-2017,7.8204,0.0124
09-Jun-2017,7.8246,0.0042
12-Jun-2017,7.8145,-0.0101
13-Jun-2017,7.8204,0.0059
14-Jun-2017,7.8304,0.01
15-Jun-2017,7.8247,-0.0057
16-Jun-2017,7.8264,0.0017
19-Jun-2017,7.8228,-0.0036
20-Jun-2017,7.8373,0.0145
21-Jun-2017,7.8278,-0.0095
22-Jun-2017,7.8521,0.0243
23-Jun-2017,7.8472,-0.0049
26-Jun-2017,7.846,-0.0013
27-Jun-2017,7.8535,0.0076
28-Jun-2017,7.8485,-0.0051
29-Jun-2017,7.8275,-0.021
30-Jun-2017,7.8569,0.0293
03-Jul-2017,7.8747,0.0178
04-Jul-2017,7.8969,0.0222
05-Jul-2017,7.899,0.0021
06-Jul-2017,7.8938,-0.0052
07-Jul-2017,7.9013,0.0075
10-Jul-2017,7.8901,-0.0111
11-Jul-2017,7.8805,-0.0096
12-Jul-2017,7.8736,-0.0069
13-Jul-2017,7.8752,0.0016
14-Jul-2017,7.8798,0.0046
17-Jul-2017,7.8851,0.0053
18-Jul-2017,7.8677,-0.0174
19-Jul-2017,7.8708,0.003
20-Jul-2017,7.8996,0.0289
21-Jul-2017,7.8864,-0.0132
24-Jul-2017,7.8747,-0.0117
25-Jul-2017,7.8852,0.0105
26-Jul-2017,7.8953,0.0101
27-Jul-2017,7.8921,-0.0032
28-Jul-2017,7.8978,0.0056
31-Jul-2017,7.8983,0.0006
01-Aug-2017,7.9032,0.0048
02-Aug-2017,7.8841,-0.0191
03-Aug-2017,7.8755,-0.0086
04-Aug-2017,7.8759,0.0004
07-Aug-2017,7.865,-0.0109
08-Aug-2017,7.8686,0.0036
09-Aug-2017,7.8663,-0.0024
10-Aug-2017,7.8582,-0.0081
11-Aug-2017,7.8489,-0.0093
14-Aug-2017,7.8415,-0.0074
15-Aug-2017,7.8472,0.0057
16-Aug-2017,7.8313,-0.0159
17-Aug-2017,7.8364,0.0051
18-Aug-2017,7.8363,-0.0001
21-Aug-2017,7.8446,0.0083
22-Aug-2017,7.8405,-0.0041
23-Aug-2017,7.8489,0.0083
24-Aug-2017,7.8446,-0.0042
25-Aug-2017,7.827,-0.0177
28-Aug-2017,7.8285,0.0015
29-Aug-2017,7.8281,-0.0003
30-Aug-2017,7.8206,-0.0075
31-Aug-2017,7.826,0.0054
01-Sep-2017,7.8577,0.0317
04-Sep-2017,7.8534,-0.0043
05-Sep-2017,7.8324,-0.0211
06-Sep-2017,7.8386,0.0062
07-Sep-2017,7.8404,0.0018
08-Sep-2017,7.852,0.0116
11-Sep-2017,7.8542,0.0022
12-Sep-2017,7.8718,0.0176
13-Sep-2017,7.8721,0.0003
14-Sep-2017,7.8666,-0.0055
15-Sep-2017,7.8521,-0.0144
18-Sep-2017,7.8384,-0.0137
19-Sep-2017,7.8482,0.0098
20-Sep-2017,7.8297,-0.0185
21-Sep-2017,7.8418,0.0121
22-Sep-2017,7.8286,-0.0132
25-Sep-2017,7.8188,-0.0098
26-Sep-2017,7.8215,0.0027
27-Sep-2017,7.8093,-0.0121
28-Sep-2017,7.805,-0.0044
29-Sep-2017,7.809,0.004
02-Oct-2017,7.8115,0.0025
03-Oct-2017,7.7983,-0.0132
04-Oct-2017,7.7942,-0.0041
05-Oct-2017,7.7946,0.0004
06-Oct-2017,7.8113,0.0167
09-Oct-2017,7.8062,-0.0051
10-Oct-2017,7.7891,-0.0171
11-Oct-2017,7.7978,0.0087
12-Oct-2017,7.7962,-0.0017
13-Oct-2017,7.7764,-0.0197
16-Oct-2017,7.7761,-0.0003
17-Oct-2017,7.7952,0.0191
18-Oct-2017,7.8152,0.02
19-Oct-2017,7.797,-0.0182
20-Oct-2017,7.7899,-0.0071
23-Oct-2017,7.7632,-0.0267
24-Oct-2017,7.7526,-0.0106
25-Oct-2017,7.7384,-0.0142
26-Oct-2017,7.7234,-0.015
27-Oct-2017,7.7163,-0.0071
30-Oct-2017,7.7183,0.002
31-Oct-2017,7.7142,-0.0041
01-Nov-2017,7.7279,0.0137
02-Nov-2017,7.7252,-0.0027
03-Nov-2017,7.7355,0.0103
06-Nov-2017,7.7418,0.0063
07-Nov-2017,7.7415,-0.0003
08-Nov-2017,7.7272,-0.0143
09-Nov-2017,7.7053,-0.0219
10-Nov-2017,7.7052,-0.0
13-Nov-2017,7.7111,0.0059
14-Nov-2017,7.7189,0.0078
15-Nov-2017,7.7295,0.0106
16-Nov-2017,7.7271,-0.0024
17-Nov-2017,7.7395,0.0123
20-Nov-2017,7.7213,-0.0182
21-Nov-2017,7.7141,-0.0072
22-Nov-2017,7.7225,0.0084
23-Nov-2017,7.7264,0.004
24-Nov-2017,7.7306,0.0041
27-Nov-2017,7.7424,0.0118
28-Nov-2017,7.7288,-0.0135
29-Nov-2017,7.7303,0.0015
30-Nov-2017,7.7331,0.0028
01-Dec-2017,7.7621,0.029
04-Dec-2017,7.7662,0.0041
05-Dec-2017,7.7462,-0.02
06-Dec-2017,7.748,0.0019
07-Dec-2017,7.7384,-0.0096
08-Dec-2017,7.7396,0.0012
11-Dec-2017,7.7567,0.0171
12-Dec-2017,7.777,0.0202
13-Dec-2017,7.793,0.0161
14-Dec-2017,7.777,-0.016
15-Dec-2017,7.7948,0.0177
18-Dec-2017,7.7895,-0.0053
19-Dec-2017,7.794,0.0045
20-Dec-2017,7.7968,0.0029
21-Dec-2017,7.7851,-0.0117
22-Dec-2017,7.7846,-0.0005
25-Dec-2017,7.8103,0.0258
26-Dec-2017,7.8091,-0.0012
27-Dec-2017,7.8128,0.0037
28-Dec-2017,7.8086,-0.0042
29-Dec-2017,7.8154,0.0068
01-Jan-2018,7.8215,0.006
02-Jan-2018,7.8263,0.0048
03-Jan-2018,7.8299,0.0036
04-Jan-2018,7.8139,-0.016
05-Jan-2018,7.8188,0.0049
08-Jan-2018,7.8318,0.013
09-Jan-2018,7.8291,-0.0026
10-Jan-2018,7.8157,-0.0134
11-Jan-2018,7.817,0.0013
12-Jan-2018,7.8034,-0.0136
15-Jan-2018,7.8057,0.0023
16-Jan-2018,7.7969,-0.0088
17-Jan-2018,7.7927,-0.0043
18-Jan-2018,7.7941,0.0014
19-Jan-2018,7.7899,-0.0042
22-Jan-2018,7.8023,0.0124
23-Jan-2018,7.7956,-0.0067
24-Jan-2018,7.774,-0.0216
25-Jan-2018,7.76,-0.014
26-Jan-2018,7.7653,0.0053
29-Jan-2018,7.7685,0.0033
30-Jan-2018,7.7817,0.0132
31-Jan-2018,7.7946,0.0129
01-Feb-2018,7.7975,0.0029
02-Feb-2018,7.831,0.0335
05-Feb-2018,7.8249,-0.006
06-Feb-2018,7.8118,-0.0131
07-Feb-2018,7.828,0.0162
08-Feb-2018,7.8266,-0.0014
09-Feb-2018,7.8159,-0.0107
12-Feb-2018,7.8034,-0.0125
13-Feb-2018,7.7717,-0.0317
14-Feb-2018,7.7935,0.0218
15-Feb-2018,7.7825,-0.011
16-Feb-2018,7.7984,0.0159
19-Feb-2018,7.7961,-0.0023
20-Feb-2018,7.7903,-0.0058
21-Feb-2018,7.7762,-0.0141
22-Feb-2018,7.7649,-0.0113
23-Feb-2018,7.7703,0.0054
26-Feb-2018,7.762,-0.0083
27-Feb-2018,7.7371,-0.025
28-Feb-2018,7.7673,0.0302
01-Mar-2018,7.7609,-0.0064
02-Mar-2018,7.7628,0.0019
05-Mar-2018,7.7565,-0.0063
06-Mar-2018,7.7642,0.0077
07-Mar-2018,7.7841,0.0199
08-Mar-2018,7.8024,0.0183
09-Mar-2018,7.7977,-0.0048
12-Mar-2018,7.8059,0.0083
13-Mar-2018,7.7982,-0.0078
14-Mar-2018,7.8005,0.0024
15-Mar-2018,7.7725,-0.028
16-Mar-2018,7.7889,0.0164
19-Mar-2018,7.7731,-0.0157
20-Mar-2018,7.7751,0.002
21-Mar-2018,7.7842,0.0091
22-Mar-2018,7.7926,0.0084
23-Mar-2018,7.7974,0.0048
26-Mar-2018,7.8012,0.0038
27-Mar-2018,7.7901,-0.0111
28-Mar-2018,7.7612,-0.0288
29-Mar-2018,7.7647,0.0034
30-Mar-2018,7.7692,0.0045
02-Apr-2018,7.7722,0.003
03-Apr-2018,7.7636,-0.0086
04-Apr-2018,7.7677,0.0041
05-Apr-2018,7.7719,0.0042
06-Apr-2018,7.7678,-0.0041
09-Apr-2018,7.7986,0.0308
10-Apr-2018,7.788,-0.0106
11-Apr-2018,7.7663,-0.0217
12-Apr-2018,7.755,-0.0113
13-Apr-2018,7.758,0.003
16-Apr-2018,7.7711,0.0131
17-Apr-2018,7.7726,0.0015
18-Apr-2018,7.7806,0.008
19-Apr-2018,7.7799,-0.0007
20-Apr-2018,7.7771,-0.0028
23-Apr-2018,7.7719,-0.0052
24-Apr-2018,7.7965,0.0246
25-Apr-2018,7.7953,-0.0012
26-Apr-2018,7.8049,0.0096
27-Apr-2018,7.8217,0.0168
30-Apr-2018,7.8041,-0.0176
01-May-2018,7.7939,-0.0102
02-May-2018,7.7718,-0.022
03-May-2018,7.8036,0.0317
04-May-2018,7.8099,0.0063
07-May-2018,7.8152,0.0053
08-May-2018,7.8122,-0.003
09-May-2018,7.7915,-0.0208
10-May-2018,7.8047,0.0133
11-May-2018,7.8034,-0.0013
14-May-2018,7.7995,-0.0039
15-May-2018,7.7843,-0.0152
16-May-2018,7.8021,0.0178
17-May-2018,7.7887,-0.0134
18-May-2018,7.7852,-0.0036
21-May-2018,7.7951,0.0099
22-May-2018,7.823,0.028
23-May-2018,7.8454,0.0224
24-May-2018,7.8537,0.0082
25-May-2018,7.8404,-0.0132
28-May-2018,7.8364,-0.004
29-May-2018,7.8394,0.0029
30-May-2018,7.8373,-0.0021
31-May-2018,7.848,0.0107
01-Jun-2018,7.8572,0.0093
04-Jun-2018,7.8391,-0.0182
05-Jun-2018,7.8341,-0.005
06-Jun-2018,7.8116,-0.0225
07-Jun-2018,7.8211,0.0095
08-Jun-2018,7.8305,0.0094
11-Jun-2018,7.8285,-0.002
12-Jun-2018,7.8249,-0.0036
13-Jun-2018,7.8337,0.0088
14-Jun-2018,7.8443,0.0106
15-Jun-2018,7.8186,-0.0257
18-Jun-2018,7.8143,-0.0043
19-Jun-2018,7.7977,-0.0165
20-Jun-2018,7.8179,0.0202
21-Jun-2018,7.8324,0.0145
22-Jun-2018,7.8531,0.0207
25-Jun-2018,7.8524,-0.0007
26-Jun-2018,7.8461,-0.0063
27-Jun-2018,7.8486,0.0026
28-Jun-2018,7.8266,-0.022
29-Jun-2018,7.8132,-0.0135
02-Jul-2018,7.792,-0.0212
03-Jul-2018,7.8081,0.0162
04-Jul-2018,7.8092,0.001
05-Jul-2018,7.8057,-0.0035
06-Jul-2018,7.8024,-0.0032
09-Jul-2018,7.8027,0.0003
10-Jul-2018,7.7925,-0.0103
11-Jul-2018,7.7931,0.0006
12-Jul-2018,7.8059,0.0127
13-Jul-2018,7.8035,-0.0024
16-Jul-2018,7.8038,0.0003
17-Jul-2018,7.7925,-0.0113
18-Jul-2018,7.8052,0.0127
19-Jul-2018,7.8171,0.012
20-Jul-2018,7.804,-0.0131
23-Jul-2018,7.8175,0.0135
24-Jul-2018,7.7798,-0.0377
25-Jul-2018,7.7611,-0.0187
26-Jul-2018,7.7672,0.0061
27-Jul-2018,7.7703,0.0031
30-Jul-2018,7.7881,0.0178
31-Jul-2018,7.7862,-0.0019
01-Aug-2018,7.8102,0.024
02-Aug-2018,7.8283,0.0181
03-Aug-2018,7.8513,0.023
06-Aug-2018,7.8621,0.0108
07-Aug-2018,7.8815,0.0194
08-Aug-2018,7.8843,0.0028
09-Aug-2018,7.8772,-0.0071
10-Aug-2018,7.9003,0.0231
13-Aug-2018,7.8997,-0.0006
14-Aug-2018,7.904,0.0043
15-Aug-2018,7.9092,0.0052
16-Aug-2018,7.9311,0.0219
17-Aug-2018,7.9069,-0.0242
20-Aug-2018,7.9043,-0.0025
21-Aug-2018,7.8949,-0.0094
22-Aug-2018,7.891,-0.0039
23-Aug-2018,7.9074,0.0164
24-Aug-2018,7.9102,0.0028
27-Aug-2018,7.9268,0.0165
28-Aug-2018,7.9271,0.0003
29-Aug-2018,7.9405,0.0133
30-Aug-2018,7.9365,-0.0039
31-Aug-2018,7.9586,0.022
03-Sep-2018,7.9551,-0.0035
04-Sep-2018,7.9531,-0.0019
05-Sep-2018,7.9635,0.0103
06-Sep-2018,7.9735,0.01
07-Sep-2018,7.9898,0.0164
10-Sep-2018,7.9961,0.0062
11-Sep-2018,7.9947,-0.0014
12-Sep-2018,8.0106,0.016
13-Sep-2018,8.0195,0.0088
14-Sep-2018,8.0186,-0.0009
17-Sep-2018,8.0092,-0.0094
18-Sep-2018,7.9906,-0.0186
19-Sep-2018,7.9819,-0.0088
20-Sep-2018,7.9812,-0.0007
21-Sep-2018,7.9734,-0.0078
24-Sep-2018,7.9965,0.0231
25-Sep-2018,8.0042,0.0077
26-Sep-2018,8.0136,0.0094
27-Sep-2018,8.0103,-0.0033
28-Sep-2018,8.0184,0.0081
01-Oct-2018,8.0057,-0.0127
02-Oct-2018,8.009,0.0033
03-Oct-2018,7.9977,-0.0113
04-Oct-2018,7.9974,-0.0004
05-Oct-2018,7.9948,-0.0026
08-Oct-2018,8.0131,0.0183
09-Oct-2018,8.033,0.0199
10-Oct-2018,8.0485,0.0155
11-Oct-2018,8.0645,0.016
12-Oct-2018,8.0864,0.0219
15-Oct-2018,8.0813,-0.005
16-Oct-2018,8.0644,-0.017
17-Oct-2018,8.0814,0.017
18-Oct-2018,8.071,-0.0104
19-Oct-2018,8.0732,0.0022
22-Oct-2018,8.0736,0.0004
23-Oct-2018,8.0798,0.0062
24-Oct-2018,8.1018,0.0219
25-Oct-2018,8.0922,-0.0096
26-Oct-2018,8.0841,-0.008
29-Oct-2018,8.1005,0.0164
30-Oct-2018,8.1097,0.0092
31-Oct-2018,8.1125,0.0028
01-Nov-2018,8.1285,0.016
02-Nov-2018,8.1416,0.0131
05-Nov-2018,8.1291,-0.0125
06-Nov-2018,8.1393,0.0102
07-Nov-2018,8.1415,0.0022
08-Nov-2018,8.1442,0.0027
09-Nov-2018,8.1343,-0.0099
12-Nov-2018,8.1336,-0.0007
13-Nov-2018,8.1371,0.0035
14-Nov-2018,8.1453,0.0082
15-Nov-2018,8.1513,0.006
16-Nov-2018,8.1515,0.0002
19-Nov-2018,8.1505,-0.001
20-Nov-2018,8.1634,0.0129
21-Nov-2018,8.1497,-0.0137
22-Nov-2018,8.1459,-0.0037
23-Nov-2018,8.1417,-0.0042
26-Nov-2018,8.1596,0.0179
27-Nov-2018,8.1593,-0.0003
28-Nov-2018,8.1647,0.0054
29-Nov-2018,8.1559,-0.0088
30-Nov-2018,8.1588,0.0029
03-Dec-2018,8.1472,-0.0116
04-Dec-2018,8.1407,-0.0065
05-Dec-2018,8.1434,0.0027
06-Dec-2018,8.1445,0.0011
07-Dec-2018,8.1466,0.0022
10-Dec-2018,8.1395,-0.0072
11-Dec-2018,8.1488,0.0093
12-Dec-2018,8.1493,0.0006
13-Dec-2018,8.1445,-0.0049
14-Dec-2018,8.1442,-0.0002
17-Dec-2018,8.1597,0.0155
18-Dec-2018,8.1849,0.0252
19-Dec-2018,8.1741,-0.0108
20-Dec-2018,8.1846,0.0105
21-Dec-2018,8.1659,-0.0186
24-Dec-2018,8.1552,-0.0107
25-Dec-2018,8.1616,0.0064
26-Dec-2018,8.1748,0.0132
27-Dec-2018,8.1973,0.0225
28-Dec-2018,8.198,0.0006
31-Dec-2018,8.1826,-0.0153
01-Jan-2019,8.1681,-0.0145
02-Jan-2019,8.1748,0.0067
03-Jan-2019,8.1539,-0.0209
04-Jan-2019,8.1576,0.0037
07-Jan-2019,8.1652,0.0076
08-Jan-2019,8.1492,-0.016
09-Jan-2019,8.1616,0.0123
10-Jan-2019,8.155,-0.0066
11-Jan-2019,8.1555,0.0006
14-Jan-2019,8.1391,-0.0164
15-Jan-2019,8.125,-0.0142
16-Jan-2019,8.139,0.0141
17-Jan-2019,8.1165,-0.0225
18-Jan-2019,8.0982,-0.0184
21-Jan-2019,8.1148,0.0167
22-Jan-2019,8.1198,0.0049
23-Jan-2019,8.1017,-0.0181
24-Jan-2019,8.1106,0.0089
25-Jan-2019,8.1121,0.0015
28-Jan-2019,8.1045,-0.0076
29-Jan-2019,8.0955,-0.009
30-Jan-2019,8.0853,-0.0102
31-Jan-2019,8.1081,0.0228
01-Feb-2019,8.1007,-0.0074
04-Feb-2019,8.0725,-0.0282
05-Feb-2019,8.0526,-0.02
06-Feb-2019,8.0414,-0.0112
07-Feb-2019,8.0518,0.0104
08-Feb-2019,8.0574,0.0056
11-Feb-2019,8.047,-0.0105
12-Feb-2019,8.0363,-0.0107
13-Feb-2019,8.0384,0.0021
14-Feb-2019,8.018,-0.0204
15-Feb-2019,8.0264,0.0084
18-Feb-2019,8.0196,-0.0069
19-Feb-2019,8.0201,0.0005
20-Feb-2019,8.0315,0.0114
21-Feb-2019,8.0377,0.0062
22-Feb-2019,8.0588,0.0211
25-Feb-2019,8.0678,0.0089
26-Feb-2019,8.056,-0.0118
27-Feb-2019,8.067,0.011
28-Feb-2019,8.0635,-0.0036
01-Mar-2019,8.0512,-0.0123
04-Mar-2019,8.063,0.0118
05-Mar-2019,8.0702,0.0072
06-Mar-2019,8.0679,-0.0023
07-Mar-2019,8.0649,-0.003
08-Mar-2019,8.0669,0.002
11-Mar-2019,8.0788,0.0119
12-Mar-2019,8.0896,0.0109
13-Mar-2019,8.0902,0.0005
14-Mar-2019,8.0962,0.006
15-Mar-2019,8.0961,-0.0001
18-Mar-2019,8.094,-0.0021
19-Mar-2019,8.1109,0.0169
20-Mar-2019,8.1109,0.0
21-Mar-2019,8.0957,-0.0152
22-Mar-2019,8.0701,-0.0256
25-Mar-2019,8.0778,0.0076
26-Mar-2019,8.0847,0.007
27-Mar-2019,8.0826,-0.0021
28-Mar-2019,8.0979,0.0152
29-Mar-2019,8.102,0.0041
01-Apr-2019,8.0842,-0.0178
02-Apr-2019,8.0887,0.0045
03-Apr-2019,8.0878,-0.0009
04-Apr-2019,8.0804,-0.0074
05-Apr-2019,8.1056,0.0252
08-Apr-2019,8.1026,-0.003
09-Apr-2019,8.092,-0.0107
10-Apr-2019,8.0873,-0.0047
11-Apr-2019,8.0871,-0.0002
12-Apr-2019,8.0816,-0.0055
15-Apr-2019,8.0779,-0.0038
16-Apr-2019,8.073,-0.0049
17-Apr-2019,8.0625,-0.0104
18-Apr-2019,8.0665,0.0039
19-Apr-2019,8.0567,-0.0098
22-Apr-2019,8.0736,0.017
23-Apr-2019,8.074,0.0003
24-Apr-2019,8.0599,-0.0141
25-Apr-2019,8.0736,0.0137
26-Apr-2019,8.0573,-0.0163
29-Apr-2019,8.0403,-0.017
30-Apr-2019,8.0483,0.008
01-May-2019,8.0598,0.0116
02-May-2019,8.0488,-0.0111
03-May-2019,8.0466,-0.0022
06-May-2019,8.0544,0.0078
07-May-2019,8.0546,0.0003
08-May-2019,8.0613,0.0067
09-May-2019,8.0813,0.02
10-May-2019,8.0795,-0.0018
13-May-2019,8.0983,0.0188
14-May-2019,8.1013,0.0031
15-May-2019,8.1014,0.0
16-May-2019,8.093,-0.0083
17-May-2019,8.0834,-0.0096
20-May-2019,8.0808,-0.0026
21-May-2019,8.0886,0.0077
22-May-2019,8.0914,0.0029
23-May-2019,8.0881,-0.0034
24-May-2019,8.083,-0.0051
27-May-2019,8.094,0.011
28-May-2019,8.0982,0.0042
29-May-2019,8.0815,-0.0166
30-May-2019,8.0718,-0.0097
31-May-2019,8.0634,-0.0084
03-Jun-2019,8.0843,0.0209
04-Jun-2019,8.1026,0.0183
05-Jun-2019,8.0982,-0.0044
06-Jun-2019,8.0882,-0.01
07-Jun-2019,8.1042,0.016
10-Jun-2019,8.1099,0.0057
11-Jun-2019,8.128,0.0181
12-Jun-2019,8.1475,0.0195
13-Jun-2019,8.1595,0.012
14-Jun-2019,8.148,-0.0115
17-Jun-2019,8.1619,0.0138
18-Jun-2019,8.1592,-0.0026
19-Jun-2019,8.1527,-0.0065
20-Jun-2019,8.1578,0.0051
21-Jun-2019,8.1671,0.0093
24-Jun-2019,8.1489,-0.0183
25-Jun-2019,8.1403,-0.0086
26-Jun-2019,8.1352,-0.0051
27-Jun-2019,8.1528,0.0176
28-Jun-2019,8.1819,0.0291
01-Jul-2019,8.1888,0.0069
02-Jul-2019,8.2014,0.0125
03-Jul-2019,8.2113,0.0099
04-Jul-2019,8.2064,-0.0048
05-Jul-2019,8.2151,0.0086
08-Jul-2019,8.2387,0.0236
09-Jul-2019,8.2149,-0.0238
10-Jul-2019,8.2191,0.0042
11-Jul-2019,8.2131,-0.006
12-Jul-2019,8.2407,0.0277
15-Jul-2019,8.2189,-0.0218
16-Jul-2019,8.2188,-0.0001
17-Jul-2019,8.2133,-0.0055
18-Jul-2019,8.2146,0.0013
19-Jul-2019,8.2062,-0.0084
22-Jul-2019,8.1911,-0.0151
23-Jul-2019,8.1858,-0.0053
24-Jul-2019,8.1781,-0.0078
25-Jul-2019,8.1711,-0.0069
26-Jul-2019,8.1729,0.0018
29-Jul-2019,8.1745,0.0016
30-Jul-2019,8.1689,-0.0056
31-Jul-2019,8.1966,0.0277
01-Aug-2019,8.2042,0.0076
02-Aug-2019,8.2028,-0.0014
05-Aug-2019,8.1906,-0.0122
06-Aug-2019,8.185,-0.0057
07-Aug-2019,8.1793,-0.0056
08-Aug-2019,8.1906,0.0113
09-Aug-2019,8.2098,0.0191
12-Aug-2019,8.1837,-0.0261
13-Aug-2019,8.1794,-0.0042
14-Aug-2019,8.1994,0.02
15-Aug-2019,8.2031,0.0036
16-Aug-2019,8.2076,0.0045
19-Aug-2019,8.1841,-0.0235
20-Aug-2019,8.1983,0.0142
21-Aug-2019,8.2006,0.0023
22-Aug-2019,8.2056,0.005
23-Aug-2019,8.2018,-0.0038
26-Aug-2019,8.2046,0.0028
27-Aug-2019,8.1986,-0.006
28-Aug-2019,8.2196,0.021
29-Aug-2019,8.2393,0.0197
30-Aug-2019,8.2501,0.0109
02-Sep-2019,8.2427,-0.0075
03-Sep-2019,8.2268,-0.0159
04-Sep-2019,8.2082,-0.0186
05-Sep-2019,8.195,-0.0131
06-Sep-2019,8.1983,0.0032
09-Sep-2019,8.2085,0.0102
10-Sep-2019,8.2221,0.0136
11-Sep-2019,8.2233,0.0012
12-Sep-2019,8.2205,-0.0028
13-Sep-2019,8.2125,-0.008
16-Sep-2019,8.2218,0.0092
17-Sep-2019,8.2331,0.0113
18-Sep-2019,8.2456,0.0126
19-Sep-2019,8.2518,0.0061
20-Sep-2019,8.2737,0.0219
23-Sep-2019,8.2763,0.0026
24-Sep-2019,8.2547,-0.0216
25-Sep-2019,8.248,-0.0067
26-Sep-2019,8.2427,-0.0053
27-Sep-2019,8.2745,0.0318
30-Sep-2019,8.2744,-0.0001
01-Oct-2019,8.2927,0.0183
02-Oct-2019,8.2857,-0.007
03-Oct-2019,8.2887,0.003
04-Oct-2019,8.2903,0.0016
07-Oct-2019,8.2877,-0.0026
08-Oct-2019,8.2925,0.0048
09-Oct-2019,8.2791,-0.0135
10-Oct-2019,8.2622,-0.0169
11-Oct-2019,8.2767,0.0145
14-Oct-2019,8.2675,-0.0092
15-Oct-2019,8.2501,-0.0173
16-Oct-2019,8.2554,0.0053
17-Oct-2019,8.2464,-0.0091
18-Oct-2019,8.2467,0.0003
21-Oct-2019,8.2429,-0.0037
22-Oct-2019,8.2321,-0.0108
23-Oct-2019,8.2385,0.0064
24-Oct-2019,8.2518,0.0133
25-Oct-2019,8.2539,0.0021
28-Oct-2019,8.2643,0.0104
29-Oct-2019,8.2673,0.003
30-Oct-2019,8.2761,0.0088
31-Oct-2019,8.2835,0.0075
01-Nov-2019,8.2778,-0.0057
04-Nov-2019,8.274,-0.0038
05-Nov-2019,8.2517,-0.0224
06-Nov-2019,8.2629,0.0112
07-Nov-2019,8.2522,-0.0106
08-Nov-2019,8.2518,-0.0004
11-Nov-2019,8.2523,0.0005
12-Nov-2019,8.2501,-0.0022
13-Nov-2019,8.252,0.0019
14-Nov-2019,8.2622,0.0102
15-Nov-2019,8.2505,-0.0116
18-Nov-2019,8.2447,-0.0058
19-Nov-2019,8.2599,0.0152
20-Nov-2019,8.252,-0.0079
21-Nov-2019,8.2571,0.005
22-Nov-2019,8.2522,-0.0048
25-Nov-2019,8.25,-0.0022
26-Nov-2019,8.2521,0.0021
27-Nov-2019,8.2612,0.0091
28-Nov-2019,8.2868,0.0255
29-Nov-2019,8.2917,0.005
02-Dec-2019,8.2877,-0.004
03-Dec-2019,8.2782,-0.0095
04-Dec-2019,8.2699,-0.0084
05-Dec-2019,8.2298,-0.0401
06-Dec-2019,8.2408,0.0111
09-Dec-2019,8.2616,0.0208
10-Dec-2019,8.2644,0.0028
11-Dec-2019,8.2557,-0.0087
12-Dec-2019,8.2487,-0.007
13-Dec-2019,8.2627,0.014
16-Dec-2019,8.257,-0.0057
17-Dec-2019,8.254,-0.0029
18-Dec-2019,8.2552,0.0011
19-Dec-2019,8.2542,-0.001
20-Dec-2019,8.2616,0.0074
23-Dec-2019,8.2692,0.0076
24-Dec-2019,8.268,-0.0012
25-Dec-2019,8.2633,-0.0047
26-Dec-2019,8.2333,-0.0299
27-Dec-2019,8.2249,-0.0084
30-Dec-2019,8.2116,-0.0133
31-Dec-2019,8.2081,-0.0035
01-Jan-2020,8.2158,0.0077
02-Jan-2020,8.2222,0.0064
03-Jan-2020,8.2103,-0.0119
06-Jan-2020,8.2118,0.0016
07-Jan-2020,8.2272,0.0154
08-Jan-2020,8.2098,-0.0175
09-Jan-2020,8.2195,0.0097
10-Jan-2020,8.2203,0.0008
13-Jan-2020,8.2277,0.0074
14-Jan-2020,8.2415,0.0138
15-Jan-2020,8.2434,0.0019
16-Jan-2020,8.2454,0.002
17-Jan-2020,8.2565,0.0112
20-Jan-2020,8.2676,0.0111
21-Jan-2020,8.2538,-0.0139
22-Jan-2020,8.2614,0.0076
23-Jan-2020,8.2652,0.0038
24-Jan-2020,8.2567,-0.0085
27-Jan-2020,8.2732,0.0165
28-Jan-2020,8.2805,0.0073
29-Jan-2020,8.2936,0.0131
30-Jan-2020,8.302,0.0083
31-Jan-2020,8.301,-0.001
03-Feb-2020,8.3153,0.0143
04-Feb-2020,8.3251,0.0098
05-Feb-2020,8.3347,0.0097
06-Feb-2020,8.3554,0.0206
07-Feb-2020,8.3735,0.0181
10-Feb-2020,8.3756,0.0021
11-Feb-2020,8.3691,-0.0065
12-Feb-2020,8.3755,0.0064
13-Feb-2020,8.3666,-0.0089
14-Feb-2020,8.3624,-0.0042
17-Feb-2020,8.3663,0.0039
18-Feb-2020,8.3789,0.0126
19-Feb-2020,8.3839,0.0051
20-Feb-2020,8.3742,-0.0097
21-Feb-2020,8.3615,-0.0127
24-Feb-2020,8.351,-0.0105
25-Feb-2020,8.3522,0.0012
26-Feb-2020,8.336,-0.0162
27-Feb-2020,8.3264,-0.0096
28-Feb-2020,8.3232,-0.0032
02-Mar-2020,8.3078,-0.0154
03-Mar-2020,8.3063,-0.0015
04-Mar-2020,8.295,-0.0113
05-Mar-2020,8.3049,0.0099
06-Mar-2020,8.3077,0.0028
09-Mar-2020,8.3009,-0.0068
10-Mar-2020,8.2933,-0.0076
11-Mar-2020,8.29,-0.0033
12-Mar-2020,8.2912,0.0012
13-Mar-2020,8.3095,0.0183
16-Mar-2020,8.3226,0.0131
17-Mar-2020,8.3323,0.0096
18-Mar-2020,8.3391,0.0069
19-Mar-2020,8.3156,-0.0236
20-Mar-2020,8.3284,0.0128
23-Mar-2020,8.3143,-0.014
24-Mar-2020,8.3029,-0.0115
25-Mar-2020,8.3065,0.0036
26-Mar-2020,8.2897,-0.0168
27-Mar-2020,8.2864,-0.0033
30-Mar-2020,8.2865,0.0001
31-Mar-2020,8.2866,0.0001
01-Apr-2020,8.2832,-0.0035
02-Apr-2020,8.281,-0.0022
03-Apr-2020,8.2836,0.0026
06-Apr-2020,8.2807,-0.0029
07-Apr-2020,8.2899,0.0092
08-Apr-2020,8.2967,0.0068
09-Apr-2020,8.3105,0.0138
10-Apr-2020,8.2961,-0.0144
13-Apr-2020,8.2908,-0.0053
14-Apr-2020,8.2866,-0.0042
15-Apr-2020,8.3096,0.023
16-Apr-2020,8.3136,0.004
17-Apr-2020,8.3241,0.0105
20-Apr-2020,8.2892,-0.0349
21-Apr-2020,8.2755,-0.0137
22-Apr-2020,8.2808,0.0053
23-Apr-2020,8.2687,-0.0122
24-Apr-2020,8.2806,0.012
27-Apr-2020,8.2786,-0.0021
28-Apr-2020,8.2879,0.0093
29-Apr-2020,8.2883,0.0004
30-Apr-2020,8.2947,0.0064
01-May-2020,8.2991,0.0045
04-May-2020,8.2926,-0.0065
05-May-2020,8.2801,-0.0125
06-May-2020,8.2628,-0.0174
07-May-2020,8.2514,-0.0114
08-May-2020,8.2455,-0.0059
11-May-2020,8.2491,0.0035
12-May-2020,8.2665,0.0174
13-May-2020,8.2545,-0.012
14-May-2020,8.2532,-0.0012
15-May-2020,8.2551,0.0019
18-May-2020,8.2459,-0.0091
19-May-2020,8.2436,-0.0023
20-May-2020,8.2324,-0.0112
21-May-2020,8.2333,0.0009
22-May-2020,8.2398,0.0065
25-May-2020,8.2519,0.0121
26-May-2020,8.2857,0.0337
27-May-2020,8.2731,-0.0126
28-May-2020,8.2693,-0.0038
29-May-2020,8.2803,0.011
01-Jun-2020,8.275,-0.0053
02-Jun-2020,8.2744,-0.0006
03-Jun-2020,8.2762,0.0018
04-Jun-2020,8.2814,0.0052
05-Jun-2020,8.3021,0.0207
08-Jun-2020,8.306,0.0039
09-Jun-2020,8.289,-0.017
10-Jun-2020,8.2935,0.0045
11-Jun-2020,8.2867,-0.0068
12-Jun-2020,8.2853,-0.0014
15-Jun-2020,8.2645,-0.0208
16-Jun-2020,8.2747,0.0102
17-Jun-2020,8.2855,0.0109
18-Jun-2020,8.305,0.0195
19-Jun-2020,8.2878,-0.0173
22-Jun-2020,8.2804,-0.0074
23-Jun-2020,8.2646,-0.0158
24-Jun-2020,8.2624,-0.0022
25-Jun-2020,8.2566,-0.0058
26-Jun-2020,8.2423,-0.0144
29-Jun-2020,8.2566,0.0144
30-Jun-2020,8.2523,-0.0044
01-Jul-2020,8.2695,0.0172
02-Jul-2020,8.2781,0.0086
03-Jul-2020,8.2714,-0.0066
06-Jul-2020,8.2644,-0.007
07-Jul-2020,8.2554,-0.009
08-Jul-2020,8.2559,0.0005
09-Jul-2020,8.2923,0.0364
10-Jul-2020,8.2841,-0.0082
13-Jul-2020,8.2675,-0.0166
14-Jul-2020,8.2534,-0.0142
15-Jul-2020,8.2556,0.0023
16-Jul-2020,8.2406,-0.0151
17-Jul-2020,8.2505,0.0099
20-Jul-2020,8.245,-0.0055
21-Jul-2020,8.229,-0.016
22-Jul-2020,8.2227,-0.0064
23-Jul-2020,8.2254,0.0027
24-Jul-2020,8.2254,0.0001
27-Jul-2020,8.2016,-0.0239
28-Jul-2020,8.2082,0.0066
29-Jul-2020,8.2264,0.0182
30-Jul-2020,8.2053,-0.0211
31-Jul-2020,8.2266,0.0213
03-Aug-2020,8.2228,-0.0038
04-Aug-2020,8.225,0.0022
05-Aug-2020,8.2239,-0.0012
06-Aug-2020,8.2442,0.0204
07-Aug-2020,8.2341,-0.0102
10-Aug-2020,8.2376,0.0035
11-Aug-2020,8.238,0.0004
12-Aug-2020,8.2582,0.0202
13-Aug-2020,8.2477,-0.0105
14-Aug-2020,8.2606,0.013
17-Aug-2020,8.2584,-0.0023
18-Aug-2020,8.2601,0.0017
19-Aug-2020,8.2489,-0.0112
20-Aug-2020,8.2541,0.0053
21-Aug-2020,8.257,0.0028
24-Aug-2020,8.2642,0.0072
25-Aug-2020,8.2606,-0.0035
26-Aug-2020,8.2524,-0.0082
27-Aug-2020,8.2442,-0.0082
28-Aug-2020,8.2626,0.0184
31-Aug-2020,8.2954,0.0328
01-Sep-2020,8.2845,-0.011
02-Sep-2020,8.289,0.0045
03-Sep-2020,8.2859,-0.0031
04-Sep-2020,8.2655,-0.0204
07-Sep-2020,8.2663,0.0008
08-Sep-2020,8.2758,0.0095
09-Sep-2020,8.28,0.0042
10-Sep-2020,8.2853,0.0053
11-Sep-2020,8.2751,-0.0102
14-Sep-2020,8.2856,0.0105
15-Sep-2020,8.2819,-0.0037
16-Sep-2020,8.3037,0.0218
17-Sep-2020,8.303,-0.0007
18-Sep-2020,8.2939,-0.009
21-Sep-2020,8.275,-0.0189
22-Sep-2020,8.2692,-0.0058
23-Sep-2020,8.2427,-0.0266
24-Sep-2020,8.2491,0.0064
25-Sep-2020,8.2549,0.0058
28-Sep-2020,8.2574,0.0025
29-Sep-2020,8.2473,-0.0101
30-Sep-2020,8.2501,0.0028
01-Oct-2020,8.2535,0.0033
02-Oct-2020,8.2695,0.016
05-Oct-2020,8.2813,0.0119
06-Oct-2020,8.2749,-0.0064
07-Oct-2020,8.2976,0.0226
08-Oct-2020,8.3013,0.0038
09-Oct-2020,8.3117,0.0104
12-Oct-2020,8.3184,0.0067
13-Oct-2020,8.3154,-0.0031
14-Oct-2020,8.3113,-0.004
15-Oct-2020,8.3181,0.0067
16-Oct-2020,8.3151,-0.0029
19-Oct-2020,8.3133,-0.0019
20-Oct-2020,8.3024,-0.0109
21-Oct-2020,8.2964,-0.006
22-Oct-2020,8.2818,-0.0145
23-Oct-2020,8.2602,-0.0217
26-Oct-2020,8.2694,0.0093
27-Oct-2020,8.3074,0.0379
28-Oct-2020,8.3038,-0.0035
29-Oct-2020,8.2869,-0.0169
30-Oct-2020,8.2922,0.0053
02-Nov-2020,8.2936,0.0014
03-Nov-2020,8.2887,-0.0049
04-Nov-2020,8.3024,0.0137
05-Nov-2020,8.295,-0.0074
06-Nov-2020,8.2838,-0.0112
09-Nov-2020,8.272,-0.0118
10-Nov-2020,8.2569,-0.0151
11-Nov-2020,8.2258,-0.0311
12-Nov-2020,8.2091,-0.0166
13-Nov-2020,8.1945,-0.0147
16-Nov-2020,8.1938,-0.0007
17-Nov-2020,8.1887,-0.0052
18-Nov-2020,8.1849,-0.0038
19-Nov-2020,8.1813,-0.0035
20-Nov-2020,8.1963,0.015
23-Nov-2020,8.2042,0.0079
24-Nov-2020,8.2098,0.0057
25-Nov-2020,8.2066,-0.0032
26-Nov-2020,8.2106,0.004
27-Nov-2020,8.2109,0.0003
30-Nov-2020,8.2282,0.0173
01-Dec-2020,8.2277,-0.0005
02-Dec-2020,8.223,-0.0046
03-Dec-2020,8.2185,-0.0045
04-Dec-2020,8.2097,-0.0088
07-Dec-2020,8.2121,0.0024
08-Dec-2020,8.2109,-0.0012
09-Dec-2020,8.2168,0.0059
10-Dec-2020,8.2027,-0.014
11-Dec-2020,8.2167,0.014
14-Dec-2020,8.2147,-0.002
15-Dec-2020,8.222,0.0072
16-Dec-2020,8.2205,-0.0015
17-Dec-2020,8.217,-0.0035
18-Dec-2020,8.2404,0.0234
21-Dec-2020,8.2517,0.0113
22-Dec-2020,8.2264,-0.0253
23-Dec-2020,8.2317,0.0054
24-Dec-2020,8.2307,-0.0011
25-Dec-2020,8.2246,-0.006
28-Dec-2020,8.2507,0.0261
29-Dec-2020,8.24,-0.0107
30-Dec-2020,8.2545,0.0145
31-Dec-2020,8.2556,0.001
01-Jan-2021,8.2642,0.0086
04-Jan-2021,8.2756,0.0114
05-Jan-2021,8.2866,0.011
06-Jan-2021,8.2763,-0.0103
07-Jan-2021,8.2934,0.0171
08-Jan-2021,8.2943,0.0009
11-Jan-2021,8.3092,0.015
12-Jan-2021,8.3024,-0.0068
13-Jan-2021,8.298,-0.0044
14-Jan-2021,8.2977,-0.0003
15-Jan-2021,8.2983,0.0007
18-Jan-2021,8.2907,-0.0076
19-Jan-2021,8.2895,-0.0012
20-Jan-2021,8.2832,-0.0063
21-Jan-2021,8.3095,0.0263
22-Jan-2021,8.3239,0.0144
25-Jan-2021,8.3041,-0.0198
26-Jan-2021,8.3144,0.0102
27-Jan-2021,8.3261,0.0117
28-Jan-2021,8.3425,0.0165
29-Jan-2021,8.3554,0.0128
01-Feb-2021,8.3629,0.0075
02-Feb-2021,8.3512,-0.0117
03-Feb-2021,8.3563,0.0051
04-Feb-2021,8.3496,-0.0066
05-Feb-2021,8.3339,-0.0158
08-Feb-2021,8.331,-0.0029
09-Feb-2021,8.337,0.0061
10-Feb-2021,8.3333,-0.0038
11-Feb-2021,8.3337,0.0005
12-Feb-2021,8.3284,-0.0054
15-Feb-2021,8.3171,-0.0112
16-Feb-2021,8.3171,-0.0
17-Feb-2021,8.324,0.0069
18-Feb-2021,8.3158,-0.0082
19-Feb-2021,8.3254,0.0095
22-Feb-2021,8.3207,-0.0047
23-Feb-2021,8.3208,0.0001
24-Feb-2021,8.3076,-0.0132
25-Feb-2021,8.3364,0.0287
26-Feb-2021,8.3319,-0.0045
01-Mar-2021,8.3211,-0.0108
02-Mar-2021,8.3095,-0.0116
03-Mar-2021,8.3145,0.0049
04-Mar-2021,8.2948,-0.0197
05-Mar-2021,8.2874,-0.0074
08-Mar-2021,8.2857,-0.0017
09-Mar-2021,8.2882,0.0024
10-Mar-2021,8.2848,-0.0034
11-Mar-2021,8.2708,-0.014
12-Mar-2021,8.2781,0.0073
15-Mar-2021,8.2498,-0.0282
16-Mar-2021,8.2516,0.0018
17-Mar-2021,8.2628,0.0112
18-Mar-2021,8.2824,0.0196
19-Mar-2021,8.2924,0.01
22-Mar-2021,8.2915,-0.0009
23-Mar-2021,8.3121,0.0206
24-Mar-2021,8.3086,-0.0035
25-Mar-2021,8.3144,0.0059
26-Mar-2021,8.3264,0.0119
29-Mar-2021,8.3181,-0.0083
30-Mar-2021,8.3192,0.0011
31-Mar-2021,8.3301,0.0109
01-Apr-2021,8.334,0.0039
02-Apr-2021,8.3305,-0.0035
05-Apr-2021,8.3604,0.03
06-Apr-2021,8.3496,-0.0108
07-Apr-2021,8.3461,-0.0036
08-Apr-2021,8.3606,0.0145
09-Apr-2021,8.3758,0.0153
12-Apr-2021,8.3854,0.0096
13-Apr-2021,8.3694,-0.0161
14-Apr-2021,8.383,0.0136
15-Apr-2021,8.3556,-0.0274
16-Apr-2021,8.3507,-0.0049
19-Apr-2021,8.3639,0.0132
20-Apr-2021,8.3489,-0.0151
21-Apr-2021,8.3425,-0.0064
22-Apr-2021,8.3769,0.0345
23-Apr-2021,8.3582,-0.0187
26-Apr-2021,8.3599,0.0016
27-Apr-2021,8.34,-0.0199
28-Apr-2021,8.3309,-0.0091
29-Apr-2021,8.3284,-0.0025
30-Apr-2021,8.3286,0.0002
03-May-2021,8.3268,-0.0018
04-May-2021,8.325,-0.0018
05-May-2021,8.3398,0.0148
06-May-2021,8.3185,-0.0214
07-May-2021,8.3355,0.017
10-May-2021,8.3331,-0.0024
11-May-2021,8.3442,0.0111
12-May-2021,8.3698,0.0256
13-May-2021,8.3817,0.0119
14-May-2021,8.3796,-0.0021
17-May-2021,8.3671,-0.0125
18-May-2021,8.3733,0.0062
19-May-2021,8.3668,-0.0065
20-May-2021,8.3694,0.0026
21-May-2021,8.3526,-0.0168
24-May-2021,8.3477,-0.0049
25-May-2021,8.3432,-0.0045
26-May-2021,8.3412,-0.0021
27-May-2021,8.3436,0.0024
28-May-2021,8.3505,0.0069
31-May-2021,8.3436,-0.0068
01-Jun-2021,8.3422,-0.0014
02-Jun-2021,8.3356,-0.0066
03-Jun-2021,8.3232,-0.0124
04-Jun-2021,8.3064,-0.0168
07-Jun-2021,8.3173,0.0109
08-Jun-2021,8.3257,0.0084
09-Jun-2021,8.3203,-0.0054
10-Jun-2021,8.3119,-0.0085
11-Jun-2021,8.3292,0.0174
14-Jun-2021,8.3364,0.0072
15-Jun-2021,8.3109,-0.0256
16-Jun-2021,8.3209,0.01
17-Jun-2021,8.333,0.0121
18-Jun-2021,8.3366,0.0036
21-Jun-2021,8.3185,-0.0181
22-Jun-2021,8.3191,0.0005
23-Jun-2021,8.3125,-0.0066
24-Jun-2021,8.2984,-0.0141
25-Jun-2021,8.3034,0.005
28-Jun-2021,8.3021,-0.0012
29-Jun-2021,8.2841,-0.0181
30-Jun-2021,8.2849,0.0008
01-Jul-2021,8.2723,-0.0126
02-Jul-2021,8.2651,-0.0072
05-Jul-2021,8.2768,0.0117
06-Jul-2021,8.2873,0.0105
07-Jul-2021,8.2711,-0.0163
08-Jul-2021,8.2927,0.0216
09-Jul-2021,8.3055,0.0128
12-Jul-2021,8.3048,-0.0007
13-Jul-2021,8.3046,-0.0003
14-Jul-2021,8.3058,0.0013
15-Jul-2021,8.2902,-0.0156
16-Jul-2021,8.2868,-0.0034
19-Jul-2021,8.2595,-0.0273
20-Jul-2021,8.2484,-0.0111
21-Jul-2021,8.2279,-0.0206
22-Jul-2021,8.2202,-0.0076
23-Jul-2021,8.2232,0.003
26-Jul-2021,8.2094,-0.0138
27-Jul-2021,8.2163,0.0068
28-Jul-2021,8.2234,0.0071
29-Jul-2021,8.2367,0.0133
30-Jul-2021,8.2461,0.0094
02-Aug-2021,8.2406,-0.0054
03-Aug-2021,8.2708,0.0301
04-Aug-2021,8.2763,0.0055
05-Aug-2021,8.2727,-0.0036
06-Aug-2021,8.2657,-0.007
09-Aug-2021,8.2591,-0.0066
10-Aug-2021,8.2528,-0.0063
11-Aug-2021,8.2657,0.0129
12-Aug-2021,8.2479,-0.0178
13-Aug-2021,8.2488,0.0009
16-Aug-2021,8.2557,0.0068
17-Aug-2021,8.2725,0.0168
18-Aug-2021,8.2636,-0.0089
19-Aug-2021,8.2555,-0.0081
20-Aug-2021,8.2707,0.0153
23-Aug-2021,8.2635,-0.0072
24-Aug-2021,8.2726,0.0091
25-Aug-2021,8.2746,0.002
26-Aug-2021,8.2802,0.0056
27-Aug-2021,8.3047,0.0246
30-Aug-2021,8.3116,0.0069
31-Aug-2021,8.3147,0.0031
01-Sep-2021,8.2983,-0.0164
02-Sep-2021,8.2875,-0.0108
03-Sep-2021,8.3026,0.0152
06-Sep-2021,8.3196,0.017
07-Sep-2021,8.3129,-0.0067
08-Sep-2021,8.2988,-0.0141
09-Sep-2021,8.3103,0.0115
10-Sep-2021,8.3161,0.0059
13-Sep-2021,8.3143,-0.0018
14-Sep-2021,8.3178,0.0035
15-Sep-2021,8.3167,-0.0011
16-Sep-2021,8.3031,-0.0136
17-Sep-2021,8.3072,0.0041
20-Sep-2021,8.3438,0.0366
21-Sep-2021,8.3391,-0.0047
22-Sep-2021,8.3424,0.0033
23-Sep-2021,8.363,0.0206
24-Sep-2021,8.3785,0.0154
27-Sep-2021,8.3886,0.0102
28-Sep-2021,8.3888,0.0002
29-Sep-2021,8.387,-0.0018
30-Sep-2021,8.3788,-0.0082
01-Oct-2021,8.352,-0.0268
04-Oct-2021,8.33,-0.022
05-Oct-2021,8.328,-0.002
06-Oct-2021,8.3153,-0.0127
07-Oct-2021,8.3147,-0.0006
08-Oct-2021,8.3248,0.0101
11-Oct-2021,8.3387,0.0139
12-Oct-2021,8.336,-0.0027
13-Oct-2021,8.3446,0.0085
14-Oct-2021,8.3453,0.0008
15-Oct-2021,8.3281,-0.0173
18-Oct-2021,8.3322,0.0041
19-Oct-2021,8.3102,-0.0219
20-Oct-2021,8.2966,-0.0136
21-Oct-2021,8.289,-0.0076
22-Oct-2021,8.2756,-0.0134
25-Oct-2021,8.2808,0.0052
26-Oct-2021,8.2757,-0.0051
27-Oct-2021,8.286,0.0103
28-Oct-2021,8.289,0.003
29-Oct-2021,8.3035,0.0145
01-Nov-2021,8.2978,-0.0057
02-Nov-2021,8.2947,-0.0031
03-Nov-2021,8.2899,-0.0048
04-Nov-2021,8.2835,-0.0064
05-Nov-2021,8.287,0.0035
08-Nov-2021,8.289,0.0019
09-Nov-2021,8.2653,-0.0236
10-Nov-2021,8.2495,-0.0158
11-Nov-2021,8.2393,-0.0102
12-Nov-2021,8.2417,0.0024
15-Nov-2021,8.2444,0.0026
16-Nov-2021,8.2305,-0.0138
17-Nov-2021,8.2577,0.0272
18-Nov-2021,8.2584,0.0007
19-Nov-2021,8.239,-0.0194
22-Nov-2021,8.2168,-0.0222
23-Nov-2021,8.2221,0.0053
24-Nov-2021,8.2315,0.0095
25-Nov-2021,8.2255,-0.0061
26-Nov-2021,8.2035,-0.022
29-Nov-2021,8.1965,-0.007
30-Nov-2021,8.1974,0.0009
01-Dec-2021,8.196,-0.0014
02-Dec-2021,8.1907,-0.0053
03-Dec-2021,8.2014,0.0106
06-Dec-2021,8.187,-0.0144
07-Dec-2021,8.2017,0.0148
08-Dec-2021,8.2067,0.005
09-Dec-2021,8.2131,0.0064
10-Dec-2021,8.2157,0.0026
13-Dec-2021,8.205,-0.0107
14-Dec-2021,8.1979,-0.0072
15-Dec-2021,8.2086,0.0107
16-Dec-2021,8.2191,0.0105
17-Dec-2021,8.2202,0.0011
20-Dec-2021,8.2181,-0.0021
21-Dec-2021,8.2093,-0.0088
22-Dec-2021,8.2209,0.0115
23-Dec-2021,8.2222,0.0014
24-Dec-2021,8.2142,-0.0081
27-Dec-2021,8.2154,0.0013
28-Dec-2021,8.219,0.0036
29-Dec-2021,8.1959,-0.0232
30-Dec-2021,8.1873,-0.0085
31-Dec-2021,8.1913,0.004
03-Jan-2022,8.1899,-0.0014
04-Jan-2022,8.1938,0.0039
05-Jan-2022,8.1951,0.0013
06-Jan-2022,8.1781,-0.017
07-Jan-2022,8.1702,-0.0079
10-Jan-2022,8.161,-0.0092
11-Jan-2022,8.1681,0.0072
12-Jan-2022,8.1519,-0.0163
13-Jan-2022,8.1641,0.0123
14-Jan-2022,8.1683,0.0041
17-Jan-2022,8.1585,-0.0098
18-Jan-2022,8.1446,-0.0139
19-Jan-2022,8.1405,-0.0041
20-Jan-2022,8.1169,-0.0235
21-Jan-2022,8.1218,0.0048
24-Jan-2022,8.1213,-0.0005
25-Jan-2022,8.1402,0.0189
26-Jan-2022,8.1398,-0.0004
27-Jan-2022,8.1494,0.0096
28-Jan-2022,8.159,0.0096
31-Jan-2022,8.1536,-0.0054
01-Feb-2022,8.1549,0.0012
02-Feb-2022,8.1398,-0.0151
03-Feb-2022,8.1498,0.01
04-Feb-2022,8.1561,0.0063
07-Feb-2022,8.1481,-0.0079
08-Feb-2022,8.1451,-0.0031
09-Feb-2022,8.1471,0.002
10-Feb-2022,8.1237,-0.0234
11-Feb-2022,8.1216,-0.0021
14-Feb-2022,8.123,0.0013
15-Feb-2022,8.1252,0.0022
16-Feb-2022,8.1236,-0.0016
17-Feb-2022,8.1102,-0.0134
18-Feb-2022,8.0995,-0.0107
21-Feb-2022,8.1182,0.0187
22-Feb-2022,8.1262,0.008
23-Feb-2022,8.1318,0.0055
24-Feb-2022,8.1455,0.0137
25-Feb-2022,8.1499,0.0044
28-Feb-2022,8.1433,-0.0066
01-Mar-2022,8.1542,0.0109
02-Mar-2022,8.1609,0.0067
03-Mar-2022,8.155,-0.0059
04-Mar-2022,8.1707,0.0157
07-Mar-2022,8.1749,0.0042
08-Mar-2022,8.184,0.0092
09-Mar-2022,8.2092,0.0252
10-Mar-2022,8.2223,0.0131
11-Mar-2022,8.2166,-0.0057
14-Mar-2022,8.2272,0.0107
15-Mar-2022,8.2028,-0.0245
16-Mar-2022,8.2039,0.0011
17-Mar-2022,8.1873,-0.0166
18-Mar-2022,8.1714,-0.0159
21-Mar-2022,8.1633,-0.0081
22-Mar-2022,8.1568,-0.0065
23-Mar-2022,8.1392,-0.0176
24-Mar-2022,8.1562,0.0171
25-Mar-2022,8.1486,-0.0077
28-Mar-2022,8.1658,0.0172
29-Mar-2022,8.1597,-0.0062
30-Mar-2022,8.173,0.0133
31-Mar-2022,8.1553,-0.0177
01-Apr-2022,8.165,0.0097
04-Apr-2022,8.1652,0.0001
05-Apr-2022,8.1475,-0.0177
06-Apr-2022,8.1408,-0.0067
07-Apr-2022,8.122,-0.0188
08-Apr-2022,8.1341,0.0121
11-Apr-2022,8.1195,-0.0146
12-Apr-2022,8.1117,-0.0078
13-Apr-2022,8.1091,-0.0026
14-Apr-2022,8.1279,0.0188
15-Apr-2022,8.1254,-0.0025
18-Apr-2022,8.1195,-0.0058
19-Apr-2022,8.1407,0.0212
20-Apr-2022,8.1551,0.0144
21-Apr-2022,8.1318,-0.0233
22-Apr-2022,8.1487,0.0169
25-Apr-2022,8.1448,-0.0038
26-Apr-2022,8.156,0.0112
27-Apr-2022,8.1524,-0.0036
28-Apr-2022,8.1652,0.0128
29-Apr-2022,8.1453,-0.0199
02-May-2022,8.1461,0.0007
03-May-2022,8.1177,-0.0283
04-May-2022,8.1237,0.006
05-May-2022,8.119,-0.0047
06-May-2022,8.125,0.0059
09-May-2022,8.1244,-0.0005
10-May-2022,8.1243,-0.0002
11-May-2022,8.1324,0.0081
12-May-2022,8.1163,-0.0161
13-May-2022,8.1223,0.006
16-May-2022,8.1217,-0.0006
17-May-2022,8.1224,0.0007
18-May-2022,8.124,0.0015
19-May-2022,8.114,-0.01
20-May-2022,8.1289,0.0149
23-May-2022,8.1241,-0.0048
24-May-2022,8.1353,0.0111
25-May-2022,8.1431,0.0078
26-May-2022,8.1406,-0.0025
27-May-2022,8.1235,-0.017
30-May-2022,8.134,0.0104
31-May-2022,8.1285,-0.0054
01-Jun-2022,8.1466,0.0181
02-Jun-2022,8.1511,0.0045
03-Jun-2022,8.1595,0.0084
06-Jun-2022,8.1605,0.001
07-Jun-2022,8.1526,-0.0078
08-Jun-2022,8.1799,0.0273
09-Jun-2022,8.17,-0.0099
10-Jun-2022,8.1705,0.0004
13-Jun-2022,8.1517,-0.0188
14-Jun-2022,8.1595,0.0078
15-Jun-2022,8.1847,0.0251
16-Jun-2022,8.1858,0.0011
17-Jun-2022,8.1764,-0.0093
20-Jun-2022,8.2036,0.0272
21-Jun-2022,8.2001,-0.0036
22-Jun-2022,8.1925,-0.0076
23-Jun-2022,8.191,-0.0014
24-Jun-2022,8.1866,-0.0044
27-Jun-2022,8.1995,0.0129
28-Jun-2022,8.1839,-0.0157
29-Jun-2022,8.1877,0.0038
30-Jun-2022,8.1876,-0.0001
01-Jul-2022,8.2114,0.0238
04-Jul-2022,8.2091,-0.0023
05-Jul-2022,8.2177,0.0085
06-Jul-2022,8.2302,0.0125
07-Jul-2022,8.2619,0.0317
08-Jul-2022,8.2634,0.0015
11-Jul-2022,8.2761,0.0127
12-Jul-2022,8.2769,0.0007
13-Jul-2022,8.2949,0.0181
14-Jul-2022,8.2877,-0.0073
15-Jul-2022,8.2893,0.0016
18-Jul-2022,8.2948,0.0055
19-Jul-2022,8.285,-0.0098
20-Jul-2022,8.2753,-0.0097
21-Jul-2022,8.2783,0.0029
22-Jul-2022,8.287,0.0087
25-Jul-2022,8.2994,0.0124
26-Jul-2022,8.2804,-0.0189
27-Jul-2022,8.2836,0.0031
28-Jul-2022,8.2896,0.006
29-Jul-2022,8.3061,0.0165
01-Aug-2022,8.3148,0.0087
02-Aug-2022,8.3054,-0.0093
03-Aug-2022,8.2882,-0.0172
04-Aug-2022,8.2963,0.0081
05-Aug-2022,8.2757,-0.0206
08-Aug-2022,8.3056,0.0299
09-Aug-2022,8.3051,-0.0005
10-Aug-2022,8.2882,-0.0169
11-Aug-2022,8.2736,-0.0145
12-Aug-2022,8.268,-0.0056
15-Aug-2022,8.2753,0.0073
16-Aug-2022,8.2788,0.0035
17-Aug-2022,8.2681,-0.0108
18-Aug-2022,8.2863,0.0182
19-Aug-2022,8.2816,-0.0047
22-Aug-2022,8.2781,-0.0035
23-Aug-2022,8.288,0.0099
24-Aug-2022,8.2714,-0.0167
25-Aug-2022,8.2582,-0.0132
26-Aug-2022,8.2652,0.007
29-Aug-2022,8.2643,-0.001
30-Aug-2022,8.2714,0.0072
31-Aug-2022,8.277,0.0056
01-Sep-2022,8.2767,-0.0003
02-Sep-2022,8.2487,-0.028
05-Sep-2022,8.2662,0.0175
06-Sep-2022,8.2727,0.0065
07-Sep-2022,8.2763,0.0037
08-Sep-2022,8.2657,-0.0107
09-Sep-2022,8.295,0.0294
12-Sep-2022,8.3013,0.0063
13-Sep-2022,8.2907,-0.0106
14-Sep-2022,8.3023,0.0116
15-Sep-2022,8.3146,0.0123
16-Sep-2022,8.336,0.0213
19-Sep-2022,8.3372,0.0013
20-Sep-2022,8.3357,-0.0015
21-Sep-2022,8.3337,-0.002
22-Sep-2022,8.3364,0.0027
23-Sep-2022,8.3338,-0.0026
26-Sep-2022,8.3349,0.0011
27-Sep-2022,8.34,0.0051
28-Sep-2022,8.3499,0.0099
29-Sep-2022,8.3542,0.0044
30-Sep-2022,8.3602,0.006
03-Oct-2022,8.3784,0.0182
04-Oct-2022,8.3957,0.0172
05-Oct-2022,8.4089,0.0132
06-Oct-2022,8.3915,-0.0174
07-Oct-2022,8.3903,-0.0012
10-Oct-2022,8.4005,0.0101
11-Oct-2022,8.3912,-0.0093
12-Oct-2022,8.401,0.0098
13-Oct-2022,8.412,0.011
14-Oct-2022,8.3942,-0.0178
17-Oct-2022,8.3953,0.0012
18-Oct-2022,8.3979,0.0026
19-Oct-2022,8.4184,0.0205
20-Oct-2022,8.4022,-0.0162
21-Oct-2022,8.4039,0.0017
24-Oct-2022,8.3926,-0.0113
25-Oct-2022,8.3956,0.003
26-Oct-2022,8.4023,0.0068
27-Oct-2022,8.3864,-0.0159
28-Oct-2022,8.3771,-0.0093
31-Oct-2022,8.3821,0.005
01-Nov-2022,8.3844,0.0023
02-Nov-2022,8.4214,0.037
03-Nov-2022,8.4229,0.0014
04-Nov-2022,8.415,-0.0079
07-Nov-2022,8.4276,0.0127
08-Nov-2022,8.4251,-0.0026
09-Nov-2022,8.4219,-0.0032
10-Nov-2022,8.406,-0.0159
11-Nov-2022,8.4061,0.0001
14-Nov-2022,8.4042,-0.0019
15-Nov-2022,8.3913,-0.0129
16-Nov-2022,8.3703,-0.021
17-Nov-2022,8.3873,0.017
18-Nov-2022,8.3943,0.007
21-Nov-2022,8.3897,-0.0046
22-Nov-2022,8.3849,-0.0048
23-Nov-2022,8.3793,-0.0057
24-Nov-2022,8.353,-0.0262
25-Nov-2022,8.3642,0.0112
28-Nov-2022,8.3782,0.014
29-Nov-2022,8.3892,0.011
30-Nov-2022,8.3612,-0.028
01-Dec-2022,8.3665,0.0053
02-Dec-2022,8.357,-0.0095
05-Dec-2022,8.3432,-0.0139
06-Dec-2022,8.3407,-0.0024
07-Dec-2022,8.3293,-0.0114
08-Dec-2022,8.3111,-0.0182
09-Dec-2022,8.3129,0.0017
12-Dec-2022,8.3414,0.0285
13-Dec-2022,8.3448,0.0034
14-Dec-2022,8.3306,-0.0142
15-Dec-2022,8.3383,0.0077
16-Dec-2022,8.368,0.0297
19-Dec-2022,8.352,-0.016
20-Dec-2022,8.3407,-0.0113
21-Dec-2022,8.3435,0.0028
22-Dec-2022,8.336,-0.0076
23-Dec-2022,8.3459,0.0099
26-Dec-2022,8.3544,0.0085
27-Dec-2022,8.3461,-0.0083
28-Dec-2022,8.3378,-0.0082
29-Dec-2022,8.3381,0.0002
30-Dec-2022,8.3457,0.0076
02-Jan-2023,8.3395,-0.0062
03-Jan-2023,8.3482,0.0087
04-Jan-2023,8.3569,0.0087
05-Jan-2023,8.364,0.0071
06-Jan-2023,8.3595,-0.0045
09-Jan-2023,8.3591,-0.0004
10-Jan-2023,8.3716,0.0125
11-Jan-2023,8.3634,-0.0082
12-Jan-2023,8.3687,0.0053
13-Jan-2023,8.4004,0.0317
16-Jan-2023,8.3735,-0.0269
17-Jan-2023,8.3742,0.0007
18-Jan-2023,8.3769,0.0027
19-Jan-2023,8.3744,-0.0025
20-Jan-2023,8.3674,-0.007
23-Jan-2023,8.3705,0.0031
24-Jan-2023,8.3501,-0.0204
25-Jan-2023,8.3582,0.0081
26-Jan-2023,8.3473,-0.0109
27-Jan-2023,8.3452,-0.0021
30-Jan-2023,8.3354,-0.0098
31-Jan-2023,8.3435,0.0081
01-Feb-2023,8.3453,0.0018
02-Feb-2023,8.3506,0.0053
03-Feb-2023,8.3555,0.0049
06-Feb-2023,8.3434,-0.0121
07-Feb-2023,8.3386,-0.0048
08-Feb-2023,8.3383,-0.0003
09-Feb-2023,8.3381,-0.0002
10-Feb-2023,8.3389,0.0008
13-Feb-2023,8.3305,-0.0084
14-Feb-2023,8.3071,-0.0234
15-Feb-2023,8.3091,0.002
16-Feb-2023,8.3063,-0.0028
17-Feb-2023,8.286,-0.0202
20-Feb-2023,8.294,0.008
21-Feb-2023,8.2851,-0.0089
22-Feb-2023,8.2713,-0.0138
23-Feb-2023,8.2772,0.0059
24-Feb-2023,8.2777,0.0004
27-Feb-2023,8.2717,-0.0059
28-Feb-2023,8.2752,0.0035
01-Mar-2023,8.2772,0.002
02-Mar-2023,8.2854,0.0082
03-Mar-2023,8.2783,-0.0071
06-Mar-2023,8.2851,0.0068
07-Mar-2023,8.2839,-0.0013
08-Mar-2023,8.2794,-0.0044
09-Mar-2023,8.2624,-0.017
10-Mar-2023,8.2877,0.0252
13-Mar-2023,8.2857,-0.002
14-Mar-2023,8.2955,0.0098
15-Mar-2023,8.2927,-0.0028
16-Mar-2023,8.3037,0.011
17-Mar-2023,8.2956,-0.0081
20-Mar-2023,8.2962,0.0006
21-Mar-2023,8.3057,0.0094
22-Mar-2023,8.3083,0.0027
23-Mar-2023,8.3259,0.0175
24-Mar-2023,8.3303,0.0044
27-Mar-2023,8.3491,0.0189
28-Mar-2023,8.3493,0.0001
29-Mar-2023,8.3231,-0.0262
30-Mar-2023,8.3139,-0.0092
31-Mar-2023,8.3148,0.0009
03-Apr-2023,8.3207,0.0059
04-Apr-2023,8.3259,0.0052
05-Apr-2023,8.3282,0.0023
06-Apr-2023,8.3204,-0.0079
07-Apr-2023,8.3305,0.0101
10-Apr-2023,8.3394,0.009
11-Apr-2023,8.3355,-0.0039
12-Apr-2023,8.3348,-0.0008
13-Apr-2023,8.3214,-0.0134
14-Apr-2023,8.3154,-0.0059
17-Apr-2023,8.2921,-0.0233
18-Apr-2023,8.3003,0.0082
19-Apr-2023,8.2957,-0.0046
20-Apr-2023,8.2939,-0.0018
21-Apr-2023,8.3025,0.0086
24-Apr-2023,8.3066,0.0041
25-Apr-2023,8.3047,-0.0018
26-Apr-2023,8.3111,0.0063
27-Apr-2023,8.2912,-0.0198
28-Apr-2023,8.2963,0.0051
01-May-2023,8.2969,0.0006
02-May-2023,8.306,0.0091
03-May-2023,8.2954,-0.0106
04-May-2023,8.2994,0.004
05-May-2023,8.2916,-0.0078
08-May-2023,8.3016,0.01
09-May-2023,8.3085,0.0069
10-May-2023,8.3037,-0.0048
11-May-2023,8.3361,0.0324
12-May-2023,8.3369,0.0008
15-May-2023,8.3359,-0.001
16-May-2023,8.3335,-0.0024
17-May-2023,8.3333,-0.0002
18-May-2023,8.3446,0.0113
19-May-2023,8.3631,0.0184
22-May-2023,8.3651,0.002
23-May-2023,8.3554,-0.0096
24-May-2023,8.3561,0.0007
25-May-2023,8.3647,0.0086
26-May-2023,8.3536,-0.0111
29-May-2023,8.3514,-0.0022
30-May-2023,8.3709,0.0195
31-May-2023,8.3984,0.0275
01-Jun-2023,8.3924,-0.006
02-Jun-2023,8.3921,-0.0004
05-Jun-2023,8.3741,-0.018
06-Jun-2023,8.3909,0.0168
07-Jun-2023,8.394,0.0031
08-Jun-2023,8.3866,-0.0074
09-Jun-2023,8.3872,0.0006
12-Jun-2023,8.3716,-0.0155
13-Jun-2023,8.3683,-0.0034
14-Jun-2023,8.3732,0.005
15-Jun-2023,8.3578,-0.0154
16-Jun-2023,8.3697,0.0119
19-Jun-2023,8.3699,0.0002
20-Jun-2023,8.3636,-0.0063
21-Jun-2023,8.3712,0.0077
22-Jun-2023,8.3787,0.0074
23-Jun-2023,8.379,0.0004
26-Jun-2023,8.3825,0.0034
27-Jun-2023,8.3794,-0.003
28-Jun-2023,8.3808,0.0014
29-Jun-2023,8.3838,0.003
30-Jun-2023,8.3808,-0.0029
03-Jul-2023,8.4025,0.0217
04-Jul-2023,8.3813,-0.0212
05-Jul-2023,8.3916,0.0103
06-Jul-2023,8.3803,-0.0113
07-Jul-2023,8.3717,-0.0086
10-Jul-2023,8.3734,0.0017
11-Jul-2023,8.3453,-0.0281
12-Jul-2023,8.3414,-0.0038
13-Jul-2023,8.3379,-0.0035
14-Jul-2023,8.3225,-0.0154
17-Jul-2023,8.3242,0.0017
18-Jul-2023,8.3345,0.0103
19-Jul-2023,8.3162,-0.0182
20-Jul-2023,8.3083,-0.008
21-Jul-2023,8.3109,0.0027
24-Jul-2023,8.3036,-0.0073
25-Jul-2023,8.2723,-0.0313
26-Jul-2023,8.275,0.0027
27-Jul-2023,8.2539,-0.0211
28-Jul-2023,8.2458,-0.0081
31-Jul-2023,8.2426,-0.0032
01-Aug-2023,8.2279,-0.0147
02-Aug-2023,8.2493,0.0215
03-Aug-2023,8.2519,0.0026
04-Aug-2023,8.2277,-0.0243
07-Aug-2023,8.2273,-0.0004
08-Aug-2023,8.2056,-0.0216
09-Aug-2023,8.2046,-0.001
10-Aug-2023,8.1986,-0.006
11-Aug-2023,8.2092,0.0106
14-Aug-2023,8.2054,-0.0038
15-Aug-2023,8.2133,0.008
16-Aug-2023,8.2164,0.0031
17-Aug-2023,8.2398,0.0234
18-Aug-2023,8.2313,-0.0085
21-Aug-2023,8.2112,-0.0202
22-Aug-2023,8.223,0.0118
23-Aug-2023,8.2038,-0.0192
24-Aug-2023,8.1842,-0.0195
25-Aug-2023,8.1829,-0.0014
28-Aug-2023,8.1793,-0.0035
29-Aug-2023,8.1732,-0.0061
30-Aug-2023,8.1714,-0.0018
31-Aug-2023,8.1675,-0.0039
01-Sep-2023,8.187,0.0195
04-Sep-2023,8.1925,0.0055
05-Sep-2023,8.1753,-0.0172
06-Sep-2023,8.1745,-0.0008
07-Sep-2023,8.1795,0.005
08-Sep-2023,8.1553,-0.0243
11-Sep-2023,8.1553,0.0
12-Sep-2023,8.1634,0.0081
13-Sep-2023,8.1491,-0.0143
14-Sep-2023,8.1624,0.0133
15-Sep-2023,8.168,0.0055
18-Sep-2023,8.1603,-0.0076
19-Sep-2023,8.1433,-0.017
20-Sep-2023,8.1367,-0.0066
21-Sep-2023,8.1227,-0.014
22-Sep-2023,8.1213,-0.0015
25-Sep-2023,8.1187,-0.0026
26-Sep-2023,8.1301,0.0114
27-Sep-2023,8.1377,0.0076
28-Sep-2023,8.1473,0.0096
29-Sep-2023,8.1339,-0.0134
02-Oct-2023,8.1336,-0.0003
03-Oct-2023,8.1376,0.004
04-Oct-2023,8.1453,0.0077
05-Oct-2023,8.1386,-0.0068
06-Oct-2023,8.1298,-0.0087
09-Oct-2023,8.1327,0.0028
10-Oct-2023,8.1157,-0.017
11-Oct-2023,8.0984,-0.0173
12-Oct-2023,8.1109,0.0125
13-Oct-2023,8.0835,-0.0274
16-Oct-2023,8.1062,0.0227
17-Oct-2023,8.1156,0.0094
18-Oct-2023,8.1106,-0.005
19-Oct-2023,8.1143,0.0037
20-Oct-2023,8.1384,0.0241
23-Oct-2023,8.1613,0.0229
24-Oct-2023,8.152,-0.0094
25-Oct-2023,8.1535,0.0015
26-Oct-2023,8.1687,0.0152
27-Oct-2023,8.1708,0.0021
30-Oct-2023,8.1667,-0.0041
31-Oct-2023,8.1511,-0.0156
01-Nov-2023,8.1755,0.0244
02-Nov-2023,8.1779,0.0024
03-Nov-2023,8.1805,0.0026
06-Nov-2023,8.2004,0.02
07-Nov-2023,8.1947,-0.0057
08-Nov-2023,8.201,0.0062
09-Nov-2023,8.1901,-0.0109
10-Nov-2023,8.2051,0.015
13-Nov-2023,8.2184,0.0134
14-Nov-2023,8.2277,0.0092
15-Nov-2023,8.2111,-0.0166
16-Nov-2023,8.1992,-0.0118
17-Nov-2023,8.1811,-0.0182
20-Nov-2023,8.1699,-0.0111
21-Nov-2023,8.1783,0.0084
22-Nov-2023,8.1845,0.0062
23-Nov-2023,8.1744,-0.0101
24-Nov-2023,8.1755,0.0011
27-Nov-2023,8.1715,-0.0041
28-Nov-2023,8.1797,0.0083
29-Nov-2023,8.1828,0.003
30-Nov-2023,8.1841,0.0013
01-Dec-2023,8.1689,-0.0152
04-Dec-2023,8.1819,0.013
05-Dec-2023,8.1901,0.0082
06-Dec-2023,8.183,-0.0071
07-Dec-2023,8.1516,-0.0314
08-Dec-2023,8.1485,-0.003
11-Dec-2023,8.1538,0.0052
12-Dec-2023,8.1565,0.0028
13-Dec-2023,8.1508,-0.0057
14-Dec-2023,8.1441,-0.0067
15-Dec-2023,8.1361,-0.0081
18-Dec-2023,8.1321,-0.004
19-Dec-2023,8.1408,0.0087
20-Dec-2023,8.1422,0.0014
21-Dec-2023,8.1237,-0.0185
22-Dec-2023,8.1221,-0.0016
25-Dec-2023,8.1459,0.0238
26-Dec-2023,8.1461,0.0002
27-Dec-2023,8.1355,-0.0106
28-Dec-2023,8.1414,0.0059
29-Dec-2023,8.159,0.0176
01-Jan-2024,8.1577,-0.0014
02-Jan-2024,8.1471,-0.0106
03-Jan-2024,8.1605,0.0133
04-Jan-2024,8.1645,0.004
05-Jan-2024,8.1699,0.0054
08-Jan-2024,8.1737,0.0038
09-Jan-2024,8.1618,-0.0119
10-Jan-2024,8.1418,-0.02
11-Jan-2024,8.1267,-0.0151
12-Jan-2024,8.1414,0.0147
15-Jan-2024,8.1438,0.0025
16-Jan-2024,8.1491,0.0052
17-Jan-2024,8.1593,0.0102
18-Jan-2024,8.1624,0.0032
19-Jan-2024,8.1846,0.0222
22-Jan-2024,8.1768,-0.0078
23-Jan-2024,8.1752,-0.0017
24-Jan-2024,8.1622,-0.0129
25-Jan-2024,8.1521,-0.0101
26-Jan-2024,8.1457,-0.0065
29-Jan-2024,8.1558,0.0102
30-Jan-2024,8.1414,-0.0144
31-Jan-2024,8.1436,0.0021
01-Feb-2024,8.1571,0.0135
02-Feb-2024,8.1461,-0.0109
05-Feb-2024,8.15,0.0038
06-Feb-2024,8.1624,0.0124
07-Feb-2024,8.1569,-0.0055
08-Feb-2024,8.1633,0.0065
09-Feb-2024,8.1679,0.0045
12-Feb-2024,8.1786,0.0108
13-Feb-2024,8.1679,-0.0107
14-Feb-2024,8.1883,0.0203
15-Feb-2024,8.1832,-0.0051
16-Feb-2024,8.17,-0.0132
19-Feb-2024,8.1615,-0.0084
20-Feb-2024,8.1686,0.0071
21-Feb-2024,8.1612,-0.0074
22-Feb-2024,8.1612,-0.0
23-Feb-2024,8.1583,-0.0029
26-Feb-2024,8.1631,0.0048
27-Feb-2024,8.181,0.0179
28-Feb-2024,8.1945,0.0135
29-Feb-2024,8.1853,-0.0092
01-Mar-2024,8.1824,-0.0029
04-Mar-2024,8.1927,0.0103
05-Mar-2024,8.1776,-0.0151
06-Mar-2024,8.1636,-0.014
07-Mar-2024,8.1666,0.0031
08-Mar-2024,8.1681,0.0015
11-Mar-2024,8.1709,0.0027
12-Mar-2024,8.1692,-0.0016
13-Mar-2024,8.1658,-0.0035
14-Mar-2024,8.175,0.0092
15-Mar-2024,8.1665,-0.0085
18-Mar-2024,8.1902,0.0237
19-Mar-2024,8.1899,-0.0003
20-Mar-2024,8.1795,-0.0104
21-Mar-2024,8.1786,-0.0009
22-Mar-2024,8.1588,-0.0198
25-Mar-2024,8.1563,-0.0025
26-Mar-2024,8.1693,0.0131
27-Mar-2024,8.1593,-0.01
28-Mar-2024,8.1412,-0.0181
29-Mar-2024,8.1282,-0.013
01-Apr-2024,8.1023,-0.0259
02-Apr-2024,8.0653,-0.0371
03-Apr-2024,8.0532,-0.012
04-Apr-2024,8.0249,-0.0283
05-Apr-2024,7.9912,-0.0337
08-Apr-2024,7.9906,-0.0006
09-Apr-2024,8.0138,0.0231
10-Apr-2024,8.0192,0.0054
11-Apr-2024,8.0316,0.0124
12-Apr-2024,8.0296,-0.002
15-Apr-2024,8.058,0.0284
16-Apr-2024,8.0597,0.0017
17-Apr-2024,8.017,-0.0428
18-Apr-2024,7.9963,-0.0207
19-Apr-2024,7.9817,-0.0145
22-Apr-2024,7.985,0.0032
23-Apr-2024,7.9822,-0.0027
24-Apr-2024,7.9858,0.0036
25-Apr-2024,7.9812,-0.0046
26-Apr-2024,7.9636,-0.0176
29-Apr-2024,7.9367,-0.0269
30-Apr-2024,7.957,0.0203
01-May-2024,7.9671,0.0101
02-May-2024,7.9814,0.0143
03-May-2024,7.9886,0.0073
06-May-2024,7.9807,-0.008
07-May-2024,7.9872,0.0065
08-May-2024,7.9802,-0.0069
09-May-2024,7.9665,-0.0137
10-May-2024,7.9684,0.0018
13-May-2024,7.9439,-0.0244
14-May-2024,7.9583,0.0143
15-May-2024,7.9611,0.0029
16-May-2024,7.9648,0.0036
17-May-2024,7.9756,0.0108
20-May-2024,8.0083,0.0327
21-May-2024,8.0069,-0.0014
22-May-2024,7.9927,-0.0142
23-May-2024,7.9888,-0.0039
24-May-2024,7.9651,-0.0237
27-May-2024,7.9736,0.0085
28-May-2024,7.9731,-0.0005
29-May-2024,7.9645,-0.0086
30-May-2024,7.94,-0.0245
31-May-2024,7.9537,0.0137
03-Jun-2024,7.9666,0.0129
04-Jun-2024,7.9664,-0.0002
05-Jun-2024,7.9737,0.0073
06-Jun-2024,7.9758,0.0021
07-Jun-2024,7.981,0.0052
10-Jun-2024,7.9675,-0.0135
11-Jun-2024,7.9787,0.0112
12-Jun-2024,7.9867,0.0081
13-Jun-2024,7.9829,-0.0039
14-Jun-2024,7.9659,-0.017
17-Jun-2024,7.9521,-0.0138
18-Jun-2024,7.9615,0.0094
19-Jun-2024,7.9655,0.004
20-Jun-2024,7.9677,0.0021
21-Jun-2024,7.9663,-0.0014
24-Jun-2024,7.9605,-0.0058
25-Jun-2024,7.9637,0.0032
26-Jun-2024,7.9634,-0.0003
27-Jun-2024,7.9609,-0.0025
28-Jun-2024,7.9578,-0.0031
01-Jul-2024,7.9795,0.0217
02-Jul-2024,7.9655,-0.014
03-Jul-2024,7.9792,0.0137
04-Jul-2024,7.9961,0.017
05-Jul-2024,8.0097,0.0136
08-Jul-2024,7.9881,-0.0216
09-Jul-2024,7.9987,0.0105
10-Jul-2024,8.0119,0.0132
11-Jul-2024,8.0066,-0.0053
12-Jul-2024,8.0126,0.006
15-Jul-2024,8.0162,0.0036
16-Jul-2024,8.031,0.0148
17-Jul-2024,8.0407,0.0097
18-Jul-2024,8.0463,0.0057
19-Jul-2024,8.048,0.0017
22-Jul-2024,8.0213,-0.0267
23-Jul-2024,8.0385,0.0173
24-Jul-2024,8.0496,0.0111
25-Jul-2024,8.0496,-0.0
26-Jul-2024,8.0448,-0.0047
29-Jul-2024,8.061,0.0161
30-Jul-2024,8.0703,0.0094
31-Jul-2024,8.0731,0.0027
01-Aug-2024,8.0616,-0.0115
02-Aug-2024,8.0909,0.0292
05-Aug-2024,8.1016,0.0107
06-Aug-2024,8.1077,0.0061
07-Aug-2024,8.0959,-0.0118
08-Aug-2024,8.0939,-0.002
09-Aug-2024,8.0928,-0.0011
12-Aug-2024,8.1037,0.0109
13-Aug-2024,8.1153,0.0116
14-Aug-2024,8.1189,0.0037
15-Aug-2024,8.1453,0.0263
16-Aug-2024,8.1335,-0.0118
19-Aug-2024,8.1447,0.0112
20-Aug-2024,8.1514,0.0067
21-Aug-2024,8.1547,0.0034
22-Aug-2024,8.1552,0.0005
23-Aug-2024,8.1664,0.0112
26-Aug-2024,8.1827,0.0163
27-Aug-2024,8.1887,0.006
28-Aug-2024,8.1798,-0.0089
29-Aug-2024,8.1764,-0.0034
30-Aug-2024,8.172,-0.0044
02-Sep-2024,8.1811,0.0091
03-Sep-2024,8.1643,-0.0169
04-Sep-2024,8.1691,0.0048
05-Sep-2024,8.1613,-0.0078
06-Sep-2024,8.1682,0.007
09-Sep-2024,8.1746,0.0064
10-Sep-2024,8.2014,0.0267
11-Sep-2024,8.1908,-0.0105
12-Sep-2024,8.1706,-0.0202
13-Sep-2024,8.1707,0.0
16-Sep-2024,8.1665,-0.0041
17-Sep-2024,8.1498,-0.0167
18-Sep-2024,8.1431,-0.0067
19-Sep-2024,8.1401,-0.0031
20-Sep-2024,8.1604,0.0203
23-Sep-2024,8.1367,-0.0237
24-Sep-2024,8.1457,0.009
25-Sep-2024,8.1333,-0.0124
26-Sep-2024,8.1287,-0.0046
27-Sep-2024,8.1282,-0.0005
30-Sep-2024,8.1174,-0.0108
01-Oct-2024,8.1132,-0.0042
02-Oct-2024,8.1093,-0.0039
03-Oct-2024,8.1282,0.0189
04-Oct-2024,8.122,-0.0061
07-Oct-2024,8.128,0.006
08-Oct-2024,8.1166,-0.0114
09-Oct-2024,8.102,-0.0146
10-Oct-2024,8.1159,0.0139
11-Oct-2024,8.1177,0.0018
14-Oct-2024,8.1025,-0.0153
15-Oct-2024,8.1117,0.0093
16-Oct-2024,8.1019,-0.0099
17-Oct-2024,8.1152,0.0133
18-Oct-2024,8.1241,0.0089
21-Oct-2024,8.1104,-0.0137
22-Oct-2024,8.0947,-0.0157
23-Oct-2024,8.0859,-0.0087
24-Oct-2024,8.0841,-0.0018
25-Oct-2024,8.0968,0.0127
28-Oct-2024,8.1053,0.0085
29-Oct-2024,8.1287,0.0234
30-Oct-2024,8.1407,0.012
31-Oct-2024,8.1408,0.0001
01-Nov-2024,8.1346,-0.0061
04-Nov-2024,8.1599,0.0252
05-Nov-2024,8.1563,-0.0036
06-Nov-2024,8.1431,-0.0132
07-Nov-2024,8.1197,-0.0234
08-Nov-2024,8.1076,-0.0121
11-Nov-2024,8.1131,0.0055
12-Nov-2024,8.1187,0.0056
13-Nov-2024,8.123,0.0043
14-Nov-2024,8.1205,-0.0025
15-Nov-2024,8.1261,0.0056
18-Nov-2024,8.135,0.0089
19-Nov-2024,8.13,-0.0051
20-Nov-2024,8.1462,0.0163
21-Nov-2024,8.1261,-0.0201
22-Nov-2024,8.1144,-0.0117
25-Nov-2024,8.1013,-0.0131
26-Nov-2024,8.101,-0.0004
27-Nov-2024,8.1186,0.0176
28-Nov-2024,8.0978,-0.0208
29-Nov-2024,8.1021,0.0043
02-Dec-2024,8.117,0.0149
03-Dec-2024,8.1126,-0.0044
04-Dec-2024,8.121,0.0084
05-Dec-2024,8.1088,-0.0123
06-Dec-2024,8.111,0.0022
09-Dec-2024,8.1217,0.0107
10-Dec-2024,8.1151,-0.0065
11-Dec-2024,8.1339,0.0188
12-Dec-2024,8.1304,-0.0035
13-Dec-2024,8.1303,-0.0001
16-Dec-2024,8.1239,-0.0063
17-Dec-2024,8.1308,0.0068
18-Dec-2024,8.1242,-0.0066
19-Dec-2024,8.1295,0.0054
20-Dec-2024,8.1298,0.0003
23-Dec-2024,8.1505,0.0207
24-Dec-2024,8.1514,0.0009
25-Dec-2024,8.1515,0.0001
26-Dec-2024,8.1413,-0.0102
27-Dec-2024,8.1492,0.0079
30-Dec-2024,8.1624,0.0132
31-Dec-2024,8.151,-0.0114
01-Jan-2025,8.1614,0.0104
02-Jan-2025,8.174,0.0126
03-Jan-2025,8.2223,0.0482
06-Jan-2025,8.2165,-0.0058
07-Jan-2025,8.2023,-0.0141
08-Jan-2025,8.2028,0.0004
09-Jan-2025,8.2058,0.0031
10-Jan-2025,8.1986,-0.0072
13-Jan-2025,8.1922,-0.0064
14-Jan-2025,8.1896,-0.0026
15-Jan-2025,8.1582,-0.0314
16-Jan-2025,8.1518,-0.0064
17-Jan-2025,8.147,-0.0049
20-Jan-2025,8.1318,-0.0152
21-Jan-2025,8.1329,0.0012
22-Jan-2025,8.1343,0.0013
23-Jan-2025,8.1174,-0.0169
24-Jan-2025,8.1206,0.0032
27-Jan-2025,8.1203,-0.0004
28-Jan-2025,8.1385,0.0182
29-Jan-2025,8.1653,0.0268
30-Jan-2025,8.1631,-0.0022
31-Jan-2025,8.1558,-0.0073
03-Feb-2025,8.1586,0.0028
04-Feb-2025,8.1485,-0.0101
05-Feb-2025,8.1218,-0.0268
06-Feb-2025,8.1124,-0.0094
07-Feb-2025,8.1299,0.0176
10-Feb-2025,8.1341,0.0042
11-Feb-2025,8.1397,0.0056
12-Feb-2025,8.1334,-0.0063
13-Feb-2025,8.126,-0.0074
14-Feb-2025,8.1215,-0.0045
17-Feb-2025,8.1207,-0.0008
18-Feb-2025,8.1193,-0.0015
19-Feb-2025,8.0998,-0.0194
20-Feb-2025,8.1056,0.0058
21-Feb-2025,8.1219,0.0163
24-Feb-2025,8.1049,-0.017
25-Feb-2025,8.0937,-0.0113
26-Feb-2025,8.0878,-0.0058
27-Feb-2025,8.0952,0.0074
28-Feb-2025,8.1085,0.0133
03-Mar-2025,8.1101,0.0015
04-Mar-2025,8.1087,-0.0014
05-Mar-2025,8.1303,0.0216
06-Mar-2025,8.1095,-0.0207
07-Mar-2025,8.1277,0.0182
10-Mar-2025,8.1256,-0.0021
11-Mar-2025,8.1456,0.0201
12-Mar-2025,8.1401,-0.0056
13-Mar-2025,8.1431,0.003
14-Mar-2025,8.1436,0.0005
17-Mar-2025,8.1324,-0.0112
18-Mar-2025,8.128,-0.0044
19-Mar-2025,8.1254,-0.0025
20-Mar-2025,8.1439,0.0184
21-Mar-2025,8.1307,-0.0132
24-Mar-2025,8.1249,-0.0058
25-Mar-2025,8.1074,-0.0175
26-Mar-2025,8.1321,0.0247
27-Mar-2025,8.1428,0.0107
28-Mar-2025,8.1383,-0.0045
31-Mar-2025,8.1436,0.0053
01-Apr-2025,8.142,-0.0016
02-Apr-2025,8.1197,-0.0223
03-Apr-2025,8.1089,-0.0108
04-Apr-2025,8.1046,-0.0043
07-Apr-2025,8.1085,0.0039
08-Apr-2025,8.0941,-0.0144
09-Apr-2025,8.0832,-0.0108
10-Apr-2025,8.0761,-0.0071
11-Apr-2025,8.0802,0.0041
14-Apr-2025,8.0693,-0.0108
15-Apr-2025,8.0839,0.0145
16-Apr-2025,8.0689,-0.0149
17-Apr-2025,8.06,-0.0089
18-Apr-2025,8.0735,0.0135
21-Apr-2025,8.0622,-0.0112
22-Apr-2025,8.0365,-0.0257
23-Apr-2025,8.0309,-0.0056
24-Apr-2025,8.0375,0.0066
25-Apr-2025,8.0276,-0.0099
28-Apr-2025,8.0283,0.0007
29-Apr-2025,8.0008,-0.0276
30-Apr-2025,8.0184,0.0177
01-May-2025,8.0329,0.0145
02-May-2025,8.0188,-0.0141
05-May-2025,8.029,0.0103
06-May-2025,8.0041,-0.0249
07-May-2025,8.0158,0.0117
08-May-2025,8.0197,0.0039
09-May-2025,8.0375,0.0177
12-May-2025,8.0691,0.0316
13-May-2025,8.0607,-0.0084
14-May-2025,8.0797,0.019
15-May-2025,8.0992,0.0195
16-May-2025,8.1184,0.0192
19-May-2025,8.0998,-0.0186
20-May-2025,8.1029,0.0031
21-May-2025,8.1021,-0.0009
22-May-2025,8.1033,0.0012
23-May-2025,8.1003,-0.003
26-May-2025,8.1072,0.0069
27-May-2025,8.1192,0.0121
28-May-2025,8.1143,-0.0049
29-May-2025,8.1197,0.0054
30-May-2025,8.1244,0.0047
02-Jun-2025,8.1367,0.0123
03-Jun-2025,8.1518,0.0151
04-Jun-2025,8.1421,-0.0097
05-Jun-2025,8.1264,-0.0158
06-Jun-2025,8.121,-0.0054
09-Jun-2025,8.1274,0.0064
10-Jun-2025,8.1334,0.006
11-Jun-2025,8.1204,-0.013
12-Jun-2025,8.1217,0.0013
13-Jun-2025,8.1219,0.0002
16-Jun-2025,8.1008,-0.0211
17-Jun-2025,8.0913,-0.0095
18-Jun-2025,8.1149,0.0236
19-Jun-2025,8.1012,-0.0137
20-Jun-2025,8.1026,0.0014
23-Jun-2025,8.1066,0.004
24-Jun-2025,8.1131,0.0065
25-Jun-2025,8.1112,-0.0019
26-Jun-2025,8.0986,-0.0126
27-Jun-2025,8.0975,-0.0011
30-Jun-2025,8.1111,0.0136
01-Jul-2025,8.103,-0.0081
02-Jul-2025,8.0967,-0.0063
03-Jul-2025,8.1143,0.0176
04-Jul-2025,8.1212,0.0069
07-Jul-2025,8.1427,0.0215
08-Jul-2025,8.1293,-0.0134
09-Jul-2025,8.1147,-0.0146
10-Jul-2025,8.1166,0.0019
11-Jul-2025,8.1295,0.0129
14-Jul-2025,8.1511,0.0216
15-Jul-2025,8.1879,0.0368
16-Jul-2025,8.1922,0.0043
17-Jul-2025,8.1848,-0.0074
18-Jul-2025,8.1874,0.0026
21-Jul-2025,8.1847,-0.0026
22-Jul-2025,8.196,0.0112
23-Jul-2025,8.2056,0.0096
24-Jul-2025,8.205,-0.0006
25-Jul-2025,8.2081,0.0031
28-Jul-2025,8.2298,0.0217
29-Jul-2025,8.2492,0.0194
30-Jul-2025,8.2463,-0.0028
31-Jul-2025,8.2457,-0.0006
01-Aug-2025,8.2341,-0.0116
04-Aug-2025,8.2386,0.0045
05-Aug-2025,8.247,0.0084
06-Aug-2025,8.2525,0.0054
07-Aug-2025,8.2428,-0.0097
08-Aug-2025,8.2441,0.0013
11-Aug-2025,8.2532,0.0092
12-Aug-2025,8.2408,-0.0124
13-Aug-2025,8.254,0.0132
14-Aug-2025,8.2633,0.0093
15-Aug-2025,8.2618,-0.0015
18-Aug-2025,8.2599,-0.0019
19-Aug-2025,8.251,-0.0089
20-Aug-2025,8.2552,0.0042
21-Aug-2025,8.2352,-0.02
22-Aug-2025,8.2308,-0.0045
25-Aug-2025,8.2289,-0.0019
26-Aug-2025,8.2183,-0.0106
27-Aug-2025,8.2011,-0.0172
28-Aug-2025,8.2021,0.001
29-Aug-2025,8.202,-0.0002
01-Sep-2025,8.2062,0.0042
02-Sep-2025,8.2019,-0.0043
03-Sep-2025,8.2036,0.0017
04-Sep-2025,8.1909,-0.0128
05-Sep-2025,8.199,0.0081
08-Sep-2025,8.2051,0.0061
09-Sep-2025,8.2161,0.0111
10-Sep-2025,8.2214,0.0053
11-Sep-2025,8.2236,0.0022
12-Sep-2025,8.2211,-0.0025
15-Sep-2025,8.2245,0.0034
16-Sep-2025,8.2434,0.0189
17-Sep-2025,8.2284,-0.015
18-Sep-2025,8.2185,-0.01
19-Sep-2025,8.2291,0.0107
22-Sep-2025,8.2292,0.0001
23-Sep-2025,8.2399,0.0107
24-Sep-2025,8.2368,-0.0031
25-Sep-2025,8.2213,-0.0155
26-Sep-2025,8.2148,-0.0065
29-Sep-2025,8.2168,0.0019
30-Sep-2025,8.2061,-0.0107
01-Oct-2025,8.1968,-0.0093
02-Oct-2025,8.1929,-0.0039
03-Oct-2025,8.2144,0.0215
06-Oct-2025,8.2288,0.0144
07-Oct-2025,8.1983,-0.0305
08-Oct-2025,8.1952,-0.0031
09-Oct-2025,8.1902,-0.005
10-Oct-2025,8.1927,0.0025
13-Oct-2025,8.1907,-0.002
14-Oct-2025,8.1826,-0.0081
15-Oct-2025,8.1989,0.0163
16-Oct-2025,8.1925,-0.0063
17-Oct-2025,8.1892,-0.0033
20-Oct-2025,8.1753,-0.0139
21-Oct-2025,8.1839,0.0085
22-Oct-2025,8.1998,0.0159
23-Oct-2025,8.1931,-0.0067
24-Oct-2025,8.1914,-0.0016
27-Oct-2025,8.2085,0.0171
28-Oct-2025,8.2185,0.01
29-Oct-2025,8.2257,0.0072
30-Oct-2025,8.2383,0.0126
31-Oct-2025,8.2473,0.009
03-Nov-2025,8.2603,0.013
04-Nov-2025,8.264,0.0037
05-Nov-2025,8.2666,0.0026
06-Nov-2025,8.2418,-0.0249
07-Nov-2025,8.2542,0.0124
10-Nov-2025,8.2498,-0.0043
11-Nov-2025,8.25,0.0002
12-Nov-2025,8.2416,-0.0085
13-Nov-2025,8.238,-0.0035
14-Nov-2025,8.2269,-0.0112
17-Nov-2025,8.2331,0.0062
18-Nov-2025,8.2227,-0.0104
19-Nov-2025,8.2303,0.0076
20-Nov-2025,8.225,-0.0053
21-Nov-2025,8.2258,0.0008
24-Nov-2025,8.2298,0.004
25-Nov-2025,8.241,0.0112
26-Nov-2025,8.2476,0.0066
27-Nov-2025,8.2521,0.0045
28-Nov-2025,8.2529,0.0009
01-Dec-2025,8.2567,0.0038
02-Dec-2025,8.2636,0.0069
03-Dec-2025,8.2476,-0.016
04-Dec-2025,8.2336,-0.014
05-Dec-2025,8.2514,0.0178
08-Dec-2025,8.2541,0.0027
09-Dec-2025,8.2684,0.0144
10-Dec-2025,8.2528,-0.0157
11-Dec-2025,8.2734,0.0206
12-Dec-2025,8.2684,-0.0049
15-Dec-2025,8.2599,-0.0085
16-Dec-2025,8.2503,-0.0096
17-Dec-2025,8.2628,0.0125
18-Dec-2025,8.2616,-0.0012
19-Dec-2025,8.2571,-0.0045
22-Dec-2025,8.2544,-0.0027
23-Dec-2025,8.2467,-0.0077
24-Dec-2025,8.2654,0.0186
25-Dec-2025,8.2521,-0.0133
26-Dec-2025,8.2419,-0.0102
29-Dec-2025,8.2349,-0.007
30-Dec-2025,8.2107,-0.0242
31-Dec-2025,8.2092,-0.0016
01-Jan-2026,8.2092,0.0001
02-Jan-2026,8.2055,-0.0038
05-Jan-2026,8.2006,-0.0049
06-Jan-2026,8.1956,-0.0049
07-Jan-2026,8.2028,0.0071
08-Jan-2026,8.1766,-0.0261
09-Jan-2026,8.1692,-0.0074
12-Jan-2026,8.1536,-0.0156
13-Jan-2026,8.1602,0.0065
14-Jan-2026,8.1627,0.0026
15-Jan-2026,8.1561,-0.0066
16-Jan-2026,8.1632,0.0071
19-Jan-2026,8.1731,0.0099
20-Jan-2026,8.1845,0.0114
21-Jan-2026,8.1905,0.0061
22-Jan-2026,8.1976,0.0071
23-Jan-2026,8.2051,0.0075
26-Jan-2026,8.2175,0.0124
27-Jan-2026,8.2256,0.0081
28-Jan-2026,8.2114,-0.0141
29-Jan-2026,8.2311,0.0197
30-Jan-2026,8.2326,0.0015
02-Feb-2026,8.2256,-0.007
03-Feb-2026,8.2138,-0.0118
04-Feb-2026,8.2252,0.0114
05-Feb-2026,8.2081,-0.0171
06-Feb-2026,8.2138,0.0057
09-Feb-2026,8.2201,0.0063
10-Feb-2026,8.2338,0.0137
11-Feb-2026,8.2368,0.003
12-Feb-2026,8.2345,-0.0023
13-Feb-2026,8.2385,0.004
16-Feb-2026,8.2463,0.0078
17-Feb-2026,8.2248,-0.0215
18-Feb-2026,8.2101,-0.0146
19-Feb-2026,8.2058,-0.0044
20-Feb-2026,8.2268,0.021
23-Feb-2026,8.216,-0.0108
24-Feb-2026,8.2069,-0.0091
25-Feb-2026,8.2253,0.0183
26-Feb-2026,8.2207,-0.0046
27-Feb-2026,8.2197,-0.001
02-Mar-2026,8.1999,-0.0198
03-Mar-2026,8.1982,-0.0017
04-Mar-2026,8.1821,-0.016
05-Mar-2026,8.1928,0.0107
06-Mar-2026,8.1961,0.0033
09-Mar-2026,8.1988,0.0026
10-Mar-2026,8.2015,0.0027
11-Mar-2026,8.2058,0.0043
12-Mar-2026,8.1947,-0.0111
13-Mar-2026,8.184,-0.0107
16-Mar-2026,8.1718,-0.0122
17-Mar-2026,8.1725,0.0006
18-Mar-2026,8.1694,-0.0031
19-Mar-2026,8.1774,0.0081
20-Mar-2026,8.185,0.0075
23-Mar-2026,8.1824,-0.0026
24-Mar-2026,8.1874,0.005
25-Mar-2026,8.1814,-0.006
26-Mar-2026,8.1835,0.0021
27-Mar-2026,8.1731,-0.0104
30-Mar-2026,8.1744,0.0013
31-Mar-2026,8.1571,-0.0173
01-Apr-2026,8.1526,-0.0045
02-Apr-2026,8.1489,-0.0036
03-Apr-2026,8.1117,-0.0372
06-Apr-2026,8.1119,0.0002
07-Apr-2026,8.1246,0.0127
08-Apr-2026,8.1233,-0.0013
09-Apr-2026,8.1174,-0.0059
10-Apr-2026,8.1023,-0.0152
13-Apr-2026,8.095,-0.0073
14-Apr-2026,8.1037,0.0087
15-Apr-2026,8.1016,-0.0022
16-Apr-2026,8.1021,0.0006
17-Apr-2026,8.0849,-0.0173
20-Apr-2026,8.0941,0.0093
21-Apr-2026,8.096,0.0018
22-Apr-2026,8.0916,-0.0044
23-Apr-2026,8.091,-0.0006
24-Apr-2026,8.1023,0.0112
27-Apr-2026,8.1005,-0.0018
28-Apr-2026,8.0928,-0.0077
29-Apr-2026,8.0896,-0.0032
30-Apr-2026,8.0703,-0.0192
01-May-2026,8.067,-0.0033
04-May-2026,8.0481,-0.0188
05-May-2026,8.0618,0.0137
06-May-2026,8.0671,0.0053
07-May-2026,8.0839,0.0167
08-May-2026,8.0999,0.0161
11-May-2026,8.0974,-0.0025
12-May-2026,8.0964,-0.001
13-May-2026,8.0789,-0.0175
14-May-2026,8.0745,-0.0044
15-May-2026,8.065,-0.0096
18-May-2026,8.0506,-0.0144
19-May-2026,8.034,-0.0166
20-May-2026,8.0215,-0.0124
21-May-2026,8.0113,-0.0102
22-May-2026,8.0206,0.0092
25-May-2026,8.0153,-0.0053
26-May-2026,8.0167,0.0014
27-May-2026,8.0121,-0.0046
28-May-2026,8.0174,0.0054
29-May-2026,8.0437,0.0263
01-Jun-2026,8.0314,-0.0123
02-Jun-2026,8.0285,-0.0029
03-Jun-2026,8.0181,-0.0104
04-Jun-2026,8.0181,-0.0001
05-Jun-2026,8.004,-0.0141
08-Jun-2026,7.998,-0.0059
09-Jun-2026,7.9975,-0.0006
10-Jun-2026,7.9882,-0.0093
11-Jun-2026,8.0058,0.0176
12-Jun-2026,7.9985,-0.0073
15-Jun-2026,7.9852,-0.0133
16-Jun-2026,7.9697,-0.0156
17-Jun-2026,7.9606,-0.0091
18-Jun-2026,7.9585,-0.0021
19-Jun-2026,7.936,-0.0225
22-Jun-2026,7.9558,0.0197
23-Jun-2026,7.9641,0.0083
24-Jun-2026,7.9437,-0.0204
25-Jun-2026,7.9399,-0.0038
26-Jun-2026,7.9595,0.0196
29-Jun-2026,7.9275,-0.032
30-Jun-2026,7.907,-0.0205
01-Jul-2026,7.8989,-0.008
02-Jul-2026,7.8847,-0.0143
03-Jul-2026,7.857,-0.0277
06-Jul-2026,7.8702,0.0132
07-Jul-2026,7.8812,0.011
08-Jul-2026,7.8712,-0.0101
09-Jul-2026,7.8773,0.0062
10-Jul-2026,7.8819,0.0046
13-Jul-2026,7.8791,-0.0029
14-Jul-2026,7.8862,0.0071
15-Jul-2026,7.8856,-0.0006
16-Jul-2026,7.8883,0.0027
17-Jul-2026,7.8788,-0.0095
20-Jul-2026,7.8701,-0.0087
21-Jul-2026,7.8724,0.0023
22-Jul-2026,7.8873,0.0149
23-Jul-2026,7.8951,0.0078
24-Jul-2026,7.9035,0.0085
27-Jul-2026,7.9067,0.0032
28-Jul-2026,7.905,-0.0017
29-Jul-2026,7.8913,-0.0137
30-Jul-2026,7.9008,0.0094
31-Jul-2026,7.9119,0.0111
03-Aug-2026,7.9046,-0.0074
04-Aug-2026,7.9059,0.0013
05-Aug-2026,7.9154,0.0095
06-Aug-2026,7.9384,0.023
07-Aug-2026,7.9245,-0.0139
10-Aug-2026,7.9437,0.0192
11-Aug-2026,7.9392,-0.0045
12-Aug-2026,7.9657,0.0264
13-Aug-2026,7.9397,-0.0259
14-Aug-2026,7.9335,-0.0062
17-Aug-2026,7.9212,-0.0123
18-Aug-2026,7.9127,-0.0085
19-Aug-2026,7.9109,-0.0019
20-Aug-2026,7.915,0.0042
21-Aug-2026,7.9275,0.0124
24-Aug-2026,7.923,-0.0045
25-Aug-2026,7.9244,0.0014
26-Aug-2026,7.9258,0.0014
27-Aug-2026,7.9359,0.0101
28-Aug-2026,7.9316,-0.0043
31-Aug-2026,7.9296,-0.0021
01-Sep-2026,7.9317,0.0021
02-Sep-2026,7.9303,-0.0014
03-Sep-2026,7.9219,-0.0084
04-Sep-2026,7.9018,-0.0201
07-Sep-2026,7.9189,0.0172
08-Sep-2026,7.8969,-0.022
09-Sep-2026,7.9203,0.0234
