Date,Open,High,Low,Close,Shares Traded,Turnover (Rs. Cr)
01-Jan-2010,6504.33,6675.78,6483.76,6654.73,0,2755.37
04-Jan-2010,6653.97,6821.72,6613.24,6780.21,0,3119.96
05-Jan-2010,6774.47,6801.44,6644.03,6670.59,0,2139.92
06-Jan-2010,6668.91,6707.82,6618.02,6656.85,0,2371.25
07-Jan-2010,6655.34,6685.49,6624.44,6654.58,0,5355.17
08-Jan-2010,6657.25,6706.52,6565.03,6613.99,0,4416.02
11-Jan-2010,6612.33,6614.61,6516.85,6519.1,0,4268.63
12-Jan-2010,6507.02,6665.9,6463.02,6621.12,0,2563.74
13-Jan-2010,6630.63,6653.55,6579.62,6602.44,0,3017.45
14-Jan-2010,6599.57,6730.77,6513.01,6643.63,0,1924.44
15-Jan-2010,6641.37,6693.6,6616.63,6668.76,0,4964.6
18-Jan-2010,6666.24,6708.98,6627.86,6670.57,0,2926.86
19-Jan-2010,6657.83,6837.91,6648.83,6828.68,0,3329.54
20-Jan-2010,6838.93,6855.24,6705.51,6721.54,0,2834.18
21-Jan-2010,6741.79,6775.96,6601.13,6634.76,0,2768.55
22-Jan-2010,6642.03,6703.39,6623.19,6684.43,0,2172.9
25-Jan-2010,6703.05,6756.86,6677.09,6730.79,0,5014.1
26-Jan-2010,6751.72,6775.74,6715.06,6739.04,0,3360.75
27-Jan-2010,6739.39,6810.49,6591.69,6661.97,0,2370.83
28-Jan-2010,6649.29,6751.92,6584.49,6686.76,0,5023.17
29-Jan-2010,6707.68,6749.18,6667.54,6709.04,0,3239.25
01-Feb-2010,6705.89,6776.9,6667.63,6738.45,0,3229.03
02-Feb-2010,6737.29,6811.71,6699.86,6774.07,0,2772.68
03-Feb-2010,6787.76,6844.95,6759.58,6816.65,0,4741.64
04-Feb-2010,6819.76,6862.36,6772.14,6814.71,0,893.88
05-Feb-2010,6824.18,6880.59,6770.79,6827.18,0,3431.44
08-Feb-2010,6809.02,6964.05,6753.69,6907.92,0,3698.69
09-Feb-2010,6900.91,6958.19,6734.72,6791.09,0,2269.54
10-Feb-2010,6782.35,6852.52,6682.79,6752.65,0,1911.3
11-Feb-2010,6753.77,6841.53,6686.46,6774.02,0,3558.77
12-Feb-2010,6769.26,6835.0,6735.26,6800.84,0,2623.72
15-Feb-2010,6809.96,6851.58,6640.42,6681.25,0,3971.37
16-Feb-2010,6675.24,6688.17,6563.41,6576.15,0,3659.67
17-Feb-2010,6566.55,6589.29,6516.09,6538.73,0,4652.39
18-Feb-2010,6549.5,6609.78,6524.14,6584.28,0,2879.47
19-Feb-2010,6605.17,6639.01,6582.06,6615.86,0,4232.76
22-Feb-2010,6613.23,6623.54,6609.25,6619.56,0,5942.72
23-Feb-2010,6609.34,6704.01,6564.98,6659.31,0,3529.43
24-Feb-2010,6656.44,6750.87,6633.65,6727.84,0,1220.59
25-Feb-2010,6742.46,6812.6,6705.41,6775.37,0,2572.36
26-Feb-2010,6774.03,6946.5,6718.22,6889.74,0,3175.26
01-Mar-2010,6881.07,6961.08,6843.35,6923.14,0,3242.1
02-Mar-2010,6921.13,6946.09,6882.16,6907.06,0,2039.44
03-Mar-2010,6869.01,6935.89,6810.47,6877.28,0,2061.49
04-Mar-2010,6892.86,6897.39,6867.0,6871.51,0,3189.37
05-Mar-2010,6855.53,6907.58,6775.11,6826.95,0,4133.73
08-Mar-2010,6836.25,6869.55,6652.7,6685.27,0,2663.08
09-Mar-2010,6679.07,6788.49,6633.97,6742.96,0,4503.18
10-Mar-2010,6734.66,6784.48,6608.37,6657.61,0,4794.32
11-Mar-2010,6659.48,6725.94,6547.18,6613.17,0,2470.61
12-Mar-2010,6590.45,6671.05,6562.75,6643.13,0,3186.66
15-Mar-2010,6650.21,6731.05,6604.94,6685.53,0,2783.24
16-Mar-2010,6703.33,6826.59,6658.57,6781.3,0,2689.51
17-Mar-2010,6794.84,6891.94,6750.52,6847.28,0,3632.09
18-Mar-2010,6838.61,6891.8,6804.83,6857.94,0,829.88
19-Mar-2010,6851.5,6913.03,6772.58,6833.96,0,5736.28
22-Mar-2010,6838.31,6873.97,6729.1,6764.38,0,2528.64
23-Mar-2010,6758.37,6873.91,6755.04,6870.52,0,1970.53
24-Mar-2010,6877.22,6926.24,6716.96,6765.18,0,2548.16
25-Mar-2010,6752.34,6852.86,6724.97,6825.19,0,1630.68
26-Mar-2010,6841.96,7107.59,6794.92,7059.06,0,3734.18
29-Mar-2010,7041.56,7125.35,6905.86,6989.03,0,1316.07
30-Mar-2010,6991.69,7022.22,6946.93,6977.39,0,3197.94
31-Mar-2010,6994.68,7114.65,6948.46,7067.93,0,1582.81
01-Apr-2010,7070.86,7127.96,6933.02,6989.46,0,4363.91
02-Apr-2010,6976.8,6988.18,6807.29,6818.4,0,3903.27
05-Apr-2010,6818.54,6924.06,6739.21,6844.43,0,2511.92
06-Apr-2010,6823.49,6931.57,6775.15,6882.82,0,3301.89
07-Apr-2010,6866.5,7054.16,6796.19,6982.66,0,2168.24
08-Apr-2010,7020.08,7072.32,6947.25,6999.34,0,2145.0
09-Apr-2010,7026.68,7037.45,7019.86,7030.63,0,3266.49
12-Apr-2010,7055.42,7176.14,6999.34,7119.56,0,3438.65
13-Apr-2010,7114.0,7158.17,7071.75,7115.9,0,6139.98
14-Apr-2010,7108.45,7169.34,7028.52,7089.24,0,1897.72
15-Apr-2010,7089.72,7117.63,7013.1,7040.82,0,2251.02
16-Apr-2010,6994.51,7023.94,6891.39,6920.51,0,2103.94
19-Apr-2010,6925.89,6975.71,6914.9,6964.65,0,3271.64
20-Apr-2010,6956.49,7025.19,6939.06,7007.63,0,2863.76
21-Apr-2010,7005.65,7050.15,6920.05,6964.29,0,4288.94
22-Apr-2010,6967.9,7015.17,6918.17,6965.41,0,2465.79
23-Apr-2010,6967.14,7035.69,6870.73,6939.01,0,2503.14
26-Apr-2010,6952.28,6994.76,6824.75,6866.71,0,5085.28
27-Apr-2010,6861.41,6968.01,6806.78,6912.97,0,2129.91
28-Apr-2010,6922.49,6975.43,6789.04,6841.35,0,5296.87
29-Apr-2010,6847.23,6957.07,6828.26,6937.85,0,4044.03
30-Apr-2010,6926.37,6999.16,6894.09,6966.69,0,4193.06
03-May-2010,6959.4,7128.52,6948.35,7117.22,0,1442.12
04-May-2010,7123.43,7252.12,7093.47,7221.75,0,2208.23
05-May-2010,7228.35,7420.2,7176.52,7367.37,0,3933.9
06-May-2010,7345.42,7377.15,7281.31,7312.9,0,3383.92
07-May-2010,7315.65,7354.21,7219.54,7257.8,0,4039.33
10-May-2010,7279.95,7316.43,7218.68,7255.04,0,4321.03
11-May-2010,7252.49,7289.23,7098.73,7134.88,0,6379.68
12-May-2010,7165.62,7194.67,7104.54,7133.46,0,3370.24
13-May-2010,7142.16,7175.65,7103.73,7137.2,0,2250.61
14-May-2010,7163.01,7292.17,7108.63,7237.23,0,3517.09
17-May-2010,7253.53,7264.22,7209.04,7219.69,0,3428.46
18-May-2010,7210.0,7314.47,7148.49,7252.6,0,1892.55
19-May-2010,7259.71,7347.76,7179.83,7267.8,0,4510.48
20-May-2010,7247.97,7321.28,7162.36,7235.54,0,3179.22
21-May-2010,7249.46,7401.03,7161.12,7311.93,0,3363.04
24-May-2010,7283.85,7296.0,7223.84,7235.9,0,3376.16
25-May-2010,7228.01,7343.73,7202.37,7317.76,0,3057.35
26-May-2010,7341.63,7397.84,7243.75,7299.64,0,1556.95
27-May-2010,7286.03,7315.48,7241.02,7270.41,0,1475.66
28-May-2010,7266.74,7394.6,7205.67,7332.97,0,1932.27
31-May-2010,7335.01,7377.9,7275.37,7318.16,0,2032.23
01-Jun-2010,7333.19,7406.37,7108.02,7179.67,0,1658.25
02-Jun-2010,7156.45,7232.86,6944.47,7019.41,0,2071.36
03-Jun-2010,7023.88,7183.04,6948.37,7106.64,0,2436.55
04-Jun-2010,7092.4,7131.97,7057.14,7096.68,0,3214.66
07-Jun-2010,7115.51,7178.98,6923.14,6985.45,0,9359.15
08-Jun-2010,6977.32,6994.74,6909.69,6926.98,0,7684.27
09-Jun-2010,6949.14,7061.47,6907.05,7018.96,0,4385.32
10-Jun-2010,7006.31,7093.71,6956.05,7043.19,0,4284.38
11-Jun-2010,7052.71,7071.27,7024.41,7042.95,0,3582.7
14-Jun-2010,7046.84,7101.75,7024.69,7079.49,0,5288.74
15-Jun-2010,7079.76,7153.29,6889.81,6962.12,0,2991.6
16-Jun-2010,6972.81,7036.69,6860.53,6923.96,0,3696.11
17-Jun-2010,6919.77,6981.29,6765.22,6825.91,0,2176.9
18-Jun-2010,6832.54,6975.83,6767.46,6910.01,0,5443.16
21-Jun-2010,6899.91,6984.04,6852.28,6936.16,0,5998.22
22-Jun-2010,6925.0,7000.03,6860.26,6935.2,0,2232.3
23-Jun-2010,6930.0,6940.88,6856.87,6867.64,0,2643.31
24-Jun-2010,6872.06,6918.93,6841.35,6888.15,0,2593.24
25-Jun-2010,6883.36,6937.93,6810.97,6865.4,0,4152.15
28-Jun-2010,6863.73,6910.71,6863.49,6910.48,0,2992.33
29-Jun-2010,6891.2,7030.65,6890.06,7029.49,0,1279.22
30-Jun-2010,7033.08,7167.45,6962.38,7096.12,0,3475.95
01-Jul-2010,7076.96,7138.04,7014.08,7075.14,0,2731.49
02-Jul-2010,7073.52,7091.38,6903.2,6920.68,0,3909.81
05-Jul-2010,6937.66,6956.32,6874.46,6893.0,0,2135.86
06-Jul-2010,6911.96,7062.66,6870.1,7020.15,0,2010.66
07-Jul-2010,7025.07,7088.47,6945.15,7008.41,0,7735.39
08-Jul-2010,6990.94,7063.16,6837.52,6908.88,0,1653.18
09-Jul-2010,6916.82,6959.33,6790.43,6832.42,0,2663.36
12-Jul-2010,6828.79,6854.68,6732.1,6757.72,0,3173.22
13-Jul-2010,6763.87,6869.64,6746.91,6852.46,0,1952.25
14-Jul-2010,6831.09,6832.62,6685.21,6686.7,0,4246.83
15-Jul-2010,6709.23,6735.73,6539.81,6565.74,0,2484.72
16-Jul-2010,6561.82,6607.1,6527.58,6572.79,0,2622.11
19-Jul-2010,6593.47,6614.31,6498.81,6519.41,0,2729.65
20-Jul-2010,6524.91,6567.96,6357.08,6399.3,0,1439.16
21-Jul-2010,6399.44,6449.41,6368.2,6418.08,0,3621.71
22-Jul-2010,6448.61,6485.41,6411.76,6448.56,0,8751.01
23-Jul-2010,6451.88,6533.17,6424.95,6506.02,0,5529.33
26-Jul-2010,6502.4,6533.23,6414.29,6444.85,0,2478.14
27-Jul-2010,6452.6,6479.71,6392.4,6419.37,0,2094.2
28-Jul-2010,6414.58,6483.42,6363.41,6432.1,0,6282.01
29-Jul-2010,6428.48,6470.73,6294.22,6335.86,0,5343.05
30-Jul-2010,6319.63,6379.28,6151.8,6210.42,0,2256.27
02-Aug-2010,6196.49,6215.27,6035.64,6053.99,0,2856.09
03-Aug-2010,6065.43,6207.43,6015.65,6156.9,0,3596.54
04-Aug-2010,6174.61,6210.56,6171.24,6207.18,0,3615.58
05-Aug-2010,6226.77,6324.81,6160.65,6258.36,0,2016.92
06-Aug-2010,6276.0,6299.15,6263.8,6286.93,0,5336.09
09-Aug-2010,6296.06,6348.5,6246.78,6299.2,0,2702.03
10-Aug-2010,6293.45,6334.52,6221.99,6262.86,0,5105.04
11-Aug-2010,6262.13,6292.36,6177.72,6207.68,0,4855.78
12-Aug-2010,6216.4,6246.56,6156.79,6186.8,0,4305.03
13-Aug-2010,6176.51,6239.46,6104.25,6167.11,0,1573.6
16-Aug-2010,6168.28,6176.36,6163.33,6171.41,0,2111.25
17-Aug-2010,6157.04,6172.4,6083.05,6098.27,0,3668.78
18-Aug-2010,6114.8,6136.07,6102.84,6124.09,0,4577.36
19-Aug-2010,6113.62,6265.8,6053.67,6204.95,0,3716.73
20-Aug-2010,6208.33,6346.14,6199.15,6336.78,0,1633.43
23-Aug-2010,6319.2,6350.91,6270.3,6301.92,0,1949.54
24-Aug-2010,6284.76,6469.74,6230.33,6414.19,0,1192.48
25-Aug-2010,6425.41,6476.11,6318.46,6368.71,0,5033.73
26-Aug-2010,6359.1,6387.11,6280.53,6308.32,0,3169.1
27-Aug-2010,6307.78,6308.7,6195.9,6196.81,0,3404.63
30-Aug-2010,6173.95,6243.92,6119.44,6189.26,0,4987.52
31-Aug-2010,6196.15,6211.01,6158.85,6173.66,0,2084.16
01-Sep-2010,6205.42,6236.57,6075.3,6105.96,0,2029.21
02-Sep-2010,6104.61,6228.52,6063.76,6187.12,0,1688.8
03-Sep-2010,6195.36,6299.99,6147.29,6251.48,0,1983.54
06-Sep-2010,6272.52,6296.81,6209.99,6234.13,0,3387.38
07-Sep-2010,6219.99,6350.16,6175.02,6304.57,0,2467.04
08-Sep-2010,6305.9,6357.32,6174.03,6224.79,0,4135.14
09-Sep-2010,6222.31,6306.13,6196.48,6280.06,0,1922.84
10-Sep-2010,6269.73,6426.42,6236.01,6392.04,0,2646.53
13-Sep-2010,6414.84,6473.27,6298.33,6356.23,0,3631.82
14-Sep-2010,6345.82,6460.73,6290.66,6405.05,0,3395.83
15-Sep-2010,6394.54,6421.76,6267.35,6294.15,0,1826.68
16-Sep-2010,6310.22,6398.13,6073.71,6159.53,0,2747.36
17-Sep-2010,6167.47,6221.16,6125.52,6179.12,0,2862.07
20-Sep-2010,6158.23,6316.92,6108.96,6266.78,0,3329.63
21-Sep-2010,6243.96,6305.23,6207.18,6268.31,0,2435.06
22-Sep-2010,6263.75,6310.96,6168.46,6215.31,0,3819.7
23-Sep-2010,6206.98,6239.56,6168.95,6201.49,0,2890.65
24-Sep-2010,6208.43,6337.56,6154.69,6283.18,0,2298.16
27-Sep-2010,6283.13,6335.98,6238.39,6291.17,0,2465.41
28-Sep-2010,6290.42,6307.22,6277.19,6293.99,0,4872.81
29-Sep-2010,6289.31,6315.72,6270.32,6296.7,0,4189.47
30-Sep-2010,6281.14,6299.75,6251.52,6270.1,0,2049.1
01-Oct-2010,6292.21,6307.73,6222.63,6238.02,0,3310.34
04-Oct-2010,6239.91,6264.73,6184.17,6208.86,0,3290.03
05-Oct-2010,6202.98,6246.6,6115.98,6159.3,0,3443.06
06-Oct-2010,6159.94,6190.76,6142.6,6173.38,0,2517.85
07-Oct-2010,6160.25,6212.08,6159.33,6211.16,0,2301.9
08-Oct-2010,6216.76,6298.51,6204.02,6285.63,0,2979.08
11-Oct-2010,6277.83,6368.88,6231.01,6321.74,0,3784.73
12-Oct-2010,6340.01,6393.37,6307.35,6360.6,0,2153.45
13-Oct-2010,6359.71,6421.48,6322.9,6384.54,0,2333.11
14-Oct-2010,6375.7,6508.31,6324.6,6456.56,0,3408.29
15-Oct-2010,6439.81,6493.92,6295.88,6349.23,0,2794.2
18-Oct-2010,6322.05,6396.06,6282.08,6355.87,0,3623.3
19-Oct-2010,6369.71,6442.58,6333.63,6406.29,0,3338.25
20-Oct-2010,6393.52,6416.57,6372.16,6395.2,0,5826.52
21-Oct-2010,6378.02,6545.69,6313.38,6480.01,0,5181.93
22-Oct-2010,6482.64,6600.03,6442.11,6559.01,0,4034.78
25-Oct-2010,6564.73,6684.32,6548.35,6667.69,0,2469.65
26-Oct-2010,6655.93,6692.38,6625.7,6662.12,0,1490.66
27-Oct-2010,6639.62,6762.31,6572.3,6694.44,0,2830.49
28-Oct-2010,6688.06,6773.88,6554.38,6639.58,0,2836.98
29-Oct-2010,6663.32,6690.93,6619.84,6647.39,0,2754.98
01-Nov-2010,6653.56,6689.6,6551.11,6586.78,0,3566.2
02-Nov-2010,6570.2,6656.05,6504.86,6590.51,0,1409.15
03-Nov-2010,6584.31,6675.26,6542.09,6632.73,0,4781.0
04-Nov-2010,6645.54,6804.49,6599.02,6757.19,0,2883.17
05-Nov-2010,6767.26,6897.51,6721.34,6851.03,0,4288.43
08-Nov-2010,6842.87,6883.94,6748.77,6789.52,0,2427.02
09-Nov-2010,6783.6,6849.88,6729.66,6795.84,0,1097.33
10-Nov-2010,6794.52,6825.34,6775.67,6806.46,0,2748.13
11-Nov-2010,6817.29,6823.45,6733.55,6739.64,0,2002.13
12-Nov-2010,6710.04,6855.46,6687.91,6832.93,0,3700.75
15-Nov-2010,6851.13,6890.05,6783.53,6822.29,0,3480.77
16-Nov-2010,6832.34,6851.63,6672.25,6691.14,0,9461.63
17-Nov-2010,6686.66,6767.13,6629.88,6710.15,0,2436.83
18-Nov-2010,6712.69,6762.12,6605.47,6654.47,0,2758.09
19-Nov-2010,6661.78,6688.87,6610.43,6637.42,0,3628.56
22-Nov-2010,6642.0,6675.74,6512.76,6546.0,0,4640.69
23-Nov-2010,6542.12,6587.4,6442.02,6486.92,0,3079.58
24-Nov-2010,6514.11,6549.84,6418.48,6453.88,0,1976.72
25-Nov-2010,6463.05,6535.02,6412.77,6484.57,0,3079.81
26-Nov-2010,6459.01,6599.16,6415.71,6555.22,0,3538.22
29-Nov-2010,6547.79,6561.72,6392.74,6406.37,0,1763.63
30-Nov-2010,6400.48,6540.02,6339.4,6478.19,0,2858.4
01-Dec-2010,6479.73,6623.59,6434.23,6577.4,0,4930.07
02-Dec-2010,6576.66,6630.58,6531.4,6585.26,0,2328.33
03-Dec-2010,6577.54,6766.28,6530.35,6718.07,0,2384.35
06-Dec-2010,6709.52,6774.21,6651.68,6716.32,0,3812.79
07-Dec-2010,6700.14,6808.8,6657.56,6765.81,0,4275.56
08-Dec-2010,6766.42,6788.02,6697.27,6718.72,0,1961.28
09-Dec-2010,6693.91,6761.74,6611.07,6678.75,0,2246.46
10-Dec-2010,6691.64,6842.72,6670.18,6820.84,0,3261.58
13-Dec-2010,6804.69,6993.24,6783.76,6971.79,0,5149.15
14-Dec-2010,6970.8,7106.61,6902.36,7037.52,0,4277.16
15-Dec-2010,7040.66,7081.26,6971.43,7011.86,0,5352.33
16-Dec-2010,7019.35,7069.71,6941.34,6991.5,0,3415.84
17-Dec-2010,6963.75,7011.04,6796.83,6843.3,0,2445.81
20-Dec-2010,6813.29,6908.2,6795.61,6890.32,0,3806.53
21-Dec-2010,6906.49,6947.79,6833.02,6874.13,0,4675.54
22-Dec-2010,6879.28,6926.07,6757.84,6804.12,0,2718.05
23-Dec-2010,6791.21,6890.11,6757.72,6856.3,0,2893.46
24-Dec-2010,6866.73,6934.13,6808.68,6876.0,0,4676.03
27-Dec-2010,6891.51,6941.29,6767.07,6816.31,0,2474.18
28-Dec-2010,6801.53,6898.99,6753.8,6850.92,0,3382.68
29-Dec-2010,6869.41,6947.03,6832.53,6909.93,0,4672.24
30-Dec-2010,6902.97,6925.62,6858.54,6881.12,0,8065.56
31-Dec-2010,6874.66,6910.73,6745.62,6781.2,0,1720.51
03-Jan-2011,6757.01,6818.75,6706.25,6767.92,0,3199.57
04-Jan-2011,6779.39,6805.15,6734.23,6759.91,0,5092.03
05-Jan-2011,6762.24,6869.61,6691.23,6798.22,0,4366.34
06-Jan-2011,6802.92,6852.51,6686.65,6735.76,0,3950.48
07-Jan-2011,6737.11,6757.23,6665.21,6685.17,0,1886.95
10-Jan-2011,6674.64,6832.38,6650.52,6807.78,0,2297.28
11-Jan-2011,6796.15,6842.01,6646.06,6691.2,0,2010.1
12-Jan-2011,6705.99,6776.82,6607.47,6678.02,0,2142.18
13-Jan-2011,6644.9,6726.25,6598.24,6679.34,0,2593.1
14-Jan-2011,6665.47,6769.1,6609.18,6712.42,0,2314.37
17-Jan-2011,6726.28,6809.59,6677.06,6760.13,0,2505.06
18-Jan-2011,6748.95,6780.7,6591.8,6622.95,0,2914.17
19-Jan-2011,6610.35,6640.87,6586.93,6617.43,0,1500.14
20-Jan-2011,6606.99,6782.38,6549.88,6724.25,0,4924.62
21-Jan-2011,6711.4,6841.97,6677.98,6808.07,0,3417.58
24-Jan-2011,6812.68,6876.69,6754.13,6818.09,0,3032.21
25-Jan-2011,6845.37,6877.86,6549.44,6580.67,0,1365.74
26-Jan-2011,6568.12,6704.18,6512.19,6647.57,0,1803.04
27-Jan-2011,6662.07,6715.43,6626.92,6680.18,0,5151.59
28-Jan-2011,6679.52,6688.34,6587.69,6596.4,0,4807.59
31-Jan-2011,6589.59,6654.91,6562.46,6627.61,0,3738.32
01-Feb-2011,6622.7,6690.79,6552.33,6620.4,0,2709.91
02-Feb-2011,6605.9,6699.23,6505.78,6599.02,0,1701.31
03-Feb-2011,6610.63,6661.34,6562.58,6613.28,0,3551.61
04-Feb-2011,6612.73,6640.68,6570.37,6598.26,0,3892.08
07-Feb-2011,6609.21,6621.67,6585.59,6598.03,0,2681.51
08-Feb-2011,6594.42,6626.45,6541.45,6573.38,0,2683.69
09-Feb-2011,6575.68,6616.74,6466.03,6506.66,0,3498.96
10-Feb-2011,6506.75,6594.04,6462.06,6549.06,0,6445.01
11-Feb-2011,6557.45,6584.68,6528.15,6555.37,0,2319.67
14-Feb-2011,6565.43,6672.43,6523.92,6630.51,0,1840.08
15-Feb-2011,6630.06,6690.8,6600.18,6660.78,0,1597.55
16-Feb-2011,6669.62,6722.84,6483.39,6535.54,0,4148.63
17-Feb-2011,6536.27,6653.5,6508.91,6625.77,0,2241.37
18-Feb-2011,6643.68,6669.57,6496.29,6521.7,0,1327.06
21-Feb-2011,6526.19,6567.84,6475.02,6516.61,0,4334.14
22-Feb-2011,6522.18,6552.59,6427.42,6457.52,0,2671.95
23-Feb-2011,6457.48,6552.79,6401.73,6496.7,0,4137.82
24-Feb-2011,6505.66,6611.07,6475.32,6580.37,0,3975.45
25-Feb-2011,6559.32,6715.53,6519.59,6675.1,0,2141.22
28-Feb-2011,6686.41,6739.98,6658.74,6712.2,0,3425.55
01-Mar-2011,6708.93,6770.58,6626.78,6688.23,0,2245.5
02-Mar-2011,6694.0,6757.45,6633.34,6696.77,0,3247.88
03-Mar-2011,6696.45,6719.9,6672.06,6695.51,0,3665.08
04-Mar-2011,6703.05,6810.6,6673.11,6780.31,0,2664.67
07-Mar-2011,6780.65,6832.63,6673.61,6725.17,0,1863.8
08-Mar-2011,6724.21,6742.03,6631.39,6649.02,0,5176.15
09-Mar-2011,6653.73,6711.87,6627.01,6685.02,0,3801.59
10-Mar-2011,6692.77,6765.88,6543.33,6615.6,0,2594.26
11-Mar-2011,6622.05,6725.98,6588.97,6692.54,0,4918.94
14-Mar-2011,6711.53,6767.17,6535.56,6590.2,0,2497.34
15-Mar-2011,6576.09,6655.8,6556.97,6636.51,0,3417.12
16-Mar-2011,6619.04,6681.26,6506.55,6568.29,0,3354.96
17-Mar-2011,6578.77,6609.67,6553.24,6584.12,0,8071.94
18-Mar-2011,6588.03,6703.43,6540.33,6655.24,0,2332.11
21-Mar-2011,6663.03,6720.52,6527.96,6584.77,0,3955.04
22-Mar-2011,6550.47,6730.66,6499.39,6678.57,0,1824.63
23-Mar-2011,6677.47,6711.88,6620.75,6655.05,0,4294.65
24-Mar-2011,6662.72,6736.81,6553.08,6626.76,0,2402.08
25-Mar-2011,6600.11,6710.83,6570.12,6680.47,0,2984.5
28-Mar-2011,6701.28,6711.97,6535.54,6545.99,0,2805.51
29-Mar-2011,6566.34,6631.73,6448.05,6512.91,0,1543.75
30-Mar-2011,6507.17,6566.5,6334.11,6392.4,0,5120.89
31-Mar-2011,6395.91,6520.12,6365.88,6489.65,0,1985.03
01-Apr-2011,6487.81,6537.79,6312.14,6361.14,0,2175.32
04-Apr-2011,6361.2,6407.87,6358.41,6405.06,0,965.81
05-Apr-2011,6410.93,6453.75,6345.86,6388.53,0,3211.21
06-Apr-2011,6400.19,6444.16,6301.28,6344.88,0,2337.2
07-Apr-2011,6327.53,6359.19,6279.61,6311.2,0,2637.68
08-Apr-2011,6321.45,6367.48,6179.57,6224.89,0,2697.82
11-Apr-2011,6231.58,6258.85,6079.61,6106.34,0,3228.3
12-Apr-2011,6119.07,6179.81,5998.98,6059.12,0,3279.56
13-Apr-2011,6046.34,6092.91,5995.97,6042.52,0,2780.47
14-Apr-2011,6045.34,6087.78,6007.71,6050.12,0,8306.71
15-Apr-2011,6041.56,6083.59,5902.07,5943.43,0,3780.82
18-Apr-2011,5915.92,5950.24,5820.68,5854.65,0,4382.51
19-Apr-2011,5858.48,5911.44,5768.73,5821.36,0,4350.38
20-Apr-2011,5824.03,5858.03,5781.73,5815.68,0,2347.45
21-Apr-2011,5822.68,5860.19,5767.33,5804.73,0,2945.91
22-Apr-2011,5795.58,5801.07,5758.17,5763.63,0,1805.74
25-Apr-2011,5776.8,5793.07,5741.58,5757.79,0,3142.19
26-Apr-2011,5750.33,5764.53,5633.58,5647.53,0,3032.89
27-Apr-2011,5637.08,5702.51,5564.25,5629.6,0,4139.11
28-Apr-2011,5631.16,5682.77,5613.86,5665.37,0,4931.07
29-Apr-2011,5668.39,5680.72,5585.81,5597.98,0,3459.44
02-May-2011,5609.69,5652.4,5566.91,5609.63,0,3120.82
03-May-2011,5618.59,5675.62,5528.38,5585.08,0,4040.52
04-May-2011,5597.38,5630.07,5522.36,5554.81,0,1408.97
05-May-2011,5548.1,5609.1,5509.45,5570.29,0,3575.52
06-May-2011,5565.43,5598.99,5477.79,5511.02,0,1533.35
09-May-2011,5493.83,5636.99,5453.8,5596.22,0,4935.57
10-May-2011,5591.02,5612.21,5546.95,5568.05,0,2967.45
11-May-2011,5576.91,5678.21,5540.17,5641.05,0,2752.46
12-May-2011,5637.43,5651.59,5538.22,5552.17,0,3968.26
13-May-2011,5542.92,5666.25,5499.98,5622.7,0,2180.67
16-May-2011,5613.61,5766.82,5560.52,5712.8,0,4336.07
17-May-2011,5718.72,5774.06,5609.34,5664.15,0,4076.82
18-May-2011,5670.36,5721.38,5561.91,5612.41,0,4160.57
19-May-2011,5610.96,5679.02,5603.11,5671.09,0,4576.37
20-May-2011,5672.72,5694.46,5611.49,5633.08,0,3108.08
23-May-2011,5634.6,5660.27,5612.46,5638.13,0,2896.01
24-May-2011,5635.99,5773.75,5595.22,5732.29,0,3189.38
25-May-2011,5714.11,5766.66,5692.33,5744.76,0,4005.8
26-May-2011,5754.59,5847.01,5708.93,5800.99,0,2624.05
27-May-2011,5782.33,5935.17,5745.95,5898.05,0,3070.74
30-May-2011,5903.57,5967.1,5849.98,5913.42,0,2053.55
31-May-2011,5915.11,6067.19,5846.49,5997.62,0,3089.29
01-Jun-2011,6008.26,6033.1,5958.78,5983.51,0,3027.52
02-Jun-2011,5982.16,6024.45,5923.75,5965.92,0,5953.67
03-Jun-2011,5956.05,5995.72,5905.25,5944.84,0,2091.03
06-Jun-2011,5942.22,6026.5,5905.71,5989.7,0,2088.31
07-Jun-2011,5987.27,6045.78,5949.75,6008.13,0,1985.67
08-Jun-2011,6009.83,6048.42,5941.96,5980.37,0,2344.13
09-Jun-2011,5988.96,6034.36,5955.1,6000.44,0,1145.22
10-Jun-2011,5986.53,6019.8,5960.11,5993.34,0,2057.68
13-Jun-2011,6010.49,6029.41,5992.79,6011.7,0,2677.39
14-Jun-2011,6027.87,6047.86,5998.25,6018.2,0,2346.07
15-Jun-2011,6010.44,6019.16,5951.94,5960.59,0,3751.36
16-Jun-2011,5976.66,6043.46,5934.59,6001.22,0,2776.23
17-Jun-2011,5966.55,6033.63,5906.55,5973.56,0,2997.58
20-Jun-2011,5967.26,6161.2,5926.67,6119.58,0,2769.58
21-Jun-2011,6131.42,6335.56,6093.54,6296.66,0,2791.4
22-Jun-2011,6292.58,6303.39,6281.55,6292.36,0,2599.53
23-Jun-2011,6296.08,6335.93,6227.92,6267.59,0,2089.51
24-Jun-2011,6268.75,6292.13,6078.84,6101.6,0,3354.38
27-Jun-2011,6118.11,6145.25,5979.28,6005.93,0,3876.0
28-Jun-2011,6005.98,6043.76,5894.13,5931.44,0,2494.94
29-Jun-2011,5940.89,5993.73,5797.66,5849.69,0,4343.17
30-Jun-2011,5827.1,5854.8,5739.23,5766.64,0,4185.55
01-Jul-2011,5757.63,5836.11,5716.12,5794.34,0,4843.92
04-Jul-2011,5786.11,5876.39,5759.54,5849.53,0,5263.5
05-Jul-2011,5833.98,5955.23,5782.97,5903.62,0,2930.07
06-Jul-2011,5904.49,5912.67,5884.11,5892.27,0,4838.44
07-Jul-2011,5905.18,5953.99,5722.8,5770.5,0,4889.27
08-Jul-2011,5758.4,5792.89,5711.46,5745.88,0,1935.26
11-Jul-2011,5761.78,5766.94,5659.34,5664.42,0,3849.34
12-Jul-2011,5680.6,5742.32,5662.64,5724.23,0,2249.84
13-Jul-2011,5735.97,5815.75,5663.49,5743.18,0,2526.26
14-Jul-2011,5749.4,5792.91,5659.32,5702.47,0,2369.48
15-Jul-2011,5735.39,5798.56,5565.65,5627.63,0,1587.21
18-Jul-2011,5606.06,5715.97,5585.95,5695.54,0,2225.32
19-Jul-2011,5686.3,5808.45,5646.77,5768.35,0,3194.32
20-Jul-2011,5753.55,5890.68,5715.32,5851.8,0,2877.8
21-Jul-2011,5866.38,5914.63,5733.59,5781.13,0,3306.24
22-Jul-2011,5788.68,5808.61,5693.28,5712.95,0,3655.33
25-Jul-2011,5710.29,5776.28,5701.36,5767.27,0,4106.58
26-Jul-2011,5760.62,5818.43,5735.25,5792.92,0,2754.42
27-Jul-2011,5785.89,5872.39,5734.03,5820.22,0,4016.7
28-Jul-2011,5822.89,5881.12,5784.7,5842.8,0,3824.46
29-Jul-2011,5832.69,5916.2,5794.24,5877.45,0,2382.64
01-Aug-2011,5874.95,5969.79,5847.8,5942.32,0,2426.03
02-Aug-2011,5952.35,5977.55,5934.2,5959.38,0,3512.42
03-Aug-2011,5963.93,6003.06,5894.21,5933.13,0,4683.15
04-Aug-2011,5943.45,6039.13,5918.62,6014.01,0,2674.51
05-Aug-2011,6009.07,6036.1,5916.04,5942.78,0,2700.39
08-Aug-2011,5956.52,6010.83,5866.41,5920.39,0,2357.64
09-Aug-2011,5907.64,6004.66,5872.75,5969.41,0,3578.6
10-Aug-2011,5981.55,6013.4,5898.09,5929.67,0,3135.74
11-Aug-2011,5937.71,6029.32,5908.59,5999.9,0,4545.2
12-Aug-2011,5982.97,6006.43,5920.49,5943.8,0,2640.04
15-Aug-2011,5946.19,5957.15,5934.59,5945.55,0,3360.19
16-Aug-2011,5945.43,6078.86,5910.43,6043.28,0,6514.02
17-Aug-2011,6036.65,6106.19,5993.95,6063.31,0,4210.4
18-Aug-2011,6080.48,6098.5,6028.97,6046.89,0,2402.78
19-Aug-2011,6026.44,6172.09,5982.6,6127.52,0,4040.56
22-Aug-2011,6114.99,6163.16,6106.8,6154.91,0,2797.15
23-Aug-2011,6148.86,6217.61,6096.04,6164.65,0,2080.05
24-Aug-2011,6135.45,6206.43,6077.56,6148.42,0,9542.82
25-Aug-2011,6146.37,6222.6,6029.88,6105.6,0,5840.59
26-Aug-2011,6099.47,6126.9,6074.77,6102.19,0,2873.1
29-Aug-2011,6108.24,6235.13,6031.81,6158.08,0,1443.84
30-Aug-2011,6163.12,6201.93,6022.17,6060.34,0,2691.83
31-Aug-2011,6050.08,6091.25,5985.26,6026.27,0,2494.54
01-Sep-2011,6028.18,6114.72,5974.92,6061.17,0,3542.8
02-Sep-2011,6084.56,6160.12,6029.27,6104.65,0,3691.13
05-Sep-2011,6113.95,6160.01,6019.89,6065.58,0,3270.28
06-Sep-2011,6049.05,6058.69,6011.46,6021.05,0,3001.37
07-Sep-2011,6050.73,6127.1,5964.62,6040.86,0,2439.81
08-Sep-2011,6044.5,6072.46,5932.54,5960.1,0,4197.09
09-Sep-2011,5962.88,6078.65,5918.18,6033.42,0,3361.19
12-Sep-2011,6038.9,6070.62,6008.8,6040.52,0,2413.55
13-Sep-2011,6032.37,6065.42,5947.81,5980.58,0,3728.6
14-Sep-2011,5997.68,6023.82,5856.71,5882.35,0,6963.24
15-Sep-2011,5885.28,5970.38,5833.84,5918.64,0,2524.24
16-Sep-2011,5925.09,6036.36,5895.99,6006.85,0,2091.37
19-Sep-2011,6006.7,6061.0,5981.14,6035.32,0,1974.14
20-Sep-2011,6030.36,6135.47,5967.06,6071.74,0,2902.03
21-Sep-2011,6074.78,6146.35,6035.32,6106.68,0,1974.2
22-Sep-2011,6101.72,6123.0,6089.49,6110.75,0,3587.78
23-Sep-2011,6099.73,6167.54,5952.93,6019.85,0,3732.8
26-Sep-2011,6035.35,6087.67,5943.17,5995.14,0,4923.26
27-Sep-2011,6006.06,6027.2,5875.41,5896.17,0,2610.85
28-Sep-2011,5894.04,5940.13,5731.93,5777.1,0,3454.72
29-Sep-2011,5783.2,5834.81,5749.88,5801.38,0,3710.03
30-Sep-2011,5780.66,5898.16,5690.14,5807.22,0,4855.57
03-Oct-2011,5811.82,5893.49,5741.94,5823.46,0,5222.63
04-Oct-2011,5803.75,5829.46,5677.0,5702.26,0,4327.57
05-Oct-2011,5716.87,5742.68,5592.71,5618.07,0,2782.61
06-Oct-2011,5605.9,5717.6,5551.58,5662.73,0,2731.32
07-Oct-2011,5661.78,5685.85,5606.8,5630.73,0,2191.59
10-Oct-2011,5604.74,5700.26,5595.43,5690.8,0,2013.42
11-Oct-2011,5704.04,5709.94,5632.99,5638.83,0,7099.22
12-Oct-2011,5645.58,5749.75,5598.88,5702.58,0,3133.98
13-Oct-2011,5708.18,5754.24,5646.8,5692.74,0,3526.48
14-Oct-2011,5681.63,5747.2,5679.04,5744.59,0,6804.08
17-Oct-2011,5758.78,5807.05,5670.57,5718.5,0,4232.6
18-Oct-2011,5720.4,5755.93,5654.7,5690.03,0,2813.65
19-Oct-2011,5691.0,5754.11,5658.28,5721.22,0,5234.24
20-Oct-2011,5710.5,5789.98,5649.22,5728.51,0,3614.3
21-Oct-2011,5724.17,5734.87,5686.86,5697.5,0,4894.72
24-Oct-2011,5698.17,5751.24,5671.38,5724.33,0,2281.02
25-Oct-2011,5732.98,5774.64,5607.92,5648.97,0,3925.76
26-Oct-2011,5653.33,5688.69,5603.73,5639.01,0,3674.37
27-Oct-2011,5647.85,5686.51,5624.14,5662.74,0,3400.87
28-Oct-2011,5660.29,5724.16,5654.63,5718.44,0,4167.29
31-Oct-2011,5705.56,5819.36,5629.71,5743.01,0,3417.54
01-Nov-2011,5752.52,5786.37,5671.45,5705.01,0,1990.71
02-Nov-2011,5694.26,5725.13,5620.23,5650.86,0,3618.47
03-Nov-2011,5666.95,5677.36,5485.56,5495.66,0,4880.58
04-Nov-2011,5504.19,5595.86,5435.97,5527.35,0,1505.36
07-Nov-2011,5524.28,5626.52,5498.26,5600.14,0,1637.75
08-Nov-2011,5600.15,5648.89,5552.76,5601.48,0,2292.82
09-Nov-2011,5594.21,5642.89,5496.02,5544.26,0,2070.1
10-Nov-2011,5538.91,5550.44,5521.87,5533.39,0,4696.47
11-Nov-2011,5524.7,5642.91,5468.03,5585.62,0,1871.23
14-Nov-2011,5602.29,5725.18,5530.1,5652.34,0,3938.66
15-Nov-2011,5666.69,5727.95,5634.56,5695.66,0,2425.28
16-Nov-2011,5681.9,5702.18,5654.94,5675.2,0,2060.49
17-Nov-2011,5683.12,5725.53,5662.91,5705.24,0,2826.41
18-Nov-2011,5698.37,5718.61,5683.93,5704.15,0,4182.67
21-Nov-2011,5688.36,5801.9,5645.86,5758.86,0,1766.36
22-Nov-2011,5775.45,5812.84,5666.97,5703.89,0,5915.15
23-Nov-2011,5687.75,5767.66,5666.36,5746.06,0,1169.8
24-Nov-2011,5761.5,5790.12,5686.37,5714.75,0,2526.22
25-Nov-2011,5709.05,5795.07,5662.92,5748.62,0,4977.18
28-Nov-2011,5759.49,5775.66,5737.71,5753.87,0,3252.06
29-Nov-2011,5761.91,5818.59,5730.23,5786.77,0,3786.82
30-Nov-2011,5786.98,5886.02,5766.71,5865.47,0,2763.93
01-Dec-2011,5861.07,5884.41,5836.48,5859.81,0,3738.66
02-Dec-2011,5852.7,6014.37,5800.93,5961.63,0,4702.03
05-Dec-2011,5958.52,6016.36,5814.61,5871.6,0,5203.65
06-Dec-2011,5864.92,5916.57,5838.43,5889.97,0,3596.45
07-Dec-2011,5869.89,5882.21,5856.37,5868.68,0,2281.33
08-Dec-2011,5871.57,6032.57,5819.91,5979.95,0,4207.48
09-Dec-2011,5975.08,5992.74,5930.76,5948.33,0,3227.7
12-Dec-2011,5934.04,6040.2,5913.41,6019.28,0,4018.54
13-Dec-2011,6025.73,6155.08,5990.91,6119.72,0,3531.09
14-Dec-2011,6123.24,6236.38,6068.56,6181.18,0,2449.46
15-Dec-2011,6165.89,6214.75,6150.73,6199.51,0,3368.32
16-Dec-2011,6199.73,6316.78,6159.51,6276.07,0,3723.45
19-Dec-2011,6288.81,6302.06,6199.67,6212.77,0,2563.14
20-Dec-2011,6206.03,6320.38,6162.51,6276.37,0,1810.86
21-Dec-2011,6250.86,6395.0,6199.19,6342.58,0,1405.87
22-Dec-2011,6354.32,6406.71,6224.78,6276.53,0,7065.79
23-Dec-2011,6283.49,6317.18,6202.44,6235.87,0,2599.36
26-Dec-2011,6233.25,6276.35,6197.41,6240.46,0,2317.19
27-Dec-2011,6242.67,6289.84,6100.3,6146.75,0,6956.17
28-Dec-2011,6140.19,6179.07,6068.61,6107.28,0,5552.15
29-Dec-2011,6102.74,6152.84,6022.59,6072.45,0,2467.08
30-Dec-2011,6073.68,6151.9,5930.27,6007.64,0,2450.7
02-Jan-2012,6020.41,6121.45,5971.5,6072.12,0,4856.58
03-Jan-2012,6083.66,6197.0,6068.04,6181.14,0,2760.54
04-Jan-2012,6181.1,6223.32,6132.75,6174.93,0,3612.21
05-Jan-2012,6190.15,6214.5,6162.19,6186.52,0,7732.51
06-Jan-2012,6190.44,6214.68,6153.98,6178.17,0,4320.19
09-Jan-2012,6182.81,6189.82,6120.59,6127.54,0,3200.44
10-Jan-2012,6137.23,6144.21,6111.81,6118.77,0,5312.51
11-Jan-2012,6120.54,6153.73,6092.68,6125.84,0,2809.74
12-Jan-2012,6132.47,6196.35,5981.72,6044.7,0,2600.04
13-Jan-2012,6039.58,6093.1,5949.28,6002.46,0,2675.83
16-Jan-2012,5988.57,6082.29,5982.41,6076.03,0,2838.54
17-Jan-2012,6084.18,6118.2,6073.98,6107.96,0,1958.25
18-Jan-2012,6091.74,6271.05,6039.21,6217.43,0,3388.91
19-Jan-2012,6212.74,6274.76,6133.54,6195.39,0,4495.35
20-Jan-2012,6203.03,6254.54,6195.07,6246.53,0,4291.42
23-Jan-2012,6238.79,6298.31,6221.51,6280.92,0,1858.68
24-Jan-2012,6288.67,6328.02,6171.16,6210.0,0,4296.7
25-Jan-2012,6203.67,6247.14,6135.89,6179.19,0,2604.07
26-Jan-2012,6199.58,6216.15,6160.86,6177.36,0,3543.72
27-Jan-2012,6175.36,6222.14,6073.96,6120.32,0,2356.89
30-Jan-2012,6117.23,6168.49,6095.32,6146.48,0,6798.96
31-Jan-2012,6136.5,6255.21,6113.3,6231.65,0,3620.97
01-Feb-2012,6245.08,6366.17,6224.45,6345.21,0,2690.9
02-Feb-2012,6334.79,6444.93,6277.62,6387.3,0,2154.63
03-Feb-2012,6391.29,6421.05,6347.48,6377.16,0,2968.49
06-Feb-2012,6379.33,6546.0,6319.67,6485.35,0,4585.48
07-Feb-2012,6482.08,6570.33,6471.51,6559.63,0,3958.22
08-Feb-2012,6579.47,6617.62,6519.44,6557.46,0,2999.42
09-Feb-2012,6545.7,6599.38,6479.0,6532.57,0,2275.37
10-Feb-2012,6545.5,6689.14,6493.08,6635.99,0,5502.59
13-Feb-2012,6639.74,6782.29,6595.41,6737.3,0,2406.37
14-Feb-2012,6700.24,6835.38,6677.68,6812.44,0,3837.18
15-Feb-2012,6786.05,6897.92,6693.67,6805.28,0,3255.9
16-Feb-2012,6810.37,6859.72,6714.7,6763.71,0,2203.57
17-Feb-2012,6790.76,6812.77,6692.24,6714.0,0,3838.47
20-Feb-2012,6695.57,6799.24,6643.95,6747.22,0,3059.22
21-Feb-2012,6730.62,6839.04,6698.1,6806.15,0,4807.84
22-Feb-2012,6799.31,6853.37,6606.6,6659.55,0,2858.29
23-Feb-2012,6659.72,6790.98,6554.93,6685.78,0,1459.93
24-Feb-2012,6659.99,6754.59,6611.29,6705.55,0,1742.32
27-Feb-2012,6704.79,6778.2,6592.69,6665.67,0,1069.66
28-Feb-2012,6654.82,6723.88,6590.06,6659.08,0,2405.84
29-Feb-2012,6678.03,6693.04,6568.64,6583.43,0,2291.46
01-Mar-2012,6566.11,6595.78,6508.72,6538.26,0,2909.27
02-Mar-2012,6521.86,6628.28,6498.08,6604.21,0,4766.62
05-Mar-2012,6590.74,6632.78,6546.59,6588.62,0,2052.32
06-Mar-2012,6589.65,6657.15,6526.04,6593.5,0,3636.35
07-Mar-2012,6570.1,6707.72,6550.74,6688.01,0,1474.13
08-Mar-2012,6708.89,6755.12,6639.66,6685.73,0,2768.72
09-Mar-2012,6677.52,6707.85,6606.96,6637.11,0,5235.95
12-Mar-2012,6630.48,6688.37,6605.28,6663.04,0,2764.01
13-Mar-2012,6665.85,6832.71,6610.32,6776.25,0,2197.36
14-Mar-2012,6777.43,6820.38,6771.47,6814.38,0,2689.36
15-Mar-2012,6814.24,6876.76,6557.62,6618.35,0,1852.01
16-Mar-2012,6607.53,6665.11,6534.1,6591.53,0,5942.12
19-Mar-2012,6577.36,6661.28,6532.46,6616.1,0,3242.33
20-Mar-2012,6615.48,6652.24,6516.78,6553.19,0,2268.41
21-Mar-2012,6553.95,6599.26,6456.93,6501.88,0,1774.95
22-Mar-2012,6507.33,6577.76,6471.21,6541.45,0,4627.27
23-Mar-2012,6548.77,6587.47,6484.21,6522.76,0,3277.31
26-Mar-2012,6524.27,6567.18,6444.79,6487.46,0,1626.88
27-Mar-2012,6473.96,6504.36,6414.36,6444.63,0,5646.16
28-Mar-2012,6448.2,6518.56,6385.8,6456.08,0,1630.5
29-Mar-2012,6460.88,6562.59,6393.04,6494.4,0,3346.41
30-Mar-2012,6517.12,6531.93,6422.2,6436.83,0,2901.42
02-Apr-2012,6427.22,6462.13,6334.62,6369.22,0,2284.18
03-Apr-2012,6377.99,6434.09,6276.49,6332.19,0,2165.22
04-Apr-2012,6328.62,6576.33,6288.19,6534.58,0,3383.93
05-Apr-2012,6523.65,6631.9,6521.85,6630.07,0,4068.97
06-Apr-2012,6628.16,6701.17,6596.38,6669.19,0,2205.82
09-Apr-2012,6670.22,6726.23,6478.81,6533.67,0,2288.12
10-Apr-2012,6557.69,6617.43,6516.9,6576.51,0,2082.99
11-Apr-2012,6584.74,6678.82,6540.95,6634.7,0,1827.02
12-Apr-2012,6626.36,6712.63,6566.87,6652.9,0,3012.46
13-Apr-2012,6630.72,6725.69,6567.45,6662.12,0,2513.06
16-Apr-2012,6650.29,6756.31,6585.11,6690.73,0,1057.2
17-Apr-2012,6671.78,6789.2,6623.81,6740.74,0,3394.65
18-Apr-2012,6744.13,6805.29,6680.1,6741.24,0,2973.88
19-Apr-2012,6731.22,6821.98,6697.61,6788.09,0,2257.44
20-Apr-2012,6785.93,6957.62,6769.61,6940.93,0,3316.67
23-Apr-2012,6926.61,7033.51,6867.76,6974.25,0,2618.17
24-Apr-2012,6991.18,7047.42,6898.29,6954.23,0,1508.98
25-Apr-2012,6955.21,7018.74,6840.47,6903.53,0,2721.3
26-Apr-2012,6879.04,6949.77,6835.07,6905.63,0,3692.39
27-Apr-2012,6907.3,6949.31,6793.95,6835.53,0,2549.83
30-Apr-2012,6839.62,6879.48,6825.09,6864.9,0,2101.43
01-May-2012,6839.8,6874.31,6781.65,6816.04,0,2345.36
02-May-2012,6820.87,6843.92,6787.17,6810.19,0,1405.76
03-May-2012,6820.47,6858.26,6770.46,6808.17,0,5402.72
04-May-2012,6791.84,6859.49,6684.98,6752.24,0,3394.48
07-May-2012,6741.74,6762.71,6667.78,6688.58,0,3466.83
08-May-2012,6686.58,6813.75,6670.4,6797.31,0,2430.47
09-May-2012,6812.36,6972.1,6742.06,6900.88,0,4864.01
10-May-2012,6903.45,6955.89,6865.64,6918.0,0,4654.81
11-May-2012,6911.5,7061.96,6866.34,7016.11,0,2078.07
14-May-2012,7029.19,7066.67,6928.54,6965.68,0,2651.37
15-May-2012,6955.25,7102.1,6921.41,7067.72,0,2241.25
16-May-2012,7076.18,7109.99,6934.59,6967.88,0,2190.36
17-May-2012,6966.71,7025.71,6933.88,6992.75,0,3854.75
18-May-2012,6991.3,7051.06,6902.87,6962.38,0,2631.22
21-May-2012,6958.23,6975.67,6891.04,6908.35,0,3637.72
22-May-2012,6885.14,6996.18,6816.81,6927.42,0,1882.64
23-May-2012,6901.08,7041.17,6843.12,6982.52,0,1660.94
24-May-2012,6975.8,7086.35,6920.85,7030.96,0,2469.17
25-May-2012,7045.89,7077.03,6960.04,6990.95,0,2453.7
28-May-2012,6971.58,7039.75,6964.45,7032.56,0,1897.47
29-May-2012,7044.84,7086.35,7021.27,7062.72,0,7627.53
30-May-2012,7060.97,7127.58,7052.75,7119.3,0,2499.87
31-May-2012,7138.1,7177.55,7056.36,7095.58,0,3812.14
01-Jun-2012,7088.45,7120.36,7018.41,7050.14,0,3229.06
04-Jun-2012,7052.74,7105.97,6992.47,7045.65,0,4353.02
05-Jun-2012,7077.49,7096.48,7057.26,7076.25,0,2090.32
06-Jun-2012,7080.01,7143.87,7042.62,7106.34,0,2244.77
07-Jun-2012,7118.9,7188.02,7040.74,7109.77,0,2992.56
08-Jun-2012,7123.97,7270.67,7062.02,7207.99,0,2431.52
11-Jun-2012,7218.84,7232.99,7196.26,7210.39,0,1794.56
12-Jun-2012,7182.26,7270.54,7135.38,7223.4,0,3721.71
13-Jun-2012,7247.74,7291.56,7091.11,7134.25,0,3030.8
14-Jun-2012,7125.24,7209.86,7117.35,7201.88,0,4648.39
15-Jun-2012,7201.25,7284.06,7145.85,7228.44,0,3359.91
18-Jun-2012,7238.42,7262.28,7198.44,7222.24,0,2887.6
19-Jun-2012,7221.6,7230.11,7135.89,7144.32,0,1800.51
20-Jun-2012,7130.8,7251.27,7067.18,7187.15,0,2595.76
21-Jun-2012,7185.09,7201.42,7158.63,7174.94,0,3286.25
22-Jun-2012,7156.78,7162.23,7143.81,7149.25,0,4959.54
25-Jun-2012,7165.07,7214.07,7098.53,7147.4,0,2898.87
26-Jun-2012,7163.99,7209.35,6989.0,7033.54,0,3764.07
27-Jun-2012,7025.41,7083.11,6994.62,7052.21,0,5993.68
28-Jun-2012,7052.29,7146.45,6983.23,7077.15,0,3141.24
29-Jun-2012,7083.15,7166.07,7049.43,7132.12,0,2014.77
02-Jul-2012,7122.05,7276.86,7036.18,7190.17,0,6075.17
03-Jul-2012,7172.99,7293.11,7166.79,7286.81,0,2290.63
04-Jul-2012,7277.51,7359.09,7273.72,7355.27,0,2431.71
05-Jul-2012,7384.26,7440.73,7280.72,7336.83,0,3818.2
06-Jul-2012,7341.7,7363.03,7329.55,7350.86,0,1952.79
09-Jul-2012,7359.47,7387.38,7189.99,7217.37,0,2644.72
10-Jul-2012,7207.87,7293.81,7140.88,7226.65,0,3897.31
11-Jul-2012,7225.48,7264.65,7175.54,7214.65,0,3651.79
12-Jul-2012,7197.88,7230.56,7162.73,7195.4,0,4902.77
13-Jul-2012,7198.54,7262.27,7069.18,7132.31,0,2891.38
16-Jul-2012,7115.88,7157.13,6934.57,6975.0,0,1831.27
17-Jul-2012,6985.11,7029.94,6920.11,6964.81,0,4865.73
18-Jul-2012,6930.15,7078.39,6888.28,7035.88,0,4797.59
19-Jul-2012,7030.2,7103.01,6994.32,7066.93,0,2464.61
20-Jul-2012,7048.61,7142.6,7003.34,7097.01,0,2654.84
23-Jul-2012,7110.34,7189.26,7047.37,7126.15,0,3327.08
24-Jul-2012,7116.37,7155.91,7037.21,7076.52,0,3739.65
25-Jul-2012,7087.39,7168.87,7041.51,7122.76,0,1775.59
26-Jul-2012,7149.36,7193.57,7003.0,7046.58,0,2183.29
27-Jul-2012,7026.35,7032.05,6981.07,6986.74,0,2699.57
30-Jul-2012,6959.35,7120.16,6885.37,7045.26,0,2935.93
31-Jul-2012,7037.56,7057.03,7008.85,7028.29,0,3103.09
01-Aug-2012,7035.04,7036.88,6978.07,6979.9,0,2196.78
02-Aug-2012,6958.07,7139.99,6945.89,7127.51,0,1660.84
03-Aug-2012,7105.42,7186.89,7074.8,7156.06,0,6167.98
06-Aug-2012,7117.33,7144.64,7052.42,7079.58,0,2418.24
07-Aug-2012,7087.86,7212.57,7040.74,7164.93,0,5140.04
08-Aug-2012,7182.24,7231.92,7030.1,7079.06,0,3648.92
09-Aug-2012,7078.34,7146.35,6974.56,7042.22,0,1922.06
10-Aug-2012,7043.29,7160.66,6987.15,7104.03,0,2397.38
13-Aug-2012,7120.68,7282.43,7112.55,7274.12,0,3686.37
14-Aug-2012,7264.87,7365.37,7225.47,7325.64,0,14212.96
15-Aug-2012,7340.01,7396.18,7217.4,7273.06,0,2909.06
16-Aug-2012,7288.59,7348.04,7163.94,7222.85,0,1519.16
17-Aug-2012,7230.09,7261.15,7149.79,7180.63,0,2771.89
20-Aug-2012,7169.36,7205.93,7148.8,7185.33,0,4125.6
21-Aug-2012,7165.39,7206.0,7059.91,7100.15,0,2430.72
22-Aug-2012,7096.71,7143.97,7008.95,7055.93,0,4978.62
23-Aug-2012,7054.68,7249.96,7000.76,7194.97,0,6180.36
24-Aug-2012,7196.42,7240.17,7078.15,7121.44,0,1664.3
27-Aug-2012,7118.35,7235.03,7097.93,7214.34,0,2266.39
28-Aug-2012,7217.77,7237.49,7153.92,7173.52,0,3894.28
29-Aug-2012,7178.13,7354.26,7163.94,7339.75,0,2850.06
30-Aug-2012,7347.62,7429.15,7309.35,7390.65,0,3989.74
31-Aug-2012,7425.93,7482.4,7337.03,7393.25,0,3520.79
03-Sep-2012,7390.42,7518.17,7301.82,7429.1,0,2696.57
04-Sep-2012,7431.91,7518.33,7259.71,7345.13,0,4146.25
05-Sep-2012,7355.06,7434.65,7232.58,7311.7,0,2784.63
06-Sep-2012,7304.91,7380.01,7299.56,7374.61,0,5637.02
07-Sep-2012,7384.84,7466.93,7289.28,7371.22,0,3560.62
10-Sep-2012,7380.43,7465.96,7378.46,7463.97,0,2291.2
11-Sep-2012,7453.66,7464.45,7247.67,7258.17,0,3278.07
12-Sep-2012,7264.43,7273.23,7216.41,7225.16,0,1815.56
13-Sep-2012,7226.26,7290.07,7094.14,7157.34,0,5217.91
14-Sep-2012,7166.91,7245.78,7130.73,7209.39,0,3486.64
17-Sep-2012,7217.4,7254.03,7176.29,7212.89,0,2020.04
18-Sep-2012,7214.0,7235.53,7103.56,7124.82,0,4214.56
19-Sep-2012,7128.32,7176.06,7014.03,7061.31,0,4144.14
20-Sep-2012,7058.81,7094.67,7015.35,7051.16,0,2154.16
21-Sep-2012,7035.3,7070.56,6940.12,6975.07,0,3096.89
24-Sep-2012,6965.25,7116.86,6922.45,7073.39,0,3383.56
25-Sep-2012,7050.17,7140.36,7049.84,7140.02,0,2365.91
26-Sep-2012,7134.58,7158.14,6965.54,6988.61,0,2797.46
27-Sep-2012,6985.85,7064.96,6860.69,6939.28,0,3046.96
28-Sep-2012,6953.23,6964.42,6927.6,6938.76,0,3667.9
01-Oct-2012,6954.14,7009.82,6888.9,6944.5,0,1644.18
02-Oct-2012,6931.81,7045.49,6883.06,6996.28,0,2909.04
03-Oct-2012,6986.34,7016.06,6956.77,6986.5,0,1304.86
04-Oct-2012,7000.55,7071.23,6803.91,6873.31,0,1790.24
05-Oct-2012,6894.27,6941.97,6759.69,6806.79,0,3527.02
08-Oct-2012,6779.83,6851.11,6726.78,6797.91,0,1653.22
09-Oct-2012,6821.57,6911.75,6781.67,6871.56,0,2304.46
10-Oct-2012,6873.43,6914.16,6781.17,6821.6,0,4621.4
11-Oct-2012,6804.26,6901.47,6760.36,6857.23,0,2491.45
12-Oct-2012,6859.53,6911.68,6690.11,6741.37,0,2150.53
15-Oct-2012,6733.11,6830.38,6707.01,6804.01,0,1423.68
16-Oct-2012,6788.81,6900.42,6733.16,6844.31,0,5843.91
17-Oct-2012,6847.07,7066.58,6761.42,6979.28,0,4748.77
18-Oct-2012,7004.34,7073.32,6900.47,6969.1,0,2976.21
19-Oct-2012,6958.98,6985.7,6890.24,6916.8,0,4149.51
22-Oct-2012,6932.04,6964.6,6869.61,6902.02,0,2402.67
23-Oct-2012,6905.15,6970.83,6794.13,6859.38,0,3123.47
24-Oct-2012,6864.38,6889.01,6839.6,6864.23,0,2596.03
25-Oct-2012,6880.29,6932.84,6782.05,6834.25,0,2789.15
26-Oct-2012,6823.09,6898.62,6699.3,6774.29,0,1939.76
29-Oct-2012,6778.6,6862.76,6676.19,6760.12,0,1934.46
30-Oct-2012,6749.79,6909.44,6693.59,6852.39,0,6238.95
31-Oct-2012,6862.89,6910.38,6789.04,6836.35,0,2889.06
01-Nov-2012,6836.18,6874.74,6818.48,6856.99,0,1675.36
02-Nov-2012,6861.22,6972.47,6814.82,6925.63,0,4106.58
05-Nov-2012,6927.6,7050.03,6876.18,6998.09,0,2529.89
06-Nov-2012,7033.27,7066.75,6969.86,7003.2,0,3651.94
07-Nov-2012,7016.02,7051.22,6950.52,6985.56,0,5403.99
08-Nov-2012,7023.07,7055.71,6933.82,6966.2,0,3372.38
09-Nov-2012,6957.75,6962.75,6930.24,6935.23,0,2372.61
12-Nov-2012,6918.61,6950.25,6904.3,6935.9,0,3320.5
13-Nov-2012,6931.68,7008.24,6835.16,6911.51,0,2717.6
14-Nov-2012,6888.15,6894.19,6825.23,6831.22,0,1303.79
15-Nov-2012,6823.89,7027.87,6771.09,6973.91,0,3039.69
16-Nov-2012,6984.64,7028.2,6898.95,6942.24,0,2744.31
19-Nov-2012,6948.94,7020.56,6916.82,6988.26,0,2855.28
20-Nov-2012,6989.79,7048.17,6883.89,6941.86,0,774.21
21-Nov-2012,6966.31,7073.74,6872.85,6980.09,0,1829.16
22-Nov-2012,6966.35,7078.82,6919.52,7031.56,0,2756.74
23-Nov-2012,7033.46,7084.0,6995.19,7045.66,0,1416.06
26-Nov-2012,7064.23,7096.77,6925.82,6957.87,0,2462.57
27-Nov-2012,6948.83,6996.94,6875.01,6922.94,0,2118.1
28-Nov-2012,6913.58,6954.5,6865.13,6906.0,0,1859.61
29-Nov-2012,6906.99,7048.57,6868.29,7009.3,0,2271.74
30-Nov-2012,7022.02,7088.03,7015.36,7081.31,0,2062.52
03-Dec-2012,7087.24,7116.38,6976.24,7005.04,0,2720.16
04-Dec-2012,7006.18,7045.2,6887.02,6925.59,0,3538.03
05-Dec-2012,6936.18,7102.32,6885.54,7050.84,0,3280.44
06-Dec-2012,7059.06,7176.88,7004.95,7122.28,0,3112.78
07-Dec-2012,7111.29,7203.19,7010.83,7102.62,0,2569.12
10-Dec-2012,7075.29,7111.48,6990.15,7026.09,0,2099.59
11-Dec-2012,7032.24,7111.49,6895.78,6974.38,0,3702.41
12-Dec-2012,6983.57,7026.79,6922.45,6965.56,0,2417.27
13-Dec-2012,6955.43,6999.0,6913.52,6957.08,0,2611.92
14-Dec-2012,6970.79,7087.08,6949.59,7065.59,0,2620.74
17-Dec-2012,7058.29,7142.84,7009.97,7094.28,0,1871.68
18-Dec-2012,7082.15,7148.52,6894.69,6959.91,0,1109.75
19-Dec-2012,6958.64,7003.72,6854.15,6898.84,0,1785.33
20-Dec-2012,6891.28,6930.41,6862.14,6901.23,0,2362.61
21-Dec-2012,6916.83,7049.2,6840.25,6972.01,0,1765.3
24-Dec-2012,6998.33,7045.67,6905.12,6952.15,0,4185.38
25-Dec-2012,6968.83,7024.97,6874.73,6930.56,0,2462.29
26-Dec-2012,6936.01,6996.48,6807.09,6866.96,0,2986.07
27-Dec-2012,6863.66,6971.66,6817.08,6924.67,0,3379.58
28-Dec-2012,6934.86,6937.31,6924.4,6926.84,0,5434.07
31-Dec-2012,6911.26,6949.15,6897.68,6935.53,0,1995.18
01-Jan-2013,6941.49,7013.53,6841.78,6913.52,0,5515.77
02-Jan-2013,6919.81,6948.03,6863.62,6891.74,0,1575.63
03-Jan-2013,6887.12,6967.98,6818.82,6899.55,0,1853.84
04-Jan-2013,6897.21,7095.68,6855.91,7053.44,0,4956.31
07-Jan-2013,7050.45,7100.91,6936.09,6986.08,0,5500.65
08-Jan-2013,6994.46,7117.38,6988.5,7111.31,0,4885.11
09-Jan-2013,7099.29,7135.76,6921.79,6957.52,0,2902.17
10-Jan-2013,6940.57,7018.73,6879.39,6957.4,0,3879.32
11-Jan-2013,6988.42,7001.78,6935.05,6948.33,0,2756.26
14-Jan-2013,6959.3,7003.34,6893.17,6937.06,0,2944.31
15-Jan-2013,6908.66,6910.69,6878.83,6880.85,0,2609.53
16-Jan-2013,6886.31,7039.04,6819.56,6971.46,0,1532.25
17-Jan-2013,6967.78,7008.15,6946.45,6986.76,0,2149.37
18-Jan-2013,6972.49,7125.19,6893.22,7045.09,0,1970.81
21-Jan-2013,7063.35,7120.54,6949.43,7006.16,0,3427.51
22-Jan-2013,6995.94,7043.39,6893.07,6940.14,0,4713.78
23-Jan-2013,6963.11,6984.36,6912.5,6933.66,0,6588.28
24-Jan-2013,6916.5,6950.87,6800.88,6834.84,0,3686.61
25-Jan-2013,6832.89,6852.22,6772.09,6791.31,0,5762.76
28-Jan-2013,6798.35,6859.23,6774.94,6835.69,0,5201.48
29-Jan-2013,6834.44,6839.06,6792.41,6797.0,0,1789.16
30-Jan-2013,6809.01,6974.92,6742.46,6907.41,0,2324.87
31-Jan-2013,6926.09,7039.81,6879.54,6992.82,0,3879.26
01-Feb-2013,7005.45,7067.42,6867.42,6928.71,0,3071.03
04-Feb-2013,6947.18,6978.63,6869.67,6900.92,0,3243.33
05-Feb-2013,6888.84,6890.29,6775.1,6776.53,0,2028.09
06-Feb-2013,6769.93,6819.95,6739.12,6789.06,0,3845.25
07-Feb-2013,6772.09,6982.87,6760.57,6971.01,0,1574.03
08-Feb-2013,6997.43,7057.34,6906.71,6966.35,0,1444.99
11-Feb-2013,6967.63,7086.2,6895.78,7013.87,0,2762.11
12-Feb-2013,7008.78,7138.82,6959.65,7089.12,0,2156.02
13-Feb-2013,7079.59,7111.71,7032.54,7064.59,0,4537.68
14-Feb-2013,7063.55,7102.53,7040.95,7079.88,0,4605.02
15-Feb-2013,7068.62,7232.1,7063.38,7226.75,0,4461.97
18-Feb-2013,7218.39,7250.42,7130.94,7162.73,0,4574.16
19-Feb-2013,7161.66,7270.4,7109.0,7217.32,0,4266.85
20-Feb-2013,7229.13,7274.23,7061.64,7105.97,0,2506.62
21-Feb-2013,7106.87,7163.17,7040.64,7096.86,0,3019.92
22-Feb-2013,7094.41,7136.12,7065.82,7107.48,0,4571.1
25-Feb-2013,7112.08,7157.09,7087.11,7132.06,0,3492.63
26-Feb-2013,7146.45,7161.12,7090.69,7105.28,0,3216.86
27-Feb-2013,7106.49,7176.98,7058.19,7128.52,0,2266.49
28-Feb-2013,7129.38,7190.49,7075.82,7136.87,0,4656.2
01-Mar-2013,7124.2,7211.63,7091.02,7178.19,0,3405.1
04-Mar-2013,7166.42,7228.03,7043.62,7104.7,0,3454.54
05-Mar-2013,7093.67,7128.1,7044.1,7078.45,0,3317.29
06-Mar-2013,7081.44,7149.19,6904.05,6970.74,0,4853.84
07-Mar-2013,6969.8,7025.89,6927.62,6983.63,0,2427.96
08-Mar-2013,6975.22,7011.01,6835.95,6871.21,0,3478.24
11-Mar-2013,6877.66,6901.06,6757.26,6780.33,0,1517.62
12-Mar-2013,6774.68,6811.09,6695.22,6731.4,0,6365.06
13-Mar-2013,6726.34,6758.52,6694.73,6726.9,0,3955.12
14-Mar-2013,6739.9,6787.33,6682.74,6730.09,0,2486.8
15-Mar-2013,6718.58,6790.55,6687.54,6759.32,0,4025.57
18-Mar-2013,6749.45,6786.48,6679.49,6716.33,0,2351.25
19-Mar-2013,6676.79,6804.06,6674.93,6802.16,0,2033.6
20-Mar-2013,6796.04,6926.2,6739.4,6868.95,0,4107.32
21-Mar-2013,6855.22,6918.83,6798.96,6862.51,0,3578.21
22-Mar-2013,6861.84,7045.29,6806.72,6989.14,0,3616.56
25-Mar-2013,7011.59,7061.34,6949.9,6999.57,0,3088.09
26-Mar-2013,7015.56,7083.8,6975.04,7043.12,0,4236.46
27-Mar-2013,7037.74,7139.84,7029.14,7131.12,0,3435.0
28-Mar-2013,7105.9,7320.72,7084.17,7298.41,0,3863.41
29-Mar-2013,7286.72,7329.0,7239.8,7282.06,0,3217.9
01-Apr-2013,7247.68,7429.22,7209.41,7390.2,0,5122.11
02-Apr-2013,7426.46,7446.1,7232.04,7251.21,0,5407.91
03-Apr-2013,7244.3,7296.46,7238.38,7290.5,0,2123.51
04-Apr-2013,7300.89,7355.11,7090.56,7143.61,0,2327.46
05-Apr-2013,7147.76,7209.26,6974.86,7035.39,0,1618.15
08-Apr-2013,7024.71,7056.41,7021.17,7052.85,0,2316.81
09-Apr-2013,7051.84,7105.57,6972.41,7025.95,0,2521.44
10-Apr-2013,7010.82,7127.06,6960.34,7076.1,0,1916.01
11-Apr-2013,7092.76,7149.86,7043.3,7100.34,0,2052.97
12-Apr-2013,7117.38,7142.24,7082.09,7106.91,0,2740.07
15-Apr-2013,7109.98,7227.57,7082.7,7199.94,0,2733.49
16-Apr-2013,7220.07,7255.74,7152.46,7187.97,0,2194.84
17-Apr-2013,7168.61,7214.01,6973.44,7017.88,0,4597.13
18-Apr-2013,7029.82,7075.36,6969.54,7014.99,0,3965.08
19-Apr-2013,7025.57,7150.66,7009.62,7134.46,0,2861.08
22-Apr-2013,7149.54,7186.89,7100.15,7137.44,0,4944.97
23-Apr-2013,7117.56,7187.33,7075.36,7144.96,0,2302.11
24-Apr-2013,7170.66,7194.69,7110.18,7134.09,0,5073.79
25-Apr-2013,7122.78,7159.94,7054.01,7091.01,0,2912.25
26-Apr-2013,7109.93,7186.52,7008.06,7084.37,0,2754.46
29-Apr-2013,7086.96,7156.71,6975.57,7044.9,0,4429.82
30-Apr-2013,7043.53,7276.42,6983.67,7215.1,0,987.11
01-May-2013,7207.13,7304.92,7189.8,7287.39,0,2524.27
02-May-2013,7278.38,7306.66,7193.89,7221.95,0,3599.01
03-May-2013,7219.7,7332.19,7127.44,7239.68,0,5659.12
06-May-2013,7244.88,7275.46,7134.38,7164.63,0,1752.96
07-May-2013,7172.18,7313.27,7094.86,7235.27,0,2437.12
08-May-2013,7239.19,7239.98,7224.27,7225.06,0,3452.98
09-May-2013,7250.16,7288.69,7129.64,7167.74,0,4558.88
10-May-2013,7165.08,7295.96,7111.42,7241.72,0,5738.56
13-May-2013,7226.57,7288.05,7145.74,7207.04,0,3032.05
14-May-2013,7215.15,7258.05,7152.87,7195.66,0,2543.59
15-May-2013,7196.06,7335.78,7169.28,7308.59,0,1464.13
16-May-2013,7310.24,7408.08,7270.83,7368.37,0,2549.23
17-May-2013,7364.47,7387.51,7319.59,7342.57,0,3594.57
20-May-2013,7334.7,7455.54,7280.36,7400.71,0,2638.49
21-May-2013,7412.27,7554.07,7339.92,7481.05,0,10374.51
22-May-2013,7455.28,7598.12,7417.52,7559.83,0,2705.02
23-May-2013,7549.03,7625.69,7522.3,7598.78,0,2472.35
24-May-2013,7589.49,7661.87,7509.94,7582.25,0,3596.43
27-May-2013,7562.2,7679.36,7542.58,7659.49,0,3222.92
28-May-2013,7635.89,7693.41,7505.79,7562.77,0,2076.33
29-May-2013,7561.57,7583.11,7521.19,7542.68,0,3220.21
30-May-2013,7513.1,7644.96,7466.92,7598.25,0,3033.52
31-May-2013,7621.12,7844.55,7533.48,7755.36,0,2647.64
03-Jun-2013,7737.61,7804.43,7624.34,7690.76,0,1780.6
04-Jun-2013,7700.99,7784.75,7656.5,7740.04,0,2576.83
05-Jun-2013,7710.37,7767.76,7640.86,7698.16,0,2710.47
06-Jun-2013,7691.98,7850.75,7648.32,7806.44,0,1753.41
07-Jun-2013,7801.09,7918.56,7740.47,7857.5,0,5838.07
10-Jun-2013,7855.14,8042.55,7797.75,7984.22,0,9260.81
11-Jun-2013,7993.62,8234.11,7934.06,8173.21,0,4485.22
12-Jun-2013,8140.12,8405.68,8083.46,8347.57,0,2407.39
13-Jun-2013,8346.88,8397.59,8226.27,8276.55,0,3705.9
14-Jun-2013,8302.92,8390.15,8222.44,8309.61,0,5212.67
17-Jun-2013,8280.0,8489.28,8206.95,8415.03,0,4747.14
18-Jun-2013,8429.28,8476.18,8242.04,8288.16,0,4372.61
19-Jun-2013,8300.84,8339.77,8267.45,8306.37,0,2027.34
20-Jun-2013,8284.56,8295.82,8264.82,8276.07,0,5234.17
21-Jun-2013,8278.45,8343.57,8146.41,8211.0,0,2538.64
24-Jun-2013,8205.2,8472.7,8112.03,8377.57,0,2249.18
25-Jun-2013,8364.56,8465.75,8322.49,8423.39,0,2030.19
26-Jun-2013,8421.88,8462.22,8349.03,8389.21,0,3276.11
27-Jun-2013,8392.16,8499.04,8340.45,8446.99,0,3266.11
28-Jun-2013,8451.5,8559.26,8377.34,8484.81,0,3010.39
01-Jul-2013,8474.17,8533.54,8238.12,8296.25,0,2854.84
02-Jul-2013,8293.37,8341.02,8263.1,8310.68,0,2122.41
03-Jul-2013,8334.54,8429.86,8315.6,8410.75,0,5565.9
04-Jul-2013,8421.83,8462.21,8317.55,8357.62,0,2325.89
05-Jul-2013,8356.77,8457.67,8137.95,8237.41,0,8365.23
08-Jul-2013,8219.94,8276.65,8133.41,8189.9,0,7182.66
09-Jul-2013,8214.24,8309.83,8091.95,8187.22,0,1601.59
10-Jul-2013,8181.1,8353.77,8126.26,8298.16,0,3116.84
11-Jul-2013,8299.74,8481.27,8257.08,8437.9,0,4594.04
12-Jul-2013,8464.58,8548.17,8385.74,8469.29,0,5016.84
15-Jul-2013,8459.83,8486.17,8254.44,8280.22,0,3309.55
16-Jul-2013,8279.97,8429.32,8276.39,8425.68,0,1780.0
17-Jul-2013,8428.19,8538.68,8385.84,8496.0,0,3046.37
18-Jul-2013,8485.27,8548.61,8416.32,8479.62,0,3979.29
19-Jul-2013,8517.41,8556.68,8449.55,8488.69,0,2561.08
22-Jul-2013,8483.17,8565.33,8337.6,8419.13,0,2302.2
23-Jul-2013,8407.84,8533.83,8393.62,8519.42,0,4423.12
24-Jul-2013,8500.0,8665.16,8422.6,8586.97,0,3289.47
25-Jul-2013,8595.26,8758.22,8533.3,8695.53,0,2456.78
26-Jul-2013,8696.63,8745.2,8618.86,8667.27,0,2521.94
29-Jul-2013,8682.96,8707.09,8596.95,8620.91,0,3498.02
30-Jul-2013,8630.68,8754.38,8608.26,8731.7,0,2181.41
31-Jul-2013,8726.59,8831.2,8690.91,8795.23,0,1054.8
01-Aug-2013,8789.24,8830.54,8650.13,8690.97,0,3744.5
02-Aug-2013,8686.96,8766.79,8603.79,8683.6,0,2697.88
05-Aug-2013,8661.84,8697.92,8511.65,8547.26,0,3221.21
06-Aug-2013,8554.27,8718.12,8516.79,8680.1,0,3680.51
07-Aug-2013,8682.79,8774.69,8415.68,8505.71,0,4450.82
08-Aug-2013,8508.9,8562.43,8491.71,8545.16,0,3947.5
09-Aug-2013,8538.24,8744.25,8473.07,8678.01,0,4438.85
12-Aug-2013,8674.64,8720.61,8662.52,8708.43,0,4049.97
13-Aug-2013,8700.37,8751.64,8632.95,8684.12,0,1630.45
14-Aug-2013,8692.75,8744.21,8562.17,8613.16,0,3178.37
15-Aug-2013,8629.33,8711.25,8573.13,8654.89,0,3318.52
16-Aug-2013,8631.92,8763.89,8600.03,8731.64,0,4872.75
19-Aug-2013,8734.43,8891.61,8623.44,8780.04,0,3085.41
20-Aug-2013,8787.55,8952.0,8722.57,8886.29,0,5009.06
21-Aug-2013,8898.71,9021.02,8860.7,8982.65,0,2561.84
22-Aug-2013,8984.98,9229.27,8930.49,9173.64,0,5437.33
23-Aug-2013,9187.86,9298.66,8964.98,9074.41,0,3942.33
26-Aug-2013,9049.51,9120.09,9031.91,9102.39,0,4298.57
27-Aug-2013,9064.11,9286.29,9012.9,9234.11,0,4624.2
28-Aug-2013,9244.51,9386.17,9195.8,9336.97,0,1607.06
29-Aug-2013,9350.27,9423.08,9297.21,9369.91,0,1656.93
30-Aug-2013,9380.35,9482.18,9328.76,9430.32,0,3466.34
02-Sep-2013,9406.26,9458.06,9360.95,9412.72,0,3250.71
03-Sep-2013,9395.39,9704.09,9339.66,9646.87,0,1480.03
04-Sep-2013,9642.53,9817.8,9573.39,9747.9,0,2685.2
05-Sep-2013,9763.7,9854.52,9528.72,9618.19,0,1495.61
06-Sep-2013,9590.85,9672.41,9529.79,9611.22,0,1938.33
09-Sep-2013,9590.98,9656.3,9554.7,9619.91,0,2631.38
10-Sep-2013,9602.02,9673.91,9501.88,9573.56,0,2731.13
11-Sep-2013,9569.43,9831.34,9494.33,9754.79,0,5139.22
12-Sep-2013,9749.76,9791.14,9607.14,9648.1,0,5392.35
13-Sep-2013,9607.49,9661.93,9489.89,9543.98,0,3490.77
16-Sep-2013,9569.95,9703.69,9532.96,9666.33,0,2650.63
17-Sep-2013,9671.61,9769.76,9600.22,9698.17,0,2149.96
18-Sep-2013,9730.46,9757.1,9621.73,9648.14,0,3491.09
19-Sep-2013,9638.2,9669.64,9533.57,9564.76,0,1645.46
20-Sep-2013,9548.78,9718.07,9510.3,9679.07,0,2089.32
23-Sep-2013,9658.42,9811.38,9615.05,9767.51,0,3624.26
24-Sep-2013,9742.59,9792.87,9635.01,9684.99,0,2802.94
25-Sep-2013,9679.15,9791.17,9611.64,9723.35,0,4821.89
26-Sep-2013,9717.24,9855.6,9706.01,9844.22,0,3279.93
27-Sep-2013,9821.08,9923.96,9798.32,9901.01,0,3171.14
30-Sep-2013,9890.07,9955.4,9824.39,9889.71,0,4256.05
01-Oct-2013,9900.37,9932.25,9862.3,9894.16,0,3672.0
02-Oct-2013,9883.86,9947.57,9862.37,9925.99,0,1462.61
03-Oct-2013,9939.68,10020.62,9747.44,9827.47,0,4221.21
04-Oct-2013,9815.53,9915.9,9657.25,9757.02,0,4397.16
07-Oct-2013,9762.12,9910.24,9696.33,9843.89,0,1245.53
08-Oct-2013,9820.68,9828.73,9737.76,9745.75,0,1834.28
09-Oct-2013,9791.44,9826.95,9748.28,9783.76,0,4214.99
10-Oct-2013,9775.71,10048.96,9682.42,9953.97,0,2991.85
11-Oct-2013,9947.26,10068.38,9827.88,9948.99,0,4566.08
14-Oct-2013,9965.0,9994.91,9798.48,9827.98,0,2632.91
15-Oct-2013,9831.89,9992.52,9754.8,9914.79,0,1434.51
16-Oct-2013,9897.04,9978.58,9856.27,9937.64,0,5084.28
17-Oct-2013,9948.5,10020.1,9789.41,9860.37,0,1763.19
18-Oct-2013,9868.35,9924.92,9667.29,9723.02,0,2610.07
21-Oct-2013,9735.21,9774.34,9713.28,9752.37,0,2609.44
22-Oct-2013,9770.94,9806.47,9646.83,9682.03,0,2670.83
23-Oct-2013,9712.32,9766.67,9647.49,9701.78,0,1544.64
24-Oct-2013,9733.24,9852.54,9670.24,9789.18,0,3523.5
25-Oct-2013,9800.03,9940.54,9749.33,9889.37,0,2565.61
28-Oct-2013,9911.0,9990.54,9789.14,9868.34,0,6067.86
29-Oct-2013,9884.4,9942.71,9795.84,9853.98,0,4050.63
30-Oct-2013,9862.73,9886.78,9615.87,9639.38,0,9885.85
31-Oct-2013,9649.09,9686.74,9570.6,9608.1,0,4692.43
01-Nov-2013,9593.66,9648.7,9540.37,9595.39,0,3197.24
04-Nov-2013,9553.35,9697.75,9449.86,9593.83,0,3610.89
05-Nov-2013,9629.74,9732.38,9596.52,9698.92,0,2036.27
06-Nov-2013,9723.45,9798.03,9587.02,9661.12,0,3372.27
07-Nov-2013,9618.58,9736.21,9585.89,9703.24,0,5155.18
08-Nov-2013,9693.43,9742.68,9543.07,9591.8,0,2837.08
11-Nov-2013,9577.46,9606.34,9527.96,9556.78,0,1549.21
12-Nov-2013,9542.11,9615.96,9322.34,9395.05,0,1661.57
13-Nov-2013,9398.15,9494.43,9360.58,9456.63,0,1987.38
14-Nov-2013,9500.19,9628.66,9454.81,9582.89,0,3815.4
15-Nov-2013,9619.72,9699.99,9471.87,9551.57,0,7053.6
18-Nov-2013,9577.99,9678.81,9341.4,9440.78,0,4911.82
19-Nov-2013,9420.18,9560.86,9388.53,9528.85,0,3452.9
20-Nov-2013,9518.99,9639.02,9515.49,9635.47,0,3480.71
21-Nov-2013,9615.61,9646.89,9539.04,9570.16,0,3210.44
22-Nov-2013,9567.02,9627.04,9490.63,9550.55,0,2488.36
25-Nov-2013,9552.14,9758.12,9480.58,9685.56,0,1704.35
26-Nov-2013,9665.59,9767.49,9632.5,9734.16,0,2629.98
27-Nov-2013,9742.12,9828.19,9659.07,9745.11,0,2588.61
28-Nov-2013,9744.64,9881.15,9688.58,9824.62,0,2959.25
29-Nov-2013,9855.15,9874.5,9798.02,9817.3,0,3761.89
02-Dec-2013,9796.34,9908.46,9759.35,9871.19,0,5066.01
03-Dec-2013,9877.06,10001.63,9830.72,9954.93,0,1744.94
04-Dec-2013,9945.85,10046.31,9859.95,9960.29,0,3602.92
05-Dec-2013,9963.57,10005.22,9776.42,9817.45,0,2950.84
06-Dec-2013,9801.54,9887.09,9728.72,9814.17,0,3100.01
09-Dec-2013,9822.83,9910.35,9742.39,9829.86,0,2457.1
10-Dec-2013,9812.73,10009.45,9719.71,9915.45,0,2302.35
11-Dec-2013,9890.29,10014.06,9880.07,10003.72,0,3057.19
12-Dec-2013,9975.22,10271.15,9930.6,10225.42,0,2297.24
13-Dec-2013,10235.14,10338.98,10109.08,10212.7,0,3641.89
16-Dec-2013,10208.27,10335.98,10126.71,10254.04,0,4102.08
17-Dec-2013,10281.69,10447.33,10197.1,10362.07,0,2215.21
18-Dec-2013,10343.87,10492.06,10261.94,10409.61,0,2962.12
19-Dec-2013,10400.73,10463.57,10334.2,10397.02,0,3535.28
20-Dec-2013,10425.81,10461.24,10372.41,10407.79,0,2084.56
23-Dec-2013,10405.3,10602.03,10273.72,10469.64,0,2542.93
24-Dec-2013,10468.55,10700.33,10382.18,10612.77,0,2804.1
25-Dec-2013,10605.43,10610.69,10600.17,10605.43,0,2467.81
26-Dec-2013,10627.95,10681.17,10543.72,10596.78,0,2517.78
27-Dec-2013,10550.24,10567.04,10480.86,10497.58,0,2817.14
30-Dec-2013,10469.22,10616.14,10349.03,10495.65,0,1708.71
31-Dec-2013,10493.44,10575.08,10254.61,10335.01,0,2763.67
01-Jan-2014,10339.43,10440.27,10263.48,10364.14,0,3897.99
02-Jan-2014,10351.03,10570.24,10290.18,10508.47,0,3676.24
03-Jan-2014,10500.3,10687.9,10431.72,10618.55,0,6967.78
06-Jan-2014,10577.91,10651.83,10463.88,10537.52,0,1428.86
07-Jan-2014,10556.02,10729.97,10491.22,10664.5,0,2051.11
08-Jan-2014,10678.18,10695.88,10627.15,10644.8,0,4445.97
09-Jan-2014,10640.72,10891.55,10602.35,10852.41,0,7807.65
10-Jan-2014,10837.81,10980.51,10768.47,10910.7,0,5393.32
13-Jan-2014,10901.93,11057.7,10851.49,11006.78,0,3241.33
14-Jan-2014,11015.41,11248.85,10922.87,11155.14,0,2987.4
15-Jan-2014,11166.41,11236.55,10984.91,11054.34,0,4512.01
16-Jan-2014,11087.15,11207.69,10977.04,11097.47,0,2018.96
17-Jan-2014,11141.05,11163.35,11086.78,11109.01,0,2245.28
20-Jan-2014,11082.62,11137.06,11039.46,11093.85,0,3316.83
21-Jan-2014,11090.69,11168.58,10923.47,11000.73,0,1699.58
22-Jan-2014,11000.67,11065.16,10934.5,10998.98,0,2342.66
23-Jan-2014,10983.53,11081.03,10930.07,11027.36,0,4695.87
24-Jan-2014,11022.89,11128.05,10908.34,11013.41,0,5631.28
27-Jan-2014,10993.06,11005.57,10977.22,10989.73,0,1648.71
28-Jan-2014,10979.9,11053.62,10839.97,10913.24,0,2620.35
29-Jan-2014,10955.12,10991.88,10938.61,10975.34,0,1895.56
30-Jan-2014,10972.23,11014.65,10889.61,10931.87,0,2471.76
31-Jan-2014,10928.31,10998.81,10873.83,10944.25,0,3043.7
03-Feb-2014,10949.27,11008.83,10853.05,10912.41,0,2706.49
04-Feb-2014,10912.8,10949.83,10748.49,10785.08,0,3691.96
05-Feb-2014,10804.11,10994.01,10753.75,10943.0,0,2070.37
06-Feb-2014,10933.39,10992.39,10768.83,10827.25,0,4601.24
07-Feb-2014,10852.69,10931.42,10745.22,10823.74,0,4666.27
10-Feb-2014,10808.19,10927.68,10759.34,10878.51,0,6820.41
11-Feb-2014,10902.61,10962.03,10700.97,10759.61,0,2520.31
12-Feb-2014,10724.32,10835.62,10633.77,10744.89,0,3095.74
13-Feb-2014,10740.9,10829.2,10650.52,10738.81,0,1537.6
14-Feb-2014,10741.59,10829.46,10655.22,10743.08,0,2253.67
17-Feb-2014,10744.97,10835.08,10668.63,10758.64,0,2484.36
18-Feb-2014,10737.1,10827.68,10629.47,10719.9,0,4048.53
19-Feb-2014,10753.29,10853.52,10711.29,10811.3,0,3885.84
20-Feb-2014,10829.49,10879.79,10731.27,10781.34,0,3576.5
21-Feb-2014,10757.2,10816.92,10723.35,10782.98,0,3657.45
24-Feb-2014,10756.79,10812.66,10638.43,10693.98,0,3114.16
25-Feb-2014,10675.22,11207.53,10600.54,11129.67,0,5841.33
26-Feb-2014,11112.84,11154.63,10877.24,10918.3,0,1628.29
27-Feb-2014,10907.99,11178.31,10800.64,11069.37,0,2071.49
28-Feb-2014,11062.53,11241.32,10986.31,11164.39,0,6033.35
03-Mar-2014,11154.83,11207.52,11117.3,11169.94,0,2692.56
04-Mar-2014,11170.5,11204.99,11154.3,11188.76,0,5426.05
05-Mar-2014,11201.48,11289.77,10929.96,11016.8,0,3651.13
06-Mar-2014,10957.69,11039.1,10897.2,10978.5,0,3278.48
07-Mar-2014,10975.58,11026.86,10846.21,10897.13,0,2765.33
10-Mar-2014,10889.22,11005.92,10791.6,10908.13,0,1959.32
11-Mar-2014,10919.53,11066.22,10828.32,10974.55,0,6304.66
12-Mar-2014,10953.48,11048.87,10831.82,10926.99,0,3265.23
13-Mar-2014,10918.81,11129.88,10851.6,11061.79,0,3342.66
14-Mar-2014,11062.78,11276.72,10991.49,11204.51,0,4416.06
17-Mar-2014,11236.36,11299.72,10978.3,11040.56,0,5033.33
18-Mar-2014,11069.04,11121.62,10817.29,10868.91,0,2305.1
19-Mar-2014,10871.11,10982.22,10778.82,10889.77,0,1984.03
20-Mar-2014,10893.16,10906.8,10725.9,10739.35,0,1547.58
21-Mar-2014,10768.73,10781.04,10728.98,10741.26,0,2484.53
24-Mar-2014,10752.92,10890.58,10648.53,10785.87,0,3241.97
25-Mar-2014,10808.91,10931.56,10783.79,10906.21,0,4009.35
26-Mar-2014,10873.17,10908.99,10732.31,10767.78,0,3362.16
27-Mar-2014,10777.77,10852.3,10711.42,10785.9,0,4820.75
28-Mar-2014,10805.03,10869.91,10704.93,10769.6,0,3360.06
31-Mar-2014,10777.63,10849.16,10605.17,10676.02,0,1505.23
01-Apr-2014,10673.06,10893.21,10547.85,10766.89,0,4185.49
02-Apr-2014,10744.84,10807.06,10636.21,10698.15,0,1297.45
03-Apr-2014,10687.81,10763.28,10434.32,10508.52,0,2675.57
04-Apr-2014,10510.24,10542.91,10322.11,10354.29,0,2073.28
07-Apr-2014,10364.0,10496.34,10301.28,10433.19,0,2515.18
08-Apr-2014,10442.31,10489.76,10345.45,10392.68,0,2228.83
09-Apr-2014,10380.42,10401.33,10250.86,10271.54,0,2627.8
10-Apr-2014,10290.76,10353.69,10202.25,10265.02,0,2369.69
11-Apr-2014,10268.11,10313.3,10166.86,10211.8,0,2655.89
14-Apr-2014,10237.63,10265.25,10188.84,10216.39,0,2534.77
15-Apr-2014,10216.34,10358.69,10028.75,10170.47,0,2760.78
16-Apr-2014,10172.15,10289.87,10108.95,10226.33,0,2162.58
17-Apr-2014,10258.48,10455.92,10138.02,10334.57,0,2054.77
18-Apr-2014,10322.79,10336.89,10173.86,10187.77,0,3138.47
21-Apr-2014,10182.32,10232.66,10123.99,10174.29,0,5010.64
22-Apr-2014,10172.38,10215.84,10139.28,10182.69,0,2974.96
23-Apr-2014,10205.89,10221.39,10196.71,10212.2,0,1805.72
24-Apr-2014,10189.58,10344.08,10079.63,10233.65,0,3577.29
25-Apr-2014,10220.98,10283.06,10159.75,10221.82,0,2271.1
28-Apr-2014,10204.26,10280.0,10094.11,10169.59,0,2361.31
29-Apr-2014,10145.01,10231.46,10019.77,10105.89,0,2014.7
30-Apr-2014,10081.98,10230.17,9999.16,10146.82,0,2397.06
01-May-2014,10143.98,10392.56,10026.96,10274.04,0,2048.62
02-May-2014,10294.62,10509.09,10266.51,10480.47,0,1914.15
05-May-2014,10460.9,10530.36,10387.65,10457.08,0,5244.05
06-May-2014,10448.12,10527.59,10326.05,10405.18,0,3379.39
07-May-2014,10389.37,10440.28,10262.73,10313.27,0,3222.34
08-May-2014,10297.63,10419.59,10289.33,10411.2,0,3037.11
09-May-2014,10414.32,10467.16,10309.19,10361.77,0,1792.64
12-May-2014,10335.4,10386.37,10227.1,10277.79,0,2330.98
13-May-2014,10265.14,10527.63,10208.24,10469.59,0,3793.38
14-May-2014,10498.8,10678.88,10410.51,10589.83,0,2928.69
15-May-2014,10576.71,10654.42,10507.33,10584.98,0,3286.73
16-May-2014,10585.15,10765.32,10532.59,10712.14,0,1813.57
19-May-2014,10665.51,10794.38,10437.89,10565.55,0,5961.07
20-May-2014,10568.52,10653.99,10390.6,10475.32,0,2253.63
21-May-2014,10515.61,10558.45,10465.73,10508.55,0,1540.72
22-May-2014,10536.24,10567.19,10459.79,10490.61,0,2996.96
23-May-2014,10513.09,10714.43,10441.72,10642.19,0,4978.68
26-May-2014,10642.44,10776.96,10542.79,10676.98,0,2662.02
27-May-2014,10661.0,10758.54,10591.15,10688.51,0,3317.06
28-May-2014,10689.55,10772.52,10492.99,10575.07,0,2853.75
29-May-2014,10568.22,10666.07,10535.44,10633.08,0,2219.45
30-May-2014,10641.84,10705.44,10414.21,10476.82,0,3547.37
02-Jun-2014,10506.32,10686.02,10474.67,10653.93,0,5329.68
03-Jun-2014,10651.83,10662.27,10606.56,10616.96,0,3361.71
04-Jun-2014,10627.17,10820.84,10556.66,10749.52,0,2798.08
05-Jun-2014,10744.6,10828.49,10502.61,10585.26,0,2062.5
06-Jun-2014,10596.61,10668.25,10571.23,10642.75,0,2184.26
09-Jun-2014,10650.6,10801.23,10607.46,10757.65,0,3375.78
10-Jun-2014,10736.83,11016.79,10644.4,10922.75,0,1629.51
11-Jun-2014,10922.74,10976.58,10917.33,10971.15,0,3149.79
12-Jun-2014,10961.64,11141.38,10875.57,11054.58,0,5728.29
13-Jun-2014,11029.86,11180.69,11022.56,11173.3,0,4137.25
16-Jun-2014,11205.51,11307.01,11154.0,11255.27,0,1817.41
17-Jun-2014,11343.51,11487.64,11241.38,11385.13,0,3914.67
18-Jun-2014,11375.59,11404.44,11375.42,11404.26,0,4491.25
19-Jun-2014,11414.35,11600.36,11329.44,11514.7,0,1981.25
20-Jun-2014,11506.42,11517.09,11434.07,11444.68,0,4716.03
23-Jun-2014,11422.07,11455.33,11374.2,11407.41,0,1983.2
24-Jun-2014,11435.08,11502.87,11253.84,11320.95,0,2202.79
25-Jun-2014,11339.44,11410.16,11139.22,11209.13,0,3145.77
26-Jun-2014,11216.34,11362.31,11169.54,11315.1,0,4272.58
27-Jun-2014,11290.35,11545.44,11224.6,11478.6,0,4305.99
30-Jun-2014,11471.97,11505.73,11333.63,11367.08,0,2716.99
01-Jul-2014,11349.34,11410.89,11228.98,11290.2,0,3541.97
02-Jul-2014,11287.77,11392.94,11185.46,11290.61,0,5128.2
03-Jul-2014,11308.04,11335.76,11205.37,11232.91,0,2743.74
04-Jul-2014,11221.32,11270.43,11022.11,11070.56,0,3304.37
07-Jul-2014,11030.5,11105.57,10941.38,11016.36,0,5511.85
08-Jul-2014,11004.76,11177.82,10945.93,11118.38,0,1342.48
09-Jul-2014,11123.57,11154.07,11022.46,11052.76,0,1761.11
10-Jul-2014,11095.93,11205.33,11041.96,11151.09,0,2787.78
11-Jul-2014,11178.55,11253.13,10967.26,11040.93,0,2446.54
14-Jul-2014,11019.66,11267.85,10922.88,11169.75,0,4182.97
15-Jul-2014,11178.2,11259.13,10994.23,11074.41,0,1482.64
16-Jul-2014,11073.36,11232.58,11025.0,11183.74,0,4178.09
17-Jul-2014,11212.36,11299.05,11147.47,11234.04,0,3159.51
18-Jul-2014,11244.44,11562.65,11184.22,11501.06,0,1686.12
21-Jul-2014,11458.08,11521.45,11183.41,11245.61,0,2744.8
22-Jul-2014,11282.3,11304.39,11191.22,11213.18,0,2982.11
23-Jul-2014,11249.97,11318.12,11065.85,11133.3,0,4608.7
24-Jul-2014,11137.4,11246.72,10950.32,11058.87,0,3502.21
25-Jul-2014,11033.69,11399.44,10947.22,11310.79,0,3199.47
28-Jul-2014,11311.4,11445.33,11234.92,11368.47,0,5042.23
29-Jul-2014,11355.09,11476.93,11159.84,11280.88,0,7177.13
30-Jul-2014,11294.45,11358.82,11199.07,11263.27,0,3379.76
31-Jul-2014,11295.57,11387.89,11092.5,11183.91,0,2563.05
01-Aug-2014,11196.12,11308.76,11088.22,11200.82,0,3162.28
04-Aug-2014,11193.25,11378.63,11083.82,11268.46,0,3359.07
05-Aug-2014,11284.29,11353.31,11112.01,11180.4,0,3012.21
06-Aug-2014,11127.72,11389.55,11052.5,11313.08,0,1632.14
07-Aug-2014,11282.43,11293.26,11111.93,11122.6,0,2778.8
08-Aug-2014,11114.34,11341.0,11104.02,11330.49,0,2279.86
11-Aug-2014,11291.44,11464.28,11254.43,11426.83,0,7153.53
12-Aug-2014,11381.74,11542.71,11321.23,11481.67,0,1154.2
13-Aug-2014,11470.61,11532.5,11404.39,11466.25,0,3179.36
14-Aug-2014,11468.27,11612.02,11365.14,11508.53,0,2933.46
15-Aug-2014,11482.03,11551.86,11406.76,11476.56,0,2294.45
18-Aug-2014,11458.18,11571.72,11312.72,11425.94,0,2579.84
19-Aug-2014,11416.84,11457.84,11341.9,11382.77,0,4159.02
20-Aug-2014,11364.9,11456.32,11266.73,11358.1,0,2280.61
21-Aug-2014,11337.48,11426.34,11174.21,11262.48,0,1805.31
22-Aug-2014,11262.35,11419.89,11166.85,11323.87,0,2043.59
25-Aug-2014,11340.79,11469.43,11291.36,11419.65,0,2035.23
26-Aug-2014,11410.39,11470.93,11319.68,11380.06,0,4732.54
27-Aug-2014,11365.12,11592.49,11262.45,11488.7,0,1349.56
28-Aug-2014,11482.02,11547.73,11357.26,11422.63,0,3594.89
29-Aug-2014,11487.99,11588.12,11247.21,11346.1,0,2392.42
01-Sep-2014,11332.41,11689.64,11273.57,11629.25,0,3458.63
02-Sep-2014,11648.07,11778.01,11568.87,11698.46,0,2587.64
03-Sep-2014,11661.19,11717.41,11579.58,11635.68,0,5553.61
04-Sep-2014,11627.3,11727.38,11434.32,11533.59,0,3450.49
05-Sep-2014,11544.93,11590.87,11496.05,11541.98,0,3362.89
08-Sep-2014,11536.98,11646.12,11462.53,11571.44,0,2131.22
09-Sep-2014,11529.69,11532.3,11505.25,11507.86,0,4885.89
10-Sep-2014,11506.8,11757.64,11384.3,11633.8,0,2902.78
11-Sep-2014,11615.53,11728.38,11323.99,11435.09,0,3631.5
12-Sep-2014,11434.12,11560.41,11330.46,11456.55,0,3251.23
15-Sep-2014,11476.17,11614.95,11370.63,11509.1,0,6365.36
16-Sep-2014,11486.04,11588.45,11325.67,11427.55,0,5982.11
17-Sep-2014,11439.63,11463.89,11428.74,11452.98,0,2828.19
18-Sep-2014,11522.45,11617.45,11207.6,11300.77,0,3425.71
19-Sep-2014,11335.96,11412.81,11182.32,11258.64,0,3859.8
22-Sep-2014,11242.24,11290.07,11165.03,11212.74,0,2804.48
23-Sep-2014,11226.98,11319.62,11091.15,11183.43,0,2872.95
24-Sep-2014,11171.7,11273.53,11120.35,11221.96,0,4588.16
25-Sep-2014,11228.81,11351.0,11031.01,11152.37,0,5179.66
26-Sep-2014,11198.3,11329.09,11123.57,11253.99,0,2906.7
29-Sep-2014,11217.94,11313.79,11171.11,11266.75,0,1478.66
30-Sep-2014,11302.97,11367.26,11224.44,11288.65,0,1933.02
01-Oct-2014,11299.96,11458.3,11150.09,11308.32,0,2053.56
02-Oct-2014,11269.37,11332.24,11147.23,11209.77,0,1927.86
03-Oct-2014,11191.31,11359.66,11121.92,11289.66,0,2027.02
06-Oct-2014,11263.3,11383.82,11165.45,11285.78,0,2955.6
07-Oct-2014,11252.29,11407.07,11130.62,11285.05,0,6546.37
08-Oct-2014,11347.75,11535.68,11224.62,11411.86,0,1833.04
09-Oct-2014,11404.89,11511.97,11264.35,11371.11,0,3649.26
10-Oct-2014,11378.98,11623.29,11298.36,11541.52,0,2414.86
13-Oct-2014,11536.66,11693.63,11410.93,11567.56,0,3434.47
14-Oct-2014,11548.21,11960.01,11465.57,11875.02,0,1305.39
15-Oct-2014,11875.66,11956.21,11778.48,11858.91,0,1480.99
16-Oct-2014,11869.63,11928.77,11796.89,11855.97,0,5882.6
17-Oct-2014,11856.96,11915.06,11788.08,11846.12,0,2562.14
20-Oct-2014,11858.15,12028.97,11787.16,11957.39,0,3020.63
21-Oct-2014,11939.54,11986.09,11867.49,11913.94,0,1373.16
22-Oct-2014,11939.25,12056.33,11882.7,11999.5,0,2670.66
23-Oct-2014,12017.51,12266.06,11917.44,12164.76,0,5117.99
24-Oct-2014,12172.62,12283.28,12087.6,12198.08,0,2293.71
27-Oct-2014,12216.2,12290.86,12167.88,12242.43,0,3130.71
28-Oct-2014,12232.17,12259.08,12158.39,12185.2,0,2678.72
29-Oct-2014,12153.45,12354.22,12094.07,12294.16,0,3035.92
30-Oct-2014,12308.89,12778.52,12239.77,12707.17,0,2654.65
31-Oct-2014,12664.51,12691.24,12626.41,12653.12,0,2937.94
03-Nov-2014,12670.52,12751.51,12610.45,12691.35,0,5591.58
04-Nov-2014,12696.12,12815.57,12659.34,12778.55,0,2093.03
05-Nov-2014,12774.08,12961.24,12620.59,12807.35,0,3141.12
06-Nov-2014,12762.49,13045.86,12683.01,12965.12,0,1311.5
07-Nov-2014,12948.06,13047.83,12884.1,12983.69,0,3708.38
10-Nov-2014,12994.92,13167.68,12918.09,13090.28,0,3459.21
11-Nov-2014,13096.77,13239.75,13034.64,13177.24,0,1736.92
12-Nov-2014,13178.61,13336.13,13068.77,13225.89,0,4280.8
13-Nov-2014,13231.89,13374.4,13141.07,13283.22,0,2008.75
14-Nov-2014,13264.04,13339.05,13170.04,13244.94,0,2643.31
17-Nov-2014,13263.47,13575.43,13147.22,13457.48,0,3907.77
18-Nov-2014,13461.44,13595.56,13349.37,13483.31,0,2828.83
19-Nov-2014,13504.99,13659.09,13378.07,13531.91,0,3270.16
20-Nov-2014,13505.38,13745.49,13440.51,13679.78,0,2688.8
21-Nov-2014,13686.61,13928.9,13635.1,13876.67,0,3684.33
24-Nov-2014,13894.67,13990.89,13614.69,13709.63,0,1563.2
25-Nov-2014,13728.71,13730.99,13658.41,13660.68,0,2441.71
26-Nov-2014,13612.71,13664.23,13601.35,13652.84,0,2417.23
27-Nov-2014,13659.35,13786.83,13654.21,13781.64,0,2353.27
28-Nov-2014,13808.55,13991.76,13677.47,13860.19,0,2565.39
01-Dec-2014,13890.48,14099.3,13790.36,13998.4,0,2545.77
02-Dec-2014,13988.56,14182.5,13874.66,14067.95,0,5343.01
03-Dec-2014,14132.75,14228.34,13839.04,13933.28,0,1479.63
04-Dec-2014,13893.63,13942.57,13845.74,13894.68,0,6734.3
05-Dec-2014,13887.73,14184.75,13714.39,14009.88,0,2383.32
08-Dec-2014,13964.76,14299.32,13862.06,14194.93,0,3316.68
09-Dec-2014,14198.44,14410.17,14096.85,14307.8,0,2077.35
10-Dec-2014,14281.98,14456.38,14250.72,14424.81,0,2633.55
11-Dec-2014,14396.63,14535.12,14336.41,14474.58,0,1514.58
12-Dec-2014,14511.73,14582.72,14371.33,14441.99,0,5145.91
15-Dec-2014,14449.3,14775.99,14293.64,14618.5,0,915.2
16-Dec-2014,14623.92,14940.22,14557.38,14872.55,0,2096.81
17-Dec-2014,14869.62,14935.44,14713.96,14779.38,0,2376.65
18-Dec-2014,14808.36,14882.09,14705.42,14778.99,0,3567.32
19-Dec-2014,14775.33,14980.83,14668.61,14873.4,0,2664.18
22-Dec-2014,14880.32,15008.55,14615.65,14742.7,0,1205.88
23-Dec-2014,14737.48,14873.39,14713.04,14848.76,0,4833.37
24-Dec-2014,14891.18,15176.86,14834.78,15119.59,0,2876.48
25-Dec-2014,15141.22,15368.92,15048.37,15275.25,0,2966.56
26-Dec-2014,15284.87,15543.28,15189.69,15447.09,0,4847.8
29-Dec-2014,15428.43,15716.69,15338.17,15625.28,0,2508.73
30-Dec-2014,15586.46,15725.15,15387.38,15525.54,0,4161.17
31-Dec-2014,15508.26,15740.81,15402.52,15634.21,0,2962.5
01-Jan-2015,15646.33,15845.83,15526.25,15725.15,0,3336.2
02-Jan-2015,15763.98,15871.15,15617.3,15724.2,0,3501.83
05-Jan-2015,15728.6,15806.84,15491.81,15569.25,0,5248.09
06-Jan-2015,15578.4,15692.4,15376.11,15489.45,0,2260.54
07-Jan-2015,15488.6,15861.77,15343.09,15714.15,0,3609.15
08-Jan-2015,15704.95,16033.74,15559.15,15886.27,0,4335.64
09-Jan-2015,15903.41,16050.09,15654.92,15800.65,0,2627.62
12-Jan-2015,15831.0,15902.2,15351.32,15420.67,0,2470.47
13-Jan-2015,15462.78,15504.01,15223.22,15263.91,0,1969.27
14-Jan-2015,15266.26,15522.83,15195.69,15451.41,0,3505.48
15-Jan-2015,15487.76,15502.06,15144.69,15158.68,0,2460.14
16-Jan-2015,15155.05,15457.48,15012.51,15313.45,0,2870.13
19-Jan-2015,15367.31,15535.08,15242.52,15409.95,0,3648.34
20-Jan-2015,15407.85,15429.49,15308.78,15330.31,0,1712.44
21-Jan-2015,15304.62,15371.71,15275.26,15342.28,0,3351.62
22-Jan-2015,15355.9,15576.14,15272.53,15492.03,0,1918.79
23-Jan-2015,15561.63,15696.94,15432.94,15568.19,0,2849.9
26-Jan-2015,15570.42,15851.25,15403.29,15682.91,0,4349.44
27-Jan-2015,15638.26,15996.85,15535.82,15892.75,0,1299.79
28-Jan-2015,15819.91,16030.48,15782.61,15992.77,0,3707.14
29-Jan-2015,16009.6,16301.62,15849.05,16139.76,0,2195.87
30-Jan-2015,16125.08,16257.39,15836.99,15968.01,0,3422.11
02-Feb-2015,15948.49,16102.63,15661.1,15813.95,0,1987.04
03-Feb-2015,15825.41,15888.41,15814.3,15877.27,0,2650.36
04-Feb-2015,15884.34,15935.95,15764.56,15815.94,0,2530.32
05-Feb-2015,15749.52,15831.57,15607.3,15689.03,0,3632.43
06-Feb-2015,15649.53,15739.05,15588.41,15677.81,0,4063.26
09-Feb-2015,15633.23,15952.29,15522.22,15839.81,0,3421.43
10-Feb-2015,15767.68,16014.74,15689.71,15935.93,0,4726.15
11-Feb-2015,15948.68,16051.92,15907.48,16010.55,0,1821.19
12-Feb-2015,16005.41,16098.51,15849.59,15942.33,0,2826.44
13-Feb-2015,15950.37,15985.48,15876.0,15911.03,0,1970.73
16-Feb-2015,15911.86,15968.33,15796.01,15852.26,0,4829.72
17-Feb-2015,15931.6,16161.97,15816.2,16045.75,0,4835.57
18-Feb-2015,16076.0,16155.92,15849.86,15929.04,0,4594.2
19-Feb-2015,15926.06,16012.99,15820.91,15907.75,0,2199.33
20-Feb-2015,15901.67,16037.88,15785.62,15921.68,0,2181.41
23-Feb-2015,15914.53,16068.78,15695.35,15848.96,0,2676.18
24-Feb-2015,15894.1,16048.93,15655.06,15809.05,0,2505.33
25-Feb-2015,15830.35,16046.51,15758.55,15974.06,0,3773.71
26-Feb-2015,15960.04,16078.19,15858.89,15976.93,0,1101.25
27-Feb-2015,15978.57,16194.29,15862.42,16077.42,0,3558.17
02-Mar-2015,16079.33,16158.04,15913.81,15992.09,0,1464.63
03-Mar-2015,15910.88,15982.29,15836.0,15907.4,0,3802.62
04-Mar-2015,15928.38,15992.76,15727.0,15790.82,0,7682.97
05-Mar-2015,15815.18,15886.54,15632.88,15703.74,0,3005.02
06-Mar-2015,15778.28,15808.86,15707.59,15738.09,0,3679.07
09-Mar-2015,15730.41,15830.81,15616.16,15716.47,0,3028.69
10-Mar-2015,15716.33,15756.02,15689.2,15728.87,0,3323.75
11-Mar-2015,15708.27,15770.17,15440.72,15501.81,0,4394.11
12-Mar-2015,15506.41,15784.6,15469.02,15746.63,0,1921.03
13-Mar-2015,15823.41,15958.61,15527.37,15661.19,0,2801.78
16-Mar-2015,15659.14,15802.0,15464.04,15606.42,0,4231.37
17-Mar-2015,15580.34,15721.87,15461.96,15603.31,0,3365.02
18-Mar-2015,15623.01,15725.9,15526.08,15628.93,0,2243.46
19-Mar-2015,15639.02,15683.8,15636.47,15681.24,0,4696.53
20-Mar-2015,15717.17,15806.15,15603.97,15692.81,0,2442.54
23-Mar-2015,15746.74,15830.25,15560.79,15643.75,0,1189.34
24-Mar-2015,15626.23,15968.79,15580.54,15922.23,0,4049.64
25-Mar-2015,15906.77,16016.94,15854.83,15964.81,0,4773.43
26-Mar-2015,15973.63,16250.5,15831.23,16106.91,0,5979.27
27-Mar-2015,16112.88,16264.48,15750.43,15900.02,0,3957.28
30-Mar-2015,15885.23,16012.65,15629.69,15756.07,0,1711.05
31-Mar-2015,15754.14,16037.67,15585.53,15867.84,0,1237.31
01-Apr-2015,15888.4,16092.96,15816.38,16020.34,0,1254.87
02-Apr-2015,16059.68,16172.88,15867.88,15980.53,0,5312.26
03-Apr-2015,15973.56,16171.43,15857.92,16055.2,0,2831.28
06-Apr-2015,16060.76,16191.96,15794.29,15924.36,0,3559.21
07-Apr-2015,15970.37,16045.49,15867.81,15942.8,0,3236.22
08-Apr-2015,15936.64,16027.59,15870.89,15961.73,0,4300.46
09-Apr-2015,15977.01,16038.19,15878.32,15939.36,0,2498.55
10-Apr-2015,15920.62,15957.15,15871.04,15907.55,0,2980.74
13-Apr-2015,15924.39,16021.71,15857.92,15955.11,0,2366.6
14-Apr-2015,15943.8,16215.73,15858.44,16129.38,0,4176.93
15-Apr-2015,16152.59,16204.87,15712.01,15763.03,0,2972.68
16-Apr-2015,15762.58,15916.91,15638.98,15793.07,0,4626.56
17-Apr-2015,15814.04,16010.12,15717.96,15913.44,0,7259.8
20-Apr-2015,15936.3,16275.26,15830.47,16167.89,0,2157.42
21-Apr-2015,16177.92,16293.94,16023.71,16139.46,0,5378.97
22-Apr-2015,16169.02,16444.28,16071.5,16345.7,0,2910.63
23-Apr-2015,16390.6,16456.99,15953.44,16018.32,0,2449.85
24-Apr-2015,16041.19,16107.84,15772.43,15838.24,0,7950.03
27-Apr-2015,15877.76,16031.81,15453.91,15605.32,0,5725.88
28-Apr-2015,15623.78,15820.41,15498.67,15694.73,0,1690.67
29-Apr-2015,15692.47,15842.9,15304.02,15452.15,0,2141.05
30-Apr-2015,15437.86,15752.97,15305.61,15619.17,0,5502.05
01-May-2015,15570.92,15662.0,15193.83,15283.22,0,5048.93
04-May-2015,15243.65,15255.2,15228.9,15240.45,0,5119.85
05-May-2015,15238.4,15400.4,15190.03,15351.67,0,2433.09
06-May-2015,15377.24,15399.72,15224.13,15246.42,0,3614.92
07-May-2015,15263.44,15413.17,15010.83,15159.55,0,3052.91
08-May-2015,15158.69,15407.31,15041.27,15288.88,0,1578.73
11-May-2015,15323.54,15469.68,15208.54,15354.44,0,1817.27
12-May-2015,15328.65,15579.74,15250.14,15500.35,0,2878.61
13-May-2015,15501.85,15523.63,15360.59,15382.21,0,3144.89
14-May-2015,15390.42,15485.99,15053.41,15147.47,0,1624.7
15-May-2015,15138.67,15283.18,15025.17,15169.46,0,3007.49
18-May-2015,15133.36,15271.34,15064.5,15202.17,0,1847.01
19-May-2015,15172.64,15489.13,15023.62,15338.48,0,3687.11
20-May-2015,15296.84,15375.57,15172.39,15250.88,0,4000.61
21-May-2015,15299.74,15436.85,15204.55,15341.4,0,2463.04
22-May-2015,15348.31,15394.34,15159.35,15204.95,0,2628.3
25-May-2015,15185.73,15335.02,14782.01,14928.78,0,2795.94
26-May-2015,14930.35,15084.68,14640.81,14793.73,0,3646.38
27-May-2015,14788.2,15053.74,14762.9,15028.04,0,3054.0
28-May-2015,15033.66,15176.0,14709.97,14850.57,0,3521.91
29-May-2015,14859.55,14986.01,14774.45,14900.68,0,2306.58
01-Jun-2015,14910.64,15090.63,14795.05,14974.54,0,1685.55
02-Jun-2015,14989.74,15209.84,14890.81,15110.11,0,5087.9
03-Jun-2015,15104.01,15253.79,15013.59,15163.02,0,2296.34
04-Jun-2015,15137.0,15253.44,15075.55,15191.77,0,2354.8
05-Jun-2015,15206.44,15334.57,14899.87,15026.48,0,3231.03
08-Jun-2015,15037.32,15119.87,14957.62,15040.15,0,1344.27
09-Jun-2015,14987.8,15259.55,14941.25,15212.3,0,3026.12
10-Jun-2015,15212.18,15277.41,15188.19,15253.37,0,2637.97
11-Jun-2015,15226.99,15372.31,15055.33,15200.39,0,5946.31
12-Jun-2015,15156.57,15251.44,15081.7,15176.47,0,2860.29
15-Jun-2015,15190.84,15300.87,15032.98,15142.67,0,2291.6
16-Jun-2015,15146.6,15286.17,14869.63,15007.93,0,3682.15
17-Jun-2015,15012.23,15200.67,14936.68,15124.57,0,3427.83
18-Jun-2015,15124.84,15372.82,14922.52,15169.89,0,4001.91
19-Jun-2015,15192.0,15383.15,14974.77,15165.59,0,3568.59
22-Jun-2015,15163.81,15374.82,15014.07,15224.48,0,2616.8
23-Jun-2015,15240.17,15371.49,15124.87,15256.06,0,3514.38
24-Jun-2015,15232.24,15473.0,15158.03,15397.99,0,1797.33
25-Jun-2015,15395.71,15430.69,15229.9,15264.59,0,3267.42
26-Jun-2015,15290.43,15292.79,15249.92,15252.27,0,2603.33
29-Jun-2015,15249.07,15314.7,15142.12,15207.56,0,3532.21
30-Jun-2015,15161.82,15206.86,15141.77,15186.78,0,3696.98
01-Jul-2015,15185.55,15277.72,14889.05,14979.97,0,2455.25
02-Jul-2015,14987.83,15152.12,14919.37,15083.22,0,2018.39
03-Jul-2015,15064.31,15195.6,14751.65,14881.35,0,1634.46
06-Jul-2015,14903.19,15094.13,14846.08,15036.51,0,11390.07
07-Jul-2015,14978.42,15233.11,14895.3,15149.05,0,3588.78
08-Jul-2015,15085.5,15233.13,14921.98,15069.46,0,4651.0
09-Jul-2015,15091.81,15246.98,15035.81,15190.61,0,2913.58
10-Jul-2015,15159.71,15425.21,15006.94,15271.31,0,3031.89
13-Jul-2015,15270.45,15401.31,15107.95,15238.53,0,3487.51
14-Jul-2015,15246.56,15372.63,15130.63,15256.62,0,1498.67
15-Jul-2015,15217.9,15533.83,15123.6,15438.17,0,3399.71
16-Jul-2015,15453.6,15609.57,15329.03,15484.75,0,5047.2
17-Jul-2015,15442.07,15543.83,15218.43,15319.39,0,1437.43
20-Jul-2015,15329.43,15615.22,15195.37,15479.85,0,2994.76
21-Jul-2015,15454.82,15860.17,15377.68,15781.39,0,2568.76
22-Jul-2015,15792.31,15948.38,15688.0,15843.74,0,2602.37
23-Jul-2015,15852.91,16084.92,15770.54,16001.77,0,3526.52
24-Jul-2015,16021.5,16136.76,15920.68,16035.84,0,2839.14
27-Jul-2015,15989.82,16295.97,15922.94,16228.1,0,2943.09
28-Jul-2015,16248.77,16349.74,15754.65,15853.16,0,1990.91
29-Jul-2015,15846.22,16015.23,15839.15,16008.08,0,2973.0
30-Jul-2015,15989.36,16316.99,15890.21,16216.44,0,2899.94
31-Jul-2015,16181.89,16215.36,16053.87,16087.14,0,2825.69
03-Aug-2015,16135.32,16376.31,16019.39,16259.49,0,2973.66
04-Aug-2015,16264.32,16394.74,16135.33,16265.74,0,2961.59
05-Aug-2015,16319.29,16492.31,16165.03,16337.87,0,2643.7
06-Aug-2015,16341.78,16438.25,16106.09,16201.74,0,2191.27
07-Aug-2015,16199.45,16353.08,15866.76,16018.68,0,4233.78
10-Aug-2015,16064.57,16488.61,15939.36,16361.09,0,2811.05
11-Aug-2015,16345.67,16525.47,16065.19,16243.87,0,3388.94
12-Aug-2015,16206.19,16254.15,15915.52,15962.76,0,2599.09
13-Aug-2015,15905.87,15973.3,15895.65,15963.04,0,3119.18
14-Aug-2015,15956.06,16237.09,15853.14,16133.02,0,2709.03
17-Aug-2015,16144.05,16329.15,15812.09,15995.49,0,2613.98
18-Aug-2015,16004.54,16170.83,15635.72,15799.88,0,3508.45
19-Aug-2015,15836.77,15889.05,15577.04,15628.63,0,3247.53
20-Aug-2015,15623.53,15988.82,15448.55,15811.73,0,5845.19
21-Aug-2015,15834.17,15858.25,15832.83,15856.9,0,2035.87
24-Aug-2015,15861.03,15969.99,15664.38,15772.73,0,4570.85
25-Aug-2015,15739.73,15819.91,15629.49,15709.53,0,5854.39
26-Aug-2015,15709.83,15891.78,15277.15,15456.17,0,6865.64
27-Aug-2015,15448.21,15566.68,15275.91,15393.96,0,4270.37
28-Aug-2015,15428.34,15511.63,15094.52,15176.45,0,2651.62
31-Aug-2015,15163.09,15343.28,14954.82,15134.67,0,2319.02
01-Sep-2015,15140.27,15235.91,15103.81,15199.3,0,1430.18
02-Sep-2015,15180.05,15214.94,15052.41,15087.08,0,1793.8
03-Sep-2015,15092.25,15199.93,14875.28,14982.16,0,5559.48
04-Sep-2015,14941.08,15082.64,14781.63,14923.01,0,2493.72
07-Sep-2015,14907.47,14931.82,14854.06,14878.37,0,2882.47
08-Sep-2015,14934.29,15000.49,14712.97,14778.48,0,3875.91
09-Sep-2015,14771.84,14832.13,14535.07,14594.64,0,3306.7
10-Sep-2015,14605.26,14619.29,14363.89,14377.71,0,2276.85
11-Sep-2015,14409.69,14488.62,14273.89,14352.51,0,5699.07
14-Sep-2015,14304.5,14453.41,14209.95,14358.5,0,5319.13
15-Sep-2015,14326.43,14547.16,14172.26,14392.28,0,2350.0
16-Sep-2015,14403.11,14509.34,14041.88,14146.21,0,1756.84
17-Sep-2015,14126.05,14214.98,14029.01,14117.89,0,1891.68
18-Sep-2015,14139.99,14229.63,14075.11,14164.64,0,1467.22
21-Sep-2015,14195.4,14316.79,13915.03,14035.04,0,5481.17
22-Sep-2015,14030.63,14045.82,13775.1,13790.02,0,1671.11
23-Sep-2015,13808.0,13959.82,13685.2,13836.76,0,1790.13
24-Sep-2015,13862.99,14125.12,13789.69,14050.82,0,4014.79
25-Sep-2015,14070.52,14241.41,13587.9,13754.96,0,3548.06
28-Sep-2015,13737.84,13819.78,13550.0,13631.3,0,4631.59
29-Sep-2015,13624.33,13717.98,13533.18,13626.81,0,3364.28
30-Sep-2015,13604.98,13682.6,13567.29,13644.8,0,1020.57
01-Oct-2015,13632.45,13740.55,13402.77,13509.9,0,2803.54
02-Oct-2015,13522.19,13641.24,13394.14,13513.12,0,2300.6
05-Oct-2015,13536.18,13656.42,13235.67,13354.3,0,2565.29
06-Oct-2015,13343.19,13455.0,13290.51,13402.08,0,1785.25
07-Oct-2015,13405.52,13476.92,13293.89,13365.07,0,2226.53
08-Oct-2015,13369.93,13481.33,13210.38,13321.38,0,4405.55
09-Oct-2015,13293.39,13370.25,13233.41,13310.18,0,3157.76
12-Oct-2015,13321.04,13572.93,13249.0,13499.93,0,2275.85
13-Oct-2015,13487.36,13580.27,13264.67,13356.67,0,5145.02
14-Oct-2015,13366.58,13456.82,13263.3,13353.45,0,3194.4
15-Oct-2015,13380.36,13603.58,13342.44,13565.14,0,7020.19
16-Oct-2015,13557.81,13829.49,13411.56,13681.91,0,3000.49
19-Oct-2015,13671.5,13672.12,13624.22,13624.84,0,1695.79
20-Oct-2015,13669.14,13809.22,13444.39,13583.6,0,4487.37
21-Oct-2015,13577.86,13716.06,13435.75,13573.91,0,2542.6
22-Oct-2015,13542.18,13678.98,13434.41,13570.98,0,1268.52
23-Oct-2015,13551.52,13744.13,13414.62,13606.68,0,4315.81
26-Oct-2015,13656.59,13798.65,13330.13,13470.25,0,4019.92
27-Oct-2015,13444.67,13554.44,13318.49,13428.12,0,2853.55
28-Oct-2015,13393.79,13542.9,13083.21,13230.5,0,2649.89
29-Oct-2015,13216.31,13293.71,13094.53,13171.67,0,1551.35
30-Oct-2015,13197.39,13256.47,13147.9,13206.93,0,1576.45
02-Nov-2015,13216.88,13297.88,13126.07,13207.01,0,3473.15
03-Nov-2015,13140.39,13357.4,13090.09,13306.46,0,2589.36
04-Nov-2015,13266.91,13313.75,13187.53,13234.24,0,1758.45
05-Nov-2015,13261.07,13284.77,13244.48,13268.18,0,3330.91
06-Nov-2015,13298.56,13368.03,13136.87,13205.86,0,2376.86
09-Nov-2015,13238.4,13407.04,13119.79,13287.98,0,5097.04
10-Nov-2015,13259.82,13505.19,13143.56,13387.82,0,4159.31
11-Nov-2015,13411.96,13539.69,13233.31,13360.54,0,2802.68
12-Nov-2015,13362.93,13442.56,13144.39,13223.18,0,2918.9
13-Nov-2015,13180.24,13248.88,12853.96,12921.26,0,1949.92
16-Nov-2015,12950.81,13018.94,12799.28,12866.96,0,1271.06
17-Nov-2015,12850.9,12954.38,12800.74,12904.01,0,2579.69
18-Nov-2015,12928.49,13045.39,12683.25,12798.98,0,2336.19
19-Nov-2015,12773.71,12799.86,12717.92,12744.01,0,3181.12
20-Nov-2015,12784.29,12981.15,12626.05,12822.44,0,3726.76
23-Nov-2015,12798.69,12827.51,12715.04,12743.74,0,3111.78
24-Nov-2015,12755.41,13054.56,12617.43,12914.86,0,1654.55
25-Nov-2015,12951.28,13044.27,12561.71,12652.56,0,3777.77
26-Nov-2015,12668.27,12707.07,12489.24,12527.61,0,3950.99
27-Nov-2015,12521.25,12569.01,12450.7,12498.38,0,2909.59
30-Nov-2015,12458.1,12520.16,12327.0,12388.72,0,4993.38
01-Dec-2015,12374.71,12416.12,12236.13,12277.22,0,3267.74
02-Dec-2015,12288.88,12380.95,12130.45,12222.02,0,1999.45
03-Dec-2015,12230.2,12420.13,12089.14,12278.51,0,2504.92
04-Dec-2015,12267.36,12356.64,12245.33,12334.49,0,1706.96
07-Dec-2015,12336.45,12399.96,12247.04,12310.41,0,2854.7
08-Dec-2015,12335.44,12758.22,12221.52,12641.47,0,5493.72
09-Dec-2015,12673.43,12791.43,12531.63,12649.41,0,3656.47
10-Dec-2015,12585.75,12906.25,12484.65,12803.4,0,5852.65
11-Dec-2015,12806.88,12949.64,12762.52,12904.93,0,2964.23
14-Dec-2015,12899.78,13042.64,12557.24,12697.86,0,2115.71
15-Dec-2015,12691.31,12822.75,12634.09,12765.2,0,3899.16
16-Dec-2015,12783.48,12895.94,12703.24,12815.49,0,3838.71
17-Dec-2015,12853.1,13054.33,12801.18,13001.81,0,6689.13
18-Dec-2015,12995.35,13276.11,12923.91,13203.52,0,2573.31
21-Dec-2015,13164.42,13266.0,13074.95,13176.45,0,1741.29
22-Dec-2015,13165.46,13236.38,13059.92,13130.66,0,3517.25
23-Dec-2015,13133.4,13329.42,13089.3,13284.81,0,1841.65
24-Dec-2015,13310.07,13406.23,13081.89,13177.09,0,2095.74
25-Dec-2015,13226.82,13285.49,12939.36,12997.01,0,3130.96
28-Dec-2015,12959.14,13262.15,12853.19,13154.6,0,3701.47
29-Dec-2015,13184.02,13218.64,13141.52,13176.12,0,2087.76
30-Dec-2015,13170.9,13290.09,13030.59,13149.59,0,3475.17
31-Dec-2015,13140.52,13196.98,13085.07,13141.52,0,2027.66
01-Jan-2016,13107.58,13241.35,13047.95,13181.37,0,3411.51
04-Jan-2016,13156.03,13181.24,13133.08,13158.29,0,2014.22
05-Jan-2016,13169.79,13282.08,12828.01,12938.33,0,2069.9
06-Jan-2016,12898.51,13208.72,12803.47,13112.11,0,1855.85
07-Jan-2016,13140.53,13340.1,13084.53,13283.49,0,3906.44
08-Jan-2016,13291.9,13478.92,13236.12,13422.59,0,3001.87
11-Jan-2016,13425.25,13572.53,13293.08,13440.2,0,3838.81
12-Jan-2016,13456.35,13636.39,13155.46,13333.87,0,2625.9
13-Jan-2016,13325.46,13439.83,13313.51,13427.79,0,3494.21
14-Jan-2016,13472.79,13633.51,13397.01,13557.26,0,3252.02
15-Jan-2016,13566.57,13613.33,13415.79,13462.19,0,2132.01
18-Jan-2016,13449.11,13594.54,13237.55,13382.25,0,2439.55
19-Jan-2016,13451.9,13511.94,13343.24,13403.06,0,1389.99
20-Jan-2016,13413.39,13468.96,13311.74,13367.12,0,2234.67
21-Jan-2016,13369.01,13430.5,13291.36,13352.77,0,2011.98
22-Jan-2016,13348.03,13516.42,13196.96,13365.15,0,3575.59
25-Jan-2016,13379.27,13590.44,13288.19,13498.55,0,2555.73
26-Jan-2016,13525.33,13749.6,13494.3,13718.14,0,2517.68
27-Jan-2016,13767.98,13805.61,13583.93,13621.16,0,4931.0
28-Jan-2016,13682.27,13728.54,13536.96,13582.89,0,6096.16
29-Jan-2016,13560.15,13682.02,13525.22,13646.87,0,4357.7
01-Feb-2016,13643.73,13696.06,13631.75,13684.04,0,3232.69
02-Feb-2016,13654.35,13747.89,13499.82,13592.94,0,2809.82
03-Feb-2016,13589.73,13713.72,13509.47,13633.21,0,4645.33
04-Feb-2016,13603.93,13739.48,13549.31,13684.54,0,2961.49
05-Feb-2016,13696.54,13780.39,13501.37,13584.54,0,4391.11
08-Feb-2016,13618.69,13712.24,13580.45,13673.84,0,1690.57
09-Feb-2016,13624.21,13723.85,13569.57,13669.03,0,3694.96
10-Feb-2016,13652.88,13779.03,13520.23,13646.32,0,1468.69
11-Feb-2016,13607.79,13701.28,13526.73,13620.15,0,3139.94
12-Feb-2016,13632.2,13651.2,13565.66,13584.59,0,2592.09
15-Feb-2016,13494.92,13739.34,13415.03,13658.49,0,2335.72
16-Feb-2016,13634.81,13966.85,13507.69,13837.83,0,2086.38
17-Feb-2016,13875.5,13926.03,13649.23,13699.12,0,3199.7
18-Feb-2016,13698.76,13751.5,13656.81,13709.51,0,2735.09
19-Feb-2016,13721.36,13819.85,13534.58,13632.43,0,2751.67
22-Feb-2016,13620.37,13712.79,13267.86,13358.5,0,6727.23
23-Feb-2016,13389.22,13498.31,13266.67,13375.66,0,3326.16
24-Feb-2016,13387.76,13571.98,13181.04,13364.95,0,2436.12
25-Feb-2016,13315.11,13457.9,13270.98,13413.45,0,2704.78
26-Feb-2016,13426.42,13704.89,13351.04,13628.38,0,2792.56
29-Feb-2016,13614.04,13839.79,13539.73,13764.65,0,1985.55
01-Mar-2016,13781.14,13916.99,13688.76,13824.32,0,2586.44
02-Mar-2016,13852.33,13923.42,13639.63,13709.99,0,3812.47
03-Mar-2016,13696.92,13836.87,13573.86,13713.66,0,1864.03
04-Mar-2016,13696.6,13995.13,13600.57,13897.69,0,4271.93
07-Mar-2016,13929.35,13987.8,13846.84,13905.19,0,4009.13
08-Mar-2016,13899.61,13949.01,13850.28,13899.68,0,3224.27
09-Mar-2016,13895.04,14088.56,13793.17,13986.02,0,2152.91
10-Mar-2016,14002.81,14059.64,13808.13,13864.4,0,5742.88
11-Mar-2016,13832.67,13899.43,13784.97,13851.66,0,2240.08
14-Mar-2016,13850.93,13888.43,13828.1,13865.58,0,1202.41
15-Mar-2016,13891.95,14011.2,13840.95,13959.95,0,4176.45
16-Mar-2016,13967.11,14089.99,13821.46,13944.14,0,4557.48
17-Mar-2016,13910.01,13923.46,13802.63,13815.99,0,2118.63
18-Mar-2016,13803.43,13906.87,13583.73,13686.3,0,2968.41
21-Mar-2016,13682.43,13747.23,13661.37,13726.1,0,3466.57
22-Mar-2016,13728.74,13838.91,13592.17,13702.12,0,4749.78
23-Mar-2016,13734.63,14002.12,13646.68,13913.03,0,5683.56
24-Mar-2016,13879.12,13984.73,13800.16,13905.62,0,2463.16
25-Mar-2016,13920.88,14236.45,13774.33,14088.14,0,2345.71
28-Mar-2016,14099.2,14218.01,14004.07,14122.72,0,2070.24
29-Mar-2016,14103.42,14164.92,14051.52,14112.98,0,1821.53
30-Mar-2016,14110.34,14191.09,14042.55,14123.24,0,1683.66
31-Mar-2016,14118.68,14183.79,14057.54,14122.64,0,3739.08
01-Apr-2016,14105.68,14137.02,14030.86,14062.1,0,5287.11
04-Apr-2016,14036.55,14184.54,13944.4,14092.03,0,4338.1
05-Apr-2016,14068.1,14231.07,13676.06,13836.35,0,3032.53
06-Apr-2016,13805.87,14253.89,13669.62,14114.6,0,4708.65
07-Apr-2016,14149.96,14199.8,14109.46,14159.28,0,4663.15
08-Apr-2016,14191.88,14268.6,13962.43,14038.31,0,4359.78
11-Apr-2016,14087.3,14140.05,13860.95,13913.04,0,4914.45
12-Apr-2016,13948.65,14066.34,13672.45,13788.79,0,2913.72
13-Apr-2016,13771.91,13870.0,13597.59,13695.13,0,3306.75
14-Apr-2016,13719.96,13819.85,13536.25,13635.53,0,2315.15
15-Apr-2016,13654.22,13786.44,13557.47,13689.44,0,3178.42
18-Apr-2016,13681.38,13726.17,13547.08,13591.59,0,4025.26
19-Apr-2016,13586.82,13732.62,13530.11,13675.54,0,3797.15
20-Apr-2016,13687.59,13758.12,13675.09,13745.58,0,2181.55
21-Apr-2016,13784.97,13899.42,13737.07,13851.29,0,2561.63
22-Apr-2016,13875.61,13935.77,13695.67,13755.31,0,3561.13
25-Apr-2016,13748.46,13860.45,13689.31,13801.08,0,5050.62
26-Apr-2016,13806.86,13974.39,13763.79,13930.94,0,2144.37
27-Apr-2016,13919.0,14015.65,13755.11,13851.29,0,5337.12
28-Apr-2016,13811.07,13941.45,13764.86,13894.97,0,4889.83
29-Apr-2016,13889.35,14076.71,13867.57,14054.67,0,1837.32
02-May-2016,14096.13,14201.37,14010.25,14115.38,0,4957.7
03-May-2016,14072.7,14084.29,13925.77,13937.25,0,3316.73
04-May-2016,13942.09,13966.51,13797.97,13822.19,0,4718.05
05-May-2016,13791.36,13918.16,13588.5,13714.6,0,1904.18
06-May-2016,13697.38,13946.85,13629.86,13878.44,0,3239.62
09-May-2016,13879.37,13992.95,13813.38,13926.74,0,2921.91
10-May-2016,13896.15,14132.39,13788.89,14024.14,0,3913.58
11-May-2016,13981.93,14112.78,13834.14,13964.83,0,4937.44
12-May-2016,13955.37,14139.16,13736.35,13919.67,0,1878.28
13-May-2016,13951.08,14108.51,13611.66,13767.01,0,2820.94
16-May-2016,13823.3,13947.34,13559.3,13682.08,0,3702.69
17-May-2016,13721.67,13822.08,13544.69,13644.53,0,6136.68
18-May-2016,13603.74,13743.36,13525.61,13664.88,0,4651.88
19-May-2016,13732.51,13781.15,13597.77,13646.1,0,1513.64
20-May-2016,13636.85,13721.45,13415.52,13499.27,0,10584.44
23-May-2016,13526.34,13596.45,13311.55,13380.91,0,1387.97
24-May-2016,13379.09,13481.59,13119.55,13220.84,0,4874.33
25-May-2016,13215.6,13304.27,13054.58,13142.76,0,2442.15
26-May-2016,13121.66,13179.39,13066.17,13123.9,0,1902.51
27-May-2016,13081.92,13330.17,12990.18,13237.34,0,5719.36
30-May-2016,13251.25,13491.06,13146.99,13385.74,0,3172.72
31-May-2016,13437.13,13498.57,13296.07,13357.14,0,2116.75
01-Jun-2016,13374.04,13375.83,13217.68,13219.45,0,4388.54
02-Jun-2016,13217.19,13375.54,13141.66,13299.54,0,1797.58
03-Jun-2016,13318.92,13587.52,13207.93,13475.22,0,2314.58
06-Jun-2016,13515.18,13732.42,13403.8,13620.18,0,6012.34
07-Jun-2016,13539.44,13553.07,13532.67,13546.29,0,3766.8
08-Jun-2016,13523.22,13632.42,13493.09,13602.11,0,4822.19
09-Jun-2016,13568.65,13834.29,13544.24,13809.44,0,4572.32
10-Jun-2016,13799.01,13894.89,13604.76,13699.95,0,2927.84
13-Jun-2016,13702.77,13849.67,13648.25,13794.78,0,3414.28
14-Jun-2016,13783.66,13935.55,13600.99,13752.53,0,4361.66
15-Jun-2016,13762.83,13868.5,13528.49,13633.16,0,2304.88
16-Jun-2016,13599.94,13728.77,13486.95,13615.65,0,2785.62
17-Jun-2016,13607.27,13666.57,13536.92,13596.17,0,2828.51
20-Jun-2016,13647.81,13698.54,13465.52,13515.76,0,3630.3
21-Jun-2016,13568.03,13682.14,13339.92,13453.06,0,2063.26
22-Jun-2016,13470.92,13710.27,13373.61,13611.94,0,3266.14
23-Jun-2016,13603.9,13771.0,13528.86,13695.46,0,2968.33
24-Jun-2016,13680.11,13920.29,13606.74,13846.02,0,3004.83
27-Jun-2016,13832.04,13926.27,13584.44,13677.62,0,1738.93
28-Jun-2016,13663.84,13725.31,13580.91,13642.29,0,2784.18
29-Jun-2016,13634.55,13688.4,13332.64,13385.5,0,6393.22
30-Jun-2016,13393.15,13449.2,13297.65,13353.53,0,2068.23
01-Jul-2016,13351.88,13604.04,13291.01,13542.31,0,2176.84
04-Jul-2016,13540.12,13739.57,13473.92,13672.72,0,3742.54
05-Jul-2016,13689.9,13832.31,13295.52,13435.28,0,2605.37
06-Jul-2016,13460.29,13703.14,13330.15,13571.92,0,1896.41
07-Jul-2016,13627.88,13673.02,13458.1,13502.83,0,5345.45
08-Jul-2016,13516.7,13560.06,13401.84,13444.97,0,5054.09
11-Jul-2016,13453.11,13589.36,13365.05,13501.0,0,3398.43
12-Jul-2016,13453.21,13660.12,13377.73,13583.91,0,2665.13
13-Jul-2016,13555.09,13714.05,13422.02,13580.74,0,1226.32
14-Jul-2016,13554.45,13680.48,13431.26,13557.28,0,1826.55
15-Jul-2016,13556.9,13618.91,13519.79,13581.73,0,4294.54
18-Jul-2016,13606.18,13717.99,13407.52,13518.61,0,3159.06
19-Jul-2016,13526.96,13634.47,13427.04,13534.5,0,2214.64
20-Jul-2016,13562.96,13628.11,13490.66,13555.78,0,1487.17
21-Jul-2016,13542.87,13576.17,13504.98,13538.27,0,4034.97
22-Jul-2016,13469.86,13935.78,13322.34,13784.81,0,4673.25
25-Jul-2016,13805.16,13866.2,13604.15,13664.57,0,1989.75
26-Jul-2016,13678.56,13732.56,13281.16,13333.8,0,1557.97
27-Jul-2016,13331.26,13724.88,13136.02,13526.77,0,4840.75
28-Jul-2016,13503.66,13834.18,13326.63,13655.16,0,2327.49
29-Jul-2016,13653.96,13669.1,13500.34,13515.33,0,1762.92
01-Aug-2016,13542.59,13616.56,13493.86,13567.73,0,3951.06
02-Aug-2016,13575.97,13689.43,13367.55,13480.21,0,3092.68
03-Aug-2016,13486.49,13621.38,13435.42,13569.98,0,6582.39
04-Aug-2016,13536.72,13735.26,13463.7,13661.57,0,1658.18
05-Aug-2016,13622.67,13701.42,13501.62,13580.13,0,4952.06
08-Aug-2016,13577.75,13633.59,13471.98,13527.62,0,3617.35
09-Aug-2016,13508.19,13645.97,13292.87,13429.85,0,4144.62
10-Aug-2016,13400.42,13426.27,13359.64,13385.46,0,3307.27
11-Aug-2016,13402.32,13600.04,13264.91,13462.01,0,917.51
12-Aug-2016,13462.11,13560.88,13151.15,13248.35,0,4001.92
15-Aug-2016,13249.44,13377.44,13128.15,13256.08,0,4479.41
16-Aug-2016,13243.05,13361.96,12921.24,13038.31,0,2369.95
17-Aug-2016,13035.18,13123.08,12955.01,13042.86,0,3340.53
18-Aug-2016,12999.5,13070.71,12907.48,12978.57,0,1558.8
19-Aug-2016,12979.9,13220.83,12916.82,13156.89,0,2623.62
22-Aug-2016,13138.89,13209.21,13031.02,13101.13,0,1233.23
23-Aug-2016,13108.47,13204.49,12860.97,12955.87,0,3682.68
24-Aug-2016,12942.5,13083.92,12789.68,12930.98,0,4111.96
25-Aug-2016,12915.54,13063.82,12791.58,12939.63,0,2715.36
26-Aug-2016,12960.39,13392.91,12854.86,13284.74,0,1533.5
29-Aug-2016,13274.25,13394.24,13133.46,13253.27,0,2701.85
30-Aug-2016,13235.45,13280.93,13105.55,13150.73,0,2353.72
31-Aug-2016,13134.06,13277.59,13055.05,13198.2,0,4174.83
01-Sep-2016,13166.79,13258.03,12918.33,13008.47,0,2111.46
02-Sep-2016,12992.4,13373.46,12904.75,13283.84,0,4650.13
05-Sep-2016,13267.67,13384.92,13199.86,13316.86,0,2070.81
06-Sep-2016,13324.71,13531.51,13209.19,13415.21,0,3094.25
07-Sep-2016,13429.55,13642.34,13397.25,13609.6,0,2522.52
08-Sep-2016,13608.05,13641.44,13386.66,13419.58,0,4825.66
09-Sep-2016,13407.12,13514.61,13265.79,13373.01,0,6752.2
12-Sep-2016,13359.09,13451.94,13082.25,13173.81,0,1811.89
13-Sep-2016,13081.31,13191.85,13078.94,13189.45,0,955.25
14-Sep-2016,13155.08,13254.26,12872.7,12970.5,0,1306.78
15-Sep-2016,12987.72,13057.08,12902.4,12971.67,0,2406.98
16-Sep-2016,12982.37,13070.26,12962.5,13050.29,0,1505.92
19-Sep-2016,13058.37,13207.98,13002.33,13151.53,0,3422.3
20-Sep-2016,13146.06,13248.9,13032.58,13135.34,0,4351.09
21-Sep-2016,13129.1,13186.66,12900.58,12957.39,0,1828.86
22-Sep-2016,12970.16,13097.72,12890.99,13018.26,0,3143.58
23-Sep-2016,12982.28,13067.87,12907.78,12993.3,0,2648.3
26-Sep-2016,12979.0,13084.77,12932.25,13037.81,0,3465.41
27-Sep-2016,12996.13,13045.18,12794.79,12843.26,0,1429.08
28-Sep-2016,12813.43,12888.77,12546.81,12621.03,0,1857.99
29-Sep-2016,12621.04,12771.86,12512.32,12662.78,0,1692.74
30-Sep-2016,12636.56,12854.0,12486.54,12703.18,0,4024.32
03-Oct-2016,12727.03,12895.56,12468.3,12635.61,0,3070.61
04-Oct-2016,12660.51,12784.21,12447.53,12570.34,0,2652.72
05-Oct-2016,12539.05,12646.41,12416.17,12523.4,0,3407.64
06-Oct-2016,12486.38,12564.94,12369.36,12447.68,0,3359.25
07-Oct-2016,12426.98,12503.22,12350.64,12426.88,0,3096.59
10-Oct-2016,12463.52,12583.74,12434.87,12554.88,0,3108.48
11-Oct-2016,12544.04,12814.97,12474.81,12744.64,0,1174.04
12-Oct-2016,12693.56,12938.11,12590.44,12833.86,0,2566.56
13-Oct-2016,12819.57,12874.0,12720.36,12774.61,0,3283.4
14-Oct-2016,12793.42,12945.81,12608.27,12760.27,0,3335.5
17-Oct-2016,12722.83,12849.75,12513.8,12639.89,0,4622.92
18-Oct-2016,12635.64,12750.38,12405.65,12519.33,0,3928.54
19-Oct-2016,12529.73,12573.87,12418.61,12462.51,0,4548.77
20-Oct-2016,12504.39,12624.28,12218.34,12336.62,0,3924.34
21-Oct-2016,12358.53,12456.7,12231.45,12329.39,0,2991.03
24-Oct-2016,12351.32,12433.91,12199.65,12281.78,0,3112.4
25-Oct-2016,12280.45,12427.58,12180.25,12327.0,0,3201.64
26-Oct-2016,12339.98,12438.97,12147.3,12245.53,0,2066.27
27-Oct-2016,12245.43,12396.25,12172.39,12322.75,0,4375.85
28-Oct-2016,12342.24,12522.94,12264.94,12444.99,0,1565.51
31-Oct-2016,12521.6,12638.31,12454.07,12570.51,0,3362.31
01-Nov-2016,12655.83,12750.17,12490.73,12584.54,0,4525.04
02-Nov-2016,12576.34,12656.29,12418.58,12498.02,0,2757.02
03-Nov-2016,12473.45,12559.13,12298.89,12383.95,0,2015.66
04-Nov-2016,12386.15,12435.82,12332.42,12382.08,0,1478.26
07-Nov-2016,12346.65,12360.33,12317.62,12331.28,0,3245.47
08-Nov-2016,12344.49,12374.86,12222.06,12252.2,0,3151.49
09-Nov-2016,12187.37,12597.66,12091.92,12499.77,0,1505.72
10-Nov-2016,12480.98,12855.53,12375.81,12748.1,0,3257.22
11-Nov-2016,12711.99,12890.51,12686.52,12864.73,0,2409.75
14-Nov-2016,12835.34,12932.41,12624.78,12720.99,0,2942.62
15-Nov-2016,12694.88,12757.32,12658.41,12720.78,0,2808.64
16-Nov-2016,12741.22,12818.13,12444.96,12520.54,0,4803.13
17-Nov-2016,12527.06,12677.02,12446.33,12595.84,0,4600.7
18-Nov-2016,12570.79,12687.79,12441.16,12558.05,0,1224.14
21-Nov-2016,12558.96,12679.45,12488.44,12608.66,0,5757.86
22-Nov-2016,12614.93,12687.46,12424.8,12496.66,0,1688.18
23-Nov-2016,12474.23,12547.95,12380.61,12454.21,0,5729.03
24-Nov-2016,12481.17,12550.0,12413.82,12482.64,0,4268.57
25-Nov-2016,12492.82,12585.49,12345.37,12437.63,0,2308.86
28-Nov-2016,12437.52,12538.62,12342.36,12443.41,0,2713.85
29-Nov-2016,12416.98,12782.35,12269.74,12632.55,0,3011.94
30-Nov-2016,12653.33,12737.62,12627.65,12711.82,0,2551.05
01-Dec-2016,12699.7,12862.04,12660.21,12822.17,0,5942.06
02-Dec-2016,12842.73,13152.85,12766.26,13075.0,0,4084.64
05-Dec-2016,13076.15,13270.26,12989.32,13182.72,0,5011.48
06-Dec-2016,13137.18,13269.05,12930.41,13061.51,0,1691.75
07-Dec-2016,13084.79,13157.73,12923.83,12996.27,0,4738.15
08-Dec-2016,12998.45,13170.35,12946.66,13118.09,0,2968.29
09-Dec-2016,13103.66,13375.93,12956.8,13227.68,0,4605.83
12-Dec-2016,13227.15,13332.01,12913.73,13016.92,0,3046.48
13-Dec-2016,13019.92,13201.32,12951.25,13132.06,0,2690.78
14-Dec-2016,13109.14,13415.0,12977.32,13281.46,0,3222.05
15-Dec-2016,13207.31,13232.33,13181.05,13206.07,0,4274.98
16-Dec-2016,13215.53,13267.05,13104.69,13155.98,0,3220.01
19-Dec-2016,13207.68,13333.16,12794.52,12917.24,0,4072.35
20-Dec-2016,12940.95,12966.34,12817.09,12842.28,0,4120.86
21-Dec-2016,12846.14,13019.49,12816.02,12989.04,0,2569.41
22-Dec-2016,12953.03,13034.0,12881.81,12962.73,0,1964.71
23-Dec-2016,12971.23,13053.38,12877.51,12959.59,0,1936.34
26-Dec-2016,12998.42,13067.13,12713.96,12781.51,0,4679.63
27-Dec-2016,12788.07,12975.54,12655.45,12842.35,0,2460.69
28-Dec-2016,12822.32,12939.48,12768.76,12885.67,0,2514.26
29-Dec-2016,12884.61,12978.44,12827.37,12921.03,0,2614.74
30-Dec-2016,12911.97,13028.82,12663.6,12779.25,0,2154.7
02-Jan-2017,12736.61,12931.45,12630.03,12824.13,0,2136.62
03-Jan-2017,12855.44,12877.95,12682.28,12704.52,0,1602.37
04-Jan-2017,12713.26,12757.73,12708.9,12753.36,0,3496.73
05-Jan-2017,12736.86,13140.3,12644.92,13046.13,0,3499.32
06-Jan-2017,13024.54,13509.09,12958.25,13440.69,0,3461.26
09-Jan-2017,13451.26,13459.87,13412.21,13420.8,0,2931.36
10-Jan-2017,13437.76,13958.41,13320.73,13837.89,0,1769.56
11-Jan-2017,13864.38,13990.05,13740.19,13865.85,0,1516.86
12-Jan-2017,13876.47,13954.82,13705.41,13783.24,0,2346.12
13-Jan-2017,13775.64,13907.02,13519.32,13649.49,0,2957.18
16-Jan-2017,13620.33,13699.8,13490.47,13569.64,0,2322.86
17-Jan-2017,13506.4,13619.28,13053.45,13163.47,0,6560.27
18-Jan-2017,13155.15,13260.52,13132.49,13237.71,0,2571.95
19-Jan-2017,13245.57,13318.3,13122.71,13195.16,0,1878.32
20-Jan-2017,13183.66,13191.3,13016.2,13023.74,0,2852.32
23-Jan-2017,13042.72,13127.18,12925.86,13010.11,0,4439.13
24-Jan-2017,12976.11,12992.5,12931.87,12948.23,0,3652.28
25-Jan-2017,12978.21,13168.27,12882.47,13071.85,0,6381.32
26-Jan-2017,13069.17,13134.16,12938.96,13003.62,0,3271.29
27-Jan-2017,13006.67,13113.87,12916.1,13023.18,0,6129.04
30-Jan-2017,13079.23,13121.55,12915.46,12957.39,0,2422.18
31-Jan-2017,12934.4,12986.62,12758.92,12810.64,0,2855.9
01-Feb-2017,12825.84,12942.38,12585.79,12701.2,0,6014.78
02-Feb-2017,12682.97,12773.98,12500.65,12591.0,0,5658.48
03-Feb-2017,12586.77,12886.53,12534.12,12832.85,0,3000.07
06-Feb-2017,12771.76,13003.16,12705.03,12935.57,0,4539.46
07-Feb-2017,12924.74,13007.93,12712.01,12794.36,0,4833.41
08-Feb-2017,12789.12,12969.23,12668.74,12848.29,0,2005.75
09-Feb-2017,12852.09,13099.17,12732.94,12978.84,0,1624.57
10-Feb-2017,12933.18,13188.13,12875.51,13129.59,0,3310.71
13-Feb-2017,13128.95,13288.59,12966.11,13125.71,0,8140.43
14-Feb-2017,13134.58,13484.41,13006.23,13353.91,0,2512.27
15-Feb-2017,13334.98,13785.77,13170.04,13617.33,0,2227.49
16-Feb-2017,13651.23,13657.28,13400.17,13406.11,0,2634.52
17-Feb-2017,13428.34,13869.93,13232.7,13670.76,0,4487.24
20-Feb-2017,13675.97,13776.16,13395.91,13494.77,0,4526.2
21-Feb-2017,13478.36,13740.41,13421.21,13682.39,0,5040.17
22-Feb-2017,13674.02,13801.19,13475.03,13601.53,0,1646.9
23-Feb-2017,13655.95,13772.59,13619.49,13735.91,0,1661.29
24-Feb-2017,13722.04,13896.21,13596.29,13770.02,0,2369.25
27-Feb-2017,13731.65,13773.04,13680.01,13721.37,0,2599.72
28-Feb-2017,13715.33,13870.39,13613.58,13768.25,0,1495.4
01-Mar-2017,13845.26,13941.66,13780.48,13876.73,0,2016.55
02-Mar-2017,13846.02,13916.69,13519.01,13588.36,0,3246.41
03-Mar-2017,13632.96,14082.95,13526.54,13973.86,0,4885.89
06-Mar-2017,13993.44,14139.34,13954.53,14100.13,0,1470.09
07-Mar-2017,14151.56,14172.48,14138.92,14159.82,0,1858.44
08-Mar-2017,14165.6,14286.66,14087.52,14208.34,0,2223.35
09-Mar-2017,14255.64,14383.99,14162.6,14290.73,0,3358.87
10-Mar-2017,14316.56,14419.64,14151.46,14254.1,0,2620.95
13-Mar-2017,14223.14,14253.56,14118.83,14149.1,0,2542.53
14-Mar-2017,14118.6,14428.89,14049.69,14358.8,0,2267.88
15-Mar-2017,14335.26,14881.9,14249.93,14793.84,0,4790.75
16-Mar-2017,14784.63,14855.01,14570.45,14640.15,0,1998.82
17-Mar-2017,14656.62,14814.5,14362.09,14518.48,0,2861.87
20-Mar-2017,14564.62,14593.09,14275.86,14303.81,0,4058.1
21-Mar-2017,14245.61,14388.48,13927.1,14068.2,0,3738.56
22-Mar-2017,14044.12,14200.65,13962.08,14118.18,0,3472.02
23-Mar-2017,14109.39,14290.41,14032.47,14212.93,0,4581.51
24-Mar-2017,14157.63,14305.62,14089.64,14237.25,0,2149.29
27-Mar-2017,14279.35,14712.59,14114.11,14544.28,0,3413.51
28-Mar-2017,14524.99,14696.68,14481.46,14652.77,0,2348.62
29-Mar-2017,14654.67,15043.03,14558.79,14945.25,0,2284.89
30-Mar-2017,14928.82,15006.0,14757.56,14834.24,0,3708.83
31-Mar-2017,14869.18,15384.71,14845.87,15360.63,0,2903.88
03-Apr-2017,15302.48,15417.82,15130.59,15245.51,0,2787.59
04-Apr-2017,15274.42,15508.54,15146.61,15379.85,0,2091.37
05-Apr-2017,15379.79,15496.01,15115.28,15230.37,0,2242.37
06-Apr-2017,15198.83,15407.05,15136.4,15344.03,0,2796.17
07-Apr-2017,15325.72,15612.43,15195.03,15480.42,0,3110.12
10-Apr-2017,15470.41,15830.65,15384.48,15743.2,0,1834.6
11-Apr-2017,15785.2,15843.05,15677.9,15735.56,0,1794.76
12-Apr-2017,15734.44,15826.25,15407.04,15497.46,0,3051.39
13-Apr-2017,15553.89,15584.7,15450.93,15481.59,0,2987.85
14-Apr-2017,15492.79,15958.68,15376.75,15840.03,0,3519.74
17-Apr-2017,15877.36,15968.47,15586.32,15676.27,0,2563.79
18-Apr-2017,15689.32,15904.86,15586.13,15800.94,0,8295.58
19-Apr-2017,15825.62,16107.8,15669.82,15950.77,0,1955.03
20-Apr-2017,15924.33,16028.44,15693.36,15796.63,0,2260.79
21-Apr-2017,15783.11,15814.7,15687.34,15718.8,0,3411.05
24-Apr-2017,15733.83,15795.0,15366.88,15426.85,0,3007.99
25-Apr-2017,15399.19,15546.37,15257.16,15404.3,0,5628.66
26-Apr-2017,15463.53,15871.09,15337.43,15742.71,0,3155.53
27-Apr-2017,15737.98,16177.92,15559.74,15996.75,0,2454.21
28-Apr-2017,15961.73,16378.22,15869.87,16284.5,0,3775.23
01-May-2017,16273.33,16469.71,16228.32,16424.28,0,2200.77
02-May-2017,16405.15,16554.59,16234.1,16383.33,0,8657.88
03-May-2017,16308.05,16497.08,16114.15,16303.13,0,3011.94
04-May-2017,16300.49,16451.0,16109.38,16259.51,0,3857.33
05-May-2017,16220.99,16246.82,16004.92,16030.44,0,3226.27
08-May-2017,16019.05,16139.66,15790.78,15910.58,0,1925.13
09-May-2017,15896.25,16373.46,15839.48,16315.2,0,2495.45
10-May-2017,16329.13,16705.68,16210.22,16584.9,0,1962.46
11-May-2017,16559.0,16660.65,16439.23,16540.77,0,2735.44
12-May-2017,16521.71,16622.78,16296.13,16396.43,0,1284.55
15-May-2017,16441.63,16561.17,16319.21,16438.73,0,2600.87
16-May-2017,16425.72,16561.88,16410.21,16546.24,0,2658.72
17-May-2017,16619.13,16633.77,16608.18,16622.82,0,2267.54
18-May-2017,16612.83,16830.77,16475.56,16692.84,0,2952.19
19-May-2017,16696.36,16753.17,16452.4,16508.57,0,3089.95
22-May-2017,16466.72,16708.52,16320.76,16561.72,0,5156.32
23-May-2017,16591.64,16748.63,16135.62,16289.75,0,3864.75
24-May-2017,16273.29,16510.06,16131.46,16367.4,0,3224.98
25-May-2017,16407.63,16520.36,16346.27,16458.8,0,1721.6
26-May-2017,16410.09,16635.97,16329.11,16554.28,0,6230.2
29-May-2017,16573.7,16774.95,16062.68,16260.13,0,2180.27
30-May-2017,16249.1,16455.49,16146.53,16352.27,0,2478.37
31-May-2017,16361.03,16451.05,16088.81,16177.82,0,5164.09
01-Jun-2017,16167.19,16306.78,15897.01,16035.46,0,1588.56
02-Jun-2017,16027.88,16042.0,15881.74,15895.74,0,4655.82
05-Jun-2017,15910.51,16230.98,15722.32,16041.24,0,3897.45
06-Jun-2017,16057.91,16216.72,15866.67,16025.16,0,5691.73
07-Jun-2017,15989.2,16203.68,15864.42,16078.21,0,2798.72
08-Jun-2017,16073.76,16274.2,16001.58,16201.44,0,2484.55
09-Jun-2017,16241.39,16345.03,15803.72,15905.22,0,4138.09
12-Jun-2017,15870.92,16036.77,15658.94,15824.29,0,2835.44
13-Jun-2017,15819.24,16119.69,15708.37,16007.51,0,2465.06
14-Jun-2017,15968.5,16226.92,15898.3,16155.89,0,3757.24
15-Jun-2017,16150.55,16404.42,16067.56,16320.55,0,1986.08
16-Jun-2017,16340.67,16430.3,16232.71,16322.25,0,1144.46
19-Jun-2017,16303.39,16349.51,16088.37,16134.01,0,3030.09
20-Jun-2017,16097.96,16238.94,16035.69,16176.37,0,3443.33
21-Jun-2017,16197.91,16376.29,15973.81,16151.67,0,1955.04
22-Jun-2017,16088.01,16609.08,15951.28,16469.11,0,970.22
23-Jun-2017,16420.97,16884.16,16339.62,16800.92,0,2680.38
26-Jun-2017,16762.63,16768.91,16615.81,16622.04,0,4088.3
27-Jun-2017,16617.19,16777.2,16496.15,16655.87,0,2279.73
28-Jun-2017,16618.58,17062.49,16499.94,16941.55,0,5292.55
29-Jun-2017,16946.67,16970.54,16678.91,16702.44,0,2236.36
30-Jun-2017,16698.62,16792.16,16586.58,16680.02,0,2392.24
03-Jul-2017,16733.23,16787.11,16699.92,16753.77,0,3070.63
04-Jul-2017,16725.47,16800.35,16460.99,16535.01,0,1697.19
05-Jul-2017,16549.06,16550.27,16343.05,16344.24,0,1497.01
06-Jul-2017,16370.08,16398.19,15971.48,15998.96,0,1899.19
07-Jul-2017,16025.7,16235.8,15868.34,16077.92,0,3851.73
10-Jul-2017,16095.57,16390.39,15929.32,16222.82,0,2360.23
11-Jul-2017,16252.7,16414.24,16184.61,16345.76,0,2790.59
12-Jul-2017,16402.07,16534.12,16212.76,16344.35,0,3542.27
13-Jul-2017,16344.98,16401.21,16294.37,16350.58,0,1768.45
14-Jul-2017,16387.97,16496.33,16089.07,16196.16,0,2518.77
17-Jul-2017,16192.42,16263.63,15962.26,16032.76,0,1993.66
18-Jul-2017,16005.96,16374.03,15874.76,16240.91,0,3827.91
19-Jul-2017,16281.75,16525.11,16207.14,16449.73,0,3627.68
20-Jul-2017,16472.42,16532.22,16201.93,16260.97,0,4280.59
21-Jul-2017,16253.7,16382.55,16152.4,16281.08,0,1560.11
24-Jul-2017,16282.96,16328.79,16210.06,16255.82,0,4487.15
25-Jul-2017,16206.08,16537.13,16043.92,16373.3,0,1727.5
26-Jul-2017,16412.36,16783.5,16299.35,16668.73,0,2821.95
27-Jul-2017,16659.57,16860.26,16554.21,16754.3,0,4479.38
28-Jul-2017,16737.5,16761.29,16709.01,16732.8,0,4158.63
31-Jul-2017,16734.37,17058.8,16513.77,16836.85,0,3066.37
01-Aug-2017,16920.0,17214.93,16767.37,17061.03,0,2978.97
02-Aug-2017,17027.83,17475.16,16821.27,17265.72,0,3796.46
03-Aug-2017,17245.64,17269.24,17098.47,17121.9,0,2356.5
04-Aug-2017,17177.11,17285.66,16929.49,17037.16,0,1812.8
07-Aug-2017,16990.39,17078.7,16975.64,17063.89,0,3197.03
08-Aug-2017,17026.32,17268.98,16924.13,17165.96,0,4176.73
09-Aug-2017,17138.46,17188.82,16889.17,16938.94,0,2114.55
10-Aug-2017,16893.5,17338.61,16795.91,17239.03,0,4051.82
11-Aug-2017,17256.44,17276.89,17108.26,17128.57,0,3301.48
14-Aug-2017,17141.39,17288.79,16734.47,16879.62,0,4099.99
15-Aug-2017,16858.66,17048.36,16828.18,17017.59,0,3645.14
16-Aug-2017,17047.05,17159.93,16812.12,16924.19,0,3801.26
17-Aug-2017,16948.86,17064.43,16728.93,16843.79,0,3192.74
18-Aug-2017,16870.16,17001.35,16617.37,16747.6,0,1658.24
21-Aug-2017,16745.4,17025.18,16624.57,16903.22,0,3193.47
22-Aug-2017,16876.63,16990.6,16575.62,16688.32,0,1455.47
23-Aug-2017,16604.77,16680.66,16448.39,16523.91,0,3349.43
24-Aug-2017,16540.01,16624.89,16305.66,16389.77,0,5127.15
25-Aug-2017,16387.67,16611.55,15962.0,16183.08,0,2636.14
28-Aug-2017,16164.32,16348.88,15603.05,15783.26,0,4180.09
29-Aug-2017,15772.89,15826.06,15670.24,15723.24,0,4652.97
30-Aug-2017,15736.47,15876.49,15626.99,15766.8,0,2782.88
31-Aug-2017,15788.38,16226.98,15700.9,16137.57,0,1998.16
01-Sep-2017,16152.22,16264.46,16040.18,16152.43,0,3416.49
04-Sep-2017,16094.59,16375.29,15965.34,16244.83,0,3998.87
05-Sep-2017,16251.74,16379.77,16079.8,16207.48,0,3822.57
06-Sep-2017,16165.59,16475.88,15995.38,16304.21,0,3472.69
07-Sep-2017,16352.16,16475.48,16115.39,16237.85,0,2051.96
08-Sep-2017,16246.35,16672.1,16108.13,16531.45,0,4090.17
11-Sep-2017,16588.58,16790.64,16549.25,16750.93,0,2544.76
12-Sep-2017,16762.12,16830.19,16677.51,16745.51,0,6345.91
13-Sep-2017,16771.04,16978.63,16411.45,16617.13,0,7771.2
14-Sep-2017,16625.58,16682.93,16374.85,16431.53,0,1585.27
15-Sep-2017,16442.0,16590.57,16183.89,16331.46,0,4388.6
18-Sep-2017,16322.54,16670.56,16157.06,16503.25,0,3882.52
19-Sep-2017,16484.25,16595.35,16393.23,16504.22,0,4979.63
20-Sep-2017,16492.38,16684.38,16343.44,16535.06,0,1732.25
21-Sep-2017,16507.22,16850.13,16406.65,16748.1,0,3117.25
22-Sep-2017,16746.86,16763.22,16637.03,16653.3,0,2033.86
25-Sep-2017,16685.31,16805.54,16350.77,16469.44,0,1563.35
26-Sep-2017,16482.71,16612.7,16358.76,16488.71,0,3394.54
27-Sep-2017,16442.67,16559.77,16351.67,16468.63,0,1334.71
28-Sep-2017,16411.93,16506.08,16173.53,16266.85,0,2030.33
29-Sep-2017,16312.18,16318.58,16074.24,16080.55,0,2261.99
02-Oct-2017,16121.83,16206.91,15888.61,15972.9,0,3588.82
03-Oct-2017,15988.89,16205.74,15849.13,16065.3,0,2091.43
04-Oct-2017,16044.98,16145.75,15791.26,15891.06,0,3076.49
05-Oct-2017,15871.88,15910.13,15572.93,15610.55,0,5927.55
06-Oct-2017,15679.48,15739.66,15637.53,15697.66,0,2396.01
09-Oct-2017,15708.34,16093.53,15570.68,15953.72,0,5376.17
10-Oct-2017,15983.1,16079.29,15805.54,15901.24,0,1676.1
11-Oct-2017,15884.45,15986.74,15552.71,15653.52,0,4174.3
12-Oct-2017,15675.91,15749.38,15258.49,15330.34,0,2397.16
13-Oct-2017,15312.7,15411.93,15295.59,15394.73,0,5321.96
16-Oct-2017,15375.78,15486.99,15051.0,15160.66,0,3625.98
17-Oct-2017,15121.35,15233.46,15032.44,15144.42,0,2372.8
18-Oct-2017,15115.88,15649.09,15020.08,15550.54,0,3896.03
19-Oct-2017,15590.71,15851.51,15494.01,15753.81,0,5101.11
20-Oct-2017,15748.93,15834.85,15418.57,15503.15,0,2705.65
23-Oct-2017,15511.24,15741.56,15471.89,15701.72,0,4366.69
24-Oct-2017,15680.46,15783.17,15369.18,15470.51,0,3698.45
25-Oct-2017,15474.48,15575.27,15423.6,15524.23,0,1658.18
26-Oct-2017,15525.82,15725.1,15403.47,15602.14,0,3176.06
27-Oct-2017,15577.03,15656.14,15216.46,15294.13,0,1987.65
30-Oct-2017,15267.94,15374.73,14773.06,14877.13,0,2753.48
31-Oct-2017,14854.14,14952.56,14534.14,14631.08,0,2255.86
01-Nov-2017,14641.99,14725.6,14353.3,14435.74,0,2523.87
02-Nov-2017,14430.38,14513.54,14338.74,14421.85,0,3415.39
03-Nov-2017,14429.37,14523.27,14322.47,14416.29,0,2631.61
06-Nov-2017,14432.81,14663.88,14370.76,14601.1,0,2412.37
07-Nov-2017,14620.65,14860.62,14552.39,14791.56,0,4101.23
08-Nov-2017,14811.11,14937.26,14709.58,14835.56,0,2418.14
09-Nov-2017,14843.98,15024.04,14735.27,14914.81,0,3425.15
10-Nov-2017,14875.75,15015.68,14750.24,14890.05,0,3074.2
13-Nov-2017,14871.9,15010.19,14610.07,14747.2,0,6776.62
14-Nov-2017,14746.49,14793.17,14393.19,14438.91,0,1488.47
15-Nov-2017,14451.35,14522.01,14367.3,14437.9,0,3110.14
16-Nov-2017,14433.94,14645.31,14357.26,14567.91,0,4761.25
17-Nov-2017,14605.99,14624.55,14423.4,14441.75,0,4713.06
20-Nov-2017,14432.52,14532.63,14419.42,14519.44,0,3239.04
21-Nov-2017,14513.05,14585.05,14370.92,14442.57,0,4631.03
22-Nov-2017,14451.61,14570.07,14428.85,14547.16,0,3307.62
23-Nov-2017,14505.35,14764.09,14415.48,14673.18,0,5138.71
24-Nov-2017,14678.83,14747.11,14377.37,14444.56,0,2585.65
27-Nov-2017,14432.19,14723.06,14296.62,14586.04,0,2951.09
28-Nov-2017,14588.8,14684.04,14389.97,14484.54,0,4141.56
29-Nov-2017,14484.48,14544.64,14420.6,14480.75,0,2274.24
30-Nov-2017,14470.1,14570.3,14343.81,14443.83,0,3182.3
01-Dec-2017,14448.24,14517.53,14340.38,14409.49,0,4422.4
04-Dec-2017,14427.79,14519.63,14279.8,14371.29,0,855.68
05-Dec-2017,14312.8,14429.38,14077.82,14193.43,0,2729.52
06-Dec-2017,14195.6,14271.68,14138.46,14214.46,0,3587.43
07-Dec-2017,14165.7,14306.04,14159.98,14300.27,0,3639.5
08-Dec-2017,14283.63,14901.8,14057.2,14669.25,0,3558.65
11-Dec-2017,14688.56,14928.09,14608.8,14847.46,0,5026.04
12-Dec-2017,14859.81,14956.84,14768.54,14865.54,0,3636.08
13-Dec-2017,14834.48,14918.43,14644.51,14727.86,0,7934.42
14-Dec-2017,14736.67,14888.97,14577.32,14729.54,0,5496.11
15-Dec-2017,14720.61,15105.6,14603.08,14985.95,0,4793.53
18-Dec-2017,14942.5,15099.55,14865.61,15022.24,0,3835.76
19-Dec-2017,15022.21,15396.89,14900.65,15273.3,0,1496.98
20-Dec-2017,15277.02,15479.48,15202.49,15404.33,0,2044.74
21-Dec-2017,15383.97,15664.49,15293.42,15572.83,0,2979.53
22-Dec-2017,15598.99,15738.79,15390.47,15529.64,0,4953.91
25-Dec-2017,15524.32,15851.69,15446.87,15773.0,0,3833.29
26-Dec-2017,15764.14,15808.42,15485.19,15528.8,0,1825.8
27-Dec-2017,15547.12,15614.08,15383.47,15450.02,0,2031.14
28-Dec-2017,15473.9,15611.04,15298.61,15435.41,0,4594.28
29-Dec-2017,15435.46,15694.13,15309.61,15567.2,0,1793.45
01-Jan-2018,15574.09,15934.97,15450.97,15809.99,0,3537.72
02-Jan-2018,15798.76,15947.34,15585.8,15733.77,0,2870.23
03-Jan-2018,15780.38,15934.34,15637.54,15791.41,0,5615.75
04-Jan-2018,15760.77,16135.83,15639.0,16012.12,0,6393.81
05-Jan-2018,15964.26,16298.26,15873.39,16206.0,0,2337.19
08-Jan-2018,16188.9,16453.73,15996.32,16260.3,0,2791.23
09-Jan-2018,16218.85,16228.97,15930.44,15940.38,0,2682.75
10-Jan-2018,15910.93,15968.11,15824.71,15881.8,0,1927.9
11-Jan-2018,15936.49,16096.82,15855.1,16015.03,0,2555.25
12-Jan-2018,15989.44,16062.22,15854.57,15927.06,0,3580.56
15-Jan-2018,15915.29,16036.8,15808.79,15930.2,0,3195.91
16-Jan-2018,15983.77,16172.41,15942.3,16130.56,0,3118.85
17-Jan-2018,16082.24,16254.02,15963.82,16135.21,0,2000.52
18-Jan-2018,16099.16,16329.57,15993.28,16222.87,0,2744.95
19-Jan-2018,16244.05,16346.05,15771.54,15871.2,0,4003.56
22-Jan-2018,15807.35,16302.9,15711.92,16205.07,0,1547.17
23-Jan-2018,16205.43,16249.18,16159.31,16203.06,0,1913.74
24-Jan-2018,16166.21,16269.42,16014.68,16117.58,0,5407.65
25-Jan-2018,16081.61,16194.22,15900.9,16013.04,0,1557.94
26-Jan-2018,15957.47,16027.36,15575.86,15644.38,0,1953.09
29-Jan-2018,15667.46,15938.25,15484.2,15753.98,0,3625.85
30-Jan-2018,15783.37,16316.77,15679.74,16210.33,0,6857.54
31-Jan-2018,16197.68,16323.71,15916.22,16041.04,0,1625.23
01-Feb-2018,16067.6,16527.78,15985.78,16444.04,0,1574.46
02-Feb-2018,16426.02,16556.95,16344.45,16475.13,0,3237.98
05-Feb-2018,16467.76,17005.61,16391.68,16927.42,0,2927.07
06-Feb-2018,16955.58,17041.57,16889.35,16975.27,0,4551.98
07-Feb-2018,16991.12,17003.81,16707.07,16719.56,0,4289.65
08-Feb-2018,16720.2,16931.76,16592.33,16803.25,0,2682.85
09-Feb-2018,16827.77,17118.11,16713.38,17002.53,0,1720.35
12-Feb-2018,16984.22,17266.04,16868.07,17148.77,0,1410.68
13-Feb-2018,17140.73,17454.1,16941.98,17254.04,0,3129.23
14-Feb-2018,17255.28,17596.29,17152.65,17492.25,0,2644.78
15-Feb-2018,17492.05,17628.44,16977.74,17111.16,0,3086.42
16-Feb-2018,17100.32,17231.95,16559.62,16688.07,0,4398.62
19-Feb-2018,16715.34,16849.68,16467.45,16600.87,0,2098.76
20-Feb-2018,16616.98,16769.91,16527.63,16680.22,0,3974.96
21-Feb-2018,16694.36,16818.72,16587.8,16712.05,0,2560.44
22-Feb-2018,16674.96,16835.95,16664.97,16825.86,0,4103.81
23-Feb-2018,16820.24,17192.23,16668.25,17038.27,0,2418.37
26-Feb-2018,17018.66,17172.07,16518.26,16668.51,0,2741.73
27-Feb-2018,16684.15,16731.71,16334.39,16381.08,0,2946.23
28-Feb-2018,16414.05,16602.91,16117.86,16305.47,0,4442.76
01-Mar-2018,16327.65,16503.07,16019.16,16193.13,0,3077.84
02-Mar-2018,16228.91,16392.19,15828.72,15989.6,0,1874.9
05-Mar-2018,15954.41,16074.56,15528.95,15646.78,0,3932.69
06-Mar-2018,15631.59,15703.52,15471.11,15542.63,0,3829.97
07-Mar-2018,15555.58,15800.74,15433.6,15677.8,0,3662.44
08-Mar-2018,15623.51,15687.46,15570.09,15634.0,0,3283.3
09-Mar-2018,15623.86,15744.12,15552.34,15672.38,0,5076.82
12-Mar-2018,15643.51,15762.64,15478.23,15597.01,0,5545.4
13-Mar-2018,15574.74,15899.38,15449.29,15772.33,0,6026.64
14-Mar-2018,15822.76,16196.12,15751.31,16123.31,0,2396.19
15-Mar-2018,16096.93,16609.41,15987.89,16497.66,0,1629.15
16-Mar-2018,16496.92,16651.55,16274.45,16428.45,0,4009.92
19-Mar-2018,16402.22,16706.19,16277.26,16579.87,0,3596.18
20-Mar-2018,16588.95,16890.16,16462.86,16762.75,0,3660.8
21-Mar-2018,16750.71,16919.62,16497.38,16665.43,0,1308.33
22-Mar-2018,16722.53,16859.47,16648.37,16785.03,0,1479.38
23-Mar-2018,16836.45,16900.99,16718.48,16782.82,0,3489.57
26-Mar-2018,16785.59,16879.83,16609.86,16703.64,0,3528.55
27-Mar-2018,16753.99,16984.91,16623.03,16853.19,0,2831.02
28-Mar-2018,16897.46,16969.55,16704.72,16776.3,0,4442.28
29-Mar-2018,16764.53,16917.58,16733.99,16886.82,0,3154.58
30-Mar-2018,16850.08,16887.43,16683.13,16720.19,0,3401.37
02-Apr-2018,16751.68,16885.79,16217.07,16347.95,0,3725.46
03-Apr-2018,16347.49,16662.29,16196.42,16509.72,0,1750.31
04-Apr-2018,16534.58,16888.14,16513.52,16866.66,0,1101.59
05-Apr-2018,16866.36,17078.55,16825.01,17036.78,0,1180.31
06-Apr-2018,17046.91,17619.75,16945.18,17515.22,0,4677.07
09-Apr-2018,17549.54,17637.59,17542.22,17630.24,0,1840.51
10-Apr-2018,17617.67,17663.93,17286.76,17332.27,0,3394.62
11-Apr-2018,17310.85,17414.69,16995.7,17098.27,0,5405.55
12-Apr-2018,17083.04,17269.49,17018.36,17204.35,0,3307.56
13-Apr-2018,17196.24,17491.24,17107.8,17401.75,0,3930.65
16-Apr-2018,17384.79,17539.88,17133.16,17287.37,0,4187.78
17-Apr-2018,17244.63,17410.96,17127.3,17293.29,0,3100.73
18-Apr-2018,17275.22,17379.46,17064.79,17168.39,0,2310.04
19-Apr-2018,17118.0,17425.24,16986.7,17292.61,0,1143.62
20-Apr-2018,17319.43,17487.0,17181.13,17348.46,0,5375.19
23-Apr-2018,17351.04,17443.87,17293.51,17386.23,0,7178.03
24-Apr-2018,17328.89,17379.26,17297.93,17348.26,0,1824.73
25-Apr-2018,17433.18,17477.97,16809.64,16852.94,0,3205.54
26-Apr-2018,16876.19,17126.96,16798.05,17048.02,0,3530.33
27-Apr-2018,17028.52,17250.87,16876.88,17098.6,0,2316.71
30-Apr-2018,17105.37,17310.65,16965.14,17169.89,0,2562.61
01-May-2018,17186.51,17299.83,17164.81,17278.0,0,2465.66
02-May-2018,17268.2,17376.88,16733.23,16839.22,0,3672.3
03-May-2018,16841.86,17186.54,16683.82,17026.77,0,2656.26
04-May-2018,17069.2,17129.8,16809.57,16869.46,0,3077.69
07-May-2018,16833.74,17282.14,16760.8,17207.59,0,2354.25
08-May-2018,17238.85,17376.84,16986.0,17123.06,0,2783.9
09-May-2018,17130.77,17166.29,16729.46,16764.21,0,1951.27
10-May-2018,16794.17,17078.73,16645.96,16929.33,0,2850.36
11-May-2018,16953.12,17145.59,16816.9,17008.91,0,2696.87
14-May-2018,17000.07,17102.53,16905.23,17007.65,0,6524.42
15-May-2018,17030.74,17087.77,16904.99,16961.79,0,3090.47
16-May-2018,16971.58,17093.3,16873.86,16995.45,0,3938.8
17-May-2018,17018.79,17139.35,16716.14,16835.41,0,1169.73
18-May-2018,16886.69,17097.94,16682.86,16894.02,0,2877.95
21-May-2018,16889.19,16933.18,16846.24,16890.23,0,1674.79
22-May-2018,16896.54,17025.98,16539.89,16667.57,0,3115.45
23-May-2018,16636.44,16960.07,16552.73,16875.16,0,4280.37
24-May-2018,16841.35,17057.31,16745.16,16960.44,0,2435.31
25-May-2018,16994.37,17043.01,16621.43,16669.14,0,3176.96
28-May-2018,16714.94,16813.96,16616.94,16715.96,0,2938.58
29-May-2018,16708.18,16761.89,16292.51,16345.05,0,3015.08
30-May-2018,16264.88,16540.03,16232.41,16507.08,0,2592.62
31-May-2018,16518.94,16525.69,16486.11,16492.86,0,4084.08
01-Jun-2018,16461.24,16923.09,16372.74,16832.59,0,4697.07
04-Jun-2018,16777.29,17452.51,16650.61,17321.72,0,4200.8
05-Jun-2018,17313.23,17449.83,17069.35,17205.1,0,2320.99
06-Jun-2018,17175.04,17396.04,17065.08,17285.37,0,3846.14
07-Jun-2018,17249.12,17460.54,17174.3,17385.14,0,1620.03
08-Jun-2018,17401.42,17585.96,17354.81,17538.98,0,4352.13
11-Jun-2018,17484.97,17664.37,17210.52,17388.94,0,1696.9
12-Jun-2018,17450.51,17545.19,17296.14,17390.5,0,3252.44
13-Jun-2018,17410.8,17495.04,16855.29,16937.23,0,2600.59
14-Jun-2018,16977.19,17118.17,16890.4,17031.11,0,2490.4
15-Jun-2018,17110.69,17220.94,16852.19,16961.49,0,1622.78
18-Jun-2018,16927.04,17284.46,16800.17,17155.87,0,2642.34
19-Jun-2018,17192.07,17527.05,17106.7,17440.44,0,3325.15
20-Jun-2018,17378.22,17759.38,17298.7,17678.5,0,2815.26
21-Jun-2018,17618.06,17799.13,17241.94,17420.98,0,2755.54
22-Jun-2018,17482.64,17633.4,17325.2,17475.91,0,6047.51
25-Jun-2018,17539.84,17989.4,17454.93,17902.74,0,2247.43
26-Jun-2018,17903.21,18120.98,17792.52,18009.63,0,2974.18
27-Jun-2018,17951.21,17954.43,17820.59,17823.79,0,3336.21
28-Jun-2018,17888.82,17946.21,17709.7,17766.7,0,2619.97
29-Jun-2018,17672.04,18266.62,17531.47,18122.46,0,1514.29
02-Jul-2018,18097.83,18204.88,17922.12,18028.76,0,4776.49
03-Jul-2018,18016.6,18208.96,17659.69,17850.27,0,4761.29
04-Jul-2018,17866.0,17945.41,17291.51,17368.71,0,2985.31
05-Jul-2018,17348.8,17475.25,17215.74,17342.14,0,2058.24
06-Jul-2018,17386.39,17750.7,17198.39,17560.82,0,1623.01
09-Jul-2018,17583.58,17893.55,17452.61,17761.26,0,2284.26
10-Jul-2018,17676.32,18049.21,17552.63,17923.78,0,2057.28
11-Jul-2018,17948.68,18000.5,17801.85,17853.4,0,2841.19
12-Jul-2018,17798.39,17989.26,17526.39,17716.39,0,3634.37
13-Jul-2018,17780.78,17873.41,17672.73,17765.27,0,3640.9
16-Jul-2018,17705.35,18001.63,17520.53,17815.66,0,2190.62
17-Jul-2018,17814.34,18215.78,17724.93,18124.81,0,3074.88
18-Jul-2018,18064.35,18183.83,17605.64,17722.86,0,1820.18
19-Jul-2018,17723.47,18131.8,17613.19,18019.68,0,3431.88
20-Jul-2018,18006.52,18116.49,17900.31,18010.26,0,3111.9
23-Jul-2018,18005.35,18048.75,17543.46,17585.85,0,2746.16
24-Jul-2018,17522.94,17621.8,17490.22,17588.95,0,1792.48
25-Jul-2018,17619.86,17758.35,17362.79,17500.34,0,3843.6
26-Jul-2018,17556.33,17628.99,17225.74,17297.33,0,5856.22
27-Jul-2018,17321.69,17351.02,17076.69,17105.65,0,1461.58
30-Jul-2018,17144.7,17363.57,16843.81,17061.61,0,4132.41
31-Jul-2018,17044.2,17505.46,17008.61,17468.98,0,1835.8
01-Aug-2018,17466.59,17876.98,17294.82,17702.88,0,7406.47
02-Aug-2018,17689.7,17806.28,17500.08,17616.17,0,5826.64
03-Aug-2018,17650.58,17779.2,17598.95,17727.35,0,3688.8
06-Aug-2018,17784.5,17833.21,17492.63,17540.67,0,1727.93
07-Aug-2018,17508.38,17635.18,17492.39,17619.1,0,3969.11
08-Aug-2018,17618.51,18126.74,17479.79,17985.14,0,5126.0
09-Aug-2018,17943.87,18290.28,17792.16,18136.94,0,2129.13
10-Aug-2018,18124.97,18643.67,17895.78,18410.86,0,4545.38
13-Aug-2018,18396.32,18475.64,17686.58,17763.18,0,2532.16
14-Aug-2018,17768.01,17954.49,17528.68,17714.6,0,6162.69
15-Aug-2018,17665.32,17830.93,17323.13,17487.06,0,2197.3
16-Aug-2018,17512.0,17820.77,17434.59,17742.34,0,2295.15
17-Aug-2018,17783.68,18044.72,17592.66,17852.95,0,4733.29
20-Aug-2018,17852.17,18018.29,17620.29,17785.8,0,1997.15
21-Aug-2018,17777.34,17842.74,17716.61,17782.0,0,3642.84
22-Aug-2018,17796.49,18124.47,17757.17,18084.52,0,2943.62
23-Aug-2018,18064.17,18213.94,17897.02,18046.64,0,3662.07
24-Aug-2018,18084.6,18295.8,18010.41,18221.05,0,2015.2
27-Aug-2018,18246.69,18297.22,17935.1,17984.9,0,3652.06
28-Aug-2018,17993.62,18314.49,17916.76,18236.59,0,2511.52
29-Aug-2018,18167.02,18371.89,18025.35,18229.73,0,1371.72
30-Aug-2018,18233.24,18402.97,18206.23,18375.75,0,2048.24
31-Aug-2018,18405.28,18494.11,18145.23,18233.23,0,1910.41
03-Sep-2018,18225.07,18310.31,18139.76,18225.0,0,4195.22
04-Sep-2018,18191.15,18338.51,18162.16,18309.32,0,3545.75
05-Sep-2018,18288.22,18483.84,17967.49,18161.75,0,2017.19
06-Sep-2018,18209.16,18499.91,18107.14,18396.83,0,3285.1
07-Sep-2018,18419.05,18524.66,18230.78,18335.91,0,1113.34
10-Sep-2018,18302.84,18357.5,18097.01,18151.21,0,2672.29
11-Sep-2018,18146.29,18252.17,17806.76,17911.27,0,1837.11
12-Sep-2018,17930.85,18023.2,17757.39,17849.32,0,3767.34
13-Sep-2018,17828.78,17996.01,17712.41,17879.31,0,1874.7
14-Sep-2018,17835.57,17905.25,17724.76,17794.28,0,4514.92
17-Sep-2018,17809.65,17995.08,17298.73,17480.74,0,4511.53
18-Sep-2018,17462.86,17612.42,17158.56,17306.78,0,2726.86
19-Sep-2018,17354.1,17391.76,17095.81,17132.99,0,4331.04
20-Sep-2018,17127.59,17277.81,17014.42,17164.39,0,2398.22
21-Sep-2018,17181.93,17328.29,16806.85,16951.26,0,2811.91
24-Sep-2018,16923.72,17038.86,16633.7,16747.65,0,2037.04
25-Sep-2018,16772.42,17098.87,16706.82,17032.25,0,5027.15
26-Sep-2018,17056.69,17356.45,16937.95,17236.46,0,2633.54
27-Sep-2018,17236.65,17313.94,16985.08,17061.58,0,4033.11
28-Sep-2018,17101.15,17323.23,16610.4,16828.95,0,2904.24
01-Oct-2018,16827.86,16922.82,16381.41,16474.37,0,1726.18
02-Oct-2018,16507.13,16693.78,16332.59,16519.12,0,1190.28
03-Oct-2018,16542.46,17050.64,16480.97,16987.49,0,3561.58
04-Oct-2018,17034.67,17130.3,16837.46,16932.51,0,2128.12
05-Oct-2018,16937.26,17082.71,16664.4,16808.75,0,5059.76
08-Oct-2018,16829.95,17017.94,16754.64,16942.12,0,2705.13
09-Oct-2018,16895.85,16950.35,16706.52,16760.58,0,2172.18
10-Oct-2018,16754.69,16768.13,16300.62,16313.7,0,5242.2
11-Oct-2018,16331.69,16378.3,16234.79,16281.25,0,3583.93
12-Oct-2018,16358.92,16522.53,16225.74,16389.11,0,2617.69
15-Oct-2018,16422.36,16574.44,16339.79,16491.53,0,3051.23
16-Oct-2018,16488.49,16607.97,16314.04,16433.13,0,15906.72
17-Oct-2018,16389.85,16698.64,16334.8,16642.74,0,4798.94
18-Oct-2018,16663.06,16867.45,16582.72,16786.52,0,2422.16
19-Oct-2018,16743.58,16833.34,16647.11,16736.83,0,2801.25
22-Oct-2018,16717.62,17146.35,16604.07,17030.67,0,2711.06
23-Oct-2018,17137.79,17243.25,16803.63,16907.67,0,2930.93
24-Oct-2018,16985.95,17479.81,16856.46,17347.56,0,3241.78
25-Oct-2018,17314.59,17454.87,17166.72,17306.94,0,2729.93
26-Oct-2018,17268.14,17444.87,17222.8,17399.18,0,1407.62
29-Oct-2018,17313.0,17459.24,16909.42,17053.47,0,6469.31
30-Oct-2018,17037.17,17153.93,16907.86,17024.53,0,2683.9
31-Oct-2018,16925.7,16987.78,16924.96,16987.04,0,1463.22
01-Nov-2018,16949.2,17310.03,16809.41,17168.43,0,3070.88
02-Nov-2018,17200.93,17327.64,17108.66,17235.18,0,2473.16
05-Nov-2018,17202.87,17358.42,16500.73,16651.29,0,2598.38
06-Nov-2018,16667.36,16778.12,16480.36,16590.61,0,3752.97
07-Nov-2018,16632.63,16763.56,16473.21,16603.92,0,3154.95
08-Nov-2018,16572.49,16631.51,16140.81,16198.5,0,2009.39
09-Nov-2018,16141.14,16374.54,16034.03,16266.59,0,2450.6
12-Nov-2018,16237.36,16424.97,15879.86,16065.48,0,4534.93
13-Nov-2018,16020.31,16136.04,15986.81,16102.37,0,2358.62
14-Nov-2018,16123.08,16315.6,16062.91,16254.93,0,1816.48
15-Nov-2018,16245.37,16537.22,16145.72,16436.39,0,5264.42
16-Nov-2018,16428.18,16572.94,16219.84,16364.04,0,2429.25
19-Nov-2018,16373.4,16437.65,16130.32,16193.86,0,5080.82
20-Nov-2018,16188.39,16299.15,15996.35,16106.55,0,6477.15
21-Nov-2018,16166.59,16205.25,15902.23,15940.35,0,2603.88
22-Nov-2018,15958.04,15969.95,15735.65,15747.39,0,4269.16
23-Nov-2018,15723.27,16012.29,15620.12,15907.93,0,1543.18
26-Nov-2018,15923.47,16221.92,15832.71,16129.98,0,4132.69
27-Nov-2018,16116.81,16249.54,15681.72,15811.94,0,2657.53
28-Nov-2018,15799.59,15915.51,15589.46,15704.69,0,2056.95
29-Nov-2018,15718.36,15871.76,15469.71,15622.17,0,2390.13
30-Nov-2018,15598.35,15762.79,15580.81,15745.09,0,5233.76
03-Dec-2018,15700.0,15938.9,15547.46,15785.53,0,4022.78
04-Dec-2018,15747.86,16164.68,15659.82,16074.81,0,3450.27
05-Dec-2018,16059.56,16093.21,15788.93,15822.08,0,2646.84
06-Dec-2018,15828.95,16031.38,15715.37,15917.16,0,3913.78
07-Dec-2018,15910.36,16014.55,15878.85,15982.89,0,2573.23
10-Dec-2018,15967.75,16015.81,15786.88,15834.54,0,2991.48
11-Dec-2018,15812.14,15865.37,15696.42,15749.44,0,2896.72
12-Dec-2018,15749.78,15861.39,15644.82,15756.39,0,5035.38
13-Dec-2018,15733.19,15806.64,15381.62,15453.76,0,2985.97
14-Dec-2018,15417.8,15476.24,15109.38,15166.86,0,1044.78
17-Dec-2018,15124.38,15257.77,14998.45,15131.77,0,4497.82
18-Dec-2018,15107.27,15291.98,15043.29,15227.48,0,2491.31
19-Dec-2018,15163.39,15703.88,15017.84,15554.58,0,2517.1
20-Dec-2018,15535.69,15958.13,15435.35,15855.72,0,2631.67
21-Dec-2018,15843.82,16021.6,15747.06,15924.36,0,2306.54
24-Dec-2018,15933.26,16066.87,15482.24,15613.16,0,3594.13
25-Dec-2018,15603.67,15625.64,15583.58,15605.55,0,2810.93
26-Dec-2018,15622.46,15882.94,15498.89,15758.3,0,1726.0
27-Dec-2018,15765.02,15953.09,15693.04,15880.58,0,971.85
28-Dec-2018,15832.43,15948.39,15808.81,15924.63,0,1797.44
31-Dec-2018,15958.02,16143.13,15855.7,16040.28,0,2201.87
01-Jan-2019,15998.7,16059.44,15461.0,15519.92,0,2014.53
02-Jan-2019,15504.69,15832.68,15422.0,15748.69,0,2563.83
03-Jan-2019,15745.96,15771.73,15558.4,15583.9,0,5872.69
04-Jan-2019,15601.25,15799.16,15467.45,15664.8,0,3455.6
07-Jan-2019,15667.08,15692.77,15534.09,15559.6,0,2382.25
08-Jan-2019,15562.51,15877.4,15446.44,15759.85,0,2488.49
09-Jan-2019,15763.33,15926.0,15409.72,15570.4,0,2602.26
10-Jan-2019,15579.89,15976.52,15493.09,15888.0,0,3153.6
11-Jan-2019,15898.98,16153.5,15812.4,16066.01,0,3880.45
14-Jan-2019,16081.16,16230.4,16005.42,16154.31,0,2542.16
15-Jan-2019,16164.35,16326.67,16084.38,16246.29,0,3485.56
16-Jan-2019,16282.56,16592.47,16217.32,16526.25,0,3152.51
17-Jan-2019,16539.16,16881.6,16497.4,16839.08,0,2150.27
18-Jan-2019,16805.41,17037.28,16753.92,16985.23,0,2802.08
21-Jan-2019,16971.11,17075.11,16794.58,16898.13,0,2460.35
22-Jan-2019,16892.6,17031.65,16399.73,16535.84,0,3028.51
23-Jan-2019,16512.42,16614.69,16309.89,16411.54,0,3273.54
24-Jan-2019,16368.35,16592.43,16204.25,16427.74,0,1812.59
25-Jan-2019,16434.8,16766.39,16352.12,16682.47,0,2615.79
28-Jan-2019,16664.02,16916.28,16530.94,16782.25,0,4449.82
29-Jan-2019,16764.39,17053.34,16706.04,16994.19,0,2554.08
30-Jan-2019,17034.06,17173.67,16528.5,16665.09,0,2220.09
31-Jan-2019,16655.33,16928.57,16582.64,16855.01,0,1845.65
01-Feb-2019,16898.04,17002.96,16613.36,16717.16,0,2733.2
04-Feb-2019,16751.3,16885.53,16690.59,16824.56,0,4429.76
05-Feb-2019,16794.43,17027.02,16686.66,16918.44,0,3154.53
06-Feb-2019,16891.58,16969.39,16782.74,16860.41,0,3409.05
07-Feb-2019,16821.31,17246.23,16753.82,17177.31,0,4968.23
08-Feb-2019,17156.54,17346.86,16692.15,16879.4,0,2016.39
11-Feb-2019,16919.62,17015.28,16538.39,16632.42,0,4885.19
12-Feb-2019,16637.17,16790.42,16445.14,16598.03,0,2937.84
13-Feb-2019,16592.18,16760.46,16117.09,16282.22,0,3290.03
14-Feb-2019,16233.33,16301.66,16005.65,16073.3,0,1486.47
15-Feb-2019,16103.02,16156.66,15747.96,15800.6,0,3237.47
18-Feb-2019,15876.88,15984.91,15721.69,15829.4,0,1842.44
19-Feb-2019,15834.53,16122.15,15789.41,16076.33,0,2408.73
20-Feb-2019,16071.91,16135.6,15865.56,15928.68,0,2048.28
21-Feb-2019,15900.75,16086.27,15727.84,15913.23,0,2601.17
22-Feb-2019,15877.6,15941.11,15799.8,15863.27,0,5813.78
25-Feb-2019,15876.24,16124.86,15769.85,16017.53,0,1879.61
26-Feb-2019,16036.59,16368.78,15938.56,16269.32,0,1557.34
27-Feb-2019,16253.74,16575.27,16131.95,16452.0,0,2405.78
28-Feb-2019,16473.69,16622.2,16279.32,16427.42,0,2433.59
01-Mar-2019,16379.48,16793.25,16325.15,16737.73,0,3890.54
04-Mar-2019,16747.37,16862.32,16662.25,16777.04,0,5718.03
05-Mar-2019,16708.0,16913.51,16678.91,16884.12,0,1919.01
06-Mar-2019,16912.92,17046.23,16788.88,16922.12,0,4554.05
07-Mar-2019,16898.13,17247.72,16816.91,17165.22,0,3929.56
08-Mar-2019,17160.73,17338.69,17132.56,17310.27,0,880.61
11-Mar-2019,17308.88,17725.51,17257.86,17673.42,0,4100.67
12-Mar-2019,17718.93,17844.37,17383.25,17507.19,0,3133.17
13-Mar-2019,17587.94,17770.92,17504.84,17687.36,0,1916.75
14-Mar-2019,17647.73,17705.38,17492.2,17549.53,0,1879.86
15-Mar-2019,17560.45,17885.2,17401.81,17725.07,0,3440.53
18-Mar-2019,17777.95,17961.26,17443.96,17625.7,0,1216.47
19-Mar-2019,17578.75,17785.25,17558.65,17764.94,0,2378.86
20-Mar-2019,17741.17,17902.07,17380.71,17539.77,0,2892.06
21-Mar-2019,17541.82,17711.31,17440.81,17609.91,0,4561.73
22-Mar-2019,17607.55,17961.72,17452.37,17804.8,0,3436.57
25-Mar-2019,17797.66,17814.58,17502.82,17519.48,0,2850.2
26-Mar-2019,17500.96,17570.79,17443.76,17513.55,0,1916.75
27-Mar-2019,17480.12,17846.4,17388.28,17753.13,0,2171.88
28-Mar-2019,17764.38,17961.79,17247.76,17441.59,0,1998.63
29-Mar-2019,17389.6,17540.87,17023.16,17172.54,0,2427.91
01-Apr-2019,17129.27,17283.71,17070.62,17224.73,0,2899.27
02-Apr-2019,17178.21,17772.73,17077.95,17669.6,0,3797.84
03-Apr-2019,17682.54,17934.64,17504.6,17755.96,0,4285.03
04-Apr-2019,17716.56,17942.8,17657.86,17883.54,0,6363.46
05-Apr-2019,17883.24,18324.02,17827.77,18267.35,0,2922.29
08-Apr-2019,18224.72,18329.62,18048.55,18153.03,0,5329.26
09-Apr-2019,18100.34,18214.68,17825.09,17938.4,0,1402.1
10-Apr-2019,17879.08,17992.07,17676.13,17788.54,0,4127.82
11-Apr-2019,17731.38,17861.25,17418.87,17547.39,0,4175.1
12-Apr-2019,17535.83,17660.79,17410.1,17535.05,0,1997.0
15-Apr-2019,17575.97,17707.31,17084.04,17212.66,0,3643.41
16-Apr-2019,17239.76,17536.19,17074.41,17369.59,0,1448.1
17-Apr-2019,17413.09,17580.31,17303.74,17470.6,0,3309.54
18-Apr-2019,17454.74,17488.23,17296.31,17329.55,0,2235.07
19-Apr-2019,17338.11,17635.81,17247.91,17544.55,0,5151.94
22-Apr-2019,17539.51,17644.95,17288.02,17392.57,0,2832.06
23-Apr-2019,17347.58,17689.5,17285.87,17626.79,0,3542.97
24-Apr-2019,17573.95,17919.59,17494.4,17838.83,0,2340.26
25-Apr-2019,17788.99,18339.58,17730.39,18279.37,0,3572.93
26-Apr-2019,18230.1,18356.06,17795.11,17918.92,0,2687.33
29-Apr-2019,18001.95,18078.76,17903.32,17980.04,0,4482.03
30-Apr-2019,17990.5,18120.82,17864.07,17994.37,0,2241.94
01-May-2019,17923.33,17931.02,17645.03,17652.6,0,4742.61
02-May-2019,17664.23,17705.2,17308.13,17348.37,0,2856.58
03-May-2019,17333.29,17378.99,16969.66,17014.52,0,2876.13
06-May-2019,17017.94,17411.54,16952.94,17345.29,0,2180.33
07-May-2019,17310.01,17569.83,17225.52,17484.49,0,2982.88
08-May-2019,17468.31,17725.95,17218.52,17476.05,0,4960.03
09-May-2019,17519.94,17769.5,17396.74,17645.42,0,2685.46
10-May-2019,17704.95,18047.15,17519.14,17859.71,0,3877.95
13-May-2019,17860.71,18195.59,17781.05,18114.8,0,4822.03
14-May-2019,18079.82,18613.56,17974.21,18505.47,0,2412.42
15-May-2019,18478.83,18787.09,18335.43,18642.42,0,1798.2
16-May-2019,18627.95,18757.06,18204.32,18331.37,0,4683.67
17-May-2019,18303.84,18675.9,18217.52,18588.24,0,2441.66
20-May-2019,18550.4,18583.8,18382.85,18416.01,0,2750.8
21-May-2019,18450.69,18885.0,18369.42,18802.18,0,1659.84
22-May-2019,18824.78,18962.9,18661.26,18799.19,0,2933.46
23-May-2019,18761.22,18809.29,18715.42,18763.49,0,5374.76
24-May-2019,18799.07,19342.65,18690.7,19231.78,0,5074.49
27-May-2019,19234.88,19287.95,19000.17,19052.73,0,4259.48
28-May-2019,19089.06,19322.6,18933.92,19166.83,0,3737.98
29-May-2019,19167.13,19741.86,18902.58,19473.09,0,2448.93
30-May-2019,19454.59,19613.01,19250.19,19408.24,0,6831.32
31-May-2019,19400.28,19484.45,19116.39,19199.69,0,1942.9
03-Jun-2019,19156.17,19326.9,18831.64,19000.99,0,7263.78
04-Jun-2019,18998.28,19040.85,18583.43,18625.16,0,2982.01
05-Jun-2019,18551.19,18570.04,18389.86,18408.57,0,2084.25
06-Jun-2019,18419.94,18511.39,18361.74,18453.09,0,3919.18
07-Jun-2019,18494.64,18593.26,18444.92,18543.41,0,2961.37
10-Jun-2019,18595.36,18839.65,18434.76,18678.33,0,3354.21
11-Jun-2019,18664.62,19288.63,18519.2,19139.51,0,3278.94
12-Jun-2019,19150.32,19304.78,18479.41,18629.68,0,1991.11
13-Jun-2019,18582.57,18737.16,18488.43,18642.71,0,5029.31
14-Jun-2019,18636.75,19102.24,18437.95,18900.63,0,2077.74
17-Jun-2019,18887.18,19222.59,18770.0,19104.07,0,3612.67
18-Jun-2019,19136.59,19291.56,18910.42,19064.8,0,4461.68
19-Jun-2019,19054.74,19128.84,18847.51,18921.09,0,2005.05
20-Jun-2019,18897.37,19180.17,18790.67,19072.48,0,2546.57
21-Jun-2019,19064.92,19242.96,18766.01,18942.91,0,1878.5
24-Jun-2019,18955.19,19175.71,18931.52,19151.79,0,2135.09
25-Jun-2019,19150.97,19338.0,18990.08,19176.89,0,10328.65
26-Jun-2019,19152.24,19321.24,19042.7,19211.37,0,5732.63
27-Jun-2019,19202.02,19562.62,19050.24,19409.2,0,3815.79
28-Jun-2019,19444.88,19739.65,19402.17,19696.39,0,2276.4
01-Jul-2019,19729.09,20124.18,19570.84,19964.05,0,1342.51
02-Jul-2019,19938.22,20384.26,19893.58,20338.72,0,2533.34
03-Jul-2019,20349.06,20667.67,20087.64,20405.53,0,2789.56
04-Jul-2019,20302.87,20752.12,20254.9,20703.2,0,3212.97
05-Jul-2019,20718.1,20792.82,20312.28,20385.8,0,1963.58
08-Jul-2019,20382.45,20566.31,20315.73,20499.22,0,1684.29
09-Jul-2019,20537.99,20730.17,20215.83,20406.78,0,7738.24
10-Jul-2019,20367.24,20488.15,20225.14,20345.93,0,2551.63
11-Jul-2019,20366.48,20575.67,20240.57,20449.25,0,3344.73
12-Jul-2019,20517.98,20673.63,20277.81,20432.81,0,3518.14
15-Jul-2019,20469.36,20558.63,20049.88,20137.71,0,4601.28
16-Jul-2019,20103.26,20611.07,19971.68,20477.04,0,5697.53
17-Jul-2019,20457.22,20658.77,20289.88,20491.16,0,2443.47
18-Jul-2019,20499.74,20614.43,20475.57,20590.15,0,2244.2
19-Jul-2019,20532.54,20781.72,20487.17,20735.9,0,3262.18
22-Jul-2019,20736.49,20738.76,20407.56,20409.8,0,2151.72
23-Jul-2019,20422.2,20593.25,20404.95,20575.86,0,1338.92
24-Jul-2019,20550.88,20827.06,20451.34,20726.67,0,4637.61
25-Jul-2019,20723.13,21052.42,20517.19,20845.26,0,1948.84
26-Jul-2019,20925.32,20988.82,20787.93,20851.21,0,3054.68
29-Jul-2019,20890.45,21083.67,20486.98,20678.24,0,3351.04
30-Jul-2019,20707.35,20981.34,20684.13,20957.85,0,2276.91
31-Jul-2019,20948.91,21448.46,20802.17,21299.27,0,3089.67
01-Aug-2019,21302.39,21818.7,21177.8,21691.84,0,2616.79
02-Aug-2019,21644.3,21821.7,21241.54,21417.08,0,3831.99
05-Aug-2019,21400.09,21456.48,20856.48,20911.58,0,4873.75
06-Aug-2019,20939.78,21031.07,20903.89,20995.09,0,2900.37
07-Aug-2019,21013.98,21434.71,20951.78,21371.46,0,3566.42
08-Aug-2019,21359.02,21665.48,21025.4,21331.46,0,2366.8
09-Aug-2019,21389.97,21621.63,20935.71,21164.93,0,3790.65
12-Aug-2019,21185.96,21578.4,21092.04,21483.16,0,5502.51
13-Aug-2019,21415.65,21555.58,21361.21,21500.92,0,3327.52
14-Aug-2019,21531.99,21805.95,21016.16,21287.01,0,2164.19
15-Aug-2019,21304.52,21920.36,21071.61,21683.31,0,1864.15
16-Aug-2019,21693.59,21838.16,21564.76,21709.25,0,2988.79
19-Aug-2019,21688.89,22378.44,21520.22,22205.75,0,2720.91
20-Aug-2019,22173.91,22406.67,21801.46,22032.74,0,3016.59
21-Aug-2019,22025.98,22224.3,21730.29,21927.72,0,8333.7
22-Aug-2019,21995.66,22090.1,21860.26,21954.52,0,3016.81
23-Aug-2019,21932.38,22424.34,21765.16,22254.67,0,4017.42
26-Aug-2019,22288.21,22684.7,22102.1,22496.85,0,2943.57
27-Aug-2019,22448.25,22824.29,22307.57,22682.15,0,4090.84
28-Aug-2019,22634.04,23097.38,22480.52,22941.77,0,2455.79
29-Aug-2019,22946.7,23625.18,22770.48,23445.12,0,2926.92
30-Aug-2019,23325.19,23901.88,23163.33,23737.17,0,2087.64
02-Sep-2019,23783.49,23906.66,23323.56,23444.97,0,2998.11
03-Sep-2019,23414.65,24093.36,23157.13,23831.26,0,2471.36
04-Sep-2019,23777.97,24197.84,23693.47,24112.16,0,1248.6
05-Sep-2019,24081.36,24386.91,23887.7,24192.36,0,1479.18
06-Sep-2019,24195.39,24408.64,23785.88,23997.38,0,3763.36
09-Sep-2019,24010.53,24366.01,23916.45,24270.91,0,2850.35
10-Sep-2019,24302.88,24438.4,23591.28,23723.57,0,3047.27
11-Sep-2019,23684.19,24005.76,23568.42,23888.99,0,2726.79
12-Sep-2019,23903.78,24023.46,22912.06,23027.35,0,2741.74
13-Sep-2019,23119.56,23730.44,22965.69,23573.55,0,4571.28
16-Sep-2019,23539.15,23685.18,22624.82,22766.06,0,4597.56
17-Sep-2019,22762.91,23080.43,22576.16,22892.62,0,5082.45
18-Sep-2019,22929.92,23214.47,22821.12,23104.83,0,4057.3
19-Sep-2019,23137.83,23625.43,23018.27,23503.97,0,3215.4
20-Sep-2019,23590.84,23710.7,23047.9,23165.6,0,1674.13
23-Sep-2019,23189.19,23363.66,22848.99,23022.2,0,2953.35
24-Sep-2019,23010.81,23414.34,22902.82,23304.97,0,2319.42
25-Sep-2019,23383.21,23551.64,23047.48,23214.71,0,2486.63
26-Sep-2019,23172.81,23603.32,22981.3,23409.86,0,2242.61
27-Sep-2019,23421.56,23625.62,23294.81,23498.45,0,3100.24
30-Sep-2019,23529.2,23704.18,23068.28,23241.11,0,5856.16
01-Oct-2019,23184.04,23417.42,22872.68,23105.27,0,3224.71
02-Oct-2019,23135.22,23447.98,22919.82,23231.69,0,6832.18
03-Oct-2019,23222.84,23546.37,22961.39,23284.23,0,5045.64
04-Oct-2019,23264.27,23388.15,22673.76,22795.14,0,4059.0
07-Oct-2019,22811.28,23136.6,22762.16,23086.89,0,2564.4
08-Oct-2019,23035.04,23399.66,22894.71,23257.97,0,2342.08
09-Oct-2019,23301.78,23444.97,23015.89,23158.19,0,2588.2
10-Oct-2019,23168.42,23898.32,22968.8,23694.17,0,4027.4
11-Oct-2019,23782.99,24098.35,23638.59,23952.92,0,1744.44
14-Oct-2019,23957.43,24152.3,23568.54,23761.82,0,1588.29
15-Oct-2019,23718.84,23926.39,23451.88,23658.9,0,1847.9
16-Oct-2019,23701.61,24022.46,23647.8,23968.05,0,1926.2
17-Oct-2019,23922.05,24102.96,23116.69,23292.84,0,4052.73
18-Oct-2019,23378.39,23515.13,22895.46,23030.16,0,2336.69
21-Oct-2019,23044.89,23477.98,22890.25,23321.48,0,3042.29
22-Oct-2019,23346.97,23412.51,23154.91,23220.09,0,3656.62
23-Oct-2019,23172.11,23311.31,22894.01,23032.38,0,1174.19
24-Oct-2019,22950.52,23085.27,22891.69,23026.25,0,3418.64
25-Oct-2019,23071.15,23700.9,22890.62,23516.88,0,3045.79
28-Oct-2019,23499.19,23710.76,23107.14,23317.06,0,3898.27
29-Oct-2019,23282.71,23707.72,22971.41,23394.92,0,1960.89
30-Oct-2019,23374.65,23627.52,22971.09,23222.31,0,2635.43
31-Oct-2019,23207.52,23421.98,22842.94,23056.0,0,3283.85
01-Nov-2019,23108.18,23433.9,22909.39,23234.03,0,2152.93
04-Nov-2019,23214.48,23648.86,22995.65,23428.02,0,2229.2
05-Nov-2019,23460.17,23675.78,22433.5,22641.58,0,2369.63
06-Nov-2019,22670.07,22930.58,22049.17,22305.49,0,4332.52
07-Nov-2019,22278.53,22553.04,22176.17,22449.9,0,7018.75
08-Nov-2019,22462.51,22566.97,22266.37,22370.4,0,1140.82
11-Nov-2019,22319.17,22607.59,22165.65,22453.15,0,2820.68
12-Nov-2019,22516.75,22652.43,22296.63,22431.8,0,1871.0
13-Nov-2019,22390.41,23078.9,22236.0,22920.83,0,2871.12
14-Nov-2019,22927.54,23286.48,22740.55,23098.1,0,3484.36
15-Nov-2019,23076.23,23318.45,22890.0,23131.76,0,2874.49
18-Nov-2019,23073.46,23242.98,22904.71,23074.23,0,5000.92
19-Nov-2019,23084.32,23550.54,22753.77,23218.08,0,2562.58
20-Nov-2019,23139.78,23313.54,22832.36,23005.1,0,3303.88
21-Nov-2019,22984.11,23759.06,22739.88,23509.24,0,4014.71
22-Nov-2019,23546.18,23719.33,23456.05,23628.88,0,3031.93
25-Nov-2019,23582.94,23793.03,23429.01,23638.74,0,2236.58
26-Nov-2019,23628.01,23676.23,23534.18,23582.3,0,4453.44
27-Nov-2019,23530.03,23847.48,23394.61,23711.02,0,3341.63
28-Nov-2019,23769.75,23977.81,23743.61,23951.48,0,1037.29
29-Nov-2019,23969.7,24265.33,23882.97,24177.86,0,2544.12
02-Dec-2019,24176.26,24225.28,23508.78,23556.54,0,3931.6
03-Dec-2019,23489.22,23715.24,23274.49,23500.41,0,3168.74
04-Dec-2019,23580.23,23648.29,23348.58,23416.17,0,2274.52
05-Dec-2019,23386.5,23882.16,23301.56,23795.72,0,3352.45
06-Dec-2019,23756.71,23911.23,23668.73,23823.0,0,2852.41
09-Dec-2019,23790.71,24210.85,23716.55,24135.61,0,3745.57
10-Dec-2019,24110.76,24475.4,23916.87,24280.14,0,3467.81
11-Dec-2019,24256.84,24479.1,24121.19,24342.98,0,3108.25
12-Dec-2019,24328.73,24493.02,24080.01,24243.72,0,6394.32
13-Dec-2019,24237.89,24356.26,23849.8,23966.84,0,2075.53
16-Dec-2019,23928.75,24093.65,23815.72,23980.37,0,3463.01
17-Dec-2019,24023.54,24372.81,23841.94,24189.95,0,2412.61
18-Dec-2019,24177.04,24561.41,24077.15,24460.36,0,5349.91
19-Dec-2019,24484.63,24859.92,24234.98,24609.0,0,2748.55
20-Dec-2019,24621.75,25141.71,24434.6,24952.05,0,2104.71
23-Dec-2019,24888.37,25002.03,24320.95,24432.52,0,3053.47
24-Dec-2019,24472.51,24742.82,24099.46,24368.63,0,2132.01
25-Dec-2019,24391.14,24559.49,24083.83,24251.21,0,4034.14
26-Dec-2019,24287.71,24612.63,24142.22,24466.07,0,2635.83
27-Dec-2019,24487.71,24601.02,24287.95,24400.86,0,2916.93
30-Dec-2019,24411.15,24499.1,23537.17,23622.28,0,3708.11
31-Dec-2019,23574.6,24263.35,23259.61,23943.44,0,1696.1
01-Jan-2020,24021.11,24814.36,23814.18,24602.43,0,3689.28
02-Jan-2020,24635.24,24712.78,24337.55,24414.41,0,3477.99
03-Jan-2020,24447.91,25016.31,24312.87,24878.89,0,1839.83
06-Jan-2020,25053.58,25850.81,25001.59,25797.28,0,2485.26
07-Jan-2020,25701.29,26877.57,25476.89,26644.93,0,3045.32
08-Jan-2020,26637.09,27524.38,26417.41,27299.24,0,2590.19
09-Jan-2020,27336.04,27556.52,26945.14,27164.24,0,5048.22
10-Jan-2020,27243.21,27299.18,26346.53,26400.77,0,4431.99
13-Jan-2020,26350.72,26505.38,26247.73,26402.19,0,2398.11
14-Jan-2020,26453.81,26648.82,25913.31,26105.76,0,2357.29
15-Jan-2020,26119.64,26861.82,26082.18,26823.35,0,2701.83
16-Jan-2020,26880.4,27151.8,26706.32,26977.1,0,6386.14
17-Jan-2020,26948.04,27268.06,26755.05,27074.16,0,4272.97
20-Jan-2020,27107.42,27539.53,26990.44,27421.2,0,5433.3
21-Jan-2020,27452.53,28042.32,27295.1,27882.43,0,2598.13
22-Jan-2020,27981.34,28808.11,27714.24,28535.72,0,4845.15
23-Jan-2020,28496.72,28646.06,27912.36,28059.4,0,3441.97
24-Jan-2020,28027.38,28229.26,27108.34,27305.01,0,2775.15
27-Jan-2020,27299.77,29317.87,27061.11,29063.79,0,4013.11
28-Jan-2020,29176.37,29383.79,29168.88,29376.24,0,2438.63
29-Jan-2020,29379.31,30609.55,29196.57,30420.33,0,2505.02
30-Jan-2020,30356.13,31338.35,30114.96,31091.34,0,3448.75
31-Jan-2020,31074.74,31355.38,30713.9,30993.8,0,2025.58
03-Feb-2020,30930.83,31665.89,30714.78,31446.24,0,2890.77
04-Feb-2020,31302.84,31743.08,31211.28,31650.51,0,5420.94
05-Feb-2020,31627.67,31873.17,30748.25,30988.79,0,4758.16
06-Feb-2020,30941.49,32381.08,30727.37,32158.54,0,2348.88
07-Feb-2020,32088.24,32393.38,31692.9,31997.19,0,3274.59
10-Feb-2020,31896.64,31938.44,31139.71,31180.57,0,2137.33
11-Feb-2020,31230.49,31433.23,30905.22,31107.16,0,1763.79
12-Feb-2020,31074.92,31338.74,30114.51,30372.36,0,2046.55
13-Feb-2020,30379.71,30946.72,30101.53,30665.91,0,2500.28
14-Feb-2020,30676.31,30810.18,30450.32,30583.78,0,1977.03
17-Feb-2020,30644.66,30834.06,30232.97,30420.98,0,2928.61
18-Feb-2020,30340.09,30697.73,30141.58,30498.17,0,3230.05
19-Feb-2020,30571.39,31313.11,30418.14,31156.92,0,2208.42
20-Feb-2020,31135.12,31416.65,31114.76,31396.12,0,2850.57
21-Feb-2020,31407.72,32863.63,31194.31,32641.83,0,2388.75
24-Feb-2020,32583.03,33091.12,32357.89,32864.04,0,2299.01
25-Feb-2020,32833.76,32959.91,32464.66,32589.88,0,1161.22
26-Feb-2020,32556.81,32574.4,32226.61,32244.03,0,3426.09
27-Feb-2020,32184.35,32506.22,32003.08,32324.16,0,3287.29
28-Feb-2020,32341.88,32514.18,31840.79,32011.33,0,2755.3
02-Mar-2020,31918.91,32019.3,29941.03,30035.49,0,3189.72
03-Mar-2020,29925.25,30211.66,29723.4,30009.24,0,3759.68
04-Mar-2020,30001.21,30347.03,28991.86,29329.94,0,2956.71
05-Mar-2020,29405.52,29496.87,29141.2,29232.01,0,2792.53
06-Mar-2020,29333.53,29767.19,29185.24,29617.46,0,2402.5
09-Mar-2020,29638.41,29777.88,27153.81,27282.19,0,2770.57
10-Mar-2020,27322.47,27433.42,26666.25,26774.98,0,2686.39
11-Mar-2020,26741.54,27444.41,26673.93,27375.19,0,2577.9
12-Mar-2020,27355.35,29536.85,27182.06,29350.93,0,2314.43
13-Mar-2020,29408.59,29550.77,27032.24,27163.56,0,3179.67
16-Mar-2020,27125.42,27208.55,25442.29,25520.5,0,4050.49
17-Mar-2020,25476.87,26229.22,25303.44,26051.88,0,5301.91
18-Mar-2020,26080.91,26477.91,25957.23,26352.94,0,3741.9
19-Mar-2020,26288.7,26452.7,25024.11,25181.21,0,3419.98
20-Mar-2020,25129.87,25328.96,24142.61,24335.4,0,2399.96
23-Mar-2020,24290.88,24613.56,23366.43,23681.01,0,2000.9
24-Mar-2020,23659.46,25314.52,23436.17,25077.84,0,1479.13
25-Mar-2020,25111.28,25897.52,25032.6,25816.64,0,2928.91
26-Mar-2020,25840.0,26090.17,23888.83,24122.38,0,3170.52
27-Mar-2020,24101.92,25134.06,23955.77,24982.57,0,3329.73
30-Mar-2020,24937.96,25310.79,24927.41,25300.08,0,4562.06
31-Mar-2020,25246.71,25465.69,24873.61,25091.24,0,2044.7
01-Apr-2020,25075.6,25303.01,24991.23,25218.15,0,2089.66
02-Apr-2020,25194.81,26633.96,25107.29,26541.76,0,4764.32
03-Apr-2020,26503.81,26954.88,26394.2,26843.86,0,4178.13
06-Apr-2020,26824.81,27102.12,26651.63,26928.27,0,2273.81
07-Apr-2020,26901.3,27306.98,26698.03,27102.2,0,2537.49
08-Apr-2020,27126.07,28452.7,26983.31,28303.75,0,4748.26
09-Apr-2020,28259.93,28667.85,28100.94,28507.47,0,2171.06
10-Apr-2020,28550.24,28708.11,27689.6,27843.55,0,3256.16
13-Apr-2020,27949.66,28882.77,27801.5,28730.47,0,2785.29
14-Apr-2020,28760.69,29779.68,28663.54,29679.43,0,3633.06
15-Apr-2020,29806.54,30770.49,29618.96,30578.05,0,10472.76
16-Apr-2020,30562.53,30708.2,29701.88,29844.12,0,1168.64
17-Apr-2020,29820.7,30124.29,29052.32,29351.14,0,4061.32
20-Apr-2020,29288.21,29557.51,28840.0,29107.64,0,4311.91
21-Apr-2020,29112.35,29448.0,28982.91,29317.65,0,1854.08
22-Apr-2020,29404.4,29915.81,29278.4,29788.17,0,5664.74
23-Apr-2020,29690.28,30893.93,29652.09,30854.25,0,2945.67
24-Apr-2020,30830.81,30981.72,30534.56,30684.75,0,2301.57
27-Apr-2020,30766.37,32569.13,30714.73,32514.56,0,2996.63
28-Apr-2020,32504.31,33346.18,32287.46,33125.19,0,3760.28
29-Apr-2020,33091.34,33315.43,31890.73,32108.17,0,2571.55
30-Apr-2020,32046.85,33110.36,31862.43,32920.91,0,2912.18
01-May-2020,32938.97,33694.95,32688.97,33441.14,0,4238.93
04-May-2020,33469.76,35058.36,33086.21,34661.16,0,5553.39
05-May-2020,34725.71,35511.06,34379.41,35160.42,0,3227.35
06-May-2020,35164.11,35291.91,34805.42,34932.38,0,5347.74
07-May-2020,34974.11,35212.72,34506.55,34743.6,0,3728.38
08-May-2020,34774.53,35843.64,34487.23,35549.94,0,2876.51
11-May-2020,35568.97,35741.65,35500.67,35673.14,0,2836.48
12-May-2020,35769.48,35938.58,35159.13,35326.14,0,3303.93
13-May-2020,35390.05,35520.86,34622.16,34750.61,0,4781.2
14-May-2020,34870.22,35050.48,34438.36,34617.32,0,2763.14
15-May-2020,34547.31,35930.41,34415.18,35793.51,0,4223.76
18-May-2020,35866.32,37130.45,35602.88,36859.72,0,3792.2
19-May-2020,36973.97,37131.45,36708.01,36865.03,0,4643.18
20-May-2020,36696.63,36948.04,36520.74,36771.79,0,1589.56
21-May-2020,36812.68,36998.07,34987.49,35164.57,0,2884.65
22-May-2020,35191.11,35932.31,34941.23,35678.97,0,2605.81
25-May-2020,35532.81,36401.18,35275.39,36139.37,0,2800.59
26-May-2020,36142.54,38118.92,35860.09,37823.34,0,2734.88
27-May-2020,37839.09,38249.88,37536.51,37946.45,0,3852.65
28-May-2020,37960.05,38177.37,36834.21,37046.3,0,2733.03
29-May-2020,36991.15,37238.72,35793.0,36034.16,0,3508.5
01-Jun-2020,36003.33,37606.58,35864.16,37461.77,0,1692.43
02-Jun-2020,37515.88,37872.63,37054.6,37410.34,0,1947.97
03-Jun-2020,37360.75,38032.16,37093.32,37761.86,0,1928.94
04-Jun-2020,37725.85,37861.91,36885.79,37019.3,0,3897.67
05-Jun-2020,37151.98,37377.33,36758.35,36982.67,0,2741.65
08-Jun-2020,36964.4,37233.64,36579.91,36848.31,0,1426.31
09-Jun-2020,36667.65,36956.12,36184.9,36471.83,0,2299.8
10-Jun-2020,36547.13,36649.26,36097.17,36198.33,0,3592.7
11-Jun-2020,36233.87,37222.27,35899.55,36881.98,0,4701.95
12-Jun-2020,36887.28,38921.27,36725.84,38751.67,0,1627.77
15-Jun-2020,38698.12,40423.21,38467.91,40184.15,0,3630.85
16-Jun-2020,40293.78,40871.55,40004.71,40580.42,0,2348.09
17-Jun-2020,40642.87,41722.83,40377.18,41451.86,0,3191.06
18-Jun-2020,41404.36,42009.82,41033.09,41636.47,0,4655.85
19-Jun-2020,41710.89,42038.82,40479.35,40800.11,0,1424.86
22-Jun-2020,40793.13,40870.01,39801.74,39876.9,0,3017.07
23-Jun-2020,39832.72,40987.23,39669.48,40819.94,0,5256.97
24-Jun-2020,40923.75,42106.21,40697.4,41874.6,0,5164.14
25-Jun-2020,41865.23,42175.76,41223.34,41531.39,0,2937.9
26-Jun-2020,41446.67,41566.93,41143.04,41262.76,0,2371.05
29-Jun-2020,41163.48,41738.57,40940.39,41513.59,0,7333.13
30-Jun-2020,41670.9,42021.52,40884.11,41231.02,0,2808.1
01-Jul-2020,41281.51,41887.34,40933.69,41537.36,0,3006.81
02-Jul-2020,41503.6,41722.02,39320.91,39528.93,0,4465.5
03-Jul-2020,39597.19,39803.4,39234.23,39439.61,0,2848.91
06-Jul-2020,39446.98,41143.11,39095.1,40779.34,0,2887.51
07-Jul-2020,40837.96,41184.43,40552.3,40898.35,0,1724.48
08-Jul-2020,41101.02,41455.32,39922.72,40269.85,0,3303.0
09-Jul-2020,40253.13,40638.1,39360.4,39740.46,0,2132.56
10-Jul-2020,39723.99,40180.41,39601.9,40057.29,0,3249.97
13-Jul-2020,40049.56,41270.94,39807.54,41023.03,0,3659.12
14-Jul-2020,40984.03,41317.36,39719.51,40045.2,0,1958.27
15-Jul-2020,40027.76,40227.76,39116.16,39312.58,0,2886.86
16-Jul-2020,39194.87,40772.44,38971.99,40541.91,0,1621.15
17-Jul-2020,40606.37,40870.29,39474.98,39733.22,0,1745.35
20-Jul-2020,39638.54,40645.45,39511.89,40516.0,0,2720.24
21-Jul-2020,40724.13,41542.81,40353.13,41167.78,0,2841.52
22-Jul-2020,41070.18,41483.01,39354.14,39753.74,0,3223.38
23-Jul-2020,39661.99,41082.79,39561.68,40979.15,0,2579.42
24-Jul-2020,41014.89,41145.45,40893.03,41023.56,0,1483.78
27-Jul-2020,41049.93,43091.25,40708.06,42735.34,0,3576.71
28-Jul-2020,42777.2,43010.61,41356.88,41583.78,0,1723.71
29-Jul-2020,41586.85,41994.55,40294.96,40693.91,0,5208.0
30-Jul-2020,40683.62,41001.93,39374.74,39685.25,0,2579.32
31-Jul-2020,39695.19,39993.86,39002.99,39298.67,0,1401.76
03-Aug-2020,39304.33,40521.45,39073.78,40285.15,0,3753.31
04-Aug-2020,40356.25,40523.85,40129.89,40297.24,0,3348.69
05-Aug-2020,40323.37,40533.05,39797.31,40005.34,0,1658.88
06-Aug-2020,39952.64,40424.48,39765.52,40236.03,0,2431.51
07-Aug-2020,40365.09,40857.05,38305.19,38777.81,0,4048.13
10-Aug-2020,38657.35,39666.82,38136.5,39139.47,0,4157.73
11-Aug-2020,39063.93,40339.05,38779.87,40047.83,0,1569.89
12-Aug-2020,39856.61,40049.65,39272.53,39463.66,0,1976.34
13-Aug-2020,39547.32,39747.6,38728.72,38925.85,0,3277.55
14-Aug-2020,38922.24,40995.51,38346.6,40398.03,0,3756.72
17-Aug-2020,40342.49,40713.72,40111.9,40482.33,0,2303.86
18-Aug-2020,40599.72,40900.08,38546.61,38833.9,0,4020.53
19-Aug-2020,38865.05,39683.05,38740.79,39556.57,0,3042.12
20-Aug-2020,39658.28,39786.02,39192.89,39319.54,0,3031.3
21-Aug-2020,39306.1,40057.22,38885.75,39633.37,0,1388.76
24-Aug-2020,39712.43,40133.6,36973.51,37369.83,0,2345.4
25-Aug-2020,37410.9,38136.28,37227.99,37950.73,0,1699.16
26-Aug-2020,37966.31,38762.87,37925.39,38721.13,0,3000.1
27-Aug-2020,38610.43,38900.41,37613.04,37897.66,0,2639.81
28-Aug-2020,37958.18,38110.88,36941.27,37090.48,0,6071.19
31-Aug-2020,37076.8,37792.56,36652.23,37364.7,0,3496.89
01-Sep-2020,37258.56,38425.15,37147.32,38310.76,0,2548.86
02-Sep-2020,38335.57,38838.46,38036.28,38537.59,0,1876.13
03-Sep-2020,38508.71,38725.17,37745.42,37958.79,0,2293.85
04-Sep-2020,38020.79,39020.13,37717.47,38711.3,0,2030.96
07-Sep-2020,38707.63,39024.33,38288.34,38604.2,0,4596.4
08-Sep-2020,38597.54,38990.73,38569.23,38962.15,0,2321.47
09-Sep-2020,39018.55,39414.36,38822.8,39217.61,0,4313.25
10-Sep-2020,39202.76,39434.25,39098.84,39330.0,0,4390.19
11-Sep-2020,39355.36,40109.69,39187.91,39939.76,0,2282.94
14-Sep-2020,40023.13,40977.55,39730.69,40680.3,0,3697.06
15-Sep-2020,40747.61,41086.95,40440.55,40779.65,0,1662.21
16-Sep-2020,40786.65,41549.31,40464.77,41223.97,0,2980.47
17-Sep-2020,41292.68,41601.98,39217.82,39513.79,0,3029.26
18-Sep-2020,39437.71,39667.21,38515.22,38740.66,0,2223.24
21-Sep-2020,38650.29,38759.45,37540.85,37647.18,0,2215.68
22-Sep-2020,37703.72,38980.92,37501.92,38773.39,0,4743.69
23-Sep-2020,38814.99,39343.98,38498.11,39025.37,0,4702.08
24-Sep-2020,38902.76,40557.54,38611.4,40256.04,0,1484.7
25-Sep-2020,40237.55,40347.2,39590.23,39698.4,0,2477.94
28-Sep-2020,39844.58,40405.62,39577.07,40136.15,0,2574.39
29-Sep-2020,40093.59,40896.59,39694.6,40493.62,0,3821.86
30-Sep-2020,40468.26,40621.38,40011.23,40163.19,0,4193.65
01-Oct-2020,40129.95,40942.43,40077.22,40888.7,0,3961.48
02-Oct-2020,40905.8,41172.71,40090.82,40354.12,0,3767.43
05-Oct-2020,40333.67,40578.84,38810.97,39048.32,0,2779.92
06-Oct-2020,39023.18,39562.11,38775.23,39312.33,0,4392.87
07-Oct-2020,39380.95,39636.15,38896.82,39150.53,0,4942.99
08-Oct-2020,39254.02,39972.38,38977.09,39692.36,0,12405.64
09-Oct-2020,39688.5,40039.71,39656.14,40007.08,0,1810.96
12-Oct-2020,39831.25,39947.21,38937.99,39051.67,0,2561.45
13-Oct-2020,38921.47,40355.95,38515.86,39939.73,0,2266.57
14-Oct-2020,39893.19,40659.47,39804.84,40569.62,0,2587.65
15-Oct-2020,40698.85,41330.55,40399.38,41028.67,0,3527.71
16-Oct-2020,41034.4,41086.24,40766.42,40818.0,0,3406.05
19-Oct-2020,40770.35,42460.57,40567.63,42250.49,0,3008.53
20-Oct-2020,42050.01,42937.59,41800.64,42684.46,0,2994.62
21-Oct-2020,42523.86,42853.59,42432.18,42761.4,0,4868.02
22-Oct-2020,42688.09,44547.03,42403.05,44251.55,0,5802.22
23-Oct-2020,44340.95,44591.35,43842.46,44091.45,0,3344.73
26-Oct-2020,43987.09,44230.85,43383.35,43625.1,0,5566.35
27-Oct-2020,43651.43,43849.24,41181.88,41369.35,0,1985.81
28-Oct-2020,41420.53,41581.94,40897.57,41057.56,0,1870.06
29-Oct-2020,41100.28,41479.28,39879.14,40250.3,0,2296.28
30-Oct-2020,40249.8,40567.25,40123.68,40440.53,0,3765.06
02-Nov-2020,40672.5,41448.79,40334.73,41107.41,0,3745.77
03-Nov-2020,41030.03,41402.57,40809.37,41181.1,0,1898.91
04-Nov-2020,41183.7,41300.45,40852.86,40969.01,0,2266.32
05-Nov-2020,41090.76,41311.54,40873.33,41094.1,0,4424.21
06-Nov-2020,41042.73,41223.77,39631.19,39806.78,0,2721.21
09-Nov-2020,39844.46,40174.82,39173.63,39501.15,0,2709.21
10-Nov-2020,39494.84,39563.18,38257.67,38323.99,0,4126.77
11-Nov-2020,38419.97,38650.28,37533.2,37759.55,0,3396.7
12-Nov-2020,37786.9,39658.7,37434.73,39292.49,0,1939.02
13-Nov-2020,39280.92,39516.25,39246.73,39481.88,0,2669.02
16-Nov-2020,39382.55,40615.07,39078.77,40304.18,0,1698.32
17-Nov-2020,40230.76,40683.74,40077.5,40529.34,0,2675.89
18-Nov-2020,40352.43,40969.14,40166.64,40781.37,0,3451.62
19-Nov-2020,40741.32,42215.73,40517.75,41985.34,0,2475.31
20-Nov-2020,42040.64,42318.81,41685.84,41963.49,0,3093.94
23-Nov-2020,41870.1,43726.45,41547.8,43392.44,0,1853.38
24-Nov-2020,43425.93,43775.43,42628.33,42974.19,0,2732.36
25-Nov-2020,42914.03,43385.11,42520.26,42990.63,0,2799.63
26-Nov-2020,42996.39,45056.97,42552.47,44596.53,0,2729.67
27-Nov-2020,44763.05,45192.28,44311.29,44740.3,0,5644.75
30-Nov-2020,44879.35,45461.64,44478.0,45058.69,0,3522.36
01-Dec-2020,45043.27,45216.3,44252.88,44423.52,0,2177.67
02-Dec-2020,44219.54,46142.54,43923.5,45835.69,0,2800.03
03-Dec-2020,45767.8,45926.84,45715.71,45874.62,0,4549.87
04-Dec-2020,45773.5,46021.63,43418.68,43655.33,0,1406.57
07-Dec-2020,43656.58,43982.83,43419.55,43745.32,0,3063.84
08-Dec-2020,43718.18,43917.49,42672.12,42867.56,0,1647.32
09-Dec-2020,42853.65,43711.62,42599.21,43453.62,0,3122.87
10-Dec-2020,43361.67,44673.26,43089.7,44394.81,0,4837.06
11-Dec-2020,44610.62,45384.51,44235.72,45006.28,0,1375.43
14-Dec-2020,45064.07,46337.83,44728.23,45995.04,0,4217.41
15-Dec-2020,46010.06,46808.01,45832.76,46628.33,0,3362.96
16-Dec-2020,46655.0,46768.46,46314.59,46427.51,0,2981.96
17-Dec-2020,46558.6,46967.89,45807.34,46213.6,0,4838.79
18-Dec-2020,46198.78,47454.34,45831.17,47079.72,0,7757.88
21-Dec-2020,47212.43,47391.73,46572.45,46750.0,0,4212.66
22-Dec-2020,46782.11,47714.07,46396.11,47323.6,0,3143.12
23-Dec-2020,47348.17,48212.96,46858.41,47719.36,0,2750.43
24-Dec-2020,47797.44,48117.94,46473.41,46787.14,0,3810.73
25-Dec-2020,46794.68,48554.87,46523.02,48274.62,0,3455.45
28-Dec-2020,48393.49,49932.15,48012.89,49542.52,0,1577.64
29-Dec-2020,49523.78,49876.9,48507.39,48855.74,0,2025.47
30-Dec-2020,48718.53,50015.93,48662.29,49958.25,0,2154.16
31-Dec-2020,49886.43,50286.88,49333.98,49733.21,0,3531.52
01-Jan-2021,49828.15,50242.37,48934.39,49344.59,0,1819.07
04-Jan-2021,49447.18,50042.84,48714.88,49308.88,0,2664.58
05-Jan-2021,49446.0,49576.79,49126.22,49256.51,0,4735.34
06-Jan-2021,49294.99,49482.24,49121.36,49308.56,0,2806.53
07-Jan-2021,49323.21,49685.07,49059.49,49420.84,0,1596.0
08-Jan-2021,49322.99,49542.79,49157.03,49376.65,0,2601.42
11-Jan-2021,49459.94,49610.62,49206.19,49356.56,0,2360.12
12-Jan-2021,49237.4,49420.53,48335.65,48516.09,0,2327.34
13-Jan-2021,48403.91,49208.73,47920.23,48721.87,0,1686.93
14-Jan-2021,48564.85,48679.29,48129.48,48243.16,0,1608.64
15-Jan-2021,48275.47,48498.66,47305.13,47524.85,0,2187.42
18-Jan-2021,47352.11,48990.28,46851.28,48477.54,0,2986.5
19-Jan-2021,48448.46,48857.33,47715.43,48121.54,0,3584.86
20-Jan-2021,48173.95,49627.65,47945.54,49393.45,0,1967.68
21-Jan-2021,49437.12,49729.88,48994.29,49286.15,0,1632.1
22-Jan-2021,49463.17,49884.18,48211.16,48625.04,0,6056.69
25-Jan-2021,48635.47,49069.27,48371.15,48804.04,0,2197.23
26-Jan-2021,48846.62,49582.19,48505.22,49238.06,0,1449.28
27-Jan-2021,49171.59,50475.22,48919.42,50217.68,0,2447.98
28-Jan-2021,50419.32,51067.2,48979.79,49617.37,0,2470.91
29-Jan-2021,49649.56,51293.39,49263.46,50897.59,0,5130.09
01-Feb-2021,50711.27,51197.28,50119.73,50604.72,0,2291.66
02-Feb-2021,50499.24,50862.06,49110.89,49466.29,0,2053.24
03-Feb-2021,49520.97,49766.96,48436.32,48678.12,0,4704.37
04-Feb-2021,48604.55,49109.22,48330.76,48834.14,0,4290.09
05-Feb-2021,48966.09,49202.62,47752.23,47984.02,0,3263.85
08-Feb-2021,48021.09,48512.53,47765.44,48255.63,0,2931.2
09-Feb-2021,48372.99,48804.98,47234.84,47660.48,0,3349.18
10-Feb-2021,47731.72,48010.17,46416.64,46689.01,0,2655.59
11-Feb-2021,46844.84,46912.56,46291.09,46358.1,0,1799.01
12-Feb-2021,46361.71,46361.8,46072.56,46072.65,0,2062.6
15-Feb-2021,46073.81,46232.77,45539.65,45697.32,0,1541.68
16-Feb-2021,45659.87,45880.45,45351.69,45571.85,0,2291.08
17-Feb-2021,45653.3,45755.88,45582.41,45684.94,0,1077.25
18-Feb-2021,45605.4,46387.44,45421.84,46201.48,0,1365.4
19-Feb-2021,46259.39,46842.15,46173.62,46755.46,0,2963.52
22-Feb-2021,46779.08,47231.26,46079.97,46529.74,0,1388.92
23-Feb-2021,46649.1,46945.35,46565.95,46861.82,0,1929.0
24-Feb-2021,46847.07,47354.35,46522.04,47028.06,0,2027.09
25-Feb-2021,46878.38,47777.63,46446.69,47341.67,0,2311.92
26-Feb-2021,47295.0,48261.51,47200.45,48165.22,0,2099.07
01-Mar-2021,48238.26,48784.57,48035.9,48580.77,0,1881.6
02-Mar-2021,48524.13,48993.26,48454.47,48923.03,0,1862.64
03-Mar-2021,49008.21,49339.75,47535.44,47859.22,0,4895.64
04-Mar-2021,47762.24,48590.08,47218.28,48042.94,0,2144.83
05-Mar-2021,47937.92,48494.19,47546.51,48101.44,0,3486.9
08-Mar-2021,48057.8,48413.1,47514.71,47868.61,0,2082.94
09-Mar-2021,47801.43,48244.09,47268.47,47710.28,0,2401.84
10-Mar-2021,47611.45,48829.01,47389.37,48602.31,0,3279.65
11-Mar-2021,48706.48,49202.59,48068.58,48563.23,0,1567.04
12-Mar-2021,48647.67,49495.76,48214.94,49059.37,0,3203.58
15-Mar-2021,48981.11,49702.21,48569.02,49287.54,0,2334.01
16-Mar-2021,49193.45,50048.27,48846.39,49697.65,0,3652.21
17-Mar-2021,49625.32,51136.52,49415.22,50920.94,0,2491.83
18-Mar-2021,50924.41,52598.38,50280.89,51942.01,0,2874.5
19-Mar-2021,52129.6,52800.39,51805.69,52474.34,0,2109.79
22-Mar-2021,52280.4,52618.46,52210.61,52548.32,0,1573.19
23-Mar-2021,52640.98,53045.58,51609.94,52009.69,0,2385.4
24-Mar-2021,51910.8,52450.48,50641.9,51173.92,0,2295.99
25-Mar-2021,51335.19,51987.05,49915.11,50557.09,0,3316.87
26-Mar-2021,50543.83,51869.45,50344.57,51665.77,0,3569.39
29-Mar-2021,51656.53,52985.27,51398.05,52721.46,0,4464.14
30-Mar-2021,52866.58,53136.46,52271.52,52539.73,0,6217.82
31-Mar-2021,52410.96,53418.78,52176.56,53180.94,0,2875.01
01-Apr-2021,53285.42,53991.7,52905.08,53609.06,0,2498.94
02-Apr-2021,53866.48,54454.44,53589.3,54175.67,0,3242.21
05-Apr-2021,54014.09,55827.76,53602.07,55405.13,0,5314.92
06-Apr-2021,55372.18,55713.22,54726.76,55065.91,0,2967.96
07-Apr-2021,55002.02,55455.22,53814.11,54261.21,0,4394.14
08-Apr-2021,54276.55,54846.98,53963.21,54532.17,0,2322.11
09-Apr-2021,54394.13,54607.19,53695.13,53906.28,0,2223.97
12-Apr-2021,53903.4,54943.97,53561.27,54597.43,0,2711.22
13-Apr-2021,54578.54,54801.09,54445.93,54668.26,0,2783.19
14-Apr-2021,54673.04,55285.09,53654.97,54262.42,0,2280.57
15-Apr-2021,54340.2,55116.62,53887.95,54661.7,0,1966.71
16-Apr-2021,54600.64,54811.87,54537.07,54748.12,0,1919.81
19-Apr-2021,54715.27,54766.86,54063.02,54114.05,0,3550.22
20-Apr-2021,54207.84,54425.96,53249.17,53464.3,0,3184.3
21-Apr-2021,53628.45,54771.39,53301.02,54439.0,0,3297.05
22-Apr-2021,54473.6,55042.43,54328.72,54896.43,0,1747.54
23-Apr-2021,54893.56,55195.6,54295.73,54596.14,0,5322.0
26-Apr-2021,54491.92,56537.22,54067.37,56100.14,0,2141.72
27-Apr-2021,56067.04,56644.88,55668.48,56245.05,0,3686.77
28-Apr-2021,56234.46,57328.78,56050.0,57141.35,0,5773.99
29-Apr-2021,57072.29,57582.01,56226.54,56733.23,0,4369.88
30-Apr-2021,56881.12,57118.76,56304.44,56540.66,0,4532.35
03-May-2021,56506.15,57131.57,55429.66,56050.04,0,2185.95
04-May-2021,56156.59,56541.59,55251.4,55632.81,0,2003.44
05-May-2021,55755.06,55762.65,55677.72,55685.31,0,2736.92
06-May-2021,55623.21,56594.66,54990.39,55958.03,0,3802.1
07-May-2021,56109.6,56446.86,54829.03,55160.59,0,3043.73
10-May-2021,55161.81,55773.47,54824.08,55434.08,0,2486.54
11-May-2021,55474.51,55814.62,53820.97,54152.98,0,1567.38
12-May-2021,54115.03,54957.75,53321.36,54163.37,0,3228.84
13-May-2021,54194.64,54204.18,53662.47,53671.92,0,3823.49
14-May-2021,53554.03,53685.76,53500.04,53631.69,0,2444.91
17-May-2021,53591.22,54098.72,52186.95,52685.89,0,2083.7
18-May-2021,52562.19,53067.5,52267.21,52771.34,0,3057.15
19-May-2021,52982.7,53676.71,52887.66,53580.6,0,2063.15
20-May-2021,53632.58,54491.13,53299.01,54154.31,0,4372.84
21-May-2021,54166.02,55507.14,53779.71,55114.06,0,2804.72
24-May-2021,55075.34,55533.06,54729.82,55186.84,0,5733.02
25-May-2021,54931.46,55700.27,54877.04,55645.15,0,2523.0
26-May-2021,55662.42,55940.14,55300.88,55578.18,0,2841.99
27-May-2021,55641.11,56372.1,55333.56,56062.23,0,1867.26
28-May-2021,56019.65,56560.8,55603.65,56143.88,0,3971.77
31-May-2021,56084.97,56433.22,55364.28,55710.2,0,3394.67
01-Jun-2021,56018.97,56430.97,55753.74,56165.05,0,5975.51
02-Jun-2021,56099.88,57017.44,55806.81,56721.12,0,3170.61
03-Jun-2021,56650.88,57997.64,56276.45,57616.82,0,2764.47
04-Jun-2021,57555.4,58270.3,57053.78,57766.84,0,2467.67
07-Jun-2021,57982.62,58352.77,57195.52,57562.98,0,4142.03
08-Jun-2021,57608.4,57787.33,55951.88,56126.21,0,1748.14
09-Jun-2021,55834.82,57009.4,55477.71,56647.1,0,4810.45
10-Jun-2021,56384.58,56595.09,55690.61,55899.31,0,2331.45
11-Jun-2021,55806.34,56197.12,55347.66,55737.96,0,2238.0
14-Jun-2021,55724.51,56252.0,55486.48,56012.74,0,3504.37
15-Jun-2021,55952.41,56380.99,55874.94,56303.02,0,1649.92
16-Jun-2021,56225.69,56600.71,56074.09,56448.51,0,4010.51
17-Jun-2021,56396.23,57844.6,55966.1,57406.77,0,3040.83
18-Jun-2021,57359.24,58453.98,56685.66,57775.51,0,3934.78
21-Jun-2021,57584.06,58512.94,57446.95,58373.95,0,5112.09
22-Jun-2021,58464.57,58932.22,56634.51,57091.18,0,1793.4
23-Jun-2021,57233.43,58211.52,57043.09,58018.56,0,2020.82
24-Jun-2021,58119.57,59618.2,57705.16,59196.11,0,3552.95
25-Jun-2021,59094.85,60579.96,58642.71,60119.98,0,3097.74
28-Jun-2021,60100.93,61718.68,59655.05,61264.18,0,4670.67
29-Jun-2021,61088.37,61484.14,60530.01,60924.71,0,1787.16
30-Jun-2021,60749.88,61012.65,58958.13,59214.26,0,2310.2
01-Jul-2021,59192.47,61279.93,58782.8,60858.73,0,4233.78
02-Jul-2021,60945.61,61852.06,60482.44,61385.55,0,2992.12
05-Jul-2021,61265.62,62102.76,60747.19,61581.66,0,5060.32
06-Jul-2021,61550.62,61961.75,59960.87,60364.08,0,2368.62
07-Jul-2021,60626.43,61684.09,60051.07,61104.2,0,5059.83
08-Jul-2021,61092.81,61463.25,60079.49,60446.01,0,3282.73
09-Jul-2021,60277.44,61617.08,59762.34,61094.99,0,2531.63
12-Jul-2021,61087.74,62103.78,60813.03,61825.76,0,3004.58
13-Jul-2021,61642.36,62688.87,61110.97,62153.07,0,4887.99
14-Jul-2021,61988.51,62474.56,60713.39,61193.2,0,5169.75
15-Jul-2021,60965.38,61373.94,60138.99,60544.72,0,4334.1
16-Jul-2021,60736.47,62150.95,60254.13,61661.27,0,2948.59
19-Jul-2021,61848.03,62502.82,61614.92,62268.12,0,3265.77
20-Jul-2021,62156.53,63225.75,61697.88,62762.63,0,2237.13
21-Jul-2021,62850.29,64140.69,62660.61,63947.69,0,2297.91
22-Jul-2021,63934.23,64973.36,63548.24,64583.46,0,2502.91
23-Jul-2021,64675.07,65917.73,64101.83,65338.61,0,2153.9
26-Jul-2021,65269.8,65536.36,63424.58,63684.67,0,3334.3
27-Jul-2021,63476.08,64005.86,61872.5,62393.24,0,3765.73
28-Jul-2021,62207.6,63314.76,61743.45,62845.85,0,8128.51
29-Jul-2021,62965.71,64832.33,62286.12,64140.06,0,3152.13
30-Jul-2021,64001.28,65339.66,63952.3,65289.69,0,3750.85
02-Aug-2021,65182.24,66568.94,64776.57,66157.2,0,5405.65
03-Aug-2021,66034.7,66813.55,65346.9,66124.81,0,2236.85
04-Aug-2021,66008.43,66561.6,64961.88,65510.88,0,3543.36
05-Aug-2021,65428.04,66731.08,64662.94,65959.75,0,4895.42
06-Aug-2021,66041.61,66458.67,64451.34,64860.95,0,4904.67
09-Aug-2021,64845.84,66478.18,64380.47,66004.5,0,4138.69
10-Aug-2021,66045.82,66130.48,65988.82,66073.46,0,2575.34
11-Aug-2021,66079.71,67730.33,65360.93,67001.53,0,3379.72
12-Aug-2021,66993.19,67443.8,66366.05,66815.46,0,2750.6
13-Aug-2021,66903.56,67321.69,65863.57,66277.78,0,3756.44
16-Aug-2021,66167.5,66532.84,65280.55,65642.99,0,2929.97
17-Aug-2021,65515.76,66564.84,64997.48,66042.4,0,2702.09
18-Aug-2021,66075.57,66743.16,65551.61,66218.07,0,3410.7
19-Aug-2021,66351.74,66830.58,66025.94,66504.03,0,2424.03
20-Aug-2021,66688.19,67648.71,66344.33,67301.68,0,2950.55
23-Aug-2021,67249.11,68398.04,66814.01,67958.34,0,1309.13
24-Aug-2021,67904.39,68486.52,67013.88,67593.35,0,1967.43
25-Aug-2021,67456.32,68196.03,67150.3,67888.05,0,1720.39
26-Aug-2021,68193.47,68686.7,66780.18,67266.71,0,3169.54
27-Aug-2021,67292.97,67659.12,66397.97,66761.23,0,2073.22
30-Aug-2021,66454.48,67272.29,66086.15,66901.48,0,3983.51
31-Aug-2021,66857.0,67495.06,65632.07,66264.48,0,2665.86
01-Sep-2021,66266.54,67805.85,65923.38,67456.53,0,3730.41
02-Sep-2021,67328.31,67826.15,67140.74,67637.71,0,3706.26
03-Sep-2021,67479.0,67906.54,66803.53,67229.49,0,2396.47
06-Sep-2021,67262.53,67945.76,66970.93,67652.47,0,7126.27
07-Sep-2021,67571.96,68378.3,66721.31,67527.11,0,4141.9
08-Sep-2021,67505.42,68159.73,66371.7,67021.33,0,1327.33
09-Sep-2021,67021.12,68332.35,66597.18,67902.83,0,2132.83
10-Sep-2021,67890.71,71440.98,67428.36,70957.74,0,3724.54
13-Sep-2021,70932.78,72627.52,70526.11,72213.5,0,1742.35
14-Sep-2021,72069.11,72613.43,71495.83,72039.93,0,3841.9
15-Sep-2021,72248.82,72837.49,70443.5,71022.18,0,4015.76
16-Sep-2021,70972.43,72231.13,70749.72,72005.18,0,3212.3
17-Sep-2021,71996.65,74433.82,71704.24,74132.74,0,3862.52
20-Sep-2021,74044.78,75204.9,73749.2,74905.89,0,2719.71
21-Sep-2021,74844.95,76230.48,74232.24,75611.5,0,3523.91
22-Sep-2021,75636.89,76232.47,74428.38,75019.09,0,1652.39
23-Sep-2021,75219.96,76521.63,74603.3,75899.39,0,4798.57
24-Sep-2021,75771.3,77711.92,75719.53,77658.85,0,1519.51
27-Sep-2021,77908.43,78389.06,76228.82,76702.01,0,2902.51
28-Sep-2021,76700.49,78134.88,75849.7,77277.69,0,2172.16
29-Sep-2021,77247.37,77676.69,76811.39,77240.67,0,2103.65
30-Sep-2021,77187.21,77223.71,77067.6,77104.06,0,4711.18
01-Oct-2021,77165.51,80164.57,76768.55,79754.29,0,3050.01
04-Oct-2021,80049.7,81747.34,79154.69,80843.45,0,2472.98
05-Oct-2021,80761.86,82520.68,80071.23,81821.0,0,2026.73
06-Oct-2021,81807.88,82884.4,79985.33,81051.9,0,2934.68
07-Oct-2021,81109.54,81778.71,80883.14,81551.08,0,3959.44
08-Oct-2021,81642.64,83558.93,81517.5,83431.05,0,2338.75
11-Oct-2021,83758.29,84596.75,82755.37,83592.17,0,5031.46
12-Oct-2021,83735.49,84330.49,81684.43,82269.01,0,2061.99
13-Oct-2021,82212.35,83298.61,81086.36,82172.09,0,2402.67
14-Oct-2021,82166.48,83666.94,81263.73,82757.7,0,3154.75
15-Oct-2021,82910.98,85548.06,82379.94,85003.62,0,2322.34
18-Oct-2021,84632.11,85377.14,83981.73,84726.04,0,1470.48
19-Oct-2021,84502.49,86700.73,83961.2,86148.89,0,3783.48
20-Oct-2021,86284.08,87279.61,86044.31,87037.75,0,2701.62
21-Oct-2021,87063.64,89184.42,86859.66,88975.96,0,2922.91
22-Oct-2021,89002.44,89672.5,88636.32,89305.13,0,1238.52
25-Oct-2021,89419.91,90003.89,88381.61,88962.61,0,2425.18
26-Oct-2021,89139.09,89843.65,88219.75,88922.6,0,2294.76
27-Oct-2021,88759.53,89801.89,88420.0,89459.68,0,3906.75
28-Oct-2021,89780.86,90285.58,88645.83,89146.99,0,5038.48
29-Oct-2021,89159.94,90075.25,86486.22,87383.29,0,4581.72
01-Nov-2021,87120.4,87522.78,85596.54,85993.72,0,1498.81
02-Nov-2021,85899.8,87485.79,85395.06,86974.74,0,1452.01
03-Nov-2021,86616.07,87609.08,86141.54,87131.73,0,1480.91
04-Nov-2021,87108.1,87957.2,86476.92,87324.45,0,4431.88
05-Nov-2021,87418.08,88125.8,86955.5,87661.93,0,4384.11
08-Nov-2021,87802.3,89228.76,87326.36,88747.69,0,2630.87
09-Nov-2021,88530.58,89944.75,87919.9,89328.56,0,855.11
10-Nov-2021,89197.83,90776.09,89043.04,90618.84,0,3987.23
11-Nov-2021,90763.73,91433.39,90252.37,90921.15,0,6277.14
12-Nov-2021,90790.08,91705.55,90028.05,90942.24,0,3754.65
15-Nov-2021,91015.91,91785.81,90776.4,91544.91,0,4514.18
16-Nov-2021,91751.58,92466.73,90971.34,91685.99,0,2382.3
17-Nov-2021,91591.18,91931.86,90323.1,90660.32,0,2656.38
18-Nov-2021,90691.28,91460.66,90049.06,90817.55,0,2381.4
19-Nov-2021,90710.77,92418.33,90012.51,91712.36,0,1393.64
22-Nov-2021,91522.95,91807.16,90619.69,90901.97,0,2215.83
23-Nov-2021,90670.14,91335.66,90214.59,90879.06,0,3124.82
24-Nov-2021,90800.35,91743.74,90328.44,91269.39,0,3344.47
25-Nov-2021,91266.06,92768.66,91076.62,92576.5,0,4167.39
26-Nov-2021,92550.37,92991.35,92178.04,92618.74,0,2083.7
29-Nov-2021,92446.56,93692.15,91514.36,92756.82,0,5756.0
30-Nov-2021,92879.72,93175.0,92519.76,92814.84,0,3407.1
01-Dec-2021,92917.18,94312.48,92806.19,94199.96,0,1514.84
02-Dec-2021,94482.36,94677.9,94203.24,94398.61,0,3837.51
03-Dec-2021,94235.99,94791.6,92678.09,93227.76,0,2740.69
06-Dec-2021,93238.31,93956.87,92364.58,93081.94,0,8870.7
07-Dec-2021,93142.02,96757.33,92480.28,96074.75,0,3569.69
08-Dec-2021,95976.8,97096.39,94015.85,95125.51,0,2351.13
09-Dec-2021,95138.45,95848.16,94282.85,94991.46,0,2701.74
10-Dec-2021,94947.92,95515.04,94345.99,94912.91,0,4033.89
13-Dec-2021,94898.61,95712.0,94125.93,94939.0,0,1443.03
14-Dec-2021,94933.14,95422.93,94425.69,94915.39,0,1623.54
15-Dec-2021,94882.99,96656.13,94681.3,96451.12,0,2347.77
16-Dec-2021,96636.3,97528.23,94471.1,95351.17,0,4107.03
17-Dec-2021,95327.54,95878.81,93246.24,93788.61,0,3017.15
20-Dec-2021,94236.48,95009.94,92796.81,93564.75,0,1182.09
21-Dec-2021,93575.55,94278.12,90731.72,91418.1,0,2546.41
22-Dec-2021,91226.73,92572.88,91083.88,92428.14,0,6497.13
23-Dec-2021,92243.86,94105.04,91560.87,93413.39,0,2641.62
24-Dec-2021,93754.76,95831.38,93237.96,95306.03,0,2166.63
27-Dec-2021,95281.9,97201.49,94547.61,96458.14,0,3013.87
28-Dec-2021,96575.15,97236.06,93722.56,94368.37,0,2086.47
29-Dec-2021,94487.47,94831.32,93410.95,93752.13,0,2896.5
30-Dec-2021,93752.52,93971.33,93339.76,93558.11,0,4619.99
31-Dec-2021,93556.71,94228.63,92726.85,93397.62,0,3832.65
03-Jan-2022,93656.62,94324.59,91487.98,92145.17,0,1286.78
04-Jan-2022,92106.32,92820.75,87072.22,87752.89,0,2401.32
05-Jan-2022,87944.63,88254.11,87094.58,87402.15,0,2856.94
06-Jan-2022,87487.64,88125.22,84746.68,85368.82,0,4766.57
07-Jan-2022,85376.05,86227.52,83436.27,84276.77,0,2072.68
10-Jan-2022,84407.92,84890.15,84218.93,84700.5,0,4007.34
11-Jan-2022,84253.44,85452.9,83704.44,84899.68,0,2767.17
12-Jan-2022,84938.91,85549.53,83287.85,83890.93,0,1620.7
13-Jan-2022,84167.83,85007.2,83609.29,84446.8,0,4015.9
14-Jan-2022,84318.4,84499.73,83153.68,83332.9,0,1917.23
17-Jan-2022,83417.87,83987.64,83048.29,83617.18,0,3644.5
18-Jan-2022,83407.77,84428.76,82967.05,83984.99,0,3511.49
19-Jan-2022,83933.26,84157.18,83490.99,83714.32,0,3183.6
20-Jan-2022,83543.39,84122.92,82717.9,83295.71,0,3128.44
21-Jan-2022,83395.77,83726.84,83167.38,83498.17,0,3367.95
24-Jan-2022,83627.93,83867.34,83178.43,83417.24,0,5038.07
25-Jan-2022,83488.9,86625.79,82985.41,86106.51,0,2864.39
26-Jan-2022,86310.71,86775.77,85924.72,86389.42,0,2398.96
27-Jan-2022,86504.27,86947.46,85399.98,85839.76,0,3325.52
28-Jan-2022,85818.55,87087.07,85058.86,86322.92,0,3894.73
31-Jan-2022,86559.95,86725.25,84097.83,84258.73,0,3000.17
01-Feb-2022,84193.54,85654.98,83753.37,85209.49,0,6181.98
02-Feb-2022,85085.97,88280.38,85056.17,88249.47,0,2373.6
03-Feb-2022,88271.71,88312.45,87058.32,87098.52,0,2523.11
04-Feb-2022,86910.66,87731.75,86758.79,87578.71,0,2331.61
07-Feb-2022,87842.82,88645.74,87229.38,88030.99,0,2059.73
08-Feb-2022,87921.11,88536.91,85777.0,86382.02,0,3789.19
09-Feb-2022,86643.08,87670.67,86292.65,87317.51,0,2642.91
10-Feb-2022,87362.77,88648.51,86645.09,87926.21,0,3056.44
11-Feb-2022,88149.72,90391.57,87488.91,89719.0,0,3736.12
14-Feb-2022,89743.86,90436.05,88369.65,89056.54,0,2757.0
15-Feb-2022,89067.83,92310.59,88527.68,91754.15,0,3375.99
16-Feb-2022,91799.74,92312.52,91118.65,91630.49,0,1853.58
17-Feb-2022,91645.25,92315.8,89491.09,90150.71,0,6076.06
18-Feb-2022,90182.09,90581.67,89303.06,89700.52,0,3460.1
21-Feb-2022,89557.77,90724.87,88821.56,89985.15,0,2948.08
22-Feb-2022,89854.91,91015.75,89481.66,90639.25,0,5299.27
23-Feb-2022,90657.67,91514.57,89940.18,90795.99,0,2088.5
24-Feb-2022,90706.74,92520.5,90088.97,91894.63,0,2104.26
25-Feb-2022,91979.2,95141.58,91647.37,94799.59,0,2728.56
28-Feb-2022,95068.58,95709.39,93655.17,94290.73,0,2979.66
01-Mar-2022,94078.99,95319.31,93876.15,95114.23,0,2769.62
02-Mar-2022,95094.87,95832.86,93735.74,94468.87,0,3646.65
03-Mar-2022,94336.39,95321.4,93626.37,94609.32,0,2058.93
04-Mar-2022,94649.83,95565.44,93322.26,94233.85,0,1365.17
07-Mar-2022,94164.05,94852.74,92930.58,93615.25,0,2089.2
08-Mar-2022,93534.27,93768.04,93177.3,93410.77,0,3324.53
09-Mar-2022,93693.17,94125.09,91934.9,92360.68,0,6696.44
10-Mar-2022,92359.27,93517.58,90227.53,91373.48,0,2401.03
11-Mar-2022,91590.73,91904.34,91252.66,91566.2,0,1128.47
14-Mar-2022,91779.22,92583.07,90595.94,91396.44,0,1642.02
15-Mar-2022,91435.75,92382.66,90245.75,91190.12,0,1968.6
16-Mar-2022,91166.14,91784.08,90331.65,90948.11,0,5687.78
17-Mar-2022,90800.69,92588.1,90282.42,92062.63,0,3022.45
18-Mar-2022,92237.61,93082.05,90803.21,91642.19,0,2811.51
21-Mar-2022,91320.81,93666.24,90605.35,92938.11,0,7543.2
22-Mar-2022,92757.19,94087.77,92265.09,93591.24,0,3268.02
23-Mar-2022,93633.2,96648.62,93059.93,96060.49,0,1867.35
24-Mar-2022,95989.78,96514.96,94280.95,94799.62,0,1494.06
25-Mar-2022,94735.47,94973.27,92987.33,93221.33,0,1950.68
28-Mar-2022,93039.31,94842.22,92024.9,93819.3,0,2780.29
29-Mar-2022,93968.33,96460.68,93223.98,95702.6,0,1516.25
30-Mar-2022,95633.09,97258.63,95045.25,96664.45,0,5805.11
31-Mar-2022,96567.23,98258.04,95918.58,97602.44,0,6037.89
01-Apr-2022,97460.63,98187.98,97299.09,98025.5,0,2527.7
04-Apr-2022,98144.81,98732.92,97147.06,97732.7,0,4335.67
05-Apr-2022,97920.79,98435.35,97386.04,97900.5,0,3310.49
06-Apr-2022,98034.25,98945.1,97545.17,98453.93,0,3164.15
07-Apr-2022,98344.66,98820.17,96685.42,97155.17,0,3349.81
08-Apr-2022,97072.57,97389.87,94562.16,94872.27,0,2256.39
11-Apr-2022,94766.04,95319.82,92450.61,92994.03,0,2706.54
12-Apr-2022,93379.52,94058.49,92012.7,92686.63,0,3933.53
13-Apr-2022,92610.85,93029.52,92000.73,92418.53,0,6547.49
14-Apr-2022,92404.83,93471.28,91889.17,92952.56,0,1202.02
15-Apr-2022,93008.5,93513.73,90465.92,90960.02,0,1967.32
18-Apr-2022,91000.29,92009.02,90485.73,91491.68,0,6252.77
19-Apr-2022,91645.54,92224.63,90381.02,90955.75,0,2516.32
20-Apr-2022,90899.89,91206.74,90570.68,90877.45,0,2054.98
21-Apr-2022,90957.35,91962.45,89851.95,90855.93,0,1817.32
22-Apr-2022,90764.68,91898.69,88723.0,89845.53,0,1625.1
25-Apr-2022,90020.83,90291.51,89910.17,90180.65,0,3595.09
26-Apr-2022,89950.14,90542.61,88288.78,88874.15,0,2668.37
27-Apr-2022,88957.59,89455.88,88585.17,89082.93,0,2124.61
28-Apr-2022,89066.95,89905.69,88190.54,89028.92,0,2179.71
29-Apr-2022,89235.75,89869.39,87553.87,88180.01,0,3001.69
02-May-2022,87956.7,90622.27,87460.47,90113.87,0,1923.58
03-May-2022,90043.0,90584.65,89408.8,89949.89,0,4365.7
04-May-2022,89927.35,90464.4,89094.84,89630.12,0,1759.71
05-May-2022,89292.05,92038.47,88957.68,91695.1,0,4492.34
06-May-2022,91679.73,91874.92,91252.35,91447.05,0,3035.98
09-May-2022,91014.96,91182.92,89090.63,89255.33,0,3344.33
10-May-2022,89159.26,90325.87,88606.61,89769.44,0,3555.75
11-May-2022,89458.67,89942.84,89452.79,89936.92,0,3609.19
12-May-2022,89481.73,89606.76,89088.65,89213.3,0,3212.15
13-May-2022,89323.93,89928.41,88633.56,89237.44,0,2436.15
16-May-2022,89241.16,90019.87,88141.94,88917.83,0,3548.48
17-May-2022,88653.74,90745.43,88528.12,90617.02,0,3817.11
18-May-2022,90445.9,91181.74,90156.45,90890.87,0,1653.2
19-May-2022,90770.28,91525.89,87759.27,88495.94,0,3823.88
20-May-2022,88603.26,89217.64,88260.75,88874.08,0,2817.44
23-May-2022,89134.35,89516.52,88261.31,88641.37,0,2652.71
24-May-2022,88402.75,89209.48,88257.15,89062.8,0,7210.27
25-May-2022,89163.98,91441.8,88423.29,90688.44,0,3866.28
26-May-2022,90722.33,90740.1,90120.89,90138.54,0,4129.03
27-May-2022,90056.47,92087.87,89448.03,91469.89,0,4409.91
30-May-2022,91896.7,92806.99,90394.16,91298.52,0,3309.42
31-May-2022,91269.27,91675.11,89680.54,90081.1,0,5094.52
01-Jun-2022,90195.0,91082.81,89535.81,90421.96,0,4348.72
02-Jun-2022,90191.86,90727.77,87768.7,88293.33,0,3290.72
03-Jun-2022,88100.1,88589.13,87127.26,87613.6,0,2723.38
06-Jun-2022,87316.3,87843.14,85995.1,86517.12,0,3722.2
07-Jun-2022,86233.82,89482.23,85745.83,88978.7,0,2777.73
08-Jun-2022,89397.46,89644.04,87630.11,87872.48,0,2630.13
09-Jun-2022,88120.07,88452.08,87406.63,87737.2,0,3965.54
10-Jun-2022,87440.25,87883.0,86075.14,86513.19,0,3367.92
13-Jun-2022,86827.07,89114.82,85933.78,88207.33,0,4167.74
14-Jun-2022,88180.6,89171.31,86794.33,87780.54,0,3076.18
15-Jun-2022,87516.79,88279.88,86276.66,87035.56,0,3026.16
16-Jun-2022,86838.05,87321.72,85748.74,86229.01,0,3979.58
17-Jun-2022,86424.91,87479.63,86242.36,87295.25,0,5119.23
20-Jun-2022,87431.52,87949.1,86565.81,87081.32,0,2517.57
21-Jun-2022,87277.69,87718.62,86081.26,86518.36,0,3623.7
22-Jun-2022,86287.3,87597.01,85237.1,86543.68,0,2650.56
23-Jun-2022,86445.41,86766.68,84844.05,85160.55,0,3261.8
24-Jun-2022,85141.97,86273.29,84336.1,85464.37,0,3720.77
27-Jun-2022,85533.08,87502.96,84879.52,86839.42,0,1423.08
28-Jun-2022,86888.7,88604.0,86038.71,87745.61,0,2672.64
29-Jun-2022,87506.5,88499.99,86611.84,87604.33,0,1854.09
30-Jun-2022,87807.98,88444.56,86878.44,87512.87,0,1879.0
01-Jul-2022,87299.8,89033.96,86385.74,88111.41,0,1920.4
04-Jul-2022,88041.54,88378.6,86318.15,86649.89,0,2737.45
05-Jul-2022,86589.93,87069.38,86192.87,86671.96,0,1743.86
06-Jul-2022,86747.68,88017.8,86252.5,87518.22,0,2507.64
07-Jul-2022,87507.19,88181.59,86897.27,87571.22,0,4615.82
08-Jul-2022,87631.91,88482.19,86985.47,87834.26,0,4054.09
11-Jul-2022,88041.05,88376.86,87447.01,87781.82,0,2094.41
12-Jul-2022,87896.37,88717.16,85686.04,86493.74,0,4660.62
13-Jul-2022,86299.45,86600.64,86068.68,86369.67,0,3374.53
14-Jul-2022,86440.62,87030.52,85310.26,85896.45,0,2008.4
15-Jul-2022,85776.71,86219.07,85003.41,85444.05,0,3002.74
18-Jul-2022,85738.12,85868.89,84122.79,84251.29,0,2641.52
19-Jul-2022,84562.55,85332.83,83493.04,84260.57,0,4935.29
20-Jul-2022,84042.26,85580.38,83688.32,85221.48,0,4214.06
21-Jul-2022,85530.4,86733.89,84526.25,85727.42,0,2175.01
22-Jul-2022,85761.31,87107.13,84830.46,86171.82,0,3798.95
25-Jul-2022,86218.85,86476.96,85823.13,86080.82,0,2620.96
26-Jul-2022,86065.54,87443.8,85790.07,87164.81,0,4520.33
27-Jul-2022,87369.25,88097.27,85241.94,85958.2,0,2982.24
28-Jul-2022,86102.87,86587.56,84695.63,85175.09,0,4727.05
29-Jul-2022,85052.68,86911.11,84225.7,86074.2,0,3785.44
01-Aug-2022,85848.31,86945.09,85302.9,86396.2,0,3239.72
02-Aug-2022,86523.56,88380.06,85701.53,87548.29,0,3790.05
03-Aug-2022,87733.23,87760.81,86603.22,86630.45,0,4526.59
04-Aug-2022,86668.79,87257.04,85136.6,85718.41,0,2477.03
05-Aug-2022,85760.64,87586.61,85209.79,87027.62,0,2272.33
08-Aug-2022,87100.68,89299.02,86424.05,88610.67,0,1395.99
09-Aug-2022,88418.48,89866.02,87692.09,89133.75,0,4343.75
10-Aug-2022,88961.56,89437.66,87119.19,87587.94,0,3428.61
11-Aug-2022,87677.6,88195.81,87595.67,88113.47,0,2945.15
12-Aug-2022,88282.94,89199.45,87966.92,88881.29,0,2311.5
15-Aug-2022,88590.89,89387.74,88556.98,89353.53,0,3744.16
16-Aug-2022,89327.19,90438.98,88665.3,89773.78,0,3018.15
17-Aug-2022,89539.31,92499.39,88990.09,91935.47,0,1292.18
18-Aug-2022,91836.98,92452.86,88982.95,89583.72,0,3349.09
19-Aug-2022,89541.16,89955.7,88027.67,88437.09,0,3914.65
22-Aug-2022,88779.08,89508.51,88107.0,88836.0,0,2985.38
23-Aug-2022,89049.51,89572.45,88518.85,89041.74,0,2292.6
24-Aug-2022,88874.31,89549.18,87816.1,88488.04,0,3622.65
25-Aug-2022,88268.61,90231.48,87592.61,89545.69,0,6427.28
26-Aug-2022,89576.06,90525.43,87710.82,88650.38,0,2445.97
29-Aug-2022,88874.0,89144.9,88379.49,88649.71,0,4550.59
30-Aug-2022,88764.01,89472.81,86950.75,87650.66,0,1435.87
31-Aug-2022,87690.99,88392.52,86230.94,86926.35,0,2482.71
01-Sep-2022,86753.99,87186.48,85707.68,86137.09,0,3107.79
02-Sep-2022,86103.92,86502.12,84608.96,85002.05,0,2664.0
05-Sep-2022,85197.04,85922.41,83582.0,84299.73,0,2127.89
06-Sep-2022,84409.11,84815.89,82669.27,83069.59,0,2104.82
07-Sep-2022,83052.51,85408.74,82106.2,84446.55,0,3800.2
08-Sep-2022,84490.91,85182.12,83981.33,84671.45,0,1980.64
09-Sep-2022,84612.76,85126.4,83022.47,83529.53,0,1646.83
12-Sep-2022,83164.9,84153.84,82957.94,83944.94,0,3416.08
13-Sep-2022,84009.61,85291.91,83405.97,84683.43,0,1933.6
14-Sep-2022,84683.59,86258.29,84510.9,86082.74,0,2353.5
15-Sep-2022,86027.61,86963.62,85604.53,86538.04,0,2843.06
16-Sep-2022,86644.42,87792.62,84910.31,86050.64,0,4300.23
19-Sep-2022,86111.56,87250.82,85777.88,86914.03,0,3306.08
20-Sep-2022,87071.72,87585.09,86223.94,86735.33,0,4354.73
21-Sep-2022,86767.25,87136.94,85403.85,85769.28,0,4227.43
22-Sep-2022,85913.91,86634.24,84246.92,84959.25,0,4665.65
23-Sep-2022,84867.14,85697.23,83204.67,84026.54,0,961.75
26-Sep-2022,83675.48,84230.87,82760.87,83313.86,0,2172.14
27-Sep-2022,83462.05,83928.43,81776.3,82235.83,0,1407.29
28-Sep-2022,82179.6,85195.4,81507.94,84504.73,0,4427.7
29-Sep-2022,84436.22,85402.36,82727.76,83685.3,0,2483.21
30-Sep-2022,83718.81,86197.87,83067.26,85532.21,0,3670.6
03-Oct-2022,85271.84,85910.91,84623.25,85262.24,0,4227.36
04-Oct-2022,85408.44,86241.27,84779.6,85610.94,0,4032.17
05-Oct-2022,85318.54,85672.02,85216.86,85570.04,0,3121.38
06-Oct-2022,85353.88,85698.64,84611.42,84954.56,0,4773.36
07-Oct-2022,85168.5,85512.08,84130.01,84470.78,0,2185.47
10-Oct-2022,84496.44,85554.7,83902.58,84957.6,0,2990.77
11-Oct-2022,84805.73,85001.77,82755.13,82946.88,0,2798.74
12-Oct-2022,83136.95,83675.93,82040.15,82575.49,0,2695.32
13-Oct-2022,82639.87,82862.83,81597.06,81817.79,0,3087.56
14-Oct-2022,81814.63,82671.16,79160.82,79998.34,0,3191.05
17-Oct-2022,79824.0,80486.24,78974.15,79634.83,0,1825.95
18-Oct-2022,79658.48,80908.78,79268.42,80514.53,0,1534.26
19-Oct-2022,80393.05,82619.21,79986.52,82203.52,0,3745.17
20-Oct-2022,82467.91,83125.81,79671.1,80311.8,0,2074.42
21-Oct-2022,80693.57,81215.17,78565.02,79076.17,0,1838.84
24-Oct-2022,79450.44,80133.9,78367.58,79047.57,0,4737.56
25-Oct-2022,79029.17,79853.08,77587.2,78404.6,0,3744.7
26-Oct-2022,78534.43,79445.3,76889.42,77791.67,0,2257.63
27-Oct-2022,77874.31,78407.72,75467.46,75987.95,0,2314.72
28-Oct-2022,75979.91,77009.52,75598.72,76625.09,0,3426.42
31-Oct-2022,76512.81,76818.59,75607.25,75910.63,0,3344.65
01-Nov-2022,75780.89,76331.69,74169.51,74712.55,0,4991.89
02-Nov-2022,74370.25,75710.04,73753.8,75087.64,0,3319.12
03-Nov-2022,75081.53,75768.74,72316.34,72984.35,0,3688.24
04-Nov-2022,73178.01,73820.77,71425.06,72057.99,0,3543.28
07-Nov-2022,72020.06,72429.57,71149.5,71556.37,0,3141.04
08-Nov-2022,71445.46,72016.65,70871.52,71442.68,0,1696.97
09-Nov-2022,71512.73,73579.43,71046.73,73103.06,0,1830.48
10-Nov-2022,73166.87,73691.31,72039.95,72560.05,0,2631.8
11-Nov-2022,72476.64,73336.54,72186.85,73044.48,0,2597.98
14-Nov-2022,73191.41,73782.59,72662.2,73252.94,0,3075.0
15-Nov-2022,73343.62,75245.01,72407.96,74297.18,0,2519.31
16-Nov-2022,74114.26,75155.94,73655.49,74693.58,0,1766.91
17-Nov-2022,74603.0,75269.75,73493.13,74155.88,0,3561.14
18-Nov-2022,74046.11,74511.55,73035.14,73497.14,0,1881.6
21-Nov-2022,73498.35,74290.31,73223.72,74013.75,0,2428.07
22-Nov-2022,74032.6,74321.96,72110.76,72393.72,0,2647.92
23-Nov-2022,72332.04,72868.67,71932.75,72468.63,0,5331.43
24-Nov-2022,72569.94,72821.25,70387.62,70632.22,0,1678.59
25-Nov-2022,70499.77,71813.83,70039.27,71347.79,0,3579.7
28-Nov-2022,71393.01,72870.55,71043.6,72515.65,0,2554.31
29-Nov-2022,72326.52,73644.25,71990.27,73303.46,0,3709.88
30-Nov-2022,73174.06,73494.06,72846.42,73166.39,0,4287.6
01-Dec-2022,73178.87,74286.9,72962.55,74067.95,0,4404.36
02-Dec-2022,74195.91,74551.53,73536.58,73890.74,0,4698.03
05-Dec-2022,74164.44,75774.06,73830.42,75434.32,0,1929.31
06-Dec-2022,75391.62,77790.75,74989.13,77377.67,0,3543.88
07-Dec-2022,77462.59,78949.89,77081.71,78563.59,0,3639.4
08-Dec-2022,78867.25,81352.86,77915.0,80382.32,0,2451.97
09-Dec-2022,80202.18,80544.76,78385.03,78721.27,0,2511.88
12-Dec-2022,78568.82,79090.27,77115.1,77630.33,0,3037.46
13-Dec-2022,77685.25,78878.41,77224.32,78413.16,0,2751.99
14-Dec-2022,78241.58,79474.72,77502.67,78731.18,0,1546.6
15-Dec-2022,78411.78,79663.32,78012.1,79259.32,0,4368.89
16-Dec-2022,79158.63,79230.99,78742.17,78814.22,0,2377.08
19-Dec-2022,78749.01,79290.4,78441.75,78982.23,0,1288.97
20-Dec-2022,79031.75,81301.01,78945.39,81212.26,0,2987.27
21-Dec-2022,81132.77,82125.82,80744.24,81734.41,0,1768.0
22-Dec-2022,81399.99,84513.29,80517.54,83606.92,0,1996.4
23-Dec-2022,83960.26,84646.26,80996.7,81663.94,0,3633.6
26-Dec-2022,81625.19,83196.97,81165.93,82731.49,0,3646.04
27-Dec-2022,82892.32,84208.26,82367.87,83678.83,0,843.39
28-Dec-2022,83740.62,84000.93,82483.96,82741.16,0,2290.8
29-Dec-2022,82789.68,85000.18,82142.01,84340.38,0,1985.75
30-Dec-2022,84565.83,85386.34,84417.67,85237.0,0,2033.97
02-Jan-2023,85148.38,85687.88,82763.42,83291.16,0,3135.81
03-Jan-2023,83286.63,83797.43,83191.22,83701.54,0,3979.33
04-Jan-2023,83442.92,84784.39,82821.93,84158.08,0,2683.26
05-Jan-2023,84046.87,85475.22,83402.15,84824.54,0,3225.35
06-Jan-2023,85031.03,85687.29,83307.67,83955.63,0,4154.65
09-Jan-2023,83921.68,84503.28,82974.58,83553.63,0,1869.25
10-Jan-2023,83352.25,84759.63,82954.63,84357.21,0,1832.82
11-Jan-2023,84474.07,85640.22,83864.95,85027.11,0,1725.55
12-Jan-2023,85064.32,85522.29,83814.24,84267.92,0,1772.22
13-Jan-2023,84241.15,87160.03,83430.08,86328.85,0,2000.06
16-Jan-2023,86192.11,86715.05,85891.61,86413.78,0,1823.01
17-Jan-2023,86328.45,86692.4,85273.22,85634.25,0,2305.36
18-Jan-2023,85683.04,88124.03,85105.57,87534.09,0,2096.37
19-Jan-2023,87691.99,88807.11,87044.87,88156.56,0,3449.55
20-Jan-2023,88222.55,88946.68,86150.35,86863.33,0,3912.81
23-Jan-2023,87003.35,87771.34,86464.13,87230.71,0,2137.5
24-Jan-2023,87269.52,89706.42,86513.06,88935.53,0,3080.11
25-Jan-2023,88864.17,91136.37,87903.59,90161.76,0,5183.94
26-Jan-2023,90020.7,90611.28,89451.88,90042.33,0,2761.7
27-Jan-2023,89884.19,90655.56,89358.41,90128.36,0,5090.05
30-Jan-2023,90355.29,90720.7,89706.5,90070.77,0,4122.97
31-Jan-2023,90309.07,91425.84,90047.71,91162.01,0,2405.91
01-Feb-2023,91193.04,91710.26,89589.58,90100.6,0,1854.94
02-Feb-2023,90017.24,92362.67,89061.77,91392.59,0,3063.68
03-Feb-2023,91367.74,92034.87,90928.58,91594.62,0,3545.5
06-Feb-2023,91619.84,92536.92,91067.07,91981.96,0,2197.71
07-Feb-2023,91604.11,94095.92,91146.59,93628.29,0,2751.64
08-Feb-2023,93232.43,93970.44,92815.92,93552.49,0,2322.73
09-Feb-2023,93511.28,94122.49,92768.66,93379.01,0,3357.43
10-Feb-2023,93243.88,94741.63,92248.62,93741.06,0,3615.5
13-Feb-2023,93653.77,94909.62,93506.57,94760.68,0,6465.79
14-Feb-2023,94544.19,96652.11,94183.53,96284.82,0,3816.89
15-Feb-2023,96480.0,96810.4,94912.52,95238.67,0,2454.21
16-Feb-2023,95252.78,95375.3,94115.19,94236.4,0,1830.55
17-Feb-2023,94372.36,94923.02,93398.19,93946.36,0,3877.5
20-Feb-2023,94205.91,94708.36,94011.86,94513.67,0,2568.41
21-Feb-2023,94698.23,96770.85,93836.27,95897.97,0,3642.07
22-Feb-2023,95906.23,96889.89,94745.12,95726.94,0,3107.23
23-Feb-2023,95989.14,96993.89,94506.33,95506.02,0,2948.78
24-Feb-2023,95271.46,97563.9,94182.69,96461.53,0,1725.9
27-Feb-2023,96451.15,97319.37,95318.89,96184.71,0,2087.43
28-Feb-2023,96329.05,98196.58,96169.25,98033.96,0,2895.6
01-Mar-2023,98121.18,98670.51,96552.64,97096.23,0,6042.56
02-Mar-2023,97502.66,98449.27,96366.78,97311.52,0,1664.99
03-Mar-2023,97488.58,99684.93,97029.16,99217.37,0,3166.79
06-Mar-2023,99166.08,99596.69,97607.35,98033.04,0,1335.92
07-Mar-2023,98126.32,98780.12,97668.92,98321.81,0,3173.13
08-Mar-2023,98190.35,98931.16,97577.28,98317.3,0,1312.98
09-Mar-2023,98379.75,100413.15,98136.67,100165.66,0,5246.63
10-Mar-2023,99885.57,100467.91,99434.0,100015.76,0,3452.12
13-Mar-2023,99815.34,100491.84,99605.48,100281.0,0,2117.27
14-Mar-2023,100260.32,102290.21,99629.08,101650.22,0,3330.57
15-Mar-2023,101694.15,104257.29,100960.74,103510.78,0,2010.91
16-Mar-2023,103437.11,105343.81,102670.94,104569.26,0,2723.92
17-Mar-2023,104313.36,107117.01,103313.52,106100.04,0,2935.75
20-Mar-2023,106002.7,106601.34,104361.43,104954.14,0,1854.45
21-Mar-2023,104954.53,105486.27,103540.38,104067.63,0,2134.38
22-Mar-2023,104291.84,105456.48,102855.7,104017.28,0,1788.81
23-Mar-2023,104263.81,104325.79,104047.51,104109.4,0,4064.95
24-Mar-2023,104078.06,105450.78,103102.26,104471.29,0,2958.77
27-Mar-2023,104535.95,105993.07,103635.95,105088.32,0,3011.11
28-Mar-2023,105007.31,105348.57,103725.07,104063.27,0,2877.86
29-Mar-2023,103664.57,103933.88,102021.63,102287.36,0,4279.27
30-Mar-2023,101999.43,102510.73,99950.93,100454.49,0,2140.11
31-Mar-2023,100995.93,101504.7,99298.29,99801.05,0,2241.54
03-Apr-2023,99943.31,100900.28,97385.89,98327.4,0,2797.33
04-Apr-2023,98600.84,100893.66,98099.92,100383.67,0,2671.76
05-Apr-2023,100533.17,101545.63,99468.61,100480.54,0,5097.76
06-Apr-2023,100527.55,101760.8,99238.35,100470.9,0,2098.74
07-Apr-2023,100917.73,101341.33,99249.98,99668.32,0,3060.28
10-Apr-2023,99671.72,101369.4,99024.28,100715.18,0,5966.32
11-Apr-2023,100803.45,101408.83,100026.36,100630.7,0,2124.5
12-Apr-2023,100937.77,101428.39,99898.78,100386.72,0,4105.73
13-Apr-2023,100222.56,100692.37,97894.61,98355.67,0,7001.12
14-Apr-2023,98601.76,99256.67,97231.34,97881.47,0,5287.96
17-Apr-2023,97910.4,100156.63,97242.94,99478.47,0,4687.33
18-Apr-2023,99356.89,100514.2,98423.61,99578.83,0,3820.14
19-Apr-2023,99453.77,101165.57,99067.09,100773.77,0,5353.92
20-Apr-2023,100747.13,102627.41,99850.95,101722.55,0,2830.03
21-Apr-2023,101874.75,102720.79,101123.55,101968.9,0,3483.08
24-Apr-2023,102186.13,102475.65,101810.98,102100.26,0,4049.51
25-Apr-2023,102555.28,103391.41,99251.24,100067.08,0,2919.15
26-Apr-2023,100258.49,101228.37,97693.33,98647.64,0,2590.09
27-Apr-2023,98716.66,98997.08,98389.16,98669.44,0,2691.77
28-Apr-2023,98418.33,99276.77,96930.56,97783.46,0,3065.79
01-May-2023,97924.79,99181.91,97590.04,98844.02,0,3819.36
02-May-2023,98730.61,101075.53,97480.73,99811.96,0,6136.49
03-May-2023,99864.09,100706.34,98411.3,99248.36,0,3704.01
04-May-2023,99371.29,100856.16,98353.46,99833.59,0,2026.86
05-May-2023,99881.98,100352.47,97681.36,98143.67,0,3331.15
08-May-2023,98350.34,98653.35,97584.71,97886.29,0,7329.93
09-May-2023,98034.53,99082.83,97304.92,98350.87,0,2032.54
10-May-2023,98158.09,98808.72,96594.71,97239.25,0,1722.18
11-May-2023,96979.32,97704.56,96803.37,97527.61,0,4572.69
12-May-2023,97837.67,98829.15,97531.86,98521.19,0,2652.76
15-May-2023,98485.68,101129.11,98382.46,101023.24,0,6052.2
16-May-2023,101127.69,102115.95,97851.56,98817.24,0,1986.68
17-May-2023,98838.88,99764.47,95575.27,96478.75,0,1484.9
18-May-2023,96386.3,96439.75,95289.43,95342.31,0,3157.78
19-May-2023,95411.76,95723.44,93945.01,94252.91,0,4985.86
22-May-2023,94202.97,95009.73,93688.39,94493.56,0,2149.21
23-May-2023,94823.96,97734.1,93718.33,96607.67,0,2214.67
24-May-2023,96762.79,97962.68,94428.71,95614.36,0,1858.91
25-May-2023,95750.73,96489.93,93130.01,93854.57,0,7585.69
26-May-2023,93690.96,94439.46,92058.17,92799.55,0,2856.91
29-May-2023,92598.12,93047.91,89762.44,90200.58,0,6326.29
30-May-2023,89960.51,90743.78,89668.45,90450.13,0,4014.65
31-May-2023,90437.6,92196.05,89268.55,91019.47,0,1597.67
01-Jun-2023,90943.7,92342.38,87543.21,88910.62,0,2843.54
02-Jun-2023,89088.9,90717.86,88510.13,90132.3,0,1357.14
05-Jun-2023,90184.67,91141.99,89354.67,90310.83,0,3136.25
06-Jun-2023,90185.2,91620.1,89038.29,90469.57,0,2996.24
07-Jun-2023,90337.74,91862.24,89793.57,91312.21,0,3518.66
08-Jun-2023,91272.54,92012.68,88986.24,89713.74,0,1587.53
09-Jun-2023,89863.09,90250.62,89361.28,89748.32,0,1661.57
12-Jun-2023,89774.5,90201.38,88291.94,88713.78,0,2118.57
13-Jun-2023,88906.83,90760.05,88313.45,90158.32,0,928.6
14-Jun-2023,89934.45,91269.52,89732.12,91064.66,0,2350.05
15-Jun-2023,90996.42,91811.25,90304.95,91118.86,0,1279.12
16-Jun-2023,91595.15,92143.59,90060.05,90602.54,0,1616.73
19-Jun-2023,90439.78,91200.62,88313.51,89062.76,0,6332.94
20-Jun-2023,89334.29,90688.16,88872.75,90222.02,0,5960.05
21-Jun-2023,90279.83,91286.03,89020.35,90023.69,0,3032.09
22-Jun-2023,89877.77,90260.82,88443.31,88821.86,0,2340.46
23-Jun-2023,88773.36,89135.21,87586.39,87944.86,0,3998.39
26-Jun-2023,88078.02,88339.67,87061.28,87320.68,0,2769.49
27-Jun-2023,87215.56,87615.23,86493.22,86891.41,0,2040.8
28-Jun-2023,86969.3,87255.31,85068.68,85349.36,0,2762.22
29-Jun-2023,85358.03,85867.26,84436.53,84943.29,0,6565.83
30-Jun-2023,84692.17,85296.94,81346.19,81931.24,0,2111.44
03-Jul-2023,81833.41,82636.63,81132.51,81934.85,0,5275.13
04-Jul-2023,81975.03,82555.76,80862.93,81439.87,0,4114.3
05-Jul-2023,81381.42,81472.66,81088.41,81179.42,0,4198.85
06-Jul-2023,81032.86,81119.03,79411.16,79495.69,0,6312.06
07-Jul-2023,79998.31,80358.11,79663.2,80022.9,0,2059.68
10-Jul-2023,80064.59,81934.53,79554.56,81415.88,0,1875.86
11-Jul-2023,81299.56,81919.33,80402.46,81020.1,0,4990.6
12-Jul-2023,81005.44,81838.25,80611.76,81442.46,0,3370.69
13-Jul-2023,81390.48,81945.07,80083.1,80632.53,0,1723.75
14-Jul-2023,80823.01,82056.3,80188.81,81417.44,0,1581.01
17-Jul-2023,81498.83,82294.12,81345.9,82139.99,0,3915.28
18-Jul-2023,82176.07,82875.99,81521.09,82220.66,0,3666.07
19-Jul-2023,82230.9,83966.0,81750.1,83477.91,0,1206.89
20-Jul-2023,83479.12,86894.6,82988.36,86386.75,0,1929.6
21-Jul-2023,86583.96,87129.58,86082.85,86628.22,0,3579.51
24-Jul-2023,86522.36,87176.1,85305.35,85954.8,0,3448.84
25-Jul-2023,85987.51,86554.14,83698.35,84253.56,0,4426.98
26-Jul-2023,84326.99,85436.2,83831.72,84937.34,0,3256.83
27-Jul-2023,85010.6,85463.48,84095.6,84546.0,0,3616.78
28-Jul-2023,84778.19,85851.51,84203.86,85273.82,0,2656.46
31-Jul-2023,85404.32,86399.36,84654.68,85647.58,0,2328.49
01-Aug-2023,85804.5,86557.08,85328.7,86079.76,0,2970.74
02-Aug-2023,86247.93,87168.32,85533.39,86452.1,0,2325.64
03-Aug-2023,86522.02,88549.56,86056.73,88075.92,0,2254.64
04-Aug-2023,88376.26,88939.71,86647.76,87203.74,0,2369.28
07-Aug-2023,87040.84,88192.36,86596.81,87744.74,0,5939.56
08-Aug-2023,87750.45,88926.89,87340.0,88512.88,0,5213.12
09-Aug-2023,88628.55,90009.59,85900.51,87260.23,0,2322.82
10-Aug-2023,87147.03,87763.32,86651.91,87267.52,0,3652.85
11-Aug-2023,86854.2,89972.73,86090.78,89188.79,0,2186.73
14-Aug-2023,89028.93,89950.25,88499.76,89418.77,0,4022.78
15-Aug-2023,89222.24,89619.67,88759.02,89156.16,0,2709.05
16-Aug-2023,89079.94,89864.55,88207.81,88991.65,0,3917.2
17-Aug-2023,89176.79,90964.23,88940.14,90723.48,0,3620.62
18-Aug-2023,90712.63,90920.08,89388.69,89593.58,0,2124.9
21-Aug-2023,89404.56,90220.15,88049.84,88860.46,0,1588.55
22-Aug-2023,88624.75,89719.02,86441.54,87522.2,0,2487.25
23-Aug-2023,87676.06,88743.3,87225.77,88289.86,0,3119.5
24-Aug-2023,88531.86,89912.56,87465.71,88842.67,0,6423.02
25-Aug-2023,88757.05,89301.41,87639.01,88179.83,0,3430.63
28-Aug-2023,88106.71,88944.84,86338.05,87167.25,0,3509.15
29-Aug-2023,87311.23,87982.1,86489.28,87158.97,0,4333.08
30-Aug-2023,87177.79,88114.7,86712.34,87646.76,0,5772.48
31-Aug-2023,87672.02,88429.14,85930.28,86678.82,0,2715.48
01-Sep-2023,86345.0,87122.77,85590.35,86367.91,0,2576.15
04-Sep-2023,86300.39,87124.29,86039.51,86861.72,0,1413.98
05-Sep-2023,86912.99,87555.44,85405.82,86041.83,0,2980.4
06-Sep-2023,86070.06,86449.92,85003.32,85380.13,0,5502.64
07-Sep-2023,85640.86,86396.54,85120.25,85874.51,0,6540.47
08-Sep-2023,85820.75,86533.41,85467.67,86178.85,0,3231.1
11-Sep-2023,86167.28,87103.75,86032.93,86968.16,0,3071.53
12-Sep-2023,87147.43,88107.74,86388.45,87347.02,0,1590.25
13-Sep-2023,87238.75,88320.96,86585.85,87664.87,0,3295.28
14-Sep-2023,87650.51,87894.68,87430.86,87674.97,0,2932.52
15-Sep-2023,87713.86,88070.42,86988.08,87343.13,0,2472.52
18-Sep-2023,87250.7,87689.42,85373.55,85805.01,0,2969.85
19-Sep-2023,85840.98,87548.3,85439.79,87141.03,0,4126.75
20-Sep-2023,86967.5,88557.04,86555.9,88139.89,0,3001.35
21-Sep-2023,88096.31,89408.03,87690.52,88998.09,0,2322.4
22-Sep-2023,89092.44,91952.72,88498.61,91343.88,0,4801.46
25-Sep-2023,91189.26,91683.84,89203.03,89689.47,0,2822.41
26-Sep-2023,89924.54,91007.72,88751.86,89833.95,0,2854.6
27-Sep-2023,90058.86,90696.72,87196.37,87818.36,0,3601.19
28-Sep-2023,87945.09,88423.55,87207.3,87684.34,0,3258.97
29-Sep-2023,87655.92,88478.95,85899.89,86714.08,0,2263.48
02-Oct-2023,86933.55,87448.14,85442.27,85951.04,0,4273.01
03-Oct-2023,85937.92,86920.96,85349.27,86329.63,0,2805.58
04-Oct-2023,86326.94,87696.64,85633.42,86997.73,0,3218.85
05-Oct-2023,86885.6,89006.31,86274.84,88385.01,0,1809.02
06-Oct-2023,88509.6,89455.81,87399.61,88344.05,0,2257.0
09-Oct-2023,88316.91,91307.99,87775.96,90752.12,0,4047.13
10-Oct-2023,90941.43,92857.78,90214.6,92121.52,0,2177.09
11-Oct-2023,92431.63,93326.76,90507.56,91392.64,0,3921.28
12-Oct-2023,91318.58,91749.89,90459.02,90888.29,0,2414.8
13-Oct-2023,90993.1,94325.41,90339.99,93653.2,0,3017.68
16-Oct-2023,93379.4,94161.23,92103.38,92881.03,0,2691.56
17-Oct-2023,92682.62,93031.9,92214.87,92563.7,0,2005.6
18-Oct-2023,92426.04,94190.78,91960.88,93719.12,0,2048.15
19-Oct-2023,93884.27,94389.47,91249.37,91743.05,0,2928.45
20-Oct-2023,91625.13,92786.04,91100.55,92257.84,0,5716.82
23-Oct-2023,92416.64,92717.65,91676.51,91976.08,0,3638.69
24-Oct-2023,91890.51,92391.86,90154.53,90649.1,0,7787.06
25-Oct-2023,90497.54,92019.21,89650.6,91166.01,0,3778.78
26-Oct-2023,90905.61,91196.65,90198.87,90488.57,0,1831.46
27-Oct-2023,90547.37,91157.75,89771.87,90381.13,0,2464.55
30-Oct-2023,90635.44,93504.12,89658.52,92507.02,0,4820.41
31-Oct-2023,92414.39,92743.78,90062.89,90385.05,0,4175.84
01-Nov-2023,90279.06,90879.22,89148.0,89744.61,0,4317.57
02-Nov-2023,89381.0,91029.4,88831.28,90472.96,0,4578.65
03-Nov-2023,90804.67,91178.36,90045.73,90417.83,0,4062.54
06-Nov-2023,90468.23,90977.75,90198.91,90707.71,0,5508.78
07-Nov-2023,90602.13,91082.28,88303.89,88774.35,0,1357.57
08-Nov-2023,88787.99,91569.1,88070.46,90835.02,0,1803.92
09-Nov-2023,90899.28,91509.18,89807.64,90414.29,0,1869.01
10-Nov-2023,90218.96,91038.03,88526.41,89337.48,0,2656.25
13-Nov-2023,89177.2,90543.42,88221.5,89583.37,0,3134.37
14-Nov-2023,89787.32,91739.18,89299.4,91243.35,0,2373.79
15-Nov-2023,91179.94,91442.28,91135.0,91397.24,0,2190.96
16-Nov-2023,91746.74,93940.05,90778.86,92959.38,0,2715.22
17-Nov-2023,92969.62,94914.34,92167.25,94102.2,0,5002.54
20-Nov-2023,93767.73,94779.56,93320.32,94329.47,0,2859.81
21-Nov-2023,94442.85,95097.29,93006.66,93655.65,0,2517.0
22-Nov-2023,93625.66,94301.26,92165.56,92835.46,0,1789.33
23-Nov-2023,92954.47,93584.45,92621.15,93250.06,0,3795.15
24-Nov-2023,93141.74,93504.54,93079.67,93442.27,0,3567.01
27-Nov-2023,93180.42,94291.33,92884.37,93992.69,0,3984.07
28-Nov-2023,94332.39,94859.5,93451.95,93977.08,0,5367.39
29-Nov-2023,94109.06,95763.66,93242.35,94889.75,0,3616.62
30-Nov-2023,94870.78,96691.75,94030.31,95842.67,0,1503.68
01-Dec-2023,96127.94,96238.01,94663.54,94772.05,0,2148.2
04-Dec-2023,94873.33,95578.66,94245.42,94950.24,0,4127.12
05-Dec-2023,94910.68,95025.82,93566.57,93680.22,0,2798.53
06-Dec-2023,93606.18,93864.8,92624.49,92881.11,0,3920.23
07-Dec-2023,93060.48,94593.42,92523.59,94050.82,0,3184.51
08-Dec-2023,93993.67,96808.77,93564.69,96368.95,0,1995.11
11-Dec-2023,96390.18,96998.41,93592.1,94186.42,0,3864.14
12-Dec-2023,94203.65,95523.0,93193.79,94509.87,0,1914.93
13-Dec-2023,94617.17,95477.28,91046.08,91881.32,0,4068.8
14-Dec-2023,92186.89,93019.92,88919.05,89729.88,0,2406.04
15-Dec-2023,89751.6,90578.55,88476.75,89299.53,0,2462.83
18-Dec-2023,89341.21,90031.99,87085.77,87764.36,0,7744.74
19-Dec-2023,87700.87,88203.39,85284.61,85776.1,0,2591.75
20-Dec-2023,85902.63,86793.97,85118.23,86008.6,0,3254.66
21-Dec-2023,85787.09,87001.79,84687.1,85900.35,0,3782.29
22-Dec-2023,86190.43,86587.16,84460.44,84851.0,0,2333.06
25-Dec-2023,84907.53,85469.19,83626.91,84183.78,0,5197.23
26-Dec-2023,84074.6,85693.5,83706.44,85319.88,0,1555.55
27-Dec-2023,85497.48,85879.06,83516.82,83891.24,0,5544.76
28-Dec-2023,83746.7,85195.93,83296.85,84740.74,0,4716.1
29-Dec-2023,84625.02,87532.64,83864.82,86753.32,0,2059.25
01-Jan-2024,86884.29,88019.39,86168.34,87300.01,0,1711.39
02-Jan-2024,87275.09,88162.05,86220.1,87105.33,0,5359.19
03-Jan-2024,87156.34,87424.67,86870.25,87138.53,0,2101.8
04-Jan-2024,87278.99,87911.3,87047.36,87678.61,0,4153.66
05-Jan-2024,87433.44,88813.32,86946.91,88321.85,0,3512.66
08-Jan-2024,88322.72,89867.62,87330.87,88869.63,0,1898.63
09-Jan-2024,89023.55,89718.69,87924.33,88616.28,0,5295.96
10-Jan-2024,88640.95,88807.27,88333.01,88499.06,0,2822.27
11-Jan-2024,88504.5,89476.28,87889.68,88859.01,0,1894.21
12-Jan-2024,88789.32,89391.94,87075.56,87670.59,0,3761.58
15-Jan-2024,87600.07,88545.99,85897.08,86834.74,0,3655.24
16-Jan-2024,86749.14,87223.43,85505.34,85975.4,0,2737.49
17-Jan-2024,86030.63,87134.85,85702.9,86804.16,0,7749.19
18-Jan-2024,86944.19,89080.82,85981.13,88104.9,0,2457.64
19-Jan-2024,88002.96,88698.54,86741.45,87432.51,0,2943.97
22-Jan-2024,87693.81,87986.27,86951.55,87242.5,0,2476.37
23-Jan-2024,86946.28,87267.79,85714.17,86032.3,0,2791.23
24-Jan-2024,85972.74,86172.6,83621.29,83816.13,0,3049.13
25-Jan-2024,83830.92,84539.49,82884.21,83590.75,0,3747.92
26-Jan-2024,83639.24,84389.31,82954.89,83704.42,0,7510.7
29-Jan-2024,83871.48,85113.81,83154.52,84392.39,0,2820.85
30-Jan-2024,84250.68,85904.47,83928.94,85577.66,0,3046.85
31-Jan-2024,85951.93,86289.44,84239.71,84571.8,0,1451.59
01-Feb-2024,84855.43,86936.92,83921.22,85990.22,0,4443.48
02-Feb-2024,85957.43,86696.09,85120.44,85858.24,0,2828.98
05-Feb-2024,86156.34,86972.34,83635.28,84434.98,0,2251.37
06-Feb-2024,84319.68,85195.04,84051.11,84924.54,0,3320.31
07-Feb-2024,84886.02,85503.06,82703.5,83309.08,0,3523.52
08-Feb-2024,83299.49,83857.78,82102.3,82656.28,0,2269.92
09-Feb-2024,82514.07,85280.97,81785.6,84534.65,0,2464.41
12-Feb-2024,84457.85,84817.54,83364.09,83720.64,0,3914.54
13-Feb-2024,83617.46,84502.87,82852.73,83737.04,0,2071.47
14-Feb-2024,83560.43,84190.89,82498.35,83125.53,0,1964.12
15-Feb-2024,82920.85,83921.51,82329.71,83327.47,0,4027.91
16-Feb-2024,83342.63,84038.23,82395.53,83089.02,0,7250.79
19-Feb-2024,83125.76,84200.63,82810.05,83882.04,0,9331.67
20-Feb-2024,84170.73,85820.35,83158.39,84800.44,0,4522.87
21-Feb-2024,84625.63,84760.69,84471.39,84606.41,0,2634.48
22-Feb-2024,84554.61,86103.75,84128.47,85671.96,0,1883.8
23-Feb-2024,85949.23,86918.09,85209.45,86176.35,0,3873.32
26-Feb-2024,86324.42,88408.9,85219.31,87291.42,0,2196.82
27-Feb-2024,87277.59,87914.63,86590.02,87226.7,0,1683.82
28-Feb-2024,87189.99,87381.25,86799.85,86990.68,0,4161.57
29-Feb-2024,87094.63,87977.08,86365.26,87246.44,0,3258.82
01-Mar-2024,87309.69,89565.17,86885.86,89132.49,0,2541.72
04-Mar-2024,89109.5,89609.23,89000.05,89499.3,0,3068.84
05-Mar-2024,89595.15,89913.19,87516.46,87828.23,0,3402.48
06-Mar-2024,87641.36,88633.29,86837.64,87827.87,0,2452.08
07-Mar-2024,87585.33,88405.49,86510.55,87328.31,0,2477.65
08-Mar-2024,87015.03,88057.57,86271.61,87311.62,0,3457.01
11-Mar-2024,87245.53,87634.76,85849.63,86234.35,0,4353.82
12-Mar-2024,85693.7,86731.09,85406.67,86441.55,0,3879.36
13-Mar-2024,86490.95,86905.47,84985.04,85394.31,0,2119.9
14-Mar-2024,85548.26,86501.2,84710.03,85661.86,0,2707.04
15-Mar-2024,85490.73,86922.27,85082.13,86508.8,0,2294.24
18-Mar-2024,86441.59,86868.07,85432.69,85856.29,0,5647.24
19-Mar-2024,85646.84,88281.07,85018.34,87637.96,0,3951.73
20-Mar-2024,87409.09,87837.58,86996.53,87424.94,0,1956.2
21-Mar-2024,87534.75,88477.95,86648.56,87591.18,0,1356.79
22-Mar-2024,87709.69,87940.12,87519.59,87749.93,0,2156.82
25-Mar-2024,87712.79,88777.21,87223.42,88284.64,0,1978.34
26-Mar-2024,87975.38,88567.26,86529.47,87115.56,0,3078.56
27-Mar-2024,87091.84,87790.36,87017.35,87715.34,0,1954.35
28-Mar-2024,87324.52,90347.3,86951.55,89963.06,0,5163.77
29-Mar-2024,90034.26,90730.92,89765.97,90461.35,0,2343.7
01-Apr-2024,90721.29,91569.57,89730.08,90577.01,0,4706.89
02-Apr-2024,90504.48,90975.81,89633.99,90103.23,0,2170.04
03-Apr-2024,90085.07,91312.05,89715.01,90938.49,0,2618.23
04-Apr-2024,91073.66,91794.57,89731.56,90447.51,0,1354.21
05-Apr-2024,90301.0,90687.59,87972.81,88351.06,0,2498.37
08-Apr-2024,88140.37,89057.18,87439.49,88354.6,0,2646.12
09-Apr-2024,88505.26,88961.39,86886.19,87336.31,0,4847.78
10-Apr-2024,87266.16,89332.68,86902.66,88962.11,0,2407.22
11-Apr-2024,88991.06,90278.03,88608.69,89891.79,0,2768.4
12-Apr-2024,89630.14,90424.31,89087.05,89879.71,0,2289.54
15-Apr-2024,89930.91,90394.46,87964.56,88420.32,0,3186.42
16-Apr-2024,88302.2,90147.16,87416.68,89252.12,0,3143.8
17-Apr-2024,89270.4,91258.83,88311.97,90289.47,0,2852.98
18-Apr-2024,90296.09,90780.63,90099.45,90583.36,0,1351.0
19-Apr-2024,90698.22,91373.07,90012.16,90686.92,0,3122.37
22-Apr-2024,90260.81,91395.7,89793.22,90924.67,0,4059.02
23-Apr-2024,91015.82,92022.3,88808.98,89802.03,0,2743.52
24-Apr-2024,89847.92,89943.92,89604.32,89700.16,0,2237.13
25-Apr-2024,89907.47,90977.22,89612.81,90680.02,0,1706.29
26-Apr-2024,90617.17,90677.85,88579.66,88639.02,0,4190.22
29-Apr-2024,88518.09,91309.45,87802.28,90576.99,0,2793.65
30-Apr-2024,90519.28,92172.53,89865.42,91511.5,0,2464.1
01-May-2024,91387.81,93438.99,90589.37,92629.7,0,4042.73
02-May-2024,92604.41,93949.96,92299.94,93642.08,0,2957.68
03-May-2024,93700.73,94006.06,92088.81,92389.86,0,2354.55
06-May-2024,92460.52,93715.45,92056.58,93307.8,0,2469.34
07-May-2024,93094.0,94651.17,92677.82,94229.92,0,6462.73
08-May-2024,93789.02,95080.99,92793.85,94082.71,0,2431.73
09-May-2024,93960.55,94548.14,93006.96,93592.24,0,2612.73
10-May-2024,93857.83,96021.79,93214.59,95368.21,0,2736.36
13-May-2024,95555.37,97313.37,95039.46,96790.78,0,2485.56
14-May-2024,96844.69,98148.42,96190.37,97489.74,0,7258.37
15-May-2024,97572.35,98434.38,96858.17,97719.13,0,1520.95
16-May-2024,97657.32,98857.82,96982.96,98179.85,0,2956.15
17-May-2024,98084.97,98306.77,97824.77,98046.49,0,3089.48
20-May-2024,98262.61,98292.48,97444.83,97474.47,0,2562.55
21-May-2024,97411.93,97425.9,97101.16,97115.09,0,3430.76
22-May-2024,97255.61,97692.84,96650.28,97086.75,0,3511.98
23-May-2024,96952.21,97651.87,95309.79,96002.6,0,3511.24
24-May-2024,95562.92,96245.71,94190.26,94868.09,0,4439.7
27-May-2024,94970.16,95262.51,93591.16,93880.16,0,3393.71
28-May-2024,93695.08,94874.89,93083.25,94259.37,0,2654.99
29-May-2024,94396.77,95740.95,93877.84,95217.5,0,5468.11
30-May-2024,95511.41,96465.31,94819.33,95771.34,0,3532.94
31-May-2024,95760.71,97802.17,94868.24,96899.09,0,1571.68
03-Jun-2024,96913.58,98417.81,96093.27,97591.76,0,2781.46
04-Jun-2024,97457.99,98673.1,96999.19,98210.76,0,2633.41
05-Jun-2024,97921.75,98991.32,97619.43,98686.64,0,2300.19
06-Jun-2024,98599.5,99715.77,98126.3,99239.5,0,1524.46
07-Jun-2024,99287.38,100605.24,98420.56,99734.51,0,2942.03
10-Jun-2024,99551.29,100403.61,99192.63,100043.18,0,3105.63
11-Jun-2024,100020.49,100586.45,98547.68,99108.48,0,3849.91
12-Jun-2024,98821.64,101478.02,97697.39,100336.54,0,3095.38
13-Jun-2024,100469.27,101166.03,98937.31,99628.24,0,1721.75
14-Jun-2024,99514.02,100210.1,97472.73,98159.34,0,3103.01
17-Jun-2024,98208.4,99670.23,97431.56,98888.02,0,4540.11
18-Jun-2024,99273.58,99805.94,99146.28,99678.12,0,5064.3
19-Jun-2024,99572.28,101420.74,98711.2,100551.2,0,3368.17
20-Jun-2024,100509.21,101504.52,98284.76,99267.77,0,2173.87
21-Jun-2024,99224.25,100073.74,98706.85,99554.61,0,2813.58
24-Jun-2024,99542.71,99982.96,98407.23,98844.4,0,4198.08
25-Jun-2024,98970.0,99103.48,98742.79,98876.15,0,4309.9
26-Jun-2024,98892.73,99412.94,97028.53,97541.63,0,3192.03
27-Jun-2024,97661.33,98604.02,96861.05,97802.59,0,2429.25
28-Jun-2024,97675.47,98425.78,96974.43,97724.39,0,2766.96
01-Jul-2024,97579.86,99452.77,96963.98,98829.0,0,4419.12
02-Jul-2024,98643.14,99016.78,98549.08,98922.45,0,5200.4
03-Jul-2024,99153.48,99674.37,98324.54,98843.81,0,2314.5
04-Jul-2024,98852.44,99588.03,98054.93,98790.06,0,1824.04
05-Jul-2024,98902.72,99397.65,96248.9,96732.97,0,1449.47
08-Jul-2024,96829.79,97385.08,95082.2,95630.62,0,3978.77
09-Jul-2024,95491.03,96865.38,94689.64,96059.23,0,3697.41
10-Jul-2024,96143.42,97241.21,95355.22,96450.49,0,2156.26
11-Jul-2024,96612.8,97465.24,94383.79,95223.97,0,3483.27
12-Jul-2024,95222.51,96489.88,94670.38,95933.63,0,5161.55
15-Jul-2024,95685.53,96288.66,94569.66,95169.54,0,3368.75
16-Jul-2024,94901.23,96376.23,94295.11,95764.59,0,2316.25
17-Jul-2024,95635.02,98477.22,95255.65,98088.13,0,2394.99
18-Jul-2024,98326.74,99525.66,98083.06,99279.62,0,3211.65
19-Jul-2024,99212.13,100351.99,98653.52,99790.13,0,2626.29
22-Jul-2024,100144.74,100779.35,99139.86,99772.12,0,6409.46
23-Jul-2024,99497.69,100134.81,98867.63,99504.71,0,2291.92
24-Jul-2024,99668.59,100282.79,98913.58,99526.9,0,2018.08
25-Jul-2024,99555.7,100494.49,98057.88,98991.35,0,2096.24
26-Jul-2024,98884.77,100472.0,98237.46,99818.57,0,2257.86
29-Jul-2024,99711.72,102577.91,98080.12,100926.43,0,4358.78
30-Jul-2024,101064.47,101976.91,99684.92,100593.11,0,3953.31
31-Jul-2024,100728.22,101399.01,99370.11,100036.29,0,2602.86
01-Aug-2024,100155.22,100778.29,98130.01,98744.3,0,3391.67
02-Aug-2024,98903.79,99585.03,98489.27,99169.4,0,4936.52
05-Aug-2024,98750.27,101238.83,98697.03,101184.28,0,2583.05
06-Aug-2024,101288.78,101889.83,99388.44,99981.74,0,2345.54
07-Aug-2024,99784.24,99973.3,99639.43,99828.42,0,3561.64
08-Aug-2024,99684.6,101693.31,98918.21,100917.44,0,5417.39
09-Aug-2024,101225.58,102049.76,100096.92,100918.6,0,4409.34
12-Aug-2024,101158.73,102229.71,100308.96,101378.11,0,1955.39
13-Aug-2024,101443.65,102265.61,99488.57,100301.26,0,3380.22
14-Aug-2024,100120.37,100717.9,99596.18,100193.34,0,4370.66
15-Aug-2024,100177.07,100729.72,99322.06,99873.03,0,2367.42
16-Aug-2024,99840.62,100489.05,98117.56,98758.96,0,2741.86
19-Aug-2024,99001.96,99564.75,98449.35,99012.08,0,1964.76
20-Aug-2024,98883.14,98916.0,98413.29,98446.0,0,3940.93
21-Aug-2024,98439.3,98832.09,97897.26,98289.45,0,5591.53
22-Aug-2024,98169.43,98481.99,97157.98,97468.31,0,3193.92
23-Aug-2024,97482.38,99678.06,96530.59,98714.24,0,3541.87
26-Aug-2024,98964.65,102392.25,98001.22,101405.06,0,3238.12
27-Aug-2024,101478.72,102191.18,99533.76,100237.5,0,4998.04
28-Aug-2024,100253.52,102768.59,99918.49,102426.3,0,8417.12
29-Aug-2024,102597.4,103328.03,102586.17,103316.72,0,2041.82
30-Aug-2024,103222.39,104000.56,101353.2,102123.08,0,3684.41
02-Sep-2024,102173.29,102821.99,101746.5,102394.27,0,1773.17
03-Sep-2024,102253.84,103937.89,101771.93,103450.34,0,1496.37
04-Sep-2024,103656.57,105940.78,102760.98,105033.29,0,2013.28
05-Sep-2024,105384.55,106082.1,102673.14,103357.27,0,1751.28
06-Sep-2024,103625.15,105866.83,102714.07,104944.15,0,2534.42
09-Sep-2024,105019.42,106020.57,104330.38,105329.5,0,3385.9
10-Sep-2024,105011.86,106592.88,104688.54,106265.7,0,1933.99
11-Sep-2024,106192.71,108911.03,105241.08,107943.71,0,1630.84
12-Sep-2024,107518.51,108651.17,106801.95,107931.85,0,2062.61
13-Sep-2024,107818.25,108641.02,106837.98,107659.54,0,3551.59
16-Sep-2024,108164.04,109173.21,106392.77,107394.75,0,1170.29
17-Sep-2024,107392.94,107471.57,107384.47,107463.1,0,5353.21
18-Sep-2024,107617.54,108985.24,106844.05,108207.52,0,4176.43
19-Sep-2024,108509.0,109563.58,107739.22,108791.8,0,4183.28
20-Sep-2024,109018.26,110298.12,105967.35,107226.17,0,3241.59
23-Sep-2024,107416.09,108156.15,106873.22,107612.29,0,2305.83
24-Sep-2024,107793.23,109199.99,107142.4,108544.62,0,3387.18
25-Sep-2024,108616.63,109635.38,107365.19,108381.73,0,2422.39
26-Sep-2024,108789.52,109433.86,108544.54,109187.99,0,3137.55
27-Sep-2024,109142.49,109563.13,106164.5,106575.24,0,3325.91
30-Sep-2024,106645.94,108083.0,105776.1,107208.57,0,4114.54
01-Oct-2024,107288.92,108213.36,105595.0,106512.75,0,1498.36
02-Oct-2024,106491.47,108038.45,105669.02,107210.45,0,2251.02
03-Oct-2024,106684.04,108362.08,106333.81,108007.5,0,2589.9
04-Oct-2024,108032.17,108672.45,107274.37,107913.95,0,4477.75
07-Oct-2024,108106.59,108697.18,105746.38,106327.25,0,2412.91
08-Oct-2024,106324.73,106413.55,104409.42,104496.71,0,3033.46
09-Oct-2024,104742.64,105383.14,103968.59,104608.27,0,2743.36
10-Oct-2024,104619.49,106846.09,104087.31,106305.33,0,3792.86
11-Oct-2024,106373.93,107822.12,105112.35,106558.35,0,2379.3
14-Oct-2024,106750.88,107257.44,105608.34,106111.87,0,1716.09
15-Oct-2024,105745.86,106429.02,104501.75,105181.26,0,2692.53
16-Oct-2024,105533.91,107061.19,104592.38,106114.48,0,2754.73
17-Oct-2024,105938.69,108629.72,104774.0,107448.43,0,2965.25
18-Oct-2024,107663.48,109328.8,107009.78,108669.0,0,4452.07
21-Oct-2024,108424.54,109530.96,107874.44,108978.06,0,2723.17
22-Oct-2024,109143.56,109706.19,106930.05,107484.13,0,3307.81
23-Oct-2024,107542.16,108708.8,106331.91,107498.07,0,3803.28
24-Oct-2024,107353.97,108495.29,106192.15,107333.25,0,3133.26
25-Oct-2024,107144.01,108571.97,106246.68,107670.24,0,2822.01
28-Oct-2024,107426.8,108004.41,106953.44,107530.6,0,1750.65
29-Oct-2024,107293.9,108812.09,106505.59,108018.46,0,3733.7
30-Oct-2024,107852.54,109779.14,107196.41,109115.34,0,2823.87
31-Oct-2024,109471.63,110289.74,109432.79,110250.63,0,3216.64
01-Nov-2024,109792.58,112847.38,109081.39,112121.12,0,2824.63
04-Nov-2024,112173.32,113007.62,110798.67,111628.93,0,3435.09
05-Nov-2024,111906.64,112191.22,110344.6,110625.91,0,1442.34
06-Nov-2024,110607.03,111620.84,109376.11,110387.91,0,2538.37
07-Nov-2024,110598.63,111125.68,108582.28,109102.2,0,3985.3
08-Nov-2024,109167.2,111221.64,108645.59,110692.74,0,4360.41
11-Nov-2024,110995.37,112868.82,110759.9,112629.88,0,2479.65
12-Nov-2024,113032.11,113704.48,111338.21,112004.47,0,1384.27
13-Nov-2024,112178.39,112522.87,111467.05,111810.39,0,2645.23
14-Nov-2024,111776.91,113106.48,110888.44,112214.54,0,3117.5
15-Nov-2024,112118.06,112535.12,112053.06,112469.91,0,3753.92
18-Nov-2024,112478.24,112811.51,111102.35,111432.52,0,3839.29
19-Nov-2024,111355.6,112285.48,109272.95,110193.13,0,2646.53
20-Nov-2024,110045.85,110806.42,108531.74,109287.07,0,2203.45
21-Nov-2024,109435.66,109611.55,109337.62,109513.44,0,2626.43
22-Nov-2024,109370.75,109876.92,107273.07,107771.85,0,3723.06
25-Nov-2024,107833.04,108809.95,106975.1,107951.07,0,2799.17
26-Nov-2024,108066.78,109226.31,107360.5,108517.08,0,3599.76
27-Nov-2024,108400.9,109429.93,107950.58,108977.21,0,2719.5
28-Nov-2024,109118.84,109763.9,105520.59,106148.09,0,1824.9
29-Nov-2024,106156.65,108417.6,105816.19,108071.0,0,4391.33
02-Dec-2024,108121.45,108728.87,107355.76,107962.29,0,4187.92
03-Dec-2024,107903.4,109333.78,107068.46,108494.27,0,4070.19
04-Dec-2024,108567.89,109509.5,107548.69,108489.62,0,2153.82
05-Dec-2024,108636.32,110920.5,107374.9,109647.34,0,2319.44
06-Dec-2024,109626.63,110580.66,108916.28,109868.74,0,4406.52
09-Dec-2024,110010.47,110900.85,108551.51,109437.25,0,1890.89
10-Dec-2024,109158.3,109777.07,108759.16,109377.13,0,2336.85
11-Dec-2024,109362.53,109663.39,108325.28,108624.12,0,2532.18
12-Dec-2024,108414.39,110569.28,107686.38,109831.74,0,4148.28
13-Dec-2024,110160.8,112440.56,109624.96,111896.28,0,1683.35
16-Dec-2024,111707.83,113303.71,111123.93,112714.56,0,3199.36
17-Dec-2024,112334.22,112904.35,111993.28,112562.71,0,2348.02
18-Dec-2024,112835.85,115253.14,112345.99,114754.95,0,2982.74
19-Dec-2024,114619.3,115420.82,114250.01,115050.14,0,3048.71
20-Dec-2024,114918.68,116719.07,114739.44,116537.31,0,1344.19
23-Dec-2024,116668.49,118933.47,115534.74,117788.83,0,1782.23
24-Dec-2024,118265.16,119587.95,117003.66,118325.81,0,1746.33
25-Dec-2024,118425.96,119402.39,116548.11,117517.05,0,2256.38
26-Dec-2024,117673.94,118237.23,115365.52,115920.42,0,1746.36
27-Dec-2024,115951.76,117632.17,115331.69,117006.46,0,1744.57
30-Dec-2024,116966.26,117722.13,116113.33,116868.57,0,2861.55
31-Dec-2024,116831.96,117227.14,115984.68,116378.32,0,6623.13
01-Jan-2025,116508.76,116995.11,115807.19,116292.63,0,7453.09
02-Jan-2025,116135.55,116815.01,114382.87,115056.02,0,2264.6
03-Jan-2025,115114.84,115582.06,112492.5,112950.94,0,1686.34
06-Jan-2025,112837.0,114227.43,112230.53,113616.77,0,1902.34
07-Jan-2025,113871.89,114159.54,112041.15,112324.89,0,3235.15
08-Jan-2025,112468.46,113105.24,109475.69,110099.06,0,2191.77
09-Jan-2025,110020.26,110807.19,108870.22,109654.54,0,4318.34
10-Jan-2025,109931.77,110381.36,107979.88,108423.3,0,3137.3
13-Jan-2025,108350.96,109890.23,107437.21,108971.24,0,5025.42
14-Jan-2025,109067.93,110366.3,107041.23,108330.83,0,2173.77
15-Jan-2025,108257.48,109230.85,107320.17,108293.23,0,3416.16
16-Jan-2025,107981.4,110110.62,106870.84,108989.68,0,3552.07
17-Jan-2025,109101.81,111179.9,108519.41,110589.57,0,2741.92
20-Jan-2025,110532.55,111409.89,108328.85,109195.58,0,2998.14
21-Jan-2025,109309.28,110113.77,109148.35,109951.9,0,2407.51
22-Jan-2025,109484.81,111976.92,108687.4,111167.26,0,2053.72
23-Jan-2025,110976.96,111987.63,109716.37,110724.74,0,2078.19
24-Jan-2025,110322.71,111218.86,107558.82,108439.68,0,3956.57
27-Jan-2025,108311.36,109645.51,107238.4,108569.99,0,4719.99
28-Jan-2025,108336.31,109009.22,107492.58,108164.41,0,6718.15
29-Jan-2025,108313.09,109253.3,107214.12,108152.94,0,2975.26
30-Jan-2025,107816.05,108289.11,105162.97,105626.43,0,3119.58
31-Jan-2025,105238.57,105537.8,104262.33,104559.64,0,4496.43
03-Feb-2025,104565.79,105327.32,101548.9,102293.88,0,2489.87
04-Feb-2025,102286.86,102957.3,100459.23,101122.04,0,1247.57
05-Feb-2025,101116.39,102626.67,100496.92,102001.78,0,4547.37
06-Feb-2025,101965.27,102790.13,101496.65,102319.89,0,5155.77
07-Feb-2025,102735.64,105232.94,101908.96,104392.92,0,3762.54
10-Feb-2025,104460.63,104963.13,103101.06,103599.41,0,2523.51
11-Feb-2025,103921.69,104439.6,103882.59,104400.31,0,3009.11
12-Feb-2025,104911.46,105676.75,101074.16,101816.87,0,3943.4
13-Feb-2025,102080.33,103053.24,100872.24,101842.89,0,2725.86
14-Feb-2025,101878.09,102698.8,101623.7,102443.0,0,2592.84
17-Feb-2025,102504.19,104930.72,101774.69,104189.22,0,2486.59
18-Feb-2025,104428.94,104980.64,103097.79,103645.36,0,3478.1
19-Feb-2025,103718.12,105164.97,102865.29,104307.29,0,1732.73
20-Feb-2025,104285.63,104926.01,102716.49,103351.13,0,3497.93
21-Feb-2025,103272.0,104116.93,101838.45,102678.52,0,2365.77
24-Feb-2025,102762.62,104541.6,102200.87,103973.24,0,4708.75
25-Feb-2025,103866.86,105023.7,103339.28,104492.94,0,1983.17
26-Feb-2025,104432.28,105624.7,103598.33,104787.91,0,4580.98
27-Feb-2025,104745.73,106299.96,103518.21,105068.66,0,3340.57
28-Feb-2025,105049.36,105115.87,104984.22,105050.72,0,3605.08
03-Mar-2025,104738.66,106178.28,104178.37,105613.3,0,2778.81
04-Mar-2025,105955.51,106378.84,103933.74,104350.66,0,1884.89
05-Mar-2025,104254.69,105173.94,103048.9,103965.61,0,4227.35
06-Mar-2025,104012.36,104191.97,103387.93,103566.77,0,3701.68
07-Mar-2025,103635.64,104857.92,102658.66,103878.65,0,1521.08
10-Mar-2025,103870.38,105203.9,101972.32,103298.5,0,2411.11
11-Mar-2025,103408.75,104747.52,103236.13,104572.96,0,1664.37
12-Mar-2025,104695.08,106333.98,103736.0,105368.73,0,2852.83
13-Mar-2025,105170.82,106262.75,104507.12,105596.37,0,4145.15
14-Mar-2025,105646.33,105839.28,103179.11,103367.9,0,3549.29
17-Mar-2025,103407.3,104254.1,103195.97,104041.48,0,3452.07
18-Mar-2025,103982.76,106725.55,103115.99,105843.27,0,3282.96
19-Mar-2025,105898.97,106676.72,105561.91,106338.26,0,2273.49
20-Mar-2025,106215.32,106419.26,106058.68,106262.56,0,5522.61
21-Mar-2025,106315.64,107159.89,104707.6,105545.74,0,1859.85
24-Mar-2025,105308.21,107202.9,104188.38,106074.92,0,3905.74
25-Mar-2025,106138.38,106496.69,105509.06,105866.46,0,2086.46
26-Mar-2025,106077.67,108020.06,105265.74,107199.55,0,3267.74
27-Mar-2025,107088.93,109653.92,106514.73,109069.11,0,2923.19
28-Mar-2025,108639.14,109904.16,108060.2,109321.59,0,2852.6
31-Mar-2025,109410.97,109785.84,107992.32,108363.6,0,3549.72
01-Apr-2025,108149.01,109084.76,107449.24,108383.47,0,5548.04
02-Apr-2025,108686.32,110434.47,108042.4,109784.06,0,6344.48
03-Apr-2025,109902.38,111212.57,108317.44,109624.32,0,4634.53
04-Apr-2025,109561.98,110684.6,106793.14,107898.72,0,4115.99
07-Apr-2025,107957.74,109148.77,106550.07,107738.69,0,2986.09
08-Apr-2025,107910.72,109708.06,107288.55,109079.14,0,2880.84
09-Apr-2025,109158.21,110657.75,108579.79,110074.47,0,3373.34
10-Apr-2025,110093.32,110365.08,109207.84,109478.09,0,2445.86
11-Apr-2025,109257.1,110797.84,109051.4,110589.64,0,4641.32
14-Apr-2025,110705.2,112163.21,109714.17,111168.04,0,1957.89
15-Apr-2025,111034.01,111662.83,109844.49,110470.11,0,2616.04
16-Apr-2025,110804.66,112011.78,110710.26,111916.42,0,2393.73
17-Apr-2025,112332.82,113376.95,111666.55,112708.45,0,1954.05
18-Apr-2025,112911.64,113076.27,112466.57,112630.78,0,4292.76
21-Apr-2025,112792.17,115062.84,112061.82,114322.58,0,2067.0
22-Apr-2025,114042.8,114508.1,113411.8,113876.41,0,3379.15
23-Apr-2025,113966.36,114777.56,112419.81,113225.74,0,5776.57
24-Apr-2025,113244.74,114280.17,110392.96,111411.63,0,3262.15
25-Apr-2025,111543.86,111787.98,110629.0,110871.65,0,2738.04
28-Apr-2025,111173.45,111932.23,110155.6,110912.6,0,1885.86
29-Apr-2025,110839.12,114044.58,110234.22,113425.57,0,3438.29
30-Apr-2025,113228.59,116536.34,112090.51,115376.66,0,2393.53
01-May-2025,115359.61,116236.16,113993.41,114866.2,0,2674.85
02-May-2025,115015.75,115776.24,112833.64,113584.66,0,4244.77
05-May-2025,113908.78,114335.05,113337.29,113763.02,0,2055.69
06-May-2025,113627.28,114112.63,113113.66,113598.89,0,2679.17
07-May-2025,113753.52,114347.53,112196.02,112784.98,0,2793.7
08-May-2025,112662.77,114383.16,112148.17,113863.08,0,2516.37
09-May-2025,114100.01,116098.15,112727.45,114718.16,0,2936.18
12-May-2025,114812.98,115854.19,111987.51,113012.38,0,3930.06
13-May-2025,112853.4,112960.06,111710.09,111815.77,0,3436.81
14-May-2025,111655.79,114737.27,111228.92,114300.3,0,5610.5
15-May-2025,114734.11,117327.49,113900.88,116481.57,0,3879.37
16-May-2025,116424.27,117629.57,115710.13,116912.44,0,2558.08
19-May-2025,116994.63,118107.19,115788.46,116900.12,0,5202.41
20-May-2025,116777.69,119732.41,115561.17,118497.97,0,8044.66
21-May-2025,118396.85,118890.46,115624.9,116108.97,0,3689.12
22-May-2025,115849.16,117271.17,115555.46,116974.62,0,2391.46
23-May-2025,116930.37,119050.28,116667.33,118783.08,0,3459.82
26-May-2025,118897.97,119616.95,117684.82,118400.8,0,2244.13
27-May-2025,118442.08,119432.07,117225.31,118213.39,0,4433.82
28-May-2025,118189.88,119597.0,116854.41,118260.73,0,5666.78
29-May-2025,118135.37,118652.91,117251.03,117766.95,0,2183.93
30-May-2025,118039.88,118600.12,116630.78,117186.98,0,2145.17
02-Jun-2025,117387.27,118208.02,115018.49,115828.34,0,1752.11
03-Jun-2025,115893.89,116145.91,115383.13,115634.58,0,4125.5
04-Jun-2025,115721.62,116828.86,115166.78,116271.39,0,2520.31
05-Jun-2025,116381.62,116712.66,114319.81,114645.91,0,4815.94
06-Jun-2025,114813.09,115134.86,114215.83,114536.83,0,5161.2
09-Jun-2025,114718.87,115281.89,112693.26,113249.06,0,2561.26
10-Jun-2025,113627.76,114340.43,110928.99,111629.12,0,2545.65
11-Jun-2025,111383.34,113486.01,111052.28,113149.7,0,3574.62
12-Jun-2025,113136.08,113626.37,113060.38,113550.4,0,2932.94
13-Jun-2025,113874.57,114830.96,112337.33,113288.8,0,6273.22
16-Jun-2025,113550.75,114122.33,111255.54,111818.4,0,1941.4
17-Jun-2025,111509.49,114801.09,110964.86,114243.1,0,4040.0
18-Jun-2025,114248.88,115262.51,113762.28,114773.67,0,3868.68
19-Jun-2025,114298.06,116830.84,113655.42,116177.63,0,1339.64
20-Jun-2025,115718.53,116989.7,115230.71,116498.59,0,3087.8
23-Jun-2025,116491.48,117194.37,114359.15,115053.36,0,2163.96
24-Jun-2025,115028.6,117600.28,114086.4,116644.84,0,3576.86
25-Jun-2025,116099.06,117404.15,115069.55,116372.22,0,3869.0
26-Jun-2025,116777.62,117659.8,115211.64,116088.61,0,1815.62
27-Jun-2025,115534.03,117563.27,114711.04,116731.76,0,4529.11
30-Jun-2025,116780.51,116927.35,115456.07,115601.42,0,2976.07
01-Jul-2025,115643.24,115744.34,113674.37,113773.83,0,2212.68
02-Jul-2025,113644.44,113769.56,112444.09,112568.03,0,2766.85
03-Jul-2025,112549.6,113529.87,110806.72,111780.3,0,3296.13
04-Jul-2025,112020.04,112500.91,109984.83,110459.0,0,5920.9
07-Jul-2025,110596.63,112040.8,110191.28,111631.65,0,4214.78
08-Jul-2025,111611.46,113542.13,110440.28,112363.06,0,1690.34
09-Jul-2025,112722.52,113862.05,112527.83,113665.73,0,2601.26
10-Jul-2025,113565.37,114569.71,111520.66,112515.72,0,5749.87
11-Jul-2025,112509.92,115474.43,111211.17,114156.67,0,2891.86
14-Jul-2025,114084.12,115048.96,113113.93,114078.73,0,3433.47
15-Jul-2025,114020.75,115114.5,112595.92,113686.47,0,3927.6
16-Jul-2025,113600.98,113801.01,113427.55,113627.54,0,937.38
17-Jul-2025,113612.97,114825.62,111149.49,112348.65,0,5729.84
18-Jul-2025,112354.57,114078.5,111131.06,112849.59,0,2069.15
21-Jul-2025,113014.75,114413.9,112130.65,113525.8,0,3031.58
22-Jul-2025,113565.5,114220.67,112920.66,113575.77,0,2492.41
23-Jul-2025,113128.25,114228.77,112134.2,113233.79,0,3459.47
24-Jul-2025,113239.37,114633.78,112479.22,113869.39,0,1949.29
25-Jul-2025,113829.71,114291.66,112912.89,113372.99,0,1501.33
28-Jul-2025,113335.29,114332.21,110393.16,111372.82,0,1471.46
29-Jul-2025,111188.96,111649.93,109778.52,110235.54,0,1829.85
30-Jul-2025,110026.44,110766.31,108226.26,108958.95,0,2816.1
31-Jul-2025,109091.87,110032.0,108089.62,109029.21,0,3917.18
01-Aug-2025,108912.97,110489.28,108473.17,110044.92,0,1437.42
04-Aug-2025,110022.93,112293.26,108872.45,111131.19,0,4270.35
05-Aug-2025,111167.26,111581.83,109376.49,109785.91,0,2837.69
06-Aug-2025,109806.88,110340.22,109234.84,109767.99,0,4839.42
07-Aug-2025,110023.5,110578.36,108670.33,109221.15,0,2066.19
08-Aug-2025,109023.1,111876.04,108493.46,111335.17,0,2451.87
11-Aug-2025,111250.22,112101.36,111107.12,111957.34,0,2954.51
12-Aug-2025,111782.48,112107.02,110741.11,111063.57,0,3248.41
13-Aug-2025,110899.01,111204.66,110356.82,110661.81,0,2561.92
14-Aug-2025,110720.96,113677.1,109963.8,112905.02,0,1948.11
15-Aug-2025,112596.64,115475.93,112067.56,114935.87,0,2675.92
18-Aug-2025,114978.96,116242.69,114437.02,115697.37,0,3332.1
19-Aug-2025,115761.46,116058.35,114759.9,115054.98,0,4535.86
20-Aug-2025,115037.85,116110.57,114129.42,115200.85,0,2673.78
21-Aug-2025,115301.58,115869.11,112826.6,113384.69,0,1545.26
22-Aug-2025,113578.39,113995.99,113044.13,113461.3,0,2927.94
25-Aug-2025,113519.05,114987.12,113178.89,114643.59,0,3941.76
26-Aug-2025,114684.32,118176.61,113333.7,116801.06,0,2716.59
27-Aug-2025,116923.67,119024.43,116112.2,118204.08,0,2673.57
28-Aug-2025,118119.54,119320.57,115941.97,117132.97,0,4574.53
29-Aug-2025,116453.96,116935.68,115367.62,115846.83,0,4501.64
01-Sep-2025,115706.32,116576.28,115610.01,116479.33,0,1877.38
02-Sep-2025,116501.92,117329.98,115586.59,116414.03,0,5999.77
03-Sep-2025,116489.85,117891.87,115719.43,117117.3,0,2289.92
04-Sep-2025,116962.08,118203.3,115974.0,117213.11,0,2266.44
05-Sep-2025,117194.95,118169.2,116368.59,117341.8,0,4915.1
08-Sep-2025,117197.58,119003.4,116266.33,118065.26,0,5219.04
09-Sep-2025,118222.09,119951.97,116803.31,118529.5,0,3349.23
10-Sep-2025,118763.68,119593.07,116545.29,117364.92,0,4676.39
11-Sep-2025,117352.28,119079.7,117023.53,118747.05,0,1532.05
12-Sep-2025,119456.52,120235.35,117301.09,118070.88,0,3095.23
15-Sep-2025,118591.55,119661.03,116568.19,117628.99,0,2737.71
16-Sep-2025,117984.38,118740.02,117912.68,118667.9,0,2176.3
17-Sep-2025,118743.77,119768.3,117292.36,118313.17,0,1591.18
18-Sep-2025,118243.28,118892.12,116909.86,117554.92,0,2991.2
19-Sep-2025,118020.24,118650.45,115234.7,115853.33,0,3991.88
22-Sep-2025,115569.95,116870.65,113985.69,115283.17,0,2447.16
23-Sep-2025,114989.29,116605.94,114124.62,115735.66,0,1649.87
24-Sep-2025,115617.74,117795.1,114853.36,117021.43,0,3812.95
25-Sep-2025,117106.24,117537.74,116778.07,117209.28,0,3857.66
26-Sep-2025,116834.52,118098.02,116679.1,117941.13,0,4396.29
29-Sep-2025,117898.59,121518.5,116754.06,120350.18,0,3392.51
30-Sep-2025,120405.48,122525.39,119188.88,121299.76,0,1422.72
01-Oct-2025,121325.15,121657.23,120730.82,121062.18,0,3711.23
02-Oct-2025,121128.33,122268.83,121080.49,122220.56,0,2875.93
03-Oct-2025,122377.84,125679.8,121170.31,124451.81,0,1639.52
06-Oct-2025,124691.32,125286.36,122593.76,123181.59,0,4047.65
07-Oct-2025,123360.79,123947.6,122055.03,122638.4,0,2321.34
08-Oct-2025,122915.6,124287.21,121727.72,123097.58,0,3736.96
09-Oct-2025,123247.31,124614.25,122768.26,124131.76,0,4104.05
10-Oct-2025,124340.89,125297.36,123031.25,123984.98,0,2793.14
13-Oct-2025,123933.99,126020.47,123512.03,125592.86,0,1811.37
14-Oct-2025,125395.25,126199.58,123846.35,124645.88,0,3526.7
15-Oct-2025,124604.39,126362.23,123450.66,125202.96,0,3657.26
16-Oct-2025,124988.72,125945.84,122616.77,123562.98,0,4185.05
17-Oct-2025,123536.4,124150.42,121743.87,122352.0,0,3301.37
20-Oct-2025,122215.89,122598.26,121732.22,122114.28,0,4280.56
21-Oct-2025,121903.29,123601.04,120683.71,122376.72,0,2387.11
22-Oct-2025,122200.11,123319.61,120114.44,121225.0,0,3803.75
23-Oct-2025,121127.77,122264.44,120249.09,121383.9,0,4984.57
24-Oct-2025,121266.75,124210.6,119370.02,122297.74,0,4408.65
27-Oct-2025,122010.09,123287.83,121461.84,122736.31,0,3963.93
28-Oct-2025,122693.42,123963.76,121728.55,122996.51,0,4009.87
29-Oct-2025,122833.8,123902.22,122560.09,123626.74,0,4073.3
30-Oct-2025,123545.13,123896.35,119745.55,120086.94,0,1723.05
31-Oct-2025,120545.14,121324.97,120145.91,120924.48,0,2984.39
03-Nov-2025,120874.53,122204.9,119970.64,121297.84,0,2941.6
04-Nov-2025,121476.21,122444.23,119467.34,120426.99,0,1825.21
05-Nov-2025,120649.04,122490.23,120355.46,122192.89,0,7335.15
06-Nov-2025,122300.45,122753.31,120147.46,120594.0,0,2579.69
07-Nov-2025,120382.2,120984.42,119834.58,120436.55,0,3423.7
10-Nov-2025,120224.35,120662.78,119910.39,120348.49,0,4385.6
11-Nov-2025,120637.56,121094.64,120020.12,120476.59,0,3447.13
12-Nov-2025,120418.12,120753.53,120232.68,120567.85,0,1404.76
13-Nov-2025,121109.86,121348.21,120655.41,120893.33,0,2828.07
14-Nov-2025,120639.66,121954.13,119121.05,120433.28,0,1524.22
17-Nov-2025,120372.94,122417.99,119845.0,121883.42,0,7030.94
18-Nov-2025,122046.24,122864.0,120392.99,121205.12,0,4204.11
19-Nov-2025,121699.64,122671.28,121282.67,122252.42,0,5990.75
20-Nov-2025,122312.43,123112.98,121120.28,121918.26,0,3467.04
21-Nov-2025,122165.98,123188.25,119263.47,120269.87,0,1881.26
24-Nov-2025,120608.01,120926.04,118047.27,118359.38,0,5732.07
25-Nov-2025,118205.33,119258.38,115736.78,116777.11,0,3071.01
26-Nov-2025,116970.98,117384.79,116105.35,116517.56,0,5952.43
27-Nov-2025,116440.56,116946.89,115094.53,115597.2,0,3560.7
28-Nov-2025,115439.13,115830.03,113404.3,113789.62,0,2973.11
01-Dec-2025,113729.07,115017.06,113134.74,114419.13,0,3875.02
02-Dec-2025,114332.77,114918.79,113449.76,114034.25,0,4928.48
03-Dec-2025,114055.24,116463.2,113212.91,115609.39,0,4543.18
04-Dec-2025,115241.66,115582.33,114598.63,114938.4,0,4903.71
05-Dec-2025,114923.44,115455.79,112586.13,113110.08,0,3672.78
08-Dec-2025,113544.07,114447.79,112810.46,113713.08,0,3674.12
09-Dec-2025,113507.9,114406.85,111994.01,112888.05,0,3095.76
10-Dec-2025,113058.14,115010.14,112089.79,114033.43,0,2693.84
11-Dec-2025,113896.86,114362.85,112487.08,112949.2,0,2201.45
12-Dec-2025,112825.47,113341.66,111343.4,111855.15,0,4949.96
15-Dec-2025,111668.57,114457.95,110780.12,113554.5,0,3678.22
16-Dec-2025,113636.94,114791.19,111178.7,112319.57,0,1804.05
17-Dec-2025,112290.53,112597.44,112002.52,112309.38,0,3018.62
18-Dec-2025,112417.51,112816.43,111110.9,111506.59,0,1783.71
19-Dec-2025,111253.69,111773.58,110847.97,111367.45,0,2701.37
22-Dec-2025,111400.47,112427.27,110370.86,111397.64,0,2892.6
23-Dec-2025,111611.57,112304.79,109324.51,110007.76,0,3373.61
24-Dec-2025,110005.57,110357.42,107953.06,108299.46,0,5588.55
25-Dec-2025,108163.06,110136.07,107543.58,109508.88,0,3315.84
26-Dec-2025,109372.72,111868.89,109262.3,111756.06,0,8989.1
29-Dec-2025,111651.21,112427.01,111157.15,111931.71,0,1563.57
30-Dec-2025,111825.99,112226.93,110601.03,110999.0,0,2058.8
31-Dec-2025,111630.37,113722.94,110683.29,112766.23,0,2788.97
01-Jan-2026,112876.36,114336.0,110572.63,112021.21,0,2688.66
02-Jan-2026,112108.37,112273.96,111818.64,111984.04,0,2782.49
05-Jan-2026,111815.71,112782.56,110019.5,110979.11,0,2967.85
06-Jan-2026,110485.86,110864.85,109613.23,109990.51,0,3194.92
07-Jan-2026,109957.25,110269.43,107038.41,107343.17,0,1981.89
08-Jan-2026,107240.75,109564.59,106744.92,109060.34,0,4231.69
09-Jan-2026,109330.6,110228.77,108836.24,109732.58,0,2074.21
12-Jan-2026,109467.86,110371.79,107933.52,108832.2,0,2338.9
13-Jan-2026,109338.66,110617.31,106868.72,108133.27,0,2239.11
14-Jan-2026,108464.07,109035.34,107831.45,108402.39,0,3288.56
15-Jan-2026,108588.96,109867.39,107991.14,109265.84,0,1854.74
16-Jan-2026,109670.65,110683.32,108330.23,109339.85,0,2842.79
19-Jan-2026,109133.68,110998.05,108301.55,110158.1,0,3033.45
20-Jan-2026,110397.28,110677.76,108181.2,108456.74,0,2130.59
21-Jan-2026,108480.98,109240.44,107525.46,108283.54,0,7038.92
22-Jan-2026,108227.54,109132.85,106287.52,107184.1,0,4730.61
23-Jan-2026,107120.19,108341.35,106284.41,107502.6,0,4249.97
26-Jan-2026,107529.63,109673.81,106297.8,108431.64,0,3484.96
27-Jan-2026,108948.43,109607.6,107365.13,108018.67,0,1472.52
28-Jan-2026,107828.44,109395.53,106993.26,108554.72,0,3659.74
29-Jan-2026,108111.91,109061.71,106083.99,107024.23,0,3388.31
30-Jan-2026,106689.13,108490.92,106015.02,107809.73,0,1713.51
02-Feb-2026,107771.66,108885.97,105892.28,106998.59,0,3540.95
03-Feb-2026,107079.91,107832.12,104769.88,105511.07,0,2745.41
04-Feb-2026,105086.1,105471.06,103011.75,103390.5,0,3961.89
05-Feb-2026,103446.24,103965.25,101924.46,102438.4,0,1678.49
06-Feb-2026,102172.56,102593.95,101532.82,101953.29,0,1771.43
09-Feb-2026,101973.83,102937.08,101362.16,102323.31,0,2606.45
10-Feb-2026,102316.45,103567.73,101477.93,102725.86,0,1984.13
11-Feb-2026,102900.47,103381.77,101386.65,101863.1,0,1660.85
12-Feb-2026,101828.12,102066.27,101080.0,101316.96,0,2023.51
13-Feb-2026,101295.09,101921.08,99979.85,100601.55,0,4565.33
16-Feb-2026,100723.44,102221.46,100173.42,101666.29,0,3844.46
17-Feb-2026,101789.78,102208.98,101213.05,101631.6,0,2826.92
18-Feb-2026,101769.43,102709.45,101425.96,102363.97,0,1928.72
19-Feb-2026,102268.08,104610.01,101214.23,103543.02,0,2763.25
20-Feb-2026,103667.99,104481.57,103150.14,103962.25,0,2363.34
23-Feb-2026,103648.34,105345.8,103003.23,104694.18,0,4252.76
24-Feb-2026,105231.12,105619.25,104723.48,105111.16,0,4496.48
25-Feb-2026,105420.0,108279.45,104823.24,107669.95,0,4039.97
26-Feb-2026,107457.74,107753.26,106014.0,106306.35,0,2794.69
27-Feb-2026,106257.48,106840.85,105452.01,106034.16,0,2780.33
02-Mar-2026,105896.87,106293.33,105009.96,105404.58,0,1836.25
03-Mar-2026,105221.25,107982.07,104479.3,107225.98,0,2315.79
04-Mar-2026,107324.62,109586.17,107002.05,109257.79,0,5147.16
05-Mar-2026,108530.86,109238.78,107921.13,108628.5,0,1324.56
06-Mar-2026,108549.23,109313.22,108444.7,109208.06,0,3000.32
09-Mar-2026,109249.04,109797.46,106510.7,107048.07,0,2116.34
10-Mar-2026,107218.3,109856.38,106016.7,108638.87,0,2999.74
11-Mar-2026,108420.73,109028.52,107445.88,108051.61,0,3290.11
12-Mar-2026,108274.54,108745.54,107258.68,107727.31,0,2909.21
13-Mar-2026,107851.96,108483.49,107201.99,107833.42,0,2724.1
16-Mar-2026,107654.96,108630.25,104461.77,105416.78,0,5645.86
17-Mar-2026,105477.28,107296.42,104222.73,106035.23,0,2005.84
18-Mar-2026,106233.45,106793.12,105596.78,106156.04,0,5660.24
19-Mar-2026,106277.84,106881.94,105727.26,106331.09,0,2957.88
20-Mar-2026,106053.69,106924.88,105815.17,106684.94,0,5371.79
23-Mar-2026,106526.55,109531.36,105840.64,108830.62,0,2365.61
24-Mar-2026,108619.21,109964.51,108203.34,109545.1,0,2086.89
25-Mar-2026,109474.98,110129.97,108954.72,109609.07,0,3868.37
26-Mar-2026,109716.34,111569.23,108873.03,110718.21,0,2329.41
27-Mar-2026,110927.88,111536.72,109696.05,110301.46,0,4066.82
30-Mar-2026,110044.2,111898.87,109479.98,111328.07,0,3558.49
31-Mar-2026,111353.43,111796.71,110032.15,110471.93,0,4814.67
01-Apr-2026,110313.32,111370.25,110198.04,111253.98,0,3891.06
02-Apr-2026,111254.56,112430.98,110786.69,111960.15,0,2270.99
03-Apr-2026,112135.83,113080.33,110900.0,111842.03,0,2334.01
06-Apr-2026,111943.64,113371.74,111149.75,112573.38,0,7999.72
07-Apr-2026,112203.72,113330.47,110581.31,111703.04,0,2709.61
08-Apr-2026,111929.81,112527.09,108912.67,109496.96,0,2098.53
09-Apr-2026,109391.47,110237.38,107836.41,108676.79,0,3500.12
10-Apr-2026,108456.13,108911.86,105183.0,105626.84,0,5152.44
13-Apr-2026,105360.79,105863.35,104895.45,105397.84,0,4495.55
14-Apr-2026,105676.31,107119.38,104926.36,106364.55,0,3260.66
15-Apr-2026,106089.18,106917.0,105477.27,106303.84,0,4187.06
16-Apr-2026,106684.01,107107.06,106359.12,106781.87,0,3740.07
17-Apr-2026,106960.59,107092.84,105441.71,105572.24,0,3901.7
20-Apr-2026,105479.04,106213.47,103761.86,104489.4,0,3142.58
21-Apr-2026,104399.79,105154.57,103939.27,104692.76,0,3827.24
22-Apr-2026,104176.74,105943.55,103810.3,105572.2,0,3245.23
23-Apr-2026,105519.06,108186.93,104299.24,106950.56,0,2100.78
24-Apr-2026,107101.35,107688.01,106784.11,107369.98,0,5675.42
27-Apr-2026,107459.6,108145.96,107197.27,107882.6,0,2200.47
28-Apr-2026,107904.39,108487.02,107526.66,108108.59,0,3095.25
29-Apr-2026,107877.8,109238.33,107206.71,108562.98,0,2466.15
30-Apr-2026,108348.31,108963.94,107683.96,108299.32,0,2503.25
01-May-2026,108320.45,110077.07,107957.38,109709.35,0,1932.6
04-May-2026,109644.43,110129.84,108961.21,109445.74,0,1533.11
05-May-2026,109596.06,113344.36,108376.08,112096.55,0,3445.71
06-May-2026,111859.32,115059.92,110715.65,113895.44,0,4494.37
07-May-2026,113955.05,116330.82,113552.15,115920.97,0,3983.6
08-May-2026,115810.67,117197.11,114596.64,115981.29,0,3275.36
11-May-2026,116097.48,116935.3,115623.83,116460.18,0,2572.56
12-May-2026,116339.37,117678.83,116048.98,117385.83,0,4357.66
13-May-2026,117293.87,117670.34,116192.79,116566.94,0,3469.97
14-May-2026,116552.29,120489.56,115986.62,119907.61,0,2350.89
15-May-2026,120120.98,120604.6,119102.29,119583.74,0,2967.51
18-May-2026,119317.82,120020.37,117294.3,117989.03,0,3277.7
19-May-2026,118075.54,118982.17,117710.57,118615.53,0,3201.17
20-May-2026,118452.68,119047.39,116277.73,116864.46,0,1760.06
21-May-2026,116748.66,116942.21,114583.85,114774.13,0,4845.34
22-May-2026,114767.58,117551.38,113931.96,116701.68,0,4612.38
25-May-2026,116664.65,118401.88,116367.11,118100.68,0,5049.21
26-May-2026,118082.73,120158.25,117742.92,119813.46,0,2082.24
27-May-2026,119665.5,123208.69,118538.66,122059.31,0,3398.75
28-May-2026,122392.88,123805.76,121968.03,123377.5,0,1562.21
29-May-2026,123477.14,123739.33,123417.57,123679.65,0,2491.01
01-Jun-2026,123476.91,126868.24,123018.07,126398.54,0,2946.78
02-Jun-2026,126375.7,126919.3,123626.95,124161.02,0,4615.58
03-Jun-2026,124057.01,128730.3,122158.42,126789.87,0,1880.24
04-Jun-2026,126973.51,129570.25,125990.11,128574.46,0,5984.47
05-Jun-2026,128814.29,129550.99,126483.42,127210.95,0,3142.15
08-Jun-2026,127051.66,128099.34,126364.29,127410.02,0,2963.76
09-Jun-2026,127021.87,127338.07,125367.11,125679.97,0,2308.91
10-Jun-2026,125906.45,127962.96,124788.23,126836.48,0,1761.81
11-Jun-2026,127071.3,128215.68,124175.76,125304.24,0,3906.37
12-Jun-2026,125206.75,126231.87,125201.38,126226.45,0,1481.64
15-Jun-2026,125636.1,126925.27,124721.16,126007.63,0,1280.91
16-Jun-2026,125888.2,127057.25,124725.06,125894.06,0,1729.26
17-Jun-2026,126165.68,128484.77,125316.16,127625.43,0,2819.25
18-Jun-2026,127602.73,129921.24,127015.97,129326.55,0,2339.79
19-Jun-2026,128899.37,129632.73,126280.2,127002.77,0,1741.33
22-Jun-2026,126674.1,129429.49,125581.58,128322.75,0,2938.9
23-Jun-2026,128334.16,129429.86,127700.3,128793.72,0,3434.17
24-Jun-2026,128936.6,129390.33,127829.59,128281.02,0,2707.7
25-Jun-2026,128234.23,129192.21,126597.61,127550.48,0,4217.27
26-Jun-2026,127596.97,127972.46,127016.2,127391.09,0,2118.89
29-Jun-2026,127529.9,128309.04,126338.87,127115.49,0,3805.39
30-Jun-2026,127029.41,128019.81,126739.68,127728.48,0,2219.54
01-Jul-2026,128337.03,129206.1,126749.25,127613.42,0,3235.3
02-Jul-2026,127415.01,128129.16,127347.6,128061.41,0,3103.91
03-Jul-2026,128108.01,128471.77,127465.5,127828.47,0,2505.37
06-Jul-2026,127733.6,130381.64,127124.97,129763.34,0,4506.41
07-Jul-2026,129486.21,130488.15,129439.11,130440.7,0,3173.76
08-Jul-2026,130307.71,131011.34,127683.8,128377.01,0,3714.17
09-Jul-2026,128282.87,129362.44,126874.25,127951.02,0,2496.47
10-Jul-2026,127892.14,130582.34,126741.38,129417.85,0,3691.55
13-Jul-2026,129263.45,129487.19,125894.54,126112.83,0,5518.53
14-Jul-2026,125977.2,127480.12,124809.27,126309.12,0,2251.5
15-Jul-2026,126372.78,128170.58,125894.99,127687.81,0,1543.36
16-Jul-2026,127670.95,128068.36,127110.06,127506.96,0,2540.54
17-Jul-2026,127648.55,128703.28,124313.12,125348.85,0,3992.15
20-Jul-2026,125279.02,127236.26,124419.65,126369.42,0,5498.93
21-Jul-2026,126474.62,126913.88,126059.01,126498.19,0,3553.63
22-Jul-2026,126233.78,127376.54,124279.34,125414.69,0,3944.29
23-Jul-2026,125661.46,126122.11,123074.55,123527.38,0,5032.73
24-Jul-2026,123712.03,127173.65,122411.71,125850.85,0,2092.67
27-Jul-2026,125596.4,126613.17,125396.94,126412.43,0,2427.09
28-Jul-2026,126756.14,128341.73,126333.25,127914.97,0,3626.2
29-Jul-2026,127678.19,130420.46,126718.09,129447.06,0,2525.31
30-Jul-2026,129472.18,130360.13,129015.82,129902.25,0,2379.97
31-Jul-2026,130560.55,131307.84,128705.01,129445.92,0,4199.05
03-Aug-2026,129131.53,133560.65,128879.1,133300.08,0,2788.54
04-Aug-2026,133129.01,133732.02,131913.11,132513.34,0,4205.69
05-Aug-2026,132762.33,133465.46,130618.71,131314.17,0,5209.58
06-Aug-2026,131672.46,133847.18,130691.61,132857.5,0,1420.98
07-Aug-2026,132731.35,134364.04,132026.18,133653.97,0,3225.74
10-Aug-2026,133071.89,137534.68,132168.44,136607.22,0,1830.94
11-Aug-2026,136534.64,137005.83,136010.85,136481.86,0,2893.18
12-Aug-2026,136119.83,137678.04,134600.03,136157.81,0,2994.9
13-Aug-2026,136412.69,138042.19,133337.44,134949.46,0,1827.64
14-Aug-2026,135170.38,136705.0,134095.24,135626.23,0,2452.35
17-Aug-2026,135420.25,136852.54,135246.95,136677.63,0,2444.07
18-Aug-2026,136489.5,138469.56,135440.85,137413.81,0,5292.21
19-Aug-2026,137336.69,140210.38,136276.22,139136.02,0,2220.28
20-Aug-2026,138967.37,142091.9,138696.14,141815.11,0,1606.9
21-Aug-2026,142186.13,143031.7,140740.1,141582.08,0,3846.83
24-Aug-2026,141329.4,143226.42,139707.02,141600.93,0,3304.7
25-Aug-2026,141877.34,143080.55,141009.32,142210.49,0,2289.99
26-Aug-2026,141979.79,142730.32,140406.79,141152.95,0,3470.87
27-Aug-2026,140926.8,142758.1,137947.37,139763.55,0,1874.52
28-Aug-2026,139792.55,140493.49,138288.43,138985.32,0,2345.02
31-Aug-2026,138982.91,141186.06,137974.77,140169.31,0,1223.24
01-Sep-2026,139708.97,143860.64,139478.69,143623.92,0,1587.42
02-Sep-2026,143884.04,144382.21,143506.76,144004.62,0,4875.9
03-Sep-2026,143739.38,145989.81,143085.4,145328.59,0,2373.3
04-Sep-2026,144849.99,145433.66,142849.73,143427.66,0,2171.35
07-Sep-2026,143202.07,144437.54,141727.85,142961.24,0,3625.33
08-Sep-2026,143237.53,145148.83,142170.79,144075.84,0,3543.37
09-Sep-2026,144116.78,144874.35,143074.09,143830.15,0,3573.04
