Date,Open,High,Low,Close,Shares Traded,Turnover (Rs. Cr)
01-Jan-2010,3007.71,3075.55,3003.37,3071.12,0,3519.35
04-Jan-2010,3061.62,3143.72,3033.58,3115.19,0,5115.5
05-Jan-2010,3119.6,3146.23,3018.06,3044.04,0,3072.1
06-Jan-2010,3042.23,3066.61,3007.89,3032.19,0,4121.78
07-Jan-2010,3030.33,3059.17,2995.41,3024.18,0,6013.54
08-Jan-2010,3022.19,3051.0,2981.73,3010.44,0,2266.63
11-Jan-2010,3013.11,3031.49,2942.96,2961.02,0,4363.96
12-Jan-2010,2957.25,3019.11,2942.52,3004.15,0,6534.54
13-Jan-2010,3001.57,3034.63,2961.21,2994.19,0,2696.1
14-Jan-2010,2989.56,3017.51,2979.39,3007.28,0,1783.49
15-Jan-2010,3011.6,3027.7,2999.52,3015.6,0,2894.55
18-Jan-2010,3022.17,3051.46,3007.24,3036.46,0,2601.31
19-Jan-2010,3043.79,3130.5,3024.24,3110.53,0,2346.59
20-Jan-2010,3113.5,3133.53,3042.85,3062.55,0,3289.17
21-Jan-2010,3070.24,3084.06,3015.71,3029.35,0,2432.88
22-Jan-2010,3037.76,3080.61,3008.72,3051.43,0,2758.36
25-Jan-2010,3047.75,3100.16,3024.43,3076.62,0,3444.56
26-Jan-2010,3083.97,3113.28,3054.17,3083.48,0,2889.48
27-Jan-2010,3092.01,3119.17,3017.34,3044.07,0,1990.46
28-Jan-2010,3033.46,3078.17,3005.52,3050.08,0,2411.71
29-Jan-2010,3054.17,3082.07,3039.72,3067.56,0,2632.1
01-Feb-2010,3067.47,3101.84,3053.95,3088.23,0,2956.62
02-Feb-2010,3079.39,3117.83,3072.97,3111.35,0,3505.83
03-Feb-2010,3122.26,3156.9,3095.06,3129.64,0,1602.04
04-Feb-2010,3138.49,3156.37,3117.41,3135.27,0,4225.77
05-Feb-2010,3134.61,3137.87,3130.25,3133.5,0,3506.47
08-Feb-2010,3128.62,3182.95,3096.96,3151.06,0,2315.94
09-Feb-2010,3161.58,3181.84,3084.03,3103.92,0,2945.23
10-Feb-2010,3098.94,3119.02,3069.33,3089.35,0,5683.69
11-Feb-2010,3082.05,3147.68,3058.22,3123.53,0,3434.51
12-Feb-2010,3123.2,3149.57,3101.3,3127.63,0,3902.68
15-Feb-2010,3137.56,3159.73,3054.51,3076.26,0,5018.97
16-Feb-2010,3073.55,3088.76,3035.91,3051.0,0,4453.8
17-Feb-2010,3050.65,3061.99,3019.62,3030.89,0,3423.14
18-Feb-2010,3017.69,3076.28,2982.31,3040.63,0,2960.12
19-Feb-2010,3028.58,3046.64,3005.66,3023.7,0,2640.29
22-Feb-2010,3030.15,3045.15,3024.81,3039.8,0,2478.23
23-Feb-2010,3046.42,3056.07,3040.11,3049.75,0,3294.11
24-Feb-2010,3043.22,3116.4,3022.3,3095.12,0,2220.4
25-Feb-2010,3091.07,3136.16,3056.24,3101.2,0,1807.57
26-Feb-2010,3106.2,3197.21,3066.5,3156.86,0,5775.72
01-Mar-2010,3147.83,3161.55,3139.05,3152.76,0,2526.57
02-Mar-2010,3147.79,3188.03,3104.65,3144.86,0,2899.14
03-Mar-2010,3146.45,3175.85,3103.46,3132.73,0,2379.43
04-Mar-2010,3137.54,3149.46,3125.08,3137.0,0,4100.59
05-Mar-2010,3132.35,3134.97,3115.07,3117.68,0,1561.36
08-Mar-2010,3112.13,3130.54,3030.71,3048.75,0,2466.72
09-Mar-2010,3053.46,3105.9,3035.3,3087.53,0,2512.24
10-Mar-2010,3080.43,3104.31,3050.36,3074.19,0,2150.01
11-Mar-2010,3074.31,3095.58,3013.68,3034.67,0,1667.13
12-Mar-2010,3034.29,3057.52,3007.87,3031.08,0,5793.69
15-Mar-2010,3029.61,3070.37,3010.74,3051.36,0,1909.19
16-Mar-2010,3050.23,3108.17,3034.09,3091.81,0,1510.35
17-Mar-2010,3090.11,3132.34,3081.56,3123.69,0,1168.52
18-Mar-2010,3133.21,3144.17,3111.23,3122.15,0,1630.7
19-Mar-2010,3115.84,3140.54,3090.21,3114.91,0,1881.08
22-Mar-2010,3115.99,3119.34,3086.25,3089.58,0,2795.15
23-Mar-2010,3098.13,3142.08,3097.03,3140.96,0,3566.6
24-Mar-2010,3137.22,3179.37,3074.1,3115.97,0,2186.52
25-Mar-2010,3123.77,3143.43,3110.77,3130.41,0,1595.27
26-Mar-2010,3148.61,3250.94,3121.15,3222.83,0,4874.67
29-Mar-2010,3232.43,3251.55,3171.54,3190.41,0,3463.56
30-Mar-2010,3180.36,3211.5,3155.48,3186.57,0,4235.5
31-Mar-2010,3185.82,3269.98,3154.16,3237.8,0,1515.26
01-Apr-2010,3233.89,3270.54,3173.11,3209.49,0,4616.84
02-Apr-2010,3211.8,3219.2,3156.86,3164.15,0,5213.55
05-Apr-2010,3156.29,3182.49,3148.66,3174.82,0,2259.0
06-Apr-2010,3173.24,3227.72,3139.53,3193.79,0,2107.89
07-Apr-2010,3197.85,3263.3,3176.68,3241.84,0,2204.26
08-Apr-2010,3233.05,3243.35,3218.23,3228.51,0,3006.45
09-Apr-2010,3241.12,3273.84,3219.85,3252.5,0,2921.58
12-Apr-2010,3248.59,3323.03,3220.15,3294.18,0,3183.15
13-Apr-2010,3300.0,3308.38,3291.19,3299.57,0,3839.72
14-Apr-2010,3305.37,3330.13,3298.08,3322.8,0,1968.06
15-Apr-2010,3317.62,3344.12,3296.48,3322.94,0,1945.53
16-Apr-2010,3313.51,3334.99,3226.45,3247.51,0,6266.95
19-Apr-2010,3238.55,3299.85,3213.91,3274.93,0,3818.24
20-Apr-2010,3279.54,3330.78,3250.49,3301.53,0,1989.84
21-Apr-2010,3305.8,3313.72,3280.94,3288.81,0,3555.47
22-Apr-2010,3274.1,3314.77,3249.0,3289.56,0,6584.45
23-Apr-2010,3281.35,3296.17,3247.33,3262.07,0,2686.56
26-Apr-2010,3258.75,3285.23,3187.98,3214.1,0,2814.06
27-Apr-2010,3218.83,3234.61,3216.41,3232.18,0,3157.32
28-Apr-2010,3231.29,3247.63,3188.59,3204.8,0,2545.17
29-Apr-2010,3201.85,3253.35,3185.9,3237.23,0,4030.21
30-Apr-2010,3241.2,3267.98,3209.53,3236.27,0,1891.43
03-May-2010,3242.06,3331.86,3226.02,3315.45,0,2700.94
04-May-2010,3319.53,3393.88,3280.93,3354.88,0,4790.6
05-May-2010,3360.45,3431.39,3349.17,3419.91,0,3183.73
06-May-2010,3416.04,3450.99,3374.57,3409.45,0,2696.27
07-May-2010,3420.14,3444.22,3352.92,3376.69,0,3107.79
10-May-2010,3379.87,3399.99,3349.05,3369.11,0,1808.0
11-May-2010,3384.86,3403.96,3316.52,3335.34,0,7216.18
12-May-2010,3335.71,3351.35,3319.3,3334.94,0,2615.11
13-May-2010,3333.39,3360.19,3325.7,3352.46,0,3403.18
14-May-2010,3347.79,3421.4,3315.02,3388.23,0,1066.74
17-May-2010,3391.12,3433.26,3372.07,3414.07,0,2809.31
18-May-2010,3415.61,3456.1,3386.81,3427.2,0,3114.14
19-May-2010,3432.03,3475.2,3403.28,3446.32,0,2687.14
20-May-2010,3450.12,3484.45,3420.79,3455.07,0,2408.27
21-May-2010,3447.61,3502.89,3423.24,3478.31,0,2431.45
24-May-2010,3478.23,3512.11,3406.02,3439.52,0,4189.7
25-May-2010,3434.16,3530.53,3410.53,3506.41,0,4666.49
26-May-2010,3513.64,3554.7,3481.84,3522.82,0,2232.87
27-May-2010,3521.65,3545.56,3479.34,3503.13,0,3320.3
28-May-2010,3507.76,3554.37,3486.54,3533.0,0,2574.1
31-May-2010,3529.56,3548.83,3520.69,3539.93,0,3576.9
01-Jun-2010,3544.68,3556.99,3459.19,3471.25,0,2228.45
02-Jun-2010,3475.52,3500.84,3375.52,3400.29,0,2315.19
03-Jun-2010,3391.44,3450.64,3377.77,3436.79,0,1823.09
04-Jun-2010,3442.66,3449.08,3407.13,3413.5,0,988.41
07-Jun-2010,3425.07,3462.69,3321.7,3358.58,0,1372.23
08-Jun-2010,3363.28,3384.1,3326.94,3347.65,0,3965.17
09-Jun-2010,3342.59,3395.92,3325.5,3378.64,0,2133.21
10-Jun-2010,3367.07,3408.33,3338.19,3379.35,0,2145.53
11-Jun-2010,3373.64,3427.18,3328.67,3382.1,0,1829.47
14-Jun-2010,3384.16,3445.95,3358.51,3420.03,0,1976.66
15-Jun-2010,3415.06,3433.43,3340.91,3358.98,0,3357.43
16-Jun-2010,3354.84,3398.78,3316.58,3360.46,0,3624.4
17-Jun-2010,3345.25,3380.95,3285.33,3320.77,0,3120.17
18-Jun-2010,3311.25,3391.99,3289.49,3369.84,0,2411.43
21-Jun-2010,3360.03,3380.57,3346.86,3367.36,0,1823.99
22-Jun-2010,3364.39,3373.02,3356.88,3365.51,0,4364.53
23-Jun-2010,3366.35,3395.8,3294.77,3323.84,0,2199.21
24-Jun-2010,3323.67,3327.97,3308.25,3312.54,0,4488.88
25-Jun-2010,3300.15,3323.1,3288.0,3310.91,0,2065.86
28-Jun-2010,3320.63,3358.82,3302.34,3340.42,0,1898.76
29-Jun-2010,3339.58,3417.82,3318.18,3396.06,0,2011.9
30-Jun-2010,3395.79,3450.45,3371.92,3426.37,0,4800.4
01-Jul-2010,3426.01,3450.43,3400.68,3425.09,0,2738.65
02-Jul-2010,3424.27,3441.53,3340.67,3357.59,0,2527.89
05-Jul-2010,3370.62,3404.34,3335.74,3369.46,0,2094.17
06-Jul-2010,3368.1,3464.53,3331.29,3427.08,0,4472.68
07-Jul-2010,3430.44,3457.17,3386.89,3413.48,0,3045.32
08-Jul-2010,3413.58,3426.39,3347.41,3360.02,0,1937.56
09-Jul-2010,3349.2,3368.48,3303.49,3322.62,0,4070.98
12-Jul-2010,3342.67,3359.36,3275.25,3291.69,0,2994.83
13-Jul-2010,3291.57,3357.04,3275.91,3341.14,0,3445.57
14-Jul-2010,3334.07,3353.62,3243.99,3263.12,0,3070.46
15-Jul-2010,3270.02,3295.35,3166.13,3190.84,0,6120.1
16-Jul-2010,3180.82,3209.39,3170.28,3198.79,0,2483.23
19-Jul-2010,3204.58,3242.98,3123.76,3161.64,0,2588.88
20-Jul-2010,3164.86,3192.75,3077.88,3105.25,0,3095.68
21-Jul-2010,3105.02,3114.19,3080.08,3089.2,0,2842.77
22-Jul-2010,3093.62,3135.25,3064.6,3106.12,0,3877.5
23-Jul-2010,3109.17,3153.43,3079.73,3123.85,0,4036.21
26-Jul-2010,3126.6,3133.91,3097.33,3104.59,0,2457.36
27-Jul-2010,3085.55,3096.42,3077.21,3088.07,0,4730.0
28-Jul-2010,3083.7,3115.36,3063.67,3095.26,0,5772.88
29-Jul-2010,3095.77,3098.18,3056.89,3059.27,0,2998.1
30-Jul-2010,3068.48,3090.92,2971.22,2993.11,0,2556.14
02-Aug-2010,2990.05,2999.54,2930.56,2939.89,0,5895.56
03-Aug-2010,2936.78,2989.39,2918.11,2970.51,0,4187.24
04-Aug-2010,2976.79,3004.79,2971.69,2999.65,0,5231.07
05-Aug-2010,3002.98,3069.25,2968.94,3034.85,0,3712.54
06-Aug-2010,3048.38,3077.68,3015.49,3044.75,0,2260.41
09-Aug-2010,3044.76,3094.03,3014.73,3063.82,0,6551.27
10-Aug-2010,3061.45,3085.28,3021.06,3044.77,0,2767.55
11-Aug-2010,3042.31,3043.09,3039.92,3040.7,0,3304.22
12-Aug-2010,3053.15,3076.32,3017.36,3040.43,0,2187.05
13-Aug-2010,3052.11,3064.43,3014.37,3026.59,0,3630.83
16-Aug-2010,3025.17,3079.5,2991.69,3045.79,0,4949.02
17-Aug-2010,3044.73,3051.66,2995.41,3002.23,0,2179.94
18-Aug-2010,3003.82,3026.18,2979.43,3001.77,0,2274.88
19-Aug-2010,3001.21,3061.92,2972.23,3032.63,0,2384.01
20-Aug-2010,3023.99,3126.62,3000.29,3102.31,0,5848.43
23-Aug-2010,3114.17,3134.71,3060.4,3080.72,0,2165.2
24-Aug-2010,3074.75,3150.4,3065.73,3141.18,0,1993.1
25-Aug-2010,3150.32,3159.03,3101.51,3110.11,0,1914.81
26-Aug-2010,3111.7,3133.88,3047.95,3069.83,0,2720.98
27-Aug-2010,3076.28,3076.42,3037.15,3037.29,0,2870.85
30-Aug-2010,3032.25,3043.14,3026.77,3037.65,0,5908.41
31-Aug-2010,3045.06,3075.86,3019.41,3050.17,0,1669.2
01-Sep-2010,3054.45,3076.54,3003.13,3025.01,0,2229.9
02-Sep-2010,3018.65,3065.96,3003.49,3050.64,0,4650.47
03-Sep-2010,3057.28,3082.52,3029.48,3054.7,0,4568.89
06-Sep-2010,3062.29,3071.82,3031.47,3040.93,0,2715.69
07-Sep-2010,3045.6,3093.8,3012.35,3060.39,0,1722.17
08-Sep-2010,3063.98,3075.28,3013.3,3024.45,0,4790.69
09-Sep-2010,3033.14,3052.01,3017.46,3036.32,0,2829.9
10-Sep-2010,3034.69,3105.99,3009.7,3080.63,0,3679.03
13-Sep-2010,3084.12,3114.92,2997.42,3027.66,0,2212.69
14-Sep-2010,3037.42,3077.34,3018.32,3058.11,0,2560.37
15-Sep-2010,3065.64,3090.64,2977.16,3001.64,0,2163.93
16-Sep-2010,2990.24,3012.1,2920.35,2941.86,0,4490.19
17-Sep-2010,2928.64,2957.64,2925.94,2954.91,0,3631.54
20-Sep-2010,2958.65,3037.98,2938.71,3017.63,0,1825.72
21-Sep-2010,3017.86,3043.36,2989.02,3014.5,0,1563.19
22-Sep-2010,3012.34,3033.54,2980.0,3001.12,0,6188.6
23-Sep-2010,3002.24,3005.63,2972.21,2975.56,0,3269.35
24-Sep-2010,2977.69,3049.56,2941.27,3012.71,0,2180.41
27-Sep-2010,3020.34,3028.73,2996.42,3004.77,0,4585.38
28-Sep-2010,3011.3,3031.0,2963.61,2983.14,0,3720.82
29-Sep-2010,2988.87,3013.99,2947.13,2972.1,0,2710.42
30-Sep-2010,2982.58,2994.72,2952.9,2964.96,0,2899.3
01-Oct-2010,2972.96,2990.92,2939.14,2957.01,0,1805.02
04-Oct-2010,2961.08,2997.1,2901.2,2936.93,0,4395.16
05-Oct-2010,2933.13,2959.73,2879.13,2905.48,0,5496.84
06-Oct-2010,2904.12,2930.96,2886.94,2913.72,0,4266.23
07-Oct-2010,2904.91,2960.95,2881.61,2937.4,0,2449.47
08-Oct-2010,2944.46,2970.91,2934.95,2961.35,0,5560.25
11-Oct-2010,2961.73,2987.17,2942.51,2967.91,0,5228.2
12-Oct-2010,2959.93,2992.27,2938.01,2970.28,0,5353.34
13-Oct-2010,2965.96,2979.68,2956.19,2969.89,0,3950.24
14-Oct-2010,2965.38,3015.94,2950.03,3000.41,0,3428.27
15-Oct-2010,3010.07,3033.53,2935.26,2958.32,0,1939.23
18-Oct-2010,2956.85,2985.11,2944.39,2972.57,0,6048.51
19-Oct-2010,2972.32,2987.81,2955.7,2971.18,0,2440.91
20-Oct-2010,2974.68,2991.36,2941.65,2958.24,0,2361.28
21-Oct-2010,2954.85,3004.08,2928.14,2977.17,0,3342.45
22-Oct-2010,2967.09,3006.91,2950.32,2990.02,0,3735.19
25-Oct-2010,2988.05,3061.2,2966.46,3039.24,0,4066.42
26-Oct-2010,3032.72,3062.01,3019.2,3048.43,0,2872.93
27-Oct-2010,3038.89,3111.11,3021.14,3093.04,0,3560.01
28-Oct-2010,3104.4,3142.46,3023.26,3060.78,0,1371.3
29-Oct-2010,3064.08,3110.78,3031.84,3078.39,0,2925.66
01-Nov-2010,3074.37,3104.99,3052.72,3083.27,0,4450.04
02-Nov-2010,3079.06,3096.19,3056.53,3073.63,0,3334.43
03-Nov-2010,3071.52,3097.7,3068.33,3094.49,0,887.55
04-Nov-2010,3088.22,3170.96,3069.88,3152.23,0,3111.17
05-Nov-2010,3136.13,3225.5,3116.57,3205.51,0,3512.07
08-Nov-2010,3205.65,3210.57,3164.66,3169.52,0,2030.38
09-Nov-2010,3171.94,3184.61,3161.17,3173.84,0,2584.77
10-Nov-2010,3176.8,3206.26,3138.45,3167.83,0,2811.41
11-Nov-2010,3169.84,3189.67,3127.53,3147.21,0,1562.14
12-Nov-2010,3137.7,3199.49,3129.1,3190.74,0,3970.68
15-Nov-2010,3190.18,3209.25,3151.15,3170.1,0,2728.54
16-Nov-2010,3175.63,3204.25,3096.33,3124.49,0,1911.69
17-Nov-2010,3131.05,3155.22,3103.41,3127.56,0,2875.71
18-Nov-2010,3131.15,3157.07,3078.24,3103.94,0,2634.98
19-Nov-2010,3110.6,3134.9,3089.75,3114.02,0,5600.8
22-Nov-2010,3106.46,3142.24,3041.8,3077.25,0,3546.4
23-Nov-2010,3075.81,3087.21,3037.89,3049.18,0,1290.53
24-Nov-2010,3039.79,3064.34,2990.4,3014.75,0,2964.25
25-Nov-2010,3016.3,3025.98,3001.66,3011.32,0,1845.88
26-Nov-2010,3023.74,3048.46,2993.61,3018.29,0,1882.67
29-Nov-2010,3011.47,3033.63,2944.73,2966.55,0,1983.77
30-Nov-2010,2967.12,3003.15,2945.73,2981.65,0,1706.13
01-Dec-2010,2976.25,3071.24,2957.44,3051.95,0,2183.4
02-Dec-2010,3047.53,3082.46,3033.02,3067.85,0,1925.44
03-Dec-2010,3071.55,3172.51,3031.85,3132.03,0,2212.61
06-Dec-2010,3125.87,3162.18,3106.29,3142.5,0,1169.93
07-Dec-2010,3145.57,3194.56,3126.85,3175.66,0,2337.14
08-Dec-2010,3160.68,3180.93,3131.37,3151.57,0,2855.04
09-Dec-2010,3155.35,3181.06,3077.23,3102.51,0,2729.23
10-Dec-2010,3115.97,3201.94,3086.14,3171.58,0,2261.47
13-Dec-2010,3172.88,3267.68,3168.15,3262.82,0,3044.05
14-Dec-2010,3278.0,3333.97,3251.95,3307.68,0,1952.73
15-Dec-2010,3313.51,3325.19,3288.93,3300.56,0,3805.57
16-Dec-2010,3299.68,3319.06,3261.61,3280.88,0,2290.32
17-Dec-2010,3284.59,3288.11,3213.39,3216.83,0,2088.11
20-Dec-2010,3220.86,3263.37,3195.53,3237.92,0,3973.02
21-Dec-2010,3243.13,3262.51,3209.73,3229.02,0,1212.1
22-Dec-2010,3243.02,3255.45,3174.32,3186.53,0,2074.22
23-Dec-2010,3195.2,3233.74,3169.39,3207.83,0,2193.59
24-Dec-2010,3204.4,3252.24,3176.51,3224.17,0,3134.73
27-Dec-2010,3225.44,3240.05,3196.82,3211.37,0,2459.6
28-Dec-2010,3212.28,3244.31,3204.1,3236.07,0,4630.09
29-Dec-2010,3239.87,3287.31,3211.94,3259.21,0,2147.79
30-Dec-2010,3271.95,3289.25,3214.56,3231.65,0,3570.93
31-Dec-2010,3236.92,3256.12,3190.2,3209.25,0,2892.76
03-Jan-2011,3212.04,3233.15,3185.5,3206.56,0,1443.37
04-Jan-2011,3207.36,3221.47,3194.07,3208.18,0,1602.03
05-Jan-2011,3215.22,3236.68,3193.93,3215.39,0,2160.47
06-Jan-2011,3208.91,3240.22,3152.97,3184.04,0,5093.05
07-Jan-2011,3174.49,3178.16,3142.57,3146.2,0,4317.3
10-Jan-2011,3147.44,3223.66,3124.53,3200.36,0,2497.11
11-Jan-2011,3197.69,3209.66,3139.68,3151.47,0,4970.42
12-Jan-2011,3162.79,3193.79,3120.75,3151.64,0,4933.57
13-Jan-2011,3165.14,3180.94,3138.21,3153.95,0,2607.23
14-Jan-2011,3142.68,3202.62,3105.75,3165.42,0,4486.13
17-Jan-2011,3174.84,3218.26,3140.68,3184.01,0,2613.04
18-Jan-2011,3193.51,3207.26,3108.51,3121.95,0,3339.51
19-Jan-2011,3122.49,3136.62,3076.99,3090.98,0,1744.28
20-Jan-2011,3082.5,3171.38,3074.32,3162.98,0,2608.18
21-Jan-2011,3167.24,3227.03,3144.68,3204.21,0,3100.73
24-Jan-2011,3206.1,3235.51,3201.76,3231.14,0,2554.99
25-Jan-2011,3223.41,3239.86,3136.02,3152.1,0,2636.77
26-Jan-2011,3153.83,3233.1,3122.39,3201.19,0,2372.75
27-Jan-2011,3204.25,3219.42,3191.28,3206.43,0,5519.67
28-Jan-2011,3215.21,3248.17,3146.64,3179.22,0,4032.22
31-Jan-2011,3170.77,3212.02,3141.72,3182.86,0,1518.4
01-Feb-2011,3180.48,3195.12,3171.7,3186.33,0,2229.33
02-Feb-2011,3196.13,3199.21,3164.89,3167.95,0,3439.81
03-Feb-2011,3163.06,3188.69,3148.06,3173.64,0,3330.7
04-Feb-2011,3173.14,3204.12,3150.76,3181.69,0,2605.86
07-Feb-2011,3190.49,3208.84,3170.09,3188.43,0,1566.46
08-Feb-2011,3198.73,3237.14,3143.16,3181.36,0,2325.67
09-Feb-2011,3178.3,3194.42,3129.67,3145.63,0,3300.82
10-Feb-2011,3146.38,3192.45,3121.01,3166.92,0,3948.52
11-Feb-2011,3159.26,3198.06,3137.33,3176.01,0,2990.74
14-Feb-2011,3176.12,3234.85,3155.78,3214.27,0,2651.45
15-Feb-2011,3210.93,3228.24,3202.97,3220.26,0,1123.84
16-Feb-2011,3216.43,3245.62,3146.39,3175.2,0,3300.06
17-Feb-2011,3182.49,3240.42,3167.42,3225.14,0,2551.17
18-Feb-2011,3222.55,3226.45,3169.35,3173.2,0,3052.41
21-Feb-2011,3172.84,3197.03,3156.4,3180.55,0,2149.36
22-Feb-2011,3170.46,3187.58,3142.32,3159.38,0,6816.22
23-Feb-2011,3162.97,3205.81,3135.68,3178.39,0,2716.0
24-Feb-2011,3173.06,3220.58,3158.03,3205.4,0,4189.4
25-Feb-2011,3197.55,3250.8,3188.13,3241.25,0,3988.67
28-Feb-2011,3244.91,3300.05,3220.96,3275.87,0,5204.89
01-Mar-2011,3276.25,3288.45,3255.72,3267.88,0,3429.38
02-Mar-2011,3265.76,3287.23,3245.77,3267.24,0,5381.29
03-Mar-2011,3265.78,3293.18,3233.84,3261.2,0,1930.56
04-Mar-2011,3254.04,3309.73,3242.39,3297.92,0,3881.23
07-Mar-2011,3298.11,3337.16,3235.98,3274.75,0,2503.98
08-Mar-2011,3282.11,3327.51,3198.32,3243.19,0,2041.48
09-Mar-2011,3246.79,3280.9,3229.11,3263.13,0,3724.48
10-Mar-2011,3247.26,3270.96,3217.64,3241.29,0,1924.61
11-Mar-2011,3236.83,3290.35,3207.45,3260.75,0,3350.05
14-Mar-2011,3262.44,3283.28,3165.29,3185.63,0,5043.07
15-Mar-2011,3186.13,3238.06,3158.7,3210.42,0,4449.31
16-Mar-2011,3207.91,3242.23,3155.17,3189.29,0,1590.25
17-Mar-2011,3182.95,3231.14,3177.35,3225.47,0,2056.29
18-Mar-2011,3215.01,3249.03,3197.85,3231.78,0,2880.0
21-Mar-2011,3231.61,3242.01,3197.72,3208.05,0,2932.36
22-Mar-2011,3218.5,3295.85,3178.23,3255.12,0,3038.7
23-Mar-2011,3250.6,3288.23,3229.15,3266.67,0,1675.28
24-Mar-2011,3271.52,3285.86,3244.37,3258.66,0,2935.59
25-Mar-2011,3260.35,3296.48,3227.77,3263.87,0,3674.76
28-Mar-2011,3261.15,3277.16,3193.0,3208.75,0,2856.26
29-Mar-2011,3207.41,3221.88,3186.78,3201.22,0,2077.85
30-Mar-2011,3207.94,3229.36,3122.84,3143.84,0,2296.77
31-Mar-2011,3139.7,3250.05,3109.43,3219.01,0,1426.78
01-Apr-2011,3220.03,3249.64,3118.56,3147.49,0,3881.79
04-Apr-2011,3138.53,3207.07,3118.69,3186.92,0,5352.45
05-Apr-2011,3179.62,3216.41,3151.82,3188.53,0,3312.73
06-Apr-2011,3170.83,3200.54,3123.05,3152.58,0,3358.0
07-Apr-2011,3148.04,3157.59,3123.79,3133.29,0,3270.95
08-Apr-2011,3134.87,3157.06,3092.39,3114.43,0,4271.12
11-Apr-2011,3113.6,3115.11,3046.94,3048.42,0,2501.41
12-Apr-2011,3054.34,3067.81,3030.62,3044.04,0,1293.12
13-Apr-2011,3036.69,3076.46,3002.18,3041.89,0,3893.4
14-Apr-2011,3040.09,3059.16,3038.86,3057.93,0,7091.2
15-Apr-2011,3058.78,3080.02,2991.44,3012.36,0,3258.02
18-Apr-2011,3005.7,3032.9,2945.34,2972.23,0,2583.46
19-Apr-2011,2976.04,2990.53,2933.86,2948.22,0,1986.69
20-Apr-2011,2952.3,2978.06,2922.74,2948.47,0,2231.71
21-Apr-2011,2952.27,2979.16,2902.25,2928.92,0,3549.5
22-Apr-2011,2928.89,2941.34,2901.33,2913.71,0,5013.6
25-Apr-2011,2925.2,2940.23,2896.62,2911.59,0,2904.86
26-Apr-2011,2923.17,2927.29,2858.85,2862.89,0,4539.71
27-Apr-2011,2871.27,2884.44,2835.89,2848.95,0,3187.1
28-Apr-2011,2845.82,2901.57,2835.12,2890.7,0,1391.48
29-Apr-2011,2887.5,2907.63,2855.73,2875.78,0,4121.29
02-May-2011,2871.18,2891.19,2868.72,2888.72,0,3653.68
03-May-2011,2883.05,2898.61,2870.58,2886.12,0,2413.61
04-May-2011,2890.98,2915.85,2838.35,2862.98,0,3214.46
05-May-2011,2854.62,2890.99,2841.94,2878.2,0,2413.66
06-May-2011,2876.48,2896.24,2820.98,2840.48,0,2995.7
09-May-2011,2833.48,2916.25,2816.69,2899.07,0,3331.03
10-May-2011,2903.01,2943.41,2857.3,2897.63,0,2180.38
11-May-2011,2898.83,2974.48,2884.71,2960.06,0,2818.04
12-May-2011,2955.0,2983.25,2902.23,2930.24,0,2516.07
13-May-2011,2926.2,2961.97,2915.86,2951.55,0,3739.72
16-May-2011,2958.97,3024.96,2928.64,2994.28,0,2271.33
17-May-2011,2999.37,3018.28,2962.34,2981.14,0,3531.43
18-May-2011,2988.31,3012.76,2947.4,2971.71,0,3586.18
19-May-2011,2974.02,3020.95,2961.92,3008.71,0,2891.02
20-May-2011,3012.92,3042.19,2960.56,2989.61,0,2361.98
23-May-2011,2997.33,3016.66,2972.67,2991.98,0,3462.07
24-May-2011,2999.99,3061.78,2981.38,3042.9,0,2467.39
25-May-2011,3037.89,3087.47,3006.51,3055.9,0,2710.59
26-May-2011,3044.81,3102.6,3021.88,3079.4,0,3208.57
27-May-2011,3088.74,3129.49,3074.73,3115.36,0,3228.78
30-May-2011,3108.56,3125.52,3078.77,3095.66,0,2535.22
31-May-2011,3091.09,3153.28,3068.54,3130.44,0,3265.48
01-Jun-2011,3133.46,3149.48,3108.68,3124.65,0,2004.67
02-Jun-2011,3124.02,3142.03,3099.52,3117.49,0,5187.14
03-Jun-2011,3108.78,3145.73,3084.84,3121.7,0,2429.34
06-Jun-2011,3121.13,3166.37,3094.83,3139.92,0,1827.47
07-Jun-2011,3139.05,3180.15,3114.28,3155.24,0,2593.19
08-Jun-2011,3144.12,3156.0,3118.24,3130.07,0,1567.99
09-Jun-2011,3119.39,3170.14,3090.03,3140.58,0,1928.99
10-Jun-2011,3146.82,3170.44,3125.43,3149.04,0,3712.46
13-Jun-2011,3155.31,3191.66,3111.17,3147.43,0,3296.75
14-Jun-2011,3149.99,3159.45,3125.98,3135.39,0,2617.29
15-Jun-2011,3125.71,3152.59,3064.53,3091.11,0,1606.79
16-Jun-2011,3100.66,3136.91,3086.63,3122.78,0,3959.18
17-Jun-2011,3121.54,3137.31,3091.94,3107.65,0,1744.16
20-Jun-2011,3102.33,3168.05,3088.7,3154.19,0,3161.53
21-Jun-2011,3157.63,3272.29,3143.77,3257.98,0,4127.99
22-Jun-2011,3246.91,3282.84,3221.85,3257.7,0,4387.6
23-Jun-2011,3263.78,3285.9,3227.59,3249.62,0,5259.45
24-Jun-2011,3257.24,3291.44,3173.89,3207.57,0,1759.88
27-Jun-2011,3213.43,3226.53,3135.14,3147.97,0,5217.52
28-Jun-2011,3143.45,3158.37,3100.56,3115.35,0,2676.78
29-Jun-2011,3112.93,3114.05,3060.46,3061.57,0,1372.88
30-Jun-2011,3057.61,3062.02,3017.03,3021.39,0,1714.47
01-Jul-2011,3024.93,3049.68,2983.95,3008.56,0,3259.34
04-Jul-2011,3017.36,3052.56,3008.36,3043.48,0,6228.08
05-Jul-2011,3051.75,3089.5,3028.49,3066.13,0,3565.26
06-Jul-2011,3060.24,3085.39,3047.77,3072.87,0,5289.78
07-Jul-2011,3072.29,3089.91,2997.38,3014.66,0,7842.46
08-Jul-2011,3011.05,3038.92,2983.97,3011.83,0,3016.65
11-Jul-2011,3016.86,3036.09,2976.24,2995.34,0,2995.61
12-Jul-2011,2997.4,3053.03,2976.97,3032.36,0,4704.55
13-Jul-2011,3043.01,3057.95,3024.72,3039.65,0,3425.87
14-Jul-2011,3036.72,3053.25,3013.2,3029.69,0,2358.9
15-Jul-2011,3029.11,3052.75,2980.08,3003.52,0,1490.09
18-Jul-2011,3008.65,3079.18,2957.41,3027.62,0,2003.6
19-Jul-2011,3022.35,3092.61,3001.96,3071.89,0,2233.44
20-Jul-2011,3069.31,3139.24,3047.43,3117.01,0,5874.46
21-Jul-2011,3120.47,3143.69,3047.48,3070.32,0,5943.28
22-Jul-2011,3069.52,3085.52,3030.88,3046.76,0,1530.17
25-Jul-2011,3051.91,3110.28,3030.46,3088.57,0,2219.31
26-Jul-2011,3076.46,3128.58,3064.86,3116.83,0,4378.06
27-Jul-2011,3119.88,3127.23,3109.48,3116.82,0,4249.66
28-Jul-2011,3113.74,3142.05,3095.51,3123.77,0,2345.15
29-Jul-2011,3124.62,3168.01,3099.51,3142.76,0,3343.32
01-Aug-2011,3144.74,3182.84,3133.55,3171.55,0,2369.44
02-Aug-2011,3164.24,3181.73,3152.63,3170.1,0,2919.08
03-Aug-2011,3170.79,3179.57,3142.21,3150.94,0,3051.09
04-Aug-2011,3137.09,3232.7,3099.57,3194.49,0,1022.26
05-Aug-2011,3194.11,3220.69,3133.24,3159.53,0,7260.24
08-Aug-2011,3161.38,3186.25,3127.85,3152.66,0,1832.68
09-Aug-2011,3155.71,3204.33,3133.38,3181.82,0,3082.13
10-Aug-2011,3180.59,3209.53,3142.36,3171.21,0,7894.84
11-Aug-2011,3165.77,3225.16,3153.02,3212.22,0,2049.71
12-Aug-2011,3217.19,3245.12,3142.64,3170.16,0,5198.63
15-Aug-2011,3173.82,3196.23,3130.86,3153.14,0,2807.86
16-Aug-2011,3161.07,3220.43,3140.15,3199.25,0,1965.97
17-Aug-2011,3191.51,3215.02,3171.35,3194.85,0,3698.83
18-Aug-2011,3198.09,3218.14,3185.16,3205.18,0,1928.96
19-Aug-2011,3208.7,3228.85,3176.93,3197.0,0,4661.9
22-Aug-2011,3189.77,3202.6,3165.38,3178.16,0,2652.06
23-Aug-2011,3175.63,3205.69,3152.09,3182.11,0,1871.95
24-Aug-2011,3182.68,3210.5,3137.93,3165.61,0,4198.77
25-Aug-2011,3165.99,3189.9,3113.95,3137.65,0,2006.35
26-Aug-2011,3145.58,3175.62,3076.5,3106.16,0,4854.98
29-Aug-2011,3104.64,3168.96,3078.58,3142.59,0,2286.0
30-Aug-2011,3130.46,3162.22,3079.88,3111.45,0,4477.38
31-Aug-2011,3115.72,3132.56,3073.78,3090.49,0,1367.09
01-Sep-2011,3088.58,3126.93,3062.43,3100.67,0,1539.36
02-Sep-2011,3091.96,3162.77,3054.5,3124.91,0,2990.57
05-Sep-2011,3121.58,3142.85,3088.19,3109.37,0,4772.76
06-Sep-2011,3113.82,3130.08,3085.1,3101.3,0,3056.79
07-Sep-2011,3104.93,3133.99,3060.31,3089.22,0,2016.39
08-Sep-2011,3085.04,3110.77,3014.97,3040.33,0,4561.24
09-Sep-2011,3057.64,3107.47,3025.33,3074.97,0,2624.0
12-Sep-2011,3075.88,3092.93,3059.05,3076.1,0,1272.31
13-Sep-2011,3075.12,3076.15,3052.71,3053.73,0,2753.84
14-Sep-2011,3059.6,3067.11,2992.45,2999.82,0,2779.5
15-Sep-2011,2993.08,3036.53,2974.67,3017.98,0,3970.02
16-Sep-2011,3024.59,3076.09,3016.17,3067.54,0,2148.76
19-Sep-2011,3067.79,3118.28,3036.55,3086.85,0,3937.12
20-Sep-2011,3089.76,3105.96,3069.69,3085.87,0,2672.98
21-Sep-2011,3079.23,3117.56,3057.0,3095.21,0,2583.47
22-Sep-2011,3096.21,3112.66,3089.78,3106.21,0,5282.9
23-Sep-2011,3106.24,3128.57,3060.71,3082.87,0,2813.7
26-Sep-2011,3084.83,3101.67,3065.01,3081.84,0,1632.77
27-Sep-2011,3094.78,3135.39,2988.3,3028.04,0,638.23
28-Sep-2011,3029.93,3061.25,2914.43,2944.88,0,3954.88
29-Sep-2011,2940.99,2962.37,2916.55,2937.91,0,2815.99
30-Sep-2011,2938.68,2960.48,2923.6,2945.36,0,2523.57
03-Oct-2011,2940.92,3015.4,2909.9,2983.92,0,4564.01
04-Oct-2011,2974.5,2989.37,2903.44,2918.02,0,2515.81
05-Oct-2011,2923.51,2946.95,2866.48,2889.65,0,2206.77
06-Oct-2011,2899.4,2917.58,2889.83,2907.98,0,2803.97
07-Oct-2011,2917.36,2933.18,2866.2,2881.83,0,3015.08
10-Oct-2011,2889.46,2926.5,2878.19,2915.14,0,2256.81
11-Oct-2011,2914.8,2945.85,2867.92,2898.8,0,3574.61
12-Oct-2011,2902.72,2940.47,2900.94,2938.66,0,1673.15
13-Oct-2011,2932.56,2937.7,2930.62,2935.75,0,2702.3
14-Oct-2011,2936.71,2973.76,2923.91,2960.85,0,1938.1
17-Oct-2011,2958.64,2972.91,2936.25,2950.48,0,1984.75
18-Oct-2011,2961.7,2977.77,2917.21,2933.12,0,3052.04
19-Oct-2011,2939.14,2972.81,2910.1,2943.71,0,2518.62
20-Oct-2011,2944.17,2962.68,2923.71,2942.21,0,5177.86
21-Oct-2011,2946.63,2971.58,2902.78,2927.56,0,5309.32
24-Oct-2011,2924.7,2951.69,2894.08,2921.03,0,2262.4
25-Oct-2011,2922.02,2940.23,2848.79,2866.66,0,2371.88
26-Oct-2011,2861.74,2893.74,2834.61,2866.55,0,1643.09
27-Oct-2011,2861.57,2907.81,2840.2,2886.25,0,1161.17
28-Oct-2011,2883.09,2939.29,2857.51,2913.44,0,2338.92
31-Oct-2011,2910.58,2954.32,2882.4,2925.98,0,6351.79
01-Nov-2011,2910.98,2922.48,2909.1,2920.59,0,3821.52
02-Nov-2011,2921.83,2942.22,2863.56,2883.68,0,1904.69
03-Nov-2011,2882.26,2888.44,2802.29,2808.31,0,2822.17
04-Nov-2011,2811.36,2859.28,2775.91,2823.68,0,1860.42
07-Nov-2011,2817.17,2865.98,2809.36,2858.06,0,2725.55
08-Nov-2011,2852.63,2884.66,2836.76,2868.69,0,3031.46
09-Nov-2011,2866.32,2886.23,2827.67,2847.45,0,3403.27
10-Nov-2011,2850.94,2868.09,2808.14,2825.13,0,1799.09
11-Nov-2011,2823.31,2871.95,2803.73,2852.17,0,2580.58
14-Nov-2011,2852.01,2913.65,2821.87,2883.17,0,3494.68
15-Nov-2011,2890.92,2934.5,2867.01,2910.43,0,2778.19
16-Nov-2011,2916.74,2942.22,2863.25,2888.48,0,1974.3
17-Nov-2011,2889.61,2894.48,2880.47,2885.32,0,4731.82
18-Nov-2011,2882.77,2893.33,2859.14,2869.65,0,3673.51
21-Nov-2011,2867.38,2903.87,2853.7,2890.09,0,3887.69
22-Nov-2011,2879.82,2900.73,2845.94,2866.75,0,2676.34
23-Nov-2011,2879.03,2920.14,2853.29,2894.27,0,3775.43
24-Nov-2011,2893.52,2914.33,2844.44,2865.04,0,4624.45
25-Nov-2011,2872.68,2897.99,2848.47,2873.77,0,4684.93
28-Nov-2011,2868.64,2902.2,2850.46,2883.92,0,5196.37
29-Nov-2011,2890.98,2915.24,2872.59,2896.82,0,2346.81
30-Nov-2011,2888.19,2940.1,2868.42,2920.1,0,2834.73
01-Dec-2011,2917.06,2931.55,2879.69,2894.06,0,3487.76
02-Dec-2011,2898.58,2948.48,2887.73,2937.48,0,2469.04
05-Dec-2011,2928.62,2951.85,2887.55,2910.64,0,4916.29
06-Dec-2011,2903.0,2911.21,2890.71,2898.91,0,2621.23
07-Dec-2011,2909.37,2930.59,2881.2,2902.36,0,4963.03
08-Dec-2011,2895.04,2972.24,2871.89,2948.67,0,2326.5
09-Dec-2011,2946.68,2966.68,2903.96,2923.81,0,4453.17
12-Dec-2011,2918.02,2971.93,2914.91,2968.77,0,2039.67
13-Dec-2011,2954.97,3027.49,2938.55,3010.76,0,1589.62
14-Dec-2011,3000.54,3052.53,2994.63,3046.53,0,1842.17
15-Dec-2011,3037.1,3050.1,3021.33,3034.33,0,6061.44
16-Dec-2011,3033.94,3102.74,3010.03,3078.49,0,3587.82
19-Dec-2011,3069.99,3099.31,3060.59,3089.84,0,3160.56
20-Dec-2011,3085.85,3136.43,3060.37,3110.75,0,1914.19
21-Dec-2011,3115.03,3141.52,3098.17,3124.61,0,2912.79
22-Dec-2011,3116.84,3145.32,3071.26,3099.58,0,3811.71
23-Dec-2011,3101.68,3126.11,3051.54,3075.77,0,4648.72
26-Dec-2011,3076.26,3118.02,3048.84,3090.47,0,4386.97
27-Dec-2011,3086.45,3113.82,3022.41,3049.45,0,6213.15
28-Dec-2011,3047.87,3062.57,3014.09,3028.7,0,1426.46
29-Dec-2011,3023.52,3029.66,3012.6,3018.73,0,2023.26
30-Dec-2011,3021.71,3034.58,2997.37,3010.2,0,3241.63
02-Jan-2012,3015.09,3072.54,2996.32,3053.53,0,4289.99
03-Jan-2012,3049.93,3136.77,3007.44,3093.67,0,2219.61
04-Jan-2012,3095.7,3129.15,3075.59,3108.94,0,3446.41
05-Jan-2012,3112.73,3155.49,3082.36,3125.01,0,2749.27
06-Jan-2012,3123.4,3148.98,3103.15,3128.7,0,3926.11
09-Jan-2012,3128.44,3153.31,3076.58,3101.22,0,1645.29
10-Jan-2012,3097.72,3118.24,3072.7,3093.2,0,3824.16
11-Jan-2012,3084.7,3092.42,3081.91,3089.62,0,5050.01
12-Jan-2012,3087.1,3094.05,3037.09,3043.94,0,3228.9
13-Jan-2012,3037.55,3060.78,3016.81,3040.02,0,1611.85
16-Jan-2012,3051.37,3089.2,3035.83,3073.54,0,6521.25
17-Jan-2012,3071.38,3101.08,3048.96,3078.61,0,3183.54
18-Jan-2012,3073.55,3116.36,3054.33,3096.99,0,2671.31
19-Jan-2012,3102.36,3111.24,3061.09,3069.89,0,2946.49
20-Jan-2012,3069.72,3118.79,3039.53,3088.42,0,2636.28
23-Jan-2012,3085.94,3119.22,3055.87,3089.12,0,1746.67
24-Jan-2012,3093.59,3124.42,3041.77,3072.39,0,2866.99
25-Jan-2012,3073.82,3106.49,3047.26,3079.87,0,3643.88
26-Jan-2012,3070.39,3101.27,3045.29,3076.13,0,6179.64
27-Jan-2012,3072.11,3080.78,3029.1,3037.68,0,4846.77
30-Jan-2012,3043.33,3088.36,3018.5,3063.36,0,3054.45
31-Jan-2012,3061.97,3142.86,3029.87,3110.25,0,2276.0
01-Feb-2012,3100.42,3185.91,3072.28,3157.26,0,1909.1
02-Feb-2012,3163.83,3191.42,3145.26,3172.8,0,2390.33
03-Feb-2012,3166.61,3184.94,3150.98,3169.3,0,2499.39
06-Feb-2012,3178.64,3242.99,3153.83,3217.86,0,1430.62
07-Feb-2012,3215.45,3305.31,3189.61,3278.96,0,1988.02
08-Feb-2012,3279.63,3292.84,3253.92,3267.08,0,2594.8
09-Feb-2012,3275.06,3287.38,3261.59,3273.9,0,3043.53
10-Feb-2012,3278.63,3310.68,3269.32,3301.31,0,2375.38
13-Feb-2012,3290.62,3374.19,3260.21,3343.3,0,3087.71
14-Feb-2012,3340.54,3429.32,3304.76,3392.97,0,3609.72
15-Feb-2012,3398.84,3433.54,3373.56,3408.19,0,2615.06
16-Feb-2012,3400.85,3424.18,3361.42,3384.63,0,1661.98
17-Feb-2012,3383.88,3416.52,3328.39,3360.81,0,2955.51
20-Feb-2012,3362.69,3381.07,3343.07,3361.45,0,2114.89
21-Feb-2012,3366.86,3405.04,3342.88,3380.96,0,3763.84
22-Feb-2012,3379.03,3415.82,3279.75,3315.85,0,2012.02
23-Feb-2012,3320.06,3352.88,3290.14,3322.94,0,4262.09
24-Feb-2012,3330.78,3355.9,3315.21,3340.29,0,2649.4
27-Feb-2012,3351.53,3382.99,3293.09,3324.29,0,1822.61
28-Feb-2012,3318.7,3347.99,3300.86,3330.1,0,2534.07
29-Feb-2012,3329.02,3346.57,3278.65,3296.02,0,3408.13
01-Mar-2012,3290.5,3299.19,3264.66,3273.31,0,4528.86
02-Mar-2012,3272.9,3337.47,3253.37,3317.67,0,1966.26
05-Mar-2012,3326.18,3350.67,3272.1,3296.37,0,4018.07
06-Mar-2012,3307.41,3335.31,3290.23,3318.06,0,2524.97
07-Mar-2012,3314.28,3389.41,3290.75,3365.51,0,2618.77
08-Mar-2012,3354.73,3421.89,3304.82,3371.73,0,3520.91
09-Mar-2012,3365.99,3396.83,3334.22,3365.05,0,2498.99
12-Mar-2012,3358.01,3389.06,3345.6,3376.58,0,4487.36
13-Mar-2012,3386.76,3467.78,3345.6,3426.14,0,768.88
14-Mar-2012,3426.14,3466.8,3398.82,3439.37,0,2295.01
15-Mar-2012,3438.19,3473.06,3323.46,3357.5,0,3482.28
16-Mar-2012,3358.11,3393.82,3296.17,3331.6,0,2023.62
19-Mar-2012,3330.29,3355.45,3330.08,3355.24,0,1540.87
20-Mar-2012,3352.79,3368.85,3307.52,3323.43,0,1996.5
21-Mar-2012,3328.28,3346.48,3251.99,3269.88,0,4739.85
22-Mar-2012,3276.11,3310.34,3268.5,3302.66,0,2093.85
23-Mar-2012,3297.86,3322.55,3252.61,3277.14,0,4555.94
26-Mar-2012,3297.65,3305.52,3260.13,3267.93,0,4920.83
27-Mar-2012,3269.46,3274.59,3244.09,3249.19,0,2319.61
28-Mar-2012,3248.85,3288.09,3215.44,3254.62,0,2481.34
29-Mar-2012,3255.16,3284.74,3235.13,3264.66,0,3867.46
30-Mar-2012,3258.26,3273.21,3201.5,3216.26,0,7835.12
02-Apr-2012,3220.94,3236.94,3195.76,3211.72,0,3528.93
03-Apr-2012,3222.65,3223.17,3178.29,3178.81,0,6590.51
04-Apr-2012,3176.94,3269.4,3160.41,3252.47,0,5160.6
05-Apr-2012,3249.77,3316.19,3236.48,3302.68,0,2615.28
06-Apr-2012,3303.23,3343.31,3286.91,3326.88,0,2499.75
09-Apr-2012,3327.24,3329.98,3253.76,3256.44,0,3415.85
10-Apr-2012,3254.35,3300.58,3235.78,3281.85,0,2249.52
11-Apr-2012,3284.51,3316.21,3276.47,3308.12,0,2321.87
12-Apr-2012,3295.37,3334.31,3250.5,3289.37,0,4024.86
13-Apr-2012,3283.93,3288.73,3265.65,3270.44,0,5364.43
16-Apr-2012,3273.87,3311.31,3246.73,3284.08,0,2122.45
17-Apr-2012,3288.93,3325.78,3274.79,3311.54,0,4916.98
18-Apr-2012,3308.87,3327.08,3301.91,3320.1,0,1979.55
19-Apr-2012,3315.94,3361.84,3305.02,3350.8,0,9015.43
20-Apr-2012,3340.07,3435.08,3307.66,3402.08,0,2817.4
23-Apr-2012,3399.05,3464.42,3372.46,3437.53,0,2817.89
24-Apr-2012,3438.56,3442.58,3417.93,3421.93,0,8336.05
25-Apr-2012,3414.03,3452.69,3400.9,3439.47,0,2682.82
26-Apr-2012,3451.73,3467.4,3438.44,3454.1,0,3319.39
27-Apr-2012,3457.86,3470.58,3419.76,3432.38,0,1266.71
30-Apr-2012,3426.72,3454.87,3413.38,3441.47,0,1690.11
01-May-2012,3440.12,3497.52,3367.08,3424.21,0,2929.98
02-May-2012,3421.46,3462.85,3383.37,3424.71,0,2318.67
03-May-2012,3430.41,3467.83,3406.64,3443.96,0,3236.9
04-May-2012,3447.42,3457.29,3394.86,3404.61,0,2473.39
07-May-2012,3414.47,3439.16,3363.33,3387.83,0,2099.4
08-May-2012,3391.45,3482.8,3347.17,3437.91,0,3365.49
09-May-2012,3435.41,3520.96,3416.67,3501.86,0,4374.15
10-May-2012,3492.93,3538.93,3464.1,3509.96,0,5836.73
11-May-2012,3504.27,3593.94,3485.26,3574.55,0,3461.14
14-May-2012,3575.05,3601.59,3539.09,3565.57,0,4299.98
15-May-2012,3571.18,3632.91,3549.8,3611.3,0,3827.36
16-May-2012,3616.67,3651.46,3541.56,3575.95,0,2627.81
17-May-2012,3573.27,3622.95,3545.83,3595.34,0,2237.53
18-May-2012,3588.36,3606.45,3569.21,3587.3,0,3483.58
21-May-2012,3584.71,3611.71,3535.06,3561.89,0,1818.82
22-May-2012,3571.15,3607.41,3525.4,3561.56,0,1901.06
23-May-2012,3555.18,3626.43,3527.18,3598.09,0,3786.41
24-May-2012,3602.62,3636.81,3573.71,3607.85,0,1780.66
25-May-2012,3618.23,3637.89,3575.35,3594.88,0,3740.44
28-May-2012,3575.03,3614.19,3564.04,3603.1,0,3371.17
29-May-2012,3606.49,3626.37,3594.09,3613.95,0,2121.13
30-May-2012,3621.85,3650.97,3592.92,3622.04,0,3378.38
31-May-2012,3640.39,3665.04,3572.5,3596.86,0,2124.97
01-Jun-2012,3600.32,3617.99,3562.06,3579.62,0,2725.94
04-Jun-2012,3578.86,3595.66,3574.2,3590.99,0,2187.37
05-Jun-2012,3602.25,3638.21,3577.85,3613.73,0,1716.63
06-Jun-2012,3614.14,3636.8,3591.46,3614.13,0,2874.44
07-Jun-2012,3613.77,3677.71,3562.67,3626.44,0,4406.17
08-Jun-2012,3634.21,3719.67,3599.48,3684.46,0,2799.27
11-Jun-2012,3683.17,3717.8,3665.31,3699.86,0,5098.71
12-Jun-2012,3712.47,3744.25,3659.02,3690.62,0,2015.5
13-Jun-2012,3707.69,3735.81,3631.63,3659.39,0,3548.27
14-Jun-2012,3657.4,3759.12,3598.56,3699.6,0,1764.33
15-Jun-2012,3700.88,3752.79,3657.97,3709.78,0,2935.62
18-Jun-2012,3717.17,3760.56,3680.56,3723.88,0,2982.47
19-Jun-2012,3717.48,3744.49,3668.19,3695.03,0,3921.29
20-Jun-2012,3700.78,3741.05,3686.92,3727.09,0,1422.12
21-Jun-2012,3725.3,3770.16,3702.55,3747.27,0,2590.35
22-Jun-2012,3748.78,3795.52,3665.76,3712.05,0,2942.22
25-Jun-2012,3715.99,3748.43,3651.22,3683.37,0,5461.15
26-Jun-2012,3680.62,3705.45,3609.22,3633.73,0,2726.94
27-Jun-2012,3624.49,3651.02,3621.29,3647.81,0,2976.13
28-Jun-2012,3651.66,3692.43,3617.69,3658.4,0,1887.73
29-Jun-2012,3662.76,3691.07,3633.34,3661.64,0,2787.45
02-Jul-2012,3656.66,3703.55,3635.46,3682.2,0,2579.77
03-Jul-2012,3680.28,3742.77,3675.29,3737.7,0,1973.23
04-Jul-2012,3741.05,3780.35,3736.21,3775.46,0,1408.83
05-Jul-2012,3784.12,3785.55,3771.81,3773.24,0,3105.66
06-Jul-2012,3778.9,3795.13,3721.81,3737.86,0,5656.61
09-Jul-2012,3730.02,3752.0,3652.2,3673.85,0,3225.63
10-Jul-2012,3672.29,3701.28,3633.49,3662.4,0,2847.59
11-Jul-2012,3661.27,3681.37,3641.42,3661.51,0,4232.99
12-Jul-2012,3663.12,3676.42,3625.74,3638.95,0,2200.7
13-Jul-2012,3646.2,3673.69,3599.52,3626.87,0,2150.95
16-Jul-2012,3611.64,3639.18,3517.3,3544.32,0,3865.42
17-Jul-2012,3542.12,3572.51,3497.36,3527.63,0,2243.38
18-Jul-2012,3533.75,3607.76,3515.29,3589.0,0,3005.26
19-Jul-2012,3595.66,3630.12,3563.2,3597.63,0,4349.24
20-Jul-2012,3596.53,3614.81,3572.92,3591.17,0,3637.67
23-Jul-2012,3599.39,3642.14,3585.1,3627.74,0,1292.65
24-Jul-2012,3641.81,3659.82,3581.98,3599.78,0,2061.45
25-Jul-2012,3594.28,3643.17,3572.29,3621.01,0,2336.09
26-Jul-2012,3632.96,3664.64,3565.25,3596.61,0,2463.79
27-Jul-2012,3585.56,3620.04,3536.48,3570.82,0,2471.87
30-Jul-2012,3574.8,3612.56,3556.52,3594.18,0,3029.86
31-Jul-2012,3598.63,3599.2,3580.93,3581.5,0,2203.08
01-Aug-2012,3580.02,3609.48,3499.56,3528.6,0,2873.1
02-Aug-2012,3532.46,3645.82,3516.14,3629.05,0,3994.92
03-Aug-2012,3638.05,3681.61,3576.15,3619.48,0,2218.35
06-Aug-2012,3621.99,3627.88,3574.08,3579.9,0,2730.3
07-Aug-2012,3570.05,3642.04,3542.99,3614.65,0,2152.01
08-Aug-2012,3624.64,3643.81,3553.97,3572.87,0,5189.4
09-Aug-2012,3568.8,3588.61,3527.78,3547.47,0,2374.98
10-Aug-2012,3538.15,3625.65,3503.89,3590.89,0,2989.36
13-Aug-2012,3586.36,3702.09,3560.83,3675.93,0,2019.18
14-Aug-2012,3678.53,3696.53,3669.11,3687.09,0,3068.02
15-Aug-2012,3691.08,3711.46,3616.93,3637.01,0,3140.92
16-Aug-2012,3631.7,3678.77,3612.15,3659.07,0,3910.21
17-Aug-2012,3660.76,3672.42,3632.68,3644.3,0,6152.6
20-Aug-2012,3658.38,3690.98,3610.37,3642.82,0,3089.93
21-Aug-2012,3631.32,3655.79,3575.98,3600.23,0,2284.79
22-Aug-2012,3601.45,3644.79,3524.68,3567.61,0,1906.25
23-Aug-2012,3569.39,3646.42,3548.28,3624.98,0,4993.43
24-Aug-2012,3632.23,3661.19,3567.8,3596.47,0,4205.73
27-Aug-2012,3585.52,3647.83,3573.76,3635.91,0,3869.95
28-Aug-2012,3637.59,3658.71,3592.23,3613.21,0,2345.07
29-Aug-2012,3615.35,3730.79,3589.63,3704.44,0,3066.16
30-Aug-2012,3696.86,3736.17,3689.63,3728.87,0,4461.03
31-Aug-2012,3729.37,3760.92,3686.69,3718.14,0,3827.9
03-Sep-2012,3711.68,3764.84,3701.14,3754.18,0,1671.3
04-Sep-2012,3746.0,3748.65,3726.75,3729.39,0,3316.74
05-Sep-2012,3728.19,3740.25,3688.09,3700.05,0,3575.88
06-Sep-2012,3711.52,3738.55,3693.73,3720.72,0,2814.36
07-Sep-2012,3717.22,3743.09,3665.05,3690.73,0,1889.64
10-Sep-2012,3687.0,3768.26,3657.4,3738.25,0,4433.42
11-Sep-2012,3742.36,3768.18,3625.42,3650.62,0,3128.8
12-Sep-2012,3648.96,3671.86,3594.06,3616.76,0,3645.19
13-Sep-2012,3610.38,3628.85,3566.58,3584.92,0,3363.98
14-Sep-2012,3574.32,3630.25,3559.98,3615.75,0,1566.56
17-Sep-2012,3609.94,3638.34,3583.66,3612.04,0,3671.81
18-Sep-2012,3617.17,3642.8,3544.07,3569.36,0,1860.44
19-Sep-2012,3568.96,3589.91,3526.61,3547.43,0,1699.61
20-Sep-2012,3545.0,3565.83,3525.59,3546.4,0,2787.06
21-Sep-2012,3557.74,3580.67,3502.12,3524.83,0,3454.69
24-Sep-2012,3537.89,3573.84,3517.36,3553.22,0,3999.29
25-Sep-2012,3548.41,3603.24,3523.88,3578.5,0,3804.75
26-Sep-2012,3567.02,3568.12,3531.97,3533.05,0,2228.92
27-Sep-2012,3534.21,3545.6,3510.69,3522.04,0,7640.4
28-Sep-2012,3521.74,3557.73,3506.29,3542.19,0,2565.2
01-Oct-2012,3544.36,3577.32,3505.25,3538.15,0,5108.88
02-Oct-2012,3543.17,3605.54,3516.2,3578.3,0,3683.36
03-Oct-2012,3573.92,3606.19,3542.82,3575.08,0,4490.31
04-Oct-2012,3569.72,3593.96,3492.69,3516.56,0,1675.8
05-Oct-2012,3512.28,3531.3,3457.14,3475.96,0,2986.82
08-Oct-2012,3477.94,3523.41,3410.09,3455.27,0,2955.48
09-Oct-2012,3464.64,3495.9,3441.58,3472.79,0,5484.75
10-Oct-2012,3481.29,3494.67,3435.3,3448.55,0,3519.06
11-Oct-2012,3446.97,3484.74,3429.0,3466.67,0,4182.08
12-Oct-2012,3462.95,3485.27,3360.59,3382.39,0,2366.04
15-Oct-2012,3382.34,3406.01,3367.66,3391.3,0,1166.34
16-Oct-2012,3397.13,3407.63,3395.24,3405.73,0,2302.89
17-Oct-2012,3411.57,3494.91,3383.66,3466.55,0,3572.5
18-Oct-2012,3462.78,3471.45,3445.4,3454.04,0,5342.43
19-Oct-2012,3462.29,3492.09,3408.77,3438.36,0,2148.33
22-Oct-2012,3443.04,3482.81,3407.42,3447.14,0,2667.31
23-Oct-2012,3454.62,3488.2,3371.65,3404.74,0,2949.14
24-Oct-2012,3405.88,3417.79,3395.79,3407.69,0,4426.19
25-Oct-2012,3405.62,3430.85,3368.55,3393.69,0,5113.93
26-Oct-2012,3377.2,3394.42,3373.17,3390.37,0,3567.94
29-Oct-2012,3394.44,3395.25,3369.87,3370.68,0,2381.39
30-Oct-2012,3373.92,3432.0,3341.94,3399.77,0,3845.42
31-Oct-2012,3393.47,3451.45,3347.55,3405.37,0,2416.63
01-Nov-2012,3406.37,3435.99,3397.35,3426.92,0,3084.11
02-Nov-2012,3425.38,3490.57,3396.12,3461.0,0,1353.63
05-Nov-2012,3458.4,3487.87,3449.58,3479.0,0,3306.4
06-Nov-2012,3481.72,3533.04,3467.5,3518.67,0,3020.12
07-Nov-2012,3512.29,3540.57,3501.8,3530.03,0,6153.16
08-Nov-2012,3532.96,3543.91,3482.45,3493.28,0,4086.19
09-Nov-2012,3504.11,3522.65,3442.3,3460.61,0,2604.82
12-Nov-2012,3471.38,3521.51,3418.2,3468.29,0,3282.88
13-Nov-2012,3475.9,3494.09,3452.7,3470.87,0,2984.07
14-Nov-2012,3465.48,3497.37,3404.39,3436.01,0,5153.31
15-Nov-2012,3437.02,3546.21,3414.01,3522.63,0,2736.77
16-Nov-2012,3527.43,3555.67,3496.53,3524.75,0,4310.43
19-Nov-2012,3512.41,3577.85,3493.05,3558.25,0,5738.19
20-Nov-2012,3575.18,3609.02,3484.82,3518.11,0,4630.38
21-Nov-2012,3511.54,3535.85,3491.83,3516.11,0,2137.82
22-Nov-2012,3510.36,3556.8,3492.27,3538.57,0,5425.65
23-Nov-2012,3531.4,3574.42,3517.94,3560.85,0,2703.46
26-Nov-2012,3572.27,3597.56,3514.3,3539.36,0,4738.55
27-Nov-2012,3541.29,3566.25,3489.77,3514.53,0,2267.52
28-Nov-2012,3512.73,3514.4,3497.9,3499.57,0,7433.48
29-Nov-2012,3496.26,3567.15,3472.56,3543.12,0,3573.29
30-Nov-2012,3542.24,3589.79,3541.08,3588.62,0,1829.79
03-Dec-2012,3586.46,3613.16,3547.52,3574.12,0,2933.78
04-Dec-2012,3563.31,3582.65,3517.57,3536.76,0,4859.58
05-Dec-2012,3544.34,3614.03,3523.7,3593.1,0,2992.91
06-Dec-2012,3588.61,3622.43,3580.15,3613.91,0,3505.5
07-Dec-2012,3612.96,3637.15,3589.15,3613.33,0,2400.52
10-Dec-2012,3607.39,3613.64,3576.32,3582.53,0,2655.26
11-Dec-2012,3584.49,3599.85,3553.9,3569.2,0,4733.41
12-Dec-2012,3585.68,3604.65,3534.91,3553.71,0,1950.46
13-Dec-2012,3554.96,3584.58,3505.31,3534.77,0,2307.33
14-Dec-2012,3524.35,3576.47,3510.2,3562.17,0,2094.26
17-Dec-2012,3564.37,3584.53,3550.58,3570.71,0,5825.78
18-Dec-2012,3578.11,3591.02,3502.19,3514.87,0,2600.06
19-Dec-2012,3509.6,3515.51,3483.31,3489.19,0,2154.28
20-Dec-2012,3492.75,3535.99,3466.01,3509.13,0,3569.38
21-Dec-2012,3506.17,3563.78,3488.12,3545.53,0,3636.63
24-Dec-2012,3550.64,3566.71,3460.05,3475.78,0,3704.38
25-Dec-2012,3468.9,3495.29,3450.83,3477.18,0,3738.03
26-Dec-2012,3471.43,3481.44,3433.44,3443.37,0,5923.92
27-Dec-2012,3445.83,3487.75,3427.4,3469.2,0,2855.78
28-Dec-2012,3466.36,3470.65,3456.92,3461.2,0,2856.68
31-Dec-2012,3473.57,3508.57,3429.81,3464.72,0,2896.75
01-Jan-2013,3465.76,3485.93,3430.02,3450.1,0,3595.81
02-Jan-2013,3471.27,3490.42,3415.2,3434.14,0,3298.16
03-Jan-2013,3436.51,3462.45,3405.53,3431.43,0,1652.91
04-Jan-2013,3447.62,3510.65,3437.35,3500.22,0,2048.7
07-Jan-2013,3498.68,3500.64,3476.64,3478.59,0,7200.75
08-Jan-2013,3482.8,3599.65,3457.18,3573.36,0,2876.65
09-Jan-2013,3575.78,3586.47,3490.11,3500.57,0,2175.61
10-Jan-2013,3500.69,3514.88,3481.06,3495.24,0,5514.65
11-Jan-2013,3500.84,3551.97,3466.85,3517.82,0,3250.02
14-Jan-2013,3518.07,3556.83,3490.35,3529.02,0,2884.32
15-Jan-2013,3530.88,3553.83,3470.34,3493.05,0,2963.08
16-Jan-2013,3498.55,3558.26,3479.66,3539.15,0,3494.95
17-Jan-2013,3538.09,3587.36,3507.84,3556.96,0,2248.12
18-Jan-2013,3553.44,3565.8,3545.19,3557.54,0,1265.67
21-Jan-2013,3554.47,3565.16,3522.89,3533.52,0,2556.16
22-Jan-2013,3532.03,3564.16,3451.4,3483.08,0,3000.36
23-Jan-2013,3468.69,3502.95,3453.97,3488.15,0,3842.39
24-Jan-2013,3494.69,3526.78,3425.0,3456.74,0,3152.54
25-Jan-2013,3463.07,3464.68,3431.74,3433.34,0,2431.3
28-Jan-2013,3424.95,3501.72,3403.98,3480.41,0,2570.18
29-Jan-2013,3479.3,3515.77,3445.42,3481.86,0,3577.27
30-Jan-2013,3473.39,3549.95,3445.73,3521.9,0,3525.19
31-Jan-2013,3513.23,3575.27,3491.16,3552.95,0,2176.68
01-Feb-2013,3564.64,3586.59,3491.26,3512.89,0,4469.24
04-Feb-2013,3522.86,3544.54,3487.76,3509.35,0,2444.05
05-Feb-2013,3503.78,3525.12,3439.99,3461.06,0,2159.94
06-Feb-2013,3457.08,3500.02,3435.54,3478.34,0,3141.85
07-Feb-2013,3473.23,3553.34,3472.93,3553.03,0,2029.36
08-Feb-2013,3545.04,3567.11,3521.52,3543.57,0,1450.98
11-Feb-2013,3550.2,3566.89,3541.65,3558.32,0,2930.84
12-Feb-2013,3551.72,3601.93,3540.88,3590.97,0,2634.21
13-Feb-2013,3600.31,3629.59,3556.43,3585.6,0,2035.54
14-Feb-2013,3593.88,3614.41,3560.24,3580.7,0,1885.99
15-Feb-2013,3573.4,3682.55,3543.94,3652.44,0,4491.24
18-Feb-2013,3650.84,3662.12,3603.17,3614.34,0,3305.85
19-Feb-2013,3613.41,3667.94,3588.8,3643.13,0,3184.15
20-Feb-2013,3648.62,3662.51,3586.48,3600.19,0,5727.35
21-Feb-2013,3606.52,3639.18,3559.06,3591.58,0,2530.01
22-Feb-2013,3601.35,3614.17,3563.37,3576.1,0,1978.48
25-Feb-2013,3574.38,3609.82,3552.89,3588.25,0,4425.38
26-Feb-2013,3588.0,3621.72,3555.35,3589.06,0,2779.54
27-Feb-2013,3581.7,3614.04,3559.22,3591.5,0,2235.48
28-Feb-2013,3585.32,3618.03,3568.8,3601.43,0,2495.57
01-Mar-2013,3600.95,3637.98,3567.67,3604.67,0,2756.43
04-Mar-2013,3608.65,3629.88,3538.74,3559.69,0,2708.63
05-Mar-2013,3560.24,3586.79,3524.59,3551.08,0,3046.37
06-Mar-2013,3551.38,3576.68,3464.91,3489.77,0,4113.75
07-Mar-2013,3488.1,3514.25,3458.17,3484.28,0,1969.36
08-Mar-2013,3476.52,3508.43,3409.37,3440.94,0,3615.98
11-Mar-2013,3439.04,3454.12,3368.62,3383.45,0,2722.15
12-Mar-2013,3388.72,3421.51,3332.98,3365.55,0,1888.65
13-Mar-2013,3380.72,3401.66,3358.52,3379.46,0,3907.92
14-Mar-2013,3367.44,3435.24,3327.32,3394.79,0,2279.07
15-Mar-2013,3396.61,3422.65,3383.61,3409.61,0,4314.01
18-Mar-2013,3404.68,3413.92,3360.38,3369.52,0,4687.28
19-Mar-2013,3366.47,3426.04,3351.61,3410.99,0,4078.58
20-Mar-2013,3403.03,3445.63,3392.13,3434.63,0,3973.04
21-Mar-2013,3437.49,3442.82,3419.69,3425.0,0,3016.37
22-Mar-2013,3419.83,3493.25,3403.17,3476.31,0,2158.59
25-Mar-2013,3480.22,3520.36,3449.56,3489.62,0,2831.79
26-Mar-2013,3497.61,3520.67,3466.99,3489.99,0,2588.23
27-Mar-2013,3511.28,3553.53,3506.31,3548.51,0,1961.68
28-Mar-2013,3544.09,3661.94,3531.68,3649.16,0,3583.93
29-Mar-2013,3650.32,3669.64,3635.81,3655.11,0,1329.04
01-Apr-2013,3640.67,3699.29,3619.2,3677.61,0,4295.89
02-Apr-2013,3679.55,3705.95,3601.71,3627.74,0,1450.12
03-Apr-2013,3626.36,3655.07,3613.12,3641.77,0,3538.38
04-Apr-2013,3645.69,3685.61,3540.71,3579.91,0,2210.88
05-Apr-2013,3589.0,3614.45,3493.3,3518.24,0,2258.23
08-Apr-2013,3510.88,3555.97,3490.98,3535.93,0,5589.34
09-Apr-2013,3532.3,3549.26,3490.65,3507.49,0,1743.94
10-Apr-2013,3507.63,3531.59,3506.89,3530.85,0,5820.69
11-Apr-2013,3531.92,3563.97,3513.39,3545.37,0,5616.08
12-Apr-2013,3543.5,3581.1,3522.36,3559.86,0,2882.65
15-Apr-2013,3563.2,3620.07,3527.32,3583.98,0,2637.4
16-Apr-2013,3593.39,3625.24,3536.26,3567.88,0,1555.42
17-Apr-2013,3563.7,3592.92,3441.54,3470.0,0,2204.81
18-Apr-2013,3461.35,3485.01,3440.12,3463.76,0,1459.98
19-Apr-2013,3458.38,3526.83,3441.48,3509.68,0,2168.27
22-Apr-2013,3519.72,3548.62,3471.6,3500.35,0,3718.74
23-Apr-2013,3496.14,3547.71,3465.18,3516.58,0,5305.74
24-Apr-2013,3521.48,3533.29,3485.47,3497.2,0,1693.92
25-Apr-2013,3490.23,3496.24,3471.18,3477.16,0,1930.44
26-Apr-2013,3484.37,3522.29,3448.39,3486.29,0,2481.25
29-Apr-2013,3485.59,3503.1,3449.4,3466.81,0,1951.74
30-Apr-2013,3467.24,3532.64,3465.68,3531.05,0,3103.28
01-May-2013,3541.72,3558.03,3526.35,3542.66,0,1746.87
02-May-2013,3556.76,3575.25,3468.56,3486.68,0,5432.32
03-May-2013,3485.05,3504.64,3477.99,3497.56,0,1995.11
06-May-2013,3502.5,3503.13,3479.57,3480.19,0,3555.75
07-May-2013,3482.37,3535.02,3472.28,3524.81,0,3339.88
08-May-2013,3517.71,3531.07,3508.76,3522.11,0,2557.82
09-May-2013,3527.56,3540.39,3507.04,3519.85,0,2130.09
10-May-2013,3525.77,3583.57,3509.26,3566.87,0,1919.47
13-May-2013,3577.14,3612.78,3490.15,3525.28,0,2800.79
14-May-2013,3522.93,3553.94,3485.6,3516.56,0,4505.69
15-May-2013,3521.22,3579.61,3486.77,3544.94,0,3374.04
16-May-2013,3536.93,3588.56,3528.75,3580.28,0,2055.39
17-May-2013,3582.11,3595.33,3542.08,3555.2,0,2720.93
20-May-2013,3554.86,3571.25,3545.85,3562.22,0,2375.88
21-May-2013,3557.41,3599.02,3533.7,3575.18,0,8936.99
22-May-2013,3575.07,3592.24,3544.11,3561.21,0,4066.32
23-May-2013,3557.83,3585.64,3542.5,3570.26,0,2516.43
24-May-2013,3573.4,3608.02,3561.72,3596.26,0,3679.13
27-May-2013,3587.51,3655.31,3578.51,3646.16,0,2500.22
28-May-2013,3637.32,3679.98,3569.96,3612.32,0,2732.78
29-May-2013,3597.4,3627.43,3573.8,3603.79,0,3475.72
30-May-2013,3594.89,3652.44,3572.44,3629.78,0,2277.19
31-May-2013,3629.19,3713.42,3602.65,3686.45,0,2324.04
03-Jun-2013,3674.69,3681.23,3665.16,3671.7,0,3645.78
04-Jun-2013,3667.98,3708.42,3648.83,3689.16,0,1946.07
05-Jun-2013,3680.44,3693.53,3657.1,3670.16,0,2065.86
06-Jun-2013,3668.88,3736.82,3652.53,3720.25,0,4175.94
07-Jun-2013,3719.71,3748.35,3713.97,3742.57,0,1561.31
10-Jun-2013,3747.42,3836.73,3724.65,3813.56,0,3372.58
11-Jun-2013,3807.37,3939.27,3779.98,3911.14,0,5710.51
12-Jun-2013,3915.19,4007.04,3904.97,3996.6,0,8198.92
13-Jun-2013,3998.81,4017.42,3938.83,3957.26,0,2233.0
14-Jun-2013,3973.76,4007.11,3941.25,3974.59,0,2170.39
17-Jun-2013,3953.18,4081.5,3928.99,4056.68,0,2218.75
18-Jun-2013,4061.09,4077.34,3981.51,3997.51,0,3098.46
19-Jun-2013,4003.13,4014.38,4001.15,4012.39,0,1566.92
20-Jun-2013,4012.52,4039.41,3981.67,4008.53,0,3974.53
21-Jun-2013,4008.89,4031.99,3952.37,3975.28,0,1759.12
24-Jun-2013,3980.37,4096.72,3933.18,4048.72,0,3567.95
25-Jun-2013,4053.14,4085.29,4017.61,4049.73,0,2662.81
26-Jun-2013,4044.17,4069.17,4027.05,4052.02,0,4934.96
27-Jun-2013,4043.0,4073.82,4021.53,4052.3,0,2526.84
28-Jun-2013,4054.99,4112.5,4036.28,4093.62,0,4099.63
01-Jul-2013,4092.72,4123.78,3981.62,4012.07,0,1942.91
02-Jul-2013,4007.6,4027.32,3988.42,4008.14,0,1458.1
03-Jul-2013,4002.24,4084.51,3969.81,4051.68,0,3190.96
04-Jul-2013,4036.9,4055.98,3993.53,4012.5,0,3147.84
05-Jul-2013,4007.56,4014.65,3957.14,3964.16,0,3041.22
08-Jul-2013,3965.01,3982.44,3921.77,3939.08,0,3610.87
09-Jul-2013,3947.06,3963.88,3915.84,3932.6,0,3350.2
10-Jul-2013,3932.26,3980.73,3927.6,3976.02,0,2399.15
11-Jul-2013,3983.61,4042.6,3970.53,4029.37,0,2689.01
12-Jul-2013,4032.4,4055.41,3982.83,4005.68,0,1679.5
15-Jul-2013,4018.4,4033.6,3903.21,3918.03,0,1254.7
16-Jul-2013,3908.42,3982.44,3898.81,3972.68,0,2877.0
17-Jul-2013,3976.07,3989.97,3968.42,3982.31,0,1334.55
18-Jul-2013,3965.78,3990.64,3941.69,3966.55,0,1565.71
19-Jul-2013,3972.18,3992.59,3971.36,3991.77,0,6190.81
22-Jul-2013,3995.34,4012.94,3919.51,3936.86,0,1683.9
23-Jul-2013,3939.32,3995.99,3917.81,3974.29,0,4641.98
24-Jul-2013,3970.46,4020.19,3939.37,3988.95,0,3425.84
25-Jul-2013,3987.47,4081.01,3941.48,4034.47,0,1841.37
26-Jul-2013,4027.1,4058.08,3988.89,4019.81,0,3265.31
29-Jul-2013,4002.97,4033.67,3942.9,3973.38,0,3771.77
30-Jul-2013,3975.59,4074.71,3930.21,4028.72,0,4201.8
31-Jul-2013,4019.22,4101.51,3990.33,4072.25,0,1224.51
01-Aug-2013,4063.17,4083.7,4023.94,4044.37,0,3122.55
02-Aug-2013,4040.36,4062.23,4012.5,4034.34,0,3428.11
05-Aug-2013,4036.27,4063.03,3912.98,3939.09,0,5071.03
06-Aug-2013,3940.89,4007.57,3937.04,4003.67,0,2826.01
07-Aug-2013,3996.73,4025.78,3918.25,3946.94,0,5559.18
08-Aug-2013,3940.1,3968.7,3934.86,3963.43,0,2950.53
09-Aug-2013,3969.44,4053.95,3937.28,4021.36,0,2630.28
12-Aug-2013,4019.8,4072.04,3991.02,4043.09,0,3046.0
13-Aug-2013,4038.87,4069.72,4005.85,4036.68,0,1882.93
14-Aug-2013,4029.6,4040.68,3986.22,3997.2,0,3588.67
15-Aug-2013,4004.98,4044.47,3994.02,4033.44,0,2107.61
16-Aug-2013,4035.69,4088.6,4019.31,4072.07,0,2950.65
19-Aug-2013,4069.65,4141.14,4036.1,4107.28,0,3567.57
20-Aug-2013,4117.04,4191.3,4088.21,4162.16,0,2859.92
21-Aug-2013,4160.92,4275.64,4120.8,4234.81,0,3443.76
22-Aug-2013,4233.46,4322.91,4190.51,4279.5,0,2486.41
23-Aug-2013,4275.16,4292.29,4232.43,4249.45,0,2148.7
26-Aug-2013,4250.34,4259.18,4232.03,4240.86,0,4869.52
27-Aug-2013,4244.55,4287.81,4224.23,4267.38,0,4909.35
28-Aug-2013,4255.68,4392.06,4200.0,4335.33,0,2064.66
29-Aug-2013,4343.74,4394.86,4323.53,4374.52,0,3980.93
30-Aug-2013,4372.61,4427.48,4358.91,4413.66,0,3189.06
02-Sep-2013,4431.18,4474.69,4349.56,4392.7,0,3172.12
03-Sep-2013,4380.92,4527.99,4347.13,4493.34,0,2111.87
04-Sep-2013,4509.28,4593.62,4472.04,4556.0,0,3809.86
05-Sep-2013,4543.03,4554.62,4485.97,4497.44,0,3249.22
06-Sep-2013,4487.99,4560.6,4435.56,4507.94,0,7756.64
09-Sep-2013,4512.77,4557.35,4486.09,4530.57,0,1895.0
10-Sep-2013,4532.91,4563.43,4475.99,4506.33,0,1902.24
11-Sep-2013,4492.6,4593.43,4466.9,4567.29,0,2284.96
12-Sep-2013,4563.14,4587.12,4501.77,4525.55,0,3674.32
13-Sep-2013,4541.28,4586.17,4451.42,4495.87,0,1794.29
16-Sep-2013,4479.57,4553.53,4468.54,4542.35,0,3651.54
17-Sep-2013,4542.13,4593.27,4528.86,4579.89,0,2040.91
18-Sep-2013,4591.14,4626.93,4527.03,4562.59,0,2501.5
19-Sep-2013,4549.24,4573.34,4480.92,4504.78,0,5016.35
20-Sep-2013,4521.37,4617.0,4464.39,4559.54,0,3061.7
23-Sep-2013,4553.32,4640.96,4512.38,4599.61,0,1805.87
24-Sep-2013,4610.45,4644.03,4532.03,4565.28,0,2603.91
25-Sep-2013,4564.79,4622.67,4505.17,4563.03,0,1447.41
26-Sep-2013,4541.09,4616.42,4525.6,4600.72,0,2506.75
27-Sep-2013,4604.23,4641.64,4556.79,4594.12,0,3682.29
30-Sep-2013,4599.28,4613.16,4565.47,4579.29,0,2640.26
01-Oct-2013,4584.43,4605.11,4556.69,4577.34,0,1757.96
02-Oct-2013,4585.67,4625.83,4560.88,4600.96,0,2971.95
03-Oct-2013,4606.02,4638.1,4528.23,4559.99,0,2159.9
04-Oct-2013,4570.02,4599.88,4496.89,4526.47,0,2562.25
07-Oct-2013,4538.69,4586.03,4536.45,4583.77,0,1551.97
08-Oct-2013,4581.78,4609.16,4497.27,4524.3,0,3086.83
09-Oct-2013,4533.07,4561.29,4510.19,4538.38,0,3855.3
10-Oct-2013,4557.98,4618.6,4540.93,4601.38,0,3358.64
11-Oct-2013,4601.36,4641.56,4563.23,4603.42,0,2399.77
14-Oct-2013,4594.84,4610.68,4549.87,4565.61,0,3618.28
15-Oct-2013,4577.69,4615.78,4568.57,4606.6,0,3584.44
16-Oct-2013,4593.08,4663.94,4536.83,4607.52,0,4124.37
17-Oct-2013,4604.39,4627.38,4543.26,4566.06,0,3642.0
18-Oct-2013,4545.52,4576.94,4445.19,4476.13,0,5854.22
21-Oct-2013,4467.07,4543.05,4416.65,4492.35,0,4149.01
22-Oct-2013,4498.08,4520.46,4440.31,4462.52,0,2834.27
23-Oct-2013,4463.71,4517.81,4405.28,4459.33,0,6049.93
24-Oct-2013,4444.33,4502.06,4406.43,4463.99,0,2444.92
25-Oct-2013,4476.91,4583.72,4437.32,4543.54,0,1940.87
28-Oct-2013,4547.59,4558.26,4525.97,4536.62,0,4008.6
29-Oct-2013,4539.12,4560.77,4474.98,4496.43,0,3785.0
30-Oct-2013,4501.53,4508.6,4407.64,4414.58,0,3590.78
31-Oct-2013,4419.64,4445.85,4383.11,4409.26,0,3826.49
01-Nov-2013,4413.75,4420.55,4401.69,4408.48,0,2371.56
04-Nov-2013,4414.93,4435.62,4392.18,4412.87,0,3359.97
05-Nov-2013,4427.35,4523.96,4388.15,4484.26,0,3217.78
06-Nov-2013,4475.33,4523.02,4445.85,4493.42,0,6641.83
07-Nov-2013,4501.92,4527.27,4482.25,4507.57,0,3199.89
08-Nov-2013,4499.09,4521.33,4449.95,4472.06,0,4046.28
11-Nov-2013,4478.89,4514.65,4455.99,4491.69,0,1949.13
12-Nov-2013,4504.44,4538.76,4413.4,4447.29,0,3720.5
13-Nov-2013,4458.77,4501.55,4441.44,4484.11,0,2694.69
14-Nov-2013,4483.74,4584.91,4432.52,4533.12,0,5079.82
15-Nov-2013,4538.17,4578.36,4485.96,4526.04,0,2175.88
18-Nov-2013,4531.3,4562.41,4429.42,4460.04,0,4702.48
19-Nov-2013,4460.7,4524.03,4433.09,4496.2,0,4368.71
20-Nov-2013,4498.9,4546.35,4473.77,4521.08,0,5583.14
21-Nov-2013,4524.64,4553.04,4486.82,4515.15,0,2644.89
22-Nov-2013,4506.31,4534.84,4475.21,4503.72,0,2668.91
25-Nov-2013,4517.09,4579.84,4487.36,4549.9,0,3630.35
26-Nov-2013,4552.31,4583.11,4545.73,4576.49,0,2899.66
27-Nov-2013,4579.69,4617.8,4551.35,4589.4,0,2596.6
28-Nov-2013,4580.59,4630.17,4578.94,4628.51,0,2346.16
29-Nov-2013,4636.87,4694.24,4589.45,4646.71,0,6905.35
02-Dec-2013,4647.88,4674.27,4623.36,4649.74,0,2169.17
03-Dec-2013,4651.62,4708.72,4631.23,4688.16,0,3534.47
04-Dec-2013,4682.17,4753.46,4654.09,4725.13,0,2682.46
05-Dec-2013,4734.96,4770.57,4623.61,4658.65,0,3018.68
06-Dec-2013,4657.59,4684.78,4628.29,4655.47,0,4005.6
09-Dec-2013,4655.66,4711.37,4611.09,4666.69,0,3275.13
10-Dec-2013,4650.47,4714.47,4627.73,4691.52,0,2128.66
11-Dec-2013,4701.98,4741.21,4675.99,4715.15,0,3805.29
12-Dec-2013,4703.76,4806.5,4701.15,4803.84,0,1503.99
13-Dec-2013,4812.03,4840.98,4764.1,4792.94,0,4399.18
16-Dec-2013,4805.32,4837.39,4764.17,4796.19,0,3717.13
17-Dec-2013,4808.84,4884.87,4780.12,4855.87,0,3957.55
18-Dec-2013,4852.51,4901.44,4821.61,4870.42,0,1995.23
19-Dec-2013,4864.03,4887.96,4850.89,4874.78,0,1668.82
20-Dec-2013,4876.35,4880.01,4860.79,4864.45,0,1860.11
23-Dec-2013,4871.2,4893.24,4826.99,4848.93,0,3053.7
24-Dec-2013,4862.12,4944.15,4844.22,4926.02,0,6617.65
25-Dec-2013,4898.86,4937.89,4854.31,4893.3,0,2745.96
26-Dec-2013,4883.2,4916.42,4870.96,4904.13,0,2588.64
27-Dec-2013,4899.84,4938.13,4840.57,4878.7,0,2968.03
30-Dec-2013,4849.8,4917.52,4804.77,4872.29,0,2215.03
31-Dec-2013,4866.97,4868.76,4837.09,4838.86,0,4431.93
01-Jan-2014,4826.76,4892.63,4779.31,4845.0,0,3030.63
02-Jan-2014,4854.25,4895.81,4842.68,4884.16,0,3185.73
03-Jan-2014,4894.46,4959.32,4868.9,4933.56,0,1331.3
06-Jan-2014,4930.45,4937.75,4883.94,4891.18,0,3079.01
07-Jan-2014,4897.07,4966.14,4891.06,4960.06,0,2358.64
08-Jan-2014,4980.01,5016.72,4915.91,4952.41,0,1876.52
09-Jan-2014,4956.32,5086.46,4929.7,5059.29,0,1388.84
10-Jan-2014,5065.1,5126.82,5017.08,5078.67,0,4400.9
13-Jan-2014,5082.5,5142.15,5043.61,5103.1,0,2077.29
14-Jan-2014,5111.77,5116.15,5111.4,5115.78,0,3747.68
15-Jan-2014,5115.33,5135.82,5068.84,5089.23,0,2998.23
16-Jan-2014,5098.17,5126.51,5078.06,5106.37,0,3594.35
17-Jan-2014,5104.24,5187.28,5057.26,5139.97,0,1946.24
20-Jan-2014,5133.28,5151.63,5107.06,5125.38,0,2684.94
21-Jan-2014,5157.13,5185.57,5023.83,5051.69,0,3122.19
22-Jan-2014,5062.77,5064.78,5022.27,5024.26,0,2682.61
23-Jan-2014,5028.71,5046.05,5010.67,5028.01,0,2053.85
24-Jan-2014,5035.96,5058.39,4993.26,5015.6,0,3817.71
27-Jan-2014,5016.79,5062.61,4990.64,5036.36,0,4664.33
28-Jan-2014,5025.93,5080.45,4951.63,5005.94,0,4174.59
29-Jan-2014,5014.23,5041.85,5002.25,5029.83,0,3207.56
30-Jan-2014,5028.63,5073.66,4984.04,5029.06,0,3534.07
31-Jan-2014,5029.16,5088.41,4976.14,5035.33,0,3168.72
03-Feb-2014,5023.64,5073.95,4984.97,5035.19,0,3744.76
04-Feb-2014,5040.04,5115.03,4883.43,4957.19,0,3705.14
05-Feb-2014,4952.5,5071.21,4929.25,5047.51,0,2457.01
06-Feb-2014,5049.65,5079.28,4946.57,4975.76,0,1807.83
07-Feb-2014,4989.35,4997.07,4977.97,4985.69,0,4776.56
10-Feb-2014,4996.52,5075.13,4952.19,5030.5,0,4635.9
11-Feb-2014,5030.98,5085.99,4916.37,4970.73,0,1590.28
12-Feb-2014,4971.99,5006.84,4943.21,4978.02,0,2723.46
13-Feb-2014,4984.45,5016.31,4941.36,4973.15,0,2831.45
14-Feb-2014,4980.63,5007.89,4955.27,4982.52,0,4102.36
17-Feb-2014,5006.21,5023.34,5000.65,5017.76,0,3053.81
18-Feb-2014,5025.13,5028.15,4968.25,4971.24,0,3991.41
19-Feb-2014,4966.87,5028.33,4953.81,5015.15,0,3220.61
20-Feb-2014,5018.77,5068.39,4943.69,4993.06,0,2296.43
21-Feb-2014,4990.14,5045.32,4923.2,4978.24,0,2279.27
24-Feb-2014,4974.34,4981.08,4948.47,4955.19,0,1170.92
25-Feb-2014,4954.69,5156.84,4911.21,5111.98,0,5784.86
26-Feb-2014,5111.29,5136.52,4972.8,4997.47,0,5138.58
27-Feb-2014,4999.07,5095.01,4971.62,5067.19,0,2288.34
28-Feb-2014,5082.59,5137.39,5027.54,5082.34,0,4610.06
03-Mar-2014,5068.55,5111.6,5026.49,5069.53,0,2801.42
04-Mar-2014,5067.85,5097.41,5058.47,5087.99,0,2233.41
05-Mar-2014,5083.87,5084.81,4994.38,4995.31,0,2085.56
06-Mar-2014,4998.78,5040.08,4954.79,4996.07,0,2750.43
07-Mar-2014,5012.98,5042.55,4934.03,4963.31,0,2862.14
10-Mar-2014,4973.47,5049.24,4918.61,4994.15,0,2098.69
11-Mar-2014,4993.98,5055.15,4961.95,5022.94,0,2080.21
12-Mar-2014,5018.1,5053.05,4989.39,5024.3,0,1623.19
13-Mar-2014,5012.26,5123.2,4973.21,5083.59,0,3883.16
14-Mar-2014,5075.79,5198.11,5039.04,5160.74,0,2893.14
17-Mar-2014,5158.86,5178.77,5045.34,5064.89,0,3380.43
18-Mar-2014,5060.01,5102.54,4973.44,5015.6,0,6274.43
19-Mar-2014,5007.57,5038.7,5007.18,5038.31,0,3426.59
20-Mar-2014,5033.43,5100.77,4937.95,5004.91,0,3531.05
21-Mar-2014,5009.87,5025.66,4993.93,5009.73,0,2341.85
24-Mar-2014,5018.23,5085.61,4934.8,5001.96,0,6292.15
25-Mar-2014,4993.62,5058.4,4965.92,5030.5,0,3238.81
26-Mar-2014,5030.51,5045.5,4981.53,4996.42,0,4065.11
27-Mar-2014,4993.51,5024.13,4958.54,4989.14,0,2959.41
28-Mar-2014,5004.62,5014.34,4968.22,4977.88,0,3655.36
31-Mar-2014,4983.48,5011.86,4947.46,4975.8,0,3360.65
01-Apr-2014,4974.15,5044.89,4938.24,5008.74,0,2893.1
02-Apr-2014,5002.52,5025.74,4943.59,4966.65,0,1384.49
03-Apr-2014,4972.2,4983.95,4887.27,4898.85,0,3136.83
04-Apr-2014,4888.53,4898.76,4825.06,4835.19,0,2393.8
07-Apr-2014,4829.96,4872.32,4816.11,4858.4,0,4265.44
08-Apr-2014,4865.25,4869.0,4818.6,4822.31,0,2009.43
09-Apr-2014,4822.22,4861.99,4724.01,4763.29,0,2491.28
10-Apr-2014,4767.6,4805.68,4732.01,4770.07,0,2894.83
11-Apr-2014,4768.92,4800.7,4733.41,4765.16,0,5251.36
14-Apr-2014,4775.43,4790.08,4771.48,4786.13,0,4851.14
15-Apr-2014,4773.74,4809.6,4737.22,4773.07,0,1600.0
16-Apr-2014,4763.53,4834.17,4713.75,4784.19,0,1771.1
17-Apr-2014,4774.44,4821.68,4754.86,4801.99,0,2365.72
18-Apr-2014,4811.21,4859.14,4658.15,4705.01,0,2183.42
21-Apr-2014,4697.63,4758.28,4653.82,4714.31,0,1749.28
22-Apr-2014,4713.68,4736.88,4691.27,4714.47,0,1297.32
23-Apr-2014,4727.75,4746.72,4712.02,4730.98,0,2608.31
24-Apr-2014,4702.67,4770.25,4665.46,4732.8,0,3675.86
25-Apr-2014,4724.78,4733.87,4704.3,4713.36,0,2681.67
28-Apr-2014,4723.58,4758.34,4652.28,4686.77,0,5371.5
29-Apr-2014,4684.86,4700.21,4657.24,4672.55,0,2087.29
30-Apr-2014,4681.8,4738.35,4651.88,4708.26,0,4715.36
01-May-2014,4694.26,4786.8,4650.48,4742.56,0,2987.38
02-May-2014,4740.21,4833.26,4717.64,4810.36,0,2206.18
05-May-2014,4815.9,4853.56,4738.41,4775.76,0,2397.9
06-May-2014,4774.53,4808.03,4715.33,4748.65,0,7553.79
07-May-2014,4745.58,4782.69,4652.56,4689.23,0,2309.54
08-May-2014,4669.92,4729.73,4635.25,4694.87,0,3892.27
09-May-2014,4692.0,4717.09,4634.54,4659.45,0,6930.56
12-May-2014,4679.44,4701.82,4602.07,4624.18,0,4534.65
13-May-2014,4623.83,4739.63,4571.72,4686.81,0,1265.44
14-May-2014,4682.29,4794.07,4634.52,4745.66,0,2742.61
15-May-2014,4743.37,4801.17,4678.62,4736.34,0,3666.24
16-May-2014,4743.26,4836.27,4700.66,4793.22,0,3001.76
19-May-2014,4804.08,4806.79,4704.79,4707.45,0,2724.95
20-May-2014,4710.52,4729.37,4630.45,4649.05,0,9232.97
21-May-2014,4642.98,4663.2,4609.4,4629.57,0,2284.28
22-May-2014,4626.3,4650.06,4606.51,4630.25,0,2985.87
23-May-2014,4627.52,4696.51,4598.58,4667.32,0,2247.66
26-May-2014,4675.79,4712.52,4626.57,4663.2,0,1446.44
27-May-2014,4651.26,4673.52,4641.17,4663.41,0,5537.27
28-May-2014,4663.67,4715.14,4567.32,4618.3,0,1731.85
29-May-2014,4612.66,4651.85,4597.01,4636.12,0,2311.79
30-May-2014,4651.67,4667.75,4535.62,4551.35,0,2799.58
02-Jun-2014,4562.26,4651.6,4540.74,4629.76,0,2783.37
03-Jun-2014,4629.25,4646.26,4563.71,4580.54,0,2071.1
04-Jun-2014,4568.24,4622.53,4550.16,4604.31,0,1933.37
05-Jun-2014,4579.94,4589.97,4513.01,4522.91,0,2534.66
06-Jun-2014,4522.13,4566.86,4505.29,4549.91,0,3040.7
09-Jun-2014,4557.75,4623.48,4542.58,4608.14,0,2731.99
10-Jun-2014,4609.69,4694.23,4573.68,4657.84,0,2739.83
11-Jun-2014,4671.38,4694.92,4649.59,4673.12,0,3680.33
12-Jun-2014,4663.64,4748.32,4638.7,4723.07,0,1734.18
13-Jun-2014,4713.43,4786.07,4694.04,4766.46,0,5523.83
16-Jun-2014,4767.85,4797.36,4755.29,4784.76,0,2324.97
17-Jun-2014,4772.3,4853.89,4739.86,4821.12,0,4941.99
18-Jun-2014,4827.6,4870.21,4812.67,4855.19,0,1255.0
19-Jun-2014,4859.91,4904.8,4845.2,4890.0,0,6040.17
20-Jun-2014,4906.88,4937.03,4872.3,4902.43,0,2228.22
23-Jun-2014,4902.79,4943.02,4886.38,4926.52,0,2672.25
24-Jun-2014,4903.31,4919.2,4852.26,4868.04,0,3036.45
25-Jun-2014,4872.77,4906.35,4827.54,4861.04,0,2766.13
26-Jun-2014,4849.2,4952.95,4826.45,4929.82,0,3513.46
27-Jun-2014,4937.42,5017.15,4894.47,4973.87,0,5792.26
30-Jun-2014,4974.43,5006.33,4890.07,4921.63,0,3675.45
01-Jul-2014,4913.37,4935.14,4875.57,4897.27,0,2043.87
02-Jul-2014,4900.6,4945.26,4845.09,4889.66,0,2207.87
03-Jul-2014,4897.34,4911.43,4867.02,4881.06,0,4684.05
04-Jul-2014,4873.9,4921.53,4754.06,4800.98,0,3297.43
07-Jul-2014,4798.47,4814.62,4763.98,4780.07,0,3179.84
08-Jul-2014,4787.93,4844.77,4758.63,4815.3,0,3506.98
09-Jul-2014,4817.02,4840.88,4752.85,4776.51,0,2823.74
10-Jul-2014,4773.26,4862.08,4725.08,4813.49,0,2904.7
11-Jul-2014,4813.29,4848.19,4737.0,4771.6,0,1882.17
14-Jul-2014,4769.48,4848.32,4740.69,4819.23,0,2248.89
15-Jul-2014,4819.54,4847.18,4767.09,4794.59,0,2419.64
16-Jul-2014,4799.96,4884.13,4776.0,4859.87,0,2660.75
17-Jul-2014,4852.97,4940.41,4801.27,4888.34,0,2818.0
18-Jul-2014,4884.48,4957.21,4862.66,4935.17,0,2084.51
21-Jul-2014,4919.15,4941.72,4832.85,4855.14,0,3759.96
22-Jul-2014,4860.36,4924.39,4773.56,4837.29,0,2417.7
23-Jul-2014,4852.78,4868.99,4777.78,4793.79,0,6458.61
24-Jul-2014,4808.65,4813.84,4745.55,4750.68,0,4409.9
25-Jul-2014,4758.05,4873.53,4731.16,4846.14,0,2387.87
28-Jul-2014,4847.21,4913.39,4816.42,4882.38,0,1977.44
29-Jul-2014,4883.82,4917.56,4784.57,4817.85,0,2264.73
30-Jul-2014,4815.99,4843.29,4774.87,4802.09,0,4006.94
31-Jul-2014,4801.03,4840.64,4728.15,4767.48,0,5093.31
01-Aug-2014,4779.92,4826.82,4707.92,4754.56,0,3176.81
04-Aug-2014,4746.34,4816.03,4715.58,4785.03,0,3602.48
05-Aug-2014,4772.87,4782.12,4756.47,4765.71,0,2562.36
06-Aug-2014,4768.94,4869.48,4712.88,4812.91,0,2078.87
07-Aug-2014,4809.11,4831.98,4700.12,4722.59,0,4797.27
08-Aug-2014,4737.43,4881.9,4693.96,4837.52,0,2110.1
11-Aug-2014,4836.08,4910.72,4809.23,4883.6,0,2545.6
12-Aug-2014,4885.69,4959.0,4831.84,4904.93,0,1779.87
13-Aug-2014,4898.46,4902.84,4882.11,4886.49,0,3677.44
14-Aug-2014,4877.71,4922.83,4840.02,4885.09,0,1693.14
15-Aug-2014,4887.12,4907.37,4867.02,4887.27,0,1545.62
18-Aug-2014,4900.68,4919.45,4833.75,4852.34,0,4007.38
19-Aug-2014,4847.64,4882.2,4784.5,4818.85,0,2828.27
20-Aug-2014,4824.63,4853.51,4786.44,4815.27,0,5076.03
21-Aug-2014,4812.87,4870.36,4717.21,4774.24,0,3452.04
22-Aug-2014,4763.85,4824.64,4733.52,4794.12,0,1903.86
25-Aug-2014,4814.66,4870.98,4791.82,4847.99,0,1787.29
26-Aug-2014,4848.28,4893.0,4835.1,4879.75,0,2010.22
27-Aug-2014,4889.86,4960.56,4853.75,4924.2,0,1589.32
28-Aug-2014,4926.28,4953.54,4838.96,4865.88,0,4475.05
29-Aug-2014,4878.81,4931.41,4804.15,4856.5,0,3503.54
01-Sep-2014,4860.57,4992.13,4837.98,4969.04,0,2898.23
02-Sep-2014,4962.27,5026.49,4932.38,4996.4,0,6474.0
03-Sep-2014,4997.49,5023.93,4967.16,4993.57,0,4110.33
04-Sep-2014,4990.74,5028.46,4901.87,4939.2,0,1582.61
05-Sep-2014,4941.34,5000.8,4854.81,4913.93,0,4211.21
08-Sep-2014,4915.52,4956.2,4889.0,4929.61,0,2819.11
09-Sep-2014,4916.59,4942.46,4887.9,4913.75,0,6937.21
10-Sep-2014,4919.95,5058.02,4859.22,4996.35,0,1349.26
11-Sep-2014,4998.63,5007.88,4900.22,4909.3,0,4972.53
12-Sep-2014,4895.91,4908.72,4867.49,4880.27,0,3788.4
15-Sep-2014,4872.93,4935.77,4847.05,4909.7,0,2653.0
16-Sep-2014,4916.14,4972.92,4810.18,4866.38,0,2262.57
17-Sep-2014,4890.69,4902.01,4851.86,4863.12,0,1946.84
18-Sep-2014,4857.66,4873.45,4777.4,4792.98,0,2500.96
19-Sep-2014,4778.41,4799.32,4710.77,4731.47,0,3330.79
22-Sep-2014,4733.22,4764.69,4693.01,4724.42,0,3512.55
23-Sep-2014,4730.45,4768.58,4686.75,4724.83,0,2794.0
24-Sep-2014,4717.45,4746.84,4680.21,4709.54,0,2552.15
25-Sep-2014,4711.46,4737.9,4649.98,4676.22,0,3094.56
26-Sep-2014,4669.37,4740.87,4647.45,4718.71,0,1716.16
29-Sep-2014,4712.5,4765.3,4701.16,4753.86,0,1806.04
30-Sep-2014,4767.72,4798.62,4728.29,4759.13,0,5399.92
01-Oct-2014,4751.37,4779.25,4724.01,4751.89,0,2125.38
02-Oct-2014,4750.47,4792.15,4660.6,4701.85,0,2193.71
03-Oct-2014,4695.45,4752.76,4669.3,4726.44,0,5126.02
06-Oct-2014,4728.27,4741.35,4695.23,4708.26,0,1007.31
07-Oct-2014,4703.94,4742.15,4655.07,4693.2,0,2852.75
08-Oct-2014,4707.48,4749.84,4677.45,4719.73,0,1253.44
09-Oct-2014,4704.94,4736.38,4663.26,4694.63,0,2028.81
10-Oct-2014,4710.82,4754.08,4672.03,4715.26,0,3622.56
13-Oct-2014,4710.87,4759.97,4670.82,4719.83,0,2773.82
14-Oct-2014,4724.02,4856.86,4704.39,4836.76,0,4299.36
15-Oct-2014,4829.92,4863.71,4823.08,4856.83,0,4628.87
16-Oct-2014,4855.71,4920.92,4827.67,4892.66,0,3948.32
17-Oct-2014,4885.11,4917.72,4845.78,4878.35,0,3884.92
20-Oct-2014,4877.72,4989.7,4835.68,4947.06,0,5675.19
21-Oct-2014,4938.19,5029.56,4882.67,4973.64,0,1207.96
22-Oct-2014,4964.57,5073.41,4926.56,5034.87,0,1910.54
23-Oct-2014,5025.21,5165.11,4969.69,5108.68,0,4610.0
24-Oct-2014,5113.03,5134.13,5093.62,5114.71,0,2875.37
27-Oct-2014,5109.02,5158.06,5093.5,5142.44,0,1453.79
28-Oct-2014,5129.05,5165.17,5052.51,5088.35,0,2231.09
29-Oct-2014,5087.15,5185.81,5041.79,5139.98,0,3553.64
30-Oct-2014,5148.34,5333.01,5140.36,5324.76,0,5170.43
31-Oct-2014,5322.96,5341.24,5306.67,5324.95,0,3726.53
03-Nov-2014,5312.82,5416.83,5277.69,5381.25,0,2537.5
04-Nov-2014,5386.99,5434.85,5330.46,5378.25,0,5224.75
05-Nov-2014,5387.3,5416.58,5363.48,5392.73,0,3008.76
06-Nov-2014,5413.37,5489.16,5372.62,5448.15,0,3802.77
07-Nov-2014,5451.98,5493.03,5416.26,5457.28,0,3331.85
10-Nov-2014,5467.59,5522.77,5433.29,5488.34,0,2267.37
11-Nov-2014,5495.46,5553.06,5460.38,5517.84,0,2944.77
12-Nov-2014,5523.54,5567.1,5431.39,5474.57,0,2197.0
13-Nov-2014,5467.71,5519.7,5421.31,5473.25,0,3347.16
14-Nov-2014,5483.32,5510.93,5431.09,5458.58,0,2909.54
17-Nov-2014,5466.13,5601.4,5428.27,5562.87,0,1588.15
18-Nov-2014,5559.68,5663.45,5494.68,5598.0,0,1820.27
19-Nov-2014,5618.27,5646.36,5582.24,5610.29,0,2118.3
20-Nov-2014,5625.38,5723.9,5581.13,5679.22,0,1560.82
21-Nov-2014,5679.26,5781.74,5660.65,5762.86,0,2507.23
24-Nov-2014,5759.16,5805.71,5661.85,5707.98,0,1582.03
25-Nov-2014,5723.22,5789.08,5586.63,5651.66,0,1058.37
26-Nov-2014,5655.77,5664.64,5618.99,5627.82,0,3145.3
27-Nov-2014,5622.38,5657.77,5610.26,5645.59,0,2331.42
28-Nov-2014,5667.29,5734.66,5629.11,5696.29,0,2467.97
01-Dec-2014,5690.93,5799.46,5650.74,5758.8,0,2448.28
02-Dec-2014,5768.57,5854.95,5729.04,5815.1,0,3037.54
03-Dec-2014,5822.09,5874.99,5721.51,5773.97,0,2199.04
04-Dec-2014,5766.8,5845.34,5651.28,5729.32,0,1963.09
05-Dec-2014,5720.91,5802.57,5681.34,5762.71,0,3762.0
08-Dec-2014,5778.0,5825.64,5757.67,5805.21,0,4207.93
09-Dec-2014,5790.6,5890.74,5744.9,5844.62,0,1690.31
10-Dec-2014,5844.38,5859.57,5831.8,5846.98,0,3242.85
11-Dec-2014,5839.79,5902.66,5809.26,5871.97,0,2419.95
12-Dec-2014,5862.04,5896.35,5838.49,5872.75,0,2716.75
15-Dec-2014,5883.67,5944.95,5863.58,5924.72,0,2493.62
16-Dec-2014,5940.02,6072.99,5904.31,6036.69,0,2846.68
17-Dec-2014,6037.96,6073.81,5943.15,5978.65,0,3251.6
18-Dec-2014,5983.79,6046.16,5894.98,5957.07,0,2741.99
19-Dec-2014,5946.81,6002.85,5924.07,5979.98,0,6211.48
22-Dec-2014,5975.87,5995.95,5844.39,5864.1,0,3255.86
23-Dec-2014,5874.98,5946.89,5836.01,5907.7,0,1721.13
24-Dec-2014,5903.11,6087.44,5847.47,6030.6,0,4915.23
25-Dec-2014,6014.91,6157.68,5958.44,6100.41,0,3822.71
26-Dec-2014,6089.88,6209.38,6056.31,6175.33,0,5521.16
29-Dec-2014,6193.37,6286.41,6184.4,6277.32,0,2094.49
30-Dec-2014,6271.39,6341.16,6151.92,6221.13,0,2649.43
31-Dec-2014,6198.83,6295.98,6143.17,6239.95,0,2749.41
01-Jan-2015,6239.51,6322.05,6227.19,6309.59,0,2842.6
02-Jan-2015,6305.85,6377.66,6283.57,6355.2,0,1913.78
05-Jan-2015,6333.55,6366.18,6276.62,6309.12,0,2880.4
06-Jan-2015,6296.22,6307.32,6275.21,6286.29,0,1686.7
07-Jan-2015,6284.88,6366.02,6245.91,6326.79,0,2447.75
08-Jan-2015,6311.23,6409.18,6281.17,6378.79,0,4147.38
09-Jan-2015,6379.64,6412.49,6294.6,6327.17,0,4759.6
12-Jan-2015,6329.79,6382.25,6138.11,6189.4,0,1852.61
13-Jan-2015,6192.52,6210.44,6119.26,6137.02,0,2044.86
14-Jan-2015,6121.58,6207.98,6098.6,6184.77,0,2502.5
15-Jan-2015,6193.93,6215.74,6056.05,6077.46,0,2558.17
16-Jan-2015,6095.4,6115.89,6079.4,6099.89,0,2734.93
19-Jan-2015,6116.49,6169.02,6108.11,6160.57,0,2283.47
20-Jan-2015,6176.25,6225.84,6099.47,6148.84,0,2241.54
21-Jan-2015,6153.85,6194.25,6124.28,6164.63,0,2179.55
22-Jan-2015,6175.87,6217.5,6153.09,6194.65,0,4000.58
23-Jan-2015,6203.67,6245.6,6186.09,6227.94,0,5301.52
26-Jan-2015,6238.56,6262.38,6172.56,6196.21,0,2175.5
27-Jan-2015,6205.22,6271.2,6192.98,6258.86,0,4936.28
28-Jan-2015,6269.73,6341.7,6224.03,6295.82,0,1958.36
29-Jan-2015,6309.24,6363.57,6302.95,6357.24,0,4338.95
30-Jan-2015,6366.66,6400.12,6254.78,6287.83,0,3562.88
02-Feb-2015,6301.25,6311.69,6238.92,6249.27,0,3261.89
03-Feb-2015,6256.97,6337.24,6207.11,6287.14,0,3786.56
04-Feb-2015,6289.55,6348.0,6209.27,6267.52,0,3482.07
05-Feb-2015,6271.13,6300.77,6175.06,6204.38,0,4358.95
06-Feb-2015,6182.91,6223.0,6165.93,6205.96,0,2159.94
09-Feb-2015,6195.58,6336.61,6164.81,6305.29,0,4779.23
10-Feb-2015,6298.3,6407.64,6257.32,6366.21,0,7006.59
11-Feb-2015,6357.65,6395.28,6323.73,6361.34,0,2326.42
12-Feb-2015,6345.02,6431.67,6272.85,6359.35,0,4788.89
13-Feb-2015,6353.86,6404.89,6313.23,6364.19,0,1794.46
16-Feb-2015,6364.34,6373.04,6306.91,6315.54,0,5245.05
17-Feb-2015,6309.3,6408.42,6267.31,6366.05,0,1957.28
18-Feb-2015,6359.74,6429.1,6277.88,6347.1,0,4324.06
19-Feb-2015,6360.09,6453.37,6292.61,6385.62,0,4419.34
20-Feb-2015,6366.12,6403.25,6347.71,6384.79,0,2827.56
23-Feb-2015,6384.93,6433.1,6299.97,6347.86,0,2762.11
24-Feb-2015,6349.34,6356.29,6338.33,6345.27,0,2846.44
25-Feb-2015,6356.42,6477.31,6319.48,6439.89,0,3882.67
26-Feb-2015,6444.86,6518.87,6401.83,6475.64,0,2260.27
27-Feb-2015,6488.27,6543.68,6474.1,6529.42,0,1565.43
02-Mar-2015,6532.42,6541.2,6459.83,6468.52,0,2054.49
03-Mar-2015,6464.6,6483.02,6451.43,6469.84,0,1821.87
04-Mar-2015,6453.21,6494.7,6384.43,6425.75,0,2109.82
05-Mar-2015,6436.31,6485.9,6399.98,6449.5,0,5156.6
06-Mar-2015,6430.45,6459.9,6404.32,6433.76,0,3638.61
09-Mar-2015,6449.03,6476.59,6361.32,6388.62,0,1810.38
10-Mar-2015,6370.85,6470.85,6324.43,6424.04,0,1991.56
11-Mar-2015,6421.86,6481.82,6307.93,6367.38,0,1611.17
12-Mar-2015,6367.51,6497.45,6301.26,6430.55,0,5486.58
13-Mar-2015,6433.25,6443.42,6380.47,6390.58,0,3796.8
16-Mar-2015,6379.33,6444.33,6319.01,6383.97,0,1792.66
17-Mar-2015,6367.61,6387.74,6356.12,6376.24,0,3167.16
18-Mar-2015,6374.7,6400.53,6326.25,6351.99,0,3012.57
19-Mar-2015,6341.11,6387.97,6293.13,6339.98,0,2800.8
20-Mar-2015,6355.02,6416.71,6330.69,6392.24,0,2499.54
23-Mar-2015,6405.75,6465.26,6303.21,6362.32,0,1709.69
24-Mar-2015,6364.24,6505.79,6315.16,6456.0,0,2133.65
25-Mar-2015,6455.76,6537.5,6400.34,6481.86,0,3715.01
26-Mar-2015,6484.33,6576.74,6430.19,6522.29,0,6099.23
27-Mar-2015,6518.45,6578.62,6402.66,6462.31,0,1338.57
30-Mar-2015,6431.7,6478.11,6327.43,6373.42,0,3122.03
31-Mar-2015,6364.36,6427.6,6324.94,6388.03,0,2762.45
01-Apr-2015,6380.37,6506.79,6336.86,6462.72,0,2030.64
02-Apr-2015,6472.85,6504.96,6407.34,6439.28,0,1942.29
03-Apr-2015,6449.52,6515.12,6425.76,6491.2,0,1559.71
06-Apr-2015,6488.45,6536.2,6426.78,6474.43,0,1695.63
07-Apr-2015,6457.51,6564.21,6405.13,6511.39,0,2986.51
08-Apr-2015,6499.82,6596.49,6436.31,6532.66,0,3307.9
09-Apr-2015,6530.4,6560.33,6476.68,6506.5,0,2809.22
10-Apr-2015,6494.22,6503.5,6478.4,6487.67,0,3747.27
13-Apr-2015,6467.06,6552.51,6421.79,6506.96,0,5158.87
14-Apr-2015,6496.75,6574.53,6475.2,6552.79,0,1808.78
15-Apr-2015,6549.51,6582.75,6399.84,6432.49,0,1799.12
16-Apr-2015,6431.46,6480.5,6359.14,6408.0,0,4916.07
17-Apr-2015,6427.37,6464.17,6422.14,6458.91,0,2215.2
20-Apr-2015,6450.23,6600.9,6407.64,6557.61,0,2737.3
21-Apr-2015,6572.0,6588.5,6514.02,6530.41,0,3187.29
22-Apr-2015,6546.79,6705.73,6484.1,6642.13,0,5454.88
23-Apr-2015,6619.67,6637.87,6474.52,6492.36,0,5767.74
24-Apr-2015,6500.62,6524.77,6409.83,6433.73,0,1334.07
27-Apr-2015,6418.6,6455.06,6348.97,6385.24,0,3831.82
28-Apr-2015,6409.93,6473.86,6374.65,6438.41,0,3278.67
29-Apr-2015,6445.69,6484.82,6327.6,6366.25,0,4918.08
30-Apr-2015,6357.48,6450.86,6316.84,6409.89,0,3670.96
01-May-2015,6378.01,6395.44,6258.85,6276.01,0,3354.18
04-May-2015,6277.06,6329.17,6232.6,6284.66,0,3721.19
05-May-2015,6283.91,6383.2,6240.06,6338.97,0,4428.91
06-May-2015,6341.17,6402.17,6251.71,6312.44,0,1130.38
07-May-2015,6313.93,6360.72,6242.52,6289.13,0,1759.1
08-May-2015,6293.05,6346.09,6277.93,6330.88,0,2705.33
11-May-2015,6302.03,6432.84,6246.68,6376.83,0,2087.51
12-May-2015,6369.69,6447.86,6352.88,6430.89,0,3461.09
13-May-2015,6431.95,6459.76,6360.91,6388.53,0,3908.81
14-May-2015,6382.23,6437.4,6245.04,6299.49,0,2257.69
15-May-2015,6282.52,6355.55,6242.64,6315.47,0,4385.58
18-May-2015,6315.08,6357.06,6275.05,6317.02,0,3243.1
19-May-2015,6299.36,6326.47,6298.23,6325.33,0,3904.44
20-May-2015,6311.52,6350.19,6261.15,6299.74,0,1585.04
21-May-2015,6285.83,6351.64,6250.63,6316.28,0,3657.02
22-May-2015,6317.35,6378.32,6193.01,6253.36,0,2320.76
25-May-2015,6264.0,6314.87,6045.02,6094.51,0,4013.29
26-May-2015,6109.83,6123.64,6050.12,6063.82,0,3182.74
27-May-2015,6100.18,6213.34,6090.36,6203.35,0,3032.16
28-May-2015,6201.35,6239.33,6113.64,6151.32,0,2576.04
29-May-2015,6155.17,6209.78,6116.84,6171.35,0,2572.64
01-Jun-2015,6167.1,6286.19,6119.25,6237.8,0,1617.06
02-Jun-2015,6235.7,6317.24,6204.94,6286.22,0,2049.04
03-Jun-2015,6276.24,6340.64,6223.78,6288.08,0,1456.46
04-Jun-2015,6275.64,6319.26,6215.9,6259.41,0,2604.91
05-Jun-2015,6245.3,6293.73,6154.74,6202.83,0,4240.26
08-Jun-2015,6215.53,6266.2,6121.26,6171.57,0,1951.53
09-Jun-2015,6182.11,6282.36,6142.39,6242.26,0,2757.96
10-Jun-2015,6249.96,6320.0,6204.54,6274.4,0,1965.06
11-Jun-2015,6271.94,6308.53,6180.67,6216.94,0,2157.87
12-Jun-2015,6227.55,6282.34,6131.92,6186.36,0,2162.58
15-Jun-2015,6202.5,6228.65,6174.9,6201.04,0,3230.45
16-Jun-2015,6201.47,6225.48,6121.58,6145.37,0,2060.52
17-Jun-2015,6128.95,6214.24,6084.07,6169.06,0,2268.59
18-Jun-2015,6172.67,6217.25,6123.67,6168.21,0,2610.16
19-Jun-2015,6153.94,6220.84,6083.31,6150.16,0,3451.22
22-Jun-2015,6152.54,6241.9,6082.95,6172.09,0,2010.22
23-Jun-2015,6185.51,6221.06,6121.1,6156.49,0,3175.14
24-Jun-2015,6159.93,6258.57,6147.4,6245.87,0,2185.41
25-Jun-2015,6237.66,6255.91,6164.14,6182.23,0,2451.54
26-Jun-2015,6190.08,6212.44,6130.48,6152.7,0,4161.74
29-Jun-2015,6154.19,6204.24,6089.01,6138.94,0,2893.33
30-Jun-2015,6149.57,6181.83,6086.99,6119.09,0,1612.74
01-Jul-2015,6118.95,6158.44,6009.29,6048.32,0,2519.91
02-Jul-2015,6070.81,6095.18,6062.08,6086.43,0,4849.8
03-Jul-2015,6083.89,6122.67,5985.24,6023.64,0,3384.48
06-Jul-2015,6047.77,6090.74,6029.53,6072.43,0,2116.61
07-Jul-2015,6075.09,6174.11,6025.32,6123.94,0,3893.04
08-Jul-2015,6117.51,6145.14,6030.63,6057.99,0,6442.63
09-Jul-2015,6050.92,6097.92,5986.17,6033.03,0,4121.8
10-Jul-2015,6024.43,6055.94,5985.51,6016.98,0,1379.06
13-Jul-2015,6020.78,6073.44,5965.26,6017.9,0,4276.64
14-Jul-2015,6040.01,6074.83,6016.61,6051.39,0,2114.71
15-Jul-2015,6068.24,6183.44,6020.37,6135.04,0,4894.93
16-Jul-2015,6148.53,6151.32,6122.38,6125.16,0,2108.94
17-Jul-2015,6113.16,6146.8,6024.85,6058.19,0,3358.71
20-Jul-2015,6063.32,6171.57,6016.71,6124.49,0,2837.74
21-Jul-2015,6113.93,6245.22,6098.22,6229.21,0,1772.88
22-Jul-2015,6215.05,6318.27,6159.42,6262.22,0,2286.62
23-Jul-2015,6258.18,6361.47,6229.13,6332.08,0,2358.58
24-Jul-2015,6340.49,6364.57,6314.68,6338.75,0,2451.73
27-Jul-2015,6364.36,6458.88,6324.9,6419.07,0,1231.69
28-Jul-2015,6428.41,6469.82,6268.22,6308.87,0,2492.39
29-Jul-2015,6290.67,6420.19,6272.33,6401.53,0,3612.75
30-Jul-2015,6388.65,6496.14,6368.46,6475.68,0,3205.02
31-Jul-2015,6478.64,6558.2,6360.27,6439.35,0,4222.79
03-Aug-2015,6436.85,6522.88,6414.08,6499.88,0,1650.74
04-Aug-2015,6499.13,6570.35,6466.34,6537.36,0,2189.17
05-Aug-2015,6526.41,6579.93,6482.06,6535.51,0,3411.21
06-Aug-2015,6540.95,6542.17,6470.2,6471.41,0,3843.18
07-Aug-2015,6454.23,6495.5,6354.25,6395.14,0,2416.86
10-Aug-2015,6389.55,6563.43,6371.53,6544.97,0,4240.19
11-Aug-2015,6545.26,6552.93,6470.29,6477.88,0,2183.86
12-Aug-2015,6487.77,6558.37,6371.16,6441.25,0,7544.02
13-Aug-2015,6446.52,6463.73,6411.58,6428.75,0,2743.06
14-Aug-2015,6451.35,6510.72,6418.04,6477.28,0,4596.67
17-Aug-2015,6479.45,6526.41,6386.14,6432.76,0,4991.6
18-Aug-2015,6450.49,6486.29,6308.77,6343.98,0,4164.06
19-Aug-2015,6349.16,6382.48,6232.41,6265.29,0,2374.62
20-Aug-2015,6267.18,6340.95,6266.1,6339.86,0,4618.68
21-Aug-2015,6336.19,6377.27,6272.54,6313.47,0,1774.0
24-Aug-2015,6318.12,6355.99,6281.01,6318.87,0,1935.98
25-Aug-2015,6317.59,6349.08,6264.45,6295.83,0,3080.06
26-Aug-2015,6288.5,6320.09,6183.99,6215.21,0,2655.15
27-Aug-2015,6211.63,6224.4,6185.12,6197.86,0,2862.1
28-Aug-2015,6193.98,6280.95,6032.92,6118.84,0,3263.02
31-Aug-2015,6118.37,6183.98,6054.92,6120.52,0,3498.59
01-Sep-2015,6124.92,6194.21,6064.95,6134.15,0,2360.94
02-Sep-2015,6131.47,6159.36,6048.44,6076.08,0,3678.06
03-Sep-2015,6091.33,6128.26,6038.37,6075.21,0,5188.28
04-Sep-2015,6086.52,6109.76,6022.04,6045.12,0,3158.59
07-Sep-2015,6055.46,6069.2,6018.42,6032.11,0,1325.12
08-Sep-2015,6018.34,6050.25,5921.6,5953.15,0,3226.79
09-Sep-2015,5963.58,5974.63,5893.81,5904.76,0,2387.5
10-Sep-2015,5898.64,5924.39,5823.25,5848.79,0,2281.35
11-Sep-2015,5852.79,5898.33,5788.69,5834.09,0,1833.45
14-Sep-2015,5826.74,5881.27,5809.61,5864.03,0,4647.4
15-Sep-2015,5855.68,5919.86,5838.06,5902.09,0,1941.46
16-Sep-2015,5919.14,5969.45,5772.83,5822.31,0,1619.52
17-Sep-2015,5832.87,5860.72,5762.57,5790.22,0,2280.8
18-Sep-2015,5791.94,5814.81,5779.05,5801.9,0,3285.57
21-Sep-2015,5801.83,5822.34,5719.5,5739.79,0,3567.52
22-Sep-2015,5735.57,5780.37,5590.77,5634.77,0,2101.17
23-Sep-2015,5631.11,5655.85,5617.24,5641.96,0,1847.75
24-Sep-2015,5641.8,5727.42,5639.54,5725.13,0,2827.98
25-Sep-2015,5744.33,5817.4,5570.95,5642.73,0,3447.04
28-Sep-2015,5650.54,5728.79,5507.82,5585.16,0,3668.55
29-Sep-2015,5571.77,5589.02,5545.07,5562.29,0,2798.75
30-Sep-2015,5566.54,5593.91,5544.72,5572.07,0,3248.59
01-Oct-2015,5569.75,5598.6,5489.54,5518.12,0,6673.72
02-Oct-2015,5500.37,5547.05,5462.37,5508.99,0,2742.84
05-Oct-2015,5499.49,5560.67,5387.03,5447.64,0,1802.43
06-Oct-2015,5448.24,5488.92,5426.39,5467.0,0,2535.59
07-Oct-2015,5461.97,5481.41,5425.02,5444.4,0,2042.8
08-Oct-2015,5431.46,5496.32,5402.07,5466.74,0,2061.53
09-Oct-2015,5483.6,5511.54,5442.9,5470.77,0,2943.86
12-Oct-2015,5452.78,5562.19,5417.73,5526.66,0,3226.84
13-Oct-2015,5491.58,5516.25,5464.15,5488.8,0,2603.1
14-Oct-2015,5488.2,5523.98,5435.91,5471.57,0,2704.66
15-Oct-2015,5476.63,5600.42,5460.2,5583.67,0,2801.61
16-Oct-2015,5570.15,5638.94,5549.32,5617.93,0,10563.33
19-Oct-2015,5627.12,5675.44,5493.76,5541.34,0,3734.72
20-Oct-2015,5550.86,5571.64,5495.31,5515.96,0,1380.49
21-Oct-2015,5538.35,5552.11,5473.25,5486.89,0,2774.79
22-Oct-2015,5491.9,5523.82,5448.52,5480.37,0,2006.1
23-Oct-2015,5491.82,5530.56,5456.82,5495.53,0,6657.28
26-Oct-2015,5497.05,5523.19,5441.58,5467.58,0,2592.31
27-Oct-2015,5472.9,5493.84,5449.92,5470.86,0,6949.16
28-Oct-2015,5477.24,5518.75,5350.63,5391.49,0,1927.34
29-Oct-2015,5380.8,5408.88,5343.06,5371.08,0,2503.72
30-Oct-2015,5355.98,5445.01,5321.98,5410.66,0,3754.66
02-Nov-2015,5408.02,5455.31,5381.79,5428.98,0,5600.01
03-Nov-2015,5426.61,5476.19,5394.67,5444.15,0,3694.15
04-Nov-2015,5433.67,5456.72,5410.65,5433.69,0,4079.27
05-Nov-2015,5431.35,5498.37,5392.93,5459.75,0,2129.72
06-Nov-2015,5457.25,5522.99,5371.74,5437.24,0,6385.42
09-Nov-2015,5432.67,5480.8,5388.57,5436.66,0,2009.61
10-Nov-2015,5443.27,5520.7,5423.32,5500.53,0,3127.7
11-Nov-2015,5505.76,5556.11,5471.23,5521.49,0,3418.12
12-Nov-2015,5504.72,5519.68,5454.11,5468.98,0,4497.39
13-Nov-2015,5470.26,5528.33,5279.24,5335.89,0,3951.35
16-Nov-2015,5354.6,5419.88,5281.09,5346.27,0,3677.0
17-Nov-2015,5331.71,5408.46,5298.29,5374.77,0,1540.71
18-Nov-2015,5377.66,5388.82,5347.68,5358.79,0,3501.92
19-Nov-2015,5362.83,5379.95,5292.22,5309.17,0,2395.79
20-Nov-2015,5305.67,5367.27,5281.15,5342.59,0,3266.61
23-Nov-2015,5351.32,5365.02,5291.68,5305.26,0,3617.6
24-Nov-2015,5300.16,5424.16,5264.3,5387.71,0,3513.22
25-Nov-2015,5379.59,5408.33,5256.09,5284.32,0,2677.58
26-Nov-2015,5278.01,5301.99,5190.12,5213.81,0,2500.22
27-Nov-2015,5215.82,5272.64,5183.97,5240.64,0,2751.27
30-Nov-2015,5232.54,5251.56,5210.24,5229.24,0,3170.52
01-Dec-2015,5226.87,5253.5,5183.32,5209.87,0,2400.8
02-Dec-2015,5210.18,5247.6,5146.84,5184.08,0,3961.17
03-Dec-2015,5176.15,5236.22,5150.12,5210.01,0,1744.41
04-Dec-2015,5206.08,5263.36,5156.21,5213.41,0,2222.28
07-Dec-2015,5225.06,5246.66,5156.06,5177.47,0,2732.79
08-Dec-2015,5178.89,5344.78,5145.71,5310.76,0,4915.05
09-Dec-2015,5306.24,5359.2,5265.15,5318.03,0,3984.61
10-Dec-2015,5323.27,5402.59,5296.25,5375.3,0,4004.85
11-Dec-2015,5384.13,5443.86,5348.33,5407.9,0,4378.69
14-Dec-2015,5420.51,5434.85,5352.53,5366.73,0,2784.4
15-Dec-2015,5359.77,5399.92,5337.21,5377.28,0,2967.64
16-Dec-2015,5366.75,5442.2,5343.89,5419.13,0,2506.75
17-Dec-2015,5403.47,5552.7,5355.72,5504.07,0,2322.79
18-Dec-2015,5493.54,5619.68,5471.64,5597.37,0,2519.23
21-Dec-2015,5571.07,5642.01,5516.47,5587.25,0,3143.89
22-Dec-2015,5592.23,5656.73,5490.28,5554.35,0,3529.01
23-Dec-2015,5565.47,5660.34,5544.52,5639.11,0,3192.55
24-Dec-2015,5655.04,5702.94,5536.94,5584.24,0,6411.55
25-Dec-2015,5591.95,5612.75,5505.6,5526.15,0,2643.92
28-Dec-2015,5519.41,5619.87,5490.86,5590.94,0,2056.44
29-Dec-2015,5613.6,5631.22,5579.34,5596.9,0,2718.05
30-Dec-2015,5586.09,5618.61,5562.35,5594.83,0,2266.76
31-Dec-2015,5584.76,5605.2,5565.68,5586.12,0,3355.13
01-Jan-2016,5576.18,5683.95,5536.15,5643.44,0,2051.27
04-Jan-2016,5646.46,5674.29,5628.28,5656.08,0,3107.04
05-Jan-2016,5661.99,5707.07,5537.36,5581.8,0,6086.93
06-Jan-2016,5570.73,5703.89,5522.08,5654.51,0,1441.25
07-Jan-2016,5668.28,5764.03,5632.2,5727.57,0,3300.55
08-Jan-2016,5757.97,5785.04,5754.71,5781.77,0,4015.93
11-Jan-2016,5784.56,5800.71,5718.05,5734.05,0,4671.52
12-Jan-2016,5748.99,5801.06,5625.8,5677.22,0,3497.97
13-Jan-2016,5679.98,5789.85,5633.19,5742.55,0,2541.52
14-Jan-2016,5732.06,5822.13,5713.28,5803.12,0,3028.92
15-Jan-2016,5798.65,5821.75,5722.69,5745.57,0,1364.03
18-Jan-2016,5764.68,5802.76,5670.75,5708.46,0,1646.66
19-Jan-2016,5723.55,5736.92,5691.09,5704.41,0,1057.61
20-Jan-2016,5702.75,5732.69,5651.87,5681.71,0,4982.31
21-Jan-2016,5681.61,5705.86,5640.42,5664.6,0,4384.75
22-Jan-2016,5684.79,5728.58,5645.72,5689.48,0,4492.02
25-Jan-2016,5673.4,5765.85,5630.43,5722.52,0,4635.81
26-Jan-2016,5717.44,5841.18,5706.76,5830.29,0,2403.08
27-Jan-2016,5838.37,5869.3,5768.82,5799.55,0,3631.69
28-Jan-2016,5809.13,5826.4,5750.9,5768.05,0,2225.91
29-Jan-2016,5767.18,5842.06,5700.63,5775.41,0,2997.36
01-Feb-2016,5780.35,5794.25,5750.57,5764.43,0,4308.83
02-Feb-2016,5779.29,5836.56,5695.82,5752.82,0,1673.03
03-Feb-2016,5727.96,5836.27,5699.58,5807.51,0,2199.18
04-Feb-2016,5811.94,5864.63,5778.68,5831.27,0,1734.07
05-Feb-2016,5831.39,5855.82,5744.9,5769.08,0,3864.28
08-Feb-2016,5776.41,5830.65,5741.01,5795.13,0,3489.45
09-Feb-2016,5803.55,5805.06,5796.61,5798.12,0,3241.14
10-Feb-2016,5795.45,5848.46,5766.44,5819.33,0,1795.37
11-Feb-2016,5825.78,5854.31,5813.64,5842.14,0,2109.55
12-Feb-2016,5823.79,5865.89,5790.9,5832.95,0,2234.98
15-Feb-2016,5834.77,5861.83,5812.66,5839.7,0,4860.92
16-Feb-2016,5849.98,5920.05,5829.41,5899.31,0,3280.29
17-Feb-2016,5906.65,5938.07,5830.9,5862.08,0,3689.24
18-Feb-2016,5870.81,5913.86,5825.68,5868.72,0,6070.22
19-Feb-2016,5851.24,5896.89,5754.89,5800.14,0,2101.76
22-Feb-2016,5804.71,5840.45,5629.74,5664.62,0,1342.79
23-Feb-2016,5674.86,5717.94,5661.56,5704.56,0,2447.35
24-Feb-2016,5690.72,5731.19,5668.76,5709.17,0,2332.6
25-Feb-2016,5708.21,5728.42,5695.77,5715.96,0,4386.42
26-Feb-2016,5710.78,5871.33,5678.31,5838.13,0,2130.84
29-Feb-2016,5830.24,5972.82,5798.59,5940.56,0,5982.6
01-Mar-2016,5935.18,6024.64,5886.26,5975.38,0,2017.5
02-Mar-2016,5979.18,6036.25,5849.6,5905.97,0,4720.66
03-Mar-2016,5916.6,5930.06,5861.68,5875.04,0,2487.34
04-Mar-2016,5853.86,5959.94,5798.09,5903.7,0,1409.05
07-Mar-2016,5913.32,5925.49,5860.43,5872.51,0,2932.96
08-Mar-2016,5869.18,5938.47,5831.06,5900.15,0,1856.98
09-Mar-2016,5907.71,5935.18,5885.42,5912.87,0,2456.42
10-Mar-2016,5907.19,5960.0,5868.81,5921.53,0,2724.83
11-Mar-2016,5928.51,5977.9,5871.97,5921.29,0,3415.48
14-Mar-2016,5912.06,5943.58,5849.2,5880.56,0,1620.29
15-Mar-2016,5880.22,5990.08,5836.92,5946.3,0,4091.8
16-Mar-2016,5969.54,6022.7,5890.07,5943.0,0,3415.35
17-Mar-2016,5954.71,5984.61,5842.43,5871.91,0,4338.09
18-Mar-2016,5876.47,5943.07,5729.83,5795.52,0,3216.07
21-Mar-2016,5787.39,5832.2,5703.3,5747.8,0,3043.71
22-Mar-2016,5735.72,5805.99,5718.52,5788.63,0,2727.8
23-Mar-2016,5795.8,5865.9,5784.71,5854.69,0,2207.57
24-Mar-2016,5858.11,5912.56,5830.09,5884.42,0,2545.97
25-Mar-2016,5853.72,5954.94,5832.44,5933.38,0,3041.7
28-Mar-2016,5929.52,5972.1,5878.75,5921.27,0,3191.7
29-Mar-2016,5911.93,5990.31,5875.39,5953.5,0,2297.09
30-Mar-2016,5949.52,6026.09,5879.96,5956.45,0,5372.75
31-Mar-2016,5979.78,6040.66,5902.62,5963.34,0,2346.93
01-Apr-2016,5971.61,6017.88,5919.35,5965.57,0,1765.98
04-Apr-2016,5949.4,5970.7,5914.69,5935.94,0,2319.65
05-Apr-2016,5939.98,5968.85,5825.74,5854.19,0,1479.29
06-Apr-2016,5869.9,5948.64,5852.3,5930.86,0,6155.23
07-Apr-2016,5910.78,5981.64,5872.98,5943.63,0,3281.97
08-Apr-2016,5925.95,5976.54,5845.63,5895.96,0,1453.39
11-Apr-2016,5913.81,5969.89,5796.48,5851.98,0,2733.61
12-Apr-2016,5846.11,5884.13,5755.33,5793.0,0,2103.94
13-Apr-2016,5801.15,5834.05,5722.86,5755.5,0,8193.52
14-Apr-2016,5753.91,5762.13,5722.02,5730.21,0,5143.86
15-Apr-2016,5728.45,5797.48,5689.62,5758.45,0,2714.12
18-Apr-2016,5742.62,5781.23,5677.85,5716.28,0,2234.99
19-Apr-2016,5712.95,5748.02,5711.06,5746.11,0,1337.61
20-Apr-2016,5766.23,5814.76,5660.72,5708.77,0,2971.94
21-Apr-2016,5720.95,5818.1,5667.1,5763.84,0,1974.73
22-Apr-2016,5769.66,5779.06,5732.27,5741.62,0,3276.86
25-Apr-2016,5743.66,5822.69,5704.82,5783.57,0,3605.78
26-Apr-2016,5789.19,5863.72,5737.42,5811.74,0,2474.85
27-Apr-2016,5820.53,5840.71,5766.09,5786.15,0,2143.38
28-Apr-2016,5792.87,5881.33,5729.23,5817.42,0,2894.75
29-Apr-2016,5812.79,5887.67,5783.85,5858.51,0,2844.78
02-May-2016,5838.11,5901.7,5829.69,5893.19,0,2389.47
03-May-2016,5889.13,5908.47,5795.05,5814.15,0,2884.33
04-May-2016,5834.18,5890.53,5722.5,5778.31,0,3276.02
05-May-2016,5795.25,5836.93,5713.58,5754.96,0,3069.78
06-May-2016,5727.01,5817.02,5713.33,5803.15,0,1242.62
09-May-2016,5805.01,5852.42,5754.95,5802.33,0,2799.72
10-May-2016,5826.24,5887.62,5791.06,5852.28,0,2551.79
11-May-2016,5835.42,5887.35,5813.4,5865.21,0,2972.42
12-May-2016,5851.34,5882.97,5805.49,5837.04,0,2317.74
13-May-2016,5846.24,5910.12,5679.97,5742.72,0,2779.43
16-May-2016,5754.73,5833.07,5652.71,5730.72,0,1762.17
17-May-2016,5725.72,5735.63,5723.17,5733.07,0,3431.56
18-May-2016,5729.09,5789.32,5680.28,5740.41,0,3084.94
19-May-2016,5753.59,5803.08,5650.48,5699.51,0,1238.31
20-May-2016,5703.77,5721.2,5620.17,5637.4,0,1548.95
23-May-2016,5645.72,5676.83,5594.94,5625.94,0,2759.04
24-May-2016,5610.59,5625.23,5556.53,5571.07,0,2940.37
25-May-2016,5584.08,5645.49,5427.88,5488.24,0,1368.28
26-May-2016,5482.07,5508.75,5458.38,5485.05,0,4375.87
27-May-2016,5486.79,5601.58,5448.97,5563.23,0,3800.46
30-May-2016,5562.43,5674.22,5507.76,5618.99,0,2215.17
31-May-2016,5628.59,5665.38,5545.73,5582.22,0,4170.91
01-Jun-2016,5598.11,5633.14,5464.59,5499.0,0,1654.25
02-Jun-2016,5466.41,5580.54,5424.38,5537.96,0,3723.95
03-Jun-2016,5542.39,5628.75,5533.15,5619.37,0,3401.95
06-Jun-2016,5609.64,5723.76,5564.49,5678.05,0,1514.27
07-Jun-2016,5679.55,5731.15,5582.8,5633.99,0,4409.5
08-Jun-2016,5641.84,5695.6,5634.13,5687.83,0,4502.28
09-Jun-2016,5671.42,5828.65,5643.67,5800.27,0,3064.24
10-Jun-2016,5811.0,5822.83,5758.53,5770.28,0,2794.53
13-Jun-2016,5770.14,5835.29,5749.78,5814.77,0,4538.35
14-Jun-2016,5830.17,5893.53,5734.52,5797.53,0,4653.86
15-Jun-2016,5807.34,5859.01,5769.82,5821.39,0,2701.49
16-Jun-2016,5827.71,5864.79,5791.44,5828.51,0,1788.65
17-Jun-2016,5821.94,5884.52,5769.57,5832.05,0,3095.32
20-Jun-2016,5800.76,5827.62,5752.03,5778.78,0,2524.06
21-Jun-2016,5781.32,5812.62,5762.82,5794.08,0,4007.48
22-Jun-2016,5789.23,5891.54,5768.16,5870.18,0,2994.17
23-Jun-2016,5867.88,5941.05,5787.52,5860.59,0,3068.25
24-Jun-2016,5867.31,5957.98,5862.95,5953.55,0,1430.34
27-Jun-2016,5970.0,6026.68,5842.92,5898.93,0,4028.97
28-Jun-2016,5890.72,5979.02,5815.36,5903.5,0,4773.11
29-Jun-2016,5895.59,5916.15,5744.1,5764.2,0,1506.28
30-Jun-2016,5759.3,5764.73,5737.78,5743.19,0,4153.15
01-Jul-2016,5742.37,5891.05,5712.38,5860.44,0,2043.04
04-Jul-2016,5840.04,5951.33,5811.13,5922.01,0,4104.9
05-Jul-2016,5927.96,5992.68,5789.03,5852.93,0,2358.55
06-Jul-2016,5857.53,5941.61,5810.93,5894.72,0,2054.64
07-Jul-2016,5900.91,5955.53,5792.91,5847.03,0,3342.37
08-Jul-2016,5837.53,5871.23,5771.78,5805.29,0,1941.5
11-Jul-2016,5806.63,5852.31,5767.17,5812.8,0,1900.96
12-Jul-2016,5826.67,5850.78,5742.32,5766.17,0,3333.85
13-Jul-2016,5756.55,5797.12,5729.75,5770.26,0,2285.31
14-Jul-2016,5784.37,5816.32,5764.16,5796.07,0,1821.27
15-Jul-2016,5783.61,5850.22,5719.65,5786.23,0,2200.95
18-Jul-2016,5787.53,5865.67,5665.6,5743.14,0,4765.43
19-Jul-2016,5752.27,5757.54,5746.61,5751.88,0,7151.29
20-Jul-2016,5733.5,5813.14,5684.91,5764.29,0,2536.91
21-Jul-2016,5753.37,5800.33,5717.12,5764.01,0,5807.65
22-Jul-2016,5762.73,5941.56,5727.07,5905.02,0,3378.75
25-Jul-2016,5901.69,5951.2,5848.57,5898.05,0,3035.05
26-Jul-2016,5888.75,5922.37,5699.17,5731.88,0,4516.0
27-Jul-2016,5727.44,5902.09,5692.45,5866.26,0,3162.09
28-Jul-2016,5892.9,5998.54,5828.99,5934.18,0,3813.31
29-Jul-2016,5931.89,6001.07,5769.16,5837.23,0,2608.84
01-Aug-2016,5856.6,5894.87,5831.77,5869.98,0,2576.94
02-Aug-2016,5861.55,5911.54,5795.2,5845.05,0,2057.78
03-Aug-2016,5858.86,5917.94,5824.44,5883.38,0,5491.31
04-Aug-2016,5872.47,5994.7,5832.0,5953.68,0,3073.82
05-Aug-2016,5938.47,5989.55,5873.13,5924.08,0,2790.74
08-Aug-2016,5905.11,5908.48,5877.3,5880.65,0,9356.99
09-Aug-2016,5883.09,5900.76,5840.91,5858.51,0,2418.75
10-Aug-2016,5849.75,5903.68,5763.93,5817.56,0,1652.65
11-Aug-2016,5811.64,5853.3,5789.67,5831.26,0,2786.94
12-Aug-2016,5842.51,5878.74,5694.71,5730.23,0,3586.8
15-Aug-2016,5738.38,5798.35,5657.65,5717.41,0,6447.59
16-Aug-2016,5709.66,5739.04,5612.88,5641.91,0,2302.32
17-Aug-2016,5663.96,5716.27,5583.96,5636.02,0,2632.94
18-Aug-2016,5621.41,5643.54,5601.91,5624.03,0,2859.49
19-Aug-2016,5641.1,5732.44,5616.36,5707.4,0,2375.02
22-Aug-2016,5717.51,5770.55,5648.98,5701.87,0,4360.94
23-Aug-2016,5721.7,5780.21,5588.12,5645.85,0,2219.62
24-Aug-2016,5633.34,5686.35,5587.27,5640.22,0,5168.15
25-Aug-2016,5630.55,5656.83,5622.1,5648.36,0,2131.43
26-Aug-2016,5657.87,5826.43,5624.65,5792.42,0,3314.14
29-Aug-2016,5771.69,5820.37,5757.64,5806.23,0,4748.36
30-Aug-2016,5811.5,5835.36,5745.44,5769.12,0,3401.23
31-Aug-2016,5779.73,5857.28,5744.1,5821.39,0,1940.54
01-Sep-2016,5822.81,5831.69,5708.42,5717.14,0,2078.65
02-Sep-2016,5711.84,5902.18,5665.09,5854.27,0,2052.24
05-Sep-2016,5857.23,5907.96,5822.76,5873.4,0,2208.46
06-Sep-2016,5889.18,5911.14,5878.15,5900.09,0,1778.84
07-Sep-2016,5914.89,6032.43,5866.38,5983.35,0,1866.55
08-Sep-2016,5982.72,6006.76,5870.94,5894.63,0,3993.96
09-Sep-2016,5889.91,5926.57,5802.4,5838.74,0,2219.29
12-Sep-2016,5855.09,5884.32,5711.83,5740.48,0,2456.14
13-Sep-2016,5742.42,5785.75,5716.69,5759.94,0,4416.68
14-Sep-2016,5750.12,5785.78,5632.45,5667.6,0,1590.66
15-Sep-2016,5674.1,5691.4,5642.42,5659.68,0,2484.76
16-Sep-2016,5659.85,5720.23,5643.25,5703.5,0,3837.19
19-Sep-2016,5716.56,5786.86,5678.0,5748.09,0,1423.65
20-Sep-2016,5761.39,5793.87,5730.04,5762.51,0,1371.38
21-Sep-2016,5778.2,5835.7,5665.31,5722.25,0,4981.67
22-Sep-2016,5730.68,5775.49,5680.97,5725.75,0,2679.32
23-Sep-2016,5719.48,5764.43,5646.43,5691.16,0,3930.63
26-Sep-2016,5676.77,5735.7,5669.0,5727.86,0,3115.92
27-Sep-2016,5726.64,5765.29,5601.48,5639.55,0,5627.42
28-Sep-2016,5636.51,5677.02,5501.35,5541.17,0,2294.55
29-Sep-2016,5549.95,5642.95,5502.24,5594.86,0,4348.21
30-Sep-2016,5602.07,5638.22,5586.29,5622.38,0,5733.26
03-Oct-2016,5616.54,5655.63,5534.83,5573.63,0,2382.51
04-Oct-2016,5571.43,5604.59,5525.05,5558.13,0,3649.75
05-Oct-2016,5563.5,5634.18,5462.67,5532.97,0,2472.67
06-Oct-2016,5558.11,5585.33,5479.43,5506.39,0,2487.84
07-Oct-2016,5507.96,5561.56,5441.1,5494.57,0,5441.37
10-Oct-2016,5504.53,5515.45,5490.95,5501.87,0,3916.32
11-Oct-2016,5502.84,5706.45,5450.76,5652.95,0,2509.93
12-Oct-2016,5645.9,5704.66,5611.81,5670.42,0,2005.41
13-Oct-2016,5686.89,5729.94,5602.41,5645.14,0,3163.41
14-Oct-2016,5656.17,5671.75,5601.91,5617.39,0,3035.08
17-Oct-2016,5595.6,5598.81,5550.37,5553.55,0,2656.96
18-Oct-2016,5537.02,5605.35,5486.58,5554.75,0,2665.54
19-Oct-2016,5560.95,5598.43,5532.62,5570.05,0,1795.21
20-Oct-2016,5562.13,5571.49,5503.28,5512.56,0,3452.46
21-Oct-2016,5503.69,5522.17,5485.97,5504.45,0,4056.32
24-Oct-2016,5508.75,5538.02,5459.51,5488.67,0,3924.27
25-Oct-2016,5489.43,5597.08,5430.36,5537.5,0,1608.54
26-Oct-2016,5537.33,5556.42,5459.82,5478.71,0,2963.0
27-Oct-2016,5482.62,5525.44,5469.31,5512.05,0,2264.98
28-Oct-2016,5519.62,5620.6,5459.82,5560.36,0,2536.73
31-Oct-2016,5552.0,5650.43,5510.68,5608.69,0,3270.5
01-Nov-2016,5600.81,5630.72,5579.04,5608.92,0,2187.76
02-Nov-2016,5614.38,5645.66,5505.12,5535.97,0,3258.61
03-Nov-2016,5544.76,5583.94,5444.03,5482.77,0,2395.06
04-Nov-2016,5478.21,5536.54,5422.17,5480.48,0,4630.16
07-Nov-2016,5484.45,5495.45,5434.61,5445.53,0,2463.88
08-Nov-2016,5448.92,5495.24,5381.13,5427.27,0,2566.64
09-Nov-2016,5428.23,5562.49,5403.14,5536.9,0,3100.73
10-Nov-2016,5547.56,5649.1,5519.9,5621.08,0,1600.62
11-Nov-2016,5607.13,5703.64,5574.5,5670.65,0,1572.11
14-Nov-2016,5653.53,5688.75,5554.3,5589.13,0,3199.65
15-Nov-2016,5584.08,5603.93,5539.32,5559.08,0,2280.26
16-Nov-2016,5550.01,5555.06,5504.44,5509.45,0,4379.55
17-Nov-2016,5510.65,5592.22,5478.05,5559.33,0,1826.71
18-Nov-2016,5542.42,5605.83,5493.68,5556.96,0,3112.79
21-Nov-2016,5576.84,5605.45,5571.35,5599.94,0,4078.58
22-Nov-2016,5607.06,5616.14,5551.51,5560.52,0,1141.43
23-Nov-2016,5551.47,5581.18,5487.84,5517.37,0,3543.76
24-Nov-2016,5495.1,5578.67,5454.59,5537.84,0,4605.9
25-Nov-2016,5552.93,5572.61,5488.8,5508.33,0,3832.8
28-Nov-2016,5509.35,5555.55,5446.44,5492.49,0,7181.68
29-Nov-2016,5482.35,5562.37,5468.99,5548.85,0,2907.38
30-Nov-2016,5556.82,5651.85,5508.67,5603.3,0,2219.37
01-Dec-2016,5606.29,5660.79,5568.8,5623.18,0,1737.0
02-Dec-2016,5622.31,5763.03,5587.82,5727.89,0,3381.61
05-Dec-2016,5720.69,5833.42,5652.75,5764.96,0,1759.05
06-Dec-2016,5781.2,5800.45,5716.7,5735.8,0,3173.52
07-Dec-2016,5722.19,5777.96,5673.73,5729.44,0,2606.18
08-Dec-2016,5747.08,5800.0,5674.9,5727.64,0,1688.61
09-Dec-2016,5719.4,5760.88,5715.09,5756.55,0,2919.11
12-Dec-2016,5760.06,5785.38,5657.82,5682.8,0,5321.63
13-Dec-2016,5662.66,5733.68,5618.64,5689.45,0,5292.29
14-Dec-2016,5718.93,5784.47,5697.88,5763.25,0,2561.04
15-Dec-2016,5786.01,5815.96,5752.19,5782.12,0,3046.86
16-Dec-2016,5786.39,5818.64,5701.36,5733.32,0,5213.08
19-Dec-2016,5738.25,5787.3,5599.7,5647.97,0,2629.25
20-Dec-2016,5643.27,5698.87,5609.75,5665.22,0,3643.86
21-Dec-2016,5669.06,5783.65,5599.19,5713.23,0,1815.01
22-Dec-2016,5716.46,5770.49,5644.57,5698.43,0,1904.79
23-Dec-2016,5704.47,5739.46,5637.34,5672.13,0,6096.18
26-Dec-2016,5668.65,5703.27,5581.31,5615.6,0,2194.1
27-Dec-2016,5613.96,5690.31,5575.86,5651.96,0,1646.08
28-Dec-2016,5642.73,5718.02,5592.17,5667.24,0,5441.12
29-Dec-2016,5675.14,5711.24,5613.32,5649.26,0,2689.14
30-Dec-2016,5636.05,5714.27,5545.35,5623.4,0,4340.57
02-Jan-2017,5612.02,5658.35,5579.77,5626.02,0,2495.61
03-Jan-2017,5610.96,5702.75,5557.57,5649.01,0,2216.98
04-Jan-2017,5644.17,5670.45,5625.17,5651.43,0,1262.5
05-Jan-2017,5666.54,5823.75,5645.91,5802.62,0,2288.44
06-Jan-2017,5802.76,6010.54,5754.53,5961.0,0,6009.83
09-Jan-2017,5931.92,6001.75,5892.4,5962.03,0,1570.97
10-Jan-2017,5952.82,6204.81,5892.08,6142.13,0,2620.33
11-Jan-2017,6150.03,6221.27,6077.55,6148.77,0,2434.73
12-Jan-2017,6142.98,6181.02,6049.86,6087.55,0,3646.76
13-Jan-2017,6068.67,6116.69,5974.03,6021.69,0,1811.71
16-Jan-2017,6022.29,6084.05,5904.4,5965.57,0,1524.15
17-Jan-2017,5956.86,5990.74,5722.48,5755.21,0,2936.11
18-Jan-2017,5754.73,5860.65,5723.06,5828.57,0,2624.83
19-Jan-2017,5832.22,5874.69,5776.5,5818.87,0,4033.8
20-Jan-2017,5812.31,5824.64,5758.43,5770.67,0,2681.57
23-Jan-2017,5758.11,5787.0,5745.41,5774.26,0,4979.09
24-Jan-2017,5778.03,5797.78,5730.37,5750.01,0,2158.09
25-Jan-2017,5758.87,5838.16,5733.56,5812.62,0,5394.53
26-Jan-2017,5825.41,5852.65,5744.22,5771.21,0,2818.03
27-Jan-2017,5763.24,5794.19,5745.4,5776.31,0,3595.33
30-Jan-2017,5783.44,5818.45,5707.97,5742.74,0,3458.06
31-Jan-2017,5761.31,5784.92,5661.52,5684.81,0,2120.29
01-Feb-2017,5684.5,5734.22,5590.34,5639.66,0,2121.84
02-Feb-2017,5637.72,5670.83,5580.79,5613.76,0,4264.98
03-Feb-2017,5636.14,5765.5,5566.47,5695.09,0,2274.04
06-Feb-2017,5719.6,5792.41,5701.31,5773.95,0,5355.08
07-Feb-2017,5781.96,5806.79,5699.32,5723.9,0,6236.53
08-Feb-2017,5710.37,5752.07,5683.63,5725.27,0,2042.15
09-Feb-2017,5702.32,5834.06,5661.82,5792.91,0,3317.9
10-Feb-2017,5796.58,5921.32,5732.91,5856.99,0,3173.29
13-Feb-2017,5843.95,5859.46,5816.36,5831.85,0,3699.08
14-Feb-2017,5844.01,5955.48,5825.95,5937.13,0,3080.34
15-Feb-2017,5937.24,6068.33,5895.06,6025.53,0,2012.15
16-Feb-2017,6013.37,6052.11,5946.33,5984.89,0,4201.44
17-Feb-2017,5994.46,6164.76,5966.98,6136.64,0,2855.06
20-Feb-2017,6134.67,6187.76,5982.63,6034.86,0,3319.47
21-Feb-2017,6039.42,6121.84,6026.14,6108.4,0,2895.51
22-Feb-2017,6099.77,6102.59,6092.35,6095.16,0,4568.23
23-Feb-2017,6094.51,6125.28,6047.11,6077.8,0,2513.99
24-Feb-2017,6075.47,6106.48,6000.7,6031.48,0,3713.75
27-Feb-2017,6033.24,6057.05,5972.46,5996.12,0,3275.03
28-Feb-2017,6010.73,6063.88,5961.76,6014.87,0,1576.56
01-Mar-2017,6010.16,6084.9,5982.72,6057.24,0,2887.37
02-Mar-2017,6043.64,6070.42,5887.25,5913.45,0,5519.07
03-Mar-2017,5930.36,6089.84,5884.74,6043.34,0,3646.79
06-Mar-2017,6044.31,6145.1,5993.72,6094.1,0,2993.49
07-Mar-2017,6099.6,6136.17,6078.55,6115.07,0,2059.24
08-Mar-2017,6106.67,6135.69,6092.08,6121.06,0,5570.56
09-Mar-2017,6112.68,6210.39,6064.75,6162.07,0,8375.94
10-Mar-2017,6160.28,6206.05,6074.19,6119.66,0,2905.92
13-Mar-2017,6112.92,6143.78,6080.71,6111.57,0,2883.71
14-Mar-2017,6105.13,6273.08,6043.65,6210.53,0,7859.64
15-Mar-2017,6210.9,6414.89,6165.72,6368.56,0,1788.35
16-Mar-2017,6359.2,6370.59,6231.09,6242.27,0,6119.72
17-Mar-2017,6248.38,6281.58,6165.84,6198.77,0,2799.92
20-Mar-2017,6207.98,6240.32,6073.89,6105.7,0,1867.52
21-Mar-2017,6097.29,6166.34,5953.65,6021.84,0,1823.04
22-Mar-2017,6031.46,6089.17,5977.24,6034.92,0,2126.18
23-Mar-2017,6017.7,6126.53,5956.83,6065.19,0,3669.55
24-Mar-2017,6066.77,6137.4,6023.31,6093.76,0,4505.25
27-Mar-2017,6101.13,6222.2,6090.09,6210.96,0,2366.16
28-Mar-2017,6231.63,6335.22,6180.09,6283.26,0,2601.94
29-Mar-2017,6264.37,6468.78,6212.81,6415.97,0,3597.89
30-Mar-2017,6414.86,6425.41,6351.24,6361.71,0,2933.99
31-Mar-2017,6338.88,6590.03,6283.37,6532.83,0,6461.58
03-Apr-2017,6510.98,6563.25,6402.12,6453.93,0,4118.65
04-Apr-2017,6434.16,6482.23,6384.61,6432.67,0,1900.21
05-Apr-2017,6448.64,6479.86,6315.72,6346.45,0,4950.02
06-Apr-2017,6351.55,6427.46,6338.53,6414.31,0,3304.3
07-Apr-2017,6426.42,6492.73,6391.4,6457.53,0,2116.69
10-Apr-2017,6446.54,6582.32,6436.6,6572.18,0,2012.45
11-Apr-2017,6607.28,6618.03,6558.93,6569.63,0,3403.11
12-Apr-2017,6584.76,6605.1,6434.0,6453.94,0,3066.2
13-Apr-2017,6449.89,6490.45,6382.42,6422.8,0,3190.56
14-Apr-2017,6438.86,6630.78,6387.16,6577.96,0,2417.67
17-Apr-2017,6586.88,6601.43,6469.13,6483.45,0,3890.06
18-Apr-2017,6488.11,6606.13,6437.44,6554.94,0,2882.04
19-Apr-2017,6552.8,6725.84,6473.65,6645.58,0,5361.87
20-Apr-2017,6641.8,6687.12,6533.8,6578.7,0,2670.41
21-Apr-2017,6594.85,6630.16,6484.19,6519.09,0,2946.45
24-Apr-2017,6501.78,6524.73,6313.46,6335.82,0,3440.65
25-Apr-2017,6322.79,6354.76,6305.92,6337.85,0,2575.3
26-Apr-2017,6327.54,6469.82,6277.88,6419.44,0,2519.59
27-Apr-2017,6413.22,6577.32,6342.61,6505.7,0,2402.62
28-Apr-2017,6487.71,6645.47,6447.81,6604.85,0,2896.26
01-May-2017,6586.08,6662.29,6545.27,6621.26,0,907.59
02-May-2017,6615.79,6665.8,6598.53,6648.46,0,3838.58
03-May-2017,6642.98,6692.67,6597.16,6646.82,0,8334.05
04-May-2017,6647.01,6673.11,6605.6,6631.64,0,2628.56
05-May-2017,6626.88,6647.8,6515.76,6536.38,0,3163.23
08-May-2017,6519.04,6549.93,6431.65,6462.27,0,3252.15
09-May-2017,6465.83,6690.11,6426.05,6649.2,0,7426.52
10-May-2017,6619.46,6817.16,6572.6,6769.24,0,2650.24
11-May-2017,6747.45,6760.84,6743.56,6756.94,0,4759.31
12-May-2017,6734.91,6814.76,6622.44,6701.89,0,2511.42
15-May-2017,6695.09,6777.83,6695.09,6777.83,0,3657.2
16-May-2017,6776.28,6850.47,6665.5,6739.29,0,3344.11
17-May-2017,6739.51,6795.75,6671.25,6727.4,0,2458.68
18-May-2017,6713.89,6834.28,6656.14,6776.0,0,2292.33
19-May-2017,6764.66,6798.29,6685.27,6718.66,0,2151.58
22-May-2017,6729.9,6793.24,6687.92,6751.13,0,1822.49
23-May-2017,6746.06,6770.17,6616.89,6640.62,0,3950.87
24-May-2017,6648.41,6749.06,6591.65,6691.93,0,4421.31
25-May-2017,6694.85,6819.28,6629.05,6752.92,0,3537.26
26-May-2017,6770.96,6828.37,6737.79,6795.09,0,1558.08
29-May-2017,6785.75,6791.82,6629.17,6635.11,0,2588.99
30-May-2017,6623.11,6701.81,6567.4,6645.91,0,4234.72
31-May-2017,6629.75,6644.17,6561.23,6575.54,0,2735.55
01-Jun-2017,6594.69,6646.9,6466.6,6518.2,0,2240.1
02-Jun-2017,6527.89,6553.98,6425.77,6451.55,0,2413.21
05-Jun-2017,6454.5,6489.69,6414.1,6449.26,0,2869.16
06-Jun-2017,6453.62,6480.57,6413.81,6440.7,0,3925.49
07-Jun-2017,6456.15,6510.94,6427.49,6482.15,0,2873.95
08-Jun-2017,6457.54,6571.81,6401.93,6515.69,0,2190.84
09-Jun-2017,6540.64,6602.36,6302.21,6362.25,0,2017.59
12-Jun-2017,6342.82,6353.47,6279.43,6289.98,0,3596.55
13-Jun-2017,6274.83,6431.53,6229.16,6385.06,0,3081.74
14-Jun-2017,6379.56,6455.38,6334.83,6410.43,0,3154.44
15-Jun-2017,6395.29,6513.41,6333.86,6451.44,0,2196.05
16-Jun-2017,6434.3,6521.41,6401.74,6488.58,0,3430.92
19-Jun-2017,6483.76,6557.22,6302.9,6375.13,0,4196.98
20-Jun-2017,6371.96,6444.55,6315.22,6387.66,0,4606.85
21-Jun-2017,6384.83,6460.94,6327.0,6402.94,0,2467.27
22-Jun-2017,6389.23,6465.89,6386.2,6462.83,0,2397.06
23-Jun-2017,6469.24,6549.48,6449.56,6529.61,0,2031.7
26-Jun-2017,6535.88,6563.2,6417.3,6444.23,0,3898.1
27-Jun-2017,6437.54,6479.89,6393.57,6435.91,0,3176.3
28-Jun-2017,6457.45,6523.09,6432.87,6498.36,0,3251.11
29-Jun-2017,6491.69,6533.38,6325.64,6366.53,0,2761.09
30-Jun-2017,6334.68,6427.33,6271.69,6364.05,0,7454.37
03-Jul-2017,6354.99,6434.74,6333.23,6412.78,0,1749.19
04-Jul-2017,6395.86,6444.44,6282.88,6330.97,0,2457.97
05-Jul-2017,6362.08,6389.16,6229.15,6255.78,0,1852.77
06-Jul-2017,6256.56,6269.62,6087.8,6100.53,0,1691.36
07-Jul-2017,6093.19,6255.19,6031.07,6192.06,0,3979.05
10-Jul-2017,6202.46,6269.7,6162.51,6229.57,0,1495.3
11-Jul-2017,6239.0,6331.23,6199.1,6290.99,0,1073.76
12-Jul-2017,6286.38,6320.67,6261.33,6295.58,0,2360.29
13-Jul-2017,6296.89,6344.65,6265.84,6313.52,0,3839.01
14-Jul-2017,6324.95,6362.44,6271.88,6309.29,0,2476.32
17-Jul-2017,6309.34,6350.37,6189.79,6230.31,0,3790.74
18-Jul-2017,6245.52,6394.34,6189.56,6337.56,0,2361.19
19-Jul-2017,6328.56,6411.84,6285.63,6368.64,0,3748.41
20-Jul-2017,6384.69,6433.76,6222.68,6270.87,0,5056.92
21-Jul-2017,6261.16,6287.59,6254.6,6281.01,0,2565.24
24-Jul-2017,6294.23,6334.41,6219.31,6259.26,0,1771.42
25-Jul-2017,6275.68,6382.18,6220.04,6326.1,0,3609.11
26-Jul-2017,6296.36,6394.96,6263.85,6362.11,0,1508.16
27-Jul-2017,6354.37,6412.89,6315.21,6373.61,0,5684.05
28-Jul-2017,6359.47,6374.59,6342.33,6357.44,0,3413.25
31-Jul-2017,6354.0,6416.34,6326.31,6388.5,0,4876.56
01-Aug-2017,6372.54,6492.25,6339.84,6459.11,0,2314.17
02-Aug-2017,6461.65,6544.64,6427.35,6510.08,0,3821.14
03-Aug-2017,6514.86,6543.17,6424.56,6452.61,0,2786.78
04-Aug-2017,6446.25,6459.14,6379.61,6392.4,0,3917.96
07-Aug-2017,6387.27,6430.16,6330.12,6372.91,0,2837.94
08-Aug-2017,6379.76,6433.81,6334.64,6388.62,0,1455.97
09-Aug-2017,6384.91,6437.65,6203.45,6255.12,0,1224.47
10-Aug-2017,6247.07,6427.69,6184.06,6363.51,0,2170.82
11-Aug-2017,6362.09,6364.72,6322.92,6325.54,0,3231.57
14-Aug-2017,6339.18,6420.63,6160.16,6240.34,0,2621.92
15-Aug-2017,6241.49,6329.26,6194.66,6282.13,0,3081.84
16-Aug-2017,6269.18,6295.48,6199.0,6225.11,0,2092.63
17-Aug-2017,6234.09,6307.89,6121.65,6195.0,0,2822.75
18-Aug-2017,6184.91,6225.28,6105.53,6145.64,0,2667.95
21-Aug-2017,6143.43,6234.84,6080.73,6171.85,0,2107.23
22-Aug-2017,6177.94,6233.09,6030.44,6084.77,0,1611.74
23-Aug-2017,6060.4,6097.07,5989.7,6026.16,0,2440.78
24-Aug-2017,6019.18,6063.48,5944.57,5988.64,0,3679.12
25-Aug-2017,5995.58,6027.22,5858.39,5889.47,0,2709.49
28-Aug-2017,5907.27,5913.0,5823.59,5829.24,0,2481.46
29-Aug-2017,5818.53,5828.1,5784.11,5793.64,0,2520.33
30-Aug-2017,5794.33,5813.07,5771.45,5790.17,0,2410.56
31-Aug-2017,5801.46,5914.87,5782.37,5895.47,0,1249.7
01-Sep-2017,5916.02,5945.76,5875.33,5905.01,0,4214.89
04-Sep-2017,5907.37,5993.81,5885.79,5972.0,0,5383.36
05-Sep-2017,6000.84,6035.68,5957.12,5991.91,0,1794.4
06-Sep-2017,6009.13,6054.69,5976.33,6021.82,0,2525.69
07-Sep-2017,6022.95,6042.57,5957.26,5976.72,0,1444.1
08-Sep-2017,5986.78,6129.23,5966.31,6108.35,0,3459.46
11-Sep-2017,6107.17,6248.8,6050.88,6191.73,0,4204.03
12-Sep-2017,6190.66,6229.16,6148.24,6186.7,0,5858.93
13-Sep-2017,6171.9,6242.46,6079.01,6149.31,0,1162.95
14-Sep-2017,6132.91,6172.4,6039.22,6078.37,0,2787.92
15-Sep-2017,6073.53,6122.6,5972.85,6021.5,0,2236.45
18-Sep-2017,6023.64,6095.49,5999.95,6071.62,0,2422.24
19-Sep-2017,6062.18,6129.68,6027.58,6094.9,0,5194.02
20-Sep-2017,6087.43,6159.91,6058.95,6131.22,0,6776.79
21-Sep-2017,6124.05,6254.72,6090.57,6220.71,0,2411.83
22-Sep-2017,6224.48,6263.26,6169.87,6208.55,0,3306.52
25-Sep-2017,6207.69,6240.19,6110.33,6142.49,0,5993.76
26-Sep-2017,6153.4,6166.23,6131.82,6144.63,0,3223.22
27-Sep-2017,6144.74,6253.13,6102.83,6210.77,0,1853.53
28-Sep-2017,6220.5,6234.02,6123.32,6136.67,0,3662.68
29-Sep-2017,6138.76,6200.4,6009.61,6070.56,0,3285.26
02-Oct-2017,6070.65,6109.72,5963.34,6001.97,0,1234.59
03-Oct-2017,5993.31,6026.2,5970.33,6003.18,0,2255.48
04-Oct-2017,6033.32,6084.34,5881.73,5931.89,0,1579.21
05-Oct-2017,5915.25,5947.87,5813.33,5845.57,0,2671.49
06-Oct-2017,5855.18,5979.57,5797.43,5921.17,0,4543.8
09-Oct-2017,5913.84,6040.28,5902.9,6029.12,0,2671.62
10-Oct-2017,6036.79,6064.01,5999.04,6026.22,0,3119.28
11-Oct-2017,6030.57,6097.14,5895.99,5961.8,0,2053.98
12-Oct-2017,5979.04,6020.57,5821.3,5862.01,0,4024.3
13-Oct-2017,5857.9,5931.24,5794.84,5868.06,0,3292.58
16-Oct-2017,5884.12,5927.98,5759.12,5802.36,0,2577.36
17-Oct-2017,5816.65,5859.53,5760.97,5803.75,0,1594.56
18-Oct-2017,5795.39,5969.26,5784.76,5958.33,0,4943.1
19-Oct-2017,5964.01,6112.82,5892.0,6039.89,0,4551.76
20-Oct-2017,6054.77,6097.36,5925.4,5967.38,0,2044.87
23-Oct-2017,5951.66,6091.93,5915.75,6055.39,0,4052.31
24-Oct-2017,6074.26,6113.86,5936.43,5975.39,0,3177.66
25-Oct-2017,5990.66,6076.81,5935.44,6021.31,0,1592.38
26-Oct-2017,6013.16,6115.98,5956.85,6059.25,0,2898.63
27-Oct-2017,6083.78,6116.31,5971.61,6003.71,0,3768.89
30-Oct-2017,5991.57,6023.03,5808.2,5838.86,0,3709.36
31-Oct-2017,5819.06,5878.17,5675.46,5733.7,0,4580.0
01-Nov-2017,5727.67,5766.19,5611.77,5649.76,0,2693.76
02-Nov-2017,5639.98,5643.84,5602.93,5606.76,0,3699.88
03-Nov-2017,5611.97,5659.23,5577.72,5624.9,0,3988.54
06-Nov-2017,5639.48,5734.71,5608.01,5702.88,0,1728.71
07-Nov-2017,5683.12,5831.6,5606.06,5753.58,0,4324.5
08-Nov-2017,5748.78,5784.86,5706.09,5742.14,0,7862.04
09-Nov-2017,5751.2,5809.84,5723.83,5782.33,0,1277.78
10-Nov-2017,5788.87,5832.13,5714.56,5757.59,0,5221.9
13-Nov-2017,5752.56,5789.72,5664.99,5701.82,0,2961.39
14-Nov-2017,5688.69,5737.3,5508.37,5555.84,0,3061.46
15-Nov-2017,5558.8,5625.45,5522.54,5588.99,0,2866.47
16-Nov-2017,5576.82,5654.52,5557.21,5634.7,0,3075.77
17-Nov-2017,5623.03,5694.23,5519.32,5590.11,0,4048.29
20-Nov-2017,5581.55,5664.78,5538.19,5621.12,0,7175.66
21-Nov-2017,5608.22,5609.6,5570.0,5571.37,0,5133.61
22-Nov-2017,5565.9,5638.81,5550.02,5622.77,0,2846.4
23-Nov-2017,5627.84,5681.95,5607.5,5661.49,0,3774.55
24-Nov-2017,5659.17,5703.11,5534.24,5577.53,0,2070.47
27-Nov-2017,5557.05,5682.35,5527.29,5652.09,0,4170.82
28-Nov-2017,5636.98,5663.54,5610.12,5636.68,0,2749.47
29-Nov-2017,5645.74,5657.48,5602.38,5614.06,0,1736.91
30-Nov-2017,5595.56,5696.71,5540.68,5641.39,0,2134.59
01-Dec-2017,5631.66,5682.12,5531.65,5581.66,0,2711.12
04-Dec-2017,5590.84,5630.89,5539.3,5579.26,0,4857.96
05-Dec-2017,5577.63,5627.05,5454.89,5503.66,0,2714.04
06-Dec-2017,5503.33,5575.86,5475.85,5548.16,0,5359.1
07-Dec-2017,5551.85,5629.83,5500.29,5578.03,0,1582.47
08-Dec-2017,5584.85,5771.65,5553.74,5739.68,0,2541.29
11-Dec-2017,5736.13,5884.1,5675.29,5822.35,0,3089.89
12-Dec-2017,5825.57,5866.18,5770.04,5810.54,0,3854.65
13-Dec-2017,5823.1,5878.22,5758.33,5813.36,0,2498.85
14-Dec-2017,5785.27,5885.38,5730.59,5830.28,0,1713.38
15-Dec-2017,5840.25,6023.79,5798.89,5981.43,0,3049.0
18-Dec-2017,5988.87,6033.69,5972.58,6017.32,0,2242.92
19-Dec-2017,6013.78,6155.27,6002.51,6143.76,0,2681.49
20-Dec-2017,6134.56,6225.72,6079.45,6170.29,0,3541.48
21-Dec-2017,6179.78,6315.22,6111.0,6245.71,0,7214.94
22-Dec-2017,6211.99,6283.21,6168.64,6239.67,0,2990.71
25-Dec-2017,6232.21,6341.05,6204.51,6313.0,0,4838.48
26-Dec-2017,6346.72,6391.11,6208.55,6252.28,0,2372.27
27-Dec-2017,6257.0,6294.87,6190.65,6228.34,0,3058.02
28-Dec-2017,6245.97,6279.24,6187.12,6220.25,0,2710.55
29-Dec-2017,6220.78,6262.43,6212.84,6254.44,0,2460.51
01-Jan-2018,6242.55,6391.27,6191.28,6339.2,0,2016.14
02-Jan-2018,6344.54,6392.72,6278.98,6327.02,0,3497.46
03-Jan-2018,6321.9,6426.51,6277.3,6381.49,0,4765.85
04-Jan-2018,6406.92,6532.04,6369.54,6494.15,0,6202.01
05-Jan-2018,6503.76,6637.07,6439.37,6572.0,0,2354.11
08-Jan-2018,6574.85,6600.97,6531.86,6557.9,0,2876.13
09-Jan-2018,6559.88,6611.63,6372.77,6423.44,0,3383.64
10-Jan-2018,6436.29,6443.51,6432.01,6439.24,0,2332.7
11-Jan-2018,6416.94,6527.09,6391.82,6501.65,0,2632.8
12-Jan-2018,6515.65,6581.28,6480.75,6546.21,0,3516.71
15-Jan-2018,6541.81,6581.6,6494.91,6534.65,0,2878.34
16-Jan-2018,6548.72,6684.62,6481.89,6617.09,0,2991.95
17-Jan-2018,6625.55,6702.54,6524.24,6600.94,0,3509.02
18-Jan-2018,6619.92,6741.55,6555.16,6676.24,0,2647.64
19-Jan-2018,6668.14,6690.28,6524.42,6546.15,0,4841.67
22-Jan-2018,6540.59,6712.05,6518.17,6689.12,0,3099.64
23-Jan-2018,6695.18,6778.67,6630.97,6714.28,0,3716.23
24-Jan-2018,6696.89,6705.0,6653.85,6661.91,0,3239.04
25-Jan-2018,6656.64,6682.05,6580.07,6605.29,0,2683.08
26-Jan-2018,6602.53,6647.47,6400.88,6444.75,0,3919.36
29-Jan-2018,6463.53,6540.6,6428.65,6505.49,0,2797.97
30-Jan-2018,6498.91,6757.18,6439.95,6696.42,0,5591.83
31-Jan-2018,6699.09,6739.81,6567.77,6607.94,0,3016.56
01-Feb-2018,6603.88,6762.14,6602.74,6760.98,0,3307.18
02-Feb-2018,6743.81,6793.51,6742.61,6792.31,0,3991.34
05-Feb-2018,6790.73,7056.9,6738.61,7003.15,0,1249.12
06-Feb-2018,7012.19,7062.07,7000.61,7050.43,0,3189.96
07-Feb-2018,7052.24,7076.03,6900.62,6923.99,0,2092.44
08-Feb-2018,6952.23,7006.01,6889.11,6942.82,0,2511.38
09-Feb-2018,6938.1,7065.19,6936.14,7063.2,0,2632.11
12-Feb-2018,7067.92,7172.62,7018.68,7122.99,0,2645.24
13-Feb-2018,7119.6,7232.22,7060.57,7172.74,0,4419.88
14-Feb-2018,7176.98,7280.38,7125.25,7228.28,0,3080.21
15-Feb-2018,7205.21,7238.0,7070.48,7102.81,0,2870.71
16-Feb-2018,7099.04,7132.11,6884.5,6916.72,0,3320.99
19-Feb-2018,6932.34,6977.34,6855.38,6900.18,0,2869.7
20-Feb-2018,6907.61,7008.65,6840.13,6940.85,0,2486.96
21-Feb-2018,6933.57,7032.71,6861.69,6960.54,0,3953.71
22-Feb-2018,6968.42,7022.23,6947.74,7001.46,0,2451.13
23-Feb-2018,6978.56,7118.55,6975.77,7115.71,0,4397.33
26-Feb-2018,7137.43,7194.94,6873.89,6929.73,0,3422.19
27-Feb-2018,6946.67,6981.62,6792.02,6826.37,0,2407.57
28-Feb-2018,6837.97,6933.49,6737.74,6833.18,0,2742.91
01-Mar-2018,6839.35,6870.73,6779.12,6810.37,0,3891.52
02-Mar-2018,6810.73,6814.93,6728.7,6732.84,0,4391.47
05-Mar-2018,6743.21,6786.25,6522.09,6563.99,0,2587.27
06-Mar-2018,6574.99,6624.29,6490.86,6539.9,0,4025.37
07-Mar-2018,6523.42,6632.98,6476.66,6585.77,0,2932.45
08-Mar-2018,6596.29,6631.28,6532.8,6567.63,0,2989.02
09-Mar-2018,6557.65,6654.27,6522.5,6618.79,0,2558.74
12-Mar-2018,6626.13,6659.38,6465.91,6498.52,0,2416.89
13-Mar-2018,6502.86,6542.29,6487.2,6526.57,0,3329.48
14-Mar-2018,6523.16,6730.62,6488.73,6695.28,0,2707.62
15-Mar-2018,6712.39,6876.37,6677.49,6840.8,0,3209.74
16-Mar-2018,6856.28,6891.28,6759.0,6793.69,0,3051.01
19-Mar-2018,6787.7,6931.66,6730.9,6874.13,0,2600.81
20-Mar-2018,6859.35,6990.27,6804.26,6934.58,0,3180.91
21-Mar-2018,6942.03,6988.3,6876.23,6922.38,0,4198.41
22-Mar-2018,6910.53,7060.58,6845.2,6994.47,0,3141.88
23-Mar-2018,7005.11,7076.63,6935.35,7006.85,0,4139.8
26-Mar-2018,7015.88,7101.34,6873.15,6957.9,0,2831.33
27-Mar-2018,6979.66,7058.77,6947.93,7026.82,0,1851.06
28-Mar-2018,7033.71,7035.27,6937.29,6938.83,0,3810.75
29-Mar-2018,6932.42,7025.45,6859.62,6952.44,0,1952.61
30-Mar-2018,6958.86,6977.92,6841.71,6860.51,0,2452.28
02-Apr-2018,6864.91,6908.94,6663.99,6707.01,0,2098.14
03-Apr-2018,6690.76,6759.15,6688.07,6756.44,0,3203.39
04-Apr-2018,6753.61,7015.37,6711.57,6971.97,0,4417.02
05-Apr-2018,6971.86,7080.02,6919.4,7027.15,0,2584.95
06-Apr-2018,7041.35,7247.34,7005.93,7211.07,0,4956.07
09-Apr-2018,7214.74,7321.3,7168.16,7274.33,0,3032.14
10-Apr-2018,7272.52,7323.39,7121.42,7171.59,0,2699.33
11-Apr-2018,7196.69,7248.11,7042.17,7092.86,0,2316.14
12-Apr-2018,7074.95,7176.58,6997.33,7098.7,0,2292.49
13-Apr-2018,7084.15,7214.38,7016.22,7145.85,0,5730.81
16-Apr-2018,7150.01,7203.11,7030.04,7082.65,0,2359.79
17-Apr-2018,7067.27,7150.81,7000.04,7083.43,0,2799.45
18-Apr-2018,7107.1,7147.78,7015.04,7055.43,0,2257.73
19-Apr-2018,7069.04,7114.39,7003.72,7048.94,0,2533.49
20-Apr-2018,7038.82,7133.7,7011.72,7106.33,0,6324.69
23-Apr-2018,7097.31,7131.39,7067.68,7101.74,0,2795.2
24-Apr-2018,7121.84,7171.87,7003.92,7053.47,0,6128.14
25-Apr-2018,7056.97,7059.21,6838.24,6840.41,0,3598.29
26-Apr-2018,6828.57,6948.27,6780.25,6899.45,0,2409.02
27-Apr-2018,6890.57,6994.36,6831.56,6934.97,0,2161.96
30-Apr-2018,6947.77,7029.18,6906.8,6987.97,0,4955.11
01-May-2018,6966.46,7123.06,6893.45,7049.17,0,4209.1
02-May-2018,7045.95,7112.17,6835.81,6900.66,0,2717.53
03-May-2018,6894.77,6938.47,6867.12,6910.76,0,4684.12
04-May-2018,6895.74,6976.12,6768.27,6848.1,0,3656.59
07-May-2018,6878.92,6998.14,6827.61,6946.33,0,5042.73
08-May-2018,6943.72,6995.99,6913.48,6965.64,0,1134.48
09-May-2018,6958.6,7056.79,6669.57,6765.02,0,1621.82
10-May-2018,6766.03,6838.88,6753.63,6826.36,0,2228.03
11-May-2018,6820.71,6896.77,6785.45,6861.3,0,6160.22
14-May-2018,6865.5,6897.64,6814.31,6846.37,0,1906.13
15-May-2018,6843.78,6919.12,6771.14,6846.46,0,3149.0
16-May-2018,6850.15,6892.49,6807.52,6849.86,0,2631.31
17-May-2018,6859.22,6875.11,6789.2,6804.97,0,3761.21
18-May-2018,6814.36,6861.77,6796.09,6843.42,0,3570.71
21-May-2018,6843.81,6928.99,6758.74,6843.92,0,2572.05
22-May-2018,6846.87,6887.65,6698.96,6739.09,0,4331.57
23-May-2018,6758.85,6838.92,6717.01,6796.84,0,4659.14
24-May-2018,6763.49,6836.33,6724.34,6796.98,0,2963.79
25-May-2018,6774.26,6843.47,6629.82,6698.26,0,3063.42
28-May-2018,6719.02,6815.06,6653.6,6749.35,0,3601.67
29-May-2018,6728.73,6767.13,6557.03,6594.65,0,5772.45
30-May-2018,6588.12,6710.96,6558.74,6681.17,0,3990.43
31-May-2018,6697.68,6726.11,6666.05,6694.47,0,2058.84
01-Jun-2018,6711.6,6898.46,6665.62,6851.51,0,2925.21
04-Jun-2018,6825.52,7170.71,6762.79,7105.41,0,1736.34
05-Jun-2018,7111.19,7152.93,7039.21,7080.77,0,1441.99
06-Jun-2018,7111.45,7129.0,7059.09,7076.55,0,3219.73
07-Jun-2018,7117.37,7121.9,7100.46,7104.99,0,2795.78
08-Jun-2018,7099.31,7209.75,7095.02,7205.4,0,3282.0
11-Jun-2018,7185.07,7222.0,7104.91,7141.61,0,4139.57
12-Jun-2018,7142.97,7221.75,7089.09,7167.68,0,3706.95
13-Jun-2018,7158.04,7182.79,6991.2,7015.46,0,1834.2
14-Jun-2018,7007.1,7045.42,6998.67,7036.96,0,4724.44
15-Jun-2018,7055.36,7110.79,6944.55,6999.54,0,1783.36
18-Jun-2018,7000.4,7123.35,6968.13,7090.66,0,2459.68
19-Jun-2018,7096.12,7261.83,7048.27,7213.19,0,3363.36
20-Jun-2018,7218.0,7312.74,7180.17,7274.62,0,1573.82
21-Jun-2018,7271.27,7297.09,7188.38,7213.99,0,3024.75
22-Jun-2018,7243.16,7318.9,7149.05,7224.6,0,2241.26
25-Jun-2018,7241.45,7440.35,7203.27,7401.33,0,1889.48
26-Jun-2018,7416.29,7509.38,7364.62,7457.43,0,5633.7
27-Jun-2018,7442.21,7493.35,7324.96,7375.64,0,4186.86
28-Jun-2018,7374.19,7444.13,7308.47,7378.37,0,1722.27
29-Jun-2018,7383.39,7607.65,7311.69,7534.49,0,3313.35
02-Jul-2018,7533.96,7560.31,7421.38,7447.43,0,3250.86
03-Jul-2018,7443.79,7530.4,7315.48,7401.61,0,2628.13
04-Jul-2018,7409.38,7469.97,7149.74,7208.7,0,2168.53
05-Jul-2018,7190.6,7257.02,7143.89,7210.18,0,1624.9
06-Jul-2018,7202.36,7340.04,7154.37,7291.46,0,3006.43
09-Jul-2018,7272.68,7438.53,7199.59,7364.52,0,4304.72
10-Jul-2018,7377.56,7507.84,7308.75,7438.46,0,7680.67
11-Jul-2018,7440.46,7457.95,7388.19,7405.6,0,3816.07
12-Jul-2018,7424.73,7456.42,7324.44,7355.84,0,2779.68
13-Jul-2018,7306.68,7398.68,7251.51,7343.23,0,2146.52
16-Jul-2018,7357.61,7424.44,7277.79,7344.49,0,5083.48
17-Jul-2018,7338.97,7532.22,7265.38,7457.45,0,2234.29
18-Jul-2018,7434.09,7448.56,7277.56,7291.75,0,3559.67
19-Jul-2018,7321.71,7335.8,7309.95,7324.03,0,2141.93
20-Jul-2018,7313.32,7345.63,7231.61,7263.71,0,2213.13
23-Jul-2018,7255.42,7290.77,7092.02,7126.75,0,2219.26
24-Jul-2018,7146.03,7209.25,7110.0,7173.08,0,1461.29
25-Jul-2018,7154.54,7183.7,7111.08,7140.19,0,1954.28
26-Jul-2018,7143.39,7168.04,7044.2,7068.58,0,5030.48
27-Jul-2018,7109.68,7152.01,6948.16,6989.77,0,5289.55
30-Jul-2018,6977.31,7022.25,6936.15,6981.06,0,2330.21
31-Jul-2018,6966.88,7139.04,6951.94,7123.76,0,2015.7
01-Aug-2018,7121.06,7275.96,7062.77,7216.89,0,5338.95
02-Aug-2018,7225.34,7283.56,7137.61,7195.59,0,706.77
03-Aug-2018,7184.64,7290.52,7136.17,7241.66,0,3064.19
06-Aug-2018,7248.01,7322.19,7072.32,7145.46,0,4521.41
07-Aug-2018,7152.42,7199.8,7137.46,7184.77,0,4830.04
08-Aug-2018,7166.16,7372.79,7093.32,7298.61,0,1983.82
09-Aug-2018,7292.93,7437.98,7234.05,7378.41,0,3146.23
10-Aug-2018,7368.85,7532.81,7334.19,7497.55,0,3155.64
13-Aug-2018,7499.96,7568.0,7146.53,7211.96,0,3865.98
14-Aug-2018,7203.24,7289.52,7103.25,7189.36,0,4364.03
15-Aug-2018,7194.25,7241.66,7065.53,7112.4,0,2994.22
16-Aug-2018,7108.07,7238.36,7060.93,7190.67,0,1405.77
17-Aug-2018,7197.02,7259.2,7113.74,7175.74,0,2176.07
20-Aug-2018,7168.17,7184.45,7102.93,7119.1,0,2927.32
21-Aug-2018,7105.1,7163.09,7063.05,7120.95,0,3562.22
22-Aug-2018,7129.07,7320.02,7059.12,7248.9,0,6853.79
23-Aug-2018,7251.87,7287.41,7241.62,7277.12,0,3755.49
24-Aug-2018,7279.75,7449.72,7209.6,7378.62,0,2584.48
27-Aug-2018,7383.55,7454.13,7172.45,7241.68,0,2484.79
28-Aug-2018,7226.36,7319.32,7189.96,7282.63,0,3848.43
29-Aug-2018,7282.95,7337.23,7210.82,7264.97,0,3137.94
30-Aug-2018,7262.12,7425.83,7205.34,7368.22,0,1109.36
31-Aug-2018,7318.31,7368.42,7279.1,7329.15,0,5565.16
03-Sep-2018,7328.69,7349.76,7318.47,7339.52,0,2917.38
04-Sep-2018,7345.74,7444.39,7258.27,7356.79,0,1770.2
05-Sep-2018,7336.41,7371.19,7272.39,7307.02,0,2043.96
06-Sep-2018,7284.81,7436.47,7229.57,7380.5,0,1699.18
07-Sep-2018,7363.11,7436.71,7299.93,7373.45,0,3676.2
10-Sep-2018,7368.28,7407.41,7256.57,7295.31,0,2674.78
11-Sep-2018,7277.67,7322.2,7117.51,7161.32,0,3518.16
12-Sep-2018,7163.58,7201.15,7107.44,7144.91,0,2706.87
13-Sep-2018,7160.93,7199.77,7151.41,7190.21,0,5578.67
14-Sep-2018,7190.08,7274.15,7116.47,7200.44,0,2697.85
17-Sep-2018,7189.58,7200.75,7075.95,7086.96,0,2341.49
18-Sep-2018,7078.67,7141.99,6939.01,7001.65,0,6530.55
19-Sep-2018,6988.06,7011.92,6914.16,6937.85,0,3096.38
20-Sep-2018,6941.92,7001.71,6902.81,6962.48,0,3321.86
21-Sep-2018,7004.69,7060.75,6839.9,6895.07,0,1832.18
24-Sep-2018,6921.03,6943.06,6722.43,6743.9,0,4701.7
25-Sep-2018,6726.21,6821.55,6702.47,6797.56,0,3461.1
26-Sep-2018,6818.92,6951.82,6790.27,6922.73,0,2967.15
27-Sep-2018,6918.94,6988.97,6856.0,6925.97,0,2225.27
28-Sep-2018,6938.14,6980.62,6833.27,6875.36,0,1510.29
01-Oct-2018,6881.5,6905.67,6771.73,6795.6,0,3568.5
02-Oct-2018,6815.61,6898.7,6685.38,6767.88,0,4311.37
03-Oct-2018,6783.28,7037.37,6753.05,7006.15,0,2057.97
04-Oct-2018,7002.11,7099.78,6931.48,7028.88,0,2176.13
05-Oct-2018,7034.59,7045.3,6979.28,6989.92,0,2440.53
08-Oct-2018,6990.2,7132.68,6922.9,7064.67,0,2467.38
09-Oct-2018,7062.43,7114.35,6990.92,7042.69,0,3337.94
10-Oct-2018,7032.25,7054.6,6836.01,6857.81,0,1923.8
11-Oct-2018,6861.45,6900.97,6784.54,6823.83,0,1897.83
12-Oct-2018,6842.03,6876.66,6821.26,6855.85,0,3685.63
15-Oct-2018,6838.55,6900.0,6779.33,6840.76,0,3110.76
16-Oct-2018,6829.68,6870.43,6735.92,6776.36,0,2137.25
17-Oct-2018,6766.23,6927.1,6723.14,6883.27,0,2755.52
18-Oct-2018,6880.77,6922.53,6864.92,6906.62,0,3058.83
19-Oct-2018,6908.18,6924.07,6890.46,6906.35,0,2443.19
22-Oct-2018,6919.91,7068.41,6896.04,7044.12,0,2115.26
23-Oct-2018,7045.7,7094.83,6974.36,7023.34,0,4457.43
24-Oct-2018,7004.54,7190.85,6983.74,7169.56,0,2099.16
25-Oct-2018,7164.13,7201.97,7163.48,7201.32,0,5422.31
26-Oct-2018,7215.72,7257.49,7209.98,7251.72,0,6079.29
29-Oct-2018,7252.32,7278.14,7072.74,7098.01,0,6434.92
30-Oct-2018,7102.67,7124.76,7063.95,7085.99,0,2947.55
31-Oct-2018,7104.25,7139.58,6999.26,7034.25,0,2216.24
01-Nov-2018,7018.09,7178.62,6965.21,7124.94,0,6279.58
02-Nov-2018,7112.66,7220.79,7043.03,7150.79,0,1388.34
05-Nov-2018,7157.16,7223.68,6901.87,6966.61,0,3780.29
06-Nov-2018,6951.61,6997.0,6909.27,6954.64,0,3988.04
07-Nov-2018,6945.39,6996.86,6906.15,6957.55,0,2033.65
08-Nov-2018,6941.42,6953.98,6765.69,6777.96,0,2285.45
09-Nov-2018,6776.33,6883.56,6725.78,6832.59,0,4132.78
12-Nov-2018,6826.03,6830.87,6727.83,6732.61,0,3199.4
13-Nov-2018,6725.54,6772.97,6684.96,6732.34,0,2729.08
14-Nov-2018,6749.83,6830.65,6720.05,6800.64,0,2732.76
15-Nov-2018,6780.73,6945.19,6740.65,6904.38,0,2022.16
16-Nov-2018,6890.83,6929.47,6830.39,6868.91,0,2032.78
19-Nov-2018,6856.71,6873.13,6809.88,6826.23,0,1374.79
20-Nov-2018,6817.25,6874.95,6730.42,6787.87,0,1728.58
21-Nov-2018,6796.75,6827.29,6713.94,6744.25,0,2387.47
22-Nov-2018,6748.05,6819.14,6587.71,6657.85,0,3969.16
23-Nov-2018,6656.23,6744.43,6625.63,6713.57,0,2582.33
26-Nov-2018,6713.98,6827.82,6666.23,6779.6,0,3683.53
27-Nov-2018,6803.67,6867.04,6634.61,6696.99,0,1697.89
28-Nov-2018,6699.35,6704.79,6669.76,6675.18,0,3666.2
29-Nov-2018,6677.53,6722.3,6619.52,6664.2,0,3031.61
30-Nov-2018,6658.93,6707.56,6648.17,6696.75,0,2553.04
03-Dec-2018,6701.98,6745.1,6646.99,6690.04,0,1801.47
04-Dec-2018,6694.38,6909.34,6627.42,6840.91,0,3681.68
05-Dec-2018,6845.67,6860.59,6741.45,6756.17,0,3913.18
06-Dec-2018,6755.66,6879.76,6688.21,6811.75,0,2293.79
07-Dec-2018,6810.99,6939.46,6763.31,6891.22,0,3248.63
10-Dec-2018,6892.61,6937.96,6831.59,6876.84,0,4560.01
11-Dec-2018,6871.52,6899.87,6824.36,6852.64,0,4100.34
12-Dec-2018,6843.85,6918.66,6793.04,6867.68,0,3190.23
13-Dec-2018,6863.04,6886.4,6687.86,6710.7,0,3012.45
14-Dec-2018,6711.8,6737.02,6609.83,6634.76,0,3561.07
17-Dec-2018,6649.95,6672.48,6567.02,6589.35,0,3197.52
18-Dec-2018,6592.51,6645.98,6579.26,6632.65,0,4713.43
19-Dec-2018,6646.92,6867.32,6556.99,6775.64,0,2939.32
20-Dec-2018,6760.22,6916.18,6735.24,6890.72,0,1396.85
21-Dec-2018,6868.54,6903.57,6814.3,6849.24,0,2034.32
24-Dec-2018,6848.91,6850.21,6711.73,6713.01,0,1730.14
25-Dec-2018,6707.43,6731.13,6682.18,6705.87,0,1584.45
26-Dec-2018,6727.02,6787.11,6671.3,6731.35,0,4273.7
27-Dec-2018,6735.66,6797.59,6700.18,6761.97,0,1491.87
28-Dec-2018,6749.07,6885.56,6702.81,6838.68,0,1893.01
31-Dec-2018,6813.46,6913.92,6744.04,6844.19,0,5455.74
01-Jan-2019,6858.83,6890.2,6571.07,6601.27,0,3909.78
02-Jan-2019,6607.8,6696.41,6594.21,6682.67,0,2907.47
03-Jan-2019,6703.67,6734.78,6599.35,6630.11,0,1987.31
04-Jan-2019,6606.86,6728.19,6530.68,6651.49,0,3029.13
07-Jan-2019,6637.55,6663.98,6554.98,6581.19,0,2848.57
08-Jan-2019,6582.74,6716.7,6562.4,6696.02,0,2942.3
09-Jan-2019,6697.12,6734.47,6570.68,6607.53,0,4916.07
10-Jan-2019,6595.62,6749.58,6578.87,6732.48,0,4912.72
11-Jan-2019,6724.83,6845.82,6657.8,6778.26,0,3027.83
14-Jan-2019,6771.09,6864.42,6714.14,6807.16,0,2528.62
15-Jan-2019,6799.55,6870.91,6771.69,6842.86,0,2632.03
16-Jan-2019,6855.04,6966.22,6823.63,6934.45,0,2488.1
17-Jan-2019,6934.03,6990.67,6922.45,6979.02,0,2457.31
18-Jan-2019,6989.83,7061.54,6956.86,7028.39,0,4111.25
21-Jan-2019,7048.77,7091.84,6989.66,7032.63,0,3629.36
22-Jan-2019,7030.19,7074.98,6862.32,6906.31,0,7057.51
23-Jan-2019,6906.34,6977.23,6800.63,6871.15,0,2252.67
24-Jan-2019,6879.48,6946.15,6795.03,6861.53,0,2970.59
25-Jan-2019,6864.8,7013.28,6814.7,6962.47,0,2670.07
28-Jan-2019,6956.55,7022.87,6902.19,6968.42,0,3048.71
29-Jan-2019,6977.93,7063.9,6975.47,7061.41,0,3034.95
30-Jan-2019,7044.33,7052.94,6902.84,6911.3,0,3716.15
31-Jan-2019,6909.26,7016.83,6853.24,6960.4,0,3499.33
01-Feb-2019,6950.16,6978.23,6866.41,6894.26,0,3070.31
04-Feb-2019,6893.14,6953.98,6864.92,6925.63,0,2840.66
05-Feb-2019,6922.76,7070.55,6870.64,7017.72,0,3954.41
06-Feb-2019,7005.21,7063.23,6965.5,7023.42,0,4423.72
07-Feb-2019,7022.53,7183.57,7013.95,7174.81,0,3976.09
08-Feb-2019,7189.32,7258.22,7051.47,7119.7,0,3989.12
11-Feb-2019,7122.22,7150.11,6956.77,6984.11,0,2144.05
12-Feb-2019,6978.11,7017.72,6906.4,6945.82,0,3166.75
13-Feb-2019,6951.72,7014.58,6732.65,6794.08,0,4463.71
14-Feb-2019,6782.92,6815.78,6686.7,6719.25,0,2235.62
15-Feb-2019,6713.29,6753.21,6542.01,6581.14,0,5070.99
18-Feb-2019,6586.4,6631.42,6561.48,6606.43,0,3325.51
19-Feb-2019,6606.68,6767.6,6559.06,6719.17,0,4468.61
20-Feb-2019,6705.12,6767.6,6615.9,6678.14,0,3047.95
21-Feb-2019,6690.44,6770.45,6619.21,6699.12,0,882.47
22-Feb-2019,6719.7,6786.77,6679.88,6746.79,0,8222.97
25-Feb-2019,6738.27,6840.51,6692.63,6794.49,0,2208.26
26-Feb-2019,6764.92,6974.52,6703.25,6911.51,0,4209.14
27-Feb-2019,6918.51,7059.97,6847.7,6988.45,0,2471.24
28-Feb-2019,6965.37,7003.82,6916.35,6954.75,0,2475.55
01-Mar-2019,6970.53,7105.34,6924.31,7058.54,0,1718.05
04-Mar-2019,7073.94,7123.66,7039.16,7088.81,0,4430.3
05-Mar-2019,7102.03,7202.58,7057.18,7157.38,0,5746.92
06-Mar-2019,7144.83,7252.84,7103.6,7211.23,0,4136.13
07-Mar-2019,7204.42,7405.35,7141.36,7341.09,0,1928.74
08-Mar-2019,7341.22,7413.44,7316.33,7388.39,0,3173.89
11-Mar-2019,7413.57,7609.09,7330.32,7524.59,0,2856.38
12-Mar-2019,7519.39,7602.14,7399.51,7481.84,0,2550.35
13-Mar-2019,7487.78,7641.49,7405.83,7558.75,0,2182.59
14-Mar-2019,7589.9,7597.27,7490.22,7497.5,0,2624.09
15-Mar-2019,7458.7,7621.85,7407.49,7569.87,0,2559.3
18-Mar-2019,7568.23,7627.74,7455.15,7514.23,0,1612.0
19-Mar-2019,7485.74,7664.55,7431.03,7608.94,0,2691.77
20-Mar-2019,7608.97,7659.9,7429.39,7479.45,0,3144.54
21-Mar-2019,7462.71,7573.16,7399.08,7509.14,0,3008.57
22-Mar-2019,7519.06,7663.94,7470.58,7614.83,0,2171.39
25-Mar-2019,7603.89,7633.65,7478.22,7507.6,0,3233.34
26-Mar-2019,7513.77,7548.06,7491.74,7525.99,0,3346.24
27-Mar-2019,7546.54,7665.84,7507.52,7626.41,0,4677.61
28-Mar-2019,7637.48,7682.33,7442.93,7486.9,0,2214.17
29-Mar-2019,7493.01,7570.45,7306.24,7382.55,0,1533.87
01-Apr-2019,7401.69,7478.54,7364.17,7440.82,0,1921.85
02-Apr-2019,7453.08,7618.16,7446.25,7611.19,0,2003.3
03-Apr-2019,7604.61,7717.25,7570.51,7682.81,0,3208.83
04-Apr-2019,7681.11,7770.05,7630.94,7719.63,0,2311.65
05-Apr-2019,7718.36,7934.71,7673.8,7889.16,0,2239.14
08-Apr-2019,7876.52,7951.51,7792.54,7867.44,0,2803.96
09-Apr-2019,7875.4,7952.0,7714.01,7789.79,0,4366.78
10-Apr-2019,7804.79,7807.13,7741.69,7744.01,0,3569.37
11-Apr-2019,7759.31,7803.95,7594.92,7638.87,0,1552.45
12-Apr-2019,7647.93,7692.2,7589.29,7633.48,0,2336.68
15-Apr-2019,7656.85,7669.58,7463.3,7475.73,0,3489.88
16-Apr-2019,7457.27,7599.32,7378.64,7520.03,0,4304.1
17-Apr-2019,7494.53,7614.03,7450.25,7569.31,0,6455.26
18-Apr-2019,7542.94,7628.91,7499.41,7585.13,0,2123.43
19-Apr-2019,7577.92,7745.03,7525.81,7692.13,0,1664.69
22-Apr-2019,7699.65,7759.98,7534.59,7594.09,0,1867.3
23-Apr-2019,7586.06,7727.21,7563.96,7704.76,0,4491.12
24-Apr-2019,7692.49,7876.48,7633.65,7816.69,0,2288.83
25-Apr-2019,7785.8,8005.05,7748.26,7966.64,0,2891.21
26-Apr-2019,7968.98,8038.94,7745.89,7814.48,0,3853.58
29-Apr-2019,7815.14,7902.56,7699.64,7786.75,0,4660.79
30-Apr-2019,7785.74,7845.75,7729.63,7789.62,0,2774.03
01-May-2019,7788.96,7879.68,7570.83,7660.05,0,3589.92
02-May-2019,7641.63,7677.89,7520.46,7556.31,0,3214.68
03-May-2019,7580.23,7611.0,7403.08,7433.24,0,1970.44
06-May-2019,7443.15,7529.65,7415.38,7501.66,0,5524.56
07-May-2019,7512.49,7612.37,7447.55,7547.13,0,1771.55
08-May-2019,7553.94,7628.59,7478.69,7553.33,0,2981.01
09-May-2019,7567.55,7663.34,7507.91,7603.41,0,2319.87
10-May-2019,7593.1,7741.58,7543.34,7691.17,0,2475.55
13-May-2019,7691.76,7820.74,7644.33,7772.82,0,3142.97
14-May-2019,7772.53,7991.93,7733.53,7952.04,0,4446.75
15-May-2019,7977.1,8033.32,7934.23,7990.38,0,3625.22
16-May-2019,8003.64,8034.36,7840.01,7870.22,0,2915.55
17-May-2019,7900.85,8006.46,7885.82,7991.26,0,4634.93
20-May-2019,7983.95,7998.23,7844.69,7858.75,0,3999.49
21-May-2019,7856.76,8046.07,7812.38,8000.87,0,3400.35
22-May-2019,8008.09,8045.68,7953.4,7990.9,0,3516.06
23-May-2019,8000.8,8055.18,7900.77,7954.84,0,2361.33
24-May-2019,7926.91,8192.43,7903.28,8168.08,0,7902.87
27-May-2019,8165.19,8211.44,8072.87,8118.86,0,7222.26
28-May-2019,8116.98,8183.22,8098.36,8164.49,0,2182.57
29-May-2019,8172.19,8288.63,8136.23,8252.32,0,2004.79
30-May-2019,8223.84,8284.09,8154.53,8214.71,0,4087.36
31-May-2019,8221.37,8264.23,8028.44,8070.51,0,2191.83
03-Jun-2019,8064.49,8097.93,7967.04,8000.21,0,3183.46
04-Jun-2019,7999.61,8073.54,7748.9,7821.18,0,2983.09
05-Jun-2019,7794.25,7866.7,7698.29,7770.52,0,2769.7
06-Jun-2019,7743.86,7803.88,7712.22,7772.12,0,3592.99
07-Jun-2019,7762.06,7849.56,7726.05,7813.31,0,3222.72
10-Jun-2019,7813.19,7955.79,7733.78,7875.75,0,4215.73
11-Jun-2019,7860.83,8109.2,7799.2,8046.13,0,2531.02
12-Jun-2019,8059.95,8102.13,7851.53,7892.83,0,4662.73
13-Jun-2019,7889.96,8021.67,7839.67,7970.87,0,3237.05
14-Jun-2019,7968.66,8086.6,7941.22,8058.85,0,4360.76
17-Jun-2019,8039.29,8178.06,7958.17,8096.37,0,4712.7
18-Jun-2019,8078.23,8142.76,8037.38,8101.78,0,4418.77
19-Jun-2019,8118.21,8139.49,8036.2,8057.33,0,2732.99
20-Jun-2019,8053.38,8173.33,8019.26,8138.85,0,3075.88
21-Jun-2019,8134.18,8171.83,8112.83,8150.44,0,3524.96
24-Jun-2019,8162.4,8253.3,8143.97,8234.71,0,2633.11
25-Jun-2019,8219.01,8302.6,8113.31,8196.68,0,2454.73
26-Jun-2019,8174.64,8265.33,8110.08,8200.57,0,2297.05
27-Jun-2019,8217.25,8312.04,8176.4,8270.92,0,2370.14
28-Jun-2019,8275.89,8417.67,8208.48,8349.66,0,3444.91
01-Jul-2019,8364.77,8469.26,8329.68,8433.88,0,2441.23
02-Jul-2019,8435.06,8614.48,8384.75,8563.4,0,5054.41
03-Jul-2019,8551.27,8615.65,8461.08,8525.27,0,3944.21
04-Jul-2019,8518.6,8673.61,8488.63,8643.2,0,4264.37
05-Jul-2019,8650.98,8701.14,8436.04,8485.23,0,1482.14
08-Jul-2019,8471.76,8514.04,8466.17,8508.43,0,3000.69
09-Jul-2019,8518.66,8574.87,8410.63,8466.49,0,2481.95
10-Jul-2019,8477.28,8542.33,8441.29,8506.21,0,2296.87
11-Jul-2019,8512.56,8687.91,8437.1,8611.57,0,3291.17
12-Jul-2019,8614.06,8661.43,8573.96,8621.29,0,3729.61
15-Jul-2019,8632.77,8705.18,8425.53,8496.81,0,3085.69
16-Jul-2019,8493.8,8690.87,8457.68,8654.07,0,2751.14
17-Jul-2019,8608.45,8819.65,8525.6,8735.58,0,4682.86
18-Jul-2019,8745.64,8766.1,8707.05,8727.46,0,1535.82
19-Jul-2019,8729.83,8873.61,8659.74,8802.94,0,3116.79
22-Jul-2019,8777.56,8838.94,8653.01,8713.95,0,4119.04
23-Jul-2019,8692.63,8820.2,8629.14,8756.25,0,4300.03
24-Jul-2019,8768.41,8849.88,8679.6,8761.01,0,2814.91
25-Jul-2019,8748.44,8811.11,8735.89,8798.48,0,3285.27
26-Jul-2019,8814.54,8893.49,8741.77,8820.66,0,2785.3
29-Jul-2019,8803.47,8868.23,8749.05,8813.75,0,3420.17
30-Jul-2019,8824.75,8956.19,8803.5,8934.67,0,6039.51
31-Jul-2019,8930.06,9095.75,8868.44,9033.41,0,3032.81
01-Aug-2019,9035.94,9243.2,8969.05,9175.28,0,1936.31
02-Aug-2019,9162.63,9200.09,9025.53,9062.58,0,2871.14
05-Aug-2019,9059.93,9103.86,8923.27,8966.75,0,1872.97
06-Aug-2019,8958.25,9097.19,8889.13,9027.53,0,3570.3
07-Aug-2019,9011.37,9296.71,8903.08,9186.32,0,1664.85
08-Aug-2019,9184.06,9227.95,9106.76,9150.49,0,3003.17
09-Aug-2019,9177.1,9228.01,9010.42,9060.69,0,4499.38
12-Aug-2019,9068.9,9268.06,9015.39,9213.7,0,2869.79
13-Aug-2019,9225.76,9300.45,9144.76,9219.39,0,5626.68
14-Aug-2019,9216.37,9266.04,9118.06,9167.46,0,1907.37
15-Aug-2019,9183.52,9315.93,9155.32,9287.42,0,2054.97
16-Aug-2019,9298.95,9349.05,9252.06,9302.14,0,5447.54
19-Aug-2019,9319.95,9546.47,9295.88,9521.88,0,2452.31
20-Aug-2019,9500.46,9540.93,9332.76,9372.69,0,3174.58
21-Aug-2019,9396.42,9455.4,9299.16,9357.91,0,1832.0
22-Aug-2019,9355.52,9457.48,9304.17,9405.85,0,1920.25
23-Aug-2019,9423.76,9649.95,9360.81,9585.92,0,2136.02
26-Aug-2019,9607.58,9681.24,9543.26,9616.87,0,4038.82
27-Aug-2019,9624.25,9774.85,9525.18,9675.27,0,6793.89
28-Aug-2019,9685.91,9813.54,9620.1,9747.32,0,2825.64
29-Aug-2019,9768.77,9983.67,9725.22,9939.37,0,4907.4
30-Aug-2019,9913.11,10076.06,9869.08,10031.5,0,2876.92
02-Sep-2019,10029.02,10032.94,9858.6,9862.46,0,1481.36
03-Sep-2019,9829.22,10027.56,9765.1,9962.57,0,6285.5
04-Sep-2019,9964.53,10068.55,9944.28,10048.13,0,4396.38
05-Sep-2019,10051.17,10242.34,9916.17,10106.59,0,9499.4
06-Sep-2019,10108.69,10118.25,10048.55,10058.07,0,3716.65
09-Sep-2019,10042.65,10191.75,10002.57,10151.24,0,10622.38
10-Sep-2019,10175.81,10190.57,9887.17,9901.53,0,3544.31
11-Sep-2019,9898.29,10083.87,9805.12,9989.84,0,8841.48
12-Sep-2019,9971.9,10037.38,9638.08,9701.78,0,4873.42
13-Sep-2019,9674.79,9982.68,9619.63,9926.09,0,3697.74
16-Sep-2019,9917.56,9947.44,9626.72,9655.82,0,1951.83
17-Sep-2019,9683.25,9775.2,9616.47,9708.24,0,1561.49
18-Sep-2019,9719.25,9796.37,9709.02,9786.07,0,1655.19
19-Sep-2019,9803.43,10089.88,9741.3,10026.34,0,5321.64
20-Sep-2019,10015.7,10090.69,9816.67,9890.72,0,1370.17
23-Sep-2019,9881.0,9904.47,9838.99,9862.41,0,2491.46
24-Sep-2019,9865.64,10068.65,9806.64,10008.8,0,3507.43
25-Sep-2019,10015.97,10109.13,9933.43,10026.49,0,3885.81
26-Sep-2019,10021.25,10186.15,9993.81,10158.33,0,2235.12
27-Sep-2019,10133.13,10221.01,10053.01,10140.83,0,1746.88
30-Sep-2019,10159.19,10274.01,9942.39,10056.04,0,3157.63
01-Oct-2019,10049.52,10126.3,9875.15,9951.17,0,2289.22
02-Oct-2019,9931.48,10046.13,9854.94,9969.31,0,4271.03
03-Oct-2019,9938.63,10039.29,9880.63,9981.03,0,3163.98
04-Oct-2019,9966.69,9989.86,9778.73,9801.52,0,4042.33
07-Oct-2019,9774.77,9961.74,9724.79,9911.07,0,2960.63
08-Oct-2019,9905.74,9986.02,9883.74,9963.9,0,2815.62
09-Oct-2019,9983.71,10028.75,9924.72,9969.69,0,2164.02
10-Oct-2019,9998.14,10170.5,9994.38,10166.69,0,5550.8
11-Oct-2019,10174.54,10371.17,10133.61,10329.61,0,2370.21
14-Oct-2019,10335.34,10352.93,10277.63,10295.15,0,970.16
15-Oct-2019,10306.74,10384.5,10201.62,10279.16,0,2171.1
16-Oct-2019,10258.28,10526.93,10170.67,10437.79,0,3500.69
17-Oct-2019,10406.06,10426.54,10219.97,10240.11,0,3966.71
18-Oct-2019,10239.72,10308.74,10159.71,10228.65,0,1269.34
21-Oct-2019,10233.29,10435.44,10132.98,10334.14,0,4606.46
22-Oct-2019,10325.72,10418.76,10128.73,10220.82,0,1645.09
23-Oct-2019,10211.96,10275.21,10099.06,10162.0,0,2207.84
24-Oct-2019,10134.39,10181.28,10091.82,10138.69,0,2515.89
25-Oct-2019,10122.47,10413.75,10043.76,10333.39,0,8003.36
28-Oct-2019,10366.26,10408.15,10198.48,10239.86,0,6892.5
29-Oct-2019,10235.68,10279.39,10230.28,10273.97,0,3292.31
30-Oct-2019,10271.73,10364.93,10148.71,10241.64,0,1602.59
31-Oct-2019,10248.92,10327.84,10120.86,10199.4,0,3531.96
01-Nov-2019,10190.57,10331.76,10144.36,10285.12,0,4141.05
04-Nov-2019,10312.39,10427.86,10277.22,10392.41,0,1692.35
05-Nov-2019,10397.1,10484.31,9952.64,10036.83,0,3665.78
06-Nov-2019,10107.76,10152.8,9937.43,9981.91,0,4739.26
07-Nov-2019,9986.37,10128.8,9935.01,10076.98,0,3559.44
08-Nov-2019,10080.92,10100.27,10044.24,10063.57,0,2012.64
11-Nov-2019,10019.72,10158.0,9928.52,10066.38,0,2845.88
12-Nov-2019,10084.05,10130.79,9982.49,10028.98,0,4099.86
13-Nov-2019,10072.45,10371.37,9966.0,10262.91,0,4851.13
14-Nov-2019,10267.96,10359.82,10264.84,10356.68,0,4800.01
15-Nov-2019,10382.05,10428.39,10303.72,10349.92,0,5627.13
18-Nov-2019,10331.23,10460.46,10225.85,10354.84,0,2784.06
19-Nov-2019,10338.08,10484.86,10236.65,10383.0,0,3458.06
20-Nov-2019,10387.85,10457.6,10277.39,10346.87,0,4524.36
21-Nov-2019,10335.06,10661.12,10244.16,10568.18,0,3173.93
22-Nov-2019,10576.65,10820.0,10474.27,10716.27,0,2041.8
25-Nov-2019,10743.32,10858.45,10549.83,10664.11,0,4241.57
26-Nov-2019,10666.74,10724.41,10603.86,10661.5,0,3121.63
27-Nov-2019,10626.33,10879.18,10522.86,10774.28,0,2921.42
28-Nov-2019,10765.88,10867.17,10747.47,10848.62,0,2628.51
29-Nov-2019,10870.75,10976.35,10805.14,10910.51,0,4829.92
02-Dec-2019,10933.67,11016.67,10556.04,10636.79,0,2896.13
03-Dec-2019,10644.01,10745.09,10473.55,10573.96,0,3195.44
04-Dec-2019,10577.12,10625.1,10523.54,10571.5,0,3115.7
05-Dec-2019,10607.47,10721.21,10582.29,10695.82,0,2890.21
06-Dec-2019,10720.27,10828.33,10606.22,10714.21,0,3261.06
09-Dec-2019,10723.71,10876.19,10646.69,10798.64,0,1534.41
10-Dec-2019,10796.63,10862.69,10766.74,10832.71,0,2079.75
11-Dec-2019,10836.57,10934.58,10764.07,10861.92,0,5644.81
12-Dec-2019,10858.42,10948.75,10736.29,10826.36,0,1838.08
13-Dec-2019,10829.04,10950.55,10621.26,10741.79,0,4585.32
16-Dec-2019,10751.04,10801.98,10745.17,10796.08,0,2129.96
17-Dec-2019,10815.2,10971.12,10724.91,10880.29,0,2096.37
18-Dec-2019,10892.18,11065.1,10832.73,11005.03,0,4585.94
19-Dec-2019,11013.51,11176.2,10960.48,11122.64,0,4269.02
20-Dec-2019,11103.11,11475.15,10998.51,11368.05,0,1482.16
23-Dec-2019,11372.38,11458.09,11033.94,11117.74,0,3660.66
24-Dec-2019,11127.46,11190.64,10981.38,11044.09,0,2670.7
25-Dec-2019,11051.5,11073.24,10958.3,10979.89,0,2070.55
26-Dec-2019,10997.78,11198.37,10895.41,11095.09,0,2098.1
27-Dec-2019,11113.67,11199.29,11003.05,11088.48,0,2254.55
30-Dec-2019,11061.32,11117.61,10625.06,10679.41,0,2554.49
31-Dec-2019,10655.25,10915.34,10539.69,10798.23,0,5035.58
01-Jan-2020,10809.59,11198.69,10735.67,11122.63,0,2531.8
02-Jan-2020,11118.8,11230.62,10909.77,11020.6,0,1095.61
03-Jan-2020,10994.29,11384.94,10857.34,11244.87,0,1342.24
06-Jan-2020,11281.02,11651.18,11207.51,11575.75,0,2373.78
07-Jan-2020,11617.98,12025.56,11539.45,11944.83,0,2564.44
08-Jan-2020,11968.55,12233.0,11951.24,12215.33,0,4251.13
09-Jan-2020,12186.55,12210.92,12104.49,12128.75,0,2908.78
10-Jan-2020,12144.54,12200.06,11691.99,11745.69,0,2413.24
13-Jan-2020,11754.69,11869.04,11553.11,11666.6,0,3747.65
14-Jan-2020,11650.77,11729.73,11505.44,11583.96,0,2068.09
15-Jan-2020,11583.26,11984.74,11560.31,11961.03,0,3140.24
16-Jan-2020,11931.03,12055.74,11908.2,12032.71,0,3339.61
17-Jan-2020,12036.09,12195.24,11881.66,12040.74,0,3682.47
20-Jan-2020,12063.32,12361.23,12000.71,12297.4,0,3373.08
21-Jan-2020,12319.33,12557.05,12207.88,12444.47,0,4340.94
22-Jan-2020,12438.26,12700.06,12420.17,12681.62,0,2900.45
23-Jan-2020,12701.7,12757.72,12386.32,12441.19,0,5643.14
24-Jan-2020,12489.79,12530.66,12082.9,12122.57,0,2484.97
27-Jan-2020,12117.55,12875.95,12084.78,12841.23,0,3072.14
28-Jan-2020,12890.8,13094.39,12843.43,13046.45,0,4563.61
29-Jan-2020,13045.86,13594.49,12920.57,13465.17,0,4181.7
30-Jan-2020,13469.06,13878.81,13347.55,13754.72,0,2866.41
31-Jan-2020,13805.0,13858.97,13705.91,13759.71,0,2246.57
03-Feb-2020,13771.02,14055.62,13694.09,13977.54,0,3733.29
04-Feb-2020,13974.03,14134.02,13916.31,14075.88,0,3307.1
05-Feb-2020,14091.59,14182.73,13654.58,13743.48,0,1891.89
06-Feb-2020,13754.43,14356.43,13652.56,14250.89,0,2750.08
07-Feb-2020,14202.93,14293.58,14192.51,14283.1,0,2121.77
10-Feb-2020,14289.22,14327.41,13816.75,13853.78,0,2812.54
11-Feb-2020,13837.94,14012.46,13698.29,13872.46,0,2431.05
12-Feb-2020,13883.62,13883.97,13474.45,13474.78,0,1902.43
13-Feb-2020,13505.22,13717.18,13447.71,13659.01,0,3922.33
14-Feb-2020,13688.1,13756.98,13529.06,13597.48,0,2971.33
17-Feb-2020,13579.36,13684.62,13350.7,13455.0,0,4046.27
18-Feb-2020,13439.15,13654.18,13315.23,13529.43,0,4367.48
19-Feb-2020,13515.62,13846.82,13443.67,13773.49,0,3120.75
20-Feb-2020,13765.95,13894.65,13655.05,13783.61,0,2717.86
21-Feb-2020,13807.82,14470.92,13661.43,14319.11,0,3233.48
24-Feb-2020,14323.23,14484.17,14233.78,14394.28,0,2387.98
25-Feb-2020,14384.48,14515.91,14151.36,14281.86,0,2105.43
26-Feb-2020,14251.47,14328.43,14158.04,14234.92,0,3201.9
27-Feb-2020,14265.93,14346.46,14221.41,14301.84,0,3721.54
28-Feb-2020,14273.93,14335.56,14178.97,14240.46,0,5905.73
02-Mar-2020,14213.85,14219.02,13345.83,13350.69,0,6861.44
03-Mar-2020,13335.85,13419.59,13194.89,13278.27,0,1776.92
04-Mar-2020,13285.41,13354.14,12945.93,13013.25,0,3441.32
05-Mar-2020,13049.1,13122.72,12907.49,12980.73,0,9182.83
06-Mar-2020,12959.3,13187.5,12882.91,13110.23,0,2314.48
09-Mar-2020,13167.27,13235.6,11934.71,11996.96,0,4326.91
10-Mar-2020,11978.75,11994.12,11852.84,11868.07,0,3179.54
11-Mar-2020,11826.64,12158.85,11819.84,12151.86,0,6575.92
12-Mar-2020,12146.33,13136.28,12083.06,13068.21,0,1723.02
13-Mar-2020,13104.43,13185.86,12054.19,12129.57,0,4460.77
16-Mar-2020,12152.84,12207.02,11344.85,11395.66,0,4569.28
17-Mar-2020,11416.14,11602.26,11406.15,11592.11,0,2290.94
18-Mar-2020,11601.34,11761.87,11500.33,11660.34,0,5130.31
19-Mar-2020,11669.9,11763.81,11014.75,11104.11,0,4522.8
20-Mar-2020,11098.67,11131.85,10707.38,10739.49,0,2604.59
23-Mar-2020,10721.03,10802.37,10360.37,10439.57,0,2534.42
24-Mar-2020,10465.09,11129.03,10382.41,11041.79,0,3989.05
25-Mar-2020,11006.49,11365.67,10962.83,11320.76,0,3317.74
26-Mar-2020,11351.37,11450.92,10442.83,10535.22,0,3141.66
27-Mar-2020,10534.97,11028.23,10464.41,10954.86,0,3312.62
30-Mar-2020,10941.91,11254.16,10895.55,11206.68,0,2820.48
31-Mar-2020,11226.26,11338.76,11001.8,11113.17,0,2014.94
01-Apr-2020,11106.94,11229.03,11012.95,11134.8,0,2888.92
02-Apr-2020,11150.43,11711.15,11071.36,11628.68,0,1702.99
03-Apr-2020,11628.75,11771.27,11588.58,11730.75,0,1142.53
06-Apr-2020,11755.41,11840.03,11698.02,11782.51,0,2411.66
07-Apr-2020,11762.82,11928.9,11676.15,11841.65,0,2563.09
08-Apr-2020,11844.97,12470.66,11734.35,12355.27,0,3966.91
09-Apr-2020,12369.75,12492.18,12240.55,12362.91,0,4803.13
10-Apr-2020,12313.85,12394.67,11940.77,12019.66,0,5917.91
13-Apr-2020,12027.61,12410.73,11985.95,12367.88,0,3580.4
14-Apr-2020,12379.39,13079.79,12169.64,12861.87,0,4696.91
15-Apr-2020,12875.04,13248.93,12801.27,13173.45,0,2513.28
16-Apr-2020,13182.72,13283.5,12697.92,12795.74,0,2998.22
17-Apr-2020,12789.99,12866.84,12406.2,12481.18,0,2467.46
20-Apr-2020,12508.72,12559.67,12302.79,12353.1,0,5563.8
21-Apr-2020,12350.23,12420.81,12332.18,12402.69,0,2416.78
22-Apr-2020,12400.02,12750.08,12329.5,12677.99,0,3031.49
23-Apr-2020,12647.53,13143.92,12572.73,13066.64,0,3085.34
24-Apr-2020,13110.01,13187.36,12903.19,12979.77,0,1519.73
27-Apr-2020,12993.31,13713.74,12928.82,13646.01,0,2359.24
28-Apr-2020,13654.4,13921.33,13601.97,13868.09,0,4133.4
29-Apr-2020,13876.93,14010.69,13297.19,13426.61,0,6960.71
30-Apr-2020,13425.81,13874.26,13365.4,13812.11,0,4477.07
01-May-2020,13825.74,14202.68,13680.46,14054.99,0,2654.39
04-May-2020,14027.97,14826.14,13806.81,14596.03,0,2906.63
05-May-2020,14588.1,14769.23,14545.84,14726.56,0,5021.57
06-May-2020,14675.93,14790.22,14496.99,14610.76,0,4693.51
07-May-2020,14638.37,14677.16,14416.58,14454.87,0,4520.4
08-May-2020,14465.45,14810.48,14389.3,14732.92,0,2219.09
11-May-2020,14741.32,14915.59,14636.88,14810.66,0,6014.6
12-May-2020,14817.0,14912.02,14632.14,14726.57,0,2662.65
13-May-2020,14776.12,14842.89,14394.5,14459.85,0,2886.47
14-May-2020,14458.52,14572.5,14277.3,14390.75,0,3175.95
15-May-2020,14414.62,14965.19,14296.81,14843.87,0,9332.97
18-May-2020,14842.2,15350.19,14743.92,15249.21,0,2289.88
19-May-2020,15287.98,15369.7,15098.74,15179.87,0,5597.97
20-May-2020,15250.81,15400.84,14877.14,15024.94,0,3601.22
21-May-2020,15040.31,15117.45,14336.5,14410.41,0,2258.53
22-May-2020,14420.18,14794.56,14295.77,14668.02,0,1913.08
25-May-2020,14636.77,14911.5,14509.08,14782.54,0,3344.99
26-May-2020,14774.68,15598.62,14660.8,15479.31,0,3369.2
27-May-2020,15418.62,15565.47,15336.01,15482.51,0,5557.37
28-May-2020,15461.2,15592.65,14962.6,15090.9,0,2871.93
29-May-2020,15050.3,15159.55,14582.91,14689.55,0,2851.47
01-Jun-2020,14718.64,15296.88,14656.07,15232.13,0,2389.86
02-Jun-2020,15267.68,15381.65,15019.86,15132.83,0,3719.39
03-Jun-2020,15099.22,15345.49,14977.99,15223.27,0,4252.72
04-Jun-2020,15232.91,15386.84,14763.58,14914.3,0,5022.16
05-Jun-2020,14915.91,15034.65,14803.11,14921.8,0,3056.06
08-Jun-2020,14958.0,15086.65,14732.11,14859.92,0,4198.71
09-Jun-2020,14879.79,14952.74,14618.0,14690.01,0,2168.75
10-Jun-2020,14689.01,14863.64,14356.71,14529.45,0,2204.96
11-Jun-2020,14517.85,14937.76,14420.58,14838.33,0,2296.39
12-Jun-2020,14854.17,15823.34,14735.98,15698.44,0,2924.36
15-Jun-2020,15690.82,16366.41,15567.17,16238.45,0,1907.85
16-Jun-2020,16226.56,16491.07,16102.45,16365.91,0,1851.91
17-Jun-2020,16365.26,16706.89,16312.45,16653.15,0,2866.71
18-Jun-2020,16607.27,16787.31,16549.25,16728.86,0,2103.69
19-Jun-2020,16756.41,16950.03,16270.74,16460.95,0,1402.06
22-Jun-2020,16463.35,16555.31,15907.26,15996.61,0,3451.86
23-Jun-2020,16006.75,16431.63,15909.54,16332.44,0,1412.21
24-Jun-2020,16354.39,16753.54,16340.65,16739.48,0,3838.04
25-Jun-2020,16712.31,16848.54,16495.56,16631.13,0,6164.99
26-Jun-2020,16624.15,16733.25,16405.1,16513.48,0,2862.04
29-Jun-2020,16509.0,16734.25,16374.12,16598.63,0,2482.7
30-Jun-2020,16604.75,16645.99,16497.72,16538.8,0,2882.66
01-Jul-2020,16541.91,16697.98,16392.34,16548.35,0,3105.16
02-Jul-2020,16558.82,16608.41,15794.89,15842.33,0,3936.62
03-Jul-2020,15845.97,15939.53,15726.66,15820.07,0,4586.38
06-Jul-2020,15827.97,16483.61,15675.84,16326.7,0,2707.11
07-Jul-2020,16324.83,16549.96,16172.8,16397.26,0,2262.26
08-Jul-2020,16365.89,16461.12,15981.07,16074.61,0,6186.12
09-Jul-2020,16073.66,16235.71,15595.71,15754.54,0,2545.39
10-Jul-2020,15725.33,16001.82,15637.81,15913.25,0,2588.03
13-Jul-2020,15910.53,16596.85,15707.26,16387.49,0,1925.43
14-Jul-2020,16425.13,16544.43,15880.08,15996.27,0,3534.71
15-Jul-2020,16046.49,16157.38,15728.87,15838.31,0,2956.39
16-Jul-2020,15842.88,16403.1,15768.25,16326.2,0,3503.11
17-Jul-2020,16320.24,16464.18,15923.93,16065.62,0,3085.48
20-Jul-2020,16072.2,16477.84,15954.99,16358.54,0,5091.89
21-Jul-2020,16394.83,16643.63,16269.11,16516.98,0,2312.09
22-Jul-2020,16498.4,16623.75,15781.68,15902.5,0,1688.88
23-Jul-2020,15899.37,16460.0,15769.14,16326.27,0,2258.25
24-Jul-2020,16296.14,16403.78,16071.56,16178.43,0,1793.1
27-Jul-2020,16240.55,17067.4,16104.54,16925.65,0,4112.16
28-Jul-2020,16923.23,16998.02,16500.14,16573.38,0,3385.43
29-Jul-2020,16603.74,16760.27,16094.56,16247.73,0,2684.66
30-Jul-2020,16260.69,16326.84,15852.93,15917.69,0,3488.31
31-Jul-2020,15898.74,16054.56,15680.75,15835.95,0,5084.22
03-Aug-2020,15841.05,16161.06,15768.92,16087.79,0,2039.29
04-Aug-2020,16107.11,16150.55,16031.89,16075.25,0,4732.52
05-Aug-2020,16072.72,16141.37,15966.48,16034.96,0,1133.25
06-Aug-2020,15991.22,16200.15,15948.04,16156.52,0,2373.15
07-Aug-2020,16220.8,16266.64,15572.72,15616.85,0,6706.14
10-Aug-2020,15650.34,15755.82,15569.31,15674.66,0,4044.78
11-Aug-2020,15689.59,16213.61,15524.47,16044.75,0,1766.2
12-Aug-2020,16036.99,16166.21,15714.32,15841.97,0,2108.33
13-Aug-2020,15877.73,15957.91,15493.35,15571.99,0,4303.17
14-Aug-2020,15562.45,16293.78,15489.79,16218.05,0,2654.93
17-Aug-2020,16257.09,16431.75,16027.52,16201.58,0,2827.11
18-Aug-2020,16177.5,16237.89,15543.36,15601.59,0,4358.54
19-Aug-2020,15584.61,16002.54,15475.86,15891.65,0,1655.56
20-Aug-2020,15867.64,15963.16,15719.63,15814.83,0,2612.15
21-Aug-2020,15803.16,16011.92,15749.16,15957.38,0,3101.89
24-Aug-2020,15915.69,16004.99,14972.6,15057.09,0,3343.14
25-Aug-2020,15055.36,15261.6,14969.79,15175.35,0,4193.43
26-Aug-2020,15187.5,15624.17,15076.37,15510.68,0,2864.1
27-Aug-2020,15522.7,15545.91,15116.08,15138.72,0,4197.45
28-Aug-2020,15128.12,15220.14,14757.01,14847.32,0,2258.02
31-Aug-2020,14794.52,14991.73,14704.3,14900.86,0,4276.95
01-Sep-2020,14912.15,15410.56,14780.63,15275.83,0,3095.42
02-Sep-2020,15263.95,15470.56,15180.69,15386.63,0,4077.69
03-Sep-2020,15349.39,15462.7,14958.46,15069.71,0,1708.0
04-Sep-2020,15069.03,15300.54,15011.67,15242.53,0,2361.21
07-Sep-2020,15197.19,15256.49,15105.97,15165.15,0,2943.19
08-Sep-2020,15245.95,15339.9,15153.72,15247.67,0,1726.05
09-Sep-2020,15299.98,15373.73,15240.95,15314.65,0,1448.29
10-Sep-2020,15318.88,15467.76,15225.61,15374.15,0,3551.61
11-Sep-2020,15407.64,15671.37,15301.09,15563.74,0,4735.72
14-Sep-2020,15620.37,15915.6,15566.94,15861.34,0,4270.94
15-Sep-2020,15814.73,16008.37,15690.78,15883.87,0,1729.74
16-Sep-2020,15876.99,16150.96,15769.85,16042.7,0,4529.76
17-Sep-2020,16030.72,16079.32,15334.23,15380.86,0,2661.81
18-Sep-2020,15352.19,15443.55,14897.23,14986.42,0,3236.81
21-Sep-2020,14932.65,14995.09,14470.87,14531.63,0,4341.17
22-Sep-2020,14497.39,15082.91,14359.71,14941.02,0,2543.26
23-Sep-2020,14980.83,15174.73,14863.73,15057.03,0,3744.5
24-Sep-2020,15074.69,15562.26,15005.84,15491.51,0,2642.18
25-Sep-2020,15465.48,15593.58,15224.03,15351.19,0,4271.62
28-Sep-2020,15365.06,15565.42,15307.1,15506.92,0,1478.46
29-Sep-2020,15493.84,15745.89,15375.86,15626.89,0,5566.23
30-Sep-2020,15602.56,15652.65,15485.13,15535.0,0,1879.74
01-Oct-2020,15539.32,15786.42,15501.98,15748.58,0,1601.45
02-Oct-2020,15744.87,15822.75,15389.63,15466.13,0,3681.16
05-Oct-2020,15540.29,15646.36,14903.01,15005.44,0,4015.34
06-Oct-2020,14995.17,15258.27,14865.45,15127.4,0,2612.8
07-Oct-2020,15109.53,15184.62,14931.99,15006.56,0,4868.81
08-Oct-2020,15003.49,15271.4,14981.04,15248.58,0,2052.15
09-Oct-2020,15284.78,15407.95,15216.45,15339.37,0,4194.0
12-Oct-2020,15342.76,15440.37,14806.56,14901.36,0,1240.7
13-Oct-2020,14918.37,15311.25,14810.68,15201.52,0,4677.05
14-Oct-2020,15186.99,15523.1,15069.49,15403.93,0,4016.86
15-Oct-2020,15391.24,15614.44,15292.56,15514.96,0,1693.74
16-Oct-2020,15531.32,15637.44,15276.53,15381.62,0,3018.22
19-Oct-2020,15362.11,16017.23,15262.29,15913.82,0,3859.49
20-Oct-2020,15894.75,16217.51,15789.14,16110.47,0,2851.23
21-Oct-2020,16114.34,16133.98,16091.68,16111.31,0,2281.38
22-Oct-2020,16075.25,16655.77,16003.45,16581.71,0,2271.7
23-Oct-2020,16555.58,16722.83,16397.87,16565.04,0,1679.19
26-Oct-2020,16551.23,16608.01,16280.73,16336.77,0,1428.0
27-Oct-2020,16295.65,16340.81,15474.87,15517.88,0,3828.28
28-Oct-2020,15512.98,15677.13,15283.21,15446.66,0,2857.89
29-Oct-2020,15453.28,15491.49,15069.15,15106.5,0,1688.85
30-Oct-2020,15113.42,15292.93,15040.22,15219.22,0,1387.72
02-Nov-2020,15245.02,15413.9,15188.97,15357.44,0,2556.93
03-Nov-2020,15334.49,15554.2,15254.85,15473.84,0,3655.66
04-Nov-2020,15443.46,15540.01,15243.67,15339.58,0,4265.05
05-Nov-2020,15343.51,15485.23,15250.8,15392.22,0,3657.48
06-Nov-2020,15423.28,15545.52,14823.56,14941.99,0,2687.83
09-Nov-2020,14958.62,15077.54,14630.35,14747.59,0,3543.18
10-Nov-2020,14757.52,14911.39,14122.15,14270.96,0,1252.21
11-Nov-2020,14273.71,14334.44,13969.5,14029.19,0,5295.65
12-Nov-2020,14032.46,14692.72,13881.08,14535.91,0,2577.22
13-Nov-2020,14540.35,14739.88,14442.69,14641.55,0,2229.83
16-Nov-2020,14634.04,14969.85,14477.03,14810.94,0,3647.09
17-Nov-2020,14792.68,14950.44,14720.95,14878.29,0,2275.54
18-Nov-2020,14875.97,15238.84,14672.86,15033.58,0,2738.78
19-Nov-2020,15048.4,15544.99,15024.71,15520.56,0,2626.24
20-Nov-2020,15507.63,15629.69,15325.23,15446.81,0,5325.09
23-Nov-2020,15466.49,16077.11,15430.37,16039.65,0,1711.26
24-Nov-2020,16012.83,16075.94,15819.73,15882.32,0,2947.07
25-Nov-2020,15909.78,16051.87,15759.67,15901.68,0,2337.36
26-Nov-2020,15925.37,16650.29,15822.5,16543.43,0,1788.78
27-Nov-2020,16501.57,16775.33,16412.78,16685.54,0,1649.01
30-Nov-2020,16705.25,16953.48,16596.07,16843.39,0,4109.13
01-Dec-2020,16847.76,16902.96,16617.0,16671.63,0,3512.93
02-Dec-2020,16682.46,17260.31,16570.44,17145.18,0,2310.71
03-Dec-2020,17120.11,17355.62,16948.49,17183.37,0,3130.95
04-Dec-2020,17145.69,17215.2,16315.55,16381.96,0,3234.95
07-Dec-2020,16344.73,16588.99,16198.31,16441.71,0,3093.08
08-Dec-2020,16440.42,16614.41,15941.57,16112.09,0,1992.62
09-Dec-2020,16072.07,16303.22,16006.5,16236.99,0,4736.05
10-Dec-2020,16261.31,16714.95,16180.8,16632.6,0,4612.53
11-Dec-2020,16633.19,16957.8,16579.6,16903.34,0,1926.08
14-Dec-2020,16893.9,17448.52,16719.72,17270.45,0,4454.1
15-Dec-2020,17291.87,17514.23,17206.59,17428.28,0,2273.44
16-Dec-2020,17437.95,17560.24,17244.03,17365.82,0,2631.86
17-Dec-2020,17337.48,17491.88,17065.62,17218.96,0,3416.65
18-Dec-2020,17258.67,17686.94,17192.39,17619.27,0,7150.64
21-Dec-2020,17509.33,17721.69,17360.8,17572.62,0,1459.42
22-Dec-2020,17542.04,17912.12,17410.44,17778.74,0,2721.79
23-Dec-2020,17756.14,18164.68,17602.82,18009.18,0,3570.03
24-Dec-2020,17971.6,18061.83,17480.1,17568.31,0,3411.17
25-Dec-2020,17601.48,18310.83,17447.04,18151.56,0,2172.85
28-Dec-2020,18241.83,18776.49,18127.54,18659.59,0,5178.81
29-Dec-2020,18663.34,18921.27,18194.77,18449.74,0,3658.36
30-Dec-2020,18420.35,18919.59,18357.0,18854.75,0,2000.5
31-Dec-2020,18880.91,18973.83,18750.32,18843.05,0,3970.8
01-Jan-2021,18807.48,18867.26,18646.33,18705.79,0,3736.34
04-Jan-2021,18721.01,18826.29,18569.55,18674.56,0,3539.36
05-Jan-2021,18724.01,18811.07,18606.35,18693.27,0,2180.98
06-Jan-2021,18680.67,18956.38,18509.96,18784.72,0,2293.13
07-Jan-2021,18747.1,19058.77,18601.97,18912.36,0,2165.54
08-Jan-2021,18914.32,19039.86,18780.13,18905.61,0,3749.85
11-Jan-2021,18928.07,19163.9,18727.73,18963.19,0,2018.32
12-Jan-2021,18953.77,19072.29,18614.58,18731.71,0,3887.65
13-Jan-2021,18722.52,18886.53,18605.91,18769.62,0,6218.63
14-Jan-2021,18746.69,18863.17,18527.12,18642.96,0,2719.62
15-Jan-2021,18689.86,18827.98,18205.03,18340.57,0,2975.7
18-Jan-2021,18255.8,18981.15,18070.49,18790.41,0,3124.01
19-Jan-2021,18829.89,18915.38,18556.83,18641.46,0,1784.61
20-Jan-2021,18654.55,19241.42,18499.1,19082.4,0,1722.26
21-Jan-2021,19157.87,19299.58,19021.98,19163.64,0,2787.92
22-Jan-2021,19129.46,19255.78,18748.93,18873.56,0,5640.51
25-Jan-2021,18840.25,19051.59,18695.17,18906.01,0,4494.76
26-Jan-2021,18887.12,19140.23,18840.69,19093.3,0,2486.58
27-Jan-2021,19099.21,19510.83,19008.91,19419.02,0,3936.68
28-Jan-2021,19446.06,19654.79,18999.65,19205.81,0,3095.87
29-Jan-2021,19216.87,19828.59,19148.66,19758.46,0,1699.29
01-Feb-2021,19790.72,19965.88,19424.68,19598.14,0,6326.0
02-Feb-2021,19636.63,19748.28,19029.14,19137.96,0,3918.72
03-Feb-2021,19153.01,19334.47,18691.37,18870.15,0,3111.8
04-Feb-2021,18813.53,19117.78,18646.86,18949.91,0,1622.65
05-Feb-2021,18937.72,19037.44,18626.81,18725.42,0,2258.82
08-Feb-2021,18683.25,18854.69,18586.4,18757.45,0,2826.98
09-Feb-2021,18736.34,18737.69,18617.25,18618.59,0,6205.06
10-Feb-2021,18576.53,18668.55,18124.63,18214.85,0,1302.03
11-Feb-2021,18182.9,18335.39,18045.35,18197.73,0,5914.65
12-Feb-2021,18228.5,18322.6,17990.09,18083.44,0,1704.86
15-Feb-2021,18035.96,18222.76,17777.16,17963.2,0,2791.64
16-Feb-2021,17966.86,18092.45,17738.5,17863.37,0,4941.01
17-Feb-2021,17874.96,18162.52,17798.97,18085.64,0,2878.58
18-Feb-2021,18086.73,18463.92,17954.22,18329.62,0,4092.46
19-Feb-2021,18294.37,18666.27,18206.96,18577.51,0,2949.34
22-Feb-2021,18608.53,18759.44,18292.73,18442.3,0,1239.77
23-Feb-2021,18465.98,18760.97,18322.79,18616.61,0,1674.87
24-Feb-2021,18684.34,18805.92,18577.16,18698.66,0,2574.18
25-Feb-2021,18767.68,18846.47,18711.88,18790.61,0,3181.05
26-Feb-2021,18818.75,19269.91,18629.99,19078.54,0,1501.1
01-Mar-2021,19086.82,19407.97,18845.01,19165.16,0,3051.69
02-Mar-2021,19176.82,19373.96,19040.83,19237.54,0,2083.56
03-Mar-2021,19204.82,19336.78,18822.99,18953.22,0,4194.7
04-Mar-2021,18933.26,19066.42,18922.07,19055.16,0,1776.74
05-Mar-2021,19131.7,19239.61,18884.42,18991.54,0,2678.18
08-Mar-2021,19082.68,19181.12,18808.18,18905.71,0,1935.03
09-Mar-2021,18908.43,19043.54,18791.39,18926.38,0,5126.14
10-Mar-2021,18941.1,19274.76,18815.32,19147.61,0,2931.0
11-Mar-2021,19177.56,19210.64,19066.79,19099.73,0,2301.97
12-Mar-2021,19162.02,19413.54,18898.22,19149.57,0,3220.1
15-Mar-2021,19178.27,19345.68,19096.46,19263.51,0,1361.47
16-Mar-2021,19235.91,19655.45,19124.77,19542.53,0,4766.56
17-Mar-2021,19561.79,20097.5,19452.06,19985.39,0,3042.45
18-Mar-2021,19980.61,20452.53,19844.7,20314.35,0,3872.91
19-Mar-2021,20311.91,20629.29,20163.55,20479.71,0,4355.91
22-Mar-2021,20441.17,20656.49,20318.24,20533.01,0,2455.28
23-Mar-2021,20496.8,20575.4,20224.2,20302.06,0,5812.82
24-Mar-2021,20301.31,20364.48,19846.95,19908.9,0,1674.35
25-Mar-2021,19859.57,20018.6,19450.17,19607.18,0,2470.41
26-Mar-2021,19627.74,20238.9,19524.86,20133.38,0,3823.8
29-Mar-2021,20122.46,20613.31,20111.71,20602.3,0,4336.06
30-Mar-2021,20548.57,20638.78,20491.15,20581.27,0,4275.53
31-Mar-2021,20546.95,20790.83,20487.99,20731.34,0,2542.52
01-Apr-2021,20711.88,20940.25,20590.59,20818.34,0,2959.82
02-Apr-2021,20850.62,20985.92,20782.76,20917.84,0,3624.32
05-Apr-2021,20913.55,21541.21,20772.88,21397.28,0,2511.28
06-Apr-2021,21406.94,21510.18,21298.72,21401.94,0,5630.84
07-Apr-2021,21400.7,21425.4,21149.0,21173.43,0,2575.1
08-Apr-2021,21190.09,21437.61,21055.1,21301.91,0,2482.67
09-Apr-2021,21276.96,21469.62,20800.81,20990.88,0,5136.87
12-Apr-2021,21057.24,21333.72,20944.5,21220.11,0,2071.64
13-Apr-2021,21175.22,21346.57,20963.38,21134.4,0,1474.72
14-Apr-2021,21096.34,21262.99,20844.6,21010.58,0,1751.2
15-Apr-2021,20976.19,21215.62,20844.82,21083.57,0,3409.09
16-Apr-2021,21084.17,21261.25,20943.85,21120.68,0,4787.83
19-Apr-2021,21057.51,21065.85,20901.54,20909.82,0,4817.66
20-Apr-2021,20855.99,21054.17,20508.49,20705.24,0,3280.04
21-Apr-2021,20705.51,21191.76,20575.07,21059.09,0,3229.36
22-Apr-2021,21012.87,21438.97,20881.61,21305.87,0,2280.13
23-Apr-2021,21243.79,21293.39,21183.04,21232.62,0,2543.72
26-Apr-2021,21205.83,21910.88,21081.53,21783.19,0,3537.15
27-Apr-2021,21752.1,21922.71,21498.42,21668.37,0,6902.56
28-Apr-2021,21636.96,22145.28,21468.08,21973.77,0,3847.81
29-Apr-2021,22011.21,22143.11,21700.64,21831.46,0,4936.38
30-Apr-2021,21829.29,21908.71,21677.93,21757.09,0,1565.25
03-May-2021,21729.87,21903.01,21205.54,21375.86,0,3480.79
04-May-2021,21331.82,21429.98,21058.46,21155.81,0,3138.9
05-May-2021,21104.63,21210.31,20991.99,21097.64,0,6287.84
06-May-2021,21102.5,21147.57,21028.03,21073.04,0,1692.56
07-May-2021,21066.08,21225.78,20554.84,20711.85,0,4279.71
10-May-2021,20771.05,20922.74,20640.98,20792.53,0,3127.77
11-May-2021,20705.26,20871.22,20165.28,20328.22,0,2803.22
12-May-2021,20349.63,20446.29,20348.95,20445.6,0,2094.25
13-May-2021,20386.27,20436.33,20370.29,20420.32,0,1365.02
14-May-2021,20444.01,20690.56,20146.02,20391.94,0,2114.74
17-May-2021,20344.18,20374.36,19958.92,19988.57,0,2378.79
18-May-2021,20034.9,20132.37,19894.85,19992.11,0,2238.9
19-May-2021,19998.8,20493.65,19854.3,20346.64,0,3459.5
20-May-2021,20344.82,20604.79,20151.69,20411.03,0,1506.74
21-May-2021,20396.41,20842.49,20253.81,20697.79,0,2712.6
24-May-2021,20700.71,20834.45,20419.25,20552.04,0,3335.96
25-May-2021,20473.76,20901.62,20319.73,20745.55,0,1825.53
26-May-2021,20735.99,20958.71,20342.79,20563.66,0,3686.74
27-May-2021,20587.22,20881.75,20458.96,20752.45,0,2874.34
28-May-2021,20783.54,20930.67,20479.42,20625.43,0,5691.5
31-May-2021,20638.39,20766.33,20490.8,20618.62,0,2651.38
01-Jun-2021,20618.73,20866.34,20515.34,20762.23,0,2860.63
02-Jun-2021,20738.67,21059.35,20624.59,20944.14,0,3645.64
03-Jun-2021,20899.39,21446.31,20730.21,21274.1,0,4722.26
04-Jun-2021,21222.61,21564.5,21082.8,21423.37,0,2755.62
07-Jun-2021,21421.25,21609.04,21107.96,21294.64,0,3661.0
08-Jun-2021,21275.52,21411.02,20596.51,20728.53,0,4825.0
09-Jun-2021,20749.77,21113.05,20648.86,21010.88,0,3236.58
10-Jun-2021,21038.67,21217.11,20552.13,20727.94,0,4071.16
11-Jun-2021,20773.29,20892.49,20600.46,20719.35,0,3733.27
14-Jun-2021,20756.95,20944.78,20557.99,20745.72,0,1886.39
15-Jun-2021,20679.47,21021.51,20542.59,20883.29,0,4478.56
16-Jun-2021,20850.92,21065.95,20704.34,20918.89,0,2489.04
17-Jun-2021,20920.93,21246.76,20815.98,21140.7,0,2252.79
18-Jun-2021,21176.5,21337.68,21048.65,21209.64,0,1744.77
21-Jun-2021,21300.41,21480.06,21212.14,21391.41,0,1842.67
22-Jun-2021,21374.08,21538.38,20714.46,20874.93,0,1839.86
23-Jun-2021,20814.22,21440.7,20661.89,21284.94,0,2271.67
24-Jun-2021,21267.9,21963.13,21110.75,21802.03,0,2329.08
25-Jun-2021,21817.53,22412.14,21639.97,22231.22,0,5145.24
28-Jun-2021,22252.11,22859.71,22217.88,22824.6,0,3316.33
29-Jun-2021,22819.28,23036.98,22495.13,22711.8,0,2719.07
30-Jun-2021,22668.95,22817.78,22184.68,22331.29,0,2534.1
01-Jul-2021,22372.6,23038.98,22286.68,22950.85,0,4026.66
02-Jul-2021,22935.48,23206.31,22756.63,23026.74,0,5631.86
05-Jul-2021,22997.47,23141.12,22808.22,22951.58,0,4653.02
06-Jul-2021,22931.64,23035.03,22411.97,22513.48,0,9485.72
07-Jul-2021,22552.62,22885.96,22527.69,22860.68,0,5837.97
08-Jul-2021,22912.54,23029.08,22402.04,22516.56,0,5540.9
09-Jul-2021,22477.91,22836.5,22378.84,22736.3,0,2976.47
12-Jul-2021,22773.46,23126.93,22649.88,23002.11,0,3729.75
13-Jul-2021,22892.39,23470.94,22704.25,23279.61,0,3793.44
14-Jul-2021,23215.68,23389.1,22746.42,22917.62,0,2683.56
15-Jul-2021,22929.18,23023.38,22530.66,22623.61,0,3451.78
16-Jul-2021,22696.02,23214.73,22600.25,23117.19,0,3505.98
19-Jul-2021,23140.31,23461.75,22975.82,23296.14,0,3527.45
20-Jul-2021,23298.36,23609.93,23039.24,23350.24,0,2695.76
21-Jul-2021,23371.34,23854.46,23228.99,23710.05,0,4152.93
22-Jul-2021,23797.44,23981.66,23681.12,23865.01,0,4769.63
23-Jul-2021,23763.59,24275.85,23559.43,24069.08,0,4668.7
26-Jul-2021,24022.34,24039.51,23447.55,23464.32,0,1498.5
27-Jul-2021,23444.76,23561.03,23114.05,23229.24,0,4035.84
28-Jul-2021,23207.31,23432.46,23115.54,23340.17,0,3942.71
29-Jul-2021,23361.12,23924.61,23276.87,23838.64,0,1540.92
30-Jul-2021,23814.79,24481.92,23616.47,24279.72,0,1752.65
02-Aug-2021,24236.12,24958.75,23957.57,24675.15,0,2402.72
03-Aug-2021,24637.07,24856.48,24390.68,24609.85,0,3431.69
04-Aug-2021,24550.75,24664.49,24303.3,24416.42,0,2808.92
05-Aug-2021,24401.7,24798.58,24206.76,24602.04,0,2101.12
06-Aug-2021,24579.0,24744.45,24020.68,24183.47,0,3842.03
09-Aug-2021,24172.26,24597.05,24009.19,24432.23,0,2684.27
10-Aug-2021,24446.05,24476.1,24353.67,24383.65,0,4002.87
11-Aug-2021,24381.8,24879.79,24313.56,24810.36,0,1581.13
12-Aug-2021,24821.35,25014.55,24469.18,24661.13,0,2918.25
13-Aug-2021,24648.69,24867.6,24302.92,24520.69,0,1856.82
16-Aug-2021,24517.62,24618.72,24248.6,24349.02,0,3205.34
17-Aug-2021,24398.02,24601.64,24293.67,24496.86,0,6453.33
18-Aug-2021,24520.83,24721.12,24310.94,24511.15,0,2493.56
19-Aug-2021,24451.07,24580.42,24250.82,24379.8,0,3717.97
20-Aug-2021,24384.24,24887.68,24033.25,24534.54,0,2677.95
23-Aug-2021,24576.8,24971.72,24454.98,24848.56,0,1866.7
24-Aug-2021,24888.01,24915.16,24743.02,24770.04,0,2779.94
25-Aug-2021,24744.23,25064.26,24600.58,24919.6,0,4725.17
26-Aug-2021,25006.07,25091.46,24694.43,24779.05,0,2451.29
27-Aug-2021,24740.96,24804.97,24533.91,24597.55,0,3592.54
30-Aug-2021,24615.03,24773.24,24473.8,24631.92,0,4271.43
31-Aug-2021,24676.28,24902.3,24263.82,24488.11,0,3818.19
01-Sep-2021,24485.67,25033.15,24438.16,24984.68,0,2194.9
02-Sep-2021,25028.75,25192.52,24796.95,24960.28,0,5412.22
03-Sep-2021,24991.05,25183.41,24719.32,24911.06,0,2402.39
06-Sep-2021,24868.09,25239.55,24755.4,25125.7,0,3348.66
07-Sep-2021,25060.53,25160.08,25002.2,25101.66,0,3327.6
08-Sep-2021,25129.24,25247.32,24907.7,25025.3,0,3033.13
09-Sep-2021,25048.82,25481.31,24898.66,25329.45,0,1908.96
10-Sep-2021,25242.65,26334.26,25118.55,26205.44,0,1921.7
13-Sep-2021,26235.9,26674.35,26116.49,26553.5,0,2810.57
14-Sep-2021,26533.58,26595.15,26340.21,26401.47,0,2154.85
15-Sep-2021,26452.28,26572.19,25891.93,26009.83,0,2096.32
16-Sep-2021,25982.4,26561.31,25698.79,26274.51,0,4339.9
17-Sep-2021,26201.19,27021.58,26179.79,26999.53,0,2063.8
20-Sep-2021,26973.08,27285.49,26899.19,27210.95,0,2394.6
21-Sep-2021,27180.32,27723.88,26882.12,27423.01,0,1693.89
22-Sep-2021,27431.7,27527.64,27098.67,27193.78,0,3032.19
23-Sep-2021,27214.72,27459.85,27197.11,27442.1,0,2140.05
24-Sep-2021,27459.07,28139.59,27376.58,28055.31,0,1921.82
27-Sep-2021,28086.03,28321.44,27370.66,27602.02,0,3042.57
28-Sep-2021,27640.47,27863.09,27531.34,27753.52,0,4915.79
29-Sep-2021,27881.95,28219.26,27611.99,27948.66,0,2612.84
30-Sep-2021,27945.49,28112.42,27609.81,27775.73,0,3066.8
01-Oct-2021,27825.4,28791.73,27668.33,28630.12,0,2454.36
04-Oct-2021,28664.32,29180.5,28450.79,28964.73,0,2290.26
05-Oct-2021,28957.99,29559.39,28768.77,29367.49,0,3203.78
06-Oct-2021,29362.07,29573.95,28861.34,29071.11,0,4677.38
07-Oct-2021,29035.81,29129.57,29028.5,29122.24,0,1991.69
08-Oct-2021,29047.55,29877.87,28932.28,29759.78,0,2444.74
11-Oct-2021,29733.59,30292.57,29453.79,30010.16,0,2006.76
12-Oct-2021,30011.95,30081.86,29568.82,29637.86,0,2610.14
13-Oct-2021,29516.91,29722.97,29361.2,29567.0,0,2321.98
14-Oct-2021,29528.27,30095.75,29363.27,29928.52,0,5037.32
15-Oct-2021,29935.66,30783.22,29763.58,30607.28,0,2772.63
18-Oct-2021,30643.91,30829.36,30358.97,30543.81,0,5276.7
19-Oct-2021,30506.4,31472.32,30272.8,31233.15,0,3730.93
20-Oct-2021,31291.45,31903.41,31145.75,31755.55,0,2598.7
21-Oct-2021,31758.57,32565.66,31549.27,32352.44,0,1965.21
22-Oct-2021,32477.2,32651.41,32399.58,32573.56,0,1894.34
25-Oct-2021,32492.12,32566.06,32154.72,32228.06,0,8240.32
26-Oct-2021,32255.44,32663.92,31741.13,32148.26,0,1348.36
27-Oct-2021,32171.56,32484.36,31803.03,32115.28,0,2654.84
28-Oct-2021,32230.58,32318.78,31853.44,31940.84,0,3259.04
29-Oct-2021,31834.28,32017.62,31387.64,31569.46,0,3392.04
01-Nov-2021,31648.76,31876.37,31100.85,31326.14,0,3958.55
02-Nov-2021,31280.36,31955.48,30951.38,31622.89,0,3699.44
03-Nov-2021,31662.7,32008.0,31436.3,31780.75,0,1856.83
04-Nov-2021,31779.09,32269.08,31370.78,31859.73,0,3031.9
05-Nov-2021,31819.79,31907.97,31704.73,31792.84,0,3258.8
08-Nov-2021,31777.25,32398.76,31346.61,31965.57,0,8071.31
09-Nov-2021,31970.01,32238.54,31807.4,32075.4,0,3609.81
10-Nov-2021,32144.78,32687.99,32056.91,32598.89,0,4638.14
11-Nov-2021,32694.18,32944.54,32190.09,32438.49,0,2464.76
12-Nov-2021,32338.53,32657.16,32331.01,32649.57,0,1642.7
15-Nov-2021,32837.06,33062.81,32559.87,32785.26,0,1582.55
16-Nov-2021,32749.28,32949.17,32592.96,32792.64,0,2865.6
17-Nov-2021,32741.35,32901.72,32141.02,32299.23,0,1822.42
18-Nov-2021,32286.21,32519.22,32163.46,32396.05,0,3087.54
19-Nov-2021,32395.27,32828.04,32201.66,32633.02,0,6870.22
22-Nov-2021,32744.84,33055.31,31998.1,32304.39,0,3373.01
23-Nov-2021,32343.11,32373.82,32050.17,32080.64,0,2859.68
24-Nov-2021,32076.73,32345.29,31830.91,32099.3,0,6104.29
25-Nov-2021,32151.34,32541.14,31990.0,32378.66,0,3803.16
26-Nov-2021,32479.72,32623.27,32236.39,32379.49,0,1884.38
29-Nov-2021,32456.81,32576.04,32318.66,32437.82,0,3621.16
30-Nov-2021,32380.46,32507.16,32263.25,32389.92,0,3204.92
01-Dec-2021,32485.69,33357.53,32079.8,32945.9,0,1899.34
02-Dec-2021,33051.81,33179.11,32986.42,33113.6,0,2035.36
03-Dec-2021,33082.93,33218.02,32580.74,32714.32,0,6121.91
06-Dec-2021,32715.91,32896.45,32651.82,32832.13,0,1272.91
07-Dec-2021,32914.8,34053.29,32634.34,33765.59,0,2470.56
08-Dec-2021,33733.24,33797.6,33174.46,33237.88,0,7033.66
09-Dec-2021,33270.21,33497.53,32809.99,33035.72,0,3864.92
10-Dec-2021,33103.31,33402.1,32766.69,33065.13,0,4587.71
13-Dec-2021,33163.6,33391.45,32751.32,32977.9,0,2782.86
14-Dec-2021,32951.69,33253.79,32772.78,33074.21,0,2209.33
15-Dec-2021,33129.7,34009.69,32822.02,33696.74,0,3883.64
16-Dec-2021,33576.96,33823.82,33227.21,33473.32,0,4793.26
17-Dec-2021,33446.97,33671.83,32917.28,33140.07,0,4365.78
20-Dec-2021,33232.54,33378.69,33115.77,33261.82,0,3044.79
21-Dec-2021,33224.23,33276.78,32812.8,32864.78,0,3488.24
22-Dec-2021,32860.03,33130.75,32787.38,33057.67,0,3436.26
23-Dec-2021,33048.35,33560.35,32885.99,33396.28,0,2648.97
24-Dec-2021,33430.22,34303.77,33313.81,34184.73,0,2445.56
27-Dec-2021,34031.46,34647.6,33881.18,34495.27,0,4051.66
28-Dec-2021,34387.56,34475.26,33927.61,34014.36,0,4804.87
29-Dec-2021,34119.31,34309.07,33543.49,33731.09,0,1880.4
30-Dec-2021,33859.18,34189.43,33372.43,33701.14,0,3000.02
31-Dec-2021,33706.14,34053.0,33273.19,33619.16,0,2767.12
03-Jan-2022,33719.3,33925.38,32942.43,33144.99,0,2725.15
04-Jan-2022,33155.13,33426.0,31400.88,31659.54,0,2911.43
05-Jan-2022,31575.58,31810.05,31341.07,31575.55,0,4728.55
06-Jan-2022,31712.13,31907.26,30695.85,30885.9,0,3711.02
07-Jan-2022,30983.25,31194.23,30337.79,30545.8,0,2219.67
10-Jan-2022,30502.46,31027.21,30233.19,30755.7,0,2352.09
11-Jan-2022,30738.69,30983.86,30614.4,30859.09,0,2742.28
12-Jan-2022,30796.13,31052.04,30336.73,30590.93,0,1585.94
13-Jan-2022,30583.75,30964.75,30337.45,30717.37,0,4092.82
14-Jan-2022,30791.12,30907.45,30374.74,30489.93,0,1345.05
17-Jan-2022,30564.6,30905.53,30310.21,30650.43,0,1230.85
18-Jan-2022,30630.28,31007.19,30353.34,30729.35,0,1833.21
19-Jan-2022,30703.89,31025.32,30444.41,30765.33,0,2522.94
20-Jan-2022,30924.94,31094.81,30442.02,30610.16,0,2170.77
21-Jan-2022,30619.7,30796.28,30345.51,30521.52,0,2671.59
24-Jan-2022,30511.71,30852.42,30359.75,30699.52,0,5197.57
25-Jan-2022,30732.96,31902.23,30412.58,31573.09,0,3009.8
26-Jan-2022,31488.85,31847.62,31330.33,31688.09,0,2989.76
27-Jan-2022,31717.02,31969.85,31273.63,31524.94,0,4912.57
28-Jan-2022,31463.16,31638.34,31374.13,31549.07,0,6365.39
31-Jan-2022,31577.1,31845.84,30549.45,30811.67,0,4543.55
01-Feb-2022,30810.98,31404.72,30582.8,31173.85,0,3299.63
02-Feb-2022,31164.07,32488.79,30941.91,32258.83,0,2220.67
03-Feb-2022,32209.08,32388.33,31354.51,31529.98,0,3169.23
04-Feb-2022,31499.73,32043.73,31126.6,31668.6,0,6543.14
07-Feb-2022,31620.26,31878.41,31495.02,31752.65,0,2262.01
08-Feb-2022,31780.57,31829.95,30907.2,30955.29,0,1653.89
09-Feb-2022,30972.8,31560.9,30644.61,31229.98,0,1865.76
10-Feb-2022,31237.07,31961.32,31015.31,31736.01,0,4567.9
11-Feb-2022,31775.26,32312.23,31699.87,32235.76,0,3040.9
14-Feb-2022,32288.09,32585.18,31785.15,32080.33,0,2303.58
15-Feb-2022,32133.2,33283.92,31930.06,33074.82,0,4806.77
16-Feb-2022,33125.84,33279.59,32771.0,32923.81,0,2104.6
17-Feb-2022,32952.65,33129.01,32304.75,32478.58,0,1054.99
18-Feb-2022,32487.2,32712.02,31783.27,32004.74,0,1564.02
21-Feb-2022,31992.44,32218.47,31890.17,32115.81,0,3146.75
22-Feb-2022,32085.11,32728.67,31891.46,32532.32,0,4221.65
23-Feb-2022,32588.19,32769.25,32280.04,32460.39,0,3278.99
24-Feb-2022,32456.92,33106.17,32239.95,32886.33,0,3187.52
25-Feb-2022,32863.58,34356.05,32587.41,34069.75,0,2119.31
28-Feb-2022,34130.23,34145.14,33847.21,33862.01,0,4912.94
01-Mar-2022,33851.79,34353.05,33624.76,34124.19,0,3412.9
02-Mar-2022,34050.46,34302.87,33671.75,33923.22,0,4461.66
03-Mar-2022,33922.06,34471.77,33671.62,34219.13,0,4434.99
04-Mar-2022,34163.56,34326.17,34115.06,34277.51,0,2746.58
07-Mar-2022,34374.96,34621.18,33773.77,34017.43,0,3338.25
08-Mar-2022,33874.78,34021.52,33825.48,33972.08,0,2717.27
09-Mar-2022,34014.51,34184.95,33324.5,33492.32,0,6888.68
10-Mar-2022,33441.9,33601.0,33024.85,33182.72,0,4192.03
11-Mar-2022,33192.68,33246.15,33161.17,33214.62,0,2403.83
14-Mar-2022,33161.46,33333.94,33039.02,33211.32,0,4501.37
15-Mar-2022,33158.36,33235.34,32897.43,32973.98,0,2248.78
16-Mar-2022,32958.39,33227.81,32562.24,32830.61,0,2160.6
17-Mar-2022,32759.52,33773.81,32507.61,33516.08,0,2144.93
18-Mar-2022,33508.4,33867.5,33073.11,33431.38,0,2478.53
21-Mar-2022,33489.53,33818.1,33414.68,33742.68,0,1006.26
22-Mar-2022,33744.08,34319.78,33557.78,34131.34,0,4526.67
23-Mar-2022,34250.08,35040.15,34061.27,34848.04,0,2485.93
24-Mar-2022,34883.92,35040.31,34303.55,34458.03,0,3725.48
25-Mar-2022,34443.36,34733.03,33685.34,33971.04,0,3679.67
28-Mar-2022,33980.94,34390.96,33723.94,34132.81,0,1584.44
29-Mar-2022,34035.02,34873.29,33927.31,34763.28,0,1969.69
30-Mar-2022,34645.24,35183.19,34564.27,35101.16,0,5588.04
31-Mar-2022,35062.79,35575.97,34826.5,35337.83,0,1781.97
01-Apr-2022,35284.1,35969.44,35033.17,35715.45,0,2232.82
04-Apr-2022,35740.05,35844.08,35159.15,35261.79,0,5659.62
05-Apr-2022,35265.34,35284.03,35200.84,35219.5,0,4242.44
06-Apr-2022,35138.89,35457.7,34912.22,35230.44,0,1899.81
07-Apr-2022,35369.04,35550.41,34621.32,34799.78,0,2754.57
08-Apr-2022,34607.66,34858.4,33823.07,34069.92,0,4192.63
11-Apr-2022,34119.72,34277.88,33392.86,33548.37,0,3930.45
12-Apr-2022,33457.96,33625.11,33040.2,33206.09,0,2520.71
13-Apr-2022,33122.5,33320.31,32922.7,33120.5,0,5022.49
14-Apr-2022,33076.78,33255.63,32944.13,33122.79,0,5046.97
15-Apr-2022,33147.21,33255.47,32283.85,32389.63,0,4313.89
18-Apr-2022,32252.99,32733.79,32167.99,32647.75,0,2412.8
19-Apr-2022,32700.88,32783.9,32176.45,32258.34,0,4542.99
20-Apr-2022,32312.3,32358.45,32092.9,32138.79,0,2355.61
21-Apr-2022,32132.66,32379.03,31876.97,32123.27,0,2000.12
22-Apr-2022,32159.73,32389.25,31490.81,31717.18,0,2065.94
25-Apr-2022,31657.42,31977.76,31574.39,31894.11,0,4811.98
26-Apr-2022,31906.22,32062.32,31178.37,31331.67,0,3206.41
27-Apr-2022,31333.18,31723.22,31048.49,31437.59,0,3894.5
28-Apr-2022,31458.76,31804.89,30970.3,31314.85,0,2948.02
29-Apr-2022,31332.97,31543.65,30790.9,30999.34,0,3369.97
02-May-2022,30988.75,31536.23,30872.41,31418.27,0,1995.17
03-May-2022,31416.66,31692.15,31143.09,31418.56,0,1734.55
04-May-2022,31498.82,31619.07,31109.96,31229.19,0,3746.97
05-May-2022,31141.83,32179.43,31026.65,32060.85,0,3044.04
06-May-2022,32192.76,32389.48,31725.97,31921.03,0,1894.73
09-May-2022,31910.28,32130.37,30941.05,31155.94,0,3350.2
10-May-2022,31370.52,31691.9,31177.13,31497.73,0,2411.47
11-May-2022,31496.92,31801.27,31162.6,31466.66,0,1667.49
12-May-2022,31452.08,31662.55,31003.19,31212.05,0,2813.36
13-May-2022,31132.34,31420.17,30891.83,31179.3,0,4240.74
16-May-2022,31147.41,31413.65,30691.45,30956.06,0,4785.6
17-May-2022,30979.44,31635.23,30855.62,31509.29,0,2863.83
18-May-2022,31495.04,31748.11,31238.87,31491.91,0,5077.27
19-May-2022,31549.02,31646.93,30648.14,30743.55,0,2425.33
20-May-2022,30813.56,31096.51,30532.72,30815.64,0,3110.66
23-May-2022,30707.09,30942.45,30676.07,30911.23,0,2947.04
24-May-2022,30833.73,31007.54,30709.39,30883.0,0,4766.09
25-May-2022,30836.06,31653.95,30528.25,31341.1,0,2099.21
26-May-2022,31337.44,31535.25,30936.76,31133.29,0,2561.33
27-May-2022,31100.1,31820.29,30850.67,31567.12,0,2091.73
30-May-2022,31648.88,31697.38,31571.19,31619.65,0,3168.1
31-May-2022,31656.97,31856.31,30979.82,31176.14,0,2465.19
01-Jun-2022,31139.89,31245.38,31074.34,31179.75,0,2879.11
02-Jun-2022,31183.74,31438.58,30255.35,30504.64,0,8631.37
03-Jun-2022,30457.7,30707.55,29920.62,30168.09,0,2507.14
06-Jun-2022,30294.83,30415.88,29847.01,29966.74,0,2947.57
07-Jun-2022,29966.61,30927.1,29912.89,30871.76,0,2902.4
08-Jun-2022,30908.92,30938.15,30604.33,30633.29,0,1694.26
09-Jun-2022,30665.09,30915.46,30423.12,30673.42,0,3805.79
10-Jun-2022,30772.92,31010.09,29905.42,30137.69,0,4115.17
13-Jun-2022,30203.83,31172.61,30045.03,31009.57,0,4114.02
14-Jun-2022,31017.03,31288.74,30878.89,31150.01,0,2860.95
15-Jun-2022,31086.33,31126.51,30840.23,30880.15,0,2208.3
16-Jun-2022,30913.94,31236.68,30483.68,30805.29,0,2143.03
17-Jun-2022,30816.59,31214.58,30680.58,31077.42,0,1641.84
20-Jun-2022,31046.18,31174.73,30885.68,31014.11,0,3014.04
21-Jun-2022,31102.84,31387.76,30310.04,30590.27,0,2323.47
22-Jun-2022,30626.44,30780.64,30471.27,30625.46,0,8613.06
23-Jun-2022,30671.53,30915.78,29959.11,30199.6,0,2981.41
24-Jun-2022,30192.24,30551.55,29952.51,30310.87,0,3077.89
27-Jun-2022,30471.5,31312.74,30073.51,30909.04,0,2822.55
28-Jun-2022,30873.8,31354.87,30639.92,31119.13,0,1813.33
29-Jun-2022,31034.62,31206.59,30979.63,31151.39,0,3176.21
30-Jun-2022,31179.7,31419.0,30902.14,31141.14,0,3449.22
01-Jul-2022,31223.1,31361.93,30969.44,31107.75,0,2327.95
04-Jul-2022,30999.34,31295.55,30439.41,30733.08,0,3109.5
05-Jul-2022,30716.65,31176.23,30557.53,31015.55,0,4158.92
06-Jul-2022,30909.02,31223.15,30882.88,31196.77,0,5316.43
07-Jul-2022,31107.38,31593.67,30968.39,31453.14,0,1882.26
08-Jul-2022,31456.26,31714.75,31334.29,31592.25,0,2743.39
11-Jul-2022,31607.86,31959.73,31229.75,31581.33,0,4112.45
12-Jul-2022,31546.14,31589.75,31118.29,31161.37,0,3028.62
13-Jul-2022,31233.84,31379.59,31090.98,31236.72,0,2692.89
14-Jul-2022,31123.37,31235.96,30929.26,31041.56,0,3294.73
15-Jul-2022,31025.89,31310.45,30505.03,30787.4,0,4917.9
18-Jul-2022,30710.88,30777.31,30399.65,30465.54,0,1470.31
19-Jul-2022,30492.36,30826.56,30063.98,30397.13,0,2036.07
20-Jul-2022,30289.53,30928.65,29937.38,30573.2,0,3203.36
21-Jul-2022,30607.16,30965.7,30263.17,30621.54,0,4365.47
22-Jul-2022,30673.96,31201.33,30521.49,31047.01,0,2125.55
25-Jul-2022,31150.04,31367.56,30848.94,31065.87,0,1959.23
26-Jul-2022,31127.85,31566.97,31037.72,31475.83,0,2147.07
27-Jul-2022,31559.83,31666.24,31032.28,31137.27,0,2896.7
28-Jul-2022,31106.12,31316.74,30683.12,30892.3,0,7759.08
29-Jul-2022,30891.66,31456.9,30605.47,31168.15,0,5695.7
01-Aug-2022,31143.94,31284.01,31087.06,31226.98,0,4190.9
02-Aug-2022,31210.58,31739.88,31096.38,31624.16,0,3779.85
03-Aug-2022,31468.41,31641.19,31064.9,31236.41,0,3830.08
04-Aug-2022,31308.5,31537.91,30756.11,30983.13,0,2237.8
05-Aug-2022,30946.68,31743.39,30840.7,31635.05,0,5713.62
08-Aug-2022,31634.74,32033.15,31521.43,31918.83,0,1823.21
09-Aug-2022,32027.03,32299.4,31508.07,31778.33,0,2842.56
10-Aug-2022,31857.08,32281.81,30809.59,31225.9,0,1490.87
11-Aug-2022,31209.53,31594.55,31166.13,31550.68,0,2055.96
12-Aug-2022,31611.14,31951.82,31466.59,31806.38,0,2263.87
15-Aug-2022,31776.42,32240.1,31640.02,32102.31,0,2574.47
16-Aug-2022,32067.6,32482.1,31884.52,32297.7,0,2493.83
17-Aug-2022,32427.97,33140.69,32316.05,33026.71,0,4821.91
18-Aug-2022,33028.6,33305.39,32070.62,32341.66,0,3725.51
19-Aug-2022,32266.77,32378.8,32126.96,32238.89,0,3429.97
22-Aug-2022,32141.29,32337.28,32033.08,32228.78,0,3327.86
23-Aug-2022,32197.78,32674.2,32066.99,32542.01,0,3817.52
24-Aug-2022,32512.52,32525.31,32452.67,32465.44,0,1941.49
25-Aug-2022,32463.24,32620.08,32314.57,32471.38,0,2928.72
26-Aug-2022,32441.56,32568.08,31850.71,31975.42,0,4122.62
29-Aug-2022,32029.37,32227.04,31795.58,31993.03,0,5146.29
30-Aug-2022,31985.6,32271.75,31344.59,31627.53,0,2483.43
31-Aug-2022,31707.43,31854.94,31230.29,31376.25,0,3342.79
01-Sep-2022,31370.77,31379.5,31044.09,31052.74,0,2675.31
02-Sep-2022,31040.9,31341.0,30445.3,30742.51,0,2742.43
05-Sep-2022,30741.01,31031.56,30332.49,30621.91,0,2803.88
06-Sep-2022,30583.53,30817.61,29988.85,30220.15,0,4527.53
07-Sep-2022,30158.57,30910.83,30051.38,30801.36,0,3630.79
08-Sep-2022,30800.55,31265.63,30527.18,30990.58,0,2918.98
09-Sep-2022,30927.84,31303.59,30421.0,30795.14,0,2299.2
12-Sep-2022,30865.89,31163.81,30814.94,31112.45,0,2068.53
13-Sep-2022,31120.83,31470.22,30971.92,31320.37,0,1405.9
14-Sep-2022,31336.43,32153.59,31064.32,31876.79,0,6367.66
15-Sep-2022,31892.89,32221.51,31660.38,31988.3,0,1999.48
16-Sep-2022,32032.51,32217.19,31644.33,31827.83,0,3569.78
19-Sep-2022,31895.7,32202.15,31767.83,32073.56,0,2918.45
20-Sep-2022,32004.39,32484.82,31756.18,32234.82,0,3521.52
21-Sep-2022,32291.93,32428.74,31666.43,31801.15,0,3959.07
22-Sep-2022,31827.21,31893.58,31596.31,31662.32,0,1456.12
23-Sep-2022,31695.69,31799.72,31319.98,31423.12,0,6053.61
26-Sep-2022,31471.47,31847.0,30880.61,31253.54,0,3802.6
27-Sep-2022,31332.26,31650.92,30611.82,30926.35,0,3081.96
28-Sep-2022,31005.5,31954.36,30780.44,31724.09,0,1848.87
29-Sep-2022,31709.7,31839.15,31229.48,31357.48,0,2850.28
30-Sep-2022,31356.41,32655.32,30897.91,32184.72,0,3908.75
03-Oct-2022,32088.71,32282.89,31776.94,31970.4,0,3916.07
04-Oct-2022,31965.66,32547.89,31607.63,32187.37,0,3478.83
05-Oct-2022,32127.24,32444.71,31887.01,32203.91,0,3352.94
06-Oct-2022,32124.93,32284.12,31741.62,31899.7,0,1034.6
07-Oct-2022,31815.3,31872.71,31565.07,31622.14,0,4119.45
10-Oct-2022,31661.56,31727.96,31557.34,31623.66,0,4667.75
11-Oct-2022,31636.93,31897.78,30421.41,30674.33,0,1994.01
12-Oct-2022,30565.72,30700.64,30378.46,30513.15,0,1694.85
13-Oct-2022,30409.91,30537.72,30130.41,30257.58,0,2244.77
14-Oct-2022,30245.52,30474.68,29260.53,29483.93,0,2825.85
17-Oct-2022,29576.38,29811.03,29196.99,29430.49,0,4302.83
18-Oct-2022,29415.72,29922.39,29199.74,29704.29,0,3583.9
19-Oct-2022,29713.35,30560.55,29539.72,30383.0,0,9282.85
20-Oct-2022,30353.38,30468.34,29659.14,29771.9,0,2120.84
21-Oct-2022,29713.63,29900.2,29096.1,29279.95,0,2371.47
24-Oct-2022,29317.3,29417.33,29183.38,29283.29,0,1780.46
25-Oct-2022,29289.23,29389.65,28785.85,28884.89,0,1783.88
26-Oct-2022,28950.67,29132.3,28628.91,28809.65,0,5275.68
27-Oct-2022,28800.64,28915.94,28014.83,28127.44,0,2206.8
28-Oct-2022,28094.8,28622.99,27826.05,28351.79,0,3748.64
31-Oct-2022,28483.96,28918.18,27847.08,28278.17,0,3277.68
01-Nov-2022,28229.37,28237.07,27853.34,27860.94,0,3530.48
02-Nov-2022,27903.81,28278.68,27718.13,28091.74,0,3630.64
03-Nov-2022,28165.48,28401.69,27200.42,27430.46,0,3650.66
04-Nov-2022,27425.48,27536.97,27141.56,27252.34,0,2314.21
07-Nov-2022,27360.23,27547.93,26954.18,27140.38,0,1431.43
08-Nov-2022,27118.07,27248.74,26886.76,27016.94,0,3452.45
09-Nov-2022,27028.15,27642.17,26942.94,27555.3,0,2517.45
10-Nov-2022,27509.42,27779.56,26830.03,27096.11,0,4096.99
11-Nov-2022,27194.36,27460.6,27077.42,27343.02,0,1356.03
14-Nov-2022,27371.24,27543.97,26983.36,27154.73,0,1757.59
15-Nov-2022,27075.27,27743.39,26839.04,27503.42,0,6577.74
16-Nov-2022,27527.94,27797.59,27364.82,27633.85,0,3257.91
17-Nov-2022,27578.42,27651.49,27432.09,27504.97,0,3261.29
18-Nov-2022,27484.17,27523.29,27180.23,27218.97,0,4011.92
21-Nov-2022,27275.11,27505.05,27112.43,27341.98,0,3283.98
22-Nov-2022,27311.92,27326.45,26876.06,26890.37,0,2293.39
23-Nov-2022,26882.74,27031.32,26750.97,26899.46,0,6904.34
24-Nov-2022,26851.1,27125.67,25835.19,26102.1,0,2648.87
25-Nov-2022,26216.69,26483.51,26005.47,26271.84,0,2687.04
28-Nov-2022,26270.4,26884.95,26177.8,26790.51,0,1462.7
29-Nov-2022,26719.14,27375.94,26328.48,26981.45,0,4135.86
30-Nov-2022,26945.39,27131.52,26763.06,26949.17,0,3356.14
01-Dec-2022,26899.4,27396.52,26702.73,27197.67,0,2081.12
02-Dec-2022,27150.19,27530.19,26886.19,27265.08,0,2327.76
05-Dec-2022,27133.67,28127.63,26880.53,27867.65,0,4608.55
06-Dec-2022,27858.22,28959.22,27713.96,28810.03,0,3116.24
07-Dec-2022,28849.87,29228.0,28660.46,29037.35,0,3427.35
08-Dec-2022,29079.7,29974.07,28842.43,29731.49,0,4039.81
09-Dec-2022,29711.72,29926.11,28976.78,29187.38,0,1471.31
12-Dec-2022,29171.56,29406.48,28498.15,28729.51,0,1986.43
13-Dec-2022,28728.07,29285.25,28500.48,29055.07,0,3685.68
14-Dec-2022,29139.56,29458.37,28965.08,29283.03,0,2466.74
15-Dec-2022,29286.83,29519.73,29167.45,29399.88,0,4533.03
16-Dec-2022,29316.13,29639.83,29250.84,29573.97,0,4188.9
19-Dec-2022,29516.66,29551.47,29419.26,29454.0,0,6562.36
20-Dec-2022,29389.61,30503.83,29383.69,30497.68,0,1938.8
21-Dec-2022,30477.28,31123.22,30204.0,30846.62,0,3882.32
22-Dec-2022,30917.4,31625.5,30764.36,31469.73,0,2988.94
23-Dec-2022,31469.01,31654.7,30752.78,30935.31,0,3601.25
26-Dec-2022,30840.54,31597.68,30649.94,31403.6,0,1879.07
27-Dec-2022,31374.59,31834.36,31304.67,31763.56,0,3208.11
28-Dec-2022,31697.28,31731.62,31398.52,31432.58,0,1581.37
29-Dec-2022,31490.02,32306.45,31149.58,31960.92,0,1816.54
30-Dec-2022,32072.23,32463.53,31870.41,32260.53,0,3218.68
02-Jan-2023,32197.51,32348.18,31615.88,31764.53,0,3731.68
03-Jan-2023,31797.74,32343.61,31510.93,32054.48,0,6900.15
04-Jan-2023,31939.68,32473.03,31631.57,32162.78,0,7176.16
05-Jan-2023,32175.93,32720.85,31888.63,32431.28,0,3539.32
06-Jan-2023,32436.77,32544.34,32332.41,32439.98,0,2361.21
09-Jan-2023,32446.49,32749.0,31899.92,32200.14,0,2804.33
10-Jan-2023,32214.83,32464.3,32073.26,32322.26,0,4444.97
11-Jan-2023,32345.0,32841.48,32096.05,32590.64,0,2606.1
12-Jan-2023,32473.13,32552.23,32414.56,32493.63,0,4444.39
13-Jan-2023,32495.84,33610.8,32177.43,33284.66,0,3376.13
16-Jan-2023,33330.17,33572.71,33016.0,33258.01,0,940.8
17-Jan-2023,33273.81,33651.77,32671.43,33046.82,0,3918.96
18-Jan-2023,33102.26,34000.58,32823.2,33716.34,0,1693.81
19-Jan-2023,33737.64,34133.16,33618.3,34012.85,0,3933.61
20-Jan-2023,34052.74,34276.87,33453.94,33675.58,0,1266.06
23-Jan-2023,33655.65,33954.65,33437.65,33736.12,0,2168.63
24-Jan-2023,33599.16,34646.44,33295.92,34336.53,0,3094.92
25-Jan-2023,34360.98,34645.17,34337.86,34621.88,0,1763.92
26-Jan-2023,34621.03,34805.74,34428.02,34612.68,0,7565.58
27-Jan-2023,34665.88,34808.9,34410.45,34553.01,0,4340.78
30-Jan-2023,34599.85,34700.52,34252.7,34352.65,0,5074.64
31-Jan-2023,34377.6,34976.95,34300.6,34898.78,0,1914.89
01-Feb-2023,34936.67,35327.82,34254.01,34641.87,0,5776.42
02-Feb-2023,34648.62,35044.8,34585.54,34981.12,0,2414.94
03-Feb-2023,35094.54,35323.66,34550.53,34777.57,0,1878.54
06-Feb-2023,34881.24,35136.62,34831.42,35086.51,0,3197.22
07-Feb-2023,35154.49,35995.24,34718.81,35554.6,0,4252.42
08-Feb-2023,35446.12,35935.45,35087.58,35575.6,0,2483.16
09-Feb-2023,35612.63,35833.65,35271.3,35491.57,0,2037.6
10-Feb-2023,35476.42,36251.2,34921.14,35692.54,0,2413.1
13-Feb-2023,35718.32,36326.32,35631.7,36238.43,0,1790.01
14-Feb-2023,36205.7,37300.84,35854.59,36942.58,0,5462.8
15-Feb-2023,36974.53,37202.0,36541.89,36768.08,0,2404.91
16-Feb-2023,36644.42,36855.59,36256.63,36466.78,0,1604.68
17-Feb-2023,36620.94,36900.56,36129.0,36406.98,0,3407.13
20-Feb-2023,36341.42,36934.12,36130.87,36721.37,0,1816.71
21-Feb-2023,36735.79,37473.83,36228.14,36963.04,0,5016.39
22-Feb-2023,36977.46,37139.49,36758.1,36919.87,0,1759.51
23-Feb-2023,36856.43,37069.89,36736.8,36949.95,0,2071.01
24-Feb-2023,36923.45,37496.74,36683.05,37254.19,0,1360.57
27-Feb-2023,37288.93,37512.78,36905.41,37128.31,0,2412.23
28-Feb-2023,37130.98,38305.47,36742.06,37908.41,0,3188.24
01-Mar-2023,37870.84,37959.81,37482.9,37571.17,0,2046.54
02-Mar-2023,37657.41,37919.69,37566.17,37828.03,0,2219.39
03-Mar-2023,37729.53,38929.32,37475.66,38669.13,0,3935.02
06-Mar-2023,38792.42,39060.57,37803.1,38066.23,0,2019.31
07-Mar-2023,37901.91,38087.33,37810.02,37995.21,0,1342.72
08-Mar-2023,37902.8,38432.51,37582.51,38110.46,0,3918.06
09-Mar-2023,38037.11,38931.7,37696.48,38586.16,0,8313.82
10-Mar-2023,38407.32,38733.21,38291.27,38616.52,0,1713.74
13-Mar-2023,38731.55,39339.24,38439.53,39044.86,0,2309.84
14-Mar-2023,39161.61,39470.52,39134.48,39443.2,0,3614.85
15-Mar-2023,39460.65,40375.63,39351.43,40264.18,0,3944.47
16-Mar-2023,40296.7,40705.74,39856.19,40264.91,0,3587.35
17-Mar-2023,40276.4,41178.0,39854.44,40751.07,0,2717.31
20-Mar-2023,40718.64,40731.24,40372.16,40384.66,0,4248.86
21-Mar-2023,40468.78,40609.91,39807.5,39946.81,0,5608.87
22-Mar-2023,39887.38,40082.66,39807.13,40002.18,0,1752.71
23-Mar-2023,40065.51,40251.51,39627.14,39811.97,0,4101.14
24-Mar-2023,39823.23,40226.5,39544.58,39946.99,0,6974.72
27-Mar-2023,39844.9,40546.98,39616.32,40315.7,0,2375.58
28-Mar-2023,40341.54,40875.58,39466.97,39996.43,0,2215.37
29-Mar-2023,40082.91,40190.56,39185.96,39291.48,0,2166.86
30-Mar-2023,39406.45,39907.92,38292.76,38786.34,0,4289.24
31-Mar-2023,38851.26,39162.38,38232.3,38540.94,0,2164.22
03-Apr-2023,38510.16,38813.67,37712.9,38012.49,0,2070.74
04-Apr-2023,38039.47,38976.06,37830.25,38762.85,0,2202.48
05-Apr-2023,38619.44,38981.02,38454.31,38815.06,0,3690.97
06-Apr-2023,38901.94,39175.1,38454.18,38726.11,0,2700.1
07-Apr-2023,38631.33,38646.44,38419.07,38434.1,0,5138.55
10-Apr-2023,38460.24,39024.43,38280.87,38843.27,0,2331.1
11-Apr-2023,38889.92,39212.87,38577.15,38900.02,0,3442.68
12-Apr-2023,38930.07,39416.81,38388.5,38874.54,0,5295.85
13-Apr-2023,39085.39,39374.67,37977.22,38260.39,0,3212.44
14-Apr-2023,38373.42,38558.77,37832.22,38015.84,0,1907.21
17-Apr-2023,38110.32,38797.57,37745.53,38429.72,0,2429.96
18-Apr-2023,38593.78,38796.42,38132.53,38333.81,0,1976.04
19-Apr-2023,38307.26,38911.61,38265.88,38869.63,0,7251.71
20-Apr-2023,38792.21,39276.1,38788.1,39271.93,0,2003.53
21-Apr-2023,39240.36,39540.34,38937.0,39236.95,0,1831.96
24-Apr-2023,39241.85,39745.99,38893.88,39396.64,0,1499.73
25-Apr-2023,39348.53,39718.65,38325.82,38689.75,0,2949.65
26-Apr-2023,38664.43,38963.74,37962.87,38259.04,0,3755.38
27-Apr-2023,38276.18,38432.84,38054.53,38210.92,0,3298.28
28-Apr-2023,38157.68,38274.99,37874.6,37991.4,0,2104.17
01-May-2023,37957.66,38736.28,37831.53,38607.99,0,1905.6
02-May-2023,38612.1,39014.2,38454.93,38856.04,0,3103.8
03-May-2023,39004.75,39217.39,38600.66,38812.26,0,2739.23
04-May-2023,38864.97,39224.98,38669.97,39029.15,0,1851.54
05-May-2023,38977.73,39245.75,38171.02,38435.31,0,2914.03
08-May-2023,38538.14,38991.89,37990.71,38443.34,0,2565.25
09-May-2023,38513.52,38969.54,38206.97,38661.81,0,2749.69
10-May-2023,38692.24,38794.3,38046.22,38146.84,0,3007.99
11-May-2023,38126.82,38383.06,37942.24,38198.13,0,5310.93
12-May-2023,38161.16,38537.28,38117.11,38492.86,0,3370.91
15-May-2023,38472.46,39810.65,38081.13,39409.78,0,4204.56
16-May-2023,39350.24,39604.36,38290.91,38539.8,0,3158.06
17-May-2023,38543.67,38928.95,37313.36,37690.1,0,2999.56
18-May-2023,37661.75,37908.96,36856.04,37099.56,0,1426.19
19-May-2023,37253.76,37435.11,36686.18,36865.64,0,1938.8
22-May-2023,36852.66,36983.77,36749.4,36880.43,0,4979.49
23-May-2023,36758.77,37699.83,36736.84,37677.35,0,1753.6
24-May-2023,37784.72,38211.67,36668.38,37087.45,0,3458.73
25-May-2023,37123.37,37308.36,36201.66,36382.96,0,1901.98
26-May-2023,36399.15,36730.25,35722.07,36050.0,0,1963.65
29-May-2023,35993.81,36357.27,34699.18,35053.14,0,1893.28
30-May-2023,35041.61,35221.4,34996.46,35176.08,0,1814.38
31-May-2023,35175.58,35491.4,34956.84,35272.07,0,2459.55
01-Jun-2023,35224.55,35526.54,33976.82,34270.62,0,4493.24
02-Jun-2023,34363.42,35090.63,34109.28,34833.02,0,2275.48
05-Jun-2023,34916.5,35402.48,34322.91,34807.37,0,3992.57
06-Jun-2023,34766.16,35312.6,34379.46,34924.15,0,1977.14
07-Jun-2023,34965.11,35388.7,34888.73,35311.57,0,3104.08
08-Jun-2023,35221.02,35360.25,34734.4,34872.26,0,5500.9
09-Jun-2023,34876.64,35388.85,34552.17,35062.66,0,3972.29
12-Jun-2023,35080.69,35253.89,34589.72,34761.35,0,2905.84
13-Jun-2023,34765.85,35504.62,34477.64,35212.7,0,3675.87
14-Jun-2023,35211.55,35696.26,34973.14,35456.2,0,3424.68
15-Jun-2023,35357.6,35495.19,35126.61,35263.83,0,2650.69
16-Jun-2023,35297.65,35496.08,34776.69,34973.3,0,2873.43
19-Jun-2023,34935.25,35003.45,34593.24,34660.9,0,4847.18
20-Jun-2023,34671.13,35317.13,34570.36,35214.77,0,2839.19
21-Jun-2023,35269.73,35405.2,34802.79,34936.99,0,4790.74
22-Jun-2023,35083.62,35335.4,34217.36,34464.7,0,2206.52
23-Jun-2023,34546.5,34813.94,33758.56,34021.94,0,1038.79
26-Jun-2023,34047.61,34172.58,33481.0,33604.34,0,4467.29
27-Jun-2023,33624.1,33880.43,33219.14,33474.33,0,1921.33
28-Jun-2023,33496.34,33751.2,32608.03,32858.04,0,2105.77
29-Jun-2023,32849.77,32870.69,32790.55,32811.45,0,3107.62
30-Jun-2023,32827.98,33079.86,31570.77,31814.87,0,2044.06
03-Jul-2023,31962.34,32044.45,31787.72,31869.59,0,2058.09
04-Jul-2023,31818.16,32007.52,31534.3,31723.09,0,2748.1
05-Jul-2023,31704.01,31904.26,31564.51,31764.5,0,2890.69
06-Jul-2023,31797.26,31963.23,30704.17,30865.28,0,3768.31
07-Jul-2023,30867.0,31265.97,30744.16,31142.03,0,4381.14
10-Jul-2023,31108.01,32173.0,30935.43,31995.49,0,2256.16
11-Jul-2023,31931.83,31951.25,31924.07,31943.48,0,8416.25
12-Jul-2023,31939.05,32429.91,31688.27,32177.26,0,3330.28
13-Jul-2023,32200.93,32254.92,31642.39,31695.53,0,3929.78
14-Jul-2023,31752.04,32302.51,31606.79,32155.41,0,3050.78
17-Jul-2023,32174.98,32643.23,31956.52,32423.09,0,2617.85
18-Jul-2023,32473.28,32567.85,32215.66,32309.76,0,2473.97
19-Jul-2023,32173.87,32934.5,31860.63,32616.95,0,3357.71
20-Jul-2023,32510.52,34035.93,32231.83,33746.65,0,1801.33
21-Jul-2023,33652.13,34073.65,33329.92,33750.49,0,3652.18
24-Jul-2023,33680.35,33886.53,33419.13,33624.98,0,4654.29
25-Jul-2023,33626.26,33764.15,32851.33,32986.6,0,3085.16
26-Jul-2023,33011.61,33681.88,32688.89,33355.79,0,2047.76
27-Jul-2023,33399.78,33567.01,32879.46,33044.91,0,4300.06
28-Jul-2023,33086.82,33353.72,33018.24,33284.74,0,2237.83
31-Jul-2023,33225.59,33711.12,33025.35,33509.17,0,3718.91
01-Aug-2023,33564.43,34027.39,33195.15,33657.09,0,2714.13
02-Aug-2023,33558.26,33963.78,33525.02,33930.16,0,2210.03
03-Aug-2023,33956.34,34850.41,33776.52,34666.83,0,4971.42
04-Aug-2023,34605.2,34861.59,34106.45,34361.03,0,3481.21
07-Aug-2023,34393.01,34666.03,34091.89,34364.68,0,1569.24
08-Aug-2023,34337.03,34475.14,34331.47,34469.55,0,3422.4
09-Aug-2023,34560.34,34745.41,33641.65,33822.76,0,4474.57
10-Aug-2023,33747.22,34096.86,33600.87,33949.63,0,4235.3
11-Aug-2023,34017.09,34700.73,33829.4,34510.32,0,4190.05
14-Aug-2023,34502.84,34821.93,34345.45,34663.81,0,4265.97
15-Aug-2023,34624.48,34944.45,33969.57,34286.42,0,5638.59
16-Aug-2023,34357.82,34546.97,34130.37,34319.31,0,3584.37
17-Aug-2023,34355.61,34927.03,34180.89,34750.3,0,3437.96
18-Aug-2023,34802.65,35053.29,34202.2,34450.3,0,3205.81
21-Aug-2023,34345.38,34737.61,33699.58,34088.88,0,4333.69
22-Aug-2023,34051.79,34350.21,33231.1,33524.9,0,4319.11
23-Aug-2023,33497.52,34161.61,33217.27,33878.19,0,1920.37
24-Aug-2023,33878.07,34489.53,33654.32,34263.23,0,2796.61
25-Aug-2023,34285.54,34559.48,33455.05,33724.5,0,2750.45
28-Aug-2023,33610.01,33792.74,33294.66,33476.65,0,2996.5
29-Aug-2023,33461.38,33714.88,33174.28,33427.52,0,4789.75
30-Aug-2023,33357.46,33770.31,33077.67,33489.42,0,2756.81
31-Aug-2023,33405.63,33898.54,32541.07,33028.42,0,1853.8
01-Sep-2023,32984.76,33235.81,32799.94,33050.62,0,1373.27
04-Sep-2023,32950.87,33634.91,32706.35,33387.15,0,1465.77
05-Sep-2023,33399.36,33525.98,32791.05,32915.84,0,2697.83
06-Sep-2023,32916.76,33219.52,32158.12,32456.65,0,4907.28
07-Sep-2023,32443.52,32723.47,32225.58,32505.11,0,3774.75
08-Sep-2023,32524.04,32921.08,32330.0,32725.84,0,5633.88
11-Sep-2023,32644.91,33512.97,32433.95,33297.8,0,3432.81
12-Sep-2023,33227.23,33704.04,32976.13,33451.24,0,2735.29
13-Sep-2023,33415.67,33650.04,33371.7,33605.82,0,4660.93
14-Sep-2023,33626.58,34014.34,33424.7,33811.36,0,3898.53
15-Sep-2023,33708.13,33911.38,33463.72,33666.72,0,5765.37
18-Sep-2023,33679.99,33979.45,33008.15,33304.27,0,3523.93
19-Sep-2023,33249.35,33792.92,33046.41,33587.91,0,6388.29
20-Sep-2023,33747.49,34112.15,33677.6,34041.65,0,4705.13
21-Sep-2023,34019.6,34504.98,33844.31,34328.11,0,4360.76
22-Sep-2023,34399.65,35262.46,34273.82,35133.94,0,4384.91
25-Sep-2023,35277.4,35345.76,34640.32,34707.58,0,4396.41
26-Sep-2023,34649.56,34890.45,34484.06,34724.6,0,2393.99
27-Sep-2023,34792.62,35022.79,33546.43,33769.83,0,1750.03
28-Sep-2023,33824.12,34081.86,33632.83,33890.2,0,2186.3
29-Sep-2023,33867.97,34199.48,32967.9,33293.79,0,1696.43
02-Oct-2023,33279.52,33460.23,32732.16,32910.87,0,1630.2
03-Oct-2023,33026.77,33421.2,32925.27,33318.8,0,1821.67
04-Oct-2023,33399.47,33934.53,33254.24,33787.61,0,4363.09
05-Oct-2023,33785.26,34632.87,33512.44,34355.45,0,3565.28
06-Oct-2023,34345.56,34710.08,33866.55,34229.84,0,4260.07
09-Oct-2023,34172.64,34950.47,34001.04,34775.84,0,3417.16
10-Oct-2023,34892.47,35120.83,34829.64,35057.7,0,4329.27
11-Oct-2023,35015.42,35396.59,34432.52,34811.47,0,3129.42
12-Oct-2023,34858.82,34997.8,34597.63,34736.12,0,1975.99
13-Oct-2023,34588.22,36263.46,34259.23,35921.78,0,1595.43
16-Oct-2023,35891.64,36049.02,35626.82,35783.73,0,4116.43
17-Oct-2023,35728.13,35844.85,35529.4,35645.85,0,1476.48
18-Oct-2023,35601.86,36148.55,35393.82,35938.55,0,3678.26
19-Oct-2023,35938.16,36060.33,35096.54,35216.26,0,4836.61
20-Oct-2023,35314.54,35689.2,34862.32,35236.16,0,4499.35
23-Oct-2023,35210.8,35244.6,35161.18,35194.96,0,6619.28
24-Oct-2023,35181.85,35217.89,34569.47,34604.93,0,5831.14
25-Oct-2023,34651.09,34996.89,34454.35,34799.31,0,5615.59
26-Oct-2023,34746.06,34861.37,34492.78,34607.63,0,2451.51
27-Oct-2023,34588.24,34985.14,34349.23,34745.05,0,1670.5
30-Oct-2023,34668.77,35774.43,34468.71,35569.17,0,2593.48
31-Oct-2023,35473.85,35707.06,34357.26,34584.63,0,4450.4
01-Nov-2023,34474.32,34814.76,34138.57,34478.96,0,1680.21
02-Nov-2023,34531.77,34965.31,34273.94,34706.18,0,2737.64
03-Nov-2023,34599.01,34688.38,34515.29,34604.65,0,1829.86
06-Nov-2023,34612.39,34807.87,34416.0,34611.48,0,6293.99
07-Nov-2023,34599.6,34930.83,33381.22,33703.87,0,2489.03
08-Nov-2023,33772.94,34513.22,33490.05,34226.53,0,2574.73
09-Nov-2023,34110.13,34442.94,33684.44,34016.34,0,2686.43
10-Nov-2023,33932.18,34089.87,33194.22,33349.2,0,2091.41
13-Nov-2023,33476.35,33700.09,33266.66,33490.31,0,6420.84
14-Nov-2023,33599.24,34513.86,33171.08,34079.58,0,1976.94
15-Nov-2023,34008.36,34307.52,33896.54,34195.09,0,2963.87
16-Nov-2023,34143.47,34915.75,34044.49,34814.83,0,4196.95
17-Nov-2023,34842.96,34962.57,34814.31,34933.85,0,5274.61
20-Nov-2023,34855.98,35083.63,34650.96,34878.47,0,2513.14
21-Nov-2023,34831.05,34946.82,34539.64,34654.83,0,2237.68
22-Nov-2023,34562.36,34847.19,34339.66,34624.1,0,4862.18
23-Nov-2023,34484.99,34762.07,34326.98,34603.51,0,4128.65
24-Nov-2023,34509.85,34660.43,34135.16,34284.76,0,1645.95
27-Nov-2023,34298.82,34748.23,34028.79,34476.79,0,2704.48
28-Nov-2023,34457.79,34731.88,34154.75,34428.61,0,2989.08
29-Nov-2023,34549.6,35024.36,34362.22,34835.42,0,1480.64
30-Nov-2023,34803.81,35176.64,34764.08,35136.53,0,5448.79
01-Dec-2023,35142.33,35151.45,34758.03,34767.05,0,1632.72
04-Dec-2023,34715.33,35071.12,34538.58,34893.47,0,3059.36
05-Dec-2023,34943.52,35253.37,34094.84,34399.86,0,2772.13
06-Dec-2023,34440.06,34512.44,34180.52,34252.5,0,3233.24
07-Dec-2023,34263.74,34900.58,33946.95,34580.85,0,2628.57
08-Dec-2023,34650.48,35208.4,34570.2,35127.02,0,5955.51
11-Dec-2023,35194.67,35393.35,34107.18,34300.82,0,4249.05
12-Dec-2023,34272.2,34532.33,34239.92,34499.84,0,11102.26
13-Dec-2023,34517.45,34793.12,33260.17,33527.94,0,2370.14
14-Dec-2023,33377.78,33483.18,32859.47,32963.56,0,2225.87
15-Dec-2023,32910.66,33133.57,32738.97,32961.61,0,3767.87
18-Dec-2023,33071.03,33171.53,32279.13,32377.52,0,3453.15
19-Dec-2023,32322.1,32610.42,31408.42,31691.11,0,2773.81
20-Dec-2023,31822.95,32139.1,31559.46,31875.18,0,3240.44
21-Dec-2023,31768.23,32084.39,31666.91,31982.38,0,5483.84
22-Dec-2023,31972.98,32221.21,31222.66,31466.95,0,1279.11
25-Dec-2023,31453.04,31688.11,31003.25,31236.7,0,2286.62
26-Dec-2023,31095.8,31771.5,31000.93,31674.86,0,2291.92
27-Dec-2023,31625.58,31829.27,31030.66,31231.82,0,2415.73
28-Dec-2023,31244.72,31849.13,31083.28,31685.41,0,2663.47
29-Dec-2023,31643.84,32428.99,31613.57,32397.99,0,2213.37
01-Jan-2024,32465.63,32712.71,32269.25,32516.02,0,1720.66
02-Jan-2024,32414.12,32708.58,32088.04,32382.21,0,3609.07
03-Jan-2024,32384.64,32526.39,32282.26,32423.89,0,2471.25
04-Jan-2024,32364.98,32862.78,32170.56,32666.54,0,3895.32
05-Jan-2024,32670.24,33362.66,32220.61,32909.74,0,3152.37
08-Jan-2024,33010.94,33487.43,32861.83,33336.85,0,2196.71
09-Jan-2024,33302.76,33425.48,32934.35,33056.16,0,2355.53
10-Jan-2024,33059.57,33370.46,32645.84,32955.75,0,3206.87
11-Jan-2024,33036.67,33144.06,32717.23,32823.93,0,3123.49
12-Jan-2024,32814.26,33017.13,32343.99,32545.2,0,3207.47
15-Jan-2024,32604.74,32634.64,32281.52,32311.15,0,4123.13
16-Jan-2024,32289.21,32548.95,31742.62,32000.03,0,3022.97
17-Jan-2024,32008.97,32662.54,31597.86,32248.36,0,4307.06
18-Jan-2024,32266.01,33104.67,32121.77,32957.33,0,2227.1
19-Jan-2024,33034.25,33151.14,32536.79,32652.33,0,4361.36
22-Jan-2024,32776.28,33094.94,32274.71,32591.57,0,2705.13
23-Jan-2024,32597.05,32740.5,31855.63,31996.44,0,3292.78
24-Jan-2024,32065.24,32163.37,31096.69,31192.15,0,4620.32
25-Jan-2024,31228.31,31382.52,30937.53,31091.06,0,3360.46
26-Jan-2024,31041.12,31243.28,30738.48,30939.99,0,2409.09
29-Jan-2024,31046.77,31332.18,30699.9,30984.74,0,2066.88
30-Jan-2024,30971.86,31504.95,30925.12,31457.47,0,1008.73
31-Jan-2024,31535.08,31697.56,31167.04,31328.46,0,3495.32
01-Feb-2024,31339.23,32213.23,31146.92,32016.76,0,2255.7
02-Feb-2024,32028.49,32197.32,31868.92,32037.7,0,4961.83
05-Feb-2024,32021.42,32230.15,31280.22,31485.45,0,3809.58
06-Feb-2024,31520.89,31905.88,31418.32,31802.4,0,6053.55
07-Feb-2024,31762.83,32033.77,31180.92,31449.19,0,3639.76
08-Feb-2024,31440.91,31486.67,31050.68,31095.93,0,2657.03
09-Feb-2024,31076.6,31909.31,30912.5,31741.7,0,1607.51
12-Feb-2024,31742.41,31932.06,31208.94,31396.53,0,2689.68
13-Feb-2024,31430.75,31571.73,31323.4,31464.26,0,1914.51
14-Feb-2024,31476.75,31694.77,31003.4,31219.63,0,1708.56
15-Feb-2024,31175.9,31375.41,31077.48,31276.68,0,5281.7
16-Feb-2024,31176.56,31395.13,31029.11,31247.34,0,1862.81
19-Feb-2024,31148.18,31577.97,30953.11,31381.44,0,2329.9
20-Feb-2024,31396.0,31846.76,31329.58,31779.52,0,2062.12
21-Feb-2024,31742.02,31988.55,31507.85,31754.29,0,1797.89
22-Feb-2024,31762.68,32351.47,31585.47,32171.98,0,5304.69
23-Feb-2024,32173.14,32411.62,31948.32,32186.7,0,1940.18
26-Feb-2024,32162.89,32771.66,31992.54,32599.0,0,3365.4
27-Feb-2024,32568.24,32881.62,32322.5,32635.38,0,5055.02
28-Feb-2024,32603.74,32835.88,32322.03,32553.83,0,3626.51
29-Feb-2024,32653.96,32998.45,32293.94,32638.26,0,2084.35
01-Mar-2024,32682.3,33609.86,32422.66,33344.96,0,3727.77
04-Mar-2024,33283.91,33888.21,33077.79,33679.65,0,4443.29
05-Mar-2024,33791.36,33848.64,33019.42,33075.49,0,2885.69
06-Mar-2024,33038.81,33374.28,32916.71,33251.39,0,2025.82
07-Mar-2024,33316.41,33400.64,32845.81,32929.06,0,1642.21
08-Mar-2024,32843.04,33404.49,32634.78,33194.01,0,3460.14
11-Mar-2024,33136.44,33329.29,32908.69,33101.34,0,2228.95
12-Mar-2024,33120.08,33358.49,32866.84,33105.14,0,2422.04
13-Mar-2024,33045.61,33205.47,32505.61,32663.63,0,3046.16
14-Mar-2024,32580.96,32840.93,32282.99,32542.65,0,4100.64
15-Mar-2024,32449.98,32714.36,32403.01,32667.09,0,3353.68
18-Mar-2024,32668.96,32935.07,32395.53,32661.58,0,3103.43
19-Mar-2024,32617.86,33472.13,32604.71,33458.64,0,2902.97
20-Mar-2024,33459.9,33500.12,33163.78,33203.69,0,4506.38
21-Mar-2024,33164.22,33342.88,33007.19,33185.75,0,5055.32
22-Mar-2024,33210.76,33298.06,32842.2,32928.75,0,1844.45
25-Mar-2024,32905.14,33609.08,32591.19,33291.44,0,2873.91
26-Mar-2024,33321.66,33604.65,32611.98,32891.32,0,2097.32
27-Mar-2024,32811.61,33386.75,32483.17,33055.86,0,3378.36
28-Mar-2024,33104.68,33986.63,33077.1,33958.34,0,3246.92
29-Mar-2024,34018.03,34531.51,33738.03,34249.6,0,1655.57
01-Apr-2024,34344.69,34606.63,34044.83,34306.48,0,3331.27
02-Apr-2024,34121.85,34374.58,33945.42,34197.76,0,5873.15
03-Apr-2024,34217.02,34798.47,34019.0,34598.25,0,2320.69
04-Apr-2024,34634.59,35026.82,33897.97,34286.25,0,4600.23
05-Apr-2024,34287.91,34468.87,33364.36,33541.39,0,3516.77
08-Apr-2024,33553.04,33901.35,32908.67,33253.87,0,3018.5
09-Apr-2024,33282.5,33387.72,32691.03,32794.72,0,2019.41
10-Apr-2024,32794.02,33398.77,32553.95,33156.04,0,3942.49
11-Apr-2024,33097.01,33644.25,32743.24,33288.44,0,4461.83
12-Apr-2024,33300.84,33416.45,33027.17,33142.23,0,3540.2
15-Apr-2024,33074.09,33359.08,32172.53,32452.16,0,3611.94
16-Apr-2024,32385.68,32968.36,32196.88,32777.27,0,2415.83
17-Apr-2024,32766.58,33370.87,32533.68,33135.35,0,3454.11
18-Apr-2024,33077.04,33423.09,32824.22,33169.56,0,2075.49
19-Apr-2024,33009.97,33422.26,32875.91,33287.08,0,1841.57
22-Apr-2024,33235.41,33411.16,33171.52,33347.05,0,2246.05
23-Apr-2024,33399.85,33651.91,32827.58,33077.21,0,2697.3
24-Apr-2024,33118.28,33363.25,32640.56,32883.8,0,2363.71
25-Apr-2024,32788.52,33196.68,32592.09,32998.99,0,3679.92
26-Apr-2024,32872.78,33101.1,31802.84,32025.27,0,2455.32
29-Apr-2024,32101.61,32778.38,31915.87,32589.82,0,1817.38
30-Apr-2024,32661.58,33142.84,32468.21,32947.77,0,1653.84
01-May-2024,32950.13,33430.44,32745.71,33224.33,0,3729.23
02-May-2024,33335.32,33750.86,33207.5,33621.93,0,1311.72
03-May-2024,33579.41,33699.16,33182.13,33300.88,0,3264.76
06-May-2024,33352.31,33542.52,33210.7,33400.71,0,2221.35
07-May-2024,33483.83,34146.04,33098.56,33757.61,0,3261.73
08-May-2024,33719.68,33886.36,33426.8,33592.86,0,7214.94
09-May-2024,33703.4,33797.25,33228.89,33321.67,0,3897.94
10-May-2024,33260.53,34264.62,32888.02,33885.12,0,2896.22
13-May-2024,33901.97,34686.85,33534.82,34315.23,0,2554.16
14-May-2024,34269.43,34984.05,34032.88,34744.22,0,8124.95
15-May-2024,34751.52,34880.59,34508.17,34636.82,0,2476.21
16-May-2024,34576.47,34792.41,34425.25,34640.91,0,3228.78
17-May-2024,34685.13,34802.26,34214.81,34330.74,0,3196.54
20-May-2024,34187.1,34284.23,34010.98,34107.88,0,2610.42
21-May-2024,34020.96,34499.4,33766.93,34243.71,0,3116.52
22-May-2024,34195.48,34416.19,33800.51,34020.08,0,2173.02
23-May-2024,33956.4,34064.28,33419.09,33525.6,0,3032.36
24-May-2024,33554.07,33725.74,32875.65,33044.71,0,4737.82
27-May-2024,32891.46,33158.4,32258.58,32522.53,0,5597.79
28-May-2024,32491.83,32809.02,32188.62,32505.69,0,1882.98
29-May-2024,32443.03,33064.58,32162.34,32780.96,0,3118.86
30-May-2024,32789.28,33098.67,32713.23,33022.08,0,3207.91
31-May-2024,33065.08,33648.47,32731.93,33312.83,0,3627.11
03-Jun-2024,33306.61,33802.52,33078.35,33572.43,0,1679.05
04-Jun-2024,33601.08,33994.42,33307.53,33700.01,0,3276.35
05-Jun-2024,33683.16,34077.57,33343.84,33737.7,0,6170.85
06-Jun-2024,33711.69,34402.74,33471.37,34159.23,0,2974.31
07-Jun-2024,34219.12,34676.99,33912.97,34369.5,0,3328.26
10-Jun-2024,34342.74,34955.07,34160.8,34770.87,0,2097.73
11-Jun-2024,34768.21,34846.87,34252.42,34330.09,0,4098.03
12-Jun-2024,34306.81,34770.03,34098.71,34560.39,0,1601.06
13-Jun-2024,34531.74,34852.46,34027.2,34346.2,0,4243.06
14-Jun-2024,34301.66,34469.25,33711.41,33876.92,0,1029.54
17-Jun-2024,33866.0,34263.64,33782.53,34179.39,0,2610.17
18-Jun-2024,34105.16,34575.78,34031.86,34501.63,0,2137.27
19-Jun-2024,34548.24,35089.23,34271.32,34810.2,0,1587.76
20-Jun-2024,34780.52,34961.48,34019.09,34197.02,0,1761.39
21-Jun-2024,34237.51,34524.79,34125.78,34412.49,0,2589.32
24-Jun-2024,34327.18,34497.02,33980.55,34149.52,0,2041.35
25-Jun-2024,34082.0,34206.68,33963.08,34087.73,0,2291.92
26-Jun-2024,34237.32,34266.41,33734.56,33763.25,0,2430.83
27-Jun-2024,33746.02,34415.11,33487.39,34153.37,0,2872.93
28-Jun-2024,34204.36,34365.16,34035.73,34196.5,0,3043.05
01-Jul-2024,34063.96,34863.62,33829.09,34624.89,0,3039.36
02-Jul-2024,34575.19,34795.02,34388.61,34608.26,0,2125.62
03-Jul-2024,34714.85,34885.22,34462.1,34632.06,0,4143.08
04-Jul-2024,34629.06,34871.63,34203.67,34444.95,0,3346.11
05-Jul-2024,34466.33,34507.23,33779.22,33819.35,0,2950.31
08-Jul-2024,33754.61,33933.11,33476.42,33654.38,0,4054.47
09-Jul-2024,33624.11,34238.68,33369.65,33981.52,0,4891.4
10-Jul-2024,33942.48,34159.18,33781.14,33997.57,0,1646.38
11-Jul-2024,33972.51,34137.65,33477.73,33641.25,0,3310.73
12-Jul-2024,33608.86,34234.06,33333.53,33955.88,0,2337.05
15-Jul-2024,33958.36,34211.97,33534.38,33786.7,0,6742.21
16-Jul-2024,33703.94,34118.57,33463.05,33876.45,0,1863.54
17-Jul-2024,33763.91,34964.19,33380.59,34571.7,0,3220.12
18-Jul-2024,34511.0,34612.58,34496.03,34597.57,0,2317.15
19-Jul-2024,34605.93,34759.28,34461.44,34614.75,0,2291.97
22-Jul-2024,34610.28,34756.54,34347.21,34492.98,0,2531.62
23-Jul-2024,34584.53,34757.95,34252.27,34424.89,0,2322.41
24-Jul-2024,34446.06,34688.01,34188.35,34430.2,0,3514.39
25-Jul-2024,34429.83,34586.71,33768.07,33922.64,0,2879.18
26-Jul-2024,33815.56,34430.91,33503.59,34116.17,0,2396.52
29-Jul-2024,34109.43,34726.17,33705.05,34319.29,0,1438.39
30-Jul-2024,34386.97,34637.24,33846.67,34094.82,0,2999.89
31-Jul-2024,34023.93,34308.89,33560.46,33843.91,0,2804.06
01-Aug-2024,33912.31,34076.6,33069.83,33230.81,0,3556.56
02-Aug-2024,33369.23,33615.62,33210.63,33456.6,0,3909.61
05-Aug-2024,33567.54,34387.39,33295.9,34111.35,0,3496.36
06-Aug-2024,33990.67,34128.29,33395.91,33531.67,0,2396.16
07-Aug-2024,33601.81,33876.38,33236.29,33510.12,0,2051.11
08-Aug-2024,33439.77,33985.52,33259.89,33803.67,0,3487.04
09-Aug-2024,33747.31,33873.27,33589.45,33715.29,0,2713.2
12-Aug-2024,33723.99,34066.81,33418.36,33760.85,0,8212.5
13-Aug-2024,33685.37,33919.25,33290.7,33523.46,0,4721.22
14-Aug-2024,33531.83,33857.35,33250.47,33575.62,0,2909.7
15-Aug-2024,33719.54,33913.96,33326.84,33520.11,0,1652.67
16-Aug-2024,33566.87,33593.62,32906.39,32932.63,0,3879.49
19-Aug-2024,32886.4,33081.4,32668.85,32863.72,0,1331.23
20-Aug-2024,32940.69,33282.38,32426.68,32766.56,0,2345.31
21-Aug-2024,32810.63,33069.96,32677.77,32936.59,0,5239.3
22-Aug-2024,32933.75,33036.6,32412.3,32513.83,0,4716.13
23-Aug-2024,32481.64,33109.48,32329.71,32955.33,0,2977.63
26-Aug-2024,32997.93,33974.86,32827.26,33800.04,0,2995.13
27-Aug-2024,33761.87,34266.05,32925.34,33424.49,0,5353.8
28-Aug-2024,33320.46,34327.63,32928.83,33928.85,0,6751.37
29-Aug-2024,33999.29,34183.58,33818.73,34003.01,0,3327.48
30-Aug-2024,33863.09,34076.69,33514.21,33726.96,0,2958.66
02-Sep-2024,33696.64,33860.36,33444.09,33607.38,0,10335.08
03-Sep-2024,33699.37,34288.64,33575.74,34163.31,0,2243.77
04-Sep-2024,34175.64,34692.68,34039.64,34555.16,0,1630.79
05-Sep-2024,34642.99,34870.23,33959.19,34183.42,0,1691.6
06-Sep-2024,34356.36,34763.8,34338.35,34745.59,0,2337.7
09-Sep-2024,34664.88,35215.87,34450.46,34999.38,0,4224.67
10-Sep-2024,35005.22,35667.71,34820.03,35480.0,0,4169.2
11-Sep-2024,35456.08,35828.07,35368.3,35739.59,0,2813.13
12-Sep-2024,35673.26,35851.17,35433.41,35611.01,0,3152.12
13-Sep-2024,35635.4,35707.84,35497.01,35569.32,0,2981.92
16-Sep-2024,35599.9,35616.38,35235.79,35252.11,0,1985.94
17-Sep-2024,35265.43,35748.61,34864.81,35347.06,0,2007.93
18-Sep-2024,35336.34,36051.49,35006.28,35717.86,0,3957.32
19-Sep-2024,35721.16,36276.24,35438.9,35991.85,0,1686.5
20-Sep-2024,36035.39,36289.65,35158.76,35408.61,0,1839.98
23-Sep-2024,35379.32,35727.16,35091.74,35439.11,0,3453.94
24-Sep-2024,35464.03,35861.56,35287.88,35684.32,0,5678.95
25-Sep-2024,35796.11,36078.03,35291.33,35571.47,0,2801.78
26-Sep-2024,35580.36,35903.21,35337.39,35659.7,0,3726.94
27-Sep-2024,35776.07,36162.07,34566.49,34943.51,0,2219.59
30-Sep-2024,35012.52,35190.25,34971.16,35148.72,0,2582.66
01-Oct-2024,35246.75,35570.83,34536.19,34856.68,0,3907.87
02-Oct-2024,34828.84,35363.17,34679.69,35212.37,0,2178.69
03-Oct-2024,35248.53,35744.02,35063.43,35557.3,0,2087.38
04-Oct-2024,35600.6,36010.61,35237.43,35646.97,0,8907.07
07-Oct-2024,35703.12,35744.74,35155.26,35196.29,0,2338.64
08-Oct-2024,35186.31,35374.42,34552.69,34738.4,0,3224.53
09-Oct-2024,34671.11,35257.95,34345.33,34929.74,0,3539.76
10-Oct-2024,34923.79,35789.7,34557.0,35417.73,0,2362.7
11-Oct-2024,35462.21,35558.77,35412.2,35508.69,0,3840.2
14-Oct-2024,35495.25,35822.16,35233.08,35559.52,0,5890.61
15-Oct-2024,35665.16,35912.07,34914.77,35158.17,0,2274.07
16-Oct-2024,35217.34,35674.54,35162.67,35619.24,0,2813.37
17-Oct-2024,35672.14,36108.81,35567.85,36003.55,0,2559.02
18-Oct-2024,35985.97,36545.27,35766.57,36323.8,0,1982.36
21-Oct-2024,36393.62,36433.23,36278.03,36317.56,0,4896.38
22-Oct-2024,36196.94,36306.63,35802.02,35910.83,0,2119.88
23-Oct-2024,35926.01,36468.21,35611.63,36151.85,0,4045.52
24-Oct-2024,36094.4,36541.98,35974.94,36421.44,0,3666.6
25-Oct-2024,36387.5,36975.81,36196.69,36782.92,0,2074.46
28-Oct-2024,36677.67,37041.82,36540.78,36904.09,0,4805.18
29-Oct-2024,36907.94,37372.91,36639.16,37102.71,0,5640.78
30-Oct-2024,37135.41,37440.63,36947.02,37251.65,0,6046.85
31-Oct-2024,37301.8,37787.07,37166.33,37650.34,0,1676.41
01-Nov-2024,37734.9,38491.48,37608.14,38362.61,0,2954.72
04-Nov-2024,38574.12,38763.05,37939.28,38126.02,0,3439.55
05-Nov-2024,38030.24,38138.09,37514.7,37621.39,0,2886.63
06-Nov-2024,37678.32,37901.2,37476.75,37699.52,0,4577.1
07-Nov-2024,37721.22,38068.45,36999.38,37343.13,0,2503.99
08-Nov-2024,37304.93,38528.44,36980.63,38196.4,0,3443.54
11-Nov-2024,38167.87,38972.03,38011.23,38812.75,0,1614.3
12-Nov-2024,38841.72,39059.02,38469.64,38686.07,0,4422.7
13-Nov-2024,38721.49,39046.63,38359.44,38684.27,0,1639.47
14-Nov-2024,38691.57,39388.6,38254.05,38948.18,0,1960.39
15-Nov-2024,39003.84,39254.72,38698.81,38949.34,0,2251.38
18-Nov-2024,38933.83,39135.51,38412.47,38612.49,0,1177.64
19-Nov-2024,38553.7,38835.57,37779.34,38057.58,0,7922.75
20-Nov-2024,37941.55,38222.22,37382.27,37660.86,0,1993.97
21-Nov-2024,37681.15,37905.11,37338.76,37562.01,0,10817.54
22-Nov-2024,37519.7,37642.85,36933.24,37054.86,0,1953.66
25-Nov-2024,37004.07,37422.74,36492.68,36910.28,0,1330.43
26-Nov-2024,36761.54,37181.49,36600.92,37019.74,0,4270.16
27-Nov-2024,36955.05,37339.55,36762.62,37146.13,0,4433.33
28-Nov-2024,37079.89,37325.46,35891.19,36130.48,0,1914.99
29-Nov-2024,36224.42,36906.44,36036.99,36716.47,0,3354.46
02-Dec-2024,36699.8,36944.83,36327.28,36571.45,0,5139.96
03-Dec-2024,36607.91,36674.86,36586.28,36653.2,0,3175.43
04-Dec-2024,36622.87,37003.26,36439.26,36818.68,0,2057.28
05-Dec-2024,36911.35,37511.98,36599.34,37197.54,0,3252.95
06-Dec-2024,37176.53,37463.5,37101.08,37387.63,0,2790.46
09-Dec-2024,37413.53,37830.23,36966.58,37382.94,0,965.19
10-Dec-2024,37469.25,37856.86,37094.12,37481.61,0,3743.37
11-Dec-2024,37439.12,37504.84,36987.34,37052.38,0,1290.23
12-Dec-2024,36921.52,37936.9,36642.65,37652.5,0,3006.36
13-Dec-2024,37514.38,38354.78,37404.49,38242.75,0,3034.17
16-Dec-2024,38189.92,38747.7,37900.22,38455.98,0,2004.77
17-Dec-2024,38509.9,38853.58,38023.75,38366.15,0,2989.22
18-Dec-2024,38492.54,39115.6,38406.81,39028.68,0,5496.16
19-Dec-2024,39214.82,39571.86,39014.32,39370.57,0,3230.31
20-Dec-2024,39410.16,40112.21,39085.54,39784.51,0,3598.61
23-Dec-2024,39865.4,40538.76,39719.81,40391.25,0,2688.73
24-Dec-2024,40551.68,40749.13,40401.17,40598.45,0,5757.75
25-Dec-2024,40593.88,40767.12,39941.43,40112.61,0,1731.13
26-Dec-2024,40079.16,40346.16,39082.99,39345.1,0,3891.87
27-Dec-2024,39305.71,39524.25,39249.88,39468.19,0,1915.5
30-Dec-2024,39485.99,39682.66,39016.58,39211.88,0,3193.36
31-Dec-2024,39028.58,39237.72,38678.87,38887.25,0,6164.74
01-Jan-2025,38792.59,39317.13,38488.13,39010.95,0,6911.92
02-Jan-2025,38976.46,39247.8,38421.56,38690.91,0,3608.1
03-Jan-2025,38691.48,38731.63,37926.54,37965.93,0,2536.23
06-Jan-2025,37889.31,38276.74,37748.94,38135.46,0,2205.67
07-Jan-2025,38221.42,38278.51,37576.78,37632.99,0,2753.29
08-Jan-2025,37731.6,37970.67,36663.39,36897.18,0,3048.89
09-Jan-2025,36951.8,37273.61,36225.31,36543.56,0,2601.92
10-Jan-2025,36496.27,36645.76,36153.73,36302.43,0,2450.46
13-Jan-2025,36313.59,36474.17,36003.04,36162.95,0,2795.07
14-Jan-2025,36120.88,36217.89,35962.67,36059.52,0,3661.2
15-Jan-2025,36118.89,36275.43,35848.4,36004.45,0,1381.04
16-Jan-2025,36073.87,36775.81,35859.26,36558.32,0,3292.16
17-Jan-2025,36669.81,37067.51,36492.38,36889.02,0,2635.55
20-Jan-2025,36886.1,37008.0,36315.17,36435.58,0,3326.75
21-Jan-2025,36407.1,37098.12,36120.7,36808.56,0,2957.67
22-Jan-2025,36782.41,37638.75,36435.63,37287.22,0,4424.97
23-Jan-2025,37245.15,37404.82,37092.77,37252.41,0,3195.51
24-Jan-2025,37178.68,37425.18,36493.37,36736.95,0,5160.07
27-Jan-2025,36707.69,36823.41,36679.85,36795.5,0,4113.7
28-Jan-2025,36751.93,37009.86,36600.71,36858.21,0,2891.1
29-Jan-2025,36808.77,36900.99,36793.78,36885.96,0,2477.95
30-Jan-2025,36925.23,37135.18,35609.12,35812.74,0,2667.03
31-Jan-2025,35893.45,35969.25,35356.41,35431.23,0,1868.61
03-Feb-2025,35335.28,35517.19,34519.74,34698.37,0,3475.98
04-Feb-2025,34743.01,34906.5,33990.18,34150.88,0,1441.0
05-Feb-2025,34148.38,34348.68,34091.6,34291.67,0,2521.85
06-Feb-2025,34246.52,34652.45,34157.54,34562.64,0,2307.32
07-Feb-2025,34504.46,35218.69,34382.51,35094.66,0,934.78
10-Feb-2025,35126.97,35297.92,34613.63,34782.91,0,6318.47
11-Feb-2025,34792.47,35206.53,34656.44,35069.42,0,2068.56
12-Feb-2025,35155.91,35463.48,34301.29,34604.03,0,4172.1
13-Feb-2025,34635.64,35020.37,34439.64,34823.31,0,3570.88
14-Feb-2025,34772.28,35382.23,34591.43,35199.16,0,2360.56
17-Feb-2025,35376.21,36191.1,35081.53,35892.11,0,3263.35
18-Feb-2025,36111.87,36349.53,35435.08,35669.83,0,3213.71
19-Feb-2025,35785.07,36394.53,35399.56,36006.63,0,4937.33
20-Feb-2025,36030.72,36190.63,35493.25,35651.47,0,2668.26
21-Feb-2025,35687.08,35808.08,35577.41,35698.37,0,2678.32
24-Feb-2025,35603.01,36350.03,35462.38,36207.02,0,4731.64
25-Feb-2025,36278.95,36470.15,35975.36,36165.97,0,5449.83
26-Feb-2025,36191.1,36634.83,36079.52,36522.22,0,3747.88
27-Feb-2025,36531.06,36697.92,36354.06,36520.87,0,3233.89
28-Feb-2025,36684.54,36845.11,36317.13,36476.79,0,2589.82
03-Mar-2025,36461.78,37034.88,36188.21,36759.07,0,2470.72
04-Mar-2025,36764.38,37107.74,35760.18,36097.32,0,2680.59
05-Mar-2025,36111.23,36467.97,35735.3,36091.86,0,2184.37
06-Mar-2025,36107.29,36264.66,35880.51,36037.57,0,2868.45
07-Mar-2025,36026.23,36119.72,35918.1,36011.56,0,3459.85
10-Mar-2025,36052.52,36219.06,35465.34,35629.93,0,6543.16
11-Mar-2025,35640.2,36240.74,35410.23,36008.39,0,2728.57
12-Mar-2025,36021.6,36575.24,35631.37,36183.25,0,2364.34
13-Mar-2025,36138.09,36337.51,36031.36,36230.51,0,2015.07
14-Mar-2025,36140.58,36260.04,35440.73,35558.27,0,3251.69
17-Mar-2025,35450.31,35904.11,35252.17,35704.55,0,4626.49
18-Mar-2025,35685.9,36783.11,35239.63,36328.79,0,5559.17
19-Mar-2025,36319.61,36842.81,36154.04,36675.62,0,1171.09
20-Mar-2025,36837.19,36870.02,36549.16,36581.77,0,1759.98
21-Mar-2025,36578.9,36736.64,36248.51,36405.51,0,5524.27
24-Mar-2025,36276.68,36788.04,36025.14,36534.71,0,2517.89
25-Mar-2025,36483.43,36538.21,36418.74,36473.5,0,1966.73
26-Mar-2025,36500.24,37310.1,36387.05,37194.76,0,3531.1
27-Mar-2025,37305.81,38219.44,37088.87,37998.47,0,2462.22
28-Mar-2025,37954.3,38406.62,37626.89,38078.15,0,3655.19
31-Mar-2025,38031.9,38214.45,37500.07,37680.94,0,2325.97
01-Apr-2025,37662.81,38029.06,37216.63,37582.09,0,3159.87
02-Apr-2025,37515.56,38400.97,37186.8,38067.38,0,3561.68
03-Apr-2025,38022.03,38420.06,37817.62,38214.62,0,3907.81
04-Apr-2025,38218.01,38421.07,37448.71,37648.75,0,1222.8
07-Apr-2025,37671.22,37846.29,37423.61,37598.34,0,2642.31
08-Apr-2025,37508.07,38363.02,37450.5,38304.23,0,1598.6
09-Apr-2025,38354.96,38648.57,38254.23,38547.34,0,2853.72
10-Apr-2025,38578.46,38750.09,38324.02,38495.28,0,2757.64
11-Apr-2025,38625.39,39094.89,38418.61,38886.71,0,4641.03
14-Apr-2025,38888.81,39247.42,38880.09,39238.62,0,2420.47
15-Apr-2025,39393.29,39766.53,38943.22,39315.73,0,3412.62
16-Apr-2025,39315.22,40039.39,39078.13,39799.37,0,2622.14
17-Apr-2025,39786.04,40428.06,39476.49,40115.94,0,2729.31
18-Apr-2025,40190.86,40290.76,40026.65,40126.39,0,2980.67
21-Apr-2025,40292.03,40829.65,39982.79,40518.67,0,2269.18
22-Apr-2025,40576.08,40829.37,40405.44,40658.39,0,4065.45
23-Apr-2025,40608.45,40968.12,40022.44,40380.09,0,3026.75
24-Apr-2025,40214.02,40510.43,39425.62,39718.38,0,2523.32
25-Apr-2025,39836.98,40139.64,38983.31,39281.75,0,2728.6
28-Apr-2025,39231.02,39777.67,38978.91,39523.69,0,1932.71
29-Apr-2025,39511.21,40561.61,39071.94,40115.62,0,1749.56
30-Apr-2025,40092.79,40947.83,40043.93,40897.99,0,3916.23
01-May-2025,40883.53,41027.24,40668.0,40811.45,0,3983.73
02-May-2025,40798.88,40985.31,40395.6,40581.04,0,1745.85
05-May-2025,40583.75,40857.85,40475.71,40749.36,0,1732.81
06-May-2025,40812.3,41093.12,40302.07,40581.29,0,3219.28
07-May-2025,40576.65,40587.71,40309.4,40320.39,0,2999.14
08-May-2025,40180.6,40964.33,39742.49,40522.49,0,3869.17
09-May-2025,40617.7,40840.63,40459.11,40681.79,0,3242.01
12-May-2025,40764.89,40935.14,40017.18,40185.01,0,3209.49
13-May-2025,40098.91,40597.38,39336.09,39831.24,0,2102.96
14-May-2025,39913.24,41058.65,39536.25,40674.47,0,3920.71
15-May-2025,40670.91,41645.59,40448.93,41419.52,0,2441.2
16-May-2025,41353.14,41802.74,41038.8,41487.39,0,3295.85
19-May-2025,41403.29,41986.76,41068.32,41649.79,0,2872.61
20-May-2025,41636.81,42538.48,41294.15,42191.25,0,2898.46
21-May-2025,42289.6,42374.58,41263.56,41346.65,0,4890.52
22-May-2025,41278.94,41985.22,40952.51,41655.8,0,6977.06
23-May-2025,41711.93,42520.14,41292.93,42097.27,0,2892.15
26-May-2025,42014.54,42257.02,41661.48,41903.32,0,2969.45
27-May-2025,41781.95,41965.65,41654.11,41837.64,0,3395.07
28-May-2025,41798.28,42349.91,41534.57,42084.39,0,4316.66
29-May-2025,42048.09,42415.69,41499.56,41865.58,0,2861.13
30-May-2025,41811.92,42133.66,41261.41,41581.38,0,2308.96
02-Jun-2025,41522.86,41866.13,40565.95,40904.11,0,3603.29
03-Jun-2025,40942.1,40976.97,40770.23,40804.98,0,2774.97
04-Jun-2025,40786.07,41071.46,40770.5,41055.79,0,3830.55
05-Jun-2025,41103.59,41155.67,40341.53,40392.71,0,1529.24
06-Jun-2025,40454.44,40729.08,39918.52,40191.37,0,3624.98
09-Jun-2025,40246.91,40327.26,39925.22,40005.08,0,977.69
10-Jun-2025,40095.57,40461.8,38866.01,39224.28,0,1428.3
11-Jun-2025,39170.39,39761.3,38940.87,39529.67,0,5218.05
12-Jun-2025,39475.82,39929.0,39213.15,39665.07,0,3510.37
13-Jun-2025,39782.75,40143.71,39274.24,39633.84,0,4199.42
16-Jun-2025,39639.23,39886.08,38756.57,38999.44,0,3309.24
17-Jun-2025,38954.62,40173.39,38654.23,39865.97,0,3544.8
18-Jun-2025,39778.38,40223.89,39708.12,40152.98,0,4230.47
19-Jun-2025,40086.56,40795.97,39794.43,40500.82,0,3090.52
20-Jun-2025,40417.52,41166.8,40123.31,40869.3,0,6248.0
23-Jun-2025,40955.89,41357.03,40069.78,40466.11,0,3314.0
24-Jun-2025,40497.11,41428.19,40258.8,41185.83,0,7423.87
25-Jun-2025,41223.64,41356.87,40964.06,41096.88,0,4400.88
26-Jun-2025,41078.18,41409.68,40503.17,40832.69,0,5381.44
27-Jun-2025,40886.12,41003.84,40679.67,40797.13,0,2329.62
30-Jun-2025,40794.1,41136.73,40456.86,40799.45,0,3567.56
01-Jul-2025,40947.68,41166.57,39978.47,40193.33,0,3755.68
02-Jul-2025,40269.53,40428.55,39529.44,39686.16,0,3316.24
03-Jul-2025,39733.41,40041.92,39168.87,39475.37,0,6272.25
04-Jul-2025,39462.54,39486.12,39012.96,39036.29,0,2516.79
07-Jul-2025,39061.84,39323.93,39054.8,39316.84,0,3629.51
08-Jul-2025,39396.5,39680.51,39237.48,39520.99,0,4477.03
09-Jul-2025,39457.92,40204.14,39236.27,39979.56,0,3096.63
10-Jul-2025,40017.03,40076.5,39485.39,39544.15,0,5162.3
11-Jul-2025,39616.43,40353.81,39518.22,40254.01,0,2899.4
14-Jul-2025,40226.56,40433.8,40086.39,40293.4,0,2302.17
15-Jul-2025,40264.31,40628.01,39678.29,40039.96,0,2361.15
16-Jul-2025,40017.24,40066.29,39824.66,39873.53,0,2163.78
17-Jul-2025,40033.82,40368.93,39080.8,39410.7,0,3762.28
18-Jul-2025,39375.0,39666.5,39232.62,39523.58,0,1874.93
21-Jul-2025,39408.07,39753.21,39310.97,39655.5,0,3094.49
22-Jul-2025,39622.26,40095.77,39284.22,39756.58,0,5145.94
23-Jul-2025,39770.66,40073.69,39138.06,39438.56,0,3990.61
24-Jul-2025,39347.06,39896.76,39058.7,39606.5,0,2586.79
25-Jul-2025,39535.76,39899.33,39194.01,39557.4,0,2852.76
28-Jul-2025,39686.6,40158.3,38508.17,38971.37,0,4841.53
29-Jul-2025,38874.94,39214.77,38332.29,38670.32,0,2760.83
30-Jul-2025,38687.01,38961.72,37943.69,38215.05,0,6531.43
31-Jul-2025,38135.27,38298.34,37903.1,38065.87,0,1981.77
01-Aug-2025,38014.91,38511.08,37846.04,38340.76,0,3054.48
04-Aug-2025,38410.08,39031.09,38248.05,38867.13,0,4393.71
05-Aug-2025,38825.01,39110.1,38409.14,38693.26,0,3362.93
06-Aug-2025,38644.5,38993.63,38252.43,38601.17,0,1569.74
07-Aug-2025,38656.48,38788.7,38209.02,38340.16,0,4036.44
08-Aug-2025,38285.86,39143.5,38152.37,39007.5,0,3705.23
11-Aug-2025,38975.23,39318.57,38748.79,39091.46,0,1636.63
12-Aug-2025,39177.24,39323.95,38747.52,38893.17,0,2835.54
13-Aug-2025,38791.48,38999.35,38310.01,38516.41,0,2258.6
14-Aug-2025,38519.12,39656.56,38200.7,39331.42,0,3396.63
15-Aug-2025,39288.13,39993.86,39108.72,39812.06,0,1847.17
18-Aug-2025,39892.8,40405.13,39738.45,40249.4,0,10300.15
19-Aug-2025,40256.68,40609.69,39798.0,40150.07,0,5716.37
20-Aug-2025,40138.25,40323.26,39973.25,40158.17,0,3645.42
21-Aug-2025,40103.89,40200.0,39733.15,39828.6,0,2222.3
22-Aug-2025,39773.68,40446.04,39493.81,40163.42,0,5212.11
25-Aug-2025,40151.03,40673.54,39757.69,40278.95,0,2139.57
26-Aug-2025,40338.15,41321.86,40116.88,41096.43,0,6001.24
27-Aug-2025,41133.88,41506.89,41023.0,41395.31,0,2800.02
28-Aug-2025,41406.66,41471.74,41157.66,41222.46,0,1947.84
29-Aug-2025,41123.24,41345.63,40446.38,40666.31,0,3641.25
01-Sep-2025,40649.84,41218.94,40307.0,40874.21,0,2446.32
02-Sep-2025,40916.32,41238.4,40647.48,40969.21,0,2586.34
03-Sep-2025,40863.31,41500.47,40562.84,41197.55,0,3651.66
04-Sep-2025,41199.56,41383.82,40802.46,40985.77,0,1892.33
05-Sep-2025,40853.31,41438.56,40598.2,41181.4,0,2190.89
08-Sep-2025,41148.86,41805.11,40841.04,41494.7,0,2171.05
09-Sep-2025,41491.95,42063.3,41172.58,41742.0,0,3626.13
10-Sep-2025,41811.67,42096.85,41076.67,41358.77,0,2682.09
11-Sep-2025,41498.76,42069.99,41377.18,41947.09,0,1909.93
12-Sep-2025,42049.76,42352.56,41736.19,42038.91,0,4202.75
15-Sep-2025,42049.7,42377.76,41394.43,41719.92,0,5032.22
16-Sep-2025,41660.35,42637.55,41368.44,42340.87,0,2727.55
17-Sep-2025,42354.94,43143.08,41882.49,42667.15,0,2337.27
18-Sep-2025,42554.59,42634.55,42113.98,42193.27,0,4908.51
19-Sep-2025,42102.21,42350.21,41128.15,41371.84,0,3925.71
22-Sep-2025,41376.34,41586.64,41114.91,41324.94,0,2048.33
23-Sep-2025,41360.04,42086.82,40862.77,41586.81,0,3681.53
24-Sep-2025,41634.71,42298.18,41441.4,42102.7,0,2641.34
25-Sep-2025,42057.55,42591.86,41761.17,42293.81,0,2806.98
26-Sep-2025,42178.43,42593.16,41937.38,42351.13,0,4521.69
29-Sep-2025,42385.06,43073.18,42318.28,43005.42,0,1568.6
30-Sep-2025,42974.46,43644.59,42478.94,43147.08,0,3218.41
01-Oct-2025,43236.26,43447.98,42806.54,43017.19,0,4382.46
02-Oct-2025,42916.39,43610.62,42764.28,43456.59,0,2080.74
03-Oct-2025,43487.9,44380.92,43352.69,44243.35,0,2052.58
06-Oct-2025,44288.69,44564.41,43942.6,44217.88,0,3659.16
07-Oct-2025,44114.83,44775.22,43623.33,44281.86,0,1957.73
08-Oct-2025,44356.54,44713.86,44095.16,44451.92,0,5583.38
09-Oct-2025,44444.22,44757.1,44319.1,44631.45,0,2729.49
10-Oct-2025,44632.94,44943.02,44206.27,44515.53,0,4230.88
13-Oct-2025,44363.87,45644.07,43896.52,45168.23,0,2345.15
14-Oct-2025,45019.11,45512.77,44027.63,44515.76,0,3739.11
15-Oct-2025,44586.44,44838.24,44322.89,44574.63,0,4969.16
16-Oct-2025,44470.82,44627.18,43977.89,44133.07,0,5788.81
17-Oct-2025,44193.26,44503.05,43196.36,43501.3,0,3815.06
20-Oct-2025,43397.54,43970.36,43007.09,43578.28,0,5531.06
21-Oct-2025,43558.39,44176.86,43210.35,43826.68,0,2873.37
22-Oct-2025,43750.7,43991.68,43209.35,43448.67,0,4112.19
23-Oct-2025,43497.66,44221.64,43164.78,43885.79,0,4380.45
24-Oct-2025,43844.22,44524.27,43629.98,44307.76,0,2281.75
27-Oct-2025,44404.9,44725.96,43882.93,44202.53,0,2584.93
28-Oct-2025,44275.03,44566.15,43851.66,44141.91,0,2146.54
29-Oct-2025,44245.26,44745.14,44035.83,44534.35,0,5684.99
30-Oct-2025,44573.98,44958.12,43000.29,43374.09,0,2905.63
31-Oct-2025,43183.68,44196.75,42889.1,43897.3,0,1631.75
03-Nov-2025,43933.36,44306.63,43878.6,44251.47,0,3326.91
04-Nov-2025,44426.52,44691.44,43395.78,43656.11,0,2702.67
05-Nov-2025,43736.98,44265.4,43528.1,44054.99,0,1310.43
06-Nov-2025,44033.15,44666.61,42655.19,43277.79,0,4198.69
07-Nov-2025,43276.49,43549.5,42908.85,43181.26,0,6718.36
10-Nov-2025,43091.0,43474.03,42820.01,43202.33,0,3052.87
11-Nov-2025,43182.4,43589.79,42655.7,43061.94,0,3339.71
12-Nov-2025,43084.1,43346.84,42753.73,43016.05,0,2663.34
13-Nov-2025,43037.53,43043.78,42917.8,42924.04,0,2481.35
14-Nov-2025,42828.64,42849.41,42760.78,42781.53,0,1719.89
17-Nov-2025,42715.78,43389.48,42693.38,43366.74,0,3395.74
18-Nov-2025,43407.35,43719.36,42805.43,43115.34,0,3632.33
19-Nov-2025,43088.27,43344.28,43016.16,43271.86,0,3127.77
20-Nov-2025,43105.8,43801.36,42744.43,43437.21,0,4221.69
21-Nov-2025,43431.43,43743.96,42587.57,42896.25,0,1933.36
24-Nov-2025,42744.5,42877.77,42111.54,42243.24,0,2740.55
25-Nov-2025,42231.71,42397.36,41883.05,42047.98,0,1562.19
26-Nov-2025,41906.23,42036.15,41793.81,41923.68,0,2184.41
27-Nov-2025,41887.55,42065.37,41563.54,41740.72,0,1452.92
28-Nov-2025,41621.21,41926.97,40963.6,41266.75,0,3699.73
01-Dec-2025,41248.43,41911.29,40949.7,41609.94,0,3226.32
02-Dec-2025,41649.24,41931.52,41196.4,41477.52,0,1267.01
03-Dec-2025,41375.29,42184.92,41350.28,42159.43,0,3992.67
04-Dec-2025,42097.49,42345.25,41547.58,41793.55,0,3960.8
05-Dec-2025,41748.5,42109.39,40812.29,41168.16,0,3211.48
08-Dec-2025,41120.09,41654.55,40794.23,41327.04,0,2746.58
09-Dec-2025,41350.62,41559.01,40823.86,41030.64,0,2833.5
10-Dec-2025,41036.52,41455.79,40820.99,41239.2,0,1752.52
11-Dec-2025,41331.63,41442.97,40818.61,40928.87,0,2825.63
12-Dec-2025,40954.93,41172.1,40136.3,40350.26,0,1670.76
15-Dec-2025,40374.65,40991.22,40139.92,40754.28,0,2144.27
16-Dec-2025,40794.51,41188.96,39867.89,40257.15,0,2467.54
17-Dec-2025,40106.84,40533.14,39760.63,40186.25,0,2279.95
18-Dec-2025,40306.84,40432.88,39551.86,39675.93,0,2527.28
19-Dec-2025,39631.99,40046.66,39124.99,39538.69,0,3436.86
22-Dec-2025,39625.23,40086.0,39054.06,39513.53,0,3787.31
23-Dec-2025,39617.13,40062.14,38767.44,39207.85,0,1606.21
24-Dec-2025,39285.34,39583.58,38525.69,38820.41,0,4582.28
25-Dec-2025,38857.45,39551.85,38719.21,39411.64,0,2927.66
26-Dec-2025,39291.9,40529.43,39085.31,40317.46,0,5086.7
29-Dec-2025,40345.23,40620.12,40177.79,40452.25,0,3005.07
30-Dec-2025,40472.89,40707.84,39699.88,39931.7,0,2153.92
31-Dec-2025,39911.92,40737.09,39659.84,40481.41,0,3719.86
01-Jan-2026,40509.32,40734.7,40193.49,40418.36,0,3902.85
02-Jan-2026,40456.32,40748.26,39703.77,39992.37,0,2044.32
05-Jan-2026,39945.42,40230.18,39199.1,39480.55,0,7423.65
06-Jan-2026,39568.63,39886.01,38788.23,39101.87,0,2724.14
07-Jan-2026,39062.17,39262.44,37921.9,38117.33,0,1785.56
08-Jan-2026,38107.87,39055.49,37800.72,38743.21,0,3855.43
09-Jan-2026,38775.45,38935.57,38533.86,38693.63,0,8589.16
12-Jan-2026,38743.17,38870.38,38367.19,38493.58,0,3429.61
13-Jan-2026,38452.96,38968.17,38084.03,38597.85,0,4630.77
14-Jan-2026,38668.99,38886.84,38377.54,38594.97,0,2501.79
15-Jan-2026,38535.29,39079.47,38250.96,38793.25,0,3694.92
16-Jan-2026,38964.94,39034.91,38635.55,38705.05,0,2299.74
19-Jan-2026,38795.14,39048.09,38716.82,38969.42,0,2496.99
20-Jan-2026,38910.57,38999.02,38194.23,38281.26,0,2981.6
21-Jan-2026,38215.38,38564.7,37804.18,38152.92,0,2815.88
22-Jan-2026,38192.02,38351.56,37541.05,37698.53,0,2800.82
23-Jan-2026,37651.74,37860.88,37532.84,37741.69,0,5512.13
26-Jan-2026,37809.1,38470.81,37561.68,38220.69,0,2753.74
27-Jan-2026,38226.24,38418.35,37691.01,37881.38,0,2040.18
28-Jan-2026,37936.02,38272.29,37553.86,37889.72,0,1491.49
29-Jan-2026,37956.98,38201.79,37457.28,37700.43,0,3785.06
30-Jan-2026,37749.9,38329.12,37530.12,38107.26,0,2640.03
02-Feb-2026,38065.79,38189.57,37745.38,37868.52,0,3832.35
03-Feb-2026,38019.61,38388.11,37110.19,37473.39,0,3907.35
04-Feb-2026,37473.51,37713.68,36363.41,36597.97,0,2321.45
05-Feb-2026,36576.79,36990.66,35820.55,36230.5,0,1360.61
06-Feb-2026,36091.66,36256.65,35767.92,35932.18,0,1345.84
09-Feb-2026,35958.4,36340.79,35717.11,36098.57,0,2398.61
10-Feb-2026,36220.44,36395.8,35890.92,36065.53,0,1260.16
11-Feb-2026,36102.25,36525.51,35255.85,35674.09,0,3714.74
12-Feb-2026,35630.36,35953.41,34775.83,35094.02,0,1900.86
13-Feb-2026,35076.32,35454.07,34422.67,34797.41,0,2477.68
16-Feb-2026,34799.37,35336.16,34655.42,35190.59,0,3171.79
17-Feb-2026,35233.65,35656.75,34870.99,35293.48,0,2948.97
18-Feb-2026,35278.57,35611.82,35121.03,35453.5,0,2022.85
19-Feb-2026,35505.58,35837.82,35343.09,35674.55,0,4488.41
20-Feb-2026,35616.33,36082.03,35558.68,36023.72,0,5048.68
23-Feb-2026,36085.79,36542.05,36018.28,36473.81,0,984.83
24-Feb-2026,36442.74,36762.68,36278.71,36597.96,0,1982.76
25-Feb-2026,36528.08,37657.74,36285.66,37409.47,0,1998.8
26-Feb-2026,37444.43,37751.7,36769.39,37073.62,0,3313.33
27-Feb-2026,37021.91,37266.61,36775.36,37020.05,0,4741.26
02-Mar-2026,37072.97,37343.62,36608.37,36877.59,0,1513.73
03-Mar-2026,36820.73,37732.75,36445.49,37352.1,0,1809.39
04-Mar-2026,37308.7,38242.82,37134.46,38065.05,0,3005.5
05-Mar-2026,37922.63,38271.77,37354.53,37701.63,0,2701.36
06-Mar-2026,37632.81,38119.75,37394.61,37879.99,0,2183.48
09-Mar-2026,37817.43,38012.12,37186.58,37379.01,0,3562.64
10-Mar-2026,37439.72,37838.49,37226.98,37624.69,0,2435.63
11-Mar-2026,37617.84,37864.66,37448.57,37695.04,0,3392.65
12-Mar-2026,37763.25,37988.53,37205.23,37428.51,0,4263.15
13-Mar-2026,37374.66,37679.94,37055.95,37361.12,0,3227.27
16-Mar-2026,37403.28,37702.38,36088.42,36379.33,0,2601.42
17-Mar-2026,36460.35,36959.12,36104.3,36601.7,0,3198.76
18-Mar-2026,36527.55,36842.15,36185.88,36500.25,0,3269.15
19-Mar-2026,36472.64,36648.9,36406.76,36582.82,0,3260.71
20-Mar-2026,36484.05,37021.15,36288.01,36823.3,0,3023.49
23-Mar-2026,36615.77,37739.51,36449.84,37569.25,0,3032.74
24-Mar-2026,37611.54,38132.12,37448.14,37967.17,0,4401.57
25-Mar-2026,38073.95,38369.23,37935.78,38230.49,0,5692.9
26-Mar-2026,38159.18,39005.44,37736.31,38577.93,0,3444.67
27-Mar-2026,38483.15,38788.46,38167.27,38472.5,0,3891.4
30-Mar-2026,38565.36,38885.48,38253.65,38573.71,0,2076.06
31-Mar-2026,38542.74,39042.06,37765.75,38261.43,0,1566.96
01-Apr-2026,38204.08,38904.8,37853.39,38550.93,0,3912.76
02-Apr-2026,38350.99,38853.51,38194.65,38695.76,0,3179.83
03-Apr-2026,38740.24,39091.6,38402.09,38753.34,0,2605.51
06-Apr-2026,38729.33,39701.38,38473.41,39440.76,0,3340.24
07-Apr-2026,39252.11,39358.61,39216.14,39322.57,0,5031.62
08-Apr-2026,39396.64,39530.81,38780.09,38912.62,0,1171.67
09-Apr-2026,38868.84,39123.98,38081.14,38332.76,0,2627.32
10-Apr-2026,38465.42,38629.54,37398.5,37558.74,0,2623.94
13-Apr-2026,37594.89,38035.11,37405.43,37844.4,0,4112.36
14-Apr-2026,37815.83,38684.73,37444.12,38308.18,0,2268.54
15-Apr-2026,38298.92,38538.65,38076.32,38315.95,0,2258.88
16-Apr-2026,38541.19,38843.78,38286.82,38589.09,0,3767.95
17-Apr-2026,38652.11,38802.28,38146.65,38295.44,0,2870.77
20-Apr-2026,38310.36,38626.09,37806.86,38121.03,0,2937.16
21-Apr-2026,38066.02,38446.54,37837.43,38217.04,0,3127.3
22-Apr-2026,38255.03,39067.94,37964.57,38773.55,0,1863.04
23-Apr-2026,38837.86,39210.67,38818.04,39190.67,0,2346.71
24-Apr-2026,39226.96,39675.55,38983.15,39430.48,0,2369.85
27-Apr-2026,39323.74,39455.43,39275.53,39407.13,0,3657.99
28-Apr-2026,39490.19,39925.92,39212.31,39646.93,0,1780.53
29-Apr-2026,39546.33,40028.68,39270.83,39751.75,0,2395.17
30-Apr-2026,39829.3,40201.19,39217.27,39586.89,0,2942.04
01-May-2026,39707.64,40188.93,39408.32,39888.25,0,2402.33
04-May-2026,39860.27,40082.81,39556.58,39778.67,0,1733.48
05-May-2026,39705.94,41056.74,39475.17,40819.5,0,1420.13
06-May-2026,40805.26,41505.51,40643.09,41341.21,0,4257.51
07-May-2026,41185.04,42324.98,40848.85,41982.29,0,4778.54
08-May-2026,42002.45,42213.32,41504.47,41713.89,0,2725.57
11-May-2026,41652.91,42385.05,41277.63,42006.58,0,2131.02
12-May-2026,41910.2,42697.53,41762.28,42547.37,0,2407.38
13-May-2026,42560.15,42807.62,41802.06,42046.55,0,1575.17
14-May-2026,42169.3,43512.25,41757.09,43091.03,0,3936.85
15-May-2026,43102.02,43222.47,42551.37,42670.61,0,2796.32
18-May-2026,42813.44,43117.22,41930.53,42230.17,0,1934.64
19-May-2026,42180.97,42329.08,41771.09,41918.27,0,3808.33
20-May-2026,41988.58,42711.57,40440.69,41149.22,0,5202.94
21-May-2026,41215.21,41276.05,40565.29,40625.26,0,3612.31
22-May-2026,40613.28,41404.27,40288.95,41076.24,0,1947.38
25-May-2026,41166.59,42090.88,40662.67,41581.87,0,5957.46
26-May-2026,41603.07,42147.27,41538.53,42081.99,0,1262.62
27-May-2026,42268.48,43038.63,42086.48,42854.11,0,4069.11
28-May-2026,42686.09,43660.04,42268.48,43237.05,0,5181.08
29-May-2026,43215.67,43412.26,42957.18,43153.49,0,4385.42
01-Jun-2026,43134.86,44040.31,42867.83,43769.35,0,3460.43
02-Jun-2026,43824.29,44111.86,42654.54,42936.29,0,1983.33
03-Jun-2026,42902.7,44129.08,42652.29,43873.0,0,3933.46
04-Jun-2026,43888.05,44535.84,43786.23,44432.75,0,4653.47
05-Jun-2026,44433.02,44711.18,43942.82,44219.64,0,2196.35
08-Jun-2026,44290.5,44777.09,43948.12,44433.61,0,4454.54
09-Jun-2026,44524.31,44618.03,43781.96,43874.32,0,4361.71
10-Jun-2026,43912.08,44195.22,43776.29,44058.98,0,4124.77
11-Jun-2026,44177.07,44333.15,43260.28,43413.66,0,4864.3
12-Jun-2026,43428.64,44459.48,43142.16,44168.12,0,3449.07
15-Jun-2026,44293.44,44353.92,44087.58,44147.86,0,3724.68
16-Jun-2026,44116.31,44364.38,43652.59,43899.44,0,3555.41
17-Jun-2026,43856.61,44683.4,43771.51,44596.87,0,3267.82
18-Jun-2026,44621.96,45411.35,44359.76,45146.07,0,3668.56
19-Jun-2026,45022.48,45574.09,43778.12,44321.14,0,3921.45
22-Jun-2026,44330.62,45140.07,44155.72,44962.68,0,2077.8
23-Jun-2026,44849.43,45662.28,44599.36,45409.09,0,3979.9
24-Jun-2026,45440.91,45630.84,44825.84,45013.99,0,1863.02
25-Jun-2026,44992.87,45329.45,44067.84,44399.99,0,3399.13
26-Jun-2026,44382.07,44433.8,44320.41,44372.13,0,3416.52
29-Jun-2026,44471.15,44722.64,43949.49,44199.44,0,3760.53
30-Jun-2026,44134.18,44711.68,44007.4,44583.61,0,2517.0
01-Jul-2026,44672.14,44939.35,44297.37,44563.93,0,4828.32
02-Jul-2026,44553.61,44825.5,44261.37,44533.13,0,1788.62
03-Jul-2026,44391.88,44690.62,44349.66,44648.15,0,2741.44
06-Jul-2026,44558.08,45584.79,44144.44,45165.5,0,3730.01
07-Jul-2026,45175.03,45840.26,44970.06,45633.21,0,1333.43
08-Jul-2026,45549.01,45604.24,45044.0,45098.68,0,2100.51
09-Jul-2026,45186.54,45437.1,44589.66,44838.29,0,3322.16
10-Jul-2026,44752.26,45524.07,44558.9,45328.23,0,2165.35
13-Jul-2026,45449.11,45758.88,43727.4,44027.48,0,2338.72
14-Jul-2026,44052.91,44568.85,43741.88,44256.39,0,1856.42
15-Jul-2026,44121.14,45495.82,43545.36,44909.76,0,2765.5
16-Jul-2026,44946.51,45133.64,44928.54,45115.6,0,4067.7
17-Jul-2026,45105.39,45241.38,44159.55,44293.09,0,4983.08
20-Jul-2026,44175.57,44770.67,43820.06,44413.24,0,6289.92
21-Jul-2026,44371.48,44819.35,44115.24,44562.01,0,4623.58
22-Jul-2026,44627.47,44718.16,43885.22,43974.59,0,4550.53
23-Jul-2026,43923.68,44125.95,43159.52,43359.2,0,3493.06
24-Jul-2026,43557.18,44780.83,43062.01,44277.47,0,2903.84
27-Jul-2026,44249.72,45307.03,43872.27,44923.82,0,3588.08
28-Jul-2026,45101.73,45685.29,44814.92,45396.6,0,2398.31
29-Jul-2026,45178.76,46067.32,45021.45,45907.48,0,4091.94
30-Jul-2026,45905.79,46425.76,45591.23,46109.8,0,4257.39
31-Jul-2026,46090.96,46372.41,45757.72,46038.85,0,3646.47
03-Aug-2026,46197.37,47461.88,46076.98,47338.51,0,3254.73
04-Aug-2026,47401.84,47685.28,46932.28,47214.6,0,1829.35
05-Aug-2026,47202.88,47612.48,46053.13,46456.26,0,6360.41
06-Aug-2026,46404.86,47325.17,46201.94,47119.12,0,1545.43
07-Aug-2026,47142.92,47592.41,46925.63,47374.06,0,7099.54
10-Aug-2026,47533.89,48682.25,47300.0,48443.88,0,3462.93
11-Aug-2026,48296.73,48799.68,48082.88,48584.55,0,1681.02
12-Aug-2026,48547.07,48880.5,47872.99,48204.06,0,2981.77
13-Aug-2026,48246.77,48640.28,47383.68,47773.33,0,1831.16
14-Aug-2026,47924.3,48262.66,47622.29,47960.42,0,4353.54
17-Aug-2026,48015.13,48504.67,47649.03,48137.64,0,7136.15
18-Aug-2026,48028.58,49223.01,47751.96,48941.15,0,2766.11
19-Aug-2026,48943.58,49868.19,48833.66,49756.44,0,5090.71
20-Aug-2026,49812.43,50972.24,49410.49,50564.23,0,3176.62
21-Aug-2026,50632.49,50645.72,50376.12,50389.29,0,7013.12
24-Aug-2026,50351.42,50730.72,50117.92,50496.55,0,2597.32
25-Aug-2026,50457.75,51288.8,50049.81,50877.46,0,2170.59
26-Aug-2026,50854.06,51123.11,49749.9,50014.51,0,2176.06
27-Aug-2026,50072.01,50357.49,49456.15,49739.75,0,4116.26
28-Aug-2026,49822.08,50035.68,49562.76,49776.17,0,2874.54
31-Aug-2026,49817.71,50182.02,49450.12,49814.41,0,2237.97
01-Sep-2026,49808.19,51463.58,49536.65,51184.53,0,3821.95
02-Sep-2026,51164.91,51973.79,50654.12,51460.06,0,2536.68
03-Sep-2026,51457.85,51958.07,51075.18,51574.53,0,3345.09
04-Sep-2026,51820.9,52261.53,50517.73,50950.96,0,2578.94
07-Sep-2026,50973.98,51230.91,50732.9,50989.76,0,2102.26
08-Sep-2026,50932.35,51798.65,50521.72,51384.37,0,5188.48
09-Sep-2026,51284.25,51334.17,51185.36,51235.23,0,2138.51
