Date,Open,High,Low,Close,Shares Traded,Turnover (Rs. Cr)
01-Jan-2010,5196.59,5361.65,5160.96,5325.13,0,3687.9
04-Jan-2010,5315.94,5461.5,5276.28,5421.06,0,3225.95
05-Jan-2010,5430.4,5446.53,5309.82,5325.64,0,2950.99
06-Jan-2010,5327.93,5357.06,5269.6,5298.57,0,2747.36
07-Jan-2010,5305.37,5335.33,5288.82,5318.74,0,2166.79
08-Jan-2010,5327.7,5357.86,5268.44,5298.43,0,3349.98
11-Jan-2010,5285.79,5321.78,5173.79,5209.26,0,3176.42
12-Jan-2010,5191.7,5302.48,5178.72,5289.26,0,3671.09
13-Jan-2010,5273.59,5315.57,5248.1,5290.0,0,1476.46
14-Jan-2010,5285.52,5380.69,5238.27,5333.02,0,2519.68
15-Jan-2010,5330.72,5376.31,5302.2,5347.7,0,3253.17
18-Jan-2010,5345.15,5409.0,5293.7,5357.43,0,2762.93
19-Jan-2010,5359.83,5516.44,5306.85,5462.45,0,3555.78
20-Jan-2010,5455.0,5501.44,5329.11,5374.87,0,2543.89
21-Jan-2010,5370.07,5373.15,5292.81,5295.84,0,1393.61
22-Jan-2010,5314.15,5353.19,5284.28,5323.28,0,3782.81
25-Jan-2010,5324.76,5415.63,5287.51,5378.0,0,2536.05
26-Jan-2010,5371.38,5419.7,5323.82,5372.14,0,1654.96
27-Jan-2010,5370.49,5419.56,5283.49,5332.22,0,3617.25
28-Jan-2010,5335.12,5354.06,5331.93,5350.86,0,1172.5
29-Jan-2010,5336.55,5443.94,5288.88,5395.74,0,1790.12
01-Feb-2010,5389.48,5466.56,5352.09,5428.9,0,2497.74
02-Feb-2010,5424.59,5526.37,5382.28,5483.6,0,1621.84
03-Feb-2010,5484.14,5569.13,5450.39,5535.06,0,3108.23
04-Feb-2010,5530.22,5574.68,5452.21,5496.41,0,3135.14
05-Feb-2010,5502.71,5563.28,5449.74,5510.24,0,4375.48
08-Feb-2010,5500.68,5583.76,5473.66,5556.47,0,2384.01
09-Feb-2010,5558.62,5604.11,5414.59,5459.27,0,6011.13
10-Feb-2010,5464.14,5516.12,5364.3,5415.82,0,3379.32
11-Feb-2010,5417.24,5492.25,5390.02,5464.79,0,1586.03
12-Feb-2010,5449.1,5547.46,5393.84,5491.77,0,2329.49
15-Feb-2010,5505.61,5561.11,5371.13,5425.82,0,4273.38
16-Feb-2010,5429.98,5454.3,5316.91,5340.83,0,2700.06
17-Feb-2010,5330.54,5365.2,5294.46,5329.11,0,3045.84
18-Feb-2010,5332.41,5387.41,5296.01,5350.88,0,4251.83
19-Feb-2010,5363.66,5414.93,5302.94,5354.12,0,3213.06
22-Feb-2010,5356.5,5419.14,5283.26,5345.77,0,7079.56
23-Feb-2010,5359.92,5409.37,5325.35,5374.71,0,6231.99
24-Feb-2010,5384.02,5475.91,5356.55,5448.12,0,4953.15
25-Feb-2010,5456.21,5500.84,5406.56,5451.15,0,3237.14
26-Feb-2010,5438.78,5537.08,5436.41,5534.67,0,4001.69
01-Mar-2010,5533.52,5576.69,5518.07,5561.17,0,4471.23
02-Mar-2010,5584.7,5609.3,5515.72,5540.13,0,2828.52
03-Mar-2010,5529.91,5557.31,5479.89,5507.17,0,1012.54
04-Mar-2010,5519.82,5527.49,5507.57,5515.24,0,4162.29
05-Mar-2010,5525.38,5549.53,5437.16,5461.03,0,3501.6
08-Mar-2010,5452.03,5500.81,5309.07,5357.01,0,5979.24
09-Mar-2010,5382.71,5432.72,5344.65,5394.58,0,4200.98
10-Mar-2010,5391.46,5400.17,5345.55,5354.19,0,1531.04
11-Mar-2010,5355.78,5379.21,5254.76,5277.85,0,1331.12
12-Mar-2010,5284.87,5319.89,5226.59,5261.45,0,2627.33
15-Mar-2010,5255.65,5346.58,5216.89,5307.43,0,2606.93
16-Mar-2010,5306.49,5404.71,5255.54,5353.31,0,3151.52
17-Mar-2010,5356.16,5421.84,5315.28,5380.78,0,3267.69
18-Mar-2010,5389.22,5459.91,5342.95,5413.43,0,2783.3
19-Mar-2010,5406.07,5448.24,5349.05,5391.09,0,1424.84
22-Mar-2010,5404.27,5412.95,5347.95,5356.55,0,3192.91
23-Mar-2010,5347.48,5449.49,5334.11,5435.89,0,3707.89
24-Mar-2010,5417.65,5454.93,5337.22,5374.2,0,6757.16
25-Mar-2010,5363.14,5466.44,5320.11,5422.93,0,3249.6
26-Mar-2010,5410.98,5653.1,5384.57,5625.64,0,4035.9
29-Mar-2010,5625.92,5665.6,5533.03,5572.34,0,3059.49
30-Mar-2010,5571.67,5619.45,5503.03,5550.63,0,2198.81
31-Mar-2010,5560.38,5640.56,5527.36,5607.26,0,2039.09
01-Apr-2010,5612.03,5658.32,5457.98,5503.38,0,1942.01
02-Apr-2010,5491.43,5513.85,5410.71,5432.9,0,2408.9
05-Apr-2010,5433.55,5522.31,5378.6,5467.02,0,3529.56
06-Apr-2010,5466.58,5556.05,5422.62,5511.73,0,4662.3
07-Apr-2010,5520.41,5616.18,5504.22,5599.75,0,1936.85
08-Apr-2010,5618.4,5669.02,5545.54,5595.95,0,3529.78
09-Apr-2010,5591.05,5702.07,5546.04,5656.52,0,3144.59
12-Apr-2010,5652.54,5795.56,5612.0,5754.29,0,6415.5
13-Apr-2010,5735.94,5841.74,5687.32,5792.63,0,8889.46
14-Apr-2010,5800.28,5887.96,5757.84,5845.2,0,1963.85
15-Apr-2010,5829.59,5847.66,5825.0,5843.05,0,2561.93
16-Apr-2010,5832.61,5859.56,5680.77,5707.14,0,2557.06
19-Apr-2010,5696.75,5803.04,5648.25,5754.06,0,3398.34
20-Apr-2010,5766.35,5841.43,5707.63,5782.55,0,2929.67
21-Apr-2010,5785.28,5812.17,5741.58,5768.39,0,4524.65
22-Apr-2010,5760.22,5804.67,5723.3,5767.7,0,1514.68
23-Apr-2010,5774.74,5791.86,5715.75,5732.75,0,870.7
26-Apr-2010,5748.84,5767.24,5669.29,5687.49,0,2542.58
27-Apr-2010,5693.12,5720.93,5674.66,5702.44,0,1416.52
28-Apr-2010,5705.33,5731.0,5610.82,5636.19,0,2633.18
29-Apr-2010,5638.13,5752.19,5596.77,5710.3,0,4609.74
30-Apr-2010,5716.95,5739.26,5678.0,5700.25,0,1752.47
03-May-2010,5671.33,5855.95,5625.65,5809.15,0,3961.56
04-May-2010,5801.92,5909.63,5790.15,5897.66,0,2591.67
05-May-2010,5877.04,6062.08,5845.78,6030.01,0,3190.33
06-May-2010,6027.59,6044.24,5969.83,5986.36,0,1725.94
07-May-2010,5973.67,6029.66,5861.95,5917.4,0,1904.41
10-May-2010,5920.24,5928.45,5893.34,5901.52,0,4838.9
11-May-2010,5927.94,5943.11,5789.1,5803.95,0,4951.11
12-May-2010,5820.15,5854.43,5752.57,5786.65,0,2460.4
13-May-2010,5794.84,5825.51,5749.45,5780.04,0,4867.37
14-May-2010,5758.43,5923.45,5705.69,5869.69,0,2726.34
17-May-2010,5881.15,5915.25,5836.07,5870.11,0,2993.78
18-May-2010,5866.1,5951.58,5831.2,5916.38,0,3870.53
19-May-2010,5904.94,5967.57,5870.97,5933.44,0,2784.66
20-May-2010,5947.64,5990.98,5918.97,5962.24,0,2485.31
21-May-2010,5955.56,5996.03,5935.09,5975.49,0,3610.81
24-May-2010,5956.76,6001.95,5882.51,5927.48,0,2119.73
25-May-2010,5917.16,6043.14,5876.97,6002.37,0,3419.08
26-May-2010,6012.93,6048.59,5936.73,5972.15,0,2234.38
27-May-2010,5988.07,6014.25,5942.61,5968.71,0,3943.8
28-May-2010,5996.93,6058.18,5935.45,5996.69,0,2694.67
31-May-2010,5997.0,6046.43,5963.59,6012.93,0,3631.16
01-Jun-2010,6004.0,6045.17,5869.73,5910.25,0,1996.0
02-Jun-2010,5898.2,5941.57,5723.44,5765.84,0,3052.41
03-Jun-2010,5752.09,5830.95,5728.87,5807.51,0,3555.29
04-Jun-2010,5808.38,5852.29,5754.15,5797.98,0,3194.8
07-Jun-2010,5798.94,5828.22,5682.1,5710.94,0,4093.27
08-Jun-2010,5713.41,5763.7,5641.63,5691.73,0,5249.61
09-Jun-2010,5696.13,5822.46,5650.71,5776.39,0,3420.63
10-Jun-2010,5755.56,5826.93,5698.81,5770.03,0,3659.06
11-Jun-2010,5769.24,5842.67,5732.92,5806.12,0,2867.28
14-Jun-2010,5801.5,5848.95,5775.5,5822.86,0,1337.32
15-Jun-2010,5836.56,5861.74,5680.41,5705.02,0,4441.15
16-Jun-2010,5702.58,5727.96,5636.16,5661.35,0,2691.22
17-Jun-2010,5678.26,5717.05,5525.0,5563.0,0,2245.03
18-Jun-2010,5565.17,5656.92,5549.67,5641.21,0,3948.04
21-Jun-2010,5636.46,5657.43,5607.29,5628.23,0,3684.45
22-Jun-2010,5627.74,5649.89,5596.6,5618.72,0,1472.32
23-Jun-2010,5614.06,5654.33,5528.08,5568.02,0,1209.26
24-Jun-2010,5568.25,5649.62,5534.83,5615.91,0,3870.27
25-Jun-2010,5602.91,5632.4,5593.15,5622.61,0,2162.14
28-Jun-2010,5600.92,5668.66,5595.49,5663.18,0,3036.27
29-Jun-2010,5662.69,5772.28,5640.31,5749.55,0,3531.28
30-Jun-2010,5745.6,5811.62,5738.92,5804.87,0,4706.24
01-Jul-2010,5819.18,5864.56,5756.36,5801.6,0,2906.54
02-Jul-2010,5820.42,5866.93,5685.42,5731.21,0,5114.55
05-Jul-2010,5720.5,5773.46,5678.59,5731.48,0,4782.42
06-Jul-2010,5710.6,5836.85,5685.93,5811.74,0,4871.2
07-Jul-2010,5813.51,5864.36,5734.74,5785.35,0,2259.47
08-Jul-2010,5780.58,5793.4,5657.47,5670.04,0,1631.07
09-Jul-2010,5646.53,5670.33,5572.8,5596.39,0,1811.82
12-Jul-2010,5599.15,5640.79,5482.15,5523.22,0,2172.74
13-Jul-2010,5545.1,5627.74,5520.93,5603.32,0,4301.88
14-Jul-2010,5614.79,5625.69,5486.72,5497.4,0,3474.86
15-Jul-2010,5497.38,5508.55,5390.47,5401.45,0,6065.01
16-Jul-2010,5406.05,5440.94,5388.03,5422.86,0,3688.69
19-Jul-2010,5428.2,5480.48,5298.58,5350.11,0,2382.0
20-Jul-2010,5369.81,5397.75,5227.68,5255.02,0,2469.6
21-Jul-2010,5267.92,5346.0,5203.07,5281.0,0,2202.87
22-Jul-2010,5280.97,5359.71,5247.82,5326.27,0,1968.49
23-Jul-2010,5357.84,5387.36,5342.28,5371.77,0,3444.35
26-Jul-2010,5369.22,5413.38,5307.68,5351.71,0,2123.38
27-Jul-2010,5345.52,5411.08,5260.84,5326.16,0,3955.25
28-Jul-2010,5312.73,5381.05,5292.7,5360.84,0,2289.35
29-Jul-2010,5357.48,5382.67,5250.87,5275.68,0,5931.55
30-Jul-2010,5282.38,5342.46,5115.96,5174.82,0,2087.56
02-Aug-2010,5191.18,5214.95,5053.81,5077.06,0,3359.17
03-Aug-2010,5080.9,5125.65,5077.4,5122.11,0,3214.07
04-Aug-2010,5142.38,5163.49,5129.55,5150.64,0,1625.97
05-Aug-2010,5134.59,5269.02,5094.11,5227.8,0,2013.67
06-Aug-2010,5235.04,5299.16,5179.44,5243.47,0,2340.94
09-Aug-2010,5250.93,5274.23,5210.29,5233.5,0,5246.15
10-Aug-2010,5244.76,5265.44,5191.86,5212.41,0,2964.3
11-Aug-2010,5211.2,5244.16,5151.92,5184.72,0,1558.45
12-Aug-2010,5184.45,5219.98,5131.94,5167.35,0,2251.0
13-Aug-2010,5157.7,5184.54,5134.83,5161.66,0,3752.17
16-Aug-2010,5152.09,5219.01,5125.57,5192.28,0,2748.04
17-Aug-2010,5181.81,5212.46,5112.76,5143.18,0,5074.87
18-Aug-2010,5139.82,5191.79,5106.25,5158.1,0,4183.21
19-Aug-2010,5168.45,5261.34,5111.19,5203.69,0,2604.77
20-Aug-2010,5197.93,5304.12,5177.17,5283.02,0,2610.46
23-Aug-2010,5288.04,5288.94,5259.04,5259.93,0,4591.15
24-Aug-2010,5261.32,5384.62,5238.48,5361.35,0,1924.43
25-Aug-2010,5350.34,5380.43,5319.85,5349.94,0,1697.83
26-Aug-2010,5333.09,5371.9,5259.02,5297.57,0,1612.51
27-Aug-2010,5296.92,5352.35,5156.77,5211.31,0,2915.09
30-Aug-2010,5225.12,5298.38,5171.79,5244.85,0,2167.36
31-Aug-2010,5239.26,5263.91,5209.17,5233.79,0,2848.16
01-Sep-2010,5229.78,5267.68,5152.37,5189.98,0,1854.9
02-Sep-2010,5202.94,5302.14,5137.71,5236.48,0,2464.52
03-Sep-2010,5236.61,5295.79,5221.3,5280.36,0,5294.27
06-Sep-2010,5266.17,5298.72,5211.35,5243.77,0,2145.42
07-Sep-2010,5238.5,5297.14,5223.2,5281.71,0,2025.26
08-Sep-2010,5284.37,5322.9,5204.25,5242.48,0,3545.78
09-Sep-2010,5244.38,5304.09,5226.39,5285.96,0,1595.86
10-Sep-2010,5296.57,5446.36,5227.95,5376.69,0,3055.74
13-Sep-2010,5367.39,5396.98,5272.51,5301.74,0,3617.43
14-Sep-2010,5298.77,5340.39,5287.57,5329.13,0,5525.98
15-Sep-2010,5308.12,5312.53,5249.88,5254.25,0,2755.23
16-Sep-2010,5249.21,5303.74,5075.96,5129.25,0,1314.9
17-Sep-2010,5139.54,5200.94,5078.5,5139.89,0,4706.56
20-Sep-2010,5122.95,5325.18,5064.15,5264.76,0,2907.41
21-Sep-2010,5253.93,5323.39,5226.77,5296.01,0,2350.27
22-Sep-2010,5311.0,5346.71,5211.07,5246.35,0,3028.08
23-Sep-2010,5247.92,5312.24,5167.2,5231.32,0,2042.25
24-Sep-2010,5210.86,5310.58,5208.26,5307.93,0,2964.34
27-Sep-2010,5307.21,5341.96,5239.37,5273.9,0,1834.72
28-Sep-2010,5258.35,5307.09,5217.19,5265.87,0,4880.47
29-Sep-2010,5274.24,5305.16,5233.85,5264.72,0,1382.51
30-Sep-2010,5267.47,5315.33,5184.84,5232.38,0,5798.69
01-Oct-2010,5235.27,5293.26,5150.54,5208.24,0,5343.16
04-Oct-2010,5196.47,5218.32,5139.43,5161.14,0,4328.88
05-Oct-2010,5167.27,5215.26,5046.95,5094.26,0,5506.51
06-Oct-2010,5087.25,5162.23,5070.51,5145.3,0,1932.24
07-Oct-2010,5141.45,5220.33,5123.65,5202.32,0,1801.52
08-Oct-2010,5190.6,5299.26,5137.45,5245.55,0,2945.04
11-Oct-2010,5231.62,5310.16,5206.94,5285.23,0,3229.63
12-Oct-2010,5298.13,5376.17,5236.29,5314.15,0,2011.73
13-Oct-2010,5305.31,5357.04,5280.58,5332.19,0,6097.18
14-Oct-2010,5340.13,5428.5,5300.04,5388.05,0,2243.27
15-Oct-2010,5378.18,5415.71,5280.35,5317.46,0,1402.22
18-Oct-2010,5320.38,5361.05,5289.3,5329.91,0,1420.61
19-Oct-2010,5306.59,5349.53,5297.11,5339.99,0,3275.04
20-Oct-2010,5344.55,5383.31,5270.41,5308.91,0,4396.77
21-Oct-2010,5314.57,5396.57,5288.18,5369.91,0,2578.59
22-Oct-2010,5364.14,5483.29,5325.12,5443.7,0,4166.78
25-Oct-2010,5452.69,5547.76,5414.7,5509.37,0,2701.42
26-Oct-2010,5509.92,5576.6,5463.76,5530.27,0,5118.95
27-Oct-2010,5526.26,5637.9,5494.65,5605.83,0,4042.92
28-Oct-2010,5610.63,5626.86,5533.35,5549.41,0,1805.23
29-Oct-2010,5545.85,5590.6,5509.57,5554.27,0,2030.26
01-Nov-2010,5554.71,5594.7,5502.97,5542.87,0,1594.13
02-Nov-2010,5516.06,5584.12,5477.02,5544.87,0,4326.9
03-Nov-2010,5560.46,5650.29,5514.49,5603.97,0,4211.25
04-Nov-2010,5614.18,5715.52,5613.07,5714.4,0,1734.87
05-Nov-2010,5701.72,5846.06,5651.69,5795.21,0,2926.67
08-Nov-2010,5801.13,5837.78,5678.17,5714.26,0,1629.08
09-Nov-2010,5703.68,5738.1,5681.06,5715.43,0,5819.55
10-Nov-2010,5728.53,5794.97,5668.28,5734.66,0,3627.11
11-Nov-2010,5723.97,5754.76,5623.61,5654.02,0,2859.82
12-Nov-2010,5650.89,5786.8,5614.93,5750.2,0,3261.48
15-Nov-2010,5736.78,5766.72,5721.1,5750.99,0,2704.6
16-Nov-2010,5740.38,5766.29,5629.49,5655.03,0,1847.8
17-Nov-2010,5648.36,5707.01,5606.48,5665.0,0,3000.05
18-Nov-2010,5655.77,5680.11,5625.11,5649.42,0,2705.37
19-Nov-2010,5656.59,5690.55,5601.71,5635.54,0,3024.05
22-Nov-2010,5643.55,5676.68,5525.97,5558.61,0,2406.7
23-Nov-2010,5571.89,5626.8,5484.71,5539.3,0,1170.74
24-Nov-2010,5545.64,5567.13,5478.39,5499.69,0,3376.48
25-Nov-2010,5490.46,5546.17,5439.42,5495.09,0,6077.45
26-Nov-2010,5500.12,5545.59,5460.82,5506.25,0,1829.37
29-Nov-2010,5504.64,5547.47,5355.97,5397.96,0,3908.86
30-Nov-2010,5399.05,5444.38,5395.95,5441.26,0,3838.17
01-Dec-2010,5459.37,5567.78,5425.94,5533.9,0,2717.75
02-Dec-2010,5535.85,5593.13,5493.78,5550.95,0,2432.01
03-Dec-2010,5555.75,5736.4,5501.43,5680.86,0,2943.41
06-Dec-2010,5667.19,5672.2,5660.47,5665.48,0,2163.9
07-Dec-2010,5666.2,5685.21,5661.56,5680.56,0,3213.46
08-Dec-2010,5687.81,5749.69,5591.75,5653.26,0,4203.83
09-Dec-2010,5637.89,5691.05,5530.74,5583.38,0,5721.1
10-Dec-2010,5594.56,5743.58,5535.74,5683.82,0,4609.42
13-Dec-2010,5692.23,5840.04,5643.17,5790.15,0,5497.31
14-Dec-2010,5785.68,5888.04,5757.99,5859.99,0,4698.91
15-Dec-2010,5860.44,5876.76,5824.43,5840.7,0,4339.85
16-Dec-2010,5862.42,5916.84,5774.48,5828.58,0,7022.79
17-Dec-2010,5853.29,5884.39,5707.17,5737.65,0,4916.63
20-Dec-2010,5735.17,5843.28,5684.28,5791.88,0,3620.17
21-Dec-2010,5795.2,5825.51,5720.7,5750.77,0,3246.81
22-Dec-2010,5745.71,5809.69,5600.47,5663.53,0,2491.29
23-Dec-2010,5656.04,5719.27,5641.0,5704.1,0,2893.32
24-Dec-2010,5690.63,5746.66,5665.7,5721.59,0,3321.06
27-Dec-2010,5731.15,5736.3,5672.31,5677.42,0,1431.54
28-Dec-2010,5681.12,5790.64,5629.27,5738.26,0,4400.59
29-Dec-2010,5739.31,5773.59,5717.27,5751.49,0,1585.52
30-Dec-2010,5736.7,5765.83,5647.81,5676.63,0,3741.06
31-Dec-2010,5705.15,5741.46,5589.6,5625.41,0,3942.51
03-Jan-2011,5613.45,5655.85,5602.21,5644.54,0,2521.74
04-Jan-2011,5654.6,5690.55,5594.41,5630.2,0,2839.95
05-Jan-2011,5625.68,5674.61,5590.44,5639.29,0,3272.65
06-Jan-2011,5624.52,5674.5,5539.32,5588.98,0,3264.45
07-Jan-2011,5591.61,5601.79,5547.33,5557.45,0,2896.78
10-Jan-2011,5544.8,5704.84,5509.31,5668.56,0,3119.4
11-Jan-2011,5667.8,5714.33,5516.16,5561.82,0,2094.55
12-Jan-2011,5569.18,5600.43,5482.91,5513.85,0,5493.95
13-Jan-2011,5495.34,5544.89,5469.48,5518.92,0,2531.26
14-Jan-2011,5511.74,5583.44,5470.66,5542.13,0,7079.43
17-Jan-2011,5542.98,5639.63,5496.22,5592.45,0,3332.94
18-Jan-2011,5595.98,5630.33,5420.5,5453.98,0,1992.71
19-Jan-2011,5451.68,5493.91,5389.63,5431.71,0,980.56
20-Jan-2011,5424.13,5561.01,5377.85,5513.97,0,3187.79
21-Jan-2011,5522.16,5606.03,5504.63,5588.29,0,2398.23
24-Jan-2011,5568.86,5684.46,5524.94,5639.98,0,2049.99
25-Jan-2011,5644.05,5675.95,5462.38,5493.43,0,3625.11
26-Jan-2011,5499.25,5574.62,5478.11,5553.26,0,3403.67
27-Jan-2011,5531.97,5660.09,5485.52,5612.96,0,2599.27
28-Jan-2011,5609.57,5666.91,5492.48,5549.21,0,4953.97
31-Jan-2011,5561.93,5607.41,5534.23,5579.62,0,3019.39
01-Feb-2011,5545.83,5604.97,5521.71,5580.7,0,5710.43
02-Feb-2011,5579.0,5630.95,5486.0,5537.57,0,3598.99
03-Feb-2011,5536.13,5584.65,5485.37,5533.87,0,1853.23
04-Feb-2011,5543.44,5559.75,5502.69,5518.92,0,1975.14
07-Feb-2011,5515.8,5557.27,5469.72,5511.16,0,1354.87
08-Feb-2011,5505.09,5538.04,5496.37,5529.28,0,3421.67
09-Feb-2011,5530.96,5556.78,5425.48,5450.93,0,3586.53
10-Feb-2011,5460.77,5500.76,5439.99,5479.9,0,2018.54
11-Feb-2011,5484.76,5517.01,5422.82,5454.89,0,2345.66
14-Feb-2011,5456.91,5576.7,5416.97,5536.18,0,4608.11
15-Feb-2011,5522.6,5589.53,5496.63,5563.37,0,2807.17
16-Feb-2011,5567.69,5586.54,5471.1,5489.69,0,3663.89
17-Feb-2011,5495.85,5590.65,5460.27,5554.69,0,3795.18
18-Feb-2011,5573.46,5625.81,5411.56,5462.88,0,3353.56
21-Feb-2011,5480.78,5498.13,5406.81,5423.98,0,2176.14
22-Feb-2011,5422.52,5456.36,5354.23,5387.85,0,4180.77
23-Feb-2011,5390.5,5456.79,5356.98,5423.07,0,2143.01
24-Feb-2011,5430.91,5496.14,5418.37,5483.48,0,2387.56
25-Feb-2011,5483.29,5591.38,5444.64,5552.24,0,4678.49
28-Feb-2011,5541.31,5698.72,5483.8,5640.19,0,3251.36
01-Mar-2011,5651.1,5664.43,5560.83,5573.98,0,2839.12
02-Mar-2011,5595.55,5628.25,5551.13,5583.76,0,4037.8
03-Mar-2011,5590.34,5627.07,5524.37,5560.9,0,4204.64
04-Mar-2011,5548.89,5658.72,5509.71,5619.05,0,2387.18
07-Mar-2011,5604.22,5631.93,5542.75,5570.3,0,2440.44
08-Mar-2011,5575.29,5597.87,5486.3,5508.6,0,2483.59
09-Mar-2011,5504.99,5577.06,5461.04,5532.88,0,1582.1
10-Mar-2011,5534.6,5583.75,5439.38,5488.11,0,3987.72
11-Mar-2011,5500.24,5584.48,5462.65,5546.57,0,3998.92
14-Mar-2011,5552.97,5592.52,5405.87,5444.64,0,2338.6
15-Mar-2011,5441.99,5512.78,5423.9,5494.52,0,4632.38
16-Mar-2011,5508.92,5568.48,5386.76,5445.64,0,4390.26
17-Mar-2011,5441.3,5561.54,5372.65,5492.25,0,2910.68
18-Mar-2011,5501.98,5580.02,5468.28,5546.05,0,3195.45
21-Mar-2011,5546.08,5608.56,5429.85,5491.72,0,2225.03
22-Mar-2011,5503.31,5608.23,5444.79,5549.22,0,2471.09
23-Mar-2011,5538.9,5565.34,5508.98,5535.4,0,3036.55
24-Mar-2011,5539.86,5631.88,5441.55,5533.46,0,2833.53
25-Mar-2011,5527.88,5586.82,5520.09,5578.95,0,2232.98
28-Mar-2011,5590.46,5664.53,5388.87,5461.23,0,2525.52
29-Mar-2011,5442.97,5499.18,5411.62,5467.69,0,2591.34
30-Mar-2011,5458.42,5500.03,5327.62,5368.55,0,6653.76
31-Mar-2011,5368.7,5519.25,5344.1,5494.08,0,3847.9
01-Apr-2011,5496.87,5509.48,5365.07,5377.41,0,2447.72
04-Apr-2011,5385.44,5478.76,5325.44,5418.39,0,3410.46
05-Apr-2011,5413.73,5456.66,5348.69,5391.45,0,2636.1
06-Apr-2011,5403.64,5425.82,5279.51,5301.26,0,2434.4
07-Apr-2011,5306.95,5355.91,5225.23,5273.88,0,4581.1
08-Apr-2011,5274.06,5310.7,5176.72,5212.94,0,4173.51
11-Apr-2011,5215.85,5240.94,5075.53,5100.06,0,2457.32
12-Apr-2011,5108.87,5148.53,5025.11,5064.43,0,1967.59
13-Apr-2011,5058.69,5094.78,5026.18,5062.25,0,1991.05
14-Apr-2011,5075.65,5157.14,5003.83,5085.19,0,2759.4
15-Apr-2011,5104.62,5134.14,4932.11,4960.8,0,4772.04
18-Apr-2011,4952.1,4995.38,4879.54,4922.55,0,2784.6
19-Apr-2011,4912.15,4956.28,4845.02,4888.93,0,2594.52
20-Apr-2011,4894.67,4919.66,4840.57,4865.42,0,2163.11
21-Apr-2011,4871.07,4904.82,4792.79,4826.22,0,4277.6
22-Apr-2011,4829.73,4877.09,4712.86,4759.53,0,2744.73
25-Apr-2011,4779.45,4794.97,4738.79,4754.24,0,2877.2
26-Apr-2011,4770.1,4793.16,4643.67,4666.23,0,4711.92
27-Apr-2011,4655.38,4699.6,4608.31,4652.51,0,3508.99
28-Apr-2011,4665.33,4706.41,4627.35,4668.4,0,7371.69
29-Apr-2011,4653.91,4700.39,4589.45,4635.74,0,3111.77
02-May-2011,4629.76,4659.91,4617.9,4648.0,0,6134.26
03-May-2011,4639.43,4677.42,4593.02,4630.94,0,3031.18
04-May-2011,4641.2,4686.33,4552.77,4597.46,0,2089.59
05-May-2011,4590.22,4641.73,4571.96,4623.34,0,2077.47
06-May-2011,4623.03,4671.66,4506.25,4554.15,0,2553.56
09-May-2011,4552.3,4654.16,4516.95,4618.31,0,2531.56
10-May-2011,4629.95,4661.53,4559.22,4590.52,0,3202.48
11-May-2011,4597.94,4651.54,4577.06,4630.51,0,1612.61
12-May-2011,4630.04,4668.03,4544.85,4582.46,0,2688.07
13-May-2011,4583.99,4618.55,4583.19,4617.75,0,3316.51
16-May-2011,4628.52,4743.02,4587.1,4700.95,0,1634.89
17-May-2011,4685.49,4710.88,4658.95,4684.34,0,3223.87
18-May-2011,4658.59,4690.14,4630.52,4662.04,0,2625.42
19-May-2011,4648.31,4719.76,4633.54,4704.82,0,1682.15
20-May-2011,4709.44,4750.14,4627.18,4667.52,0,1768.46
23-May-2011,4657.49,4738.05,4626.7,4706.94,0,3517.83
24-May-2011,4718.07,4795.08,4690.03,4766.75,0,1211.71
25-May-2011,4760.91,4777.82,4747.36,4764.26,0,2148.39
26-May-2011,4757.25,4807.88,4751.8,4802.38,0,1355.22
27-May-2011,4822.98,4867.84,4804.33,4849.09,0,2345.0
30-May-2011,4847.78,4893.4,4785.99,4831.46,0,2226.85
31-May-2011,4819.25,4939.28,4772.25,4891.58,0,1774.16
01-Jun-2011,4887.28,4917.64,4836.42,4866.65,0,5468.33
02-Jun-2011,4873.56,4903.18,4822.36,4851.85,0,4540.23
03-Jun-2011,4858.39,4896.57,4811.72,4849.83,0,1654.38
06-Jun-2011,4846.24,4886.65,4827.48,4867.81,0,3445.09
07-Jun-2011,4866.39,4925.3,4812.98,4871.83,0,6395.36
08-Jun-2011,4865.29,4884.49,4821.93,4841.03,0,2444.26
09-Jun-2011,4854.12,4903.56,4817.95,4867.29,0,3028.18
10-Jun-2011,4888.09,4918.41,4826.84,4856.97,0,2395.94
13-Jun-2011,4860.2,4892.91,4846.36,4879.02,0,1784.94
14-Jun-2011,4877.83,4888.51,4853.31,4863.97,0,1724.98
15-Jun-2011,4867.98,4891.75,4815.66,4839.29,0,2276.52
16-Jun-2011,4823.96,4876.31,4811.04,4863.29,0,1952.93
17-Jun-2011,4864.81,4896.25,4809.39,4840.67,0,2210.55
20-Jun-2011,4843.87,4949.81,4816.58,4922.07,0,2818.47
21-Jun-2011,4924.38,5053.11,4910.32,5038.72,0,1989.7
22-Jun-2011,5030.85,5051.69,5012.33,5033.17,0,2623.56
23-Jun-2011,5039.12,5078.65,4972.09,5011.4,0,2925.03
24-Jun-2011,5021.99,5049.61,4890.33,4917.38,0,3067.93
27-Jun-2011,4931.67,4958.95,4797.87,4824.55,0,2637.7
28-Jun-2011,4819.23,4828.33,4765.53,4774.54,0,3770.27
29-Jun-2011,4778.61,4795.45,4680.95,4697.51,0,3956.06
30-Jun-2011,4697.36,4778.49,4555.9,4635.97,0,3211.33
01-Jul-2011,4628.82,4680.32,4592.29,4643.67,0,1855.29
04-Jul-2011,4651.88,4714.88,4630.79,4693.59,0,1754.24
05-Jul-2011,4698.36,4712.97,4695.18,4709.77,0,2254.0
06-Jul-2011,4706.66,4734.59,4668.81,4696.68,0,3345.65
07-Jul-2011,4688.16,4717.81,4589.36,4618.57,0,7258.7
08-Jul-2011,4607.04,4649.86,4533.24,4575.77,0,1586.66
11-Jul-2011,4578.89,4602.85,4506.44,4530.14,0,2693.25
12-Jul-2011,4531.87,4601.96,4498.92,4568.74,0,2660.83
13-Jul-2011,4576.43,4600.83,4536.0,4560.32,0,5335.9
14-Jul-2011,4548.83,4583.62,4513.35,4548.14,0,2698.38
15-Jul-2011,4551.48,4565.81,4464.81,4478.92,0,2150.81
18-Jul-2011,4474.13,4532.19,4460.0,4517.92,0,1680.0
19-Jul-2011,4510.96,4606.27,4477.51,4572.37,0,1602.73
20-Jul-2011,4566.45,4658.64,4557.74,4649.77,0,3700.01
21-Jul-2011,4644.4,4666.79,4557.8,4579.87,0,3422.73
22-Jul-2011,4603.14,4624.19,4501.02,4521.7,0,1385.74
25-Jul-2011,4521.22,4595.34,4498.62,4572.49,0,1273.62
26-Jul-2011,4571.04,4654.95,4526.68,4610.22,0,1985.04
27-Jul-2011,4609.73,4663.42,4594.67,4648.23,0,4610.37
28-Jul-2011,4635.38,4676.45,4618.57,4659.56,0,2898.32
29-Jul-2011,4648.93,4705.71,4619.16,4675.76,0,2300.3
01-Aug-2011,4677.8,4742.97,4631.95,4696.94,0,3058.63
02-Aug-2011,4679.53,4721.59,4662.44,4704.41,0,2532.47
03-Aug-2011,4699.49,4727.85,4646.99,4675.21,0,4432.02
04-Aug-2011,4682.02,4805.66,4617.89,4740.73,0,2193.78
05-Aug-2011,4756.81,4800.48,4651.02,4694.11,0,3167.81
08-Aug-2011,4682.36,4710.77,4656.45,4684.84,0,4291.73
09-Aug-2011,4680.39,4755.9,4663.43,4738.73,0,1646.88
10-Aug-2011,4746.98,4755.62,4708.93,4717.52,0,3399.63
11-Aug-2011,4716.8,4770.13,4699.49,4752.69,0,1650.64
12-Aug-2011,4747.72,4779.43,4644.15,4675.38,0,2218.49
15-Aug-2011,4675.05,4709.43,4645.47,4679.82,0,1311.28
16-Aug-2011,4662.26,4781.88,4634.53,4753.6,0,3169.71
17-Aug-2011,4749.87,4787.52,4716.42,4754.03,0,4700.69
18-Aug-2011,4728.12,4796.39,4706.95,4775.01,0,1608.15
19-Aug-2011,4770.18,4828.18,4728.78,4786.64,0,2635.07
22-Aug-2011,4793.44,4816.09,4747.1,4769.63,0,6258.73
23-Aug-2011,4763.6,4802.82,4724.23,4763.44,0,2289.93
24-Aug-2011,4762.93,4804.87,4705.48,4747.28,0,1680.77
25-Aug-2011,4748.62,4791.04,4683.92,4726.14,0,1341.22
26-Aug-2011,4698.12,4746.7,4676.55,4725.01,0,2173.71
29-Aug-2011,4712.48,4813.38,4686.25,4786.74,0,1178.45
30-Aug-2011,4788.07,4803.77,4722.55,4738.09,0,3573.17
31-Aug-2011,4732.7,4754.49,4696.88,4718.61,0,3458.34
01-Sep-2011,4695.83,4769.27,4678.99,4752.23,0,3001.89
02-Sep-2011,4757.91,4811.93,4710.58,4764.54,0,3822.28
05-Sep-2011,4759.23,4798.67,4692.67,4731.89,0,3121.02
06-Sep-2011,4739.11,4778.78,4660.11,4699.45,0,4622.55
07-Sep-2011,4711.13,4753.63,4644.26,4686.53,0,1567.97
08-Sep-2011,4687.67,4705.61,4583.87,4601.49,0,3745.04
09-Sep-2011,4600.42,4653.87,4595.81,4649.2,0,4218.37
12-Sep-2011,4636.78,4694.48,4610.44,4667.97,0,3824.85
13-Sep-2011,4661.29,4708.58,4582.16,4629.13,0,5413.44
14-Sep-2011,4640.6,4670.62,4532.76,4562.28,0,2648.18
15-Sep-2011,4572.63,4610.14,4535.95,4573.46,0,1931.28
16-Sep-2011,4568.36,4657.51,4541.66,4630.45,0,2712.6
19-Sep-2011,4621.16,4647.48,4594.17,4620.49,0,1417.67
20-Sep-2011,4613.05,4680.83,4568.11,4635.67,0,2955.12
21-Sep-2011,4644.56,4659.03,4631.65,4646.12,0,2095.67
22-Sep-2011,4661.31,4704.92,4611.07,4654.62,0,2667.95
23-Sep-2011,4656.29,4689.97,4582.43,4615.81,0,1800.1
26-Sep-2011,4623.37,4670.4,4539.15,4585.8,0,1913.57
27-Sep-2011,4571.2,4593.03,4494.76,4516.33,0,4520.28
28-Sep-2011,4512.87,4556.0,4354.82,4396.85,0,4755.98
29-Sep-2011,4387.93,4448.18,4349.33,4409.39,0,3152.02
30-Sep-2011,4421.22,4447.29,4400.31,4426.36,0,4933.97
03-Oct-2011,4439.87,4464.45,4416.79,4441.36,0,4360.54
04-Oct-2011,4435.95,4447.42,4337.73,4348.97,0,7367.13
05-Oct-2011,4350.49,4391.24,4245.42,4285.55,0,2424.33
06-Oct-2011,4293.43,4315.07,4278.18,4299.79,0,2335.94
07-Oct-2011,4294.86,4322.87,4230.52,4258.29,0,3993.44
10-Oct-2011,4253.83,4324.71,4210.01,4280.61,0,3126.38
11-Oct-2011,4294.13,4316.93,4210.91,4233.38,0,1757.07
12-Oct-2011,4242.28,4307.28,4210.3,4275.05,0,3064.22
13-Oct-2011,4286.14,4321.86,4230.27,4265.82,0,2906.84
14-Oct-2011,4284.88,4323.02,4274.34,4312.41,0,1814.84
17-Oct-2011,4306.7,4317.1,4277.15,4287.51,0,3913.06
18-Oct-2011,4264.67,4287.76,4227.53,4250.55,0,3907.19
19-Oct-2011,4247.91,4310.11,4194.8,4256.88,0,5241.4
20-Oct-2011,4262.86,4284.01,4213.77,4234.79,0,2813.38
21-Oct-2011,4231.82,4254.28,4164.19,4186.41,0,3379.02
24-Oct-2011,4183.24,4220.89,4161.76,4199.32,0,2328.14
25-Oct-2011,4209.21,4226.14,4122.35,4139.0,0,1336.89
26-Oct-2011,4142.47,4169.09,4125.34,4151.91,0,2189.96
27-Oct-2011,4158.07,4212.72,4129.87,4184.34,0,1637.53
28-Oct-2011,4177.85,4246.27,4151.47,4219.63,0,1527.36
31-Oct-2011,4201.28,4251.73,4169.48,4219.79,0,3499.68
01-Nov-2011,4214.35,4235.71,4183.98,4205.29,0,1682.13
02-Nov-2011,4201.59,4216.3,4164.27,4178.91,0,1803.07
03-Nov-2011,4189.55,4223.97,4048.83,4082.38,0,3150.95
04-Nov-2011,4096.76,4111.08,4088.15,4102.46,0,3517.85
07-Nov-2011,4104.32,4190.73,4060.83,4146.8,0,2104.46
08-Nov-2011,4150.74,4158.58,4148.93,4156.76,0,2432.78
09-Nov-2011,4145.75,4157.12,4074.14,4085.35,0,4317.35
10-Nov-2011,4090.97,4114.78,4062.29,4086.07,0,2184.48
11-Nov-2011,4075.67,4127.67,4062.93,4114.81,0,1980.34
14-Nov-2011,4110.21,4176.34,4091.27,4157.19,0,1752.92
15-Nov-2011,4156.22,4186.1,4137.95,4167.77,0,5251.9
16-Nov-2011,4178.28,4193.92,4145.99,4161.57,0,1823.34
17-Nov-2011,4164.41,4203.97,4120.48,4159.99,0,2984.68
18-Nov-2011,4172.62,4188.15,4130.92,4146.35,0,4625.05
21-Nov-2011,4145.95,4196.44,4105.23,4155.62,0,1583.68
22-Nov-2011,4150.82,4183.15,4110.35,4142.62,0,3074.68
23-Nov-2011,4141.67,4161.61,4133.66,4153.57,0,4799.47
24-Nov-2011,4163.96,4167.84,4109.01,4112.84,0,2933.36
25-Nov-2011,4114.25,4179.14,4068.8,4133.47,0,6573.88
28-Nov-2011,4137.8,4180.18,4113.12,4155.39,0,1913.82
29-Nov-2011,4158.17,4188.23,4128.27,4158.32,0,3256.69
30-Nov-2011,4158.01,4249.35,4108.53,4199.38,0,4152.96
01-Dec-2011,4195.17,4212.66,4155.46,4172.86,0,1975.92
02-Dec-2011,4176.25,4276.48,4157.55,4257.41,0,1189.14
05-Dec-2011,4257.79,4281.8,4176.0,4199.68,0,2611.3
06-Dec-2011,4199.69,4207.28,4165.21,4172.75,0,1873.53
07-Dec-2011,4162.09,4228.28,4134.55,4200.48,0,2370.3
08-Dec-2011,4201.99,4283.54,4180.09,4261.33,0,4325.32
09-Dec-2011,4260.23,4290.17,4208.46,4238.24,0,6566.61
12-Dec-2011,4232.09,4278.28,4206.23,4252.29,0,2400.3
13-Dec-2011,4255.03,4365.64,4216.25,4326.22,0,2352.06
14-Dec-2011,4314.0,4380.79,4306.6,4373.28,0,2437.82
15-Dec-2011,4379.68,4383.13,4363.48,4366.91,0,5687.94
16-Dec-2011,4353.33,4455.82,4317.07,4419.01,0,5475.86
19-Dec-2011,4443.68,4457.24,4389.87,4403.3,0,1739.36
20-Dec-2011,4413.66,4470.01,4388.41,4444.59,0,2373.6
21-Dec-2011,4447.49,4483.91,4424.51,4460.86,0,2941.99
22-Dec-2011,4461.87,4496.07,4369.19,4402.94,0,2252.21
23-Dec-2011,4397.22,4410.93,4369.16,4382.82,0,3991.62
26-Dec-2011,4378.73,4434.81,4335.16,4391.12,0,2848.37
27-Dec-2011,4396.5,4430.66,4333.89,4367.83,0,3071.87
28-Dec-2011,4373.58,4391.14,4342.49,4360.0,0,3022.64
29-Dec-2011,4349.66,4359.53,4333.29,4343.15,0,3686.2
30-Dec-2011,4343.69,4367.98,4313.61,4337.87,0,2551.89
02-Jan-2012,4329.08,4392.55,4317.38,4380.71,0,3184.4
03-Jan-2012,4374.02,4469.29,4347.46,4442.31,0,2683.29
04-Jan-2012,4447.67,4479.08,4410.69,4442.05,0,2062.59
05-Jan-2012,4450.33,4466.44,4411.09,4427.11,0,3469.62
06-Jan-2012,4415.99,4498.14,4355.94,4437.79,0,1793.33
09-Jan-2012,4440.08,4503.05,4339.87,4402.31,0,1629.94
10-Jan-2012,4405.59,4440.2,4316.18,4350.35,0,4150.9
11-Jan-2012,4345.84,4379.47,4306.94,4340.53,0,7671.58
12-Jan-2012,4346.52,4378.84,4248.46,4280.28,0,2882.91
13-Jan-2012,4281.94,4312.5,4232.79,4263.21,0,6264.99
16-Jan-2012,4252.75,4316.63,4240.64,4304.38,0,4747.77
17-Jan-2012,4311.26,4314.74,4295.48,4298.96,0,6246.94
18-Jan-2012,4295.71,4350.25,4277.58,4331.96,0,4563.35
19-Jan-2012,4339.63,4362.58,4284.49,4307.28,0,1592.44
20-Jan-2012,4300.1,4334.79,4296.88,4331.55,0,2023.9
23-Jan-2012,4334.37,4372.22,4317.44,4355.21,0,2784.81
24-Jan-2012,4351.85,4380.62,4307.05,4335.7,0,3862.88
25-Jan-2012,4322.3,4380.67,4288.29,4346.46,0,2921.22
26-Jan-2012,4347.23,4382.23,4288.7,4323.52,0,5099.39
27-Jan-2012,4313.03,4333.54,4262.64,4283.0,0,3295.23
30-Jan-2012,4290.37,4349.01,4280.48,4339.01,0,6287.55
31-Jan-2012,4327.44,4444.89,4288.38,4405.13,0,2201.32
01-Feb-2012,4405.02,4492.8,4398.03,4485.68,0,3682.46
02-Feb-2012,4479.7,4532.01,4468.0,4520.2,0,4826.68
03-Feb-2012,4524.73,4580.77,4473.96,4529.94,0,2770.97
06-Feb-2012,4538.05,4603.53,4515.24,4580.5,0,8382.54
07-Feb-2012,4577.43,4650.37,4556.01,4628.71,0,3043.65
08-Feb-2012,4630.79,4660.0,4589.39,4618.52,0,2014.45
09-Feb-2012,4623.62,4673.74,4583.59,4633.63,0,3730.88
10-Feb-2012,4631.49,4702.8,4617.79,4688.94,0,4545.47
13-Feb-2012,4684.07,4741.17,4677.79,4734.82,0,1616.75
14-Feb-2012,4738.22,4796.83,4709.91,4768.34,0,4842.05
15-Feb-2012,4782.85,4816.21,4753.24,4786.58,0,2931.96
16-Feb-2012,4797.1,4829.3,4702.69,4734.46,0,7742.32
17-Feb-2012,4741.08,4760.13,4692.41,4711.34,0,3667.25
20-Feb-2012,4708.0,4729.36,4681.61,4702.95,0,2646.48
21-Feb-2012,4697.65,4796.18,4647.06,4745.08,0,1859.68
22-Feb-2012,4765.72,4781.72,4627.42,4643.01,0,2340.66
23-Feb-2012,4629.37,4704.72,4598.94,4673.99,0,4525.55
24-Feb-2012,4678.73,4726.52,4627.79,4675.54,0,2007.69
27-Feb-2012,4687.5,4698.6,4633.92,4644.93,0,4340.45
28-Feb-2012,4643.16,4664.86,4606.51,4628.13,0,9074.45
29-Feb-2012,4627.15,4647.0,4551.02,4570.62,0,2600.9
01-Mar-2012,4584.26,4610.38,4525.75,4551.68,0,4564.9
02-Mar-2012,4555.44,4625.42,4535.61,4605.38,0,8965.38
05-Mar-2012,4592.47,4604.07,4573.47,4585.05,0,4105.79
06-Mar-2012,4583.51,4665.09,4556.53,4637.79,0,3815.65
07-Mar-2012,4639.71,4711.43,4631.66,4703.27,0,2536.51
08-Mar-2012,4693.27,4714.06,4681.98,4702.75,0,3609.71
09-Mar-2012,4702.68,4739.89,4658.29,4695.44,0,4644.11
12-Mar-2012,4701.46,4771.99,4677.18,4747.47,0,3358.5
13-Mar-2012,4746.44,4846.68,4690.76,4790.48,0,2245.12
14-Mar-2012,4790.04,4859.73,4747.26,4816.71,0,2122.0
15-Mar-2012,4821.25,4843.23,4668.32,4689.71,0,3470.19
16-Mar-2012,4691.93,4734.29,4617.77,4659.85,0,9977.4
19-Mar-2012,4662.15,4712.93,4641.26,4691.91,0,2533.26
20-Mar-2012,4692.03,4698.71,4637.15,4643.76,0,4559.8
21-Mar-2012,4643.05,4685.82,4546.05,4588.31,0,2176.95
22-Mar-2012,4600.42,4657.82,4562.9,4620.13,0,3513.22
23-Mar-2012,4618.79,4644.42,4557.34,4582.77,0,3802.18
26-Mar-2012,4579.06,4582.33,4535.11,4538.36,0,2803.57
27-Mar-2012,4549.5,4576.48,4489.76,4516.54,0,3918.86
28-Mar-2012,4517.79,4586.57,4478.38,4546.89,0,8740.24
29-Mar-2012,4548.74,4581.64,4493.0,4525.72,0,3739.03
30-Mar-2012,4527.82,4559.92,4425.99,4457.6,0,4316.59
02-Apr-2012,4446.41,4461.62,4410.61,4425.76,0,3301.43
03-Apr-2012,4406.53,4433.7,4380.87,4408.03,0,2133.67
04-Apr-2012,4414.16,4552.39,4371.29,4508.61,0,4712.41
05-Apr-2012,4503.1,4597.2,4489.26,4583.11,0,2429.21
06-Apr-2012,4586.33,4654.95,4551.52,4619.89,0,2507.12
09-Apr-2012,4609.9,4630.4,4471.21,4491.19,0,1923.88
10-Apr-2012,4489.35,4521.93,4471.12,4503.64,0,2111.19
11-Apr-2012,4500.19,4578.84,4472.76,4551.11,0,1913.97
12-Apr-2012,4549.93,4600.46,4520.6,4571.0,0,3816.19
13-Apr-2012,4580.38,4593.98,4564.72,4578.31,0,3708.67
16-Apr-2012,4582.58,4642.25,4527.7,4587.31,0,2149.6
17-Apr-2012,4582.48,4651.09,4559.03,4627.41,0,3204.39
18-Apr-2012,4650.79,4666.71,4604.59,4620.41,0,2727.76
19-Apr-2012,4612.62,4712.67,4576.09,4675.64,0,3261.46
20-Apr-2012,4659.49,4814.3,4624.39,4778.31,0,1586.63
23-Apr-2012,4796.71,4857.41,4778.27,4838.81,0,3143.2
24-Apr-2012,4825.82,4837.3,4812.01,4823.48,0,2953.93
25-Apr-2012,4818.8,4841.29,4795.07,4817.55,0,1664.71
26-Apr-2012,4823.25,4870.28,4788.13,4835.07,0,4084.99
27-Apr-2012,4829.86,4870.6,4767.47,4808.02,0,2927.57
30-Apr-2012,4810.94,4862.57,4776.54,4828.04,0,2733.25
01-May-2012,4829.09,4866.24,4773.53,4810.53,0,1377.63
02-May-2012,4814.22,4828.86,4775.12,4789.68,0,3254.76
03-May-2012,4811.33,4823.05,4751.22,4762.83,0,2434.68
04-May-2012,4765.98,4800.57,4665.8,4699.92,0,3602.45
07-May-2012,4685.34,4708.3,4638.17,4661.0,0,1274.3
08-May-2012,4666.22,4785.25,4619.97,4738.28,0,1825.78
09-May-2012,4724.47,4850.9,4682.64,4808.33,0,4402.59
10-May-2012,4801.37,4818.64,4800.8,4818.08,0,3070.16
11-May-2012,4821.14,4914.84,4792.81,4886.14,0,2379.1
14-May-2012,4880.18,4922.94,4836.77,4879.53,0,3054.87
15-May-2012,4891.09,4927.56,4877.16,4913.57,0,3106.68
16-May-2012,4912.54,4954.4,4844.22,4885.85,0,3891.32
17-May-2012,4893.59,4949.29,4883.06,4938.66,0,1658.3
18-May-2012,4938.65,4959.42,4914.53,4935.28,0,3235.82
21-May-2012,4945.14,4977.83,4916.87,4949.54,0,4475.93
22-May-2012,4952.89,4988.03,4918.3,4953.43,0,2979.36
23-May-2012,4958.9,5036.87,4925.61,5003.28,0,3985.49
24-May-2012,4999.21,5024.87,4974.96,5000.61,0,3318.94
25-May-2012,4984.4,5000.73,4960.69,4976.99,0,7387.02
28-May-2012,4964.88,5047.54,4906.36,4988.74,0,3254.86
29-May-2012,4987.39,5031.95,4966.27,5010.73,0,3704.63
30-May-2012,5031.89,5032.98,5027.21,5028.3,0,3119.09
31-May-2012,5021.4,5066.27,4971.35,5016.17,0,1998.99
01-Jun-2012,5017.75,5090.98,4912.13,4984.88,0,2744.19
04-Jun-2012,4975.71,5029.69,4965.73,5019.63,0,2592.88
05-Jun-2012,5028.88,5080.16,4996.8,5047.96,0,3157.32
06-Jun-2012,5043.09,5069.64,5002.77,5029.25,0,2589.67
07-Jun-2012,5019.79,5066.16,4992.9,5039.17,0,5783.74
08-Jun-2012,5053.17,5139.61,5004.24,5090.31,0,4415.21
11-Jun-2012,5108.44,5151.75,5056.51,5099.75,0,2315.06
12-Jun-2012,5094.35,5137.74,5054.64,5097.99,0,1762.9
13-Jun-2012,5088.66,5119.79,5015.87,5046.74,0,1639.65
14-Jun-2012,5040.57,5095.11,5033.93,5088.4,0,3972.82
15-Jun-2012,5098.51,5112.22,5044.19,5057.8,0,2631.2
18-Jun-2012,5071.76,5096.32,5037.18,5061.69,0,7278.46
19-Jun-2012,5052.99,5095.44,4968.95,5011.05,0,3463.48
20-Jun-2012,5037.05,5085.15,5016.12,5064.1,0,2180.53
21-Jun-2012,5073.76,5117.25,5043.14,5086.56,0,1580.91
22-Jun-2012,5099.86,5145.85,5011.21,5056.82,0,2289.96
25-Jun-2012,5067.46,5100.58,4998.53,5031.42,0,1348.01
26-Jun-2012,5051.3,5109.4,4871.14,4927.83,0,2366.84
27-Jun-2012,4930.28,4998.22,4894.6,4962.31,0,2638.5
28-Jun-2012,4959.1,4971.74,4950.57,4963.21,0,1756.99
29-Jun-2012,4970.23,4998.97,4938.46,4967.19,0,3230.37
02-Jul-2012,4970.45,5025.61,4946.96,5001.96,0,3243.79
03-Jul-2012,4992.7,5105.48,4956.78,5069.01,0,2228.75
04-Jul-2012,5059.47,5124.79,5052.33,5117.56,0,3443.14
05-Jul-2012,5113.99,5144.47,5081.24,5111.71,0,5280.4
06-Jul-2012,5096.62,5133.33,5048.37,5084.99,0,3960.9
09-Jul-2012,5087.15,5111.63,4975.41,4999.47,0,1992.4
10-Jul-2012,4993.92,5010.17,4965.9,4982.11,0,2580.82
11-Jul-2012,4983.73,5025.98,4944.88,4987.11,0,2265.37
12-Jul-2012,5017.53,5040.62,4949.11,4971.99,0,1427.54
13-Jul-2012,4987.29,5014.47,4957.79,4984.95,0,4170.98
16-Jul-2012,4987.29,5001.27,4840.02,4853.62,0,2153.95
17-Jul-2012,4859.38,4885.91,4801.59,4827.95,0,3457.85
18-Jul-2012,4820.2,4912.36,4806.97,4898.91,0,2671.66
19-Jul-2012,4897.24,4935.66,4859.31,4897.72,0,3149.47
20-Jul-2012,4897.13,5007.0,4843.16,4952.42,0,3674.96
23-Jul-2012,4949.85,5025.63,4919.94,4995.44,0,1514.36
24-Jul-2012,5000.11,5047.42,4867.32,4913.81,0,2474.69
25-Jul-2012,4902.01,4978.51,4852.41,4928.64,0,2699.98
26-Jul-2012,4934.74,4958.29,4854.08,4877.36,0,1990.07
27-Jul-2012,4878.54,4914.29,4836.55,4872.25,0,5871.78
30-Jul-2012,4878.8,4957.29,4829.32,4907.52,0,4531.23
31-Jul-2012,4919.68,4937.59,4887.61,4905.48,0,3591.44
01-Aug-2012,4931.17,4950.16,4823.65,4842.3,0,4941.71
02-Aug-2012,4829.97,5012.66,4802.11,4983.91,0,2732.5
03-Aug-2012,4978.23,5001.01,4963.56,4986.32,0,2247.21
06-Aug-2012,4999.42,5032.94,4916.35,4949.54,0,2286.54
07-Aug-2012,4937.07,5021.54,4899.16,4983.27,0,4091.49
08-Aug-2012,4990.47,4993.92,4939.72,4943.14,0,3078.29
09-Aug-2012,4945.86,4982.14,4903.72,4939.95,0,3589.46
10-Aug-2012,4929.07,4975.48,4908.53,4954.84,0,2985.51
13-Aug-2012,4947.1,5116.89,4900.56,5069.2,0,3716.99
14-Aug-2012,5080.83,5151.01,5037.31,5107.27,0,1658.37
15-Aug-2012,5084.72,5119.91,5019.38,5054.36,0,7443.16
16-Aug-2012,5062.87,5102.27,5003.45,5042.7,0,1258.73
17-Aug-2012,5041.09,5069.06,5007.48,5035.42,0,1856.01
20-Aug-2012,5028.04,5070.19,4987.85,5029.98,0,2211.82
21-Aug-2012,5014.88,5019.06,4976.24,4980.39,0,2556.36
22-Aug-2012,4987.09,5037.28,4939.57,4989.74,0,3568.65
23-Aug-2012,4997.24,5075.28,4972.42,5050.2,0,2326.12
24-Aug-2012,5049.58,5078.2,4988.35,5016.79,0,1654.23
27-Aug-2012,5020.23,5139.32,4975.52,5093.95,0,2105.46
28-Aug-2012,5087.65,5108.08,5019.35,5039.59,0,2311.56
29-Aug-2012,5037.56,5201.03,5022.55,5185.58,0,2286.66
30-Aug-2012,5180.91,5276.65,5145.03,5240.36,0,3534.97
31-Aug-2012,5238.95,5287.55,5186.54,5235.1,0,3123.24
03-Sep-2012,5235.87,5327.65,5201.68,5293.09,0,2273.16
04-Sep-2012,5292.88,5326.9,5215.31,5249.04,0,3633.38
05-Sep-2012,5264.13,5300.32,5180.82,5216.68,0,2549.99
06-Sep-2012,5224.2,5293.02,5198.93,5267.55,0,1716.74
07-Sep-2012,5293.9,5326.37,5236.85,5269.16,0,2387.27
10-Sep-2012,5246.06,5376.67,5200.86,5330.74,0,3640.28
11-Sep-2012,5308.44,5350.42,5153.34,5194.42,0,3398.24
12-Sep-2012,5187.7,5215.37,5154.55,5182.18,0,3824.01
13-Sep-2012,5190.17,5205.01,5090.91,5105.5,0,2918.96
14-Sep-2012,5112.69,5176.36,5077.85,5141.33,0,1546.01
17-Sep-2012,5131.59,5151.76,5110.02,5130.19,0,4179.86
18-Sep-2012,5133.58,5173.9,5033.45,5073.29,0,5501.4
19-Sep-2012,5056.93,5097.25,4986.66,5026.74,0,2025.41
20-Sep-2012,5036.31,5087.44,5015.1,5066.1,0,1846.65
21-Sep-2012,5077.92,5132.64,4974.63,5028.82,0,2607.05
24-Sep-2012,5023.35,5138.45,4964.54,5078.99,0,3836.93
25-Sep-2012,5082.45,5156.99,5048.08,5122.34,0,3390.6
26-Sep-2012,5103.88,5106.53,5037.23,5039.85,0,6930.36
27-Sep-2012,5032.27,5084.67,4943.86,4995.88,0,3358.04
28-Sep-2012,4996.18,5024.63,4968.4,4996.85,0,2970.7
01-Oct-2012,4998.06,5023.81,4968.67,4994.4,0,4315.18
02-Oct-2012,4996.52,5078.06,4966.06,5047.29,0,1936.56
03-Oct-2012,5052.5,5066.83,5005.76,5020.0,0,3101.16
04-Oct-2012,5017.12,5048.99,4930.49,4962.01,0,2587.16
05-Oct-2012,4952.45,4973.53,4900.86,4921.81,0,2305.23
08-Oct-2012,4921.08,4963.2,4848.44,4890.3,0,1760.91
09-Oct-2012,4892.06,4944.72,4883.01,4935.6,0,3412.25
10-Oct-2012,4911.71,4937.56,4884.46,4910.3,0,2048.87
11-Oct-2012,4911.22,4939.88,4889.86,4918.49,0,2416.02
12-Oct-2012,4910.21,4961.28,4770.33,4820.46,0,3194.13
15-Oct-2012,4834.03,4890.67,4800.21,4856.69,0,6392.3
16-Oct-2012,4881.66,4929.9,4851.37,4899.5,0,2949.85
17-Oct-2012,4907.2,5012.85,4888.45,4993.78,0,1696.19
18-Oct-2012,4990.41,5087.48,4937.09,5033.69,0,2642.71
19-Oct-2012,5036.67,5069.37,4985.18,5017.76,0,3706.71
22-Oct-2012,5019.03,5026.81,5013.51,5021.29,0,2008.47
23-Oct-2012,5017.88,5053.7,4942.48,4978.01,0,2853.52
24-Oct-2012,4961.63,5014.93,4923.24,4976.43,0,5503.72
25-Oct-2012,4970.78,4979.0,4948.94,4957.14,0,2559.33
26-Oct-2012,4954.91,4964.24,4930.18,4939.48,0,1327.57
29-Oct-2012,4935.04,4958.33,4915.14,4938.41,0,4890.55
30-Oct-2012,4939.67,5028.07,4925.69,5013.87,0,1216.7
31-Oct-2012,5032.6,5080.29,4969.4,5016.94,0,3504.34
01-Nov-2012,5023.71,5050.38,4996.29,5022.95,0,5229.42
02-Nov-2012,5018.96,5110.08,5009.84,5100.8,0,1615.53
05-Nov-2012,5126.46,5173.87,5113.73,5161.05,0,2684.56
06-Nov-2012,5143.04,5187.91,5140.67,5185.53,0,3495.02
07-Nov-2012,5184.4,5216.13,5151.13,5182.85,0,2417.53
08-Nov-2012,5188.72,5211.28,5158.45,5180.97,0,4935.95
09-Nov-2012,5192.13,5222.68,5130.67,5161.04,0,3278.89
12-Nov-2012,5166.96,5207.62,5093.42,5133.82,0,2680.35
13-Nov-2012,5133.42,5156.41,5132.86,5155.85,0,3182.22
14-Nov-2012,5147.39,5187.22,5060.16,5099.62,0,2141.54
15-Nov-2012,5091.63,5228.6,5077.38,5214.01,0,3829.81
16-Nov-2012,5218.67,5245.13,5170.38,5196.73,0,2331.84
19-Nov-2012,5199.65,5238.26,5181.65,5220.18,0,2635.38
20-Nov-2012,5217.41,5219.93,5183.64,5186.15,0,4479.43
21-Nov-2012,5192.45,5212.71,5182.18,5202.42,0,3829.57
22-Nov-2012,5210.11,5270.08,5161.7,5221.56,0,5001.29
23-Nov-2012,5234.12,5263.49,5210.79,5240.13,0,2296.22
26-Nov-2012,5233.68,5251.59,5153.83,5171.54,0,1862.22
27-Nov-2012,5173.06,5173.45,5135.96,5136.34,0,6587.14
28-Nov-2012,5153.54,5190.76,5070.73,5107.62,0,2083.95
29-Nov-2012,5096.87,5198.56,5073.51,5174.84,0,1294.27
30-Nov-2012,5159.25,5313.19,5097.32,5250.17,0,2370.62
03-Dec-2012,5265.87,5274.8,5197.91,5206.74,0,3137.85
04-Dec-2012,5180.71,5229.59,5102.27,5150.87,0,3950.46
05-Dec-2012,5150.12,5242.53,5117.77,5209.8,0,2685.36
06-Dec-2012,5195.5,5314.97,5146.3,5265.11,0,3500.82
07-Dec-2012,5244.74,5277.45,5206.2,5238.88,0,1422.8
10-Dec-2012,5226.18,5269.52,5144.67,5187.69,0,2608.33
11-Dec-2012,5170.07,5194.41,5138.37,5162.68,0,4457.09
12-Dec-2012,5172.59,5221.82,5082.24,5131.07,0,3412.44
13-Dec-2012,5140.63,5187.2,5067.1,5113.42,0,3599.04
14-Dec-2012,5100.98,5228.14,5053.93,5180.35,0,3355.34
17-Dec-2012,5181.32,5238.28,5133.23,5190.1,0,2733.24
18-Dec-2012,5202.18,5225.07,5070.61,5093.02,0,3171.86
19-Dec-2012,5090.84,5139.56,5002.93,5051.27,0,3572.43
20-Dec-2012,5063.11,5096.72,5041.85,5075.41,0,4401.88
21-Dec-2012,5080.47,5119.12,5076.28,5114.91,0,2754.37
24-Dec-2012,5120.81,5139.04,5044.08,5062.1,0,6572.03
25-Dec-2012,5054.05,5104.5,4963.77,5013.81,0,1651.21
26-Dec-2012,5004.56,5025.21,4951.16,4971.69,0,2600.91
27-Dec-2012,4968.06,5032.08,4936.55,5000.36,0,5012.28
28-Dec-2012,4988.42,5004.72,4965.67,4981.95,0,1860.68
31-Dec-2012,4988.56,5010.81,4973.1,4995.33,0,2596.46
01-Jan-2013,4987.69,5044.11,4945.75,5002.06,0,2606.08
02-Jan-2013,5008.05,5038.04,4946.84,4976.64,0,1960.52
03-Jan-2013,4975.55,5041.49,4952.57,5018.31,0,1216.7
04-Jan-2013,5004.58,5149.35,4978.0,5122.13,0,2365.77
07-Jan-2013,5126.25,5194.65,5010.63,5078.39,0,1597.23
08-Jan-2013,5090.67,5202.48,5051.97,5163.23,0,2324.27
09-Jan-2013,5156.85,5193.33,5045.83,5081.77,0,1405.12
10-Jan-2013,5089.04,5100.6,5027.95,5039.4,0,2317.05
11-Jan-2013,5061.05,5092.32,5052.16,5083.39,0,2073.88
14-Jan-2013,5071.44,5152.88,5028.33,5109.45,0,5487.37
15-Jan-2013,5102.77,5185.87,4991.42,5074.05,0,4192.01
16-Jan-2013,5072.92,5160.9,5035.52,5123.13,0,2137.11
17-Jan-2013,5126.43,5162.98,5100.7,5137.19,0,2018.78
18-Jan-2013,5132.56,5174.71,5111.67,5153.74,0,1870.68
21-Jan-2013,5153.07,5188.36,5066.58,5101.52,0,3006.18
22-Jan-2013,5115.47,5136.86,5048.2,5069.4,0,3933.84
23-Jan-2013,5072.57,5093.31,5033.04,5053.7,0,1828.56
24-Jan-2013,5048.18,5084.24,4958.51,4994.18,0,3057.89
25-Jan-2013,5002.02,5036.98,4924.49,4959.15,0,4252.08
28-Jan-2013,4957.71,5052.59,4918.57,5013.02,0,5129.02
29-Jan-2013,5018.59,5044.21,4998.88,5024.48,0,1715.05
30-Jan-2013,5037.77,5165.18,4999.54,5126.27,0,3242.6
31-Jan-2013,5136.93,5184.63,5101.49,5149.11,0,3442.25
01-Feb-2013,5145.99,5183.57,5063.05,5100.3,0,3212.8
04-Feb-2013,5113.16,5123.44,5051.64,5061.81,0,3042.07
05-Feb-2013,5078.78,5112.28,4993.44,5026.6,0,3773.53
06-Feb-2013,5022.04,5078.56,4976.82,5033.24,0,1465.89
07-Feb-2013,5031.39,5141.38,5011.48,5121.11,0,2413.97
08-Feb-2013,5106.4,5137.11,5067.71,5098.37,0,2930.1
11-Feb-2013,5108.54,5124.61,5096.39,5112.45,0,1658.08
12-Feb-2013,5131.8,5205.21,5103.52,5176.68,0,4110.64
13-Feb-2013,5186.51,5229.26,5109.8,5152.27,0,2270.15
14-Feb-2013,5142.33,5178.25,5083.88,5119.64,0,4202.29
15-Feb-2013,5126.12,5257.99,5109.57,5241.07,0,3345.17
18-Feb-2013,5244.93,5304.39,5169.55,5228.83,0,3407.38
19-Feb-2013,5225.92,5281.68,5178.65,5234.34,0,2941.5
20-Feb-2013,5234.1,5274.15,5137.46,5177.07,0,2720.92
21-Feb-2013,5167.35,5194.21,5135.32,5162.15,0,1715.71
22-Feb-2013,5169.14,5225.02,5133.24,5188.98,0,4217.97
25-Feb-2013,5176.09,5208.19,5161.94,5193.99,0,3456.67
26-Feb-2013,5185.34,5225.57,5135.7,5175.86,0,2322.26
27-Feb-2013,5193.62,5244.29,5169.68,5220.24,0,1787.77
28-Feb-2013,5234.72,5293.15,5201.29,5259.56,0,5636.29
01-Mar-2013,5256.03,5287.35,5211.79,5243.03,0,3690.19
04-Mar-2013,5251.64,5295.33,5147.98,5191.16,0,2345.19
05-Mar-2013,5188.47,5214.82,5148.55,5174.82,0,1445.48
06-Mar-2013,5172.8,5195.32,5081.99,5104.21,0,5771.46
07-Mar-2013,5106.42,5114.13,5074.97,5082.65,0,3072.05
08-Mar-2013,5088.88,5115.01,4992.83,5018.6,0,1080.21
11-Mar-2013,5021.77,5046.61,4946.15,4970.74,0,2283.92
12-Mar-2013,4973.28,5021.28,4887.32,4934.95,0,5344.25
13-Mar-2013,4940.63,5006.8,4883.26,4949.33,0,2819.75
14-Mar-2013,4947.23,4988.46,4935.77,4976.93,0,1210.43
15-Mar-2013,4965.35,5068.42,4930.37,5032.96,0,1404.88
18-Mar-2013,5038.49,5039.2,4974.26,4974.95,0,3701.45
19-Mar-2013,4991.86,5073.97,4948.48,5030.26,0,2110.35
20-Mar-2013,5029.74,5079.15,5015.99,5065.31,0,1360.52
21-Mar-2013,5072.61,5083.45,5061.3,5072.14,0,3725.25
22-Mar-2013,5083.18,5171.94,5077.94,5166.62,0,2512.48
25-Mar-2013,5164.04,5231.75,5112.35,5179.9,0,1954.85
26-Mar-2013,5186.17,5234.05,5118.11,5165.81,0,1858.43
27-Mar-2013,5184.2,5260.06,5156.76,5232.36,0,1642.67
28-Mar-2013,5245.27,5386.9,5229.37,5370.63,0,2556.56
29-Mar-2013,5360.61,5395.09,5334.61,5369.06,0,1570.52
01-Apr-2013,5375.71,5486.47,5333.59,5443.81,0,1646.35
02-Apr-2013,5429.18,5482.37,5316.12,5368.72,0,3919.34
03-Apr-2013,5367.32,5424.92,5354.28,5411.77,0,8813.58
04-Apr-2013,5418.52,5452.64,5318.8,5352.51,0,3073.06
05-Apr-2013,5344.79,5373.61,5229.65,5258.0,0,1721.68
08-Apr-2013,5263.13,5286.32,5218.03,5241.13,0,2891.13
09-Apr-2013,5252.34,5292.8,5190.55,5230.85,0,2725.95
10-Apr-2013,5217.67,5276.66,5200.96,5259.81,0,2307.73
11-Apr-2013,5282.9,5330.02,5253.72,5300.75,0,2162.1
12-Apr-2013,5298.17,5332.93,5232.91,5267.46,0,5081.93
15-Apr-2013,5268.82,5345.1,5239.71,5315.74,0,4762.46
16-Apr-2013,5304.59,5322.71,5278.15,5296.24,0,1245.1
17-Apr-2013,5295.63,5298.81,5152.83,5155.93,0,3718.96
18-Apr-2013,5156.28,5190.24,5108.12,5141.99,0,3099.79
19-Apr-2013,5136.71,5262.93,5102.21,5227.82,0,2102.52
22-Apr-2013,5247.07,5293.01,5182.25,5228.01,0,2196.27
23-Apr-2013,5234.16,5293.77,5216.69,5276.16,0,4174.81
24-Apr-2013,5280.31,5317.14,5205.98,5242.55,0,3177.88
25-Apr-2013,5256.55,5267.56,5244.42,5255.42,0,4073.02
26-Apr-2013,5268.39,5331.22,5237.2,5299.84,0,3564.88
29-Apr-2013,5312.62,5346.6,5261.38,5295.25,0,6610.33
30-Apr-2013,5295.0,5473.49,5236.7,5413.88,0,2295.89
01-May-2013,5419.16,5477.61,5416.91,5475.33,0,3773.16
02-May-2013,5478.96,5523.19,5344.9,5388.39,0,5281.79
03-May-2013,5388.56,5401.07,5376.63,5389.14,0,3553.92
06-May-2013,5390.84,5411.0,5364.69,5384.82,0,2388.3
07-May-2013,5396.47,5503.83,5327.03,5433.91,0,1984.38
08-May-2013,5423.19,5440.99,5396.69,5414.46,0,3691.77
09-May-2013,5418.34,5461.25,5353.95,5396.68,0,2563.43
10-May-2013,5388.31,5477.09,5379.92,5468.58,0,5996.51
13-May-2013,5472.91,5500.45,5444.84,5472.38,0,2042.95
14-May-2013,5465.39,5484.49,5420.77,5439.78,0,3984.42
15-May-2013,5430.88,5505.49,5427.84,5502.41,0,1724.06
16-May-2013,5504.0,5626.56,5455.56,5577.46,0,2127.88
17-May-2013,5574.62,5608.68,5486.48,5520.2,0,4246.72
20-May-2013,5526.73,5556.19,5525.04,5554.48,0,3450.59
21-May-2013,5568.13,5575.6,5566.05,5573.51,0,2242.97
22-May-2013,5565.14,5635.33,5515.16,5585.18,0,4270.68
23-May-2013,5583.25,5619.71,5581.5,5617.95,0,4333.02
24-May-2013,5598.26,5662.55,5551.77,5615.92,0,2157.43
27-May-2013,5613.55,5730.03,5571.05,5686.98,0,3418.39
28-May-2013,5684.81,5742.64,5580.23,5637.58,0,2899.19
29-May-2013,5639.21,5677.24,5567.19,5604.99,0,5940.91
30-May-2013,5602.36,5665.37,5548.29,5611.21,0,2542.55
31-May-2013,5609.23,5743.89,5584.95,5719.14,0,3812.53
03-Jun-2013,5733.95,5776.28,5617.23,5659.01,0,1432.52
04-Jun-2013,5646.7,5726.8,5606.2,5686.02,0,4662.42
05-Jun-2013,5670.84,5706.96,5610.71,5646.67,0,1691.08
06-Jun-2013,5658.41,5717.6,5649.56,5708.67,0,1529.19
07-Jun-2013,5692.6,5779.1,5669.51,5755.75,0,3805.42
10-Jun-2013,5752.57,5881.91,5717.68,5846.44,0,3016.6
11-Jun-2013,5850.67,6031.59,5816.46,5996.52,0,5452.9
12-Jun-2013,6001.19,6156.49,5941.73,6096.1,0,1929.62
13-Jun-2013,6092.25,6134.44,5995.69,6037.5,0,5173.23
14-Jun-2013,6028.72,6120.34,5980.23,6071.51,0,4721.54
17-Jun-2013,6092.59,6235.27,6041.41,6183.32,0,2825.66
18-Jun-2013,6177.17,6222.61,6032.48,6077.19,0,2993.32
19-Jun-2013,6070.2,6141.3,6032.27,6103.16,0,5044.91
20-Jun-2013,6106.01,6149.95,6033.8,6077.54,0,3144.89
21-Jun-2013,6077.46,6112.12,5995.08,6029.47,0,4004.96
24-Jun-2013,6021.82,6180.28,5981.26,6138.93,0,3791.53
25-Jun-2013,6130.92,6172.89,6113.46,6155.36,0,3173.97
26-Jun-2013,6154.01,6188.06,6088.57,6122.44,0,3370.41
27-Jun-2013,6149.01,6205.6,6095.37,6151.93,0,5283.86
28-Jun-2013,6155.63,6248.25,6098.79,6191.08,0,7400.68
01-Jul-2013,6184.89,6209.56,6029.54,6053.68,0,3795.13
02-Jul-2013,6065.19,6089.24,6015.08,6039.03,0,2364.0
03-Jul-2013,6033.06,6121.8,6010.57,6099.07,0,2859.59
04-Jul-2013,6117.36,6159.89,5978.84,6020.7,0,4304.87
05-Jul-2013,6014.47,6055.97,5880.26,5921.12,0,1542.3
08-Jul-2013,5918.28,5935.85,5891.88,5909.42,0,5207.71
09-Jul-2013,5894.58,5937.93,5878.48,5921.76,0,1678.07
10-Jul-2013,5933.82,5987.3,5905.77,5959.13,0,3272.05
11-Jul-2013,5983.09,6108.76,5920.89,6045.9,0,2321.74
12-Jul-2013,6032.88,6102.38,5960.38,6029.84,0,1102.05
15-Jul-2013,6021.64,6037.56,5870.55,5886.12,0,3487.79
16-Jul-2013,5887.71,6052.77,5845.32,6009.5,0,4743.06
17-Jul-2013,6016.95,6107.65,5959.97,6050.35,0,1808.06
18-Jul-2013,6046.45,6062.66,6029.02,6045.23,0,3853.69
19-Jul-2013,6059.63,6115.51,6029.55,6085.3,0,3453.34
22-Jul-2013,6081.42,6088.86,6000.46,6007.8,0,5267.34
23-Jul-2013,6016.77,6098.64,5998.8,6080.48,0,3693.21
24-Jul-2013,6094.82,6156.81,6061.46,6123.29,0,3150.62
25-Jul-2013,6127.57,6195.23,6095.68,6163.15,0,2671.21
26-Jul-2013,6159.2,6226.1,6083.27,6150.07,0,2178.38
29-Jul-2013,6153.66,6174.59,6053.61,6074.26,0,1769.34
30-Jul-2013,6077.83,6266.14,6014.85,6201.87,0,3342.95
31-Jul-2013,6187.62,6294.08,6136.8,6242.81,0,2240.11
01-Aug-2013,6236.12,6264.24,6167.31,6195.25,0,3204.36
02-Aug-2013,6201.18,6233.28,6188.83,6220.89,0,4717.91
05-Aug-2013,6222.88,6274.45,6058.61,6109.23,0,3033.48
06-Aug-2013,6109.73,6224.11,6078.24,6192.19,0,2961.02
07-Aug-2013,6182.29,6209.16,6068.17,6094.66,0,3170.21
08-Aug-2013,6086.89,6142.92,6048.23,6104.15,0,2111.97
09-Aug-2013,6095.61,6213.86,6094.34,6212.56,0,2170.52
12-Aug-2013,6218.88,6281.42,6172.45,6234.87,0,5286.14
13-Aug-2013,6232.33,6267.31,6197.9,6232.88,0,2630.99
14-Aug-2013,6251.5,6266.96,6143.59,6158.82,0,2705.15
15-Aug-2013,6159.71,6267.0,6088.41,6195.29,0,2314.81
16-Aug-2013,6205.14,6291.46,6146.19,6232.25,0,2614.2
19-Aug-2013,6204.35,6272.97,6179.32,6247.76,0,3011.28
20-Aug-2013,6261.15,6352.76,6228.24,6319.55,0,2162.62
21-Aug-2013,6321.36,6496.98,6268.87,6443.48,0,2846.6
22-Aug-2013,6448.65,6616.52,6399.19,6566.16,0,5388.75
23-Aug-2013,6574.76,6603.57,6529.38,6558.12,0,2475.69
26-Aug-2013,6570.37,6615.13,6542.6,6587.29,0,3134.38
27-Aug-2013,6575.01,6630.42,6549.31,6604.6,0,1411.82
28-Aug-2013,6573.47,6706.83,6546.26,6679.18,0,3448.05
29-Aug-2013,6675.66,6749.58,6641.86,6715.57,0,5260.97
30-Aug-2013,6699.96,6795.68,6636.04,6731.46,0,5689.3
02-Sep-2013,6733.61,6787.22,6665.3,6718.79,0,3649.96
03-Sep-2013,6737.73,6906.39,6695.96,6863.84,0,4340.99
04-Sep-2013,6852.12,7004.27,6814.75,6966.27,0,1665.91
05-Sep-2013,6943.69,6985.92,6859.09,6901.06,0,2586.39
06-Sep-2013,6900.37,6939.81,6886.63,6926.03,0,2118.19
09-Sep-2013,6928.74,7017.64,6907.65,6996.34,0,2146.08
10-Sep-2013,7002.31,7044.39,6901.91,6943.64,0,4346.02
11-Sep-2013,6965.72,7130.09,6907.85,7071.34,0,2051.65
12-Sep-2013,7047.71,7104.79,6967.54,7024.44,0,2133.34
13-Sep-2013,7024.24,7085.23,6910.27,6970.8,0,4075.11
16-Sep-2013,6971.06,7112.99,6906.6,7047.82,0,2288.75
17-Sep-2013,7029.0,7089.67,7019.35,7079.95,0,2548.77
18-Sep-2013,7092.68,7116.06,6990.55,7013.67,0,1616.26
19-Sep-2013,7036.51,7100.33,6861.94,6924.75,0,2020.62
20-Sep-2013,6920.8,7016.69,6875.41,6970.97,0,2887.24
23-Sep-2013,6967.66,7076.68,6920.83,7029.43,0,4005.71
24-Sep-2013,7044.91,7074.67,6950.96,6980.45,0,3958.0
25-Sep-2013,6970.27,6991.89,6967.87,6989.48,0,3704.86
26-Sep-2013,7005.71,7048.28,7001.79,7044.34,0,1703.22
27-Sep-2013,7038.19,7069.9,6976.06,7007.64,0,4495.63
30-Sep-2013,6992.18,7029.55,6972.92,7010.25,0,3857.66
01-Oct-2013,7023.6,7105.19,6949.42,7030.94,0,5593.69
02-Oct-2013,7043.43,7096.31,6996.42,7049.26,0,4889.8
03-Oct-2013,7036.84,7080.97,6975.89,7019.91,0,2595.73
04-Oct-2013,7028.88,7107.01,6883.46,6960.84,0,2404.5
07-Oct-2013,6971.19,7085.29,6930.05,7043.73,0,2390.21
08-Oct-2013,7049.74,7060.61,6951.47,6962.2,0,2249.46
09-Oct-2013,6979.11,7028.54,6903.42,6952.66,0,12538.95
10-Oct-2013,6939.33,7119.91,6893.89,7073.59,0,2447.64
11-Oct-2013,7066.88,7097.16,7009.57,7039.74,0,2666.07
14-Oct-2013,7037.99,7095.29,6934.53,6991.44,0,2014.07
15-Oct-2013,6975.65,7074.23,6929.53,7027.77,0,3901.67
16-Oct-2013,7010.1,7050.61,6995.67,7036.13,0,10021.47
17-Oct-2013,7035.58,7083.13,6870.66,6917.42,0,3988.14
18-Oct-2013,6936.6,6947.75,6812.63,6823.6,0,5692.26
21-Oct-2013,6836.87,6918.24,6755.08,6836.45,0,3333.79
22-Oct-2013,6834.57,6863.71,6749.6,6778.5,0,1620.47
23-Oct-2013,6772.98,6813.73,6738.67,6779.39,0,4369.82
24-Oct-2013,6776.75,6867.24,6720.4,6810.6,0,3173.53
25-Oct-2013,6797.71,6891.85,6778.02,6871.94,0,3890.87
28-Oct-2013,6865.51,6908.01,6824.46,6866.95,0,4033.11
29-Oct-2013,6856.56,6862.24,6823.92,6829.57,0,3472.19
30-Oct-2013,6839.56,6866.31,6658.32,6684.46,0,4212.26
31-Oct-2013,6681.19,6720.82,6651.91,6691.5,0,2860.36
01-Nov-2013,6697.92,6783.99,6637.22,6723.06,0,4452.6
04-Nov-2013,6735.84,6769.29,6725.96,6759.38,0,3753.72
05-Nov-2013,6766.18,6859.31,6738.41,6831.28,0,6173.66
06-Nov-2013,6819.84,6868.11,6758.62,6806.79,0,1808.51
07-Nov-2013,6784.55,6890.25,6713.68,6819.02,0,2827.63
08-Nov-2013,6798.61,6815.66,6749.6,6766.56,0,3524.96
11-Nov-2013,6774.07,6826.66,6715.6,6768.15,0,1253.93
12-Nov-2013,6756.08,6780.5,6659.83,6683.99,0,2624.16
13-Nov-2013,6681.15,6742.42,6662.74,6723.89,0,3971.24
14-Nov-2013,6733.9,6803.31,6710.56,6779.81,0,2538.82
15-Nov-2013,6782.47,6806.12,6699.56,6722.99,0,2280.26
18-Nov-2013,6704.95,6761.07,6614.03,6669.85,0,2976.16
19-Nov-2013,6661.81,6772.11,6619.53,6729.4,0,2344.87
20-Nov-2013,6707.94,6863.81,6667.64,6822.82,0,3024.24
21-Nov-2013,6800.92,6858.97,6722.94,6780.82,0,4412.72
22-Nov-2013,6798.01,6871.23,6682.74,6755.5,0,3460.56
25-Nov-2013,6786.15,6821.9,6735.02,6770.69,0,2337.42
26-Nov-2013,6802.68,6856.64,6699.28,6752.85,0,2400.16
27-Nov-2013,6743.71,6804.69,6671.7,6732.59,0,4642.13
28-Nov-2013,6720.93,6801.28,6671.51,6751.64,0,1472.31
29-Nov-2013,6739.59,6830.93,6700.79,6791.83,0,2081.06
02-Dec-2013,6814.81,6860.33,6763.66,6809.13,0,1498.82
03-Dec-2013,6799.39,6916.25,6759.46,6875.86,0,3163.95
04-Dec-2013,6855.6,6947.78,6803.83,6895.71,0,4399.98
05-Dec-2013,6881.4,6931.51,6745.24,6794.71,0,2238.9
06-Dec-2013,6800.45,6841.72,6726.62,6767.69,0,2428.1
09-Dec-2013,6771.85,6823.16,6730.62,6781.87,0,3053.53
10-Dec-2013,6771.79,6912.78,6715.86,6856.15,0,1104.29
11-Dec-2013,6860.55,6952.53,6817.27,6908.95,0,4060.04
12-Dec-2013,6878.68,7030.36,6857.08,7008.35,0,1957.01
13-Dec-2013,7012.37,7024.86,6988.19,7000.66,0,1366.86
16-Dec-2013,7012.46,7071.89,6955.13,7014.54,0,1890.94
17-Dec-2013,7019.89,7145.46,6974.68,7099.74,0,2338.29
18-Dec-2013,7103.94,7130.92,7076.01,7102.98,0,2142.13
19-Dec-2013,7102.59,7150.64,7049.8,7097.83,0,5936.24
20-Dec-2013,7125.97,7176.06,7020.97,7070.67,0,1561.93
23-Dec-2013,7060.59,7160.75,6997.22,7097.04,0,2839.42
24-Dec-2013,7077.34,7229.21,7039.59,7190.85,0,3685.64
25-Dec-2013,7198.69,7238.05,7136.86,7176.1,0,2286.94
26-Dec-2013,7170.68,7180.63,7170.01,7179.97,0,4311.44
27-Dec-2013,7176.83,7198.54,7163.8,7185.5,0,2899.92
30-Dec-2013,7172.61,7284.53,7088.49,7200.09,0,3885.6
31-Dec-2013,7199.0,7238.65,7087.13,7126.37,0,1573.36
01-Jan-2014,7127.48,7199.41,7065.42,7137.27,0,1898.1
02-Jan-2014,7134.68,7282.18,7079.87,7226.66,0,1640.86
03-Jan-2014,7207.54,7315.22,7193.7,7301.19,0,3582.58
06-Jan-2014,7290.04,7328.37,7181.16,7219.11,0,2461.41
07-Jan-2014,7232.44,7379.06,7169.88,7315.78,0,2862.86
08-Jan-2014,7316.96,7397.98,7214.61,7295.39,0,2764.25
09-Jan-2014,7287.78,7521.25,7225.78,7457.8,0,2089.7
10-Jan-2014,7441.61,7545.89,7397.7,7501.63,0,4219.34
13-Jan-2014,7518.89,7588.16,7423.01,7492.03,0,1642.65
14-Jan-2014,7482.98,7595.8,7429.07,7541.47,0,3042.89
15-Jan-2014,7531.16,7578.31,7457.11,7504.09,0,3126.49
16-Jan-2014,7505.77,7557.39,7431.79,7483.25,0,1841.28
17-Jan-2014,7476.19,7516.47,7444.84,7485.08,0,3375.75
20-Jan-2014,7479.77,7539.41,7402.37,7461.87,0,3613.0
21-Jan-2014,7476.37,7556.57,7303.83,7383.02,0,3222.31
22-Jan-2014,7383.27,7485.63,7303.58,7405.7,0,1908.17
23-Jan-2014,7411.72,7463.59,7386.16,7437.94,0,2022.08
24-Jan-2014,7396.93,7429.76,7375.54,7408.33,0,1184.84
27-Jan-2014,7423.96,7502.93,7369.22,7448.01,0,5500.5
28-Jan-2014,7475.23,7517.63,7365.42,7407.44,0,2808.23
29-Jan-2014,7435.12,7496.72,7414.3,7475.79,0,4874.55
30-Jan-2014,7489.72,7533.66,7442.64,7486.56,0,3092.66
31-Jan-2014,7487.99,7513.87,7447.02,7472.85,0,1492.77
03-Feb-2014,7498.08,7540.87,7455.03,7497.82,0,2792.0
04-Feb-2014,7475.89,7531.08,7320.18,7374.62,0,2809.96
05-Feb-2014,7392.41,7505.36,7362.4,7475.02,0,3861.52
06-Feb-2014,7484.26,7506.94,7398.4,7420.89,0,5749.5
07-Feb-2014,7433.34,7483.7,7388.2,7438.52,0,3476.26
10-Feb-2014,7452.02,7564.62,7411.81,7524.03,0,3941.01
11-Feb-2014,7518.13,7549.79,7393.18,7424.45,0,2272.73
12-Feb-2014,7421.14,7488.7,7306.68,7373.81,0,6940.2
13-Feb-2014,7416.38,7444.48,7393.28,7421.37,0,2410.24
14-Feb-2014,7412.47,7470.99,7355.42,7413.93,0,1464.87
17-Feb-2014,7412.6,7461.06,7392.83,7441.21,0,4468.56
18-Feb-2014,7441.86,7478.21,7381.07,7417.3,0,3183.2
19-Feb-2014,7392.41,7513.23,7379.04,7499.67,0,5582.33
20-Feb-2014,7509.74,7592.36,7362.14,7444.03,0,2185.99
21-Feb-2014,7444.98,7509.07,7343.19,7406.96,0,1728.11
24-Feb-2014,7394.52,7478.9,7285.88,7369.98,0,1658.63
25-Feb-2014,7363.28,7618.48,7355.8,7610.75,0,1979.74
26-Feb-2014,7611.35,7709.96,7327.77,7423.96,0,4239.8
27-Feb-2014,7407.99,7624.39,7357.04,7572.31,0,1971.36
28-Feb-2014,7582.41,7652.01,7517.42,7586.98,0,6588.02
03-Mar-2014,7592.18,7639.1,7492.81,7539.4,0,1212.02
04-Mar-2014,7540.15,7599.85,7516.23,7575.81,0,3416.86
05-Mar-2014,7559.67,7638.42,7386.85,7464.61,0,2230.36
06-Mar-2014,7476.89,7543.04,7361.87,7427.59,0,6007.07
07-Mar-2014,7463.8,7514.59,7327.49,7377.69,0,2291.39
10-Mar-2014,7395.94,7444.03,7365.09,7413.1,0,1825.9
11-Mar-2014,7422.04,7523.91,7370.85,7472.37,0,3524.81
12-Mar-2014,7483.81,7545.2,7410.08,7471.36,0,1622.5
13-Mar-2014,7476.68,7617.98,7414.93,7555.58,0,1657.73
14-Mar-2014,7518.92,7672.5,7487.21,7640.28,0,2947.06
17-Mar-2014,7645.45,7657.31,7497.48,7509.13,0,4212.64
18-Mar-2014,7496.55,7530.85,7408.18,7442.24,0,3267.17
19-Mar-2014,7459.62,7553.47,7425.37,7518.95,0,5248.64
20-Mar-2014,7498.76,7522.05,7444.4,7467.59,0,4803.19
21-Mar-2014,7445.11,7543.77,7402.97,7501.32,0,1869.2
24-Mar-2014,7497.86,7542.52,7471.46,7516.05,0,2146.68
25-Mar-2014,7519.8,7636.38,7501.6,7617.93,0,2692.0
26-Mar-2014,7576.17,7626.23,7515.79,7565.77,0,2214.07
27-Mar-2014,7551.73,7607.77,7516.83,7572.77,0,2003.19
28-Mar-2014,7547.92,7560.02,7532.92,7545.01,0,3957.66
31-Mar-2014,7574.28,7623.4,7453.68,7502.33,0,3089.42
01-Apr-2014,7511.45,7689.61,7413.8,7590.92,0,3314.88
02-Apr-2014,7600.0,7611.46,7465.43,7476.7,0,2319.78
03-Apr-2014,7496.72,7512.32,7387.41,7402.82,0,5961.69
04-Apr-2014,7393.43,7449.52,7211.14,7266.27,0,4505.42
07-Apr-2014,7268.85,7340.53,7268.82,7340.5,0,2480.96
08-Apr-2014,7350.96,7393.79,7243.5,7285.95,0,3744.86
09-Apr-2014,7274.98,7328.44,7171.28,7224.37,0,2386.54
10-Apr-2014,7220.7,7294.58,7174.74,7248.44,0,3394.14
11-Apr-2014,7260.03,7285.24,7189.35,7214.41,0,2521.23
14-Apr-2014,7202.08,7333.66,7161.26,7292.33,0,3518.1
15-Apr-2014,7305.62,7385.8,7268.26,7348.23,0,3104.91
16-Apr-2014,7348.42,7368.7,7326.94,7347.21,0,3535.66
17-Apr-2014,7349.17,7436.8,7307.21,7394.58,0,4479.99
18-Apr-2014,7402.19,7443.84,7231.66,7272.58,0,1478.86
21-Apr-2014,7287.74,7313.9,7219.85,7245.85,0,2674.06
22-Apr-2014,7281.72,7355.25,7186.12,7259.43,0,2880.68
23-Apr-2014,7279.06,7304.62,7246.89,7272.43,0,3065.52
24-Apr-2014,7271.92,7339.99,7248.84,7316.77,0,7412.7
25-Apr-2014,7322.14,7379.45,7267.76,7325.05,0,3680.84
28-Apr-2014,7313.31,7385.8,7222.86,7295.17,0,1379.93
29-Apr-2014,7286.17,7333.04,7224.21,7270.98,0,1946.41
30-Apr-2014,7281.15,7370.81,7249.48,7338.89,0,3767.55
01-May-2014,7359.28,7422.62,7327.3,7390.5,0,3107.4
02-May-2014,7390.6,7573.84,7350.1,7532.57,0,2906.66
05-May-2014,7527.46,7554.43,7491.84,7518.78,0,4492.69
06-May-2014,7546.08,7622.68,7382.41,7458.11,0,2402.12
07-May-2014,7454.85,7483.8,7350.52,7379.18,0,1398.39
08-May-2014,7360.98,7457.76,7334.82,7431.34,0,3434.69
09-May-2014,7428.09,7474.53,7309.45,7355.43,0,2644.54
12-May-2014,7350.72,7392.38,7264.92,7306.33,0,2437.4
13-May-2014,7312.18,7533.94,7274.41,7495.22,0,5298.15
14-May-2014,7474.4,7578.66,7457.29,7561.35,0,3831.76
15-May-2014,7572.0,7623.17,7548.46,7599.54,0,2442.69
16-May-2014,7598.58,7766.54,7535.94,7703.05,0,3491.88
19-May-2014,7682.78,7700.92,7540.58,7558.43,0,4768.78
20-May-2014,7576.49,7635.23,7445.28,7503.45,0,4401.47
21-May-2014,7518.09,7594.1,7454.5,7530.41,0,3074.99
22-May-2014,7534.8,7572.79,7489.18,7527.13,0,3290.87
23-May-2014,7528.62,7663.56,7453.22,7587.56,0,2088.74
26-May-2014,7569.76,7618.06,7539.45,7587.68,0,4564.6
27-May-2014,7547.59,7616.3,7514.62,7583.17,0,2855.41
28-May-2014,7586.4,7625.81,7470.66,7509.67,0,3120.44
29-May-2014,7536.94,7554.47,7473.63,7491.05,0,2945.56
30-May-2014,7494.0,7568.63,7322.46,7396.12,0,2816.89
02-Jun-2014,7417.89,7519.5,7386.19,7487.51,0,4083.47
03-Jun-2014,7492.44,7537.04,7388.28,7432.52,0,1832.82
04-Jun-2014,7431.98,7536.72,7389.35,7493.74,0,3220.7
05-Jun-2014,7473.41,7537.7,7291.97,7355.25,0,4895.65
06-Jun-2014,7355.76,7446.22,7276.87,7367.21,0,2075.18
09-Jun-2014,7351.16,7507.93,7321.71,7477.97,0,2600.2
10-Jun-2014,7480.14,7628.77,7444.65,7592.76,0,2369.79
11-Jun-2014,7589.67,7692.33,7515.54,7617.93,0,4178.35
12-Jun-2014,7637.41,7703.73,7593.83,7660.03,0,2677.16
13-Jun-2014,7633.22,7807.12,7567.64,7740.62,0,4739.82
16-Jun-2014,7723.09,7812.42,7677.45,7766.52,0,5070.84
17-Jun-2014,7756.95,7871.73,7703.37,7817.73,0,6214.67
18-Jun-2014,7817.59,7920.26,7736.61,7839.06,0,2004.39
19-Jun-2014,7846.17,7867.38,7844.09,7865.3,0,2490.22
20-Jun-2014,7864.05,7935.11,7766.53,7837.35,0,2700.7
23-Jun-2014,7839.06,7910.76,7752.6,7824.17,0,3222.45
24-Jun-2014,7831.29,7902.31,7708.54,7779.09,0,4233.48
25-Jun-2014,7802.38,7869.79,7678.4,7745.32,0,2427.74
26-Jun-2014,7750.66,7936.82,7685.36,7870.51,0,7079.42
27-Jun-2014,7855.86,7979.41,7853.74,7977.26,0,4772.12
30-Jun-2014,7978.9,7988.53,7904.0,7913.55,0,3392.16
01-Jul-2014,7927.52,7991.33,7827.4,7890.92,0,3522.21
02-Jul-2014,7894.88,7945.6,7837.42,7888.1,0,3636.53
03-Jul-2014,7897.54,7918.22,7858.58,7879.22,0,2276.41
04-Jul-2014,7883.27,7931.84,7706.3,7754.07,0,2073.0
07-Jul-2014,7781.58,7801.32,7711.96,7731.58,0,5858.49
08-Jul-2014,7705.64,7823.69,7660.25,7777.87,0,3222.19
09-Jul-2014,7791.13,7841.14,7643.46,7692.85,0,2765.4
10-Jul-2014,7693.23,7771.79,7648.81,7727.17,0,3312.1
11-Jul-2014,7753.05,7772.25,7640.79,7659.75,0,2951.38
14-Jul-2014,7630.46,7751.91,7582.75,7703.75,0,3430.21
15-Jul-2014,7684.88,7711.83,7603.37,7630.14,0,2321.35
16-Jul-2014,7629.75,7744.8,7592.75,7707.42,0,2342.67
17-Jul-2014,7700.42,7788.73,7658.1,7746.16,0,2766.33
18-Jul-2014,7744.65,7893.59,7707.96,7856.37,0,2189.44
21-Jul-2014,7862.54,7914.91,7669.52,7720.95,0,2415.35
22-Jul-2014,7726.15,7760.34,7681.33,7715.47,0,2247.6
23-Jul-2014,7695.97,7723.54,7621.2,7648.6,0,5048.72
24-Jul-2014,7636.68,7714.99,7500.75,7578.47,0,2960.8
25-Jul-2014,7578.68,7779.56,7521.99,7721.79,0,5641.4
28-Jul-2014,7748.88,7820.6,7708.92,7780.48,0,1539.19
29-Jul-2014,7766.4,7809.7,7643.41,7686.26,0,1861.39
30-Jul-2014,7687.5,7740.31,7632.11,7684.91,0,3945.28
31-Jul-2014,7699.87,7769.21,7530.97,7599.41,0,2967.33
01-Aug-2014,7604.23,7679.45,7539.8,7614.93,0,1772.42
04-Aug-2014,7602.16,7710.41,7544.7,7652.58,0,1961.91
05-Aug-2014,7627.09,7680.78,7525.5,7578.85,0,4049.09
06-Aug-2014,7594.94,7746.02,7503.95,7654.32,0,5150.77
07-Aug-2014,7653.17,7682.13,7561.21,7589.93,0,3420.5
08-Aug-2014,7635.25,7804.5,7581.47,7749.91,0,2281.07
11-Aug-2014,7725.18,7926.1,7635.25,7834.89,0,2533.46
12-Aug-2014,7834.69,7952.59,7770.53,7887.99,0,2046.0
13-Aug-2014,7874.6,7919.32,7852.79,7897.45,0,6332.16
14-Aug-2014,7864.64,7948.87,7772.09,7856.23,0,3029.3
15-Aug-2014,7851.97,7913.24,7808.79,7869.96,0,3123.44
18-Aug-2014,7861.37,7953.51,7758.32,7850.33,0,3617.62
19-Aug-2014,7857.7,7877.86,7818.3,7838.41,0,7603.72
20-Aug-2014,7851.64,7904.42,7779.78,7832.43,0,3214.22
21-Aug-2014,7849.49,7872.7,7745.3,7768.27,0,2443.02
22-Aug-2014,7758.06,7822.36,7726.85,7791.02,0,4421.94
25-Aug-2014,7793.13,7975.69,7711.39,7892.9,0,1097.8
26-Aug-2014,7906.15,7969.39,7871.4,7934.52,0,2644.42
27-Aug-2014,7934.57,8055.42,7885.34,8005.74,0,2869.35
28-Aug-2014,7994.9,8048.83,7918.75,7972.53,0,2296.27
29-Aug-2014,7931.79,7970.21,7872.39,7910.71,0,3012.27
01-Sep-2014,7882.76,8156.25,7828.21,8100.19,0,6045.19
02-Sep-2014,8105.61,8204.33,8075.67,8174.14,0,2367.12
03-Sep-2014,8169.97,8225.1,8097.26,8152.26,0,2618.34
04-Sep-2014,8169.17,8230.61,8073.08,8134.26,0,2107.47
05-Sep-2014,8097.73,8151.22,8061.13,8114.55,0,2265.37
08-Sep-2014,8115.11,8202.48,8048.12,8135.32,0,3376.9
09-Sep-2014,8144.76,8174.37,8094.42,8123.96,0,2549.15
10-Sep-2014,8152.16,8227.21,8099.09,8173.99,0,1771.99
11-Sep-2014,8182.09,8216.08,7996.59,8029.94,0,6501.1
12-Sep-2014,8037.28,8065.1,7960.22,7987.88,0,2817.9
15-Sep-2014,8007.35,8088.69,7904.45,7985.57,0,4006.33
16-Sep-2014,7960.78,7982.51,7888.98,7910.56,0,1998.4
17-Sep-2014,7910.22,7987.37,7792.99,7869.74,0,2304.18
18-Sep-2014,7856.74,7935.22,7715.33,7793.18,0,8989.89
19-Sep-2014,7796.17,7866.26,7643.42,7712.75,0,3534.67
22-Sep-2014,7694.25,7810.57,7612.38,7728.34,0,3748.71
23-Sep-2014,7704.13,7754.57,7668.08,7718.44,0,3067.22
24-Sep-2014,7714.81,7775.83,7650.24,7711.23,0,2328.61
25-Sep-2014,7710.66,7775.16,7593.85,7657.9,0,1584.03
26-Sep-2014,7666.13,7718.32,7606.8,7658.94,0,1739.03
29-Sep-2014,7656.7,7719.78,7532.45,7595.02,0,1370.16
30-Sep-2014,7608.02,7684.62,7537.9,7614.43,0,1810.63
01-Oct-2014,7642.36,7687.2,7567.17,7611.84,0,2339.54
02-Oct-2014,7608.57,7677.11,7524.74,7593.15,0,2418.36
03-Oct-2014,7614.91,7643.61,7583.34,7612.02,0,3161.02
06-Oct-2014,7618.09,7665.47,7563.43,7610.76,0,2377.66
07-Oct-2014,7607.03,7683.9,7471.86,7548.13,0,3717.54
08-Oct-2014,7574.66,7680.61,7548.24,7653.92,0,4295.48
09-Oct-2014,7655.03,7666.72,7646.96,7658.65,0,2250.9
10-Oct-2014,7675.31,7717.47,7654.77,7696.87,0,2337.51
13-Oct-2014,7732.53,7812.44,7564.43,7643.42,0,4073.66
14-Oct-2014,7648.11,7890.38,7575.33,7816.01,0,1790.83
15-Oct-2014,7812.24,7899.29,7753.36,7840.19,0,2937.28
16-Oct-2014,7866.73,7966.19,7799.52,7898.71,0,4229.21
17-Oct-2014,7911.88,7921.14,7881.28,7890.51,0,3893.51
20-Oct-2014,7877.17,8062.62,7807.14,7991.57,0,1577.14
21-Oct-2014,7989.65,8060.11,7982.78,8053.18,0,3645.33
22-Oct-2014,8056.74,8147.43,8049.37,8139.98,0,5352.39
23-Oct-2014,8141.43,8278.57,8078.24,8214.81,0,3058.64
24-Oct-2014,8210.99,8270.49,8195.1,8254.52,0,4239.86
27-Oct-2014,8234.98,8338.89,8178.75,8282.34,0,2395.6
28-Oct-2014,8292.78,8331.63,8182.1,8220.61,0,4787.78
29-Oct-2014,8248.19,8326.86,8238.88,8317.48,0,2716.42
30-Oct-2014,8314.21,8685.44,8252.01,8620.95,0,3736.68
31-Oct-2014,8619.4,8680.41,8534.59,8595.44,0,2779.24
03-Nov-2014,8588.17,8718.26,8535.57,8665.18,0,2892.86
04-Nov-2014,8704.13,8759.1,8643.16,8698.09,0,1756.04
05-Nov-2014,8705.63,8769.23,8657.17,8720.68,0,4920.43
06-Nov-2014,8737.68,8974.85,8677.44,8913.4,0,3002.34
07-Nov-2014,8915.58,9006.94,8836.51,8927.77,0,2626.56
10-Nov-2014,8936.13,9062.06,8853.77,8979.3,0,2720.1
11-Nov-2014,8984.97,9056.36,8913.59,8984.98,0,2552.31
12-Nov-2014,9000.87,9036.49,8924.87,8960.34,0,2967.85
13-Nov-2014,8957.23,9022.47,8898.53,8963.73,0,3339.59
14-Nov-2014,8975.02,9092.53,8792.88,8909.52,0,3847.73
17-Nov-2014,8896.18,9048.03,8855.05,9006.4,0,2037.07
18-Nov-2014,9008.89,9044.88,9000.43,9036.39,0,3356.85
19-Nov-2014,9039.42,9167.12,8960.95,9088.23,0,1940.75
20-Nov-2014,9097.16,9292.02,8991.09,9184.93,0,4013.85
21-Nov-2014,9165.61,9376.16,9114.02,9323.68,0,3734.19
24-Nov-2014,9302.51,9319.58,9234.68,9251.66,0,3382.61
25-Nov-2014,9241.37,9273.85,9138.62,9170.84,0,2409.09
26-Nov-2014,9177.98,9290.63,9008.52,9120.46,0,4079.23
27-Nov-2014,9144.09,9242.99,9116.99,9215.68,0,1370.57
28-Nov-2014,9229.41,9365.62,9140.98,9276.74,0,1774.47
01-Dec-2014,9271.02,9324.85,9251.93,9305.69,0,2308.97
02-Dec-2014,9293.37,9421.2,9222.95,9350.36,0,5124.2
03-Dec-2014,9344.63,9389.19,9234.34,9278.59,0,3732.32
04-Dec-2014,9317.06,9335.63,9247.46,9265.93,0,4268.27
05-Dec-2014,9292.51,9357.5,9235.32,9300.26,0,3098.83
08-Dec-2014,9291.76,9469.47,9282.29,9459.83,0,2060.68
09-Dec-2014,9431.39,9573.44,9354.32,9495.84,0,2218.08
10-Dec-2014,9520.54,9574.87,9466.25,9520.58,0,1485.08
11-Dec-2014,9523.49,9700.98,9396.35,9573.18,0,2433.0
12-Dec-2014,9586.05,9659.01,9507.65,9580.57,0,2727.82
15-Dec-2014,9565.2,9746.08,9490.43,9670.49,0,2880.26
16-Dec-2014,9716.19,9850.62,9665.18,9799.18,0,3153.37
17-Dec-2014,9823.1,9879.79,9637.93,9693.88,0,3327.33
18-Dec-2014,9658.14,9740.88,9626.89,9709.47,0,4140.56
19-Dec-2014,9683.5,9755.63,9625.73,9697.78,0,4256.88
22-Dec-2014,9703.73,9768.1,9495.54,9558.94,0,2528.0
23-Dec-2014,9562.65,9699.73,9469.92,9606.57,0,6875.2
24-Dec-2014,9595.19,9875.35,9526.37,9805.02,0,5727.49
25-Dec-2014,9798.8,9958.28,9713.65,9872.49,0,4847.22
26-Dec-2014,9902.17,10075.84,9836.76,10009.72,0,4284.12
29-Dec-2014,10015.92,10208.25,10002.87,10194.97,0,1258.55
30-Dec-2014,10179.31,10256.63,10083.48,10160.66,0,3977.72
31-Dec-2014,10143.49,10326.49,9987.47,10170.06,0,2463.95
01-Jan-2015,10149.31,10232.32,10132.5,10215.39,0,4057.78
02-Jan-2015,10193.08,10263.97,10185.44,10256.29,0,1891.65
05-Jan-2015,10241.22,10333.4,10051.2,10142.49,0,3512.9
06-Jan-2015,10150.11,10271.01,10036.1,10156.92,0,2413.41
07-Jan-2015,10175.72,10416.34,10090.91,10330.25,0,1642.98
08-Jan-2015,10299.61,10446.88,10254.71,10401.53,0,3472.34
09-Jan-2015,10404.81,10470.04,10256.73,10321.43,0,1591.96
12-Jan-2015,10333.47,10380.82,10031.57,10077.75,0,6661.69
13-Jan-2015,10098.28,10115.89,9981.12,9998.55,0,4322.94
14-Jan-2015,10001.65,10125.44,9940.66,10064.06,0,2807.78
15-Jan-2015,10050.82,10069.73,9892.92,9911.58,0,3587.15
16-Jan-2015,9918.71,10003.87,9871.07,9956.05,0,1435.62
19-Jan-2015,9986.5,10082.17,9980.73,10076.35,0,4066.44
20-Jan-2015,10070.14,10094.15,10033.15,10057.13,0,3443.97
21-Jan-2015,10068.51,10115.29,10019.57,10066.34,0,1317.62
22-Jan-2015,10047.61,10198.51,9969.05,10119.39,0,3094.69
23-Jan-2015,10138.86,10204.06,10074.52,10139.71,0,1373.03
26-Jan-2015,10181.34,10277.92,10028.93,10124.98,0,4524.18
27-Jan-2015,10087.03,10278.5,10012.6,10203.21,0,2926.84
28-Jan-2015,10239.47,10302.4,10149.38,10212.14,0,3232.62
29-Jan-2015,10238.4,10345.78,10182.18,10289.29,0,3713.82
30-Jan-2015,10279.76,10378.8,10121.17,10219.62,0,3839.59
02-Feb-2015,10235.31,10348.41,10023.48,10135.47,0,2610.8
03-Feb-2015,10127.1,10280.9,10034.46,10187.71,0,3158.41
04-Feb-2015,10178.3,10273.96,10102.4,10197.91,0,7565.07
05-Feb-2015,10197.38,10281.39,10048.24,10131.72,0,2338.08
06-Feb-2015,10135.94,10190.63,10086.64,10141.31,0,3935.78
09-Feb-2015,10140.78,10317.4,10065.08,10240.95,0,2246.12
10-Feb-2015,10235.62,10342.38,10212.98,10319.55,0,3020.36
11-Feb-2015,10306.63,10405.46,10238.0,10336.63,0,5083.19
12-Feb-2015,10361.86,10410.32,10246.9,10295.04,0,1910.96
13-Feb-2015,10316.16,10391.62,10211.24,10286.48,0,6402.41
16-Feb-2015,10281.88,10293.17,10252.1,10263.37,0,2653.78
17-Feb-2015,10255.54,10448.13,10193.61,10385.43,0,5621.31
18-Feb-2015,10382.71,10446.46,10269.73,10333.17,0,2214.11
19-Feb-2015,10329.54,10567.56,10210.4,10447.07,0,3008.27
20-Feb-2015,10457.97,10621.04,10381.49,10543.93,0,2529.9
23-Feb-2015,10548.72,10622.89,10419.97,10493.75,0,2780.69
24-Feb-2015,10513.85,10558.74,10433.09,10477.83,0,2505.06
25-Feb-2015,10441.62,10603.27,10387.49,10548.59,0,3009.42
26-Feb-2015,10545.53,10625.25,10456.15,10535.8,0,4177.26
27-Feb-2015,10524.73,10609.63,10458.5,10543.28,0,2467.38
02-Mar-2015,10565.65,10659.83,10393.66,10487.14,0,5499.81
03-Mar-2015,10486.95,10532.13,10429.78,10474.91,0,1947.98
04-Mar-2015,10451.0,10536.78,10296.45,10381.67,0,3752.44
05-Mar-2015,10375.48,10395.98,10293.5,10313.89,0,2600.29
06-Mar-2015,10362.92,10449.33,10259.63,10345.89,0,2072.22
09-Mar-2015,10353.68,10410.69,10274.73,10331.61,0,3722.0
10-Mar-2015,10278.41,10392.35,10240.97,10354.64,0,1885.54
11-Mar-2015,10371.12,10419.8,10240.72,10289.02,0,1167.22
12-Mar-2015,10299.56,10456.26,10250.6,10406.79,0,4295.61
13-Mar-2015,10410.49,10479.86,10265.58,10334.45,0,3011.13
16-Mar-2015,10309.9,10485.87,10199.63,10374.9,0,1854.98
17-Mar-2015,10406.55,10466.58,10219.93,10279.24,0,4393.72
18-Mar-2015,10306.68,10318.19,10218.57,10229.99,0,4360.28
19-Mar-2015,10231.26,10304.83,10189.28,10262.73,0,7908.05
20-Mar-2015,10266.29,10329.31,10202.87,10265.89,0,2900.25
23-Mar-2015,10229.04,10317.61,10146.05,10234.58,0,11000.05
24-Mar-2015,10230.95,10365.06,10199.58,10333.38,0,2451.14
25-Mar-2015,10326.03,10426.41,10250.92,10351.11,0,3797.48
26-Mar-2015,10342.06,10516.67,10260.42,10434.31,0,7732.01
27-Mar-2015,10438.15,10570.18,10159.89,10290.05,0,1995.92
30-Mar-2015,10308.66,10364.09,10136.36,10191.16,0,2936.89
31-Mar-2015,10190.65,10282.49,10138.39,10230.03,0,6041.25
01-Apr-2015,10224.36,10352.94,10194.74,10323.03,0,2082.42
02-Apr-2015,10341.49,10399.56,10192.34,10249.89,0,4493.86
03-Apr-2015,10283.27,10367.75,10176.42,10260.72,0,2525.99
06-Apr-2015,10234.48,10327.36,10069.58,10161.81,0,1600.69
07-Apr-2015,10164.0,10198.5,10052.4,10086.64,0,4413.96
08-Apr-2015,10085.54,10252.1,9978.6,10144.53,0,4066.25
09-Apr-2015,10146.33,10224.53,10092.99,10171.06,0,5329.49
10-Apr-2015,10161.0,10254.23,10028.11,10120.97,0,2706.45
13-Apr-2015,10122.44,10192.12,10064.48,10134.1,0,3383.34
14-Apr-2015,10160.19,10305.87,10085.3,10230.46,0,2073.89
15-Apr-2015,10232.37,10310.38,10025.51,10102.52,0,3119.96
16-Apr-2015,10143.63,10206.21,10031.07,10093.34,0,3360.32
17-Apr-2015,10078.0,10312.17,9981.38,10214.25,0,1430.61
20-Apr-2015,10221.91,10393.0,10162.85,10333.29,0,2128.57
21-Apr-2015,10285.32,10376.9,10198.85,10290.38,0,4575.02
22-Apr-2015,10283.24,10493.4,10238.8,10448.25,0,1546.48
23-Apr-2015,10431.93,10503.06,10118.67,10188.14,0,3685.94
24-Apr-2015,10182.08,10189.87,10087.78,10095.51,0,2430.73
27-Apr-2015,10071.21,10123.2,9980.47,10032.26,0,880.71
28-Apr-2015,10023.28,10122.04,10020.32,10119.05,0,4032.84
29-Apr-2015,10102.41,10139.58,10016.1,10053.09,0,3460.9
30-Apr-2015,10099.72,10224.86,9997.92,10122.82,0,4204.37
01-May-2015,10141.22,10213.4,9822.58,9892.99,0,4912.85
04-May-2015,9873.38,10008.82,9786.57,9921.58,0,3353.57
05-May-2015,9935.8,9991.46,9867.8,9923.4,0,4201.76
06-May-2015,9924.57,9951.71,9808.46,9835.36,0,3538.01
07-May-2015,9836.43,9918.21,9734.47,9816.09,0,2066.93
08-May-2015,9815.35,9904.88,9747.3,9836.69,0,1897.79
11-May-2015,9831.57,9914.13,9751.57,9834.12,0,1935.5
12-May-2015,9827.58,9983.87,9753.35,9909.03,0,1848.62
13-May-2015,9915.87,9989.21,9788.0,9860.93,0,4328.88
14-May-2015,9865.07,9928.39,9626.65,9688.83,0,6801.4
15-May-2015,9722.35,9855.08,9568.91,9701.35,0,3530.36
18-May-2015,9678.72,9708.75,9662.99,9693.0,0,4177.04
19-May-2015,9684.91,9719.87,9665.23,9700.16,0,2375.35
20-May-2015,9664.89,9707.0,9599.05,9641.05,0,2217.93
21-May-2015,9645.05,9747.62,9550.71,9653.2,0,2750.25
22-May-2015,9657.89,9728.64,9520.65,9590.91,0,1774.96
25-May-2015,9567.52,9704.9,9241.16,9375.79,0,4322.4
26-May-2015,9350.08,9394.98,9277.46,9322.22,0,3388.19
27-May-2015,9343.2,9499.21,9287.53,9442.95,0,3526.78
28-May-2015,9441.95,9506.13,9285.26,9348.8,0,2530.85
29-May-2015,9327.91,9443.4,9254.5,9369.67,0,5392.68
01-Jun-2015,9389.4,9510.02,9378.0,9498.49,0,2613.91
02-Jun-2015,9503.3,9703.5,9414.63,9613.8,0,2813.49
03-Jun-2015,9596.05,9714.97,9545.31,9663.87,0,4393.01
04-Jun-2015,9636.02,9741.35,9523.33,9628.58,0,2733.94
05-Jun-2015,9627.02,9653.7,9482.64,9509.0,0,2140.32
08-Jun-2015,9436.12,9519.04,9379.42,9462.18,0,4788.18
09-Jun-2015,9464.56,9614.79,9426.37,9576.15,0,5466.76
10-Jun-2015,9552.89,9605.11,9471.69,9523.75,0,1951.46
11-Jun-2015,9526.32,9586.57,9447.44,9507.56,0,2013.63
12-Jun-2015,9521.38,9572.42,9426.01,9476.81,0,2490.59
15-Jun-2015,9483.79,9534.44,9395.09,9445.53,0,3195.98
16-Jun-2015,9452.6,9522.33,9276.98,9345.92,0,5097.48
17-Jun-2015,9348.29,9427.3,9283.91,9362.81,0,4207.09
18-Jun-2015,9346.36,9527.07,9236.38,9416.26,0,4812.59
19-Jun-2015,9417.32,9523.37,9357.11,9462.86,0,2474.22
22-Jun-2015,9476.09,9689.59,9347.6,9559.96,0,2312.25
23-Jun-2015,9560.97,9640.28,9447.44,9526.47,0,5017.95
24-Jun-2015,9516.32,9640.59,9476.09,9600.01,0,2805.2
25-Jun-2015,9613.56,9651.9,9488.5,9526.5,0,2685.47
26-Jun-2015,9556.29,9620.22,9409.19,9472.56,0,3823.13
29-Jun-2015,9482.27,9539.03,9406.77,9463.42,0,1969.8
30-Jun-2015,9444.68,9542.49,9389.45,9487.01,0,2243.81
01-Jul-2015,9485.28,9601.89,9292.76,9408.43,0,1733.82
02-Jul-2015,9419.6,9525.52,9377.28,9482.91,0,3022.16
03-Jul-2015,9477.2,9560.33,9334.67,9417.27,0,3195.86
06-Jul-2015,9415.69,9493.2,9387.58,9464.95,0,2583.15
07-Jul-2015,9451.92,9630.15,9397.61,9575.13,0,3124.22
08-Jul-2015,9556.17,9654.05,9349.88,9446.63,0,3470.48
09-Jul-2015,9458.85,9498.59,9419.62,9459.36,0,2259.07
10-Jul-2015,9435.17,9532.38,9335.57,9432.76,0,5569.67
13-Jul-2015,9434.01,9549.47,9268.09,9382.92,0,4826.08
14-Jul-2015,9384.75,9455.01,9348.98,9419.11,0,3617.85
15-Jul-2015,9409.52,9656.41,9341.83,9587.44,0,4346.0
16-Jul-2015,9581.19,9700.9,9502.07,9621.45,0,9143.19
17-Jul-2015,9650.83,9717.36,9495.36,9561.26,0,4491.72
20-Jul-2015,9562.03,9719.19,9481.48,9638.0,0,4940.9
21-Jul-2015,9619.51,9771.75,9618.13,9770.34,0,3206.14
22-Jul-2015,9782.48,9842.89,9719.8,9780.19,0,3487.06
23-Jul-2015,9791.22,9963.45,9713.79,9885.28,0,4646.17
24-Jul-2015,9837.84,9956.53,9778.94,9897.28,0,1127.75
27-Jul-2015,9930.68,10022.55,9891.29,9982.95,0,2322.24
28-Jul-2015,9963.55,10035.79,9646.36,9716.81,0,3025.04
29-Jul-2015,9708.8,9892.24,9627.45,9810.04,0,2579.32
30-Jul-2015,9830.9,10063.57,9760.03,9991.55,0,2383.68
31-Jul-2015,9959.85,10024.59,9848.0,9912.43,0,2345.27
03-Aug-2015,9896.09,10014.34,9828.24,9946.16,0,3420.58
04-Aug-2015,9981.47,10025.35,9913.62,9957.39,0,3739.71
05-Aug-2015,9987.3,10125.87,9869.17,10007.5,0,2765.51
06-Aug-2015,10026.96,10043.19,9927.75,9943.84,0,5854.57
07-Aug-2015,9942.56,10018.99,9722.05,9797.36,0,1959.8
10-Aug-2015,9828.09,10034.81,9760.93,9966.7,0,3981.42
11-Aug-2015,9961.87,9963.54,9885.65,9887.3,0,3257.04
12-Aug-2015,9885.08,9940.44,9723.26,9778.02,0,2238.92
13-Aug-2015,9801.4,9897.26,9693.44,9789.18,0,3964.58
14-Aug-2015,9749.18,9921.0,9674.04,9845.12,0,2703.7
17-Aug-2015,9853.69,9929.7,9721.25,9796.82,0,4199.63
18-Aug-2015,9822.73,9937.04,9530.22,9642.43,0,3062.03
19-Aug-2015,9668.66,9760.48,9405.99,9496.17,0,4271.95
20-Aug-2015,9476.86,9677.24,9437.68,9637.4,0,4032.57
21-Aug-2015,9669.77,9732.86,9521.97,9584.51,0,3393.16
24-Aug-2015,9585.18,9648.8,9503.65,9567.14,0,3413.08
25-Aug-2015,9541.82,9642.53,9464.96,9565.48,0,3092.91
26-Aug-2015,9561.45,9610.85,9377.6,9426.29,0,2779.68
27-Aug-2015,9434.17,9485.23,9377.3,9428.33,0,4923.63
28-Aug-2015,9423.81,9470.72,9235.61,9281.81,0,4182.97
31-Aug-2015,9296.0,9367.48,9211.03,9282.4,0,3420.87
01-Sep-2015,9287.68,9335.1,9244.41,9291.8,0,1866.51
02-Sep-2015,9302.66,9407.85,9085.6,9189.51,0,3431.96
03-Sep-2015,9172.48,9250.35,9108.08,9185.85,0,1622.94
04-Sep-2015,9199.24,9282.99,9119.92,9203.63,0,4307.27
07-Sep-2015,9173.88,9317.03,9102.59,9245.19,0,2477.3
08-Sep-2015,9259.17,9282.11,9160.28,9183.03,0,8240.16
09-Sep-2015,9168.21,9279.3,8988.85,9099.1,0,1727.0
10-Sep-2015,9082.27,9148.64,8949.65,9015.53,0,3259.13
11-Sep-2015,9032.65,9101.76,8912.92,8981.64,0,2055.39
14-Sep-2015,8981.76,9105.8,8912.71,9036.33,0,3761.6
15-Sep-2015,9059.36,9213.15,8965.7,9118.88,0,1989.47
16-Sep-2015,9111.76,9121.89,9020.44,9030.47,0,2645.59
17-Sep-2015,8986.02,9058.12,8877.17,8948.98,0,3218.85
18-Sep-2015,8947.48,9030.73,8903.22,8986.27,0,1543.39
21-Sep-2015,9004.5,9124.19,8807.68,8926.33,0,2979.61
22-Sep-2015,8932.06,8980.08,8691.32,8738.3,0,3747.1
23-Sep-2015,8699.64,8797.26,8666.16,8763.53,0,2243.81
24-Sep-2015,8779.69,8965.96,8651.88,8837.3,0,5742.98
25-Sep-2015,8861.7,8868.01,8682.79,8688.97,0,1320.08
28-Sep-2015,8698.14,8776.34,8507.7,8584.87,0,4902.72
29-Sep-2015,8597.53,8676.72,8509.39,8588.49,0,4187.58
30-Sep-2015,8600.66,8716.93,8502.45,8618.53,0,2600.47
01-Oct-2015,8627.62,8656.02,8541.88,8570.1,0,2885.08
02-Oct-2015,8541.83,8622.77,8484.67,8565.45,0,2998.51
05-Oct-2015,8561.17,8589.4,8437.44,8465.35,0,1789.22
06-Oct-2015,8459.06,8519.43,8399.85,8460.22,0,2621.75
07-Oct-2015,8477.01,8525.77,8412.3,8460.98,0,3367.64
08-Oct-2015,8460.37,8502.05,8337.42,8378.7,0,3080.84
09-Oct-2015,8395.55,8437.21,8308.13,8349.56,0,3272.17
12-Oct-2015,8338.55,8497.0,8256.89,8414.59,0,2854.17
13-Oct-2015,8398.41,8439.87,8297.64,8338.8,0,3282.15
14-Oct-2015,8347.27,8388.47,8293.97,8335.11,0,1998.4
15-Oct-2015,8308.89,8567.84,8254.99,8512.62,0,4961.62
16-Oct-2015,8504.63,8556.04,8490.95,8542.3,0,1866.57
19-Oct-2015,8568.52,8602.81,8507.46,8541.65,0,1671.57
20-Oct-2015,8546.82,8614.63,8482.22,8550.0,0,3484.95
21-Oct-2015,8562.05,8588.39,8490.12,8516.32,0,3160.23
22-Oct-2015,8500.69,8561.13,8481.07,8541.42,0,3174.51
23-Oct-2015,8502.46,8580.26,8434.99,8512.71,0,1955.51
26-Oct-2015,8520.0,8592.14,8359.89,8431.29,0,3281.11
27-Oct-2015,8410.42,8512.3,8358.09,8459.66,0,2713.66
28-Oct-2015,8467.99,8476.69,8342.09,8350.67,0,2354.7
29-Oct-2015,8328.6,8405.14,8247.61,8324.1,0,3039.26
30-Oct-2015,8339.95,8479.12,8267.76,8406.37,0,2140.47
02-Nov-2015,8435.79,8500.58,8350.96,8415.59,0,1332.17
03-Nov-2015,8436.0,8529.27,8319.73,8412.74,0,6446.64
04-Nov-2015,8418.81,8524.52,8328.64,8434.19,0,2989.98
05-Nov-2015,8450.77,8470.88,8421.33,8441.42,0,1439.65
06-Nov-2015,8457.52,8499.81,8321.78,8363.6,0,1282.12
09-Nov-2015,8373.06,8392.96,8354.86,8374.76,0,3911.31
10-Nov-2015,8345.17,8479.55,8305.48,8439.42,0,3221.66
11-Nov-2015,8405.79,8614.12,8309.17,8516.23,0,1087.69
12-Nov-2015,8491.23,8509.36,8444.27,8462.33,0,3401.11
13-Nov-2015,8464.81,8479.92,8262.73,8277.51,0,4106.87
16-Nov-2015,8291.91,8344.76,8244.9,8297.71,0,1677.58
17-Nov-2015,8278.05,8429.09,8235.22,8385.7,0,3397.01
18-Nov-2015,8381.25,8453.42,8201.02,8272.25,0,3873.28
19-Nov-2015,8265.98,8319.57,8109.93,8162.86,0,3009.42
20-Nov-2015,8179.27,8264.89,8150.13,8235.54,0,1593.17
23-Nov-2015,8240.36,8284.09,8111.31,8154.58,0,3976.5
24-Nov-2015,8159.02,8299.36,8116.19,8256.03,0,3519.55
25-Nov-2015,8237.88,8252.97,8030.96,8045.7,0,1976.56
26-Nov-2015,8022.9,8087.82,7916.69,7981.27,0,4336.61
27-Nov-2015,7942.71,8046.54,7876.25,7979.77,0,2124.48
30-Nov-2015,7991.57,8083.27,7934.51,8025.97,0,3128.79
01-Dec-2015,8004.64,8010.15,7954.8,7960.28,0,2453.11
02-Dec-2015,7967.39,8027.44,7888.16,7948.06,0,3220.82
03-Dec-2015,7918.48,8024.38,7880.84,7986.42,0,4424.21
04-Dec-2015,7982.89,8029.92,7927.29,7974.28,0,2650.65
07-Dec-2015,7970.98,8024.29,7924.78,7978.05,0,1905.16
08-Dec-2015,7955.37,8260.83,7916.82,8220.99,0,4065.94
09-Dec-2015,8217.18,8322.66,8130.89,8236.17,0,3693.05
10-Dec-2015,8232.58,8340.13,8231.17,8338.7,0,3469.9
11-Dec-2015,8364.67,8495.14,8264.0,8394.11,0,3352.25
14-Dec-2015,8406.42,8474.88,8263.69,8331.54,0,4037.54
15-Dec-2015,8324.68,8370.95,8301.65,8347.87,0,1242.54
16-Dec-2015,8347.72,8390.56,8336.23,8379.03,0,2989.85
17-Dec-2015,8378.5,8589.95,8309.61,8519.89,0,5437.31
18-Dec-2015,8571.22,8693.37,8537.99,8659.79,0,3463.55
21-Dec-2015,8638.98,8700.24,8597.9,8659.07,0,1928.67
22-Dec-2015,8699.59,8745.42,8575.39,8620.81,0,1520.51
23-Dec-2015,8649.69,8811.86,8606.47,8768.06,0,2465.26
24-Dec-2015,8775.05,8824.3,8691.31,8740.36,0,1767.58
25-Dec-2015,8757.5,8797.09,8674.27,8713.67,0,2877.65
28-Dec-2015,8725.79,8845.25,8689.96,8809.08,0,3470.99
29-Dec-2015,8813.87,8904.15,8775.83,8865.87,0,3834.58
30-Dec-2015,8869.91,8894.81,8844.8,8869.71,0,1865.26
31-Dec-2015,8869.94,8966.19,8780.61,8876.8,0,3135.82
01-Jan-2016,8889.04,8998.82,8811.03,8920.53,0,2502.67
04-Jan-2016,8906.29,8971.34,8807.46,8872.26,0,4078.98
05-Jan-2016,8866.06,8907.56,8697.11,8738.02,0,2659.11
06-Jan-2016,8744.67,8889.37,8707.35,8851.6,0,2105.21
07-Jan-2016,8869.61,8964.37,8813.09,8907.61,0,4307.5
08-Jan-2016,8912.43,9111.45,8805.23,9003.16,0,2232.6
11-Jan-2016,9011.54,9075.8,8915.26,8979.29,0,2087.6
12-Jan-2016,8972.91,9089.4,8769.98,8885.33,0,4139.23
13-Jan-2016,8872.65,9000.86,8829.08,8956.87,0,1917.46
14-Jan-2016,8958.82,9053.08,8947.42,9041.57,0,3079.69
15-Jan-2016,8990.93,9019.14,8924.65,8952.74,0,4458.95
18-Jan-2016,8944.86,9006.31,8811.4,8872.35,0,2553.42
19-Jan-2016,8886.85,8906.38,8846.43,8865.92,0,3801.01
20-Jan-2016,8859.61,8950.7,8792.68,8883.58,0,3072.46
21-Jan-2016,8886.78,8961.54,8766.17,8840.54,0,3517.31
22-Jan-2016,8843.88,8977.76,8787.68,8921.08,0,3486.45
25-Jan-2016,8901.09,9039.02,8876.63,9014.25,0,1269.4
26-Jan-2016,9012.58,9189.96,8961.25,9137.91,0,2660.97
27-Jan-2016,9148.25,9247.61,8994.72,9093.47,0,2914.15
28-Jan-2016,9073.57,9106.62,9022.22,9055.2,0,2053.88
29-Jan-2016,9081.78,9149.44,8998.56,9066.11,0,3023.77
01-Feb-2016,9095.3,9192.76,8955.63,9052.64,0,2311.72
02-Feb-2016,9036.64,9079.01,8974.53,9016.8,0,1350.5
03-Feb-2016,8986.89,9068.65,8966.24,9047.86,0,3200.88
04-Feb-2016,9030.88,9140.55,8911.38,9020.93,0,2198.29
05-Feb-2016,9040.51,9075.1,8875.58,8909.67,0,3825.52
08-Feb-2016,8900.81,9026.81,8874.51,9000.22,0,1580.01
09-Feb-2016,8971.16,8979.44,8952.05,8960.32,0,6170.14
10-Feb-2016,8995.36,9057.75,8874.58,8936.56,0,1398.69
11-Feb-2016,8928.7,9045.09,8896.46,9012.55,0,2547.69
12-Feb-2016,8973.0,9011.29,8945.49,8983.74,0,4206.98
15-Feb-2016,8985.75,9064.28,8965.77,9044.17,0,3431.54
16-Feb-2016,9084.26,9204.46,9035.08,9154.9,0,5784.43
17-Feb-2016,9190.94,9247.79,9021.97,9078.13,0,4659.22
18-Feb-2016,9063.95,9149.91,9001.64,9087.43,0,2910.05
19-Feb-2016,9096.11,9175.07,8886.17,8963.99,0,6045.05
22-Feb-2016,8948.07,8977.96,8787.09,8816.54,0,3939.16
23-Feb-2016,8831.2,8900.44,8805.09,8874.2,0,3945.61
24-Feb-2016,8865.28,8870.4,8841.6,8846.7,0,2023.12
25-Feb-2016,8864.15,8983.39,8784.9,8903.78,0,2331.44
26-Feb-2016,8927.71,9116.86,8844.92,9033.1,0,3538.75
29-Feb-2016,9018.69,9155.9,8994.67,9131.58,0,2750.84
01-Mar-2016,9144.63,9227.66,9115.53,9198.4,0,2444.25
02-Mar-2016,9242.01,9303.53,9092.85,9153.78,0,6452.33
03-Mar-2016,9143.45,9207.86,9069.92,9134.26,0,2676.0
04-Mar-2016,9139.01,9231.87,9104.74,9197.38,0,1951.51
07-Mar-2016,9222.3,9237.89,9192.88,9208.45,0,5796.89
08-Mar-2016,9156.91,9240.28,9120.74,9203.92,0,2635.19
09-Mar-2016,9201.79,9325.38,9119.08,9242.31,0,2103.29
10-Mar-2016,9231.55,9303.09,9076.65,9147.54,0,3766.5
11-Mar-2016,9137.05,9230.66,9095.69,9189.06,0,3781.89
14-Mar-2016,9220.45,9284.15,9166.92,9230.57,0,2672.84
15-Mar-2016,9222.63,9357.17,9206.33,9340.66,0,1151.65
16-Mar-2016,9342.92,9516.89,9218.81,9392.13,0,2361.97
17-Mar-2016,9371.21,9422.35,9245.48,9296.21,0,2169.22
18-Mar-2016,9290.06,9338.58,9188.21,9236.45,0,3443.73
21-Mar-2016,9241.72,9303.14,9145.0,9206.18,0,3008.74
22-Mar-2016,9209.77,9376.57,9097.68,9263.82,0,1970.28
23-Mar-2016,9272.35,9383.3,9206.07,9316.7,0,1676.69
24-Mar-2016,9311.82,9432.25,9152.11,9272.03,0,3343.29
25-Mar-2016,9283.26,9433.26,9215.92,9365.32,0,6170.74
28-Mar-2016,9346.84,9447.64,9315.32,9415.89,0,2550.88
29-Mar-2016,9404.46,9462.27,9381.64,9439.37,0,5218.89
30-Mar-2016,9441.7,9530.61,9373.52,9462.28,0,1912.46
31-Mar-2016,9462.81,9503.01,9403.4,9443.52,0,2670.84
01-Apr-2016,9430.03,9535.5,9310.73,9416.05,0,2262.27
04-Apr-2016,9407.93,9498.99,9357.18,9448.02,0,1092.46
05-Apr-2016,9456.34,9475.91,9312.6,9331.91,0,7748.96
06-Apr-2016,9316.88,9542.72,9266.57,9491.46,0,3622.22
07-Apr-2016,9472.77,9553.38,9380.43,9460.95,0,2080.01
08-Apr-2016,9446.68,9549.36,9363.25,9465.76,0,1947.32
11-Apr-2016,9475.08,9511.6,9354.27,9390.47,0,3367.37
12-Apr-2016,9409.59,9487.85,9214.59,9291.87,0,3365.27
13-Apr-2016,9276.59,9404.52,9169.62,9297.31,0,2729.72
14-Apr-2016,9280.73,9288.72,9266.6,9274.58,0,1523.32
15-Apr-2016,9282.84,9437.78,9175.66,9330.05,0,2358.82
18-Apr-2016,9314.79,9422.94,9199.81,9307.87,0,3640.07
19-Apr-2016,9302.93,9367.68,9276.66,9341.31,0,2997.79
20-Apr-2016,9359.84,9476.37,9311.97,9428.14,0,2822.59
21-Apr-2016,9444.21,9596.61,9340.78,9492.66,0,4276.63
22-Apr-2016,9485.53,9573.88,9376.03,9464.17,0,1749.09
25-Apr-2016,9452.89,9594.6,9378.05,9519.23,0,5824.43
26-Apr-2016,9506.27,9645.87,9402.81,9542.02,0,1609.44
27-Apr-2016,9543.79,9617.21,9395.51,9468.34,0,3714.17
28-Apr-2016,9457.54,9636.99,9370.27,9548.88,0,4390.39
29-Apr-2016,9552.76,9639.95,9510.39,9597.38,0,2208.95
02-May-2016,9613.57,9670.49,9573.37,9630.23,0,3565.02
03-May-2016,9636.8,9697.99,9439.11,9499.42,0,3179.01
04-May-2016,9472.69,9537.97,9373.22,9438.26,0,4272.35
05-May-2016,9445.35,9513.35,9337.42,9405.13,0,6933.49
06-May-2016,9385.22,9545.3,9305.97,9465.37,0,3543.48
09-May-2016,9452.34,9513.87,9400.93,9462.41,0,3493.56
10-May-2016,9454.19,9536.21,9426.77,9508.63,0,7435.89
11-May-2016,9504.06,9545.7,9460.4,9502.03,0,3115.73
12-May-2016,9516.12,9580.33,9447.05,9511.24,0,2575.17
13-May-2016,9486.48,9504.34,9405.05,9422.79,0,3042.38
16-May-2016,9414.6,9453.05,9375.27,9413.72,0,2995.25
17-May-2016,9424.81,9452.55,9366.16,9393.81,0,2138.71
18-May-2016,9427.0,9471.35,9356.94,9401.17,0,5134.28
19-May-2016,9394.3,9467.4,9229.24,9301.62,0,2846.17
20-May-2016,9307.58,9404.12,9153.19,9249.13,0,2777.72
23-May-2016,9250.94,9323.73,9135.25,9207.7,0,3587.83
24-May-2016,9204.73,9267.24,9037.27,9099.06,0,2739.32
25-May-2016,9096.63,9145.85,8968.34,9017.13,0,1745.52
26-May-2016,9011.04,9100.45,8936.04,9025.32,0,1068.87
27-May-2016,9017.17,9159.07,8956.72,9098.08,0,3586.41
30-May-2016,9126.16,9265.65,9061.79,9200.75,0,991.58
31-May-2016,9195.44,9254.37,9083.48,9142.07,0,1961.5
01-Jun-2016,9130.79,9210.66,8965.59,9044.7,0,2878.38
02-Jun-2016,9019.27,9224.06,8930.98,9134.64,0,4851.34
03-Jun-2016,9140.46,9302.54,9073.66,9235.04,0,3483.64
06-Jun-2016,9248.75,9314.25,9228.56,9293.96,0,3713.07
07-Jun-2016,9281.62,9310.86,9197.19,9226.25,0,2900.75
08-Jun-2016,9206.79,9297.38,9178.01,9268.4,0,5220.7
09-Jun-2016,9269.63,9563.89,9181.2,9473.51,0,2957.85
10-Jun-2016,9481.62,9540.83,9391.97,9450.99,0,4373.44
13-Jun-2016,9486.66,9534.62,9437.67,9485.62,0,3205.86
14-Jun-2016,9501.2,9567.96,9425.3,9492.0,0,4008.01
15-Jun-2016,9484.97,9595.34,9396.32,9506.48,0,3435.09
16-Jun-2016,9527.91,9608.52,9407.82,9488.09,0,4431.09
17-Jun-2016,9478.27,9600.57,9383.13,9505.17,0,3855.23
20-Jun-2016,9520.92,9526.12,9503.01,9508.2,0,1648.71
21-Jun-2016,9490.56,9647.03,9395.51,9551.37,0,3834.71
22-Jun-2016,9556.27,9720.68,9468.76,9632.47,0,4239.85
23-Jun-2016,9641.06,9792.05,9547.72,9698.15,0,2541.53
24-Jun-2016,9694.23,9985.64,9558.0,9847.26,0,4610.9
27-Jun-2016,9847.85,9912.52,9650.4,9714.19,0,4140.55
28-Jun-2016,9689.29,9820.2,9529.55,9660.06,0,2471.17
29-Jun-2016,9638.42,9711.24,9369.12,9440.44,0,4891.51
30-Jun-2016,9426.95,9517.83,9325.35,9416.12,0,5436.55
01-Jul-2016,9399.1,9684.14,9316.19,9599.47,0,1175.2
04-Jul-2016,9614.27,9716.51,9605.44,9707.59,0,3535.82
05-Jul-2016,9712.27,9762.77,9488.7,9538.3,0,3340.0
06-Jul-2016,9531.24,9733.49,9463.07,9664.37,0,3431.36
07-Jul-2016,9659.21,9768.86,9570.61,9680.06,0,3016.46
08-Jul-2016,9697.1,9722.91,9612.13,9637.78,0,2623.43
11-Jul-2016,9656.36,9706.53,9542.17,9592.01,0,3376.8
12-Jul-2016,9598.64,9657.39,9519.81,9578.44,0,2356.24
13-Jul-2016,9593.87,9643.04,9563.21,9612.32,0,2447.26
14-Jul-2016,9610.72,9689.93,9541.21,9620.34,0,2320.13
15-Jul-2016,9590.06,9680.52,9557.1,9647.37,0,3723.07
18-Jul-2016,9625.95,9641.19,9610.03,9625.26,0,6404.28
19-Jul-2016,9598.65,9668.14,9534.41,9603.87,0,3522.9
20-Jul-2016,9617.36,9684.74,9574.03,9641.29,0,2647.16
21-Jul-2016,9648.22,9780.84,9452.82,9584.57,0,3710.6
22-Jul-2016,9570.36,9842.27,9496.03,9766.42,0,3252.56
25-Jul-2016,9794.14,9877.52,9621.03,9703.64,0,2021.61
26-Jul-2016,9717.36,9756.08,9383.07,9420.61,0,2769.41
27-Jul-2016,9433.5,9601.51,9372.39,9539.71,0,4136.81
28-Jul-2016,9542.81,9673.49,9472.9,9603.14,0,2696.8
29-Jul-2016,9579.68,9624.0,9497.42,9541.56,0,4350.2
01-Aug-2016,9529.74,9595.16,9503.58,9568.9,0,4662.72
02-Aug-2016,9541.8,9591.38,9477.8,9527.31,0,1302.36
03-Aug-2016,9536.33,9592.65,9524.65,9580.91,0,6692.84
04-Aug-2016,9605.57,9703.28,9584.72,9682.26,0,2828.91
05-Aug-2016,9693.24,9739.71,9567.94,9614.02,0,7298.49
08-Aug-2016,9626.07,9654.47,9517.99,9546.15,0,2357.65
09-Aug-2016,9555.09,9611.23,9433.13,9488.88,0,1652.0
10-Aug-2016,9477.66,9560.69,9414.64,9497.54,0,3274.18
11-Aug-2016,9501.32,9603.57,9435.29,9537.29,0,2149.37
12-Aug-2016,9529.8,9591.6,9340.06,9401.03,0,2438.33
15-Aug-2016,9382.16,9516.01,9282.44,9415.93,0,3581.23
16-Aug-2016,9461.3,9509.84,9271.82,9319.63,0,5205.41
17-Aug-2016,9308.66,9337.99,9287.21,9316.53,0,5353.65
18-Aug-2016,9273.0,9357.42,9197.01,9281.37,0,4704.88
19-Aug-2016,9285.81,9401.51,9281.63,9397.28,0,6410.11
22-Aug-2016,9362.33,9446.74,9235.92,9319.95,0,2918.33
23-Aug-2016,9298.62,9377.73,9165.31,9243.96,0,2644.14
24-Aug-2016,9209.08,9310.37,9158.26,9259.28,0,5114.93
25-Aug-2016,9275.93,9373.97,9203.47,9301.32,0,3154.68
26-Aug-2016,9321.75,9602.96,9258.02,9537.76,0,2991.75
29-Aug-2016,9521.72,9623.11,9430.87,9532.16,0,2975.37
30-Aug-2016,9539.03,9621.18,9438.22,9520.21,0,2785.77
31-Aug-2016,9532.43,9642.61,9486.98,9596.85,0,3862.83
01-Sep-2016,9613.74,9665.08,9392.32,9442.75,0,3667.07
02-Sep-2016,9446.5,9667.13,9402.88,9622.7,0,2216.8
05-Sep-2016,9617.26,9748.27,9510.07,9640.81,0,2252.28
06-Sep-2016,9642.17,9728.94,9631.56,9718.25,0,3222.95
07-Sep-2016,9728.15,9948.73,9657.25,9876.75,0,6724.79
08-Sep-2016,9903.49,9997.55,9660.49,9753.13,0,2972.11
09-Sep-2016,9696.99,9754.07,9641.83,9698.9,0,3068.76
12-Sep-2016,9698.43,9702.51,9558.7,9562.72,0,7341.38
13-Sep-2016,9582.67,9591.09,9564.82,9573.23,0,1130.54
14-Sep-2016,9564.08,9622.48,9345.93,9403.34,0,2354.6
15-Sep-2016,9410.54,9505.85,9354.21,9449.29,0,5694.22
16-Sep-2016,9426.11,9528.87,9373.22,9475.7,0,3773.92
19-Sep-2016,9452.87,9646.48,9344.43,9537.07,0,4114.93
20-Sep-2016,9513.28,9631.4,9450.08,9567.84,0,2154.78
21-Sep-2016,9552.9,9568.31,9326.22,9341.29,0,1853.14
22-Sep-2016,9347.49,9419.83,9303.59,9375.8,0,2605.22
23-Sep-2016,9358.79,9395.85,9324.86,9361.91,0,1985.85
26-Sep-2016,9324.04,9383.47,9304.58,9363.93,0,3928.06
27-Sep-2016,9338.2,9413.73,9195.49,9270.48,0,4036.45
28-Sep-2016,9259.7,9303.04,9063.85,9106.47,0,1814.45
29-Sep-2016,9066.94,9199.08,9027.43,9159.17,0,3358.7
30-Sep-2016,9167.1,9200.86,9164.09,9197.84,0,2513.03
03-Oct-2016,9159.63,9213.86,9064.4,9118.39,0,1698.16
04-Oct-2016,9109.06,9155.63,8985.73,9031.9,0,2288.98
05-Oct-2016,9018.14,9061.6,8957.8,9001.18,0,5486.39
06-Oct-2016,9017.31,9129.61,8876.19,8988.13,0,3361.19
07-Oct-2016,8986.6,9073.44,8852.67,8939.04,0,4106.4
10-Oct-2016,8939.73,9025.72,8872.93,8958.77,0,5381.28
11-Oct-2016,9010.18,9242.95,8937.99,9169.49,0,4048.87
12-Oct-2016,9181.51,9238.53,9137.33,9194.29,0,4575.8
13-Oct-2016,9159.55,9238.06,9088.36,9166.81,0,3575.54
14-Oct-2016,9186.36,9218.63,9043.99,9075.88,0,4680.96
17-Oct-2016,9086.52,9119.76,8987.21,9020.22,0,2036.09
18-Oct-2016,9016.14,9020.63,8953.14,8957.6,0,2950.9
19-Oct-2016,8988.62,9042.14,8910.19,8963.55,0,3230.29
20-Oct-2016,8934.07,9026.37,8818.43,8910.48,0,3267.47
21-Oct-2016,8915.74,8965.09,8863.34,8912.67,0,3947.11
24-Oct-2016,8942.69,9014.74,8808.16,8879.7,0,3355.82
25-Oct-2016,8901.71,8997.85,8864.31,8960.21,0,3285.14
26-Oct-2016,8966.64,9015.37,8876.08,8924.58,0,3095.57
27-Oct-2016,8906.56,9006.91,8839.67,8939.77,0,4061.37
28-Oct-2016,8950.56,9079.54,8903.53,9032.08,0,5288.59
31-Oct-2016,9063.12,9154.93,9026.75,9118.34,0,2867.8
01-Nov-2016,9134.11,9224.2,9032.18,9122.16,0,2603.97
02-Nov-2016,9107.69,9184.45,9025.18,9101.89,0,3284.08
03-Nov-2016,9119.57,9163.34,8974.86,9018.15,0,3617.11
04-Nov-2016,8989.1,9088.36,8854.88,8953.75,0,2325.12
07-Nov-2016,8960.7,8974.18,8923.4,8936.84,0,2506.1
08-Nov-2016,8924.55,8988.56,8802.93,8866.53,0,2455.04
09-Nov-2016,8907.36,9121.76,8857.33,9070.81,0,5017.25
10-Nov-2016,9066.49,9271.4,9042.14,9246.56,0,3240.16
11-Nov-2016,9239.97,9355.4,9172.96,9288.04,0,2716.17
14-Nov-2016,9283.21,9343.02,9139.34,9198.61,0,2596.6
15-Nov-2016,9190.23,9198.02,9143.91,9151.67,0,3615.24
16-Nov-2016,9110.15,9134.76,9045.56,9070.06,0,3753.1
17-Nov-2016,9083.13,9177.65,9016.92,9111.22,0,3699.56
18-Nov-2016,9116.29,9201.52,9032.57,9117.79,0,3504.02
21-Nov-2016,9110.77,9260.29,9014.07,9163.03,0,3501.36
22-Nov-2016,9181.52,9232.32,9055.48,9105.86,0,2644.59
23-Nov-2016,9119.18,9143.44,8995.87,9019.87,0,7880.77
24-Nov-2016,9024.14,9134.35,8945.97,9055.9,0,2945.23
25-Nov-2016,9070.94,9117.56,8943.5,8989.7,0,1508.77
28-Nov-2016,8951.55,9023.54,8925.88,8997.74,0,2610.64
29-Nov-2016,9026.74,9118.3,8993.22,9084.57,0,3268.33
30-Nov-2016,9064.9,9174.76,8988.26,9097.85,0,4096.51
01-Dec-2016,9088.29,9247.75,9000.09,9158.87,0,3164.46
02-Dec-2016,9139.35,9298.13,9112.32,9270.71,0,4591.13
05-Dec-2016,9292.67,9404.15,9262.7,9373.92,0,3308.52
06-Dec-2016,9356.53,9420.37,9223.85,9287.21,0,3087.19
07-Dec-2016,9271.85,9387.34,9173.65,9288.96,0,2787.57
08-Dec-2016,9264.99,9390.11,9210.25,9334.96,0,3783.23
09-Dec-2016,9358.06,9521.75,9283.33,9446.31,0,2918.47
12-Dec-2016,9430.34,9459.21,9283.69,9312.2,0,5514.92
13-Dec-2016,9313.43,9402.65,9283.3,9372.32,0,1231.69
14-Dec-2016,9377.73,9588.8,9312.38,9522.43,0,3383.54
15-Dec-2016,9480.29,9521.58,9430.97,9472.23,0,3862.27
16-Dec-2016,9478.06,9538.26,9294.54,9353.95,0,3576.02
19-Dec-2016,9348.48,9404.17,9189.9,9244.97,0,2730.69
20-Dec-2016,9268.02,9333.0,9129.52,9193.98,0,4575.05
21-Dec-2016,9173.19,9376.72,9117.01,9319.64,0,2417.31
22-Dec-2016,9353.95,9379.19,9331.43,9356.66,0,2405.52
23-Dec-2016,9386.46,9444.72,9261.56,9319.4,0,3370.56
26-Dec-2016,9343.07,9380.95,9195.57,9233.01,0,2556.55
27-Dec-2016,9249.93,9408.19,9156.52,9314.13,0,3295.67
28-Dec-2016,9292.61,9426.76,9227.56,9361.23,0,3431.09
29-Dec-2016,9371.9,9439.5,9308.71,9376.28,0,1935.76
30-Dec-2016,9393.74,9473.92,9202.49,9281.72,0,4013.08
02-Jan-2017,9272.89,9348.9,9237.56,9313.41,0,2920.7
03-Jan-2017,9318.46,9362.16,9249.06,9292.64,0,2211.53
04-Jan-2017,9304.98,9414.07,9212.24,9321.16,0,3244.8
05-Jan-2017,9341.01,9602.28,9317.18,9577.85,0,1933.14
06-Jan-2017,9583.05,9907.7,9523.43,9846.44,0,1347.47
09-Jan-2017,9837.09,9898.23,9792.12,9853.19,0,2379.38
10-Jan-2017,9847.42,10301.84,9753.45,10204.46,0,3410.29
11-Jan-2017,10208.93,10291.31,10153.85,10236.08,0,2165.84
12-Jan-2017,10224.35,10315.82,10071.7,10162.62,0,2942.06
13-Jan-2017,10145.24,10252.15,10004.95,10111.51,0,4566.5
16-Jan-2017,10128.13,10197.96,9962.38,10031.54,0,3005.71
17-Jan-2017,10046.39,10082.09,9671.58,9706.06,0,4185.16
18-Jan-2017,9737.32,9853.88,9673.53,9789.75,0,3418.74
19-Jan-2017,9784.14,9899.92,9689.0,9804.59,0,3530.77
20-Jan-2017,9802.7,9845.19,9670.95,9713.05,0,3622.56
23-Jan-2017,9724.51,9803.2,9601.74,9680.07,0,3064.14
24-Jan-2017,9665.13,9725.08,9584.2,9644.02,0,4964.56
25-Jan-2017,9631.71,9705.63,9623.26,9697.12,0,3616.82
26-Jan-2017,9722.77,9767.67,9623.46,9668.11,0,2457.97
27-Jan-2017,9681.13,9769.99,9617.29,9705.98,0,2295.19
30-Jan-2017,9685.48,9757.91,9620.44,9692.82,0,3131.95
31-Jan-2017,9683.23,9772.05,9497.74,9585.66,0,2236.57
01-Feb-2017,9574.36,9590.19,9554.25,9570.07,0,3529.03
02-Feb-2017,9562.2,9639.57,9403.02,9479.72,0,3422.76
03-Feb-2017,9460.33,9646.27,9394.86,9579.97,0,1086.11
06-Feb-2017,9583.79,9796.93,9524.77,9736.96,0,3089.13
07-Feb-2017,9724.71,9799.58,9633.88,9708.62,0,4475.56
08-Feb-2017,9701.1,9785.93,9610.34,9695.11,0,3360.58
09-Feb-2017,9716.73,9786.6,9714.69,9784.55,0,3461.46
10-Feb-2017,9747.66,9988.45,9708.88,9948.87,0,2407.9
13-Feb-2017,9967.5,10054.22,9852.09,9938.56,0,1671.36
14-Feb-2017,9953.18,10206.31,9918.41,10170.78,0,2552.88
15-Feb-2017,10178.17,10425.27,10089.79,10335.52,0,4885.26
16-Feb-2017,10368.84,10438.28,10154.61,10223.08,0,3572.27
17-Feb-2017,10220.37,10550.56,10125.69,10453.72,0,6889.24
20-Feb-2017,10401.13,10486.98,10202.29,10287.21,0,2769.55
21-Feb-2017,10273.57,10488.04,10197.61,10411.07,0,2530.89
22-Feb-2017,10429.02,10559.04,10182.19,10310.74,0,5307.28
23-Feb-2017,10299.97,10467.66,10218.35,10385.36,0,4803.71
24-Feb-2017,10359.56,10488.15,10301.3,10429.49,0,3027.47
27-Feb-2017,10458.36,10503.79,10361.02,10406.22,0,5757.71
28-Feb-2017,10425.35,10465.4,10395.01,10435.04,0,3134.91
01-Mar-2017,10433.95,10491.61,10433.09,10490.75,0,3686.06
02-Mar-2017,10501.74,10549.74,10265.55,10312.69,0,2710.94
03-Mar-2017,10313.67,10590.42,10245.51,10520.89,0,3031.3
06-Mar-2017,10542.42,10670.11,10459.44,10586.78,0,2407.08
07-Mar-2017,10577.84,10657.01,10550.95,10629.98,0,5935.37
08-Mar-2017,10647.88,10708.94,10551.61,10612.48,0,3352.82
09-Mar-2017,10635.41,10771.03,10531.56,10666.88,0,2540.43
10-Mar-2017,10653.68,10721.3,10572.51,10640.04,0,3899.6
13-Mar-2017,10650.52,10677.79,10574.29,10601.43,0,3160.04
14-Mar-2017,10597.6,10810.62,10541.38,10753.57,0,3556.95
15-Mar-2017,10744.47,11101.77,10685.59,11041.26,0,1862.8
16-Mar-2017,11035.19,11172.32,10741.63,10876.8,0,4469.87
17-Mar-2017,10860.76,10962.08,10670.79,10771.28,0,1274.0
20-Mar-2017,10806.93,10919.81,10542.08,10653.35,0,2852.76
21-Mar-2017,10655.53,10727.64,10352.51,10423.05,0,1884.21
22-Mar-2017,10411.66,10495.27,10364.77,10448.22,0,2643.6
23-Mar-2017,10432.79,10627.13,10333.98,10527.43,0,1244.25
24-Mar-2017,10514.35,10615.92,10493.11,10594.52,0,2529.62
27-Mar-2017,10595.13,10835.61,10567.07,10806.99,0,3550.47
28-Mar-2017,10812.89,10944.51,10759.94,10891.18,0,2119.01
29-Mar-2017,10886.81,11163.62,10807.85,11083.24,0,2911.44
30-Mar-2017,11105.31,11159.21,11058.0,11111.87,0,3385.01
31-Mar-2017,11122.77,11462.92,11075.95,11414.86,0,3791.19
03-Apr-2017,11393.42,11421.1,11304.35,11331.88,0,3403.32
04-Apr-2017,11287.55,11420.02,11247.61,11379.76,0,2983.83
05-Apr-2017,11370.03,11418.05,11113.97,11161.11,0,1855.13
06-Apr-2017,11142.37,11308.63,11122.74,11288.74,0,3958.35
07-Apr-2017,11291.97,11422.59,11248.22,11378.49,0,3679.07
10-Apr-2017,11393.83,11618.15,11321.2,11544.55,0,3926.89
11-Apr-2017,11565.01,11649.21,11435.07,11518.94,0,2826.08
12-Apr-2017,11521.31,11636.44,11195.25,11308.26,0,3827.19
13-Apr-2017,11313.59,11361.98,11189.72,11237.78,0,3295.36
14-Apr-2017,11212.3,11562.6,11128.36,11476.68,0,2889.24
17-Apr-2017,11510.93,11542.78,11316.11,11347.5,0,6226.23
18-Apr-2017,11349.9,11534.29,11304.77,11488.61,0,1357.95
19-Apr-2017,11437.34,11754.46,11403.31,11719.58,0,2137.97
20-Apr-2017,11706.67,11762.3,11595.63,11650.99,0,3028.42
21-Apr-2017,11666.96,11740.51,11462.28,11535.0,0,2735.89
24-Apr-2017,11553.28,11690.05,11140.37,11273.83,0,1527.3
25-Apr-2017,11267.07,11377.12,11154.48,11264.5,0,1110.82
26-Apr-2017,11250.39,11487.94,11221.0,11458.0,0,5097.98
27-Apr-2017,11486.38,11779.38,11435.94,11727.88,0,4977.96
28-Apr-2017,11724.45,12006.06,11658.41,11938.81,0,1630.74
01-May-2017,11982.25,12047.99,11871.99,11937.49,0,3977.85
02-May-2017,11925.36,12030.16,11858.54,11963.12,0,4825.88
03-May-2017,11969.81,12076.11,11803.48,11909.25,0,3812.53
04-May-2017,11908.99,11930.88,11844.42,11866.23,0,5337.85
05-May-2017,11837.39,11906.93,11654.21,11723.08,0,2482.39
08-May-2017,11683.18,11724.93,11503.83,11545.09,0,2214.76
09-May-2017,11567.02,11931.46,11466.13,11828.29,0,3229.85
10-May-2017,11815.58,12105.66,11725.34,12013.9,0,5675.13
11-May-2017,12003.43,12080.72,11923.27,12000.55,0,2794.66
12-May-2017,11975.5,12113.26,11678.61,11814.52,0,2950.98
15-May-2017,11778.56,12014.37,11692.89,11927.61,0,2663.82
16-May-2017,11893.94,12041.55,11791.19,11938.42,0,3104.89
17-May-2017,11917.6,12023.09,11847.79,11953.08,0,2441.34
18-May-2017,11963.54,12093.25,11938.52,12068.02,0,2815.68
19-May-2017,12084.58,12100.96,11885.99,11902.13,0,1252.47
22-May-2017,11901.77,11958.37,11866.46,11923.01,0,4927.71
23-May-2017,11930.43,11957.83,11717.26,11744.24,0,3244.96
24-May-2017,11738.99,11908.17,11644.6,11813.19,0,2342.87
25-May-2017,11841.17,11953.48,11808.28,11920.37,0,3316.81
26-May-2017,11923.89,12088.68,11818.03,11982.29,0,3042.45
29-May-2017,12009.78,12079.26,11638.64,11706.36,0,1722.06
30-May-2017,11711.36,11824.46,11642.76,11755.59,0,3435.65
31-May-2017,11786.65,11859.3,11571.78,11643.55,0,3827.75
01-Jun-2017,11664.05,11733.84,11444.64,11513.54,0,2921.6
02-Jun-2017,11550.79,11712.33,11194.49,11353.27,0,1871.83
05-Jun-2017,11331.48,11502.73,11267.08,11437.73,0,2878.03
06-Jun-2017,11422.96,11582.74,11336.85,11496.08,0,1690.78
07-Jun-2017,11467.43,11602.25,11423.43,11557.9,0,2760.02
08-Jun-2017,11563.73,11643.52,11495.6,11575.32,0,4165.03
09-Jun-2017,11556.04,11618.2,11212.75,11273.39,0,2407.61
12-Jun-2017,11312.89,11361.95,11163.95,11212.57,0,2014.19
13-Jun-2017,11236.66,11425.48,11138.4,11326.43,0,2779.24
14-Jun-2017,11324.05,11469.9,11305.42,11451.07,0,3556.26
15-Jun-2017,11443.68,11646.97,11307.72,11510.21,0,2605.2
16-Jun-2017,11519.31,11613.44,11488.37,11582.33,0,2895.91
19-Jun-2017,11606.09,11698.91,11262.32,11353.12,0,3336.29
20-Jun-2017,11342.59,11537.64,11162.3,11357.12,0,6313.47
21-Jun-2017,11319.47,11492.96,11241.45,11414.29,0,1289.41
22-Jun-2017,11384.71,11662.86,11269.2,11545.71,0,1903.32
23-Jun-2017,11545.27,11743.43,11539.83,11737.91,0,2005.97
26-Jun-2017,11732.54,11797.83,11478.21,11542.44,0,2192.62
27-Jun-2017,11540.52,11642.07,11397.59,11498.77,0,3049.16
28-Jun-2017,11478.39,11763.62,11413.79,11697.79,0,3517.64
29-Jun-2017,11716.06,11846.75,11398.11,11526.7,0,4315.86
30-Jun-2017,11518.7,11589.46,11426.39,11497.02,0,2036.3
03-Jul-2017,11525.68,11675.19,11458.93,11607.96,0,1525.28
04-Jul-2017,11584.86,11608.35,11418.5,11441.7,0,5513.71
05-Jul-2017,11446.06,11563.8,11174.41,11290.55,0,2730.72
06-Jul-2017,11311.14,11374.77,10963.05,11025.06,0,2288.36
07-Jul-2017,11026.64,11220.3,10974.74,11167.73,0,2286.49
10-Jul-2017,11159.06,11280.98,11120.07,11241.7,0,4304.82
11-Jul-2017,11240.84,11355.54,11212.52,11327.01,0,3353.34
12-Jul-2017,11304.99,11410.72,11243.53,11349.02,0,4571.25
13-Jul-2017,11330.27,11382.66,11270.96,11323.31,0,4734.71
14-Jul-2017,11351.88,11359.07,11244.06,11251.19,0,3069.09
17-Jul-2017,11237.13,11255.53,11095.46,11113.66,0,2208.49
18-Jul-2017,11123.1,11341.37,11014.84,11232.05,0,3421.35
19-Jul-2017,11234.38,11439.71,11158.36,11362.83,0,3341.94
20-Jul-2017,11345.76,11381.58,11166.43,11201.8,0,1445.83
21-Jul-2017,11188.69,11220.53,11169.88,11201.7,0,3002.92
24-Jul-2017,11172.76,11200.34,11140.07,11167.63,0,4228.67
25-Jul-2017,11154.53,11328.22,11112.66,11285.86,0,1279.01
26-Jul-2017,11313.29,11421.99,11288.66,11397.18,0,2577.21
27-Jul-2017,11415.4,11473.3,11388.76,11446.58,0,4222.3
28-Jul-2017,11427.16,11616.35,11224.3,11413.26,0,973.55
31-Jul-2017,11388.55,11630.88,11264.8,11505.85,0,4884.66
01-Aug-2017,11500.75,11618.92,11460.69,11578.58,0,3923.87
02-Aug-2017,11612.96,11721.04,11555.19,11663.02,0,3362.51
03-Aug-2017,11671.04,11733.75,11467.92,11529.87,0,3078.95
04-Aug-2017,11494.82,11636.08,11212.23,11351.73,0,3630.18
07-Aug-2017,11312.19,11414.82,11228.97,11331.47,0,2954.45
08-Aug-2017,11336.93,11425.89,11264.25,11353.11,0,2729.34
09-Aug-2017,11336.32,11430.83,11113.95,11207.38,0,4558.92
10-Aug-2017,11261.08,11491.25,11179.72,11408.82,0,1452.07
11-Aug-2017,11408.2,11515.03,11309.77,11416.52,0,3594.57
14-Aug-2017,11400.09,11523.2,11130.38,11251.89,0,1497.85
15-Aug-2017,11254.58,11457.59,11152.68,11354.78,0,7059.59
16-Aug-2017,11370.4,11405.52,11173.62,11208.23,0,2674.38
17-Aug-2017,11195.59,11337.95,11082.91,11224.97,0,5307.95
18-Aug-2017,11247.24,11332.69,11133.86,11219.1,0,3438.91
21-Aug-2017,11236.61,11389.17,11133.31,11285.42,0,4434.68
22-Aug-2017,11288.92,11319.21,11110.51,11140.41,0,2109.7
23-Aug-2017,11152.31,11269.52,10906.45,11022.3,0,2502.48
24-Aug-2017,11026.08,11095.58,10865.05,10933.97,0,4030.42
25-Aug-2017,10934.92,11063.97,10659.26,10786.55,0,4089.77
28-Aug-2017,10831.27,10886.86,10535.76,10590.11,0,2083.84
29-Aug-2017,10603.31,10704.98,10378.38,10478.87,0,3959.9
30-Aug-2017,10505.95,10591.02,10440.53,10525.49,0,1791.03
31-Aug-2017,10510.28,10829.1,10458.01,10775.5,0,3305.47
01-Sep-2017,10775.77,10918.24,10673.97,10816.05,0,2179.62
04-Sep-2017,10780.86,10971.79,10641.6,10831.87,0,1672.73
05-Sep-2017,10844.05,10867.98,10754.52,10778.31,0,2476.21
06-Sep-2017,10782.32,10909.29,10721.58,10848.18,0,3136.03
07-Sep-2017,10856.18,10961.57,10703.57,10808.5,0,1494.3
08-Sep-2017,10808.44,11021.93,10765.93,10978.75,0,2890.09
11-Sep-2017,10935.74,11208.24,10890.15,11161.7,0,5405.58
12-Sep-2017,11140.89,11173.27,11109.88,11142.25,0,5971.58
13-Sep-2017,11096.06,11159.42,10965.07,11028.04,0,2630.4
14-Sep-2017,11032.53,11033.62,10921.3,10922.37,0,2772.8
15-Sep-2017,10874.32,10977.19,10697.5,10799.67,0,3794.79
18-Sep-2017,10807.39,11027.71,10682.42,10901.65,0,2609.69
19-Sep-2017,10923.05,10950.05,10854.4,10881.29,0,1398.01
20-Sep-2017,10887.84,10993.32,10829.1,10934.33,0,6757.84
21-Sep-2017,10947.53,11080.01,10936.78,11069.14,0,3331.4
22-Sep-2017,11043.87,11155.29,10893.19,11004.22,0,4377.76
25-Sep-2017,10969.94,11007.36,10819.38,10856.41,0,1294.4
26-Sep-2017,10853.76,10943.38,10759.53,10849.12,0,7273.33
27-Sep-2017,10882.73,11027.75,10773.16,10917.83,0,3823.06
28-Sep-2017,10912.45,10937.18,10765.35,10789.8,0,4930.79
29-Sep-2017,10798.28,10890.86,10616.46,10708.27,0,2882.21
02-Oct-2017,10697.75,10788.65,10539.35,10629.67,0,1988.48
03-Oct-2017,10633.15,10785.23,10480.91,10632.99,0,2820.44
04-Oct-2017,10659.37,10730.74,10486.94,10557.64,0,2658.12
05-Oct-2017,10507.24,10624.91,10292.04,10408.6,0,2596.51
06-Oct-2017,10423.73,10519.52,10336.0,10431.72,0,3071.33
09-Oct-2017,10420.16,10658.91,10317.22,10554.63,0,4260.45
10-Oct-2017,10553.06,10630.07,10500.77,10577.65,0,2894.92
11-Oct-2017,10590.55,10679.19,10334.37,10421.59,0,1451.64
12-Oct-2017,10446.19,10542.43,10168.92,10263.48,0,3107.11
13-Oct-2017,10245.71,10347.28,10214.39,10315.74,0,3567.07
16-Oct-2017,10366.46,10374.23,10182.42,10190.06,0,1721.49
17-Oct-2017,10189.25,10211.83,10077.82,10100.2,0,2828.38
18-Oct-2017,10049.42,10426.97,9951.24,10326.09,0,3032.21
19-Oct-2017,10376.73,10494.54,10329.81,10447.3,0,6444.83
20-Oct-2017,10461.44,10570.3,10183.84,10290.92,0,2673.85
23-Oct-2017,10294.78,10525.77,10216.01,10445.84,0,1861.01
24-Oct-2017,10436.09,10563.01,10164.6,10289.75,0,2024.07
25-Oct-2017,10317.7,10407.81,10230.34,10320.43,0,3501.45
26-Oct-2017,10271.51,10405.99,10216.75,10350.8,0,3796.7
27-Oct-2017,10355.25,10508.18,10097.78,10249.15,0,3619.19
30-Oct-2017,10247.01,10343.95,9921.48,10016.24,0,2611.28
31-Oct-2017,10030.49,10050.18,9845.14,9864.51,0,2683.49
01-Nov-2017,9864.4,9914.15,9617.73,9666.48,0,2876.83
02-Nov-2017,9688.04,9723.56,9627.25,9662.67,0,3892.99
03-Nov-2017,9690.67,9778.27,9640.16,9727.57,0,2400.36
06-Nov-2017,9730.25,9924.59,9686.25,9879.92,0,3394.69
07-Nov-2017,9876.15,10050.43,9808.76,9982.3,0,3059.91
08-Nov-2017,9956.3,9982.29,9928.12,9954.1,0,6525.73
09-Nov-2017,9911.77,10032.22,9823.1,9943.27,0,4587.45
10-Nov-2017,9976.9,10007.19,9913.25,9943.43,0,3581.54
13-Nov-2017,9982.74,10019.17,9805.7,9841.62,0,2853.6
14-Nov-2017,9850.08,9923.44,9558.25,9629.96,0,1850.41
15-Nov-2017,9660.82,9687.62,9635.46,9662.27,0,3445.14
16-Nov-2017,9687.49,9769.95,9634.4,9716.7,0,3887.32
17-Nov-2017,9684.85,9778.53,9535.3,9628.43,0,2898.95
20-Nov-2017,9644.03,9784.55,9587.82,9727.85,0,2986.1
21-Nov-2017,9690.31,9778.2,9659.42,9747.12,0,3109.1
22-Nov-2017,9748.46,9789.07,9725.49,9766.06,0,1480.97
23-Nov-2017,9772.07,9878.99,9724.2,9830.83,0,1320.69
24-Nov-2017,9840.27,9846.99,9750.03,9756.68,0,3578.26
27-Nov-2017,9726.13,9892.14,9656.98,9822.3,0,2107.01
28-Nov-2017,9831.71,9858.25,9791.75,9818.26,0,3622.69
29-Nov-2017,9803.18,9835.62,9720.05,9752.32,0,1700.0
30-Nov-2017,9756.08,9779.04,9751.02,9773.96,0,6733.25
01-Dec-2017,9783.68,9876.52,9611.97,9704.06,0,5219.19
04-Dec-2017,9719.0,9851.22,9623.06,9754.93,0,4877.82
05-Dec-2017,9737.63,9799.21,9608.05,9669.2,0,3829.68
06-Dec-2017,9657.18,9841.02,9564.8,9747.77,0,2422.2
07-Dec-2017,9701.06,9876.77,9600.73,9775.67,0,1837.22
08-Dec-2017,9775.28,10005.96,9750.4,9980.56,0,1254.95
11-Dec-2017,9976.24,10111.51,9919.08,10053.9,0,2350.25
12-Dec-2017,10073.08,10134.32,9928.12,9988.85,0,3348.07
13-Dec-2017,9974.51,10053.05,9858.48,9936.72,0,2888.43
14-Dec-2017,9885.47,10036.28,9800.5,9950.75,0,2899.72
15-Dec-2017,9943.2,10261.79,9845.82,10162.26,0,1345.43
18-Dec-2017,10151.08,10243.23,10078.78,10170.79,0,4974.79
19-Dec-2017,10138.91,10398.02,10077.36,10335.27,0,4301.88
20-Dec-2017,10318.59,10440.25,10289.58,10410.99,0,2456.73
21-Dec-2017,10393.32,10513.19,10388.74,10508.56,0,2481.28
22-Dec-2017,10519.91,10614.74,10383.99,10478.45,0,4708.96
25-Dec-2017,10501.1,10671.52,10425.27,10595.01,0,1763.24
26-Dec-2017,10580.52,10652.54,10383.57,10454.73,0,2601.54
27-Dec-2017,10485.81,10539.11,10373.16,10426.15,0,3179.62
28-Dec-2017,10397.48,10508.32,10319.04,10429.64,0,2591.4
29-Dec-2017,10435.86,10601.29,10347.09,10511.87,0,4031.6
01-Jan-2018,10513.03,10769.62,10455.57,10711.07,0,3102.41
02-Jan-2018,10703.96,10802.87,10575.51,10674.14,0,2739.32
03-Jan-2018,10685.6,10865.94,10601.79,10781.37,0,2616.46
04-Jan-2018,10777.54,11085.66,10715.39,11022.1,0,2171.12
05-Jan-2018,11031.32,11126.14,10962.48,11057.14,0,1863.95
08-Jan-2018,11064.11,11186.31,11019.44,11141.33,0,3363.14
09-Jan-2018,11186.42,11291.38,10787.95,10890.13,0,1663.93
10-Jan-2018,10924.24,10976.61,10872.8,10925.16,0,4538.74
11-Jan-2018,10887.43,11146.67,10790.1,11047.9,0,2303.99
12-Jan-2018,11051.83,11091.69,11007.76,11047.6,0,3622.94
15-Jan-2018,11081.05,11178.04,11002.15,11099.02,0,3037.64
16-Jan-2018,11051.16,11351.07,10954.55,11252.7,0,1900.08
17-Jan-2018,11256.46,11346.42,11146.67,11236.47,0,2532.07
18-Jan-2018,11207.62,11479.04,11103.28,11373.15,0,1565.69
19-Jan-2018,11412.59,11478.74,11120.92,11185.75,0,4891.56
22-Jan-2018,11207.06,11509.2,11171.4,11472.7,0,4638.03
23-Jan-2018,11434.45,11553.54,11340.0,11458.89,0,2897.96
24-Jan-2018,11481.75,11526.33,11416.82,11461.32,0,4930.44
25-Jan-2018,11519.45,11599.53,11325.4,11404.68,0,3499.91
26-Jan-2018,11425.08,11528.75,11028.34,11129.33,0,1572.38
29-Jan-2018,11153.84,11171.35,11118.47,11135.95,0,3006.29
30-Jan-2018,11146.35,11463.88,11067.92,11383.77,0,3830.11
31-Jan-2018,11389.4,11481.24,11221.11,11312.32,0,2970.94
01-Feb-2018,11303.25,11571.31,11243.47,11510.43,0,4804.46
02-Feb-2018,11532.57,11639.01,11425.06,11531.49,0,7188.07
05-Feb-2018,11554.17,11890.92,11537.09,11873.37,0,1955.22
06-Feb-2018,11851.42,11906.06,11753.21,11807.65,0,1157.03
07-Feb-2018,11751.68,11772.54,11587.16,11607.76,0,3002.99
08-Feb-2018,11620.58,11746.63,11540.71,11666.44,0,1629.31
09-Feb-2018,11644.34,11936.72,11558.38,11849.24,0,2985.37
12-Feb-2018,11846.57,11988.15,11801.44,11942.64,0,2874.51
13-Feb-2018,11951.1,12113.14,11893.34,12054.88,0,6451.74
14-Feb-2018,12034.09,12174.52,11996.17,12136.28,0,4512.89
15-Feb-2018,12180.83,12270.21,11933.97,12022.2,0,2766.43
16-Feb-2018,12010.99,12055.03,11617.94,11660.69,0,1233.0
19-Feb-2018,11647.97,11739.11,11429.83,11519.96,0,1262.68
20-Feb-2018,11504.33,11751.61,11377.87,11623.83,0,3546.3
21-Feb-2018,11625.58,11694.36,11547.05,11615.77,0,1468.81
22-Feb-2018,11609.23,11805.58,11520.91,11716.45,0,2024.05
23-Feb-2018,11710.98,11854.82,11696.97,11840.65,0,1821.01
26-Feb-2018,11816.94,11911.62,11482.9,11575.65,0,2596.56
27-Feb-2018,11570.69,11743.48,11184.21,11353.76,0,3579.21
28-Feb-2018,11376.12,11439.09,11290.33,11353.16,0,2553.29
01-Mar-2018,11372.06,11474.65,11150.59,11252.1,0,2709.77
02-Mar-2018,11274.81,11417.81,10967.06,11107.94,0,1585.52
05-Mar-2018,11123.87,11190.43,10789.04,10853.98,0,3875.57
06-Mar-2018,10845.44,10907.12,10664.63,10725.63,0,3077.58
07-Mar-2018,10720.36,10862.43,10667.99,10809.62,0,4087.0
08-Mar-2018,10802.11,10832.43,10755.41,10785.68,0,2554.77
09-Mar-2018,10784.05,10950.45,10718.47,10884.26,0,1773.84
12-Mar-2018,10916.29,10971.28,10744.96,10799.37,0,2092.02
13-Mar-2018,10789.54,10936.55,10761.27,10907.96,0,3028.16
14-Mar-2018,10932.11,11157.08,10863.28,11087.28,0,1840.81
15-Mar-2018,11071.9,11332.65,11043.62,11303.79,0,2883.33
16-Mar-2018,11278.28,11389.19,11166.6,11277.5,0,3992.03
19-Mar-2018,11289.6,11361.39,11269.21,11340.91,0,2477.93
20-Mar-2018,11350.44,11531.96,11260.92,11441.72,0,1872.63
21-Mar-2018,11412.9,11554.22,11311.27,11452.23,0,4666.14
22-Mar-2018,11451.85,11580.51,11431.8,11560.27,0,2166.39
23-Mar-2018,11541.74,11672.37,11450.43,11580.76,0,5367.74
26-Mar-2018,11569.27,11620.28,11482.01,11532.86,0,2500.48
27-Mar-2018,11513.09,11779.59,11395.43,11660.43,0,1466.62
28-Mar-2018,11648.16,11741.79,11527.33,11620.74,0,3678.78
29-Mar-2018,11643.94,11749.92,11556.97,11662.81,0,3066.1
30-Mar-2018,11716.49,11783.31,11479.98,11545.83,0,5535.4
02-Apr-2018,11526.68,11538.36,11272.32,11283.75,0,2610.4
03-Apr-2018,11289.37,11436.22,11216.4,11362.78,0,1553.03
04-Apr-2018,11317.91,11688.75,11276.23,11645.86,0,1841.96
05-Apr-2018,11674.37,11849.96,11620.79,11795.82,0,3372.97
06-Apr-2018,11804.54,12043.27,11748.03,11985.89,0,2670.31
09-Apr-2018,11992.43,12169.6,11920.79,12097.34,0,4654.1
10-Apr-2018,12108.59,12163.09,11843.55,11897.1,0,3377.94
11-Apr-2018,11857.4,12001.08,11655.71,11798.67,0,3434.77
12-Apr-2018,11818.69,11935.04,11715.03,11831.28,0,3153.36
13-Apr-2018,11839.95,12055.18,11746.22,11960.5,0,2981.24
16-Apr-2018,11967.38,12062.2,11728.87,11822.55,0,4715.01
17-Apr-2018,11838.29,11915.87,11739.31,11816.74,0,2740.3
18-Apr-2018,11859.64,11998.98,11591.03,11728.83,0,2068.82
19-Apr-2018,11725.37,11835.96,11663.31,11773.64,0,2612.42
20-Apr-2018,11789.44,11934.01,11710.42,11854.55,0,5793.14
23-Apr-2018,11835.48,12024.5,11711.8,11900.15,0,2348.6
24-Apr-2018,11939.42,12021.55,11814.76,11896.59,0,4451.6
25-Apr-2018,11931.95,11938.21,11491.78,11497.81,0,3761.08
26-Apr-2018,11508.34,11575.16,11448.02,11514.81,0,2627.87
27-Apr-2018,11540.8,11614.64,11444.63,11518.33,0,3512.65
30-Apr-2018,11515.09,11605.25,11475.97,11565.96,0,4230.74
01-May-2018,11636.45,11672.51,11569.66,11605.62,0,2308.42
02-May-2018,11629.99,11707.0,11275.26,11350.41,0,1302.62
03-May-2018,11352.32,11503.61,11297.36,11448.2,0,2476.84
04-May-2018,11466.93,11547.43,11272.18,11351.87,0,1822.14
07-May-2018,11366.84,11697.45,11235.07,11563.4,0,3101.63
08-May-2018,11582.02,11643.77,11497.72,11559.35,0,3304.37
09-May-2018,11557.74,11632.21,11277.5,11350.63,0,2645.85
10-May-2018,11356.64,11500.19,11295.28,11438.39,0,2348.71
11-May-2018,11410.16,11765.47,11263.33,11616.0,0,5770.44
14-May-2018,11604.82,11636.48,11538.58,11570.14,0,6266.5
15-May-2018,11578.28,11623.19,11487.65,11532.38,0,3508.41
16-May-2018,11455.36,11663.8,11382.13,11589.71,0,4343.94
17-May-2018,11590.07,11717.72,11393.65,11520.54,0,3141.14
18-May-2018,11506.18,11674.38,11383.85,11551.56,0,1845.92
21-May-2018,11530.58,11624.9,11433.2,11527.5,0,1771.08
22-May-2018,11565.82,11609.76,11316.82,11359.98,0,3147.45
23-May-2018,11368.55,11536.35,11308.33,11475.56,0,2367.61
24-May-2018,11445.63,11621.74,11380.78,11556.26,0,3580.01
25-May-2018,11533.65,11597.52,11367.51,11430.81,0,3865.75
28-May-2018,11419.03,11558.37,11416.69,11556.0,0,3507.64
29-May-2018,11569.25,11623.7,11284.84,11338.2,0,2073.94
30-May-2018,11357.59,11589.05,11258.03,11488.35,0,1864.35
31-May-2018,11456.22,11651.37,11311.4,11505.92,0,5162.85
01-Jun-2018,11509.98,11789.4,11445.53,11723.75,0,3864.51
04-Jun-2018,11770.23,12269.85,11634.25,12129.73,0,4309.26
05-Jun-2018,12103.37,12171.39,11977.85,12045.55,0,1898.26
06-Jun-2018,12051.46,12152.54,11931.92,12032.84,0,1577.04
07-Jun-2018,12025.67,12164.5,11932.59,12071.06,0,2790.09
08-Jun-2018,12085.01,12281.79,11966.71,12162.74,0,3787.7
11-Jun-2018,12176.05,12268.74,11939.24,12030.83,0,7879.6
12-Jun-2018,11998.25,12182.83,11889.29,12073.18,0,2370.12
13-Jun-2018,12066.97,12155.58,11693.13,11779.62,0,7812.03
14-Jun-2018,11751.34,11846.67,11684.5,11779.67,0,3453.89
15-Jun-2018,11851.21,11868.39,11694.37,11711.34,0,2650.25
18-Jun-2018,11742.71,11922.39,11676.43,11855.48,0,2601.57
19-Jun-2018,11828.84,12198.09,11702.82,12069.5,0,1562.76
20-Jun-2018,12041.85,12259.51,11969.02,12185.8,0,1424.34
21-Jun-2018,12112.71,12251.13,12001.91,12140.08,0,2192.55
22-Jun-2018,12162.37,12364.02,12035.21,12236.09,0,5391.84
25-Jun-2018,12244.32,12539.97,12210.31,12505.24,0,2494.55
26-Jun-2018,12472.85,12611.87,12404.66,12543.29,0,2438.02
27-Jun-2018,12533.38,12541.52,12399.37,12407.42,0,3596.85
28-Jun-2018,12396.21,12477.46,12318.14,12399.37,0,4651.62
29-Jun-2018,12373.99,12816.34,12286.26,12726.11,0,1398.2
02-Jul-2018,12733.45,12851.77,12516.0,12633.39,0,2823.49
03-Jul-2018,12645.4,12707.83,12451.63,12513.41,0,2970.67
04-Jul-2018,12521.89,12561.69,12173.66,12212.48,0,1481.19
05-Jul-2018,12179.6,12388.22,12096.55,12304.32,0,2370.89
06-Jul-2018,12309.13,12465.01,12273.11,12428.64,0,2148.65
09-Jul-2018,12405.42,12603.2,12340.87,12537.96,0,2734.4
10-Jul-2018,12510.72,12691.91,12445.13,12625.71,0,4299.82
11-Jul-2018,12590.28,12654.59,12535.69,12599.95,0,3529.14
12-Jul-2018,12594.89,12639.45,12503.3,12547.69,0,5307.46
13-Jul-2018,12540.29,12573.44,12515.12,12548.25,0,3485.11
16-Jul-2018,12548.65,12707.1,12421.55,12579.68,0,4817.86
17-Jul-2018,12574.58,12849.3,12522.24,12796.04,0,1940.38
18-Jul-2018,12767.38,12878.83,12404.28,12513.51,0,3895.71
19-Jul-2018,12509.14,12801.23,12446.5,12737.45,0,2279.2
20-Jul-2018,12747.3,12843.7,12586.82,12682.74,0,3795.11
23-Jul-2018,12655.55,12742.52,12340.45,12425.84,0,2779.44
24-Jul-2018,12429.78,12603.88,12376.09,12549.68,0,1891.84
25-Jul-2018,12579.76,12664.51,12416.78,12501.0,0,3485.2
26-Jul-2018,12528.42,12558.84,12332.31,12362.33,0,5748.44
27-Jul-2018,12379.67,12434.97,12201.5,12256.25,0,1917.88
30-Jul-2018,12265.96,12444.79,12161.01,12339.21,0,1734.28
31-Jul-2018,12356.64,12637.48,12324.99,12605.19,0,1529.65
01-Aug-2018,12591.13,12797.36,12573.36,12779.32,0,4033.02
02-Aug-2018,12798.9,12888.76,12594.93,12683.98,0,2322.94
03-Aug-2018,12708.48,12851.72,12659.25,12802.13,0,4652.21
06-Aug-2018,12824.54,12902.75,12582.51,12659.72,0,3098.42
07-Aug-2018,12661.68,12828.74,12600.32,12766.86,0,2754.58
08-Aug-2018,12731.01,12925.57,12683.61,12877.63,0,1723.41
09-Aug-2018,12864.1,13129.27,12789.53,13053.61,0,3617.41
10-Aug-2018,13048.53,13439.29,12891.93,13279.91,0,1500.26
13-Aug-2018,13258.39,13402.58,12703.4,12843.07,0,3375.77
14-Aug-2018,12815.27,12867.11,12756.68,12808.49,0,1626.5
15-Aug-2018,12836.45,12960.86,12508.03,12630.44,0,1952.49
16-Aug-2018,12664.73,12770.26,12616.92,12722.23,0,3397.11
17-Aug-2018,12689.33,12833.89,12616.17,12760.33,0,2064.22
20-Aug-2018,12731.76,12825.01,12607.05,12700.06,0,3759.61
21-Aug-2018,12735.71,12823.53,12594.95,12682.4,0,3336.41
22-Aug-2018,12701.89,12944.23,12605.32,12846.55,0,4442.65
23-Aug-2018,12804.72,12960.32,12742.37,12897.52,0,3976.65
24-Aug-2018,12964.78,13247.36,12832.09,13113.15,0,2734.15
27-Aug-2018,13162.95,13279.91,12829.03,12944.05,0,2259.44
28-Aug-2018,12940.43,13106.73,12897.75,13063.65,0,1082.33
29-Aug-2018,13092.44,13193.49,12957.36,13058.14,0,2381.29
30-Aug-2018,13083.86,13215.55,13016.03,13147.39,0,1460.91
31-Aug-2018,13168.45,13311.94,12938.34,13080.87,0,4813.29
03-Sep-2018,13053.35,13218.24,12948.77,13113.18,0,6586.18
04-Sep-2018,13105.03,13201.64,12953.56,13049.76,0,1834.41
05-Sep-2018,13000.31,13071.47,12858.2,12928.97,0,4681.44
06-Sep-2018,12926.67,13193.08,12888.05,13153.79,0,3881.33
07-Sep-2018,13130.68,13230.37,13026.91,13126.57,0,2810.49
10-Sep-2018,13051.09,13159.2,12873.6,12981.12,0,2166.21
11-Sep-2018,12961.83,13043.32,12689.72,12770.01,0,3039.04
12-Sep-2018,12772.01,12893.57,12586.26,12707.21,0,3259.98
13-Sep-2018,12705.72,12852.89,12618.03,12764.79,0,4098.97
14-Sep-2018,12719.85,12916.42,12530.39,12726.86,0,2259.65
17-Sep-2018,12750.44,12859.87,12399.02,12506.35,0,3114.24
18-Sep-2018,12476.53,12483.04,12319.63,12326.05,0,2256.81
19-Sep-2018,12326.51,12423.51,12084.3,12180.15,0,1996.83
20-Sep-2018,12172.37,12291.89,12116.92,12236.14,0,2882.73
21-Sep-2018,12227.8,12283.51,12060.03,12115.23,0,2853.07
24-Sep-2018,12163.87,12181.61,11840.93,11858.23,0,2035.11
25-Sep-2018,11866.82,12121.59,11797.26,12050.95,0,2248.29
26-Sep-2018,12032.72,12379.24,11899.8,12243.98,0,3295.56
27-Sep-2018,12238.29,12353.93,12144.24,12259.72,0,4146.18
28-Sep-2018,12281.81,12347.12,12114.8,12179.56,0,4390.03
01-Oct-2018,12158.04,12209.62,11917.76,11968.54,0,2189.89
02-Oct-2018,11941.5,12038.73,11763.37,11859.93,0,2379.65
03-Oct-2018,11820.45,12341.48,11737.79,12255.77,0,3402.54
04-Oct-2018,12251.89,12340.31,12208.65,12296.91,0,1949.12
05-Oct-2018,12313.1,12364.45,12108.2,12158.91,0,3247.92
08-Oct-2018,12154.51,12223.87,12108.18,12177.46,0,2175.27
09-Oct-2018,12182.24,12276.21,11972.08,12065.15,0,2513.0
10-Oct-2018,12051.91,12172.07,11638.23,11755.43,0,2113.66
11-Oct-2018,11796.45,11804.15,11656.43,11664.05,0,4329.02
12-Oct-2018,11686.96,11805.58,11604.18,11722.55,0,3224.83
15-Oct-2018,11694.82,11808.59,11584.28,11698.02,0,2760.32
16-Oct-2018,11725.6,11811.74,11535.12,11620.49,0,1947.94
17-Oct-2018,11635.09,11944.7,11503.85,11811.47,0,1615.47
18-Oct-2018,11803.99,11880.2,11763.48,11839.56,0,1829.04
19-Oct-2018,11843.72,11933.66,11746.17,11836.06,0,2151.06
22-Oct-2018,11813.2,12071.24,11753.7,12010.75,0,2751.15
23-Oct-2018,12032.55,12199.57,11804.17,11970.33,0,1336.97
24-Oct-2018,11969.08,12261.74,11912.5,12204.04,0,2586.56
25-Oct-2018,12197.58,12250.52,12174.18,12227.07,0,2370.43
26-Oct-2018,12201.43,12353.98,12145.06,12297.17,0,3059.84
29-Oct-2018,12342.98,12409.7,11952.3,12017.26,0,3615.79
30-Oct-2018,12039.83,12115.75,11912.0,11987.59,0,1784.43
31-Oct-2018,11974.02,12103.57,11784.81,11913.7,0,2801.01
01-Nov-2018,11907.08,12078.66,11862.4,12033.51,0,3208.15
02-Nov-2018,12042.29,12183.31,11934.84,12075.56,0,2414.98
05-Nov-2018,12044.39,12052.45,11626.11,11633.9,0,2952.15
06-Nov-2018,11628.43,11679.36,11548.02,11598.83,0,2308.79
07-Nov-2018,11611.37,11735.61,11473.95,11598.04,0,3219.93
08-Nov-2018,11602.97,11618.25,11345.86,11360.82,0,2377.66
09-Nov-2018,11351.87,11377.41,11286.37,11311.82,0,2243.87
12-Nov-2018,11280.27,11350.17,11159.88,11229.46,0,3907.82
13-Nov-2018,11273.91,11300.47,11175.19,11201.58,0,5131.73
14-Nov-2018,11193.76,11366.31,11126.43,11298.34,0,4841.98
15-Nov-2018,11267.57,11504.25,11183.59,11419.15,0,4387.21
16-Nov-2018,11381.76,11471.25,11215.62,11304.51,0,2841.82
19-Nov-2018,11319.78,11347.68,11191.3,11218.95,0,4013.44
20-Nov-2018,11270.05,11352.45,10973.34,11054.16,0,1389.51
21-Nov-2018,11052.51,11108.28,10827.5,10882.41,0,4094.87
22-Nov-2018,10857.57,10891.83,10670.17,10703.94,0,3558.08
23-Nov-2018,10714.35,10829.22,10667.45,10782.03,0,2521.17
26-Nov-2018,10775.37,10916.17,10764.07,10904.73,0,3539.29
27-Nov-2018,10896.83,10947.2,10702.01,10751.7,0,2428.29
28-Nov-2018,10779.17,10883.72,10576.19,10679.78,0,5326.51
29-Nov-2018,10663.38,10704.08,10593.14,10633.72,0,3957.82
30-Nov-2018,10636.36,10766.65,10565.22,10695.11,0,2263.16
03-Dec-2018,10685.43,10710.7,10630.26,10655.46,0,2420.0
04-Dec-2018,10667.97,10960.86,10620.93,10912.74,0,4988.85
05-Dec-2018,10897.89,10967.67,10701.38,10770.35,0,2840.03
06-Dec-2018,10776.76,10916.82,10738.38,10878.08,0,4905.99
07-Dec-2018,10901.74,11020.84,10857.58,10976.38,0,2323.0
10-Dec-2018,10976.54,11043.06,10809.0,10874.9,0,2551.96
11-Dec-2018,10846.13,10879.5,10787.99,10821.29,0,2497.77
12-Dec-2018,10811.66,10936.6,10738.77,10863.37,0,2365.63
13-Dec-2018,10864.72,10899.29,10591.6,10625.41,0,3098.74
14-Dec-2018,10607.49,10701.82,10384.13,10477.3,0,5060.74
17-Dec-2018,10485.91,10556.96,10375.1,10445.87,0,1687.89
18-Dec-2018,10443.95,10575.44,10361.75,10492.86,0,1631.96
19-Dec-2018,10500.61,10762.61,10495.07,10756.94,0,3442.55
20-Dec-2018,10746.13,10979.61,10660.54,10892.86,0,2544.1
21-Dec-2018,10893.48,10996.69,10817.21,10920.23,0,4876.35
24-Dec-2018,10916.46,11012.98,10660.51,10755.61,0,1271.96
25-Dec-2018,10730.1,10845.98,10667.04,10782.62,0,1832.64
26-Dec-2018,10774.24,10885.41,10734.34,10845.25,0,2938.5
27-Dec-2018,10850.08,11025.54,10764.19,10938.94,0,3310.27
28-Dec-2018,10917.66,11042.74,10867.34,10992.07,0,5953.8
31-Dec-2018,10927.57,11116.97,10825.55,11014.14,0,3693.97
01-Jan-2019,10987.51,11067.65,10619.0,10697.02,0,4185.77
02-Jan-2019,10730.75,10928.83,10669.75,10867.05,0,3199.39
03-Jan-2019,10886.99,11036.47,10702.61,10851.61,0,2134.5
04-Jan-2019,10859.98,10902.82,10842.04,10884.84,0,2304.15
07-Jan-2019,10880.98,10953.59,10720.33,10792.34,0,1920.71
08-Jan-2019,10825.02,10974.26,10777.68,10926.47,0,3700.61
09-Jan-2019,10917.89,10955.74,10763.53,10800.97,0,4324.94
10-Jan-2019,10795.94,11083.97,10784.95,11072.69,0,2047.1
11-Jan-2019,11097.31,11187.11,11036.98,11126.63,0,3983.1
14-Jan-2019,11163.75,11237.8,11070.71,11144.63,0,2266.33
15-Jan-2019,11142.3,11276.15,11058.91,11192.39,0,3182.8
16-Jan-2019,11198.5,11384.44,11168.56,11354.09,0,3349.74
17-Jan-2019,11384.74,11629.31,11279.36,11522.66,0,4501.1
18-Jan-2019,11514.36,11650.7,11485.98,11622.05,0,2678.12
21-Jan-2019,11639.66,11716.72,11531.65,11608.5,0,2868.78
22-Jan-2019,11593.52,11707.81,11277.09,11389.37,0,2694.52
23-Jan-2019,11397.35,11437.27,11212.14,11251.54,0,5356.09
24-Jan-2019,11268.18,11461.71,11111.07,11304.1,0,3406.84
25-Jan-2019,11318.56,11549.11,11225.56,11454.99,0,2866.91
28-Jan-2019,11425.02,11640.54,11305.32,11519.85,0,3228.69
29-Jan-2019,11511.51,11772.39,11392.6,11652.03,0,2362.53
30-Jan-2019,11648.22,11702.93,11375.58,11429.26,0,2764.48
31-Jan-2019,11404.45,11696.55,11323.25,11613.85,0,2504.58
01-Feb-2019,11638.84,11740.31,11378.15,11478.23,0,2558.84
04-Feb-2019,11399.87,11544.13,11342.43,11486.25,0,1677.33
05-Feb-2019,11440.36,11669.31,11356.25,11584.15,0,5973.89
06-Feb-2019,11563.63,11687.85,11498.47,11622.36,0,4526.98
07-Feb-2019,11582.01,11930.31,11509.36,11855.94,0,5610.84
08-Feb-2019,11913.72,11994.25,11636.62,11715.8,0,3378.4
11-Feb-2019,11741.57,11770.75,11511.65,11540.33,0,2728.69
12-Feb-2019,11569.17,11690.5,11344.74,11464.98,0,1555.56
13-Feb-2019,11466.19,11547.32,11148.05,11227.48,0,3714.2
14-Feb-2019,11230.79,11266.31,11062.46,11097.56,0,6940.47
15-Feb-2019,11072.95,11127.5,10780.06,10833.44,0,2915.39
18-Feb-2019,10828.52,10976.93,10741.75,10889.67,0,2035.66
19-Feb-2019,10899.29,11142.38,10827.7,11069.67,0,4608.62
20-Feb-2019,11086.7,11117.65,10959.61,10990.29,0,3293.19
21-Feb-2019,10968.51,11086.29,10869.06,10986.69,0,3460.77
22-Feb-2019,10996.64,11141.85,10937.47,11082.22,0,2105.51
25-Feb-2019,11058.89,11167.7,11041.5,11150.17,0,2266.84
26-Feb-2019,11193.49,11381.95,11154.53,11342.47,0,3345.03
27-Feb-2019,11378.82,11450.25,11374.22,11445.63,0,3155.92
28-Feb-2019,11475.75,11512.12,11389.75,11425.97,0,945.78
01-Mar-2019,11445.3,11616.71,11386.38,11557.21,0,2089.7
04-Mar-2019,11575.99,11675.79,11503.33,11602.97,0,3008.52
05-Mar-2019,11591.86,11770.94,11550.15,11728.74,0,3862.48
06-Mar-2019,11692.55,11849.08,11599.98,11756.01,0,2472.22
07-Mar-2019,11752.8,12020.2,11679.02,11945.22,0,2167.7
08-Mar-2019,11940.62,12153.59,11845.44,12057.48,0,2128.46
11-Mar-2019,12051.31,12378.07,11964.58,12289.62,0,3336.28
12-Mar-2019,12338.33,12417.91,12140.9,12219.71,0,1815.45
13-Mar-2019,12220.9,12454.95,12155.77,12388.92,0,2606.2
14-Mar-2019,12371.76,12503.94,12185.32,12316.9,0,2751.08
15-Mar-2019,12332.79,12503.05,12256.3,12425.99,0,1829.1
18-Mar-2019,12417.23,12496.46,12314.62,12393.7,0,3296.43
19-Mar-2019,12374.13,12644.66,12235.01,12504.09,0,2870.61
20-Mar-2019,12467.79,12614.91,12180.29,12325.73,0,1766.86
21-Mar-2019,12309.28,12454.06,12270.87,12415.32,0,3013.95
22-Mar-2019,12414.66,12716.13,12328.14,12628.12,0,3550.5
25-Mar-2019,12587.76,12611.94,12390.16,12414.01,0,1624.75
26-Mar-2019,12395.77,12483.46,12323.26,12410.86,0,2524.06
27-Mar-2019,12429.22,12628.45,12328.26,12526.71,0,2144.87
28-Mar-2019,12516.93,12585.21,12195.29,12262.18,0,1806.56
29-Mar-2019,12238.23,12284.48,12070.79,12116.58,0,4082.92
01-Apr-2019,12116.24,12238.07,12076.8,12198.36,0,2985.9
02-Apr-2019,12204.81,12577.64,12132.15,12503.2,0,6553.02
03-Apr-2019,12494.08,12606.21,12417.56,12529.47,0,1985.33
04-Apr-2019,12508.92,12694.08,12443.26,12627.79,0,1745.95
05-Apr-2019,12618.45,12913.32,12602.31,12896.83,0,1688.69
08-Apr-2019,12885.98,12919.33,12809.36,12842.6,0,3720.15
09-Apr-2019,12851.7,12941.19,12636.92,12725.53,0,7998.3
10-Apr-2019,12731.37,12807.37,12590.55,12666.16,0,4310.56
11-Apr-2019,12627.59,12705.38,12417.43,12494.41,0,5590.95
12-Apr-2019,12537.5,12551.81,12477.03,12491.29,0,1603.18
15-Apr-2019,12503.18,12544.12,12241.67,12281.88,0,3240.38
16-Apr-2019,12251.67,12480.36,12168.7,12396.4,0,3027.96
17-Apr-2019,12364.75,12528.31,12288.98,12452.02,0,4690.36
18-Apr-2019,12478.26,12612.9,12240.9,12374.41,0,2406.74
19-Apr-2019,12402.83,12515.45,12378.39,12490.83,0,3450.87
22-Apr-2019,12495.52,12599.66,12228.45,12331.22,0,4703.81
23-Apr-2019,12342.66,12605.55,12240.87,12502.43,0,3301.86
24-Apr-2019,12506.3,12710.96,12501.19,12705.77,0,4271.18
25-Apr-2019,12722.42,13004.78,12657.92,12939.19,0,6285.89
26-Apr-2019,12951.87,13036.8,12605.37,12688.57,0,3673.39
29-Apr-2019,12707.14,12787.99,12514.06,12594.19,0,5236.06
30-Apr-2019,12573.76,12774.54,12443.91,12643.98,0,4282.36
01-May-2019,12680.05,12744.08,12383.71,12446.56,0,2234.98
02-May-2019,12431.23,12497.44,12197.04,12262.36,0,3182.44
03-May-2019,12307.77,12360.08,11948.54,11999.54,0,2724.26
06-May-2019,11961.63,12335.66,11832.99,12204.41,0,2155.31
07-May-2019,12188.23,12407.41,12060.28,12278.52,0,3556.61
08-May-2019,12280.01,12340.53,12184.55,12244.9,0,4518.7
09-May-2019,12243.64,12527.35,12094.17,12376.25,0,1950.44
10-May-2019,12368.3,12494.19,12359.91,12485.72,0,1777.25
13-May-2019,12527.68,12725.77,12454.51,12651.88,0,3240.52
14-May-2019,12666.94,13057.55,12543.65,12931.68,0,3353.42
15-May-2019,12900.69,13007.11,12853.72,12959.92,0,1969.54
16-May-2019,12965.61,13043.18,12744.26,12820.96,0,2765.11
17-May-2019,12776.0,13111.25,12754.07,13088.78,0,2270.02
20-May-2019,13063.93,13199.76,12855.46,12990.53,0,2397.49
21-May-2019,13001.0,13414.84,12880.03,13291.17,0,4368.82
22-May-2019,13314.41,13403.49,13197.51,13286.4,0,2000.06
23-May-2019,13304.82,13405.56,13218.41,13319.06,0,2584.28
24-May-2019,13377.94,13613.23,13366.09,13601.19,0,2236.26
27-May-2019,13607.41,13700.15,13508.25,13600.94,0,2146.46
28-May-2019,13613.14,13717.03,13581.01,13684.72,0,3093.51
29-May-2019,13692.58,13869.71,13649.12,13825.83,0,3143.25
30-May-2019,13809.33,13911.71,13644.34,13746.26,0,1532.32
31-May-2019,13756.16,13862.0,13429.85,13533.98,0,4072.7
03-Jun-2019,13562.57,13623.85,13317.08,13377.52,0,5371.59
04-Jun-2019,13403.25,13502.69,13045.6,13143.12,0,1461.8
05-Jun-2019,13165.72,13257.07,12882.06,12972.07,0,4469.87
06-Jun-2019,12980.65,13033.74,12912.55,12965.58,0,2129.17
07-Jun-2019,12984.85,13180.13,12870.66,13065.22,0,2405.2
10-Jun-2019,13131.3,13168.84,13101.85,13139.36,0,1481.1
11-Jun-2019,13176.01,13579.17,13053.45,13454.03,0,4112.29
12-Jun-2019,13474.12,13527.13,13078.58,13130.24,0,3356.11
13-Jun-2019,13166.0,13217.27,13165.05,13216.32,0,3085.0
14-Jun-2019,13232.24,13446.61,13174.04,13387.73,0,3023.97
17-Jun-2019,13335.83,13502.95,13281.36,13448.02,0,2949.04
18-Jun-2019,13453.56,13588.05,13258.1,13391.98,0,1668.62
19-Jun-2019,13394.45,13473.16,13258.03,13336.4,0,2654.29
20-Jun-2019,13368.02,13461.06,13327.15,13420.03,0,4162.0
21-Jun-2019,13441.88,13474.41,13334.46,13366.81,0,2500.97
24-Jun-2019,13329.36,13531.63,13325.62,13527.83,0,1731.73
25-Jun-2019,13498.94,13605.65,13394.24,13500.94,0,3580.59
26-Jun-2019,13496.4,13587.04,13410.86,13501.47,0,1059.49
27-Jun-2019,13476.0,13775.08,13358.01,13655.51,0,1133.84
28-Jun-2019,13655.31,13893.05,13578.8,13815.65,0,1937.38
01-Jul-2019,13840.43,13979.35,13840.16,13979.09,0,3719.42
02-Jul-2019,13941.92,14268.97,13854.56,14180.12,0,3456.45
03-Jul-2019,14179.84,14307.27,14016.25,14143.36,0,3079.78
04-Jul-2019,14112.35,14498.22,14034.95,14419.13,0,2044.58
05-Jul-2019,14449.92,14533.37,14111.85,14193.82,0,2944.49
08-Jul-2019,14211.98,14420.94,14152.36,14360.7,0,2366.3
09-Jul-2019,14376.41,14485.34,14197.26,14305.65,0,3718.49
10-Jul-2019,14281.56,14332.8,14237.38,14288.6,0,3379.53
11-Jul-2019,14279.44,14497.62,14237.02,14454.68,0,1874.6
12-Jul-2019,14437.03,14570.93,14354.5,14488.11,0,3376.69
15-Jul-2019,14487.6,14574.24,14156.57,14241.74,0,5448.66
16-Jul-2019,14261.76,14571.23,14162.94,14470.97,0,3955.49
17-Jul-2019,14463.13,14692.8,14316.14,14544.97,0,2110.35
18-Jul-2019,14542.22,14604.09,14446.62,14508.34,0,4055.24
19-Jul-2019,14510.14,14712.16,14349.38,14550.95,0,1842.59
22-Jul-2019,14531.87,14656.96,14268.07,14391.95,0,6167.39
23-Jul-2019,14383.52,14588.58,14244.86,14449.28,0,3574.34
24-Jul-2019,14489.55,14574.35,14358.98,14443.52,0,3522.48
25-Jul-2019,14495.78,14563.62,14410.02,14477.76,0,4178.67
26-Jul-2019,14494.0,14512.46,14458.31,14476.75,0,3927.8
29-Jul-2019,14466.11,14618.0,14314.36,14466.25,0,2493.87
30-Jul-2019,14484.09,14622.55,14390.52,14528.69,0,3057.34
31-Jul-2019,14556.6,14870.5,14432.8,14745.09,0,5176.02
01-Aug-2019,14750.14,15059.63,14689.7,14998.18,0,3598.59
02-Aug-2019,14919.17,15060.41,14666.28,14806.46,0,2373.31
05-Aug-2019,14811.88,14916.39,14406.93,14509.31,0,2645.4
06-Aug-2019,14512.07,14628.67,14409.86,14526.35,0,2212.7
07-Aug-2019,14557.48,14865.26,14502.7,14809.53,0,1575.71
08-Aug-2019,14867.28,15002.9,14629.5,14764.18,0,3404.27
09-Aug-2019,14743.88,14868.45,14423.24,14546.14,0,4527.02
12-Aug-2019,14495.9,14787.17,14454.07,14744.62,0,1539.7
13-Aug-2019,14761.08,14804.05,14715.21,14758.17,0,3161.8
14-Aug-2019,14743.09,14801.98,14611.37,14669.97,0,4917.16
15-Aug-2019,14650.05,14998.74,14562.12,14909.25,0,3208.02
16-Aug-2019,14907.37,15060.74,14852.16,15005.17,0,3624.95
19-Aug-2019,15025.61,15347.83,14986.78,15308.27,0,3823.8
20-Aug-2019,15304.45,15371.34,15088.52,15154.75,0,4062.83
21-Aug-2019,15117.56,15306.3,14977.14,15165.43,0,3315.73
22-Aug-2019,15192.82,15255.66,15071.14,15133.74,0,1486.69
23-Aug-2019,15126.27,15379.97,15033.98,15286.7,0,3913.56
26-Aug-2019,15268.3,15549.11,15132.57,15412.1,0,3962.74
27-Aug-2019,15443.46,15560.16,15400.82,15517.32,0,6747.0
28-Aug-2019,15511.09,15764.5,15401.04,15653.44,0,2728.53
29-Aug-2019,15692.99,16111.2,15490.03,15905.49,0,1471.09
30-Aug-2019,15914.9,16059.46,15829.69,15973.93,0,1731.54
02-Sep-2019,16028.98,16061.59,15759.55,15791.67,0,1834.51
03-Sep-2019,15804.96,16004.26,15653.65,15852.49,0,2141.8
04-Sep-2019,15862.43,16109.05,15776.58,16022.34,0,2984.81
05-Sep-2019,16012.02,16154.63,15872.65,16015.23,0,2101.09
06-Sep-2019,16006.92,16069.55,15883.21,15945.6,0,2854.46
09-Sep-2019,15884.84,16243.66,15737.61,16094.49,0,4887.31
10-Sep-2019,16106.08,16197.32,15674.97,15764.27,0,1453.64
11-Sep-2019,15744.86,15921.93,15686.28,15862.91,0,3230.35
12-Sep-2019,15816.65,15997.44,15257.68,15434.09,0,3434.86
13-Sep-2019,15458.2,15898.1,15328.92,15766.25,0,3945.52
16-Sep-2019,15791.23,15936.82,15191.66,15333.03,0,4891.65
17-Sep-2019,15381.57,15617.53,15213.56,15448.79,0,3670.91
18-Sep-2019,15501.78,15617.33,15408.46,15523.88,0,3006.27
19-Sep-2019,15553.99,15871.68,15460.6,15776.95,0,3746.74
20-Sep-2019,15745.12,15888.04,15356.76,15497.43,0,1871.32
23-Sep-2019,15490.66,15541.52,15398.9,15449.62,0,2999.87
24-Sep-2019,15442.48,15800.76,15343.42,15700.05,0,6604.27
25-Sep-2019,15719.86,15864.04,15442.31,15585.25,0,4821.28
26-Sep-2019,15558.64,15913.81,15478.73,15832.5,0,3983.62
27-Sep-2019,15823.27,15949.12,15786.85,15912.49,0,2205.32
30-Sep-2019,15892.2,16004.99,15584.63,15696.04,0,4782.67
01-Oct-2019,15695.39,15844.73,15480.81,15629.52,0,2398.48
02-Oct-2019,15596.53,15851.63,15471.92,15725.99,0,2673.67
03-Oct-2019,15773.17,15886.52,15588.68,15701.52,0,1433.86
04-Oct-2019,15712.03,15721.14,15412.6,15421.54,0,2699.35
07-Oct-2019,15448.97,15663.97,15353.5,15567.77,0,3034.95
08-Oct-2019,15621.99,15756.14,15565.36,15699.24,0,1812.4
09-Oct-2019,15666.27,15853.71,15528.65,15715.66,0,3096.87
10-Oct-2019,15727.17,16053.68,15713.28,16039.51,0,2818.46
11-Oct-2019,16052.8,16308.22,16006.91,16261.73,0,4564.58
14-Oct-2019,16206.15,16281.03,16096.86,16171.58,0,4049.59
15-Oct-2019,16210.4,16331.73,15988.13,16108.69,0,3029.39
16-Oct-2019,16168.18,16457.54,16033.1,16321.18,0,2917.72
17-Oct-2019,16301.82,16445.43,15702.2,15841.75,0,2642.68
18-Oct-2019,15818.34,15901.52,15580.47,15662.84,0,2888.5
21-Oct-2019,15647.7,15858.56,15613.65,15824.13,0,1597.43
22-Oct-2019,15828.19,16014.4,15577.08,15762.52,0,4759.17
23-Oct-2019,15758.99,15912.99,15603.29,15757.28,0,3208.07
24-Oct-2019,15799.77,15922.59,15544.63,15666.42,0,3573.73
25-Oct-2019,15675.07,16141.27,15607.73,16072.22,0,1809.9
28-Oct-2019,16068.15,16226.62,15842.74,16000.54,0,1899.23
29-Oct-2019,15965.88,16050.84,15918.66,16003.5,0,2732.54
30-Oct-2019,15989.13,16049.34,15823.01,15882.81,0,2650.67
31-Oct-2019,15912.54,16035.38,15545.86,15666.8,0,2156.22
01-Nov-2019,15698.27,15811.47,15584.87,15698.07,0,4612.44
04-Nov-2019,15679.18,15885.29,15602.6,15808.08,0,3987.36
05-Nov-2019,15776.1,15880.92,15113.43,15214.52,0,1990.16
06-Nov-2019,15253.17,15357.36,14995.43,15098.58,0,3772.41
07-Nov-2019,15129.47,15352.03,15013.53,15235.29,0,4748.33
08-Nov-2019,15247.5,15342.16,15056.61,15150.67,0,3283.81
11-Nov-2019,15144.95,15260.05,15055.67,15170.61,0,4129.59
12-Nov-2019,15162.5,15337.71,14886.31,15060.34,0,2320.63
13-Nov-2019,15091.2,15606.84,14901.93,15413.52,0,5907.31
14-Nov-2019,15463.48,15612.22,15401.7,15550.1,0,3950.69
15-Nov-2019,15594.63,15730.87,15396.57,15532.27,0,2321.41
18-Nov-2019,15477.54,15604.5,15387.53,15514.29,0,2032.3
19-Nov-2019,15514.87,15710.7,15403.09,15598.32,0,5295.18
20-Nov-2019,15603.22,15649.03,15533.86,15579.6,0,2601.85
21-Nov-2019,15624.67,15882.01,15522.81,15779.14,0,4960.61
22-Nov-2019,15796.66,16104.57,15702.52,16009.17,0,2867.83
25-Nov-2019,16066.02,16124.76,15886.01,15944.3,0,4167.75
26-Nov-2019,15908.77,16053.92,15631.27,15775.2,0,3455.44
27-Nov-2019,15780.78,16055.97,15703.53,15977.77,0,2803.94
28-Nov-2019,15986.56,16218.54,15852.37,16083.54,0,4165.21
29-Nov-2019,16088.64,16327.64,15955.6,16193.73,0,2002.26
02-Dec-2019,16204.34,16366.24,15675.03,15833.23,0,4121.32
03-Dec-2019,15799.73,15856.22,15600.31,15656.28,0,2333.91
04-Dec-2019,15650.08,15772.43,15456.24,15578.04,0,3599.7
05-Dec-2019,15571.02,15834.5,15473.07,15735.52,0,3188.68
06-Dec-2019,15720.05,15791.24,15619.19,15690.24,0,1454.45
09-Dec-2019,15678.59,15978.94,15610.52,15909.87,0,2808.36
10-Dec-2019,15937.44,16052.67,15829.78,15944.96,0,1545.91
11-Dec-2019,15971.74,16183.83,15897.31,16108.76,0,2118.64
12-Dec-2019,16130.95,16228.27,15976.55,16073.51,0,1533.51
13-Dec-2019,16084.64,16210.86,15786.96,15911.82,0,1857.35
16-Dec-2019,15908.9,16066.69,15817.11,15974.52,0,5479.14
17-Dec-2019,15963.25,16162.06,15898.53,16096.79,0,2156.65
18-Dec-2019,16087.4,16432.34,15908.99,16252.1,0,2752.44
19-Dec-2019,16249.62,16449.63,16169.99,16369.42,0,2204.36
20-Dec-2019,16350.96,16695.22,16232.76,16575.4,0,5667.42
23-Dec-2019,16526.86,16673.12,16120.92,16264.86,0,4092.39
24-Dec-2019,16295.8,16410.34,16091.17,16205.07,0,3065.24
25-Dec-2019,16157.23,16203.4,16061.19,16107.21,0,5238.55
26-Dec-2019,16113.34,16309.04,15949.59,16144.97,0,3527.84
27-Dec-2019,16170.48,16333.39,15977.42,16140.02,0,4718.34
30-Dec-2019,16147.0,16227.51,15635.29,15713.63,0,3501.55
31-Dec-2019,15690.11,16025.52,15563.72,15897.46,0,4372.01
01-Jan-2020,15856.11,16450.75,15855.18,16449.79,0,3033.84
02-Jan-2020,16482.03,16560.21,16207.57,16284.81,0,4260.4
03-Jan-2020,16257.62,16685.53,16184.81,16611.14,0,2888.17
06-Jan-2020,16611.93,17256.4,16506.01,17147.07,0,2759.08
07-Jan-2020,17109.6,17854.65,16983.36,17723.88,0,3268.73
08-Jan-2020,17748.19,18234.14,17596.22,18079.33,0,4878.04
09-Jan-2020,18061.99,18154.4,17803.07,17894.62,0,5769.99
10-Jan-2020,17915.86,18013.91,17265.23,17360.24,0,4178.48
13-Jan-2020,17362.34,17458.28,17273.25,17369.15,0,4062.56
14-Jan-2020,17305.75,17427.46,17107.55,17228.72,0,3191.17
15-Jan-2020,17177.63,17830.91,17041.22,17690.44,0,2164.58
16-Jan-2020,17725.48,17845.38,17625.11,17744.9,0,1274.35
17-Jan-2020,17789.38,18135.15,17646.54,17990.69,0,3350.58
20-Jan-2020,17950.88,18380.18,17837.5,18264.82,0,3023.27
21-Jan-2020,18262.51,18618.3,18133.7,18487.9,0,2351.41
22-Jan-2020,18448.07,19159.32,18274.8,18981.05,0,3744.41
23-Jan-2020,18950.69,19023.18,18528.11,18599.25,0,3245.18
24-Jan-2020,18590.47,18750.57,17975.82,18131.97,0,2607.52
27-Jan-2020,18161.57,19323.55,18072.82,19229.59,0,2994.55
28-Jan-2020,19173.57,19453.0,19131.26,19410.17,0,2813.71
29-Jan-2020,19410.46,20095.42,19244.08,19924.63,0,3532.62
30-Jan-2020,19962.88,20560.91,19842.47,20437.63,0,3501.72
31-Jan-2020,20462.0,20582.79,20305.23,20425.81,0,3841.1
03-Feb-2020,20421.38,20984.11,20211.2,20770.34,0,2514.37
04-Feb-2020,20794.11,21165.29,20714.29,21084.36,0,2234.62
05-Feb-2020,21105.23,21187.24,20606.35,20686.74,0,2788.35
06-Feb-2020,20701.2,21717.23,20480.6,21488.24,0,3713.88
07-Feb-2020,21431.41,21513.58,21282.95,21364.87,0,2211.64
10-Feb-2020,21330.11,21408.18,20712.76,20788.85,0,9154.39
11-Feb-2020,20797.27,20961.57,20486.28,20649.41,0,2328.98
12-Feb-2020,20660.4,20821.34,19936.01,20092.52,0,1613.22
13-Feb-2020,20108.37,20436.55,19940.34,20267.19,0,3000.99
14-Feb-2020,20309.28,20464.7,20179.99,20335.24,0,4850.54
17-Feb-2020,20324.56,20392.49,20198.85,20266.58,0,2335.5
18-Feb-2020,20234.84,20442.27,20138.58,20345.49,0,5445.65
19-Feb-2020,20363.2,20697.09,20281.76,20614.64,0,1541.34
20-Feb-2020,20601.3,20789.95,20453.89,20642.25,0,1324.74
21-Feb-2020,20709.87,21309.44,20685.08,21283.96,0,2474.73
24-Feb-2020,21241.63,21555.54,21063.12,21375.91,0,5194.64
25-Feb-2020,21341.51,21441.02,21100.21,21199.06,0,1645.69
26-Feb-2020,21153.92,21245.9,20941.94,21033.39,0,2242.89
27-Feb-2020,21012.85,21201.15,20853.88,21041.96,0,4880.1
28-Feb-2020,21024.26,21042.98,20830.97,20849.53,0,4128.47
02-Mar-2020,20751.33,20812.77,19522.82,19580.79,0,6487.76
03-Mar-2020,19634.18,19643.61,19342.77,19352.06,0,1987.35
04-Mar-2020,19397.1,19429.95,18846.88,18878.85,0,9008.46
05-Mar-2020,18878.5,19068.35,18604.34,18793.34,0,2194.1
06-Mar-2020,18847.54,19239.99,18602.35,18992.9,0,3137.42
09-Mar-2020,18997.56,19154.72,17324.2,17468.71,0,2836.07
10-Mar-2020,17476.25,17581.42,17119.93,17223.58,0,1761.8
11-Mar-2020,17244.83,17678.5,17129.57,17561.14,0,5287.62
12-Mar-2020,17575.15,19028.84,17395.12,18835.89,0,3257.21
13-Mar-2020,18878.67,19061.9,17251.23,17420.31,0,3154.2
16-Mar-2020,17437.06,17513.88,16345.97,16418.3,0,2260.68
17-Mar-2020,16437.06,16733.09,16395.87,16691.26,0,2709.78
18-Mar-2020,16631.92,16819.7,16593.88,16781.32,0,2902.06
19-Mar-2020,16712.33,16844.84,15908.94,16036.09,0,2076.39
20-Mar-2020,16051.71,16166.35,15435.25,15546.28,0,2985.85
23-Mar-2020,15558.41,15586.67,15133.34,15160.88,0,2010.1
24-Mar-2020,15088.42,16177.57,14985.97,16068.47,0,2218.29
25-Mar-2020,16043.5,16525.67,15896.68,16375.81,0,2033.57
26-Mar-2020,16419.74,16549.36,15208.52,15329.54,0,1937.36
27-Mar-2020,15312.28,16060.87,15185.32,15928.8,0,3391.43
30-Mar-2020,15915.77,16347.01,15841.85,16271.44,0,3040.03
31-Mar-2020,16277.23,16392.6,16068.29,16182.99,0,2979.58
01-Apr-2020,16200.52,16387.84,16123.58,16310.37,0,2554.78
02-Apr-2020,16310.35,17120.77,16228.58,17035.37,0,2596.31
03-Apr-2020,17090.21,17340.77,17021.82,17271.66,0,4116.76
06-Apr-2020,17277.61,17392.24,17139.63,17254.1,0,1689.11
07-Apr-2020,17208.28,17486.71,17052.06,17329.39,0,1601.49
08-Apr-2020,17311.04,18121.31,17240.26,18047.51,0,2944.03
09-Apr-2020,18032.2,18384.26,17913.59,18264.12,0,2068.11
10-Apr-2020,18280.41,18401.18,17619.67,17736.85,0,7020.21
13-Apr-2020,17788.84,18364.26,17639.73,18211.6,0,3704.11
14-Apr-2020,18222.23,18839.84,18198.76,18815.61,0,3141.26
15-Apr-2020,18781.37,19327.33,18678.55,19222.1,0,4395.02
16-Apr-2020,19211.02,19399.32,18536.75,18720.25,0,2921.3
17-Apr-2020,18722.82,18897.06,18164.6,18335.24,0,3151.09
20-Apr-2020,18308.74,18401.95,18088.15,18180.7,0,2995.01
21-Apr-2020,18209.35,18342.69,18187.07,18320.27,0,2508.58
22-Apr-2020,18303.81,18819.35,18231.02,18744.8,0,2753.61
23-Apr-2020,18824.94,19437.69,18710.22,19319.95,0,3088.01
24-Apr-2020,19266.03,19441.86,19149.85,19325.33,0,2668.63
27-Apr-2020,19265.88,20602.17,19108.47,20435.2,0,3025.78
28-Apr-2020,20390.72,20775.57,20362.26,20746.62,0,3390.41
29-Apr-2020,20743.14,20782.61,20015.78,20053.94,0,1753.66
30-Apr-2020,19986.49,20714.5,19853.43,20577.5,0,2270.15
01-May-2020,20602.73,21025.06,20555.38,20976.85,0,3941.2
04-May-2020,20903.04,21945.5,20743.41,21779.18,0,3160.24
05-May-2020,21769.58,22076.37,21605.26,21910.99,0,4025.3
06-May-2020,21959.95,22149.11,21463.78,21650.28,0,3013.35
07-May-2020,21599.93,21719.23,21286.06,21404.28,0,3107.96
08-May-2020,21387.34,21935.22,21292.91,21838.8,0,1951.2
11-May-2020,21841.96,22205.22,21677.63,22039.4,0,3478.67
12-May-2020,22005.68,22193.23,21715.47,21902.14,0,4576.47
13-May-2020,21918.59,22095.75,21335.85,21509.71,0,3323.22
14-May-2020,21410.78,21625.57,21089.48,21303.19,0,2413.6
15-May-2020,21341.22,21998.68,21258.17,21913.4,0,2648.34
18-May-2020,21879.3,22796.37,21837.19,22752.58,0,2280.71
19-May-2020,22826.47,22894.43,22693.12,22760.89,0,3717.88
20-May-2020,22734.3,22805.64,22663.19,22734.53,0,3686.09
21-May-2020,22698.77,22806.84,21692.81,21796.58,0,7039.6
22-May-2020,21835.57,22373.78,21675.58,22211.03,0,3425.68
25-May-2020,22225.65,22473.6,22185.66,22433.24,0,1940.31
26-May-2020,22383.54,23656.98,22308.53,23577.97,0,3498.07
27-May-2020,23523.85,23829.04,23375.39,23679.59,0,1804.04
28-May-2020,23691.08,23807.12,22966.93,23079.98,0,4285.14
29-May-2020,23118.28,23281.55,22379.79,22538.97,0,1906.34
01-Jun-2020,22519.99,23559.2,22440.09,23475.91,0,2627.38
02-Jun-2020,23508.85,23648.15,23267.67,23406.36,0,3906.56
03-Jun-2020,23409.85,23626.12,23407.34,23623.59,0,3196.09
04-Jun-2020,23512.32,23681.93,22987.64,23154.67,0,2061.74
05-Jun-2020,23210.72,23266.21,22997.74,23052.86,0,4625.3
08-Jun-2020,23059.04,23149.11,22839.05,22928.61,0,2520.96
09-Jun-2020,22954.24,23172.09,22455.76,22670.92,0,2969.34
10-Jun-2020,22733.41,22901.15,22152.21,22316.88,0,1657.3
11-Jun-2020,22287.19,22736.48,22256.16,22704.86,0,3011.09
12-Jun-2020,22678.92,24070.95,22545.75,23930.43,0,1900.76
15-Jun-2020,23954.03,24985.91,23881.99,24911.0,0,5242.04
16-Jun-2020,24890.61,25383.79,24792.22,25283.85,0,2689.97
17-Jun-2020,25257.79,26045.13,25039.14,25821.61,0,1512.48
18-Jun-2020,25763.33,26052.53,25519.91,25808.68,0,3249.25
19-Jun-2020,25768.89,25940.38,24962.5,25129.73,0,4471.16
22-Jun-2020,25121.95,25234.48,24340.12,24449.63,0,4651.4
23-Jun-2020,24495.92,25094.5,24351.8,24947.72,0,2882.21
24-Jun-2020,24996.0,25656.9,24846.84,25504.7,0,3468.22
25-Jun-2020,25445.41,25671.95,25047.64,25272.65,0,1270.26
26-Jun-2020,25327.18,25484.2,24986.23,25142.1,0,2798.16
29-Jun-2020,25180.35,25376.58,25101.25,25297.12,0,1963.6
30-Jun-2020,25296.79,25505.86,25137.52,25346.27,0,1844.53
01-Jul-2020,25447.73,25541.15,25332.68,25426.02,0,2635.06
02-Jul-2020,25376.08,25518.16,24199.56,24335.82,0,1609.64
03-Jul-2020,24324.87,24552.0,24059.42,24286.19,0,1785.12
06-Jul-2020,24241.32,25103.14,24119.65,24977.77,0,1831.27
07-Jul-2020,24998.96,25580.72,24800.03,25378.76,0,3065.68
08-Jul-2020,25421.93,25606.6,24683.65,24864.26,0,2485.39
09-Jul-2020,24839.72,24946.83,24469.37,24575.34,0,3113.3
10-Jul-2020,24642.36,24873.31,24580.1,24810.62,0,4292.11
13-Jul-2020,24750.94,25627.27,24628.69,25501.31,0,2221.41
14-Jul-2020,25462.31,25667.93,24635.82,24836.38,0,3702.38
15-Jul-2020,24885.1,25074.56,24184.12,24369.66,0,4484.37
16-Jul-2020,24343.89,25289.24,24140.5,25079.7,0,3322.25
17-Jul-2020,25189.52,25391.27,24401.01,24598.02,0,4771.2
20-Jul-2020,24663.57,25161.99,24553.56,25050.26,0,3070.19
21-Jul-2020,25018.28,25498.76,25015.97,25496.41,0,2554.68
22-Jul-2020,25450.31,25562.3,24450.14,24558.2,0,3765.81
23-Jul-2020,24493.3,25281.94,24390.03,25175.79,0,3315.45
24-Jul-2020,25173.37,25334.17,24923.76,25084.0,0,2672.0
27-Jul-2020,25040.63,26423.62,24846.66,26220.51,0,3957.65
28-Jul-2020,26188.86,26297.68,25378.31,25484.2,0,1464.53
29-Jul-2020,25404.76,25417.22,24833.59,24845.78,0,2224.04
30-Jul-2020,24888.09,25114.16,23968.06,24187.76,0,2107.38
31-Jul-2020,24123.3,24278.16,23824.55,23978.47,0,4974.98
03-Aug-2020,24010.63,24507.11,23818.32,24312.38,0,1955.96
04-Aug-2020,24301.22,24530.81,24046.94,24276.29,0,4833.03
05-Aug-2020,24254.64,24437.66,23890.7,24072.35,0,3229.94
06-Aug-2020,24046.25,24516.22,23866.24,24334.06,0,1716.87
07-Aug-2020,24385.9,24442.65,23438.87,23493.55,0,2662.06
10-Aug-2020,23552.95,23855.27,23473.8,23775.37,0,2800.57
11-Aug-2020,23799.73,24328.66,23780.21,24308.72,0,2546.5
12-Aug-2020,24374.0,24505.97,23723.45,23852.6,0,4247.92
13-Aug-2020,23844.73,24034.17,23229.07,23415.1,0,2072.11
14-Aug-2020,23349.33,24155.34,23312.57,24117.37,0,3276.94
17-Aug-2020,24083.25,24200.67,24004.24,24121.54,0,3348.88
18-Aug-2020,24113.66,24476.8,22829.17,23178.22,0,2195.53
19-Aug-2020,23222.47,23579.92,23196.46,23553.54,0,2721.02
20-Aug-2020,23560.21,23674.21,23420.34,23534.22,0,2254.67
21-Aug-2020,23519.21,23979.14,23327.88,23785.64,0,5131.24
24-Aug-2020,23801.13,23990.82,22219.0,22397.51,0,3626.99
25-Aug-2020,22401.94,22705.58,22209.13,22511.82,0,1761.74
26-Aug-2020,22570.49,23195.67,22531.64,23155.8,0,2745.65
27-Aug-2020,23068.23,23189.56,22530.16,22649.28,0,1798.31
28-Aug-2020,22603.93,22832.47,22033.47,22258.52,0,2020.9
31-Aug-2020,22331.09,22449.33,22221.14,22339.34,0,2188.56
01-Sep-2020,22354.94,22881.47,22245.76,22770.26,0,4133.81
02-Sep-2020,22783.62,23100.44,22586.93,22902.72,0,2904.79
03-Sep-2020,22905.91,23148.75,22322.81,22562.01,0,3122.58
04-Sep-2020,22535.11,23054.68,22461.04,22979.15,0,2393.12
07-Sep-2020,22988.0,23090.93,22807.05,22909.64,0,3504.41
08-Sep-2020,22913.05,23281.95,22800.48,23168.13,0,2331.94
09-Sep-2020,23136.85,23394.03,23000.72,23257.2,0,3791.22
10-Sep-2020,23213.9,23697.75,22952.42,23433.79,0,2803.66
11-Sep-2020,23457.7,23923.27,23191.35,23654.68,0,2466.92
14-Sep-2020,23619.74,24212.73,23581.83,24173.93,0,4316.35
15-Sep-2020,24169.36,24428.03,23937.82,24196.24,0,4993.87
16-Sep-2020,24150.35,24538.75,24059.1,24446.39,0,2422.36
17-Sep-2020,24384.28,24555.34,23175.29,23339.02,0,1741.43
18-Sep-2020,23316.68,23416.11,22860.6,22958.51,0,1868.67
21-Sep-2020,22966.52,23060.62,22250.93,22342.48,0,1457.62
22-Sep-2020,22303.93,23024.86,22140.4,22857.28,0,2037.29
23-Sep-2020,22823.03,23261.94,22612.57,23049.39,0,1298.69
24-Sep-2020,23034.53,23724.59,22861.64,23547.85,0,3066.21
25-Sep-2020,23595.36,23648.01,23224.71,23276.65,0,6323.89
28-Sep-2020,23352.36,23637.37,23085.57,23370.37,0,2426.59
29-Sep-2020,23279.82,23657.43,23118.72,23494.84,0,1775.91
30-Sep-2020,23518.98,23697.43,23177.72,23354.92,0,3658.06
01-Oct-2020,23317.67,24040.55,23154.36,23873.34,0,3464.04
02-Oct-2020,23883.89,24049.68,23252.68,23415.22,0,1897.86
05-Oct-2020,23400.19,23481.54,22507.65,22586.17,0,2372.7
06-Oct-2020,22607.45,23009.31,22499.13,22899.59,0,5842.62
07-Oct-2020,22934.33,23039.09,22724.57,22828.85,0,6755.6
08-Oct-2020,22866.12,23279.2,22727.64,23139.06,0,2523.68
09-Oct-2020,23172.2,23438.2,23086.28,23351.62,0,2520.62
12-Oct-2020,23348.71,23403.94,22624.67,22678.32,0,2627.75
13-Oct-2020,22738.39,23387.58,22527.99,23173.16,0,2903.58
14-Oct-2020,23130.69,24006.58,22788.15,23656.25,0,3738.07
15-Oct-2020,23584.1,24137.23,23391.47,23941.68,0,2966.48
16-Oct-2020,24018.65,24130.8,23796.36,23907.99,0,3886.35
19-Oct-2020,23827.05,24843.3,23738.61,24751.42,0,2214.95
20-Oct-2020,24770.69,25152.2,24721.99,25102.84,0,3136.72
21-Oct-2020,25060.8,25197.94,24895.2,25032.19,0,2637.57
22-Oct-2020,25043.96,26105.91,24841.99,25897.06,0,6255.2
23-Oct-2020,25875.01,25972.82,25859.06,25956.82,0,3582.83
26-Oct-2020,25934.6,26254.13,25371.19,25687.68,0,2487.98
27-Oct-2020,25639.17,25939.26,23883.62,24166.48,0,2964.17
28-Oct-2020,24186.4,24407.36,23880.93,24101.11,0,3296.86
29-Oct-2020,24065.79,24273.23,23356.37,23559.45,0,2012.65
30-Oct-2020,23592.03,23969.39,23434.36,23810.26,0,2600.16
02-Nov-2020,23876.43,24258.72,23742.84,24123.75,0,3211.39
03-Nov-2020,24067.17,24473.05,23871.01,24275.19,0,2070.36
04-Nov-2020,24289.67,24396.01,23926.93,24032.14,0,3840.66
05-Nov-2020,24055.21,24289.86,23921.76,24155.86,0,5003.08
06-Nov-2020,24204.17,24342.62,23265.99,23399.84,0,1702.0
09-Nov-2020,23390.05,23416.25,23064.19,23090.06,0,2136.67
10-Nov-2020,23129.75,23174.42,22263.22,22306.31,0,2708.91
11-Nov-2020,22325.86,22416.16,21812.58,21901.16,0,2979.33
12-Nov-2020,21930.55,22978.83,21781.04,22823.23,0,2296.64
13-Nov-2020,22847.23,23113.33,22725.04,22990.38,0,2175.65
16-Nov-2020,22998.96,23551.45,22830.44,23380.14,0,2908.12
17-Nov-2020,23385.25,23470.81,23367.34,23452.85,0,2371.38
18-Nov-2020,23453.42,23591.02,23364.18,23501.6,0,2792.58
19-Nov-2020,23532.38,24668.34,23284.32,24411.02,0,4004.46
20-Nov-2020,24465.61,24768.65,24180.01,24482.84,0,2851.4
23-Nov-2020,24512.07,25274.67,24452.33,25213.22,0,1985.35
24-Nov-2020,25294.39,25376.25,25033.11,25114.39,0,1830.1
25-Nov-2020,25144.14,25204.32,25079.0,25139.18,0,2982.76
26-Nov-2020,25117.61,26178.02,25031.06,26088.13,0,880.72
27-Nov-2020,26117.6,26567.43,25908.91,26356.83,0,1594.07
30-Nov-2020,26281.62,26734.24,26134.92,26585.83,0,3783.72
01-Dec-2020,26565.0,26714.67,25831.2,25977.57,0,2761.96
02-Dec-2020,25971.59,26743.09,25850.58,26619.06,0,2750.77
03-Dec-2020,26563.56,26855.73,26425.96,26717.34,0,1940.35
04-Dec-2020,26712.19,26864.1,25270.9,25415.43,0,3079.04
07-Dec-2020,25393.92,25609.45,25288.91,25503.98,0,1297.89
08-Dec-2020,25484.11,25729.2,24632.38,24871.58,0,2570.25
09-Dec-2020,24755.13,25417.65,24458.12,25116.3,0,2397.92
10-Dec-2020,25127.7,25899.85,24930.29,25697.96,0,3579.97
11-Dec-2020,25580.02,26376.21,25389.77,26181.49,0,3656.4
14-Dec-2020,26224.46,26860.8,26079.09,26712.73,0,3959.42
15-Dec-2020,26759.69,27139.19,26632.21,27010.52,0,2268.12
16-Dec-2020,27032.25,27078.61,26936.57,26982.85,0,4625.18
17-Dec-2020,26982.36,27235.86,26464.85,26715.85,0,3238.11
18-Dec-2020,26634.18,27128.15,26533.25,27025.73,0,6914.74
21-Dec-2020,27078.04,27282.08,26525.07,26726.46,0,2155.92
22-Dec-2020,26644.93,27047.04,26570.05,26971.24,0,1722.94
23-Dec-2020,26987.43,27437.04,26751.59,27199.35,0,3888.75
24-Dec-2020,27268.11,27435.53,26316.2,26478.78,0,2488.57
25-Dec-2020,26449.33,27488.35,26338.15,27373.28,0,1900.05
28-Dec-2020,27426.06,28254.77,27127.03,27950.03,0,3966.25
29-Dec-2020,28002.17,28066.48,27541.31,27604.7,0,3001.76
30-Dec-2020,27480.31,28464.16,27277.43,28255.56,0,3216.92
31-Dec-2020,28236.15,28386.35,27949.19,28098.66,0,2241.38
01-Jan-2021,28079.63,28304.9,27800.56,28025.4,0,3911.35
04-Jan-2021,28045.68,28287.79,27672.55,27913.52,0,3211.61
05-Jan-2021,27948.85,28056.55,27723.14,27830.39,0,3078.6
06-Jan-2021,27875.12,28100.9,27619.44,27844.96,0,4557.16
07-Jan-2021,27803.95,28109.99,27669.81,27975.02,0,2951.73
08-Jan-2021,28061.68,28177.57,27757.28,27872.39,0,2998.24
11-Jan-2021,27927.27,28039.72,27802.96,27915.36,0,3973.13
12-Jan-2021,27950.28,28022.03,27419.84,27490.41,0,4665.45
13-Jan-2021,27526.86,27860.96,27269.11,27602.49,0,4049.78
14-Jan-2021,27564.41,27801.92,27089.53,27324.98,0,2666.11
15-Jan-2021,27356.73,27698.61,26482.62,26817.77,0,4911.89
18-Jan-2021,26879.67,27530.46,26570.51,27217.41,0,5690.12
19-Jan-2021,27302.14,27465.02,27001.28,27163.33,0,1555.4
20-Jan-2021,27138.97,27832.98,27043.7,27735.63,0,3194.5
21-Jan-2021,27656.93,27909.87,27552.06,27804.43,0,5160.23
22-Jan-2021,27882.82,28107.79,27307.34,27529.45,0,3479.09
25-Jan-2021,27603.29,27760.84,27380.96,27538.14,0,2965.95
26-Jan-2021,27514.01,27926.11,27299.28,27709.85,0,1927.45
27-Jan-2021,27570.86,28647.29,27312.99,28381.84,0,3333.94
28-Jan-2021,28419.96,28617.17,27885.05,28079.9,0,2082.3
29-Jan-2021,28079.23,28969.01,27899.78,28785.05,0,3148.06
01-Feb-2021,28902.46,29065.04,28554.08,28715.6,0,1253.07
02-Feb-2021,28765.35,28864.9,27960.64,28057.74,0,6616.67
03-Feb-2021,27965.48,28070.62,27435.7,27539.24,0,2453.01
04-Feb-2021,27563.03,27777.46,27346.04,27560.46,0,2311.04
05-Feb-2021,27577.04,27762.6,27058.44,27241.74,0,1852.95
08-Feb-2021,27232.74,27619.05,26975.48,27360.58,0,2449.4
09-Feb-2021,27327.44,27536.95,26991.42,27199.95,0,1553.43
10-Feb-2021,27109.4,27333.76,26189.35,26407.9,0,1728.15
11-Feb-2021,26394.77,26686.26,26011.66,26302.12,0,2246.49
12-Feb-2021,26384.81,26461.06,26192.89,26268.8,0,1738.16
15-Feb-2021,26297.06,26400.48,26118.7,26221.82,0,2632.82
16-Feb-2021,26192.4,26235.79,25979.15,26022.25,0,3695.9
17-Feb-2021,25993.57,26520.44,25720.9,26245.14,0,3844.62
18-Feb-2021,26327.09,26530.3,26312.14,26515.24,0,2236.07
19-Feb-2021,26478.34,26982.34,26302.06,26803.9,0,7324.89
22-Feb-2021,26844.84,26980.79,26576.25,26711.53,0,4330.6
23-Feb-2021,26721.78,27098.34,26521.68,26896.93,0,7193.49
24-Feb-2021,26813.93,27131.7,26696.23,27013.12,0,2564.92
25-Feb-2021,27046.97,27498.96,26841.09,27291.23,0,3620.89
26-Feb-2021,27286.77,27868.05,27168.67,27747.95,0,2916.49
01-Mar-2021,27683.72,28050.69,27507.12,27872.87,0,2054.06
02-Mar-2021,27862.57,28210.89,27567.93,27915.69,0,2585.16
03-Mar-2021,27786.17,27940.86,27264.44,27417.08,0,2429.73
04-Mar-2021,27466.24,27657.94,27324.99,27516.43,0,2792.69
05-Mar-2021,27502.73,27745.59,27353.68,27596.05,0,2672.95
08-Mar-2021,27655.5,27880.78,27292.75,27516.9,0,3867.58
09-Mar-2021,27509.33,27643.48,27378.04,27512.18,0,2931.34
10-Mar-2021,27510.93,27987.95,27448.4,27924.48,0,2051.17
11-Mar-2021,27950.08,28087.58,27722.51,27859.57,0,1452.74
12-Mar-2021,27865.91,28275.78,27644.73,28053.11,0,3647.05
15-Mar-2021,27976.3,28318.88,27873.43,28215.12,0,5388.73
16-Mar-2021,28216.95,28788.76,27997.28,28566.36,0,5534.17
17-Mar-2021,28543.94,29091.22,28413.91,28959.3,0,1512.94
18-Mar-2021,29072.5,29860.6,28890.91,29675.25,0,1492.61
19-Mar-2021,29676.77,30115.77,29437.19,29874.6,0,2804.37
22-Mar-2021,29781.81,30216.17,29625.06,30057.97,0,3210.54
23-Mar-2021,30046.92,30198.75,29520.54,29670.47,0,6725.52
24-Mar-2021,29583.58,29827.04,29049.4,29290.45,0,4167.74
25-Mar-2021,29256.36,29490.85,28637.87,28869.26,0,3024.1
26-Mar-2021,28942.15,29885.44,28666.25,29603.24,0,2824.93
29-Mar-2021,29528.64,30350.51,29291.06,30108.26,0,2784.06
30-Mar-2021,29958.01,30279.33,29630.51,29951.76,0,3789.01
31-Mar-2021,30001.93,30427.59,29906.9,30331.51,0,4537.29
01-Apr-2021,30263.83,30422.26,30197.16,30355.39,0,3513.92
02-Apr-2021,30370.22,30548.19,30281.22,30458.93,0,1917.41
05-Apr-2021,30400.53,31064.33,30248.49,30909.74,0,3227.99
06-Apr-2021,30901.04,31127.3,30438.88,30663.41,0,5354.58
07-Apr-2021,30657.56,30899.85,30117.06,30356.97,0,2401.97
08-Apr-2021,30426.67,30538.19,30244.49,30355.75,0,2430.47
09-Apr-2021,30421.36,30439.28,30032.79,30050.49,0,4009.33
12-Apr-2021,30027.15,30735.04,29808.67,30513.02,0,5909.11
13-Apr-2021,30633.9,30836.48,30386.23,30588.5,0,3495.14
14-Apr-2021,30668.23,30802.89,30220.28,30353.56,0,2614.4
15-Apr-2021,30331.76,30852.03,30075.56,30593.62,0,3940.51
16-Apr-2021,30604.62,30793.84,30419.95,30609.14,0,2589.23
19-Apr-2021,30567.01,30820.45,29852.69,30102.28,0,3936.17
20-Apr-2021,30118.35,30320.76,29595.91,29796.16,0,3706.33
21-Apr-2021,29714.9,30599.85,29543.77,30424.64,0,3185.97
22-Apr-2021,30383.29,30794.46,30249.82,30659.78,0,3701.8
23-Apr-2021,30728.03,30939.69,30470.36,30681.7,0,3664.07
26-Apr-2021,30625.05,31506.19,30508.19,31386.43,0,3584.66
27-Apr-2021,31289.69,31817.98,31098.03,31624.27,0,2961.11
28-Apr-2021,31599.48,32550.79,31332.41,32277.98,0,3908.61
29-Apr-2021,32231.89,32472.63,31790.61,32029.84,0,4722.99
30-Apr-2021,32123.74,32407.85,31594.82,31876.75,0,2267.66
03-May-2021,31983.46,32387.49,30973.39,31369.67,0,7504.68
04-May-2021,31337.78,31528.51,30835.37,31024.2,0,2359.11
05-May-2021,31095.92,31325.53,30751.11,30979.86,0,3183.24
06-May-2021,30907.58,31216.08,30592.05,30900.48,0,2533.42
07-May-2021,31078.67,31183.67,30481.2,30584.52,0,4143.49
10-May-2021,30619.76,30809.02,30551.43,30740.43,0,2268.54
11-May-2021,30789.29,30913.95,29991.56,30113.48,0,2268.8
12-May-2021,30108.01,30516.84,29882.2,30289.67,0,3467.62
13-May-2021,30303.69,30317.49,30091.69,30105.4,0,3126.76
14-May-2021,30224.76,30435.17,29798.02,30006.91,0,1635.81
17-May-2021,30114.29,30251.09,29420.66,29554.92,0,2440.55
18-May-2021,29537.45,29836.92,29237.64,29537.11,0,2660.69
19-May-2021,29423.09,30496.72,28998.94,30063.34,0,5197.51
20-May-2021,30042.02,30477.92,29889.78,30324.25,0,2074.21
21-May-2021,30357.0,31075.01,30216.53,30931.88,0,2095.59
24-May-2021,30894.34,31011.95,30556.16,30672.93,0,2197.69
25-May-2021,30713.27,31053.86,30582.68,30922.38,0,1465.12
26-May-2021,30920.19,31133.17,30406.18,30617.08,0,1747.38
27-May-2021,30707.64,31202.66,30490.2,30983.26,0,3487.54
28-May-2021,30935.02,31208.81,30764.5,31037.72,0,2742.73
31-May-2021,31083.48,31306.16,30836.3,31058.81,0,2004.77
01-Jun-2021,31078.17,31436.16,30970.42,31327.55,0,1605.26
02-Jun-2021,31422.94,32057.49,31116.58,31747.97,0,2438.6
03-Jun-2021,31811.25,32275.64,31645.65,32108.49,0,3205.36
04-Jun-2021,32062.46,32480.32,31839.43,32255.94,0,2121.12
07-Jun-2021,32173.67,32385.71,31834.94,32046.14,0,3636.25
08-Jun-2021,32096.4,32308.3,31128.38,31335.26,0,3476.9
09-Jun-2021,31328.81,31795.25,31105.04,31569.76,0,2149.84
10-Jun-2021,31568.44,31704.23,31044.69,31178.81,0,3988.04
11-Jun-2021,31111.78,31249.26,30964.95,31102.38,0,1977.24
14-Jun-2021,31090.86,31263.55,30987.84,31160.3,0,2555.04
15-Jun-2021,31127.47,31467.39,30998.69,31337.74,0,3515.98
16-Jun-2021,31223.42,31512.13,31104.74,31392.81,0,4948.39
17-Jun-2021,31431.47,32164.24,31179.55,31908.49,0,1807.54
18-Jun-2021,31930.91,32432.0,31776.2,32275.61,0,1506.9
21-Jun-2021,32106.26,32807.62,31868.63,32566.58,0,5113.63
22-Jun-2021,32512.09,32774.52,31349.8,31604.91,0,3753.53
23-Jun-2021,31599.91,32068.61,31432.59,31899.7,0,3317.76
24-Jun-2021,31854.64,32781.94,31562.09,32483.61,0,5199.02
25-Jun-2021,32449.15,33247.56,32293.36,33088.7,0,3845.02
28-Jun-2021,33075.51,33909.42,32867.12,33697.12,0,1749.86
29-Jun-2021,33747.29,34096.19,33308.13,33656.08,0,3331.69
30-Jun-2021,33760.24,33982.31,32641.22,32857.36,0,1790.38
01-Jul-2021,32722.96,33805.6,32588.51,33667.26,0,3992.57
02-Jul-2021,33559.33,34078.01,33523.88,34042.05,0,1205.71
05-Jul-2021,34064.26,34371.87,33783.48,34090.87,0,3070.34
06-Jul-2021,34128.03,34326.14,33281.31,33475.64,0,1719.63
07-Jul-2021,33446.88,34387.66,33203.96,34139.7,0,4794.33
08-Jul-2021,34272.79,34569.3,33560.05,33852.92,0,3337.16
09-Jul-2021,33820.76,34407.22,33466.89,34050.93,0,3879.02
12-Jul-2021,34060.74,34738.83,33839.76,34514.9,0,6114.7
13-Jul-2021,34596.12,34685.44,34572.4,34661.68,0,3451.67
14-Jul-2021,34727.05,34995.18,34052.46,34317.43,0,3215.84
15-Jul-2021,34269.99,34422.61,33879.19,34030.75,0,2689.0
16-Jul-2021,34020.39,35031.63,33799.96,34806.11,0,2277.37
19-Jul-2021,34852.21,35446.75,34662.85,35255.2,0,2547.44
20-Jul-2021,35183.78,35659.47,35029.57,35503.85,0,2558.41
21-Jul-2021,35496.79,36176.64,35286.29,35963.37,0,3024.4
22-Jul-2021,35972.93,36469.52,35948.97,36445.24,0,2151.27
23-Jul-2021,36385.52,36803.02,36251.49,36667.95,0,3771.51
26-Jul-2021,36683.14,36996.91,35650.08,35957.64,0,1579.99
27-Jul-2021,35827.59,36048.07,35079.17,35296.38,0,2831.37
28-Jul-2021,35233.36,35825.3,35148.33,35739.05,0,2211.97
29-Jul-2021,35792.23,36635.07,35644.32,36484.3,0,4511.61
30-Jul-2021,36411.41,37418.31,36077.83,37078.62,0,2695.28
02-Aug-2021,37033.94,37902.65,36753.48,37617.77,0,3034.52
03-Aug-2021,37546.46,37824.27,37234.82,37512.38,0,3258.0
04-Aug-2021,37393.96,37541.21,37102.36,37249.04,0,1020.58
05-Aug-2021,37246.91,37746.42,37056.86,37554.8,0,2759.76
06-Aug-2021,37649.64,37936.2,36962.55,37246.03,0,1770.46
09-Aug-2021,37167.98,37973.23,37027.76,37830.52,0,2196.71
10-Aug-2021,37861.37,38177.42,37582.32,37898.1,0,3520.63
11-Aug-2021,37822.89,38843.63,37520.08,38535.12,0,3656.57
12-Aug-2021,38570.42,38850.32,38233.15,38512.64,0,3212.16
13-Aug-2021,38530.73,38783.05,37819.4,38068.7,0,2922.19
16-Aug-2021,38010.29,38327.37,37530.41,37846.12,0,1773.46
17-Aug-2021,37948.62,38109.61,37820.81,37981.69,0,4173.14
18-Aug-2021,38049.03,38289.87,37892.84,38133.33,0,1234.83
19-Aug-2021,38142.47,38173.09,38028.01,38058.57,0,5386.0
20-Aug-2021,38029.95,38636.85,37870.14,38475.17,0,1324.82
23-Aug-2021,38605.57,39208.53,38493.39,39094.93,0,5428.99
24-Aug-2021,39163.45,39646.28,38502.77,38983.38,0,1070.94
25-Aug-2021,39071.4,39238.21,38939.88,39106.56,0,3010.0
26-Aug-2021,39116.19,39422.29,38317.49,38619.71,0,3852.86
27-Aug-2021,38733.21,38984.59,38199.4,38448.93,0,1281.91
30-Aug-2021,38471.32,38859.29,38140.62,38528.11,0,2974.98
31-Aug-2021,38633.42,38808.54,38081.74,38255.15,0,6122.48
01-Sep-2021,38265.88,38961.48,37978.57,38671.13,0,3066.08
02-Sep-2021,38743.85,38996.68,38675.75,38928.26,0,2401.27
03-Sep-2021,39067.94,39263.93,38472.86,38666.84,0,2093.21
06-Sep-2021,38717.67,39128.77,38423.83,38834.05,0,3382.36
07-Sep-2021,38777.06,39025.33,38614.57,38862.48,0,1278.37
08-Sep-2021,38908.37,39004.58,38507.43,38602.89,0,4232.39
09-Sep-2021,38572.99,39532.48,38300.21,39254.87,0,3351.3
10-Sep-2021,39069.55,40983.81,38941.92,40850.36,0,1779.91
13-Sep-2021,40915.33,41725.7,40638.73,41445.53,0,3022.7
14-Sep-2021,41509.54,41573.8,41180.93,41244.78,0,2293.1
15-Sep-2021,41223.99,41436.43,40483.29,40693.0,0,2491.0
16-Sep-2021,40595.41,41196.18,40365.19,40963.87,0,2591.91
17-Sep-2021,40995.16,42034.89,40913.14,41950.96,0,2649.53
20-Sep-2021,41899.73,42502.21,41828.94,42430.52,0,2287.16
21-Sep-2021,42330.04,43058.4,42220.87,42947.64,0,3490.75
22-Sep-2021,43021.98,43270.28,42116.66,42361.15,0,1935.27
23-Sep-2021,42363.36,43123.29,42104.01,42860.9,0,2026.78
24-Sep-2021,42888.82,43872.93,42782.6,43764.54,0,5235.84
27-Sep-2021,43771.46,44332.92,42545.93,43098.76,0,5855.02
28-Sep-2021,43148.61,43500.3,42981.59,43332.56,0,4606.23
29-Sep-2021,43342.73,43390.81,43255.26,43303.3,0,1699.09
30-Sep-2021,43239.62,43570.1,42874.55,43204.77,0,2602.91
01-Oct-2021,43245.03,45052.43,42944.0,44740.99,0,4087.38
04-Oct-2021,44813.56,45259.22,44735.92,45180.94,0,3384.28
05-Oct-2021,45303.23,46350.81,44942.29,45984.44,0,3467.1
06-Oct-2021,45916.72,46095.11,45565.71,45743.43,0,1898.42
07-Oct-2021,45786.45,46239.56,45513.95,45965.99,0,3638.98
08-Oct-2021,46019.78,46895.25,45873.56,46746.72,0,3920.48
11-Oct-2021,46633.69,47400.23,46364.39,47128.08,0,4119.26
12-Oct-2021,47166.05,47505.49,45930.49,46263.43,0,5601.35
13-Oct-2021,46212.02,46520.89,45810.44,46118.68,0,3883.44
14-Oct-2021,46108.43,46764.12,45611.78,46265.77,0,3203.24
15-Oct-2021,46190.91,47658.75,45983.8,47446.02,0,6229.96
18-Oct-2021,47268.84,47753.91,46911.86,47395.97,0,2874.01
19-Oct-2021,47296.02,48697.58,46989.07,48383.57,0,1606.11
20-Oct-2021,48351.71,48781.65,48207.59,48636.68,0,3565.14
21-Oct-2021,48478.41,49885.27,48253.97,49655.38,0,2221.14
22-Oct-2021,49597.51,50244.23,49269.34,49913.96,0,3318.97
25-Oct-2021,49773.47,50130.07,49359.3,49715.49,0,3459.42
26-Oct-2021,49780.35,49954.08,49231.39,49403.81,0,2233.22
27-Oct-2021,49324.78,49788.64,49115.16,49577.94,0,2408.28
28-Oct-2021,49504.72,49587.58,49326.86,49409.56,0,4691.36
29-Oct-2021,49280.6,49672.59,48301.09,48688.37,0,2779.93
01-Nov-2021,48616.55,48877.82,47990.17,48249.47,0,4419.09
02-Nov-2021,48317.39,48886.38,48004.22,48571.57,0,1509.24
03-Nov-2021,48645.75,48841.01,48281.78,48476.37,0,1949.32
04-Nov-2021,48651.71,49214.09,48035.72,48597.48,0,2448.34
05-Nov-2021,48611.08,49335.9,48169.14,48891.42,0,3844.97
08-Nov-2021,48872.6,49690.24,48340.12,49154.69,0,1505.91
09-Nov-2021,49102.24,49172.92,49056.19,49126.84,0,1852.28
10-Nov-2021,49077.37,49859.65,48838.37,49618.02,0,2690.95
11-Nov-2021,49543.42,49724.38,49129.01,49309.11,0,2252.67
12-Nov-2021,49304.24,49592.73,49010.94,49299.4,0,5048.29
15-Nov-2021,49317.12,50362.98,48682.68,49723.32,0,2335.69
16-Nov-2021,49615.09,49815.31,49368.5,49568.53,0,4602.97
17-Nov-2021,49601.09,49770.94,48764.19,48931.74,0,5021.64
18-Nov-2021,48874.6,49315.87,48624.69,49064.99,0,1588.48
19-Nov-2021,49095.27,49859.62,48744.38,49505.79,0,5984.98
22-Nov-2021,49283.55,49428.73,48907.13,49051.62,0,4267.58
23-Nov-2021,48928.88,49096.98,48793.6,48961.61,0,1618.59
24-Nov-2021,48881.03,49002.56,48775.11,48896.61,0,3958.45
25-Nov-2021,48847.18,49540.65,48787.04,49479.73,0,3492.1
26-Nov-2021,49422.71,49787.89,49154.45,49519.11,0,3089.58
29-Nov-2021,49648.69,50138.19,49194.39,49683.58,0,3941.76
30-Nov-2021,49709.75,50331.57,49318.48,49938.5,0,5364.85
01-Dec-2021,49940.35,51081.11,49700.14,50836.59,0,1953.27
02-Dec-2021,50877.9,51015.66,50820.18,50957.85,0,1832.37
03-Dec-2021,50959.03,51148.71,50094.36,50281.52,0,4167.22
06-Dec-2021,50427.52,51094.64,49936.25,50601.68,0,7292.09
07-Dec-2021,50661.89,52320.47,50515.23,52169.45,0,1850.78
08-Dec-2021,52222.46,52778.66,51239.54,51791.15,0,2512.32
09-Dec-2021,51800.88,52178.69,51037.72,51412.7,0,3024.84
10-Dec-2021,51474.56,51777.94,50796.25,51097.41,0,3385.39
13-Dec-2021,51255.59,51605.24,50767.58,51116.28,0,3255.99
14-Dec-2021,51005.53,51743.05,50605.14,51340.04,0,3263.79
15-Dec-2021,51361.02,52247.32,51039.8,51922.59,0,2980.09
16-Dec-2021,51891.79,51976.47,51423.98,51508.04,0,1075.22
17-Dec-2021,51345.62,51754.11,50481.33,50886.17,0,3621.28
20-Dec-2021,51030.65,51411.43,50218.72,50596.26,0,1712.55
21-Dec-2021,50537.11,51131.46,49490.87,50079.83,0,3055.45
22-Dec-2021,49904.4,50801.21,49807.93,50703.2,0,5063.8
23-Dec-2021,50760.82,52034.93,50294.15,51560.89,0,1580.31
24-Dec-2021,51539.46,52956.07,51374.91,52787.53,0,3113.44
27-Dec-2021,52904.22,53244.89,52726.39,53066.51,0,2103.4
28-Dec-2021,52936.35,53378.33,51715.58,52151.0,0,4544.2
29-Dec-2021,52216.98,52387.42,51442.23,51610.69,0,2627.56
30-Dec-2021,51557.2,51688.16,51369.44,51500.26,0,2171.73
31-Dec-2021,51506.91,52167.54,51026.22,51685.19,0,2986.59
03-Jan-2022,51630.38,51961.81,50857.75,51186.33,0,1357.12
04-Jan-2022,51232.68,51797.15,48318.25,48856.55,0,2611.51
05-Jan-2022,49044.85,49179.13,48455.36,48588.39,0,3201.42
06-Jan-2022,48582.69,48786.88,47211.99,47411.25,0,2608.13
07-Jan-2022,47312.49,47353.03,46982.62,47022.91,0,2387.05
10-Jan-2022,47104.92,47442.88,46905.69,47243.06,0,2433.01
11-Jan-2022,47159.24,47802.14,46613.85,47255.63,0,2745.66
12-Jan-2022,47234.29,47342.0,46635.14,46741.73,0,2322.52
13-Jan-2022,46793.73,47282.8,46609.99,47097.88,0,3227.29
14-Jan-2022,47363.73,47598.13,46458.37,46689.43,0,4235.24
17-Jan-2022,46660.78,47000.78,46521.3,46860.7,0,1433.14
18-Jan-2022,46901.04,47408.02,46587.15,47092.85,0,2944.54
19-Jan-2022,47086.56,47321.35,46970.19,47204.69,0,3959.9
20-Jan-2022,47148.63,47266.72,46528.77,46645.59,0,2234.02
21-Jan-2022,46686.86,46978.27,46414.05,46705.36,0,6739.13
24-Jan-2022,46745.25,46936.78,46452.74,46643.86,0,2039.41
25-Jan-2022,46647.11,47928.02,46485.86,47762.92,0,3144.82
26-Jan-2022,47649.14,48776.5,47148.93,48269.78,0,7613.67
27-Jan-2022,48153.9,48735.94,47726.34,48307.01,0,2956.01
28-Jan-2022,48278.34,48570.48,47928.11,48219.9,0,4161.31
31-Jan-2022,48181.05,48635.34,46587.69,47031.13,0,3062.66
01-Feb-2022,46940.14,48112.32,46516.57,47682.06,0,3531.9
02-Feb-2022,47664.94,49787.38,47237.14,49344.52,0,4298.82
03-Feb-2022,49423.98,49904.37,48215.63,48688.88,0,2978.67
04-Feb-2022,48639.3,49266.71,48235.78,48861.35,0,1567.8
07-Feb-2022,48837.66,49068.26,48671.14,48901.52,0,2520.95
08-Feb-2022,48954.53,49244.87,47601.14,47885.14,0,3945.12
09-Feb-2022,47888.94,48566.42,47752.87,48428.81,0,4099.71
10-Feb-2022,48319.06,49442.32,48029.88,49148.17,0,2249.6
11-Feb-2022,49036.09,50318.13,48666.77,49941.98,0,4354.08
14-Feb-2022,49841.41,50439.02,48874.28,49467.4,0,4885.46
15-Feb-2022,49300.0,51118.8,48981.75,50790.92,0,1624.17
16-Feb-2022,50710.87,51207.75,50524.23,51019.97,0,2071.0
17-Feb-2022,51077.53,51378.92,50042.54,50339.58,0,4360.79
18-Feb-2022,50327.88,50412.59,49551.49,49635.04,0,3203.35
21-Feb-2022,49676.24,50064.58,49196.32,49583.94,0,3528.4
22-Feb-2022,49552.35,50193.17,49066.54,49705.85,0,846.27
23-Feb-2022,49879.52,50191.89,49186.04,49496.02,0,4455.91
24-Feb-2022,49536.38,50020.49,49535.7,50019.81,0,2139.85
25-Feb-2022,50304.86,51539.0,50147.62,51378.4,0,2272.62
28-Feb-2022,51547.93,51916.34,50629.71,50994.16,0,2407.99
01-Mar-2022,50864.91,51914.06,50355.87,51399.67,0,2117.98
02-Mar-2022,51372.08,51628.83,50848.69,51104.1,0,1390.06
03-Mar-2022,51012.39,51426.99,50867.66,51281.49,0,2182.31
04-Mar-2022,51233.52,51494.99,51004.2,51265.52,0,5834.5
07-Mar-2022,51203.84,51556.75,50483.58,50833.95,0,3249.76
08-Mar-2022,50623.17,51044.09,50394.03,50814.09,0,4846.73
09-Mar-2022,50759.26,51219.88,49935.55,50392.84,0,3763.22
10-Mar-2022,50520.16,50653.41,50062.59,50194.98,0,9399.31
11-Mar-2022,50347.86,50356.96,50091.3,50100.36,0,9719.29
14-Mar-2022,50018.34,50541.71,49582.12,50104.74,0,1795.2
15-Mar-2022,50136.91,50462.94,49570.42,49894.88,0,2914.45
16-Mar-2022,49861.63,50066.67,49470.64,49674.91,0,8446.73
17-Mar-2022,49737.78,51195.44,49467.72,50918.97,0,4031.17
18-Mar-2022,50997.18,51045.92,50556.99,50605.36,0,3924.67
21-Mar-2022,50646.57,51290.74,50256.71,50898.94,0,7028.62
22-Mar-2022,50665.06,51712.18,50279.97,51322.1,0,2712.79
23-Mar-2022,51478.95,53005.81,51109.52,52628.13,0,2896.63
24-Mar-2022,52522.72,52999.54,51537.06,52009.23,0,4317.23
25-Mar-2022,51954.74,52145.61,50464.97,50651.05,0,1820.66
28-Mar-2022,50736.85,51157.78,50205.14,50625.14,0,2779.71
29-Mar-2022,50709.27,52057.97,50242.27,51582.92,0,2930.88
30-Mar-2022,51595.57,52482.56,51176.89,52060.11,0,3586.71
31-Mar-2022,51975.58,52572.76,51735.31,52330.85,0,2598.23
01-Apr-2022,52366.11,52904.44,52175.05,52712.12,0,2281.56
04-Apr-2022,52759.64,52845.14,52165.79,52250.47,0,2655.97
05-Apr-2022,52245.47,52451.87,51993.88,52200.1,0,2804.58
06-Apr-2022,52209.51,52581.8,52044.52,52416.15,0,2100.06
07-Apr-2022,52518.21,53019.3,51669.92,52167.66,0,3479.96
08-Apr-2022,52201.94,52802.5,50413.33,51000.06,0,1504.09
11-Apr-2022,51068.95,51507.38,49650.98,50080.93,0,4229.04
12-Apr-2022,50158.74,50600.07,49170.17,49606.64,0,4301.42
13-Apr-2022,49615.42,49804.46,49354.52,49543.29,0,2278.65
14-Apr-2022,49572.53,49897.37,49149.92,49474.12,0,3349.78
15-Apr-2022,49613.76,49999.87,47999.58,48376.05,0,2031.34
18-Apr-2022,48323.89,48605.8,48261.75,48543.37,0,6841.77
19-Apr-2022,48622.13,48866.71,47628.83,47869.63,0,3370.6
20-Apr-2022,47910.52,48342.62,47535.54,47967.2,0,2015.53
21-Apr-2022,48021.46,48297.97,47815.16,48091.37,0,2409.73
22-Apr-2022,48225.96,48502.79,47435.69,47709.56,0,3978.13
25-Apr-2022,47606.41,48322.25,47178.5,47891.77,0,4890.63
26-Apr-2022,47917.46,47989.68,47260.5,47331.85,0,5046.8
27-Apr-2022,47462.41,47886.07,46991.94,47415.18,0,2097.99
28-Apr-2022,47356.83,47711.31,47017.53,47371.9,0,2008.45
29-Apr-2022,47190.51,47678.02,46471.64,46956.73,0,3182.87
02-May-2022,47091.75,48144.61,46603.74,47650.81,0,2099.43
03-May-2022,47539.22,47984.58,47285.1,47729.45,0,2837.44
04-May-2022,47837.15,47904.44,47650.58,47717.7,0,4062.49
05-May-2022,47662.29,49142.11,47523.23,48999.15,0,4391.28
06-May-2022,48864.68,49246.95,48274.59,48655.22,0,3468.32
09-May-2022,48592.51,49166.24,46575.17,47131.66,0,1789.06
10-May-2022,47209.1,47835.11,47020.79,47645.06,0,2165.99
11-May-2022,47633.88,48002.21,47287.04,47655.22,0,5950.67
12-May-2022,47660.5,47864.86,47250.06,47453.53,0,4229.62
13-May-2022,47509.81,47819.34,46890.49,47197.99,0,3755.41
16-May-2022,47397.62,47975.94,46273.57,46845.15,0,2429.79
17-May-2022,47019.0,48080.51,46658.11,47714.28,0,3061.14
18-May-2022,47688.88,48425.29,47280.24,48013.86,0,5695.09
19-May-2022,47995.9,48439.89,46189.06,46620.33,0,6071.36
20-May-2022,46422.01,47284.48,46265.29,47125.38,0,4207.28
23-May-2022,47256.8,47653.88,46623.3,47018.38,0,1802.76
24-May-2022,47014.57,47255.34,46882.43,47122.9,0,2690.42
25-May-2022,47091.65,48247.2,46780.12,47930.13,0,3340.39
26-May-2022,47849.93,48262.36,46775.39,47182.07,0,2763.85
27-May-2022,47167.5,48145.24,46897.06,47870.76,0,5969.22
30-May-2022,47853.24,48035.16,47537.2,47718.61,0,2096.43
31-May-2022,47778.87,48317.11,46566.03,47096.59,0,2095.85
01-Jun-2022,47021.12,47381.41,47014.9,47375.14,0,5073.12
02-Jun-2022,47346.77,47377.97,46123.64,46154.07,0,2579.23
03-Jun-2022,46138.62,46572.42,45376.86,45807.55,0,2517.87
06-Jun-2022,45806.59,45925.59,45125.22,45242.75,0,3483.99
07-Jun-2022,45033.18,46886.93,44633.74,46474.7,0,1764.84
08-Jun-2022,46470.76,46609.35,45812.44,45949.47,0,2186.51
09-Jun-2022,45925.36,45952.63,45739.37,45766.55,0,3257.98
10-Jun-2022,45730.95,46081.22,44632.92,44977.41,0,5421.24
13-Jun-2022,44957.99,47019.86,44641.94,46691.63,0,4036.76
14-Jun-2022,46596.59,47139.88,46228.19,46770.1,0,2753.62
15-Jun-2022,46870.15,47105.02,45922.54,46153.82,0,2768.68
16-Jun-2022,46395.2,46556.96,45581.82,45741.29,0,2962.52
17-Jun-2022,45835.74,46782.82,45494.16,46436.76,0,2034.31
20-Jun-2022,46424.18,46806.53,46126.21,46508.02,0,2956.09
21-Jun-2022,46537.24,46740.09,45445.21,45644.17,0,8111.41
22-Jun-2022,45529.5,46056.61,45093.34,45619.58,0,3181.9
23-Jun-2022,45618.71,45784.4,45022.24,45186.36,0,3406.56
24-Jun-2022,45142.95,45693.9,44763.9,45313.41,0,2798.05
27-Jun-2022,45420.71,46626.18,45021.46,46219.91,0,3024.03
28-Jun-2022,46257.98,47108.42,45857.62,46704.2,0,2136.09
29-Jun-2022,46611.35,47390.07,46193.99,46969.49,0,3363.9
30-Jun-2022,46924.54,46985.14,46691.71,46752.09,0,4260.05
01-Jul-2022,46705.3,47238.69,46453.85,46985.73,0,4015.44
04-Jul-2022,47057.52,47201.44,46276.09,46418.05,0,3920.58
05-Jul-2022,46406.84,47245.08,45951.12,46785.64,0,5186.89
06-Jul-2022,46800.91,47499.21,46541.44,47237.31,0,2605.56
07-Jul-2022,47173.6,47845.48,46934.86,47604.56,0,4870.7
08-Jul-2022,47629.27,48751.96,47071.52,48187.66,0,5674.27
11-Jul-2022,48221.88,48534.43,47926.83,48239.27,0,1671.03
12-Jul-2022,48248.35,48581.21,47463.25,47792.97,0,4786.98
13-Jul-2022,47817.99,48429.05,47475.11,48084.26,0,1571.78
14-Jul-2022,48092.46,48349.1,47581.09,47836.36,0,3798.94
15-Jul-2022,47784.89,48125.17,47318.33,47657.7,0,3605.82
18-Jul-2022,47580.2,47964.28,46772.83,47153.46,0,2895.26
19-Jul-2022,47151.48,47498.26,46803.15,47149.92,0,2873.46
20-Jul-2022,47195.95,47734.38,46936.51,47473.42,0,2196.53
21-Jul-2022,47523.38,47639.51,47199.7,47315.32,0,2647.92
22-Jul-2022,47368.53,47828.24,47244.94,47703.77,0,3459.98
25-Jul-2022,47601.23,47658.48,47573.55,47630.77,0,2996.65
26-Jul-2022,47772.66,48248.89,47623.17,48098.38,0,1317.24
27-Jul-2022,48095.26,48369.63,47299.22,47570.6,0,3520.84
28-Jul-2022,47692.73,48394.83,46509.3,47204.21,0,2922.06
29-Jul-2022,47236.09,48317.95,46745.97,47821.76,0,2286.58
01-Aug-2022,47583.25,48194.98,47349.57,47959.45,0,1173.82
02-Aug-2022,47989.86,48973.85,47303.44,48283.23,0,1631.1
03-Aug-2022,48423.56,48538.23,47648.97,47762.07,0,2310.1
04-Aug-2022,47840.35,48157.65,46924.14,47237.44,0,2062.04
05-Aug-2022,47362.75,48534.54,46743.98,47908.63,0,1821.89
08-Aug-2022,48064.04,48776.92,47862.5,48573.25,0,4031.11
09-Aug-2022,48586.46,49432.54,48078.88,48921.45,0,3150.61
10-Aug-2022,48829.48,49021.29,47756.31,47944.64,0,5598.59
11-Aug-2022,47939.45,48362.3,47790.16,48212.16,0,4558.62
12-Aug-2022,48146.94,48660.21,48008.6,48520.79,0,2493.97
15-Aug-2022,48598.23,49315.71,48343.8,49058.87,0,2702.57
16-Aug-2022,49005.52,49188.54,48787.68,48970.56,0,1617.79
17-Aug-2022,49011.96,50104.89,48972.17,50064.24,0,3503.2
18-Aug-2022,50206.57,50460.04,48609.95,48856.61,0,3833.43
19-Aug-2022,48856.64,49010.67,48280.51,48433.21,0,4422.13
22-Aug-2022,48694.32,48935.7,48297.72,48538.33,0,3373.63
23-Aug-2022,48493.09,48937.06,48219.4,48662.42,0,2274.55
24-Aug-2022,48612.16,49056.67,47774.86,48215.74,0,6869.31
25-Aug-2022,48293.28,48904.71,47794.64,48404.92,0,2931.11
26-Aug-2022,48212.11,48509.72,47906.26,48203.82,0,2562.02
29-Aug-2022,48144.39,48671.63,47541.43,48067.84,0,4240.26
30-Aug-2022,48126.98,48617.12,47345.28,47832.42,0,3226.36
31-Aug-2022,47751.46,48145.5,46956.32,47347.02,0,4009.65
01-Sep-2022,47284.36,47738.3,46471.18,46921.64,0,2484.18
02-Sep-2022,47076.54,47524.06,46114.74,46557.33,0,3750.5
05-Sep-2022,46398.27,46847.5,45472.35,45916.91,0,3989.41
06-Sep-2022,45872.51,46256.72,44984.67,45364.63,0,2900.07
07-Sep-2022,45358.85,46428.02,44968.29,46031.67,0,3503.88
08-Sep-2022,45981.01,46649.24,45457.25,46123.85,0,2254.79
09-Sep-2022,46110.36,46590.18,45187.9,45663.08,0,4190.86
12-Sep-2022,45779.42,46235.0,45709.92,46164.91,0,2701.6
13-Sep-2022,45990.72,46955.04,45622.19,46581.78,0,2626.61
14-Sep-2022,46670.19,47509.63,46513.01,47350.16,0,6211.51
15-Sep-2022,47181.39,48384.84,46656.17,47852.16,0,3419.71
16-Sep-2022,47769.0,47910.1,47185.62,47325.41,0,3340.71
19-Sep-2022,47245.47,47963.34,47078.04,47793.96,0,4594.13
20-Sep-2022,47773.82,48049.36,47543.18,47818.5,0,2746.6
21-Sep-2022,47787.61,47917.57,47183.32,47311.99,0,3329.65
22-Sep-2022,47133.9,47504.3,46723.5,47093.59,0,3165.13
23-Sep-2022,47177.06,47236.6,46774.74,46833.85,0,3459.14
26-Sep-2022,46896.79,47101.72,45907.27,46108.76,0,5810.9
27-Sep-2022,46208.45,46419.45,45139.95,45347.01,0,1724.41
28-Sep-2022,45436.05,46893.36,45136.22,46585.95,0,5044.11
29-Sep-2022,46581.14,46887.88,45475.33,45776.78,0,3063.05
30-Sep-2022,45876.75,47367.74,45588.87,47072.35,0,1767.12
03-Oct-2022,47287.49,47368.94,46373.03,46453.04,0,3064.1
04-Oct-2022,46461.78,47004.23,46208.36,46749.24,0,4408.36
05-Oct-2022,46693.25,47072.12,46355.38,46733.95,0,5227.92
06-Oct-2022,46636.15,46923.78,45783.04,46067.16,0,2709.61
07-Oct-2022,45922.54,45972.71,45809.53,45859.63,0,2543.89
10-Oct-2022,45739.29,46480.58,45527.47,46266.33,0,2253.97
11-Oct-2022,46265.13,46530.14,45089.43,45349.19,0,5779.18
12-Oct-2022,45346.89,45755.25,44769.64,45176.47,0,2764.33
13-Oct-2022,45309.21,45550.99,44377.77,44615.85,0,2630.7
14-Oct-2022,44640.39,44909.22,43279.15,43541.37,0,2026.09
17-Oct-2022,43636.73,43967.09,43073.38,43401.96,0,4756.26
18-Oct-2022,43389.51,44042.02,43242.79,43893.6,0,2589.13
19-Oct-2022,43907.28,44812.6,43805.18,44708.64,0,3263.26
20-Oct-2022,44664.63,45006.11,43204.34,43537.21,0,1932.21
21-Oct-2022,43586.16,43766.44,42743.55,42921.08,0,2531.07
24-Oct-2022,42904.63,43265.04,42403.25,42762.47,0,1003.12
25-Oct-2022,42691.85,43162.5,41734.47,42199.69,0,2592.3
26-Oct-2022,42256.68,42549.83,41602.05,41892.68,0,1522.34
27-Oct-2022,41762.67,42156.73,40675.11,41062.56,0,2547.83
28-Oct-2022,41115.84,41638.53,40956.73,41478.01,0,5196.26
31-Oct-2022,41400.61,41814.31,40728.18,41139.27,0,4440.42
01-Nov-2022,41062.71,41117.56,40397.42,40451.45,0,2200.0
02-Nov-2022,40440.68,40744.51,40249.78,40553.08,0,1981.1
03-Nov-2022,40594.8,41037.38,39237.47,39669.96,0,2807.56
04-Nov-2022,39824.03,39957.71,39248.36,39380.55,0,3703.9
07-Nov-2022,39359.15,39491.8,39272.74,39405.29,0,2056.48
08-Nov-2022,39343.54,39671.69,38737.4,39063.21,0,2908.16
09-Nov-2022,39075.51,40204.33,38678.35,39799.8,0,3154.8
10-Nov-2022,39748.21,39968.13,39155.1,39372.94,0,3519.68
11-Nov-2022,39487.98,39911.57,39302.35,39724.83,0,4092.75
14-Nov-2022,39649.46,39942.71,39236.41,39528.77,0,6555.32
15-Nov-2022,39423.0,39929.14,39349.14,39854.46,0,1997.8
16-Nov-2022,39932.41,40392.56,39444.34,39904.16,0,1819.2
17-Nov-2022,40009.29,40270.9,39643.05,39903.98,0,2487.94
18-Nov-2022,39983.66,40045.07,39651.45,39712.45,0,4811.18
21-Nov-2022,39687.82,40354.6,39364.4,40028.41,0,4372.23
22-Nov-2022,39953.0,40126.83,39108.47,39279.38,0,3851.55
23-Nov-2022,39309.32,39717.63,38995.66,39403.22,0,2055.24
24-Nov-2022,39438.78,39755.43,38109.05,38417.5,0,3021.21
25-Nov-2022,38373.61,39024.89,38119.82,38768.49,0,2981.27
28-Nov-2022,38616.59,39527.83,38489.61,39398.28,0,4747.97
29-Nov-2022,39398.42,39833.89,39173.15,39607.42,0,2334.01
30-Nov-2022,39671.89,39996.44,39093.15,39415.6,0,3834.66
01-Dec-2022,39394.38,39896.49,39141.3,39641.83,0,3087.47
02-Dec-2022,39811.81,40176.86,39388.21,39752.73,0,3420.94
05-Dec-2022,39697.22,41081.43,39280.8,40654.96,0,5315.81
06-Dec-2022,40725.06,41755.9,40701.36,41731.62,0,5392.85
07-Dec-2022,41785.61,42412.72,41563.9,42188.87,0,4344.31
08-Dec-2022,42193.24,43487.25,41985.71,43274.4,0,3587.3
09-Dec-2022,43273.15,43419.94,42094.05,42237.32,0,4828.83
12-Dec-2022,42214.31,42298.67,41745.34,41828.94,0,4263.0
13-Dec-2022,41851.24,42731.51,41656.03,42533.11,0,2939.8
14-Dec-2022,42549.91,43029.85,42509.85,42989.38,0,2563.58
15-Dec-2022,42994.07,43686.07,42516.21,43205.85,0,1403.82
16-Dec-2022,43178.35,43566.44,42879.36,43266.83,0,3605.55
19-Dec-2022,43228.62,43603.57,43138.78,43513.14,0,2770.55
20-Dec-2022,43572.63,45393.74,43182.89,44991.3,0,7819.1
21-Dec-2022,44849.52,46191.04,44231.71,45563.39,0,3080.2
22-Dec-2022,45480.04,46598.47,45325.48,46440.65,0,1585.7
23-Dec-2022,46507.89,46555.08,45351.7,45397.77,0,2925.97
26-Dec-2022,45391.46,46351.36,45114.71,46070.47,0,4926.76
27-Dec-2022,46120.1,47174.14,45620.38,46668.47,0,2893.71
28-Dec-2022,46704.33,46854.96,45848.39,45996.74,0,3691.92
29-Dec-2022,45905.58,47050.04,45523.09,46661.25,0,6174.69
30-Dec-2022,46611.79,47179.97,46465.68,47032.55,0,3228.18
02-Jan-2023,47263.99,47526.96,46112.82,46370.83,0,2255.3
03-Jan-2023,46401.5,46946.53,46080.1,46623.6,0,2371.28
04-Jan-2023,46565.38,47187.39,46276.52,46896.48,0,3674.03
05-Jan-2023,46984.6,47738.34,46568.09,47318.86,0,5600.43
06-Jan-2023,47406.03,47467.47,46988.82,47049.8,0,4052.26
09-Jan-2023,47205.87,47466.98,46279.48,46536.89,0,5653.34
10-Jan-2023,46405.07,47441.02,46002.04,47032.54,0,1764.91
11-Jan-2023,46963.27,47843.03,46456.39,47332.17,0,2619.93
12-Jan-2023,47259.47,47466.76,46502.98,46707.85,0,5153.45
13-Jan-2023,46659.7,47671.45,46635.48,47646.72,0,3561.98
16-Jan-2023,47593.5,48042.07,47441.22,47888.85,0,1873.84
17-Jan-2023,47924.28,48425.08,47108.31,47605.79,0,4576.44
18-Jan-2023,47664.34,48923.95,47249.06,48501.38,0,2701.63
19-Jan-2023,48493.75,49118.44,48230.07,48852.81,0,2168.05
20-Jan-2023,48779.96,49310.36,47710.37,48234.84,0,6222.91
23-Jan-2023,48166.83,48721.57,48002.26,48555.67,0,1813.86
24-Jan-2023,48364.4,49838.5,47931.37,49396.23,0,2351.4
25-Jan-2023,49342.7,49949.13,49099.82,49704.46,0,2779.82
26-Jan-2023,49701.35,50090.54,49393.39,49782.07,0,2393.87
27-Jan-2023,49688.54,50010.74,49477.49,49799.22,0,1645.5
30-Jan-2023,49777.55,49882.0,49559.72,49663.93,0,1942.52
31-Jan-2023,49607.25,50919.07,49222.82,50527.5,0,3520.41
01-Feb-2023,50409.81,50633.22,50011.28,50233.91,0,3060.96
02-Feb-2023,50265.92,51065.6,49879.57,50676.1,0,4231.34
03-Feb-2023,50570.0,51020.14,50204.6,50654.13,0,5215.31
06-Feb-2023,50672.06,51232.66,50337.01,50896.13,0,2851.2
07-Feb-2023,50835.06,51925.93,50463.81,51549.46,0,1230.63
08-Feb-2023,51349.54,52010.99,51062.07,51721.44,0,3360.96
09-Feb-2023,51733.99,52128.88,51302.84,51697.45,0,4474.43
10-Feb-2023,51481.28,52323.34,50972.79,51811.58,0,2194.14
13-Feb-2023,51744.54,53199.73,51281.41,52727.81,0,3455.49
14-Feb-2023,52979.52,53820.97,52781.26,53620.31,0,1715.02
15-Feb-2023,53631.14,54133.78,52775.16,53274.46,0,2940.77
16-Feb-2023,53173.74,53569.58,52335.34,52727.86,0,2771.69
17-Feb-2023,52511.04,52809.56,52055.83,52353.46,0,5025.07
20-Feb-2023,52258.76,53008.62,51950.64,52697.91,0,2019.42
21-Feb-2023,52694.2,53555.82,52432.48,53291.13,0,1790.4
22-Feb-2023,53230.98,53315.33,52896.89,52980.84,0,2124.57
23-Feb-2023,52962.72,53362.15,52672.66,53071.5,0,5492.57
24-Feb-2023,52857.53,53717.24,52650.85,53508.02,0,2355.82
27-Feb-2023,53617.86,54006.23,52989.52,53376.14,0,2561.48
28-Feb-2023,53294.89,54890.77,52880.82,54467.59,0,2545.0
01-Mar-2023,54519.79,54788.34,53735.8,54001.79,0,3526.4
02-Mar-2023,54118.46,54385.96,53892.68,54160.0,0,3801.22
03-Mar-2023,54158.73,55520.12,53827.15,55182.27,0,2054.36
06-Mar-2023,55300.43,55650.47,54713.34,55061.87,0,3580.7
07-Mar-2023,54873.92,55164.1,54659.17,54949.05,0,3855.67
08-Mar-2023,55122.25,55586.05,54332.21,54793.24,0,1972.13
09-Mar-2023,54663.13,55958.93,54467.94,55759.82,0,4927.56
10-Mar-2023,55627.13,55996.15,55423.38,55791.81,0,3795.24
13-Mar-2023,55810.66,56803.6,55388.5,56377.15,0,1787.28
14-Mar-2023,56396.66,57458.35,55954.07,57010.94,0,3134.64
15-Mar-2023,57061.65,58123.14,56536.34,57592.94,0,5349.74
16-Mar-2023,57756.34,58353.44,57224.51,57821.01,0,3614.41
17-Mar-2023,57768.5,59513.25,57279.94,59014.16,0,5059.09
20-Mar-2023,58994.83,59249.04,58168.75,58420.48,0,5247.74
21-Mar-2023,58480.17,58784.96,57681.81,57984.02,0,3468.01
22-Mar-2023,57919.74,58024.24,57635.84,57740.02,0,3328.62
23-Mar-2023,57740.47,58196.71,57239.67,57695.56,0,1319.6
24-Mar-2023,57534.26,58169.16,57288.24,57921.49,0,2899.67
27-Mar-2023,57967.47,58463.27,57737.29,58232.03,0,5730.0
28-Mar-2023,58441.53,58748.43,58004.2,58310.41,0,3248.53
29-Mar-2023,58371.66,58769.98,56863.88,57254.57,0,2155.98
30-Mar-2023,57203.7,57426.53,56464.51,56685.32,0,2258.94
31-Mar-2023,56898.25,56941.35,56104.34,56146.87,0,2079.35
03-Apr-2023,56446.34,56640.42,55101.4,55291.5,0,3147.17
04-Apr-2023,55150.12,56626.88,54804.58,56274.3,0,2312.24
05-Apr-2023,56178.81,56747.09,55520.22,56087.58,0,3543.39
06-Apr-2023,56127.16,56399.19,55696.72,55967.98,0,2987.11
07-Apr-2023,55941.71,56170.3,55239.6,55466.25,0,2834.57
10-Apr-2023,55541.53,56692.78,55056.4,56201.89,0,2446.2
11-Apr-2023,56084.59,56481.73,55784.27,56180.89,0,5584.1
12-Apr-2023,56292.18,56351.79,56186.08,56245.64,0,1511.23
13-Apr-2023,56056.77,56239.09,55543.41,55724.65,0,2025.67
14-Apr-2023,55606.09,55945.49,54803.42,55139.97,0,2870.5
17-Apr-2023,55039.9,56158.79,54829.2,55944.62,0,2990.86
18-Apr-2023,55948.58,56184.61,55764.1,55999.95,0,4626.02
19-Apr-2023,55889.0,56922.01,55415.76,56444.08,0,3789.51
20-Apr-2023,56532.2,57687.39,55974.74,57124.09,0,3347.89
21-Apr-2023,57268.17,57593.4,56736.14,57060.19,0,1714.82
24-Apr-2023,57198.63,57501.9,56873.64,57176.79,0,2105.45
25-Apr-2023,57402.72,57653.99,55900.17,56145.94,0,1578.45
26-Apr-2023,56257.64,56678.73,55030.9,55445.92,0,2902.82
27-Apr-2023,55610.2,55977.61,54657.19,55020.7,0,3074.68
28-Apr-2023,55198.49,55531.6,54486.41,54817.22,0,3453.53
01-May-2023,54801.07,56122.26,54570.38,55887.0,0,6613.34
02-May-2023,55937.41,56811.0,55338.68,56209.35,0,1944.14
03-May-2023,56161.82,56337.65,55821.99,55997.31,0,1483.01
04-May-2023,55900.77,56304.3,55813.11,56216.14,0,1327.15
05-May-2023,56037.04,56269.19,55161.91,55391.38,0,3440.08
08-May-2023,55621.5,56006.31,54797.57,55179.31,0,3711.66
09-May-2023,55284.99,55906.64,54663.94,55285.59,0,2122.13
10-May-2023,55449.7,55821.58,54174.05,54539.83,0,3057.2
11-May-2023,54577.73,54990.08,54480.55,54892.34,0,3879.77
12-May-2023,55153.26,55974.58,54974.92,55794.17,0,2754.79
15-May-2023,55657.47,57924.65,55127.68,57378.48,0,4848.59
16-May-2023,57539.58,57793.57,55672.69,55919.53,0,2655.86
17-May-2023,55938.78,56128.37,54558.87,54744.41,0,4068.1
18-May-2023,54617.02,54935.99,54330.39,54649.19,0,1936.33
19-May-2023,54620.39,54972.2,53946.47,54296.19,0,3978.01
22-May-2023,54221.6,54888.65,54016.79,54682.1,0,4461.41
23-May-2023,54549.53,56442.13,54176.15,56058.41,0,2074.59
24-May-2023,56104.72,56445.39,54963.5,55299.28,0,2102.72
25-May-2023,55384.18,55569.7,54520.73,54703.98,0,2299.17
26-May-2023,54819.7,55118.63,53959.88,54255.73,0,2875.86
29-May-2023,54114.36,54646.96,52181.25,52699.94,0,2493.06
30-May-2023,52768.46,53805.8,52125.59,53158.18,0,2947.03
31-May-2023,53358.01,54028.09,53059.64,53727.65,0,8035.55
01-Jun-2023,53750.37,54026.0,51990.9,52258.88,0,5543.11
02-Jun-2023,52346.64,53201.21,52116.69,52968.54,0,6991.86
05-Jun-2023,52945.35,53404.16,52673.38,53131.24,0,2745.37
06-Jun-2023,52776.1,53320.77,52642.47,53186.1,0,4506.19
07-Jun-2023,53037.34,53891.23,52764.33,53615.25,0,3313.19
08-Jun-2023,53933.52,54397.74,52311.68,52765.86,0,2368.0
09-Jun-2023,52703.46,52900.93,52438.79,52636.0,0,3264.28
12-Jun-2023,52719.51,52979.35,51641.44,51897.23,0,2117.29
13-Jun-2023,51938.73,52495.39,51817.1,52372.74,0,3727.33
14-Jun-2023,52283.46,53322.75,51837.74,52872.01,0,2353.44
15-Jun-2023,52786.01,53190.06,52429.39,52833.12,0,3243.78
16-Jun-2023,52849.05,53096.55,52450.83,52697.62,0,3360.19
19-Jun-2023,52626.69,52980.45,51866.25,52217.25,0,2852.55
20-Jun-2023,52106.21,53398.67,51817.99,53104.93,0,2801.67
21-Jun-2023,53153.21,53523.21,52114.15,52479.45,0,2787.31
22-Jun-2023,52596.31,52844.93,51278.98,51522.53,0,2432.55
23-Jun-2023,51390.05,51773.79,50539.09,50919.32,0,2348.32
26-Jun-2023,50897.79,51093.83,50270.02,50464.38,0,1877.74
27-Jun-2023,50496.24,50847.23,50148.61,50499.57,0,2306.81
28-Jun-2023,50498.57,50681.73,49620.47,49801.1,0,3775.07
29-Jun-2023,49818.25,50252.17,49258.21,49691.02,0,3174.01
30-Jun-2023,49594.4,50067.14,47548.78,48006.39,0,5321.15
03-Jul-2023,47942.82,48011.3,47931.14,47999.6,0,1703.83
04-Jul-2023,47741.8,48282.79,47139.47,47679.76,0,3848.48
05-Jul-2023,47646.41,47820.37,47188.88,47361.81,0,4819.51
06-Jul-2023,47357.14,47583.0,46114.42,46335.41,0,3495.11
07-Jul-2023,46218.55,47051.21,45787.05,46616.0,0,3218.44
10-Jul-2023,46822.91,47772.46,46737.43,47685.41,0,3284.67
11-Jul-2023,47862.39,48050.53,47362.71,47549.63,0,2366.93
12-Jul-2023,47539.61,48144.95,47322.14,47925.71,0,2737.07
13-Jul-2023,47901.6,48205.51,47190.93,47492.24,0,3090.48
14-Jul-2023,47619.6,48295.2,47240.06,47913.31,0,2769.75
17-Jul-2023,47885.2,48327.01,47850.06,48291.57,0,3202.12
18-Jul-2023,48124.16,48353.53,47669.78,47898.06,0,4663.0
19-Jul-2023,47836.61,48793.03,47548.42,48500.84,0,2826.33
20-Jul-2023,48654.93,50465.95,48439.35,50243.33,0,4100.76
21-Jul-2023,50090.68,50687.55,49683.53,50278.88,0,2628.96
24-Jul-2023,50317.93,50654.39,49622.76,49956.8,0,7102.47
25-Jul-2023,50085.42,50397.19,48524.43,48828.38,0,2710.14
26-Jul-2023,48716.77,49287.13,48618.3,49187.71,0,3976.09
27-Jul-2023,49113.88,49304.7,48814.54,49004.94,0,2379.6
28-Jul-2023,49092.6,49896.48,48616.45,49417.18,0,2691.71
31-Jul-2023,49448.79,49938.04,49186.94,49674.99,0,4845.5
01-Aug-2023,49677.16,49919.22,49432.84,49674.89,0,2926.34
02-Aug-2023,49599.89,49872.71,49447.18,49719.63,0,1656.05
03-Aug-2023,49820.25,51187.3,49404.13,50763.3,0,6065.41
04-Aug-2023,51020.15,51304.35,49801.02,50079.98,0,2840.92
07-Aug-2023,49950.6,50549.74,49782.25,50379.93,0,2630.03
08-Aug-2023,50321.79,50845.06,50045.06,50566.99,0,2753.66
09-Aug-2023,50447.66,50633.27,49387.4,49569.78,0,4999.05
10-Aug-2023,49655.22,50065.9,49220.95,49631.44,0,3699.07
11-Aug-2023,49552.99,50957.84,49331.91,50731.49,0,2533.39
14-Aug-2023,50526.56,50819.53,50418.4,50710.98,0,2531.01
15-Aug-2023,50691.59,50767.75,50164.01,50239.5,0,4196.59
16-Aug-2023,50240.67,50675.86,49852.47,50287.3,0,2972.41
17-Aug-2023,50155.23,51464.91,49922.67,51227.38,0,956.07
18-Aug-2023,51519.82,51729.19,50562.37,50768.68,0,2681.87
21-Aug-2023,50779.04,51065.9,49938.67,50222.38,0,4975.83
22-Aug-2023,50316.31,50632.27,49124.54,49434.96,0,2936.62
23-Aug-2023,49376.01,49924.26,49351.73,49899.73,0,2351.9
24-Aug-2023,49937.53,50620.03,49824.71,50505.93,0,1986.94
25-Aug-2023,50501.88,50830.05,49853.24,50179.3,0,4742.41
28-Aug-2023,50334.41,50724.84,49587.14,49974.77,0,5183.34
29-Aug-2023,50009.59,50409.48,49289.23,49686.54,0,2561.1
30-Aug-2023,49799.54,50015.1,49372.8,49587.43,0,3577.59
31-Aug-2023,49545.03,49742.36,49081.64,49277.91,0,1349.73
01-Sep-2023,49213.33,49512.11,48749.92,49047.69,0,1515.54
04-Sep-2023,49111.75,49843.1,48845.76,49574.6,0,3809.94
05-Sep-2023,49638.69,49826.56,49042.47,49228.79,0,3506.88
06-Sep-2023,49182.39,49432.45,48573.85,48822.09,0,2769.21
07-Sep-2023,48798.98,49502.89,48291.76,48993.66,0,1657.04
08-Sep-2023,49150.86,49488.19,48842.73,49179.88,0,1577.66
11-Sep-2023,49242.08,50078.35,49075.04,49909.05,0,1912.85
12-Sep-2023,49926.59,50269.03,49824.61,50166.55,0,2414.75
13-Sep-2023,50199.26,50894.04,49967.55,50660.21,0,3877.67
14-Sep-2023,50630.75,51105.39,50259.3,50733.18,0,4371.96
15-Sep-2023,50706.08,51010.63,50455.48,50759.76,0,1660.72
18-Sep-2023,50651.47,51034.89,49276.74,49652.6,0,1978.57
19-Sep-2023,49643.9,50427.79,49302.18,50083.05,0,2047.88
20-Sep-2023,49884.52,51106.71,49351.93,50566.84,0,2438.02
21-Sep-2023,50562.8,50870.88,50324.09,50631.85,0,2635.32
22-Sep-2023,50702.14,52256.94,50244.76,51789.74,0,4947.77
25-Sep-2023,51832.75,52260.35,50415.27,50834.63,0,2485.39
26-Sep-2023,50967.55,51585.5,50415.0,51032.25,0,2272.65
27-Sep-2023,50995.49,51058.79,49835.89,49897.83,0,1104.81
28-Sep-2023,49959.62,50527.31,49398.85,49966.46,0,1650.95
29-Sep-2023,49959.15,50352.34,49067.48,49456.71,0,3850.8
02-Oct-2023,49498.01,49877.27,48568.47,48943.47,0,3094.35
03-Oct-2023,48932.28,49240.07,48919.32,49227.03,0,2956.56
04-Oct-2023,49445.62,50373.51,49025.0,49948.61,0,3551.14
05-Oct-2023,49893.86,50838.03,49693.05,50634.25,0,1825.69
06-Oct-2023,50468.24,50750.9,50219.98,50502.47,0,2223.8
09-Oct-2023,50407.06,51817.5,50183.3,51588.48,0,4178.14
10-Oct-2023,51456.82,52711.54,51087.69,52336.11,0,4009.8
11-Oct-2023,52243.31,52662.89,51864.76,52284.04,0,1534.39
12-Oct-2023,52167.01,52640.07,51744.48,52217.13,0,3727.89
13-Oct-2023,52278.07,53822.76,52088.09,53627.86,0,2666.85
16-Oct-2023,53776.2,54025.14,52991.44,53237.89,0,4153.27
17-Oct-2023,53283.97,53529.01,52727.81,52971.41,0,2023.38
18-Oct-2023,52702.37,54230.78,52333.99,53854.34,0,3198.88
19-Oct-2023,53930.64,54156.17,52340.46,52560.27,0,1256.01
20-Oct-2023,52407.59,52856.94,52356.88,52805.85,0,3220.7
23-Oct-2023,53000.32,53619.24,52295.9,52913.81,0,2944.99
24-Oct-2023,52962.18,53431.5,51709.47,52171.79,0,2700.05
25-Oct-2023,52240.89,52545.13,52032.24,52336.11,0,2729.58
26-Oct-2023,52259.41,52535.66,51584.41,51858.54,0,4077.36
27-Oct-2023,51805.93,52055.58,51714.53,51963.9,0,2941.49
30-Oct-2023,51955.38,53329.77,51878.33,53250.79,0,4433.14
31-Oct-2023,53177.77,53249.36,51876.38,51946.32,0,3741.96
01-Nov-2023,51974.32,52183.92,50998.57,51205.07,0,5118.49
02-Nov-2023,51238.33,52104.07,50718.79,51581.05,0,1298.87
03-Nov-2023,51647.77,51816.05,51212.77,51380.18,0,1721.22
06-Nov-2023,51353.01,51783.13,51149.12,51578.34,0,6553.81
07-Nov-2023,51640.66,52102.27,49880.36,50330.26,0,4961.23
08-Nov-2023,50351.29,51557.44,50024.13,51224.6,0,3473.85
09-Nov-2023,51189.61,51683.07,50394.66,50885.18,0,3058.67
10-Nov-2023,50850.51,51252.97,49563.86,49959.26,0,2457.41
13-Nov-2023,49998.9,50620.23,49546.38,50166.2,0,3353.2
14-Nov-2023,50220.89,51416.34,49739.0,50927.67,0,2981.09
15-Nov-2023,50702.21,51702.46,50447.67,51444.19,0,4204.02
16-Nov-2023,51607.15,52660.37,51164.32,52212.35,0,2638.84
17-Nov-2023,52131.08,52748.81,51973.28,52589.61,0,1022.61
20-Nov-2023,52513.28,52803.92,51880.46,52169.19,0,3188.27
21-Nov-2023,52083.46,52495.23,51332.4,51741.47,0,2126.92
22-Nov-2023,51693.11,51951.86,51326.53,51584.74,0,1774.68
23-Nov-2023,51745.71,52435.34,51440.71,52128.08,0,1302.4
24-Nov-2023,52102.85,52303.24,51851.52,52051.71,0,4269.51
27-Nov-2023,51905.81,52747.66,51464.92,52303.39,0,2923.81
28-Nov-2023,52240.65,52544.1,51892.47,52195.66,0,4124.53
29-Nov-2023,52264.9,52891.62,52046.6,52671.62,0,2887.06
30-Nov-2023,52765.69,53560.19,52438.87,53230.5,0,1747.31
01-Dec-2023,53113.94,53315.12,52345.75,52544.78,0,1744.89
04-Dec-2023,52527.15,53070.56,52081.37,52623.96,0,2091.22
05-Dec-2023,52609.12,52851.37,51560.45,51798.97,0,4481.23
06-Dec-2023,51801.88,52208.63,51108.67,51513.15,0,2609.0
07-Dec-2023,51502.49,52597.79,51097.3,52187.22,0,3117.26
08-Dec-2023,52270.08,53499.38,51935.59,53159.2,0,2907.15
11-Dec-2023,53035.19,53412.25,51719.72,52090.06,0,5881.26
12-Dec-2023,51880.39,52500.7,51420.96,52039.87,0,1478.62
13-Dec-2023,52036.64,52556.49,50036.56,50541.48,0,2740.81
14-Dec-2023,50592.65,50929.88,49041.69,49370.78,0,2976.57
15-Dec-2023,49358.92,49797.96,48954.98,49393.74,0,2268.55
18-Dec-2023,49360.23,49565.65,48561.77,48764.71,0,2833.91
19-Dec-2023,48627.91,48995.76,47377.33,47738.45,0,1513.19
20-Dec-2023,47845.99,48163.73,47726.33,48043.57,0,2647.57
21-Dec-2023,48038.41,48413.74,47562.2,47936.74,0,4190.51
22-Dec-2023,47737.31,47936.55,47143.55,47341.15,0,6438.19
25-Dec-2023,47308.09,47792.57,46681.23,47164.23,0,2652.74
26-Dec-2023,46900.69,47798.05,46764.41,47659.56,0,2938.04
27-Dec-2023,47647.81,48016.66,46621.35,46985.07,0,4130.23
28-Dec-2023,46942.29,47877.16,46683.69,47614.86,0,3243.25
29-Dec-2023,47534.49,49266.33,47291.84,49016.11,0,5422.28
01-Jan-2024,49059.83,49308.76,48620.23,48868.18,0,4858.74
02-Jan-2024,48884.47,48971.53,48605.04,48691.76,0,3805.75
03-Jan-2024,48773.5,48970.78,48436.39,48633.1,0,3784.39
04-Jan-2024,48669.31,49412.43,48360.86,49101.24,0,5671.8
05-Jan-2024,49096.03,49837.62,48414.65,49155.41,0,2398.89
08-Jan-2024,49207.43,49410.11,49029.4,49231.99,0,3146.26
09-Jan-2024,49134.99,49457.03,48817.82,49139.83,0,3897.93
10-Jan-2024,49179.55,49659.2,48711.89,49191.44,0,3656.14
11-Jan-2024,49355.51,49600.32,48927.01,49170.9,0,3321.3
12-Jan-2024,49060.53,49259.82,48603.91,48802.15,0,1728.98
15-Jan-2024,48841.95,49355.42,47837.2,48345.44,0,3108.84
16-Jan-2024,48229.62,48322.26,47834.97,47927.03,0,6214.7
17-Jan-2024,47881.04,48500.56,47599.76,48217.3,0,3694.11
18-Jan-2024,48325.85,49188.72,48029.95,48889.37,0,3146.15
19-Jan-2024,48956.09,49246.59,48188.1,48475.74,0,6813.08
22-Jan-2024,48457.28,48853.26,48231.62,48626.81,0,4182.64
23-Jan-2024,48596.08,49055.96,47768.82,48225.18,0,3015.25
24-Jan-2024,48172.65,48547.48,46535.73,46900.66,0,2560.06
25-Jan-2024,46836.91,47106.04,46486.96,46755.63,0,5499.27
26-Jan-2024,46636.22,47120.38,46374.32,46857.23,0,3355.92
29-Jan-2024,46877.24,47434.16,46432.26,46988.13,0,3044.33
30-Jan-2024,47030.54,48213.03,46442.64,47617.8,0,3141.05
31-Jan-2024,47697.91,48102.95,46916.95,47318.77,0,3214.65
01-Feb-2024,47457.95,48836.64,46971.09,48340.72,0,1956.88
02-Feb-2024,48395.68,48799.47,47874.59,48277.39,0,2201.96
05-Feb-2024,48282.64,48632.68,47177.07,47521.6,0,2685.63
06-Feb-2024,47583.89,48081.45,47344.66,47840.93,0,2602.25
07-Feb-2024,47711.65,47836.21,47018.97,47142.03,0,3295.4
08-Feb-2024,47261.25,47706.32,46167.69,46606.59,0,1920.36
09-Feb-2024,46697.44,48169.61,46343.61,47807.37,0,3855.41
12-Feb-2024,47690.6,48105.73,46770.03,47180.72,0,4386.42
13-Feb-2024,47185.6,47676.17,46654.33,47144.47,0,1881.94
14-Feb-2024,47148.85,47162.75,46935.93,46949.76,0,4648.72
15-Feb-2024,47017.36,47425.99,46639.99,47048.36,0,1866.36
16-Feb-2024,47098.88,47679.32,46679.82,47258.83,0,4697.61
19-Feb-2024,47209.53,48138.49,46607.51,47532.36,0,2044.35
20-Feb-2024,47578.44,48536.22,47355.22,48309.57,0,4087.24
21-Feb-2024,48424.08,48514.34,48164.84,48254.79,0,5934.73
22-Feb-2024,48412.61,48958.32,48036.99,48581.39,0,2583.37
23-Feb-2024,48542.49,49617.56,48120.7,49190.14,0,6173.84
26-Feb-2024,49180.91,50332.52,48432.28,49577.85,0,3339.85
27-Feb-2024,49659.27,49863.94,49308.74,49512.8,0,2429.1
28-Feb-2024,49516.51,49804.18,49262.54,49550.04,0,5591.58
29-Feb-2024,49487.06,50147.05,49270.63,49928.68,0,2139.49
01-Mar-2024,49916.85,51100.69,49839.19,51021.31,0,3893.0
04-Mar-2024,51020.82,51940.08,50712.09,51627.68,0,1517.64
05-Mar-2024,51730.64,51908.34,50400.94,50574.67,0,5771.04
06-Mar-2024,50346.04,51265.78,49791.63,50707.39,0,4736.67
07-Mar-2024,50895.23,51351.49,49973.2,50425.25,0,2747.3
08-Mar-2024,50476.31,51033.12,50069.27,50624.88,0,4195.44
11-Mar-2024,50627.66,50738.13,50073.2,50182.7,0,3769.62
12-Mar-2024,50187.71,50505.56,49785.57,50102.87,0,2051.18
13-Mar-2024,49993.75,50319.01,49143.24,49465.06,0,2755.27
14-Mar-2024,49470.3,49678.58,49253.19,49461.43,0,3508.32
15-Mar-2024,49580.73,49865.16,49506.87,49790.99,0,5261.92
18-Mar-2024,49858.55,50253.18,49306.05,49699.42,0,1552.15
19-Mar-2024,49630.64,50927.02,49626.92,50923.21,0,2466.94
20-Mar-2024,50917.37,51312.67,50380.29,50774.48,0,2495.45
21-Mar-2024,50677.43,51538.93,50264.18,51122.06,0,3289.45
22-Mar-2024,50988.04,51427.44,50622.19,51061.07,0,3158.93
25-Mar-2024,51106.12,51803.98,50886.08,51581.88,0,3542.02
26-Mar-2024,51696.09,51858.53,51012.86,51173.65,0,5211.51
27-Mar-2024,51200.72,51529.38,51105.37,51433.61,0,1169.44
28-Mar-2024,51388.14,53396.1,51120.0,53118.93,0,4156.1
29-Mar-2024,53107.38,53891.66,52879.36,53661.27,0,2874.45
01-Apr-2024,53769.21,54025.64,53407.22,53663.14,0,2139.0
02-Apr-2024,53665.02,53730.69,53392.21,53457.63,0,2261.73
03-Apr-2024,53447.59,54558.75,53077.64,54183.7,0,2710.3
04-Apr-2024,54106.54,54349.48,53365.65,53606.34,0,2247.98
05-Apr-2024,53585.28,54071.34,51676.4,52149.43,0,2385.58
08-Apr-2024,52161.29,52572.54,51549.71,51959.37,0,4531.18
09-Apr-2024,52090.79,52384.61,50916.49,51205.31,0,1760.51
10-Apr-2024,51239.02,52648.92,50526.01,51926.34,0,2099.34
11-Apr-2024,51967.46,52723.36,51664.59,52417.86,0,2781.57
12-Apr-2024,52508.96,52794.08,52127.46,52412.05,0,4273.36
15-Apr-2024,52506.02,53336.92,50801.94,51618.79,0,2507.79
16-Apr-2024,51641.03,52306.79,51632.58,52298.24,0,2755.4
17-Apr-2024,52109.75,52805.38,51973.52,52667.69,0,5300.22
18-Apr-2024,52832.87,53153.4,52355.14,52674.71,0,3194.98
19-Apr-2024,52700.09,53227.0,52125.66,52652.09,0,2541.75
22-Apr-2024,52634.23,53084.15,52405.39,52854.35,0,1830.15
23-Apr-2024,52710.01,52950.84,52047.47,52286.36,0,5425.38
24-Apr-2024,52181.85,52341.73,52061.02,52220.8,0,1883.74
25-Apr-2024,52221.11,52629.71,51981.46,52389.28,0,1725.74
26-Apr-2024,52551.54,52563.36,51018.85,51030.34,0,3280.21
29-Apr-2024,50942.28,52380.63,50506.56,51936.4,0,4602.88
30-Apr-2024,51880.34,52661.87,51545.65,52324.32,0,2505.55
01-May-2024,52155.43,53543.27,51539.59,52918.42,0,4147.6
02-May-2024,52979.44,53723.74,52692.84,53434.68,0,4110.42
03-May-2024,53546.31,53952.06,52379.88,52779.82,0,2215.71
06-May-2024,52854.67,53570.12,52454.75,53167.83,0,1981.21
07-May-2024,53158.7,54045.25,52918.54,53802.19,0,10628.37
08-May-2024,53801.52,54009.24,53608.68,53816.34,0,1923.4
09-May-2024,53959.37,54396.45,53013.79,53446.72,0,3229.61
10-May-2024,53360.88,54671.13,53018.43,54322.5,0,2677.16
13-May-2024,54237.41,55144.43,53933.2,54836.85,0,1364.47
14-May-2024,54833.61,55393.51,54561.59,55120.07,0,2325.53
15-May-2024,55176.29,55544.19,54787.22,55154.98,0,1810.12
16-May-2024,55122.74,56104.69,54814.41,55792.6,0,1781.37
17-May-2024,55795.96,55910.14,55107.1,55220.1,0,4257.66
20-May-2024,55258.15,55631.31,54263.78,54632.72,0,1877.9
21-May-2024,54417.61,55513.03,53988.98,55079.19,0,7919.5
22-May-2024,55036.53,55567.59,54336.94,54866.36,0,5736.52
23-May-2024,54639.78,54874.02,53751.61,53983.04,0,4264.63
24-May-2024,53945.38,54220.48,52953.95,53225.38,0,4647.76
27-May-2024,53314.8,53522.83,52389.12,52594.34,0,2143.77
28-May-2024,52553.28,53082.69,51960.41,52489.17,0,3196.33
29-May-2024,52364.16,53362.62,52023.85,53018.06,0,2671.22
30-May-2024,53175.0,53668.07,52708.27,53201.1,0,3751.11
31-May-2024,53197.64,54464.18,52748.69,54008.39,0,4316.45
03-Jun-2024,53799.43,54609.52,53345.34,54152.45,0,2192.13
04-Jun-2024,54005.58,54756.64,53746.59,54495.29,0,3061.14
05-Jun-2024,54630.58,55313.56,53844.92,54526.6,0,2453.6
06-Jun-2024,54296.46,55281.73,54003.67,54985.24,0,3985.65
07-Jun-2024,54963.67,55655.41,54839.32,55529.79,0,2464.39
10-Jun-2024,55621.34,56160.22,55325.84,55863.44,0,3703.64
11-Jun-2024,55982.97,56295.08,54922.44,55230.36,0,2715.79
12-Jun-2024,55396.02,56259.38,55122.22,55982.68,0,2955.51
13-Jun-2024,56052.54,56356.0,55360.2,55661.54,0,2712.3
14-Jun-2024,55716.15,56095.81,54497.06,54870.96,0,3672.59
17-Jun-2024,54719.5,55895.7,54114.41,55284.37,0,2692.05
18-Jun-2024,55294.36,56202.68,55036.19,55941.49,0,3352.7
19-Jun-2024,56127.27,56762.94,55587.65,56222.4,0,5703.17
20-Jun-2024,56258.63,56579.39,55432.15,55750.0,0,4511.99
21-Jun-2024,55558.61,56819.11,54884.91,56138.38,0,2419.78
24-Jun-2024,56365.14,56724.04,55426.55,55781.74,0,3388.34
25-Jun-2024,55891.41,56352.83,55034.81,55492.94,0,2408.87
26-Jun-2024,55560.93,55650.64,54854.88,54943.6,0,2483.42
27-Jun-2024,55165.47,55643.28,54666.68,55144.31,0,6358.73
28-Jun-2024,54943.94,55434.08,54626.52,55115.66,0,2499.94
01-Jul-2024,55090.05,55806.76,54963.91,55679.27,0,2137.18
02-Jul-2024,55535.08,55927.6,55136.83,55529.31,0,1842.06
03-Jul-2024,55358.82,55672.88,55173.47,55487.1,0,2237.54
04-Jul-2024,55402.05,55639.47,55106.93,55344.1,0,2142.56
05-Jul-2024,55339.35,56044.09,53312.68,54000.37,0,1862.6
08-Jul-2024,54102.64,54393.32,53360.3,53648.55,0,4422.02
09-Jul-2024,53572.06,53992.85,53342.11,53762.08,0,3649.11
10-Jul-2024,53794.81,54020.94,53255.48,53480.29,0,2117.13
11-Jul-2024,53523.83,53643.14,52584.56,52702.04,0,2480.71
12-Jul-2024,52603.0,53239.78,52141.3,52776.56,0,2302.94
15-Jul-2024,52794.58,53196.44,51924.05,52322.31,0,2797.03
16-Jul-2024,52317.39,52442.48,52223.86,52348.9,0,2006.55
17-Jul-2024,52428.08,53596.73,52366.19,53533.53,0,1531.1
18-Jul-2024,53401.22,54259.46,52936.93,53791.77,0,2337.67
19-Jul-2024,53752.59,54347.8,53559.35,54153.12,0,2089.97
22-Jul-2024,54136.97,54646.57,53529.59,54038.26,0,7584.27
23-Jul-2024,54072.04,54529.35,53555.54,54012.34,0,3301.9
24-Jul-2024,54045.41,54082.73,53595.84,53632.87,0,5518.3
25-Jul-2024,53540.84,53646.63,52936.08,53040.88,0,2300.19
26-Jul-2024,53111.49,53962.47,52737.83,53585.47,0,3644.3
29-Jul-2024,53617.89,54286.6,53601.64,54270.16,0,3222.22
30-Jul-2024,54279.62,54403.45,53983.06,54106.5,0,3691.24
31-Jul-2024,54072.73,54228.06,53575.84,53730.19,0,5664.75
01-Aug-2024,53646.66,53969.95,52771.55,53091.5,0,2551.62
02-Aug-2024,53159.14,53672.94,52951.2,53463.8,0,5424.87
05-Aug-2024,53450.63,54757.97,53211.95,54514.53,0,2831.73
06-Aug-2024,54731.54,54989.16,53234.13,53485.88,0,1215.7
07-Aug-2024,53245.97,54031.5,52788.81,53571.54,0,2531.11
08-Aug-2024,53517.68,55250.66,52985.85,54707.01,0,5067.59
09-Aug-2024,54737.33,54945.86,54233.53,54440.93,0,1500.9
12-Aug-2024,54248.39,55378.59,53959.12,55084.86,0,2826.78
13-Aug-2024,54998.99,55233.71,54499.61,54733.2,0,2130.27
14-Aug-2024,54851.56,55019.17,54487.56,54654.57,0,2916.12
15-Aug-2024,54608.75,54916.74,54112.74,54419.67,0,2484.0
16-Aug-2024,54447.29,54776.22,53505.59,53830.78,0,2678.47
19-Aug-2024,53963.35,54253.97,53804.28,54094.51,0,2520.04
20-Aug-2024,54138.47,54378.36,53815.16,54054.68,0,2027.93
21-Aug-2024,53905.25,54479.45,53616.11,54188.78,0,1485.82
22-Aug-2024,54405.58,54645.6,53326.51,53562.81,0,4592.22
23-Aug-2024,53625.61,54705.55,53149.71,54224.34,0,2291.96
26-Aug-2024,54253.36,55793.43,53888.95,55421.18,0,2463.05
27-Aug-2024,55408.14,55708.24,54863.75,55162.51,0,2245.32
28-Aug-2024,55365.77,56558.4,54955.08,56141.95,0,3818.87
29-Aug-2024,56094.11,56542.11,55884.32,56331.43,0,7793.84
30-Aug-2024,56373.32,56984.27,54966.33,55568.56,0,2572.45
02-Sep-2024,55582.03,55881.42,55558.0,55857.27,0,5574.3
03-Sep-2024,55708.53,57632.69,55225.34,57137.11,0,3827.62
04-Sep-2024,57147.06,58602.03,56612.04,58058.48,0,2753.62
05-Sep-2024,58078.5,58376.39,56863.83,57156.99,0,4338.31
06-Sep-2024,57056.3,58397.7,56556.84,57890.93,0,2467.25
09-Sep-2024,58140.75,58444.6,57794.51,58098.13,0,3846.14
10-Sep-2024,58075.76,59172.17,57875.75,58969.09,0,6366.66
11-Sep-2024,59109.7,60724.66,58478.43,60082.99,0,2735.91
12-Sep-2024,59943.94,60589.66,59372.42,60017.44,0,4033.9
13-Sep-2024,60186.37,60660.04,59459.27,59930.93,0,3654.02
16-Sep-2024,59941.55,60927.14,59101.33,60084.91,0,5078.41
17-Sep-2024,60047.12,60663.54,59735.29,60350.14,0,2267.15
18-Sep-2024,60265.53,60792.04,60230.74,60756.97,0,5804.42
19-Sep-2024,60964.9,61435.73,60745.45,61215.38,0,1995.02
20-Sep-2024,61335.85,61459.64,60312.43,60434.4,0,3502.46
23-Sep-2024,60503.46,61325.7,60182.05,61001.65,0,4422.29
24-Sep-2024,61063.12,61577.3,60915.61,61428.9,0,3241.67
25-Sep-2024,61301.27,61643.6,60390.19,60729.33,0,1801.44
26-Sep-2024,60710.21,61041.51,60625.3,60956.26,0,1878.72
27-Sep-2024,60834.01,61082.04,59270.28,59512.92,0,3536.56
30-Sep-2024,59463.24,60015.95,59072.64,59624.29,0,1564.95
01-Oct-2024,59543.08,60097.5,58675.94,59227.43,0,6785.71
02-Oct-2024,59296.82,59775.49,58938.03,59415.97,0,3426.2
03-Oct-2024,59263.03,60427.92,58900.11,60060.12,0,3205.88
04-Oct-2024,60040.58,60071.32,59967.49,59998.2,0,2175.65
07-Oct-2024,60047.24,60057.65,59129.39,59139.64,0,2041.68
08-Oct-2024,59063.75,59371.53,58185.01,58489.8,0,2751.84
09-Oct-2024,58469.94,58827.65,58444.73,58802.29,0,2504.97
10-Oct-2024,58679.48,59966.97,58314.15,59595.93,0,1092.58
11-Oct-2024,59597.68,60002.21,59443.96,59847.84,0,857.74
14-Oct-2024,59822.51,60078.95,59462.7,59718.69,0,3340.46
15-Oct-2024,59643.17,59894.61,58906.1,59155.49,0,1895.06
16-Oct-2024,59135.67,60037.82,58680.28,59579.02,0,3784.76
17-Oct-2024,59397.4,60857.19,59004.42,60457.2,0,3922.57
18-Oct-2024,60732.96,60879.56,60377.87,60523.97,0,2687.14
21-Oct-2024,60575.4,61379.99,60407.72,61210.55,0,3194.92
22-Oct-2024,61117.16,61409.47,59912.67,60200.6,0,3678.92
23-Oct-2024,60033.38,60665.11,59798.63,60428.81,0,2807.74
24-Oct-2024,60826.18,61122.67,60511.53,60807.93,0,4922.41
25-Oct-2024,60890.44,61555.89,60017.16,60680.31,0,2866.95
28-Oct-2024,60679.38,61434.18,60251.25,61003.75,0,6004.27
29-Oct-2024,61080.89,61405.74,61063.64,61388.41,0,3924.64
30-Oct-2024,61400.33,62059.5,60914.65,61572.46,0,6079.96
31-Oct-2024,61503.62,62651.57,60747.58,61890.77,0,2238.12
01-Nov-2024,61830.0,63255.24,61392.73,62811.03,0,5897.51
04-Nov-2024,62871.9,63187.31,62559.22,62874.62,0,5299.06
05-Nov-2024,62829.94,63632.8,61661.39,62459.51,0,4868.63
06-Nov-2024,62600.8,62867.7,62054.15,62319.85,0,2874.41
07-Nov-2024,62499.38,63001.91,61046.17,61541.0,0,1224.1
08-Nov-2024,61668.9,63287.17,61054.63,62663.0,0,4371.08
11-Nov-2024,62810.51,63863.23,62694.15,63745.15,0,4080.69
12-Nov-2024,63683.22,63978.72,63035.26,63329.12,0,5826.76
13-Nov-2024,63440.99,63572.76,63165.1,63296.57,0,1995.27
14-Nov-2024,63152.97,63640.23,62756.81,63243.5,0,3989.1
15-Nov-2024,63329.78,63831.98,62987.18,63488.51,0,2264.49
18-Nov-2024,63676.46,63965.61,62582.31,62867.79,0,2900.93
19-Nov-2024,62879.14,63030.07,62145.87,62295.4,0,2033.9
20-Nov-2024,62432.99,62750.25,61680.15,61995.19,0,2093.6
21-Nov-2024,61922.82,62185.92,61892.58,62155.56,0,1902.49
22-Nov-2024,62197.12,62754.56,60452.01,60998.71,0,3088.04
25-Nov-2024,60966.78,61131.06,60722.32,60886.38,0,3471.22
26-Nov-2024,61001.48,61557.31,60600.11,61154.93,0,2696.48
27-Nov-2024,61166.44,62802.73,60289.7,61915.25,0,6632.31
28-Nov-2024,61756.28,61989.5,60037.58,60265.17,0,1937.04
29-Nov-2024,60562.74,61750.06,60058.33,61240.01,0,6138.04
02-Dec-2024,61270.0,61416.94,61199.98,61346.83,0,3264.32
03-Dec-2024,61299.41,61733.82,61207.23,61641.12,0,2208.96
04-Dec-2024,61565.9,62107.68,61159.42,61700.31,0,2983.57
05-Dec-2024,61745.46,62928.49,61384.13,62562.38,0,3448.69
06-Dec-2024,62636.81,63316.67,61861.46,62540.28,0,5600.28
09-Dec-2024,62669.2,63074.53,61905.53,62308.53,0,2714.27
10-Dec-2024,62445.77,63096.27,62021.4,62670.36,0,2000.03
11-Dec-2024,62720.8,63366.6,61359.08,61997.43,0,4181.99
12-Dec-2024,62038.98,63034.86,61831.9,62825.15,0,3364.49
13-Dec-2024,62844.57,64392.65,62092.56,63631.23,0,2216.19
16-Dec-2024,63699.89,64064.72,63534.84,63899.15,0,6543.24
17-Dec-2024,63804.25,64612.36,63279.21,64085.01,0,3118.4
18-Dec-2024,64042.9,65941.09,63382.33,65267.88,0,4001.95
19-Dec-2024,65263.19,65622.82,64943.86,65303.29,0,3669.38
20-Dec-2024,65175.48,66459.03,64799.69,66078.04,0,2375.71
23-Dec-2024,66331.62,67337.89,65930.71,66933.34,0,7163.37
24-Dec-2024,67012.58,67598.99,66594.39,67179.76,0,5629.17
25-Dec-2024,67274.43,67442.95,66163.65,66329.8,0,4906.73
26-Dec-2024,66338.12,66536.76,65015.36,65210.63,0,1149.48
27-Dec-2024,65317.92,66088.55,64965.44,65733.83,0,3136.53
30-Dec-2024,65760.08,65822.08,65093.54,65154.97,0,5195.34
31-Dec-2024,65306.44,65745.88,64488.16,64925.04,0,3152.48
01-Jan-2025,65143.81,65839.92,64502.14,65197.71,0,3049.19
02-Jan-2025,65158.2,65559.65,64392.99,64792.19,0,2703.74
03-Jan-2025,64674.83,65174.71,63286.86,63779.82,0,3786.42
06-Jan-2025,63625.4,64534.84,63550.1,64458.55,0,2314.76
07-Jan-2025,64604.65,65021.1,63040.49,63449.49,0,2020.87
08-Jan-2025,63287.36,63800.41,61765.48,62270.28,0,2835.0
09-Jan-2025,62012.47,62177.98,61861.58,62027.05,0,1202.03
10-Jan-2025,61937.16,62363.05,60785.38,61206.25,0,2951.77
13-Jan-2025,61254.82,62167.03,60861.91,61770.81,0,7659.66
14-Jan-2025,61746.47,62036.71,61110.26,61398.87,0,1544.44
15-Jan-2025,61211.24,62141.83,60707.7,61634.81,0,2162.05
16-Jan-2025,61761.49,62388.47,61394.46,62019.91,0,1066.79
17-Jan-2025,61871.2,62732.26,61600.14,62458.62,0,3033.36
20-Jan-2025,62507.82,62751.34,61198.23,61437.57,0,3857.73
21-Jan-2025,61239.78,62480.49,60787.62,62022.55,0,3492.83
22-Jan-2025,61965.5,62532.84,61845.81,62412.29,0,2365.93
23-Jan-2025,62164.77,62490.37,61885.28,62210.67,0,3860.05
24-Jan-2025,62173.19,62504.84,61050.3,61377.7,0,2427.22
27-Jan-2025,61500.69,61996.22,61073.93,61568.98,0,2459.43
28-Jan-2025,61650.41,61899.0,61136.86,61384.38,0,1761.27
29-Jan-2025,61134.63,61795.0,60809.27,61467.87,0,1102.2
30-Jan-2025,61608.94,61952.98,59553.09,59887.51,0,2109.58
31-Jan-2025,59929.66,60279.29,58787.13,59132.11,0,4967.54
03-Feb-2025,59027.06,59288.71,57573.51,57829.85,0,2568.71
04-Feb-2025,57791.22,58021.96,57054.42,57283.13,0,3280.9
05-Feb-2025,57229.81,58153.04,56868.88,57788.59,0,2537.03
06-Feb-2025,57846.65,58229.95,57778.54,58161.46,0,1500.45
07-Feb-2025,58228.26,59539.18,57928.88,59234.63,0,3248.57
10-Feb-2025,59269.12,59666.59,58405.21,58799.54,0,3494.11
11-Feb-2025,58699.38,59481.39,58685.36,59467.19,0,2408.56
12-Feb-2025,59432.1,59743.34,57741.73,58045.71,0,3694.54
13-Feb-2025,57896.88,58535.92,57635.27,58272.61,0,3262.91
14-Feb-2025,58127.38,59424.49,57684.58,58975.24,0,2669.21
17-Feb-2025,58969.2,60112.7,58656.1,59795.21,0,3036.35
18-Feb-2025,59888.0,60080.34,59581.42,59773.4,0,3459.76
19-Feb-2025,59483.6,60213.86,59011.19,59739.43,0,1861.45
20-Feb-2025,59598.7,60170.11,59043.88,59615.13,0,2899.97
21-Feb-2025,59672.75,60450.14,58360.26,59130.58,0,3034.5
24-Feb-2025,59282.48,60062.33,58969.48,59746.88,0,1408.75
25-Feb-2025,59676.27,60194.3,59513.85,60030.92,0,4694.53
26-Feb-2025,60228.2,60733.17,59941.96,60445.9,0,3443.61
27-Feb-2025,60600.08,60950.76,59896.06,60244.69,0,2037.88
28-Feb-2025,60075.46,60833.98,59600.67,60356.97,0,3144.05
03-Mar-2025,60451.09,61204.12,60208.24,60959.22,0,3024.46
04-Mar-2025,60801.67,61513.49,59571.08,60276.75,0,2155.03
05-Mar-2025,60295.87,60746.55,59900.28,60350.6,0,2419.28
06-Mar-2025,60299.68,60598.28,59930.28,60228.53,0,5328.72
07-Mar-2025,60224.51,60495.68,59940.35,60211.46,0,3658.65
10-Mar-2025,60130.77,60664.2,59276.03,59806.57,0,6710.04
11-Mar-2025,59738.12,60986.21,59089.78,60331.43,0,6458.56
12-Mar-2025,60171.04,60883.8,59729.98,60440.77,0,1726.42
13-Mar-2025,60403.79,61016.85,59836.25,60448.88,0,4462.93
14-Mar-2025,60475.13,60940.15,58941.65,59398.39,0,1427.93
17-Mar-2025,59276.55,60399.68,58693.79,59811.65,0,1736.77
18-Mar-2025,59852.81,61238.18,59520.12,60899.66,0,3962.88
19-Mar-2025,60952.86,61185.71,60755.16,60987.9,0,2638.41
20-Mar-2025,60951.93,61299.69,60462.05,60809.0,0,1772.9
21-Mar-2025,60829.99,61294.42,60151.13,60613.91,0,3157.41
24-Mar-2025,60772.57,61370.33,60472.53,61068.83,0,1619.97
25-Mar-2025,60961.98,61647.33,60025.74,60708.24,0,1980.5
26-Mar-2025,60895.39,62227.66,60585.48,61912.58,0,1785.56
27-Mar-2025,61853.87,63599.66,61524.03,63262.31,0,1663.63
28-Mar-2025,63191.33,64249.99,62810.96,63865.57,0,2108.21
31-Mar-2025,63715.86,64128.61,62688.71,63097.46,0,2635.62
01-Apr-2025,62980.14,63180.62,62611.68,62811.62,0,3753.71
02-Apr-2025,62943.17,64272.04,62608.58,63932.2,0,2607.67
03-Apr-2025,64031.18,64948.09,63418.83,64332.85,0,1148.04
04-Apr-2025,64287.21,64724.47,63110.68,63542.88,0,3923.95
07-Apr-2025,63396.21,63873.61,63044.73,63521.44,0,2111.49
08-Apr-2025,63441.71,64643.14,63187.5,64385.14,0,1444.37
09-Apr-2025,64483.61,65192.53,64134.05,64841.03,0,2695.66
10-Apr-2025,64906.01,65198.51,63972.14,64261.74,0,2281.97
11-Apr-2025,64395.18,65187.56,63928.85,64718.89,0,1753.47
14-Apr-2025,64651.09,65328.93,64582.31,65259.49,0,3202.66
15-Apr-2025,65144.4,65633.5,64321.74,64808.32,0,2826.43
16-Apr-2025,64654.25,66150.8,64027.92,65516.13,0,5575.53
17-Apr-2025,65455.62,66726.31,65159.87,66426.17,0,2759.43
18-Apr-2025,66674.15,67132.79,65533.52,65987.44,0,2995.43
21-Apr-2025,65925.19,66939.5,65388.74,66399.19,0,2642.34
22-Apr-2025,66544.09,66939.51,65778.15,66171.36,0,4523.06
23-Apr-2025,66131.29,66650.88,65784.79,66303.47,0,1804.3
24-Apr-2025,66301.45,66888.13,64788.08,65366.48,0,1462.44
25-Apr-2025,65549.14,66395.78,64325.65,65167.36,0,3859.78
28-Apr-2025,65104.14,65899.75,64568.25,65361.73,0,2794.08
29-Apr-2025,65233.08,66985.58,64911.77,66657.25,0,1431.96
30-Apr-2025,66659.32,68206.62,66269.21,67809.78,0,3886.82
01-May-2025,67746.35,68053.16,67034.85,67339.82,0,4532.11
02-May-2025,67486.03,68319.42,65987.56,66812.63,0,1663.25
05-May-2025,66965.13,68037.54,66186.27,67255.31,0,2040.71
06-May-2025,67395.05,67870.3,66274.56,66745.23,0,4438.99
07-May-2025,66906.69,67460.09,65833.68,66382.74,0,4319.06
08-May-2025,66210.07,67189.77,65740.26,66716.38,0,2995.92
09-May-2025,66709.83,67539.29,66029.42,66857.38,0,5636.65
12-May-2025,66692.54,67150.77,65385.84,65838.19,0,2770.29
13-May-2025,65701.55,66289.79,64756.1,65341.11,0,2810.69
14-May-2025,65271.52,67135.05,64849.6,66703.87,0,5075.65
15-May-2025,66734.82,68438.17,66524.84,68223.51,0,4635.57
16-May-2025,68205.55,68328.5,68188.97,68311.89,0,4996.81
19-May-2025,68179.18,68493.22,67915.04,68228.89,0,4482.84
20-May-2025,68260.52,69337.24,67828.43,68901.09,0,3606.8
21-May-2025,69023.02,69655.53,66759.67,67377.1,0,1466.4
22-May-2025,67292.43,68250.89,66914.79,67870.01,0,2327.62
23-May-2025,68009.72,69527.47,67394.55,68904.21,0,2404.39
26-May-2025,68935.26,69393.25,68388.79,68846.19,0,3540.75
27-May-2025,68842.1,69123.24,68819.06,69100.12,0,7691.19
28-May-2025,69055.12,69642.05,68456.01,69042.84,0,3752.07
29-May-2025,69000.76,69803.56,68156.64,68958.95,0,2331.13
30-May-2025,69060.61,69642.63,68038.52,68616.8,0,3116.27
02-Jun-2025,68661.78,69209.06,67250.15,67790.49,0,4689.67
03-Jun-2025,67672.32,67865.92,67556.68,67750.16,0,2583.64
04-Jun-2025,67807.21,68317.8,67740.39,68250.54,0,2969.76
05-Jun-2025,68370.55,68843.42,66872.9,67338.63,0,4567.76
06-Jun-2025,67266.4,67863.27,66246.5,66839.58,0,3729.74
09-Jun-2025,66732.98,67168.44,66231.12,66666.15,0,4068.69
10-Jun-2025,66986.8,67440.21,64814.65,65256.35,0,3186.89
11-Jun-2025,64823.6,66260.22,64437.53,65867.93,0,2447.05
12-Jun-2025,65627.21,67341.85,64659.08,66362.86,0,2074.63
13-Jun-2025,66252.69,67236.06,65408.24,66389.86,0,3281.92
16-Jun-2025,66382.06,66591.86,65345.04,65552.22,0,2013.7
17-Jun-2025,65493.21,67584.79,64771.04,66847.68,0,4815.81
18-Jun-2025,66971.09,67539.48,66632.49,67199.73,0,1981.49
19-Jun-2025,67282.26,68629.37,66587.75,67928.19,0,3027.07
20-Jun-2025,67814.77,68335.81,67446.07,67966.3,0,2355.14
23-Jun-2025,68026.03,68473.07,66399.95,66839.2,0,3418.08
24-Jun-2025,66771.82,68252.0,66219.69,67692.26,0,2408.78
25-Jun-2025,67552.39,68121.1,67059.47,67627.63,0,4156.69
26-Jun-2025,67588.31,68080.38,66616.03,67104.58,0,2115.31
27-Jun-2025,66914.87,67094.83,66779.63,66959.49,0,3781.39
30-Jun-2025,66951.19,67918.69,65495.42,66455.75,0,1176.36
01-Jul-2025,66280.62,66364.5,65365.64,65448.46,0,2059.59
02-Jul-2025,65544.91,65817.36,64644.38,64914.22,0,2640.27
03-Jul-2025,64988.22,65611.51,64032.17,64652.23,0,1518.24
04-Jul-2025,64714.12,65145.05,63639.96,64066.58,0,1469.74
07-Jul-2025,63918.31,65505.45,63422.46,65001.2,0,2256.17
08-Jul-2025,64796.88,65614.28,64357.16,65172.02,0,3261.66
09-Jul-2025,65024.51,66243.38,64523.87,65737.25,0,2462.37
10-Jul-2025,65549.22,65660.77,64985.7,65096.48,0,3055.61
11-Jul-2025,65032.3,66176.19,64366.28,65505.32,0,2848.78
14-Jul-2025,65590.37,66186.12,65055.74,65651.0,0,5004.44
15-Jul-2025,65524.56,66082.39,64942.83,65500.44,0,3223.52
16-Jul-2025,65320.61,66120.78,64643.91,65442.81,0,3316.42
17-Jul-2025,65459.11,65754.95,64454.33,64746.95,0,5625.42
18-Jul-2025,64777.71,66154.82,64128.76,65498.65,0,2826.66
21-Jul-2025,65475.02,65946.56,64778.08,65247.99,0,2120.35
22-Jul-2025,65328.03,65724.31,64807.36,65202.88,0,4165.14
23-Jul-2025,65398.99,65590.32,65096.69,65287.69,0,2923.52
24-Jul-2025,65404.65,65972.8,64757.75,65325.22,0,6957.5
25-Jul-2025,65027.16,65983.95,64341.12,65295.09,0,3510.34
28-Jul-2025,65202.46,65691.77,63633.48,64114.63,0,3378.81
29-Jul-2025,63979.48,64371.42,63073.98,63462.75,0,3979.36
30-Jul-2025,63424.58,63849.01,62125.24,62543.77,0,2716.68
31-Jul-2025,62582.34,62848.16,62382.72,62648.32,0,4167.93
01-Aug-2025,62504.26,63609.53,62147.27,63248.29,0,3896.78
04-Aug-2025,63348.4,64452.89,62986.45,64086.72,0,4522.21
05-Aug-2025,64022.3,64564.85,62965.71,63503.87,0,2254.19
06-Aug-2025,63342.7,64006.11,62903.01,63564.88,0,3196.32
07-Aug-2025,63656.54,64191.17,62581.75,63111.79,0,7388.84
08-Aug-2025,63046.98,64919.44,62648.53,64511.73,0,2243.97
11-Aug-2025,64365.79,65363.71,63687.21,64681.81,0,2713.78
12-Aug-2025,64666.47,65005.09,64184.9,64522.76,0,3202.74
13-Aug-2025,64747.78,65207.01,63894.09,64350.51,0,1597.91
14-Aug-2025,64536.43,65901.04,63811.32,65168.83,0,3601.97
15-Aug-2025,65482.93,66668.03,64995.56,66175.5,0,2450.36
18-Aug-2025,66024.24,67210.45,65477.62,66658.58,0,2822.06
19-Aug-2025,66670.29,67059.84,66351.88,66741.1,0,2510.62
20-Aug-2025,66760.29,67205.64,66417.72,66862.54,0,2002.02
21-Aug-2025,66974.93,67649.35,65500.53,66166.81,0,3641.8
22-Aug-2025,66119.44,66888.53,65607.38,66374.5,0,3361.43
25-Aug-2025,66313.09,67349.33,65905.57,66937.97,0,4795.68
26-Aug-2025,66977.59,69102.3,66345.66,68456.41,0,2650.6
27-Aug-2025,68316.72,69534.11,68073.09,69287.01,0,2682.13
28-Aug-2025,69274.47,69391.66,68430.38,68546.34,0,4262.8
29-Aug-2025,68477.76,68992.88,67330.09,67840.42,0,5415.28
01-Sep-2025,67908.65,68974.29,67358.72,68420.22,0,1683.61
02-Sep-2025,68555.15,69046.67,68009.47,68500.6,0,1647.57
03-Sep-2025,68488.46,69481.23,67920.34,68909.61,0,3219.83
04-Sep-2025,68932.17,69263.68,68376.32,68706.74,0,2896.57
05-Sep-2025,68847.52,69275.33,68683.28,69110.46,0,2620.51
08-Sep-2025,69088.89,69757.17,68749.11,69415.78,0,2497.27
09-Sep-2025,69404.37,69949.56,69321.8,69866.43,0,2807.98
10-Sep-2025,69740.18,70275.64,68059.65,68586.25,0,3222.29
11-Sep-2025,68771.29,69775.38,68497.62,69498.81,0,2412.07
12-Sep-2025,69464.77,70123.22,68718.93,69376.55,0,3546.35
15-Sep-2025,69340.74,69661.96,68680.96,69000.61,0,2621.23
16-Sep-2025,68808.48,70415.57,68177.85,69776.08,0,1873.86
17-Sep-2025,69966.37,70357.45,69077.48,69465.76,0,5163.94
18-Sep-2025,69274.78,69987.85,67915.66,68622.01,0,1767.49
19-Sep-2025,68506.57,68652.14,67391.89,67535.39,0,5338.06
22-Sep-2025,67519.35,68494.23,66193.83,67163.57,0,2649.51
23-Sep-2025,67189.49,67973.2,66669.23,67450.91,0,2472.99
24-Sep-2025,67614.44,69048.31,66978.31,68404.74,0,3987.36
25-Sep-2025,68332.05,68932.71,68127.32,68726.8,0,1845.07
26-Sep-2025,68734.97,69025.78,68066.4,68355.61,0,2165.74
29-Sep-2025,68190.11,69672.46,68170.84,69652.78,0,2624.9
30-Sep-2025,69548.18,70251.3,69110.57,69812.03,0,2311.17
01-Oct-2025,69756.74,70224.48,69323.58,69791.11,0,4251.89
02-Oct-2025,69840.96,71010.51,69088.09,70253.19,0,4133.33
03-Oct-2025,70213.34,71356.48,70103.62,71245.14,0,8776.53
06-Oct-2025,71337.08,72079.65,70713.23,71454.76,0,1968.39
07-Oct-2025,71233.4,71314.61,71230.02,71311.23,0,3902.54
08-Oct-2025,71529.06,72058.76,71081.01,71610.2,0,3453.17
09-Oct-2025,71619.32,72157.0,71331.5,71868.19,0,3564.29
10-Oct-2025,72156.63,72676.69,71316.16,71833.89,0,3277.55
13-Oct-2025,71667.26,72597.1,71201.17,72128.02,0,2636.73
14-Oct-2025,72188.5,72746.69,70713.44,71264.48,0,4239.34
15-Oct-2025,70978.71,72208.62,70290.29,71514.99,0,1121.01
16-Oct-2025,71463.17,72330.26,69570.22,70424.71,0,4722.23
17-Oct-2025,70130.64,70430.58,69435.48,69733.72,0,3424.05
20-Oct-2025,69607.91,70005.76,69313.4,69710.81,0,2140.24
21-Oct-2025,69709.63,70136.85,69344.77,69771.66,0,2398.57
22-Oct-2025,69935.47,70281.05,69134.53,69477.86,0,4295.69
23-Oct-2025,69383.37,70570.97,68601.58,69784.66,0,3750.16
24-Oct-2025,69699.65,70578.96,69545.02,70422.72,0,3112.36
27-Oct-2025,70175.08,70616.93,69390.29,69829.97,0,2031.19
28-Oct-2025,69978.86,70474.0,69483.99,69979.13,0,5458.67
29-Oct-2025,70047.19,70683.82,69627.64,70262.98,0,3570.53
30-Oct-2025,70346.38,70506.34,68183.44,68338.83,0,5307.63
31-Oct-2025,68590.72,69456.07,68233.02,69095.74,0,2493.83
03-Nov-2025,69059.44,69691.33,68242.27,68872.45,0,2170.2
04-Nov-2025,69016.6,69373.48,67853.68,68206.37,0,6095.03
05-Nov-2025,68089.14,69574.24,67564.21,69041.96,0,2587.69
06-Nov-2025,68794.55,69240.87,67500.37,67941.15,0,3419.41
07-Nov-2025,67893.33,68264.65,67159.52,67528.85,0,3064.71
10-Nov-2025,67540.28,68345.94,66430.39,67232.37,0,3344.76
11-Nov-2025,66974.98,67591.92,66432.58,67048.92,0,2207.58
12-Nov-2025,67183.01,67675.69,66646.67,67139.03,0,2235.57
13-Nov-2025,67111.55,67756.52,66329.27,66972.91,0,3244.0
14-Nov-2025,66930.04,67306.36,66374.85,66750.16,0,2147.8
17-Nov-2025,66631.46,67542.71,66576.23,67486.78,0,2459.25
18-Nov-2025,67407.4,67798.23,66783.72,67173.19,0,2472.0
19-Nov-2025,66967.43,67668.45,66538.06,67237.35,0,2454.08
20-Nov-2025,67220.32,67482.11,66801.41,67062.59,0,2708.06
21-Nov-2025,66996.56,67465.73,65748.02,66211.7,0,2845.5
24-Nov-2025,66083.55,66215.8,65063.18,65193.64,0,3483.48
25-Nov-2025,65234.98,65874.52,63592.87,64222.48,0,1479.01
26-Nov-2025,64162.17,64770.03,63500.97,64108.33,0,6597.96
27-Nov-2025,64086.48,64531.66,63208.08,63650.22,0,3593.1
28-Nov-2025,63656.97,63982.29,62385.93,62706.39,0,1791.47
01-Dec-2025,62822.22,63757.6,62537.23,63469.67,0,3423.71
02-Dec-2025,63450.43,63684.4,63198.27,63432.17,0,4615.13
03-Dec-2025,63542.26,64941.94,63158.17,64551.75,0,1926.71
04-Dec-2025,64458.41,65032.91,63482.39,64053.28,0,3817.17
05-Dec-2025,64119.93,64279.25,63075.1,63232.23,0,3761.93
08-Dec-2025,63307.45,63936.62,63088.15,63715.91,0,2830.14
09-Dec-2025,63896.72,64114.63,63254.7,63471.16,0,4936.26
10-Dec-2025,63616.3,63985.35,63408.24,63776.77,0,4283.14
11-Dec-2025,63806.2,64467.35,62846.27,63504.3,0,2768.45
12-Dec-2025,63706.69,64122.71,62218.46,62627.44,0,1501.05
15-Dec-2025,62582.84,64236.26,61924.15,63567.21,0,1876.47
16-Dec-2025,63609.37,64227.7,62319.63,62931.36,0,3716.04
17-Dec-2025,62931.89,63400.84,62398.77,62867.25,0,1336.0
18-Dec-2025,63101.03,63428.71,62073.0,62397.03,0,961.55
19-Dec-2025,62375.84,63540.94,61676.87,62836.81,0,2003.99
22-Dec-2025,62973.92,63356.08,61497.45,61872.93,0,2307.79
23-Dec-2025,61911.59,61973.56,60892.92,60953.93,0,2344.04
24-Dec-2025,61010.12,61557.97,59543.24,60082.76,0,2659.36
25-Dec-2025,60058.2,60694.96,59698.94,60334.06,0,3946.57
26-Dec-2025,60452.45,62391.92,59992.23,61920.52,0,1772.05
29-Dec-2025,62004.64,62228.81,61506.71,61729.88,0,3877.55
30-Dec-2025,61761.0,61805.53,60630.56,60674.31,0,3323.2
31-Dec-2025,60774.96,61408.32,60475.23,61106.95,0,4029.17
01-Jan-2026,60954.29,61428.66,60147.72,60619.48,0,2284.76
02-Jan-2026,60707.8,60944.94,60412.07,60648.99,0,1724.89
05-Jan-2026,60511.23,60633.9,60162.65,60284.87,0,1673.25
06-Jan-2026,60200.64,60492.05,58868.52,59154.87,0,2396.73
07-Jan-2026,59132.13,59180.25,57542.88,57589.75,0,4274.45
08-Jan-2026,57367.75,58325.31,57229.87,58185.47,0,3172.25
09-Jan-2026,58098.96,58423.91,57872.1,58196.68,0,3066.79
12-Jan-2026,58316.16,58694.26,57501.24,57876.49,0,2240.79
13-Jan-2026,57880.18,58029.04,57546.3,57694.68,0,2876.8
14-Jan-2026,57834.57,58125.75,57480.81,57771.67,0,3441.3
15-Jan-2026,57760.14,58658.15,57564.97,58460.61,0,1384.77
16-Jan-2026,58643.9,59341.49,58372.09,59067.72,0,4038.05
19-Jan-2026,58923.01,59728.51,58605.58,59408.46,0,4403.1
20-Jan-2026,59298.61,59546.57,57923.1,58166.32,0,3051.36
21-Jan-2026,58084.52,58387.11,57847.87,58150.2,0,2843.8
22-Jan-2026,58112.91,58358.15,57193.03,57435.41,0,4847.47
23-Jan-2026,57680.32,58279.49,57136.43,57735.07,0,1793.08
26-Jan-2026,57739.11,58407.27,57608.57,58275.51,0,6328.72
27-Jan-2026,58055.64,58501.46,57799.95,58244.93,0,2816.06
28-Jan-2026,58346.43,58718.88,57707.05,58077.78,0,5097.59
29-Jan-2026,57909.62,58004.55,57393.15,57487.38,0,2368.5
30-Jan-2026,57441.6,58085.83,57210.4,57852.97,0,3311.34
02-Feb-2026,57836.27,57907.32,57275.14,57345.59,0,3777.3
03-Feb-2026,57219.6,57708.95,56355.93,56842.05,0,2824.51
04-Feb-2026,57014.89,57244.58,55301.48,55525.17,0,3116.23
05-Feb-2026,55658.3,55890.4,54799.71,55029.19,0,2230.65
06-Feb-2026,54983.59,55244.52,54244.85,54503.5,0,2819.33
09-Feb-2026,54439.58,55191.37,53858.15,54608.14,0,4938.12
10-Feb-2026,54546.76,55054.53,54188.29,54695.09,0,4002.95
11-Feb-2026,54612.39,54783.83,53559.27,53727.93,0,2780.16
12-Feb-2026,53703.56,53781.43,53132.22,53209.37,0,2239.18
13-Feb-2026,53152.71,53324.17,52443.98,52613.71,0,3130.98
16-Feb-2026,52751.94,53477.87,52516.78,53240.52,0,3661.32
17-Feb-2026,53352.78,53710.79,53119.96,53477.43,0,2305.37
18-Feb-2026,53275.01,54458.33,52733.39,53910.24,0,5726.15
19-Feb-2026,53805.51,54552.55,53553.55,54298.28,0,1757.75
20-Feb-2026,54288.45,54974.29,54078.67,54762.68,0,1991.66
23-Feb-2026,54771.69,55607.21,54271.47,55103.96,0,3836.17
24-Feb-2026,55065.94,55756.78,54195.55,54884.1,0,1314.51
25-Feb-2026,55023.1,56617.78,54605.03,56190.84,0,3539.29
26-Feb-2026,56194.3,56422.12,55409.61,55635.16,0,2930.64
27-Feb-2026,55603.97,55891.95,55170.57,55457.79,0,4134.19
02-Mar-2026,55361.2,55599.99,54715.27,54952.3,0,4133.41
03-Mar-2026,55122.51,56199.83,54695.88,55768.2,0,5010.48
04-Mar-2026,55894.78,57239.41,55649.97,56989.81,0,2074.08
05-Mar-2026,56865.28,57482.48,55747.48,56359.19,0,3648.0
06-Mar-2026,56329.22,56781.5,56057.54,56508.94,0,2794.95
09-Mar-2026,56719.66,57031.97,55041.51,55346.27,0,5243.63
10-Mar-2026,55295.28,56373.29,54799.02,55871.86,0,3985.35
11-Mar-2026,55849.07,56293.17,55393.01,55837.01,0,4016.01
12-Mar-2026,55835.33,56180.97,55450.03,55795.43,0,2057.44
13-Mar-2026,55750.0,56173.83,55409.67,55832.99,0,3853.83
16-Mar-2026,55897.9,56482.18,53898.0,54467.33,0,4261.12
17-Mar-2026,54400.06,55262.16,54109.97,54969.03,0,1853.91
18-Mar-2026,54874.98,55195.98,54180.82,54499.62,0,2632.28
19-Mar-2026,54357.55,54629.63,54326.75,54598.7,0,3013.93
20-Mar-2026,54502.06,55437.04,54112.75,55043.87,0,4561.96
23-Mar-2026,54957.73,56774.9,54561.82,56368.82,0,2402.27
24-Mar-2026,56548.58,57508.67,55959.74,56916.0,0,2328.41
25-Mar-2026,56831.72,57841.96,56322.57,57328.36,0,2422.3
26-Mar-2026,57299.0,58476.64,56939.47,58112.01,0,3351.11
27-Mar-2026,58308.93,58852.19,57400.25,57940.07,0,2782.68
30-Mar-2026,57899.64,58636.13,57546.58,58280.74,0,2415.09
31-Mar-2026,58331.86,58707.41,57469.4,57841.79,0,1655.11
01-Apr-2026,57901.74,58330.45,57708.58,58136.51,0,4147.77
02-Apr-2026,58060.33,58887.03,57771.37,58595.41,0,1641.05
03-Apr-2026,58655.42,58893.09,58008.3,58244.3,0,1890.11
06-Apr-2026,58307.56,59019.46,58043.88,58753.75,0,2728.99
07-Apr-2026,59034.37,59706.65,57752.36,58417.61,0,4605.48
08-Apr-2026,58666.74,58993.8,57180.98,57501.55,0,1585.03
09-Apr-2026,57548.18,58047.17,56235.22,56727.09,0,2174.82
10-Apr-2026,56771.81,57039.68,55386.79,55649.36,0,3812.0
13-Apr-2026,55592.84,56172.36,55354.37,55932.43,0,2265.53
14-Apr-2026,56099.56,56972.21,55694.06,56563.35,0,1889.88
15-Apr-2026,56645.36,57409.75,56241.24,57003.09,0,3140.88
16-Apr-2026,57105.4,57416.33,57071.01,57381.78,0,3586.75
17-Apr-2026,57247.73,57857.6,56491.78,57100.08,0,1936.77
20-Apr-2026,57248.73,57748.33,55734.87,56225.55,0,5015.84
21-Apr-2026,56283.57,57007.36,56070.36,56792.22,0,3635.58
22-Apr-2026,56662.59,57598.04,56424.6,57357.15,0,3645.64
23-Apr-2026,57457.44,58596.07,56866.38,57999.43,0,5114.7
24-Apr-2026,58067.49,58740.04,57551.73,58222.91,0,3887.35
27-Apr-2026,58405.68,58871.93,58093.0,58558.43,0,6785.47
28-Apr-2026,58563.23,58959.03,58213.64,58609.17,0,3206.38
29-Apr-2026,58646.52,58974.79,58110.49,58437.58,0,2839.93
30-Apr-2026,58537.67,58761.54,57629.24,57850.48,0,5364.88
01-May-2026,57947.23,58496.61,57609.15,58157.31,0,3187.22
04-May-2026,58222.67,58817.88,57773.72,58367.81,0,970.39
05-May-2026,58311.14,59829.96,57949.17,59460.86,0,1444.98
06-May-2026,59520.51,60526.41,59234.06,60236.52,0,3709.12
07-May-2026,60269.07,61023.05,59977.28,60729.03,0,5901.84
08-May-2026,60612.13,61146.08,60207.82,60740.92,0,5001.26
11-May-2026,60828.69,61394.01,60823.89,61389.16,0,2737.56
12-May-2026,61457.48,62103.18,61263.73,61908.01,0,2230.94
13-May-2026,61904.31,62272.18,61167.56,61533.22,0,4852.6
14-May-2026,61762.45,64010.96,60818.96,63047.83,0,1690.62
15-May-2026,62926.02,63036.66,62340.66,62450.46,0,3181.32
18-May-2026,62437.68,62848.78,61264.2,61670.25,0,2592.69
19-May-2026,61573.73,62160.89,61167.91,61753.88,0,2477.76
20-May-2026,61580.14,61684.79,60596.52,60699.68,0,4887.36
21-May-2026,60850.57,61295.9,59592.93,60032.26,0,1675.38
22-May-2026,60117.81,61174.37,60110.04,61166.46,0,2926.11
25-May-2026,60979.28,62583.0,60322.04,61915.67,0,1998.47
26-May-2026,61896.2,62667.73,61775.43,62545.69,0,4445.7
27-May-2026,62767.75,63699.22,62555.03,63484.08,0,3441.73
28-May-2026,63387.23,64413.39,62912.21,63934.27,0,4033.94
29-May-2026,64043.37,64152.29,63582.46,63690.78,0,5211.7
01-Jun-2026,63624.52,64520.13,63594.35,64489.55,0,1825.86
02-Jun-2026,64622.15,64642.53,63569.43,63589.49,0,3124.21
03-Jun-2026,63656.47,65188.56,63190.05,64714.39,0,3826.14
04-Jun-2026,64737.73,65757.71,64590.53,65608.52,0,2306.42
05-Jun-2026,65652.25,66368.64,65063.89,65779.14,0,3123.91
08-Jun-2026,65646.2,66054.29,65075.87,65482.95,0,5918.8
09-Jun-2026,65503.22,65633.42,64346.36,64474.53,0,2626.49
10-Jun-2026,64389.21,65220.17,64074.27,64902.72,0,3625.52
11-Jun-2026,64936.56,65166.71,63898.84,64126.12,0,4472.5
12-Jun-2026,64288.87,65054.35,63966.33,64729.61,0,2691.75
15-Jun-2026,64729.83,65272.2,64306.48,64848.09,0,1908.05
16-Jun-2026,64920.83,65486.97,63906.08,64468.27,0,2328.03
17-Jun-2026,64144.57,65543.71,63820.12,65213.87,0,2491.04
18-Jun-2026,65444.8,66400.76,65019.27,65971.8,0,2393.34
19-Jun-2026,65840.65,66350.68,63979.65,64479.14,0,3598.67
22-Jun-2026,64564.69,65541.56,64480.42,65456.12,0,2401.6
23-Jun-2026,65464.68,66623.31,64881.13,66034.68,0,2129.9
24-Jun-2026,65986.96,66508.55,65584.3,66105.17,0,2608.49
25-Jun-2026,66061.9,66144.82,65892.12,65974.93,0,2082.78
26-Jun-2026,66070.55,66474.78,65710.36,66114.36,0,3536.52
29-Jun-2026,66210.25,66668.52,65391.61,65847.37,0,1782.06
30-Jun-2026,65973.52,66577.77,65603.52,66206.47,0,1919.05
01-Jul-2026,65945.48,66836.2,65440.96,66328.75,0,2519.69
02-Jul-2026,66221.66,67171.81,65655.03,66601.92,0,2796.04
03-Jul-2026,66544.4,66885.99,66258.29,66599.63,0,3111.6
06-Jul-2026,66627.09,68180.6,66250.06,67796.94,0,3080.79
07-Jul-2026,67742.02,68514.53,67361.66,68131.99,0,2597.7
08-Jul-2026,68261.14,68680.27,66719.11,67131.31,0,2487.91
09-Jul-2026,67147.62,67661.73,66087.0,66596.89,0,8689.43
10-Jul-2026,66758.39,67584.64,66378.01,67201.74,0,3098.8
13-Jul-2026,67102.82,67382.46,65458.21,65732.14,0,1845.79
14-Jul-2026,65661.05,67071.86,65017.92,66421.29,0,2339.09
15-Jul-2026,66574.96,67414.85,66471.52,67310.26,0,4895.45
16-Jul-2026,67363.12,68219.24,66784.43,67638.18,0,4304.91
17-Jul-2026,67746.75,68463.0,65957.53,66662.31,0,4134.79
20-Jul-2026,66703.43,67814.8,66011.63,67118.7,0,1919.87
21-Jul-2026,66965.5,67727.6,66485.36,67245.45,0,2018.26
22-Jul-2026,67184.63,67917.86,65877.17,66604.06,0,2773.05
23-Jul-2026,66701.19,67242.34,65221.59,65755.07,0,3751.39
24-Jul-2026,65898.33,67352.03,65544.61,66992.44,0,1698.41
27-Jul-2026,66997.38,68177.09,66483.05,67657.69,0,3903.86
28-Jul-2026,67812.1,69188.1,66902.69,68272.51,0,2923.58
29-Jul-2026,68057.63,69889.74,67627.58,69450.89,0,1028.04
30-Jul-2026,69472.64,70276.82,68720.88,69524.5,0,2825.37
31-Jul-2026,69588.65,70117.31,69097.72,69626.13,0,1772.39
03-Aug-2026,69616.81,71765.44,69052.54,71188.44,0,4514.44
04-Aug-2026,71117.54,71343.23,70910.58,71136.21,0,3340.08
05-Aug-2026,71313.48,71397.43,70196.37,70279.1,0,3999.44
06-Aug-2026,70222.69,71528.87,69817.15,71118.17,0,4590.51
07-Aug-2026,71191.48,72003.08,70832.73,71642.06,0,1440.11
10-Aug-2026,71814.39,73406.3,71590.06,73177.7,0,3348.56
11-Aug-2026,73078.59,73201.42,72935.68,73058.48,0,3543.19
12-Aug-2026,73155.75,74147.53,71453.42,72435.43,0,3387.7
13-Aug-2026,72581.17,73158.58,71138.99,71709.47,0,2217.94
14-Aug-2026,71545.28,72096.44,71175.16,71725.38,0,3039.64
17-Aug-2026,71903.6,72550.3,71759.58,72405.27,0,3076.25
18-Aug-2026,72472.81,73747.51,71942.85,73212.14,0,6872.95
19-Aug-2026,73096.23,73797.16,72959.47,73659.34,0,2122.2
20-Aug-2026,73565.98,75641.28,72918.53,74981.37,0,2631.86
21-Aug-2026,74968.28,75344.56,74564.33,74940.48,0,3479.29
24-Aug-2026,75072.08,75701.66,74788.1,75416.38,0,2530.13
25-Aug-2026,75479.33,75981.94,75189.22,75691.01,0,1459.99
26-Aug-2026,75493.78,75864.81,74322.47,74689.54,0,3438.61
27-Aug-2026,74586.84,75144.71,73388.05,73941.1,0,2536.72
28-Aug-2026,73915.14,74180.31,73637.73,73902.86,0,2918.44
31-Aug-2026,74024.51,74847.92,73620.28,74441.41,0,4083.83
01-Sep-2026,74526.39,77312.5,73689.91,76454.38,0,6659.55
02-Sep-2026,76271.81,77115.21,75942.03,76783.22,0,3971.94
03-Sep-2026,76312.32,77545.31,76003.13,77232.39,0,2934.27
04-Sep-2026,77429.78,77604.64,76107.95,76280.22,0,3733.41
07-Sep-2026,76327.84,77033.65,75153.64,75855.08,0,5544.65
08-Sep-2026,75716.05,76973.5,75208.48,76460.94,0,6349.25
09-Sep-2026,76661.73,76893.22,75886.51,76116.35,0,2586.85
