Date,Risk-On_Probability,Late-Cycle_Probability,Transitional_Probability,Risk-Off_Probability,Post-Shock_Probability,Dominant_Regime,Confidence,Entropy,Uncertainty,Conformal_90_Set
2010-12-21,1.0209313618122943e-17,3.51213521649387e-11,0.99999999996477,0.0,1.0871521658813999e-13,Transitional,0.99999999996477,8.816856395703102e-10,5.478220891645681e-10,{Transitional}
2010-12-22,2.518383959950462e-21,9.209963498696345e-12,0.9999999992005694,0.0,7.902206989008802e-10,Transitional,0.9999999992005694,1.759251943522148e-08,1.0930846912022037e-08,{Transitional}
2010-12-23,1.525175916591256e-18,1.4461279155612027e-11,0.9999999998933868,0.0,9.215191554108334e-11,Transitional,0.9999999998933868,2.594006646332269e-09,1.6117469498460586e-09,{Transitional}
2010-12-24,2.5851880595245455e-17,1.3799895138047301e-11,0.9999999999582967,0.0,2.7903422735703623e-11,Transitional,0.9999999999582967,1.0619578273712957e-09,6.598314971748116e-10,{Transitional}
2010-12-27,3.128279587782228e-20,6.946664070610179e-12,0.9999999999246632,0.0,6.839017918569626e-11,Transitional,0.9999999999246632,1.851615120258179e-09,1.1504731595752035e-09,{Transitional}
2010-12-28,8.481112739679512e-16,4.407308414207729e-12,0.9999999999936616,0.0,1.9302017076583885e-12,Transitional,0.9999999999936616,1.7096016030498422e-10,1.0622352001539812e-10,{Transitional}
2010-12-29,8.486735490975632e-16,7.1566800935682335e-12,0.9999999999907799,0.0,2.0625461152159846e-12,Transitional,0.9999999999907799,2.4565096986332066e-10,1.5263152928453154e-10,{Transitional}
2010-12-30,3.116733549801978e-20,6.941226271571766e-12,0.9999999999417138,0.0,5.134496386162139e-11,Transitional,0.9999999999417138,1.4501944767078762e-09,9.010564902839988e-10,{Transitional}
2010-12-31,1.0221619958794068e-23,7.96312599298658e-12,0.9999999999044932,0.0,8.7543675871616e-11,Transitional,0.9999999999044932,2.3234915069157286e-09,1.4436664433992982e-09,{Transitional}
2011-01-03,4.954645170726206e-23,6.442113430294984e-13,0.9999999999956339,0.0,3.7218339673704285e-12,Transitional,0.9999999999956339,1.1790701373139805e-10,7.325974666091746e-11,{Transitional}
2011-01-04,4.4212892688404236e-24,7.852947870689309e-13,0.9999999999940512,0.0,5.163550542941263e-12,Transitional,0.9999999999940512,1.594756394450386e-10,9.908778599843532e-11,{Transitional}
2011-01-05,4.624296326163646e-24,2.414960224135791e-13,0.9999999999847625,0.0,1.4995950958470446e-11,Transitional,0.9999999999847625,3.9363767055019775e-10,2.4458083627150517e-10,{Transitional}
2011-01-06,9.051080423439833e-27,1.7231318914304565e-13,0.9999999999269994,0.0,7.282829450122698e-11,Transitional,0.9999999999269994,1.775766029025139e-09,1.1033454694375166e-09,{Transitional}
2011-01-07,5.29236898689515e-29,2.0260706937545089e-13,0.9999999999639897,0.0,3.58076839197669e-11,Transitional,0.9999999999639897,9.008620561917303e-10,5.597370667311261e-10,{Transitional}
2011-01-10,1.831072240783692e-21,2.6896119338169446e-12,0.9999999999969843,0.0,3.261164313317262e-13,Transitional,0.9999999999969843,8.173998158835536e-11,5.078790611110466e-11,{Transitional}
2011-01-11,1.2033776344906041e-33,1.4144702341594103e-09,0.9999999851070884,0.0,1.3478441237527002e-08,Transitional,0.9999999851070884,2.879705422181124e-07,1.7892615800418682e-07,{Transitional}
2011-01-12,2.64802268979796e-33,9.517755260609721e-14,0.9999999997964836,0.0,2.0342124317940354e-10,Transitional,0.9999999997964836,4.7436361179764354e-09,2.9473868369374995e-09,{Transitional}
2011-01-13,2.1181689203307569e-32,9.796010547106294e-14,0.9999999998772787,0.0,1.2262329024357358e-10,Transitional,0.9999999998772787,2.921919913578254e-09,1.815490918291571e-09,{Transitional}
2011-01-14,4.439849101651139e-30,1.7379705100652993e-13,0.9999999999282935,0.0,7.153269613109748e-11,Transitional,0.9999999999282935,1.745553580575723e-09,1.084573419757313e-09,{Transitional}
2011-01-17,1.8394732279844952e-26,5.676890363644548e-13,0.9999999999892821,0.0,1.0150181296441543e-11,Transitional,0.9999999999892821,2.811316470554728e-10,1.746769135258481e-10,{Transitional}
2011-01-18,2.1906537054875708e-38,1.1390129340835907e-13,0.9999996554081569,0.0,3.44591729155619e-07,Transitional,0.9999996554081569,5.47242988125337e-06,3.400211862150627e-06,{Transitional}
2011-01-19,7.946616811953055e-39,5.043179440364371e-15,0.9999998902041142,0.0,1.0979588076197389e-07,Transitional,0.9999998902041142,1.8692337919509894e-06,1.161420255798483e-06,{Transitional}
2011-01-20,3.5227586462896208e-31,9.912000581228758e-14,0.9999999947279324,0.0,5.271968389311503e-09,Transitional,0.9999999947279324,1.0576105920785312e-07,6.571304080186665e-08,{Transitional}
2011-01-21,1.0132317472141562e-25,2.0022778481561245e-12,0.9999999999713882,0.0,2.660952852069953e-11,Transitional,0.9999999999713882,7.276892824895069e-10,4.5213877271534863e-10,{Transitional}
2011-01-24,1.03064434036524e-21,4.450215165687619e-11,0.9999999999550152,0.0,4.825998341301838e-13,Transitional,0.9999999999550152,1.1168708703688628e-09,6.939508891521741e-10,{Transitional}
2011-01-25,4.46052495438185e-39,6.658696503168622e-05,0.9999186960081758,0.0,1.4717026792496788e-05,Transitional,0.9999186960081758,0.0008854167195960579,0.0005501403395282028,{Transitional}
2011-01-26,1.0100825450026395e-27,1.2425497797533128e-11,0.9999999999490841,0.0,3.8490491818191563e-11,Transitional,0.9999999999490841,1.2830124371511798e-09,7.971804486764964e-10,{Transitional}
2011-01-27,2.1047618020002838e-23,5.1892540944629087e-11,0.999999999947457,0.0,6.504735727457365e-13,Transitional,0.999999999947457,1.2971109927309783e-09,8.059403737850555e-10,{Transitional}
2011-01-28,1.5317487161201591e-28,5.2544956078307906e-12,0.9999999998933664,0.0,1.0137906920281043e-10,Transitional,0.9999999998933664,2.573143322339403e-09,1.598783837798255e-09,{Transitional}
2011-01-31,2.5814216200625357e-26,8.646987373732251e-12,0.9999999999613753,0.0,2.997764311225895e-11,Transitional,0.9999999999613753,9.823417896539877e-10,6.103632715898325e-10,{Transitional}
2011-02-01,5.2057644142061985e-27,7.3609973153926e-12,0.9999999999401843,0.0,5.2454660064447185e-11,Transitional,0.9999999999401843,1.4872433968836638e-09,9.240762786769261e-10,{Transitional}
2011-02-02,6.049197777724893e-31,5.065860680038842e-12,0.9999999987918504,7.804864188311473e-26,1.203083707124184e-09,Transitional,0.9999999987918504,2.6046380539329948e-08,1.618352614791932e-08,{Transitional}
2011-02-03,2.487866460764139e-30,2.874983518667878e-12,0.9999999998747642,3.457907090263794e-26,1.2236079449607982e-10,Transitional,0.9999999998747642,2.9915528912675616e-09,1.858756319927348e-09,{Transitional}
2011-02-04,2.129573097538914e-31,3.1130719760171964e-12,0.9999999998389554,4.545853318322822e-26,1.5793160176993633e-10,Transitional,0.9999999998389554,3.80499880486064e-09,2.364178683417487e-09,{Transitional}
2011-02-07,7.259650367754813e-32,1.0470004599010633e-12,0.999999999411748,1.2412398981846667e-25,5.872050207223745e-10,Transitional,0.999999999411748,1.3095855210448767e-08,8.136912340186337e-09,{Transitional}
2011-02-08,1.3623101488468788e-30,1.6158366485600175e-12,0.9999999999363566,1.214246291087583e-25,6.202757781542959e-11,Transitional,0.9999999999363566,1.5626064544348546e-09,9.709019791087075e-10,{Transitional}
2011-02-09,1.6518979126581104e-37,1.8808046544363134e-13,0.999999994469549,2.190866072077419e-26,5.530262877668425e-09,Transitional,0.999999994469549,1.1068067221312193e-07,6.876976822655396e-08,{Transitional}
2011-02-10,1.5801670833144581e-34,1.1838196371481908e-13,0.9999999994998231,1.0594686002689097e-27,5.000585061891441e-10,Transitional,0.9999999994998231,1.1210836681912587e-08,6.965684476114653e-09,{Transitional}
2011-02-11,1.8873869343733794e-36,3.5922205281552504e-14,0.9999999957430084,2.4402056343701452e-28,4.256955763146667e-09,Transitional,0.9999999957430084,8.63075774584919e-08,5.36259129921707e-08,{Transitional}
2011-02-14,1.1541769068231614e-29,3.3460794387338936e-13,0.9999999997290239,8.33177845058916e-28,2.706415671675094e-10,Transitional,0.9999999997290239,6.240421809972331e-09,3.877392076923533e-09,{Transitional}
2011-02-15,3.3531452349044764e-27,1.0609880735604925e-12,0.9999999999589885,1.623240006933161e-27,3.9950588977430234e-11,Transitional,0.9999999999589885,1.0241247940033186e-09,6.36324511862928e-10,{Transitional}
2011-02-16,2.1099914866171167e-33,4.2472488910646925e-14,0.9999999929725908,9.899399654628666e-29,7.027366681543265e-09,Transitional,0.9999999929725908,1.3895452469149066e-07,8.633730050594931e-08,{Transitional}
2011-02-17,3.734246580461435e-27,2.8757731794585336e-13,0.9999999999372455,3.6559235815555607e-28,6.246686249447631e-11,Transitional,0.9999999999372455,1.5363812211092627e-09,9.546073254765403e-10,{Transitional}
2011-02-18,1.8318405315847493e-35,4.6560492535577345e-14,0.9999999963820826,2.4286068891454474e-28,3.6178708413106533e-09,Transitional,0.9999999963820826,7.393913283333976e-08,4.5940966260397605e-08,{Transitional}
2011-02-21,4.8011289023578065e-39,3.120522294991337e-14,0.999999985070694,3.4587635476003984e-28,1.492927481177721e-08,Transitional,0.999999985070694,2.839528304425373e-07,1.7642981332103047e-07,{Transitional}
2011-02-22,5.581890051404679e-42,6.4439883779470174e-15,0.9999998473064776,2.720956654106894e-27,1.52693515941122e-07,Transitional,0.9999998473064776,2.5491909351317466e-06,1.5839013828600395e-06,{Transitional}
2011-02-23,4.1550969595501856e-38,2.3803625916606618e-14,0.9999999915685902,0.0,8.431385975763906e-09,Transitional,0.9999999915685902,1.6518053245018528e-07,1.0263243532045772e-07,{Transitional}
2011-02-24,2.293133780901626e-32,2.41524039548595e-13,0.999999999914767,0.0,8.499155017422722e-11,Transitional,0.999999999914767,2.0606841565336768e-09,1.280375055547881e-09,{Transitional}
2011-02-25,3.6995469244138125e-27,2.3600270624310842e-12,0.9999999999904305,0.0,7.2094398598998954e-12,Transitional,0.9999999999904305,2.5494546516082634e-10,1.5840652391197184e-10,{Transitional}
2011-02-28,2.5821427613169298e-21,1.1195620098505954e-11,0.9999999999885137,0.0,2.9063974179853605e-13,Transitional,0.9999999999885137,2.9978810695190336e-10,1.8626882381471078e-10,{Transitional}
2011-03-01,1.7163322607286418e-26,6.924654654264341e-12,0.999999999980923,0.0,1.2152308608637567e-11,Transitional,0.999999999980923,4.99547465584345e-10,3.1038629183826893e-10,{Transitional}
2011-03-02,5.27286915305196e-26,1.130964686563318e-12,0.9999999999785668,0.0,2.0302202153170664e-11,Transitional,0.9999999999785668,5.496972486453961e-10,3.4154610401468587e-10,{Transitional}
2011-03-03,8.498978072956199e-28,1.3158793601179715e-12,0.9999999999542991,5.397337523076011e-215,4.4385006302500545e-11,Transitional,0.9999999999542991,1.1370211168506613e-09,7.064709412313024e-10,{Transitional}
2011-03-04,9.214308710632598e-24,4.860859259078377e-12,0.9999999999916022,4.5966304204429245e-192,3.5369951237061397e-12,Transitional,0.9999999999916022,2.2549483913944722e-10,1.4010782112023863e-10,{Transitional}
2011-03-07,5.339110436675775e-28,5.522009945866957e-13,0.9999999997755156,1.9989027830609674e-27,2.2393225560127243e-10,Transitional,0.9999999997755156,5.213204278601479e-09,3.2391459392907386e-09,{Transitional}
2011-03-08,1.0526905669984921e-31,2.8750584803957284e-13,0.9999999991420965,2.760635265503655e-27,8.576159752323449e-10,Transitional,0.9999999991420965,1.8768108233482727e-08,1.1661281301058703e-08,{Transitional}
2011-03-09,8.199537343911582e-30,1.5765946783715924e-13,0.999999999268972,6.882752496108746e-27,7.308703896792621e-10,Transitional,0.999999999268972,1.6108525165973608e-08,1.0008789429852073e-08,{Transitional}
2011-03-10,8.545899356824914e-34,7.256802754282748e-14,0.9999999936724383,0.0,6.327489159708386e-09,Transitional,0.9999999936724383,1.2578019486143613e-07,7.815162914312565e-08,{Transitional}
2011-03-11,3.2544476485244296e-28,1.012259305047198e-12,0.9999999999738295,0.0,2.515828736223495e-11,Transitional,0.9999999999738295,6.654608017109582e-10,4.1347404368306503e-10,{Transitional}
2011-03-14,9.943502154997216e-38,1.5294428340093515e-13,0.9999999696241342,0.0,3.037571285390766e-08,Transitional,0.9999999696241342,5.561701913105333e-07,3.45567969421937e-07,{Transitional}
2011-03-15,7.78023335384071e-33,1.7656091225390574e-14,0.999999992720994,3.3325937041598685e-46,7.2789883077194924e-09,Transitional,0.999999992720994,1.4367317057623516e-07,8.926916003795703e-08,{Transitional}
2011-03-16,3.180927347089866e-37,8.707333911469178e-15,0.9999998519960106,0.0,1.480039807032917e-07,Transitional,0.9999998519960106,2.475516766334802e-06,1.538125048011856e-06,{Transitional}
2011-03-17,1.8096228939648371e-32,3.2729333844286825e-14,0.9999999953626185,0.0,4.637348725265242e-09,Transitional,0.9999999953626185,9.362294010836094e-08,5.81712033655069e-08,{Transitional}
2011-03-18,2.956680308856445e-28,2.2352128485636275e-13,0.9999999999167465,0.0,8.303002089658076e-11,Transitional,0.9999999999167465,2.0146683473531737e-09,1.2517838257620056e-09,{Transitional}
2011-03-21,2.8946910517756695e-32,3.433882365987736e-14,0.9999999977743065,0.0,2.2256591333292994e-09,Transitional,0.9999999977743065,4.6566921787778235e-08,2.8933655301651754e-08,{Transitional}
2011-03-22,8.140794785736804e-27,1.6021045481694538e-13,0.9999999999525913,0.0,4.7248538200496885e-11,Transitional,0.9999999999525913,1.1731844885237372e-09,7.289405074032479e-10,{Transitional}
2011-03-23,7.438826342957789e-29,2.522274262810224e-13,0.9999999998141419,0.0,1.856058499408414e-10,Transitional,0.9999999998141419,4.349717120544268e-09,2.702631202446196e-09,{Transitional}
2011-03-24,5.886061494089417e-29,1.97345208593625e-13,0.9999999998698376,0.0,1.2996506547913843e-10,Transitional,0.9999999998698376,3.092076557318356e-09,1.921215185394711e-09,{Transitional}
2011-03-25,4.4532536083960164e-26,6.85950538602939e-13,0.9999999999886762,0.0,1.0637833110025645e-11,Transitional,0.9999999999886762,2.967452440171763e-10,1.843781867722883e-10,{Transitional}
2011-03-28,6.721915520778015e-37,1.8401093318927882e-13,0.9999999499643721,0.0,5.003544388424601e-08,Transitional,0.9999999499643721,8.911612208495434e-07,5.537095988386149e-07,{Transitional}
2011-03-29,1.417505838630433e-35,3.186930197953327e-14,0.9999999967790937,0.0,3.220874464201122e-09,Transitional,0.9999999967790937,6.619951867935975e-08,4.11320736065178e-08,{Transitional}
2011-03-30,1.0517723275593043e-45,1.8808656388756654e-13,0.9999962870316289,0.0,3.712968183035038e-06,Transitional,0.9999962870316289,5.0138726761858166e-05,3.11529425114814e-05,{Transitional}
2011-03-31,1.263241405989275e-31,4.164249115529214e-13,0.9999999967513921,0.0,3.2481914694299475e-09,Transitional,0.9999999967513921,6.674441561502526e-08,4.1470637108381255e-08,{Transitional}
2011-04-01,2.043322001334105e-44,1.1654057906006249e-13,0.9998231846669047,0.0,0.0001768153329787776,Transitional,0.9998231846669047,0.0017045557332700761,0.001059100024984574,{Transitional}
2011-04-04,1.618546210521984e-38,6.042739032724275e-15,0.9996815936663423,0.0,0.0003184063336515535,Transitional,0.9996815936663423,0.002882221451186468,0.0017908248767592534,{Transitional}
2011-04-05,1.881111152225441e-40,3.006105108611422e-16,0.9741568037213323,0.0,0.025843196278667435,Transitional,0.9741568037213323,0.11998152359558557,0.07454871211162568,{Transitional}
2011-04-06,9.076197600572637e-50,4.637839446383205e-19,0.04336821333685667,0.0,0.9566317866631433,Post-Shock,0.9566317866631433,0.17850460540119878,0.11091114731554318,{Post-Shock}
2011-04-07,7.100216219680873e-56,7.960997283080497e-23,9.303618217549376e-05,0.0,0.9999069638178245,Post-Shock,0.9999069638178245,0.0009566422679073342,0.0005943952609271621,{Post-Shock}
2011-04-08,5.83472788119045e-67,9.959307198293416e-28,1.132295315183758e-08,0.0,0.9999999886770468,Post-Shock,0.9999999886770468,2.1849061735503313e-07,1.357558534361787e-07,{Post-Shock}
2011-04-11,7.54251099003289e-88,1.8119064095657464e-32,7.383563767438554e-14,0.0,0.9999999999999262,Post-Shock,0.9999999999999262,1.1087461911521584e-12,6.889027421227453e-13,{Post-Shock}
2011-04-12,6.166822248746877e-89,1.506811714655143e-35,3.390325061584496e-13,0.0,0.9999999999996609,Post-Shock,0.9999999999996609,8.607807908473365e-12,5.348331763513007e-12,{Post-Shock}
2011-04-13,2.090448063692825e-88,2.410942878258374e-35,6.841446195804392e-13,0.0,0.9999999999993159,Post-Shock,0.9999999999993159,1.823102924421642e-11,1.1327575362409579e-11,{Post-Shock}
2011-04-14,1.1577347439589056e-84,2.107185667348115e-34,9.236619370273675e-12,0.0,0.9999999999907634,Post-Shock,0.9999999999907634,2.419697457338699e-10,1.5034425613095995e-10,{Post-Shock}
2011-04-15,2.000134135054741e-107,5.292235832586351e-41,1.0558770047865726e-16,0.0,0.9999999999999999,Post-Shock,0.9999999999999999,-9.969493711435817e-13,-6.194394722787435e-13,{Post-Shock}
2011-04-18,5.595307478689203e-113,4.689619399809307e-44,5.5653320615560426e-18,0.0,1.0,Post-Shock,1.0,-9.999351248051037e-13,-6.212946253346365e-13,{Post-Shock}
2011-04-19,4.240969160466959e-119,1.1436369731054093e-46,8.906543722351207e-20,0.0,1.0,Post-Shock,1.0,-1.0000864396128723e-12,-6.213886425108192e-13,{Post-Shock}
2011-04-20,3.9797933680719965e-124,2.8240457015823966e-49,1.9075041846852997e-21,0.0,1.0,Post-Shock,1.0,-1.0000888478755526e-12,-6.21390138848554e-13,{Post-Shock}
2011-04-21,3.495549500520254e-133,2.1163197028432448e-52,4.051372006397838e-24,0.0,1.0,Post-Shock,1.0,-1.0000889004698974e-12,-6.213901715272578e-13,{Post-Shock}
2011-04-22,9.70624154469211e-145,1.1096893144564487e-55,7.959924127170817e-26,0.0,1.0,Post-Shock,1.0,-1.0000889005796416e-12,-6.213901715954457e-13,{Post-Shock}
2011-04-25,3.884205085682781e-145,4.358720068975438e-56,8.554428657392552e-26,0.0,1.0,Post-Shock,1.0,-1.0000889005794774e-12,-6.213901715953437e-13,{Post-Shock}
2011-04-26,4.234033860613297e-164,2.3606422252978713e-61,1.180905896623455e-29,0.0,1.0,Post-Shock,1.0,-1.0000889005818406e-12,-6.213901715968121e-13,{Post-Shock}
2011-04-27,2.3304501475545154e-164,2.6082260658538746e-61,5.611782842385978e-29,0.0,1.0,Post-Shock,1.0,-1.0000889005818394e-12,-6.213901715968113e-13,{Post-Shock}
2011-04-28,2.1826850366400135e-160,8.644134576577619e-61,1.4631706939689078e-28,0.0,1.0,Post-Shock,1.0,-1.000088900581837e-12,-6.213901715968098e-13,{Post-Shock}
2011-04-29,1.651266873542139e-168,1.3231294713812523e-63,8.137252895570483e-31,0.0,1.0,Post-Shock,1.0,-1.000088900581841e-12,-6.213901715968123e-13,{Post-Shock}
2011-05-02,3.4014386484719024e-165,1.078455197440341e-62,4.5946743191813564e-30,0.0,1.0,Post-Shock,1.0,-1.0000889005818408e-12,-6.213901715968122e-13,{Post-Shock}
2011-05-03,1.2726811728730032e-168,1.0079016928899781e-63,2.2021236103842325e-30,0.0,1.0,Post-Shock,1.0,-1.000088900581841e-12,-6.213901715968123e-13,{Post-Shock}
2011-05-04,5.780054260299525e-175,3.0340199924245816e-65,2.3715255099551446e-31,5.762234677123313e-43,1.0,Post-Shock,1.0,-1.000088900581841e-12,-6.213901715968123e-13,{Post-Shock}
2011-05-05,6.586938326771749e-167,2.3349848908541654e-63,1.2502591977014549e-29,0.0,1.0,Post-Shock,1.0,-1.0000889005818406e-12,-6.213901715968121e-13,{Post-Shock}
2011-05-06,4.4312452270903196e-182,4.131043606275796e-67,5.786809033614967e-32,0.0,1.0,Post-Shock,1.0,-1.000088900581841e-12,-6.213901715968123e-13,{Post-Shock}
2011-05-09,6.741189036454133e-165,3.2563055837423923e-62,3.0778795203334075e-29,0.0,1.0,Post-Shock,1.0,-1.0000889005818402e-12,-6.213901715968118e-13,{Post-Shock}
2011-05-10,1.7546677741947276e-170,1.4507311028205145e-63,7.837328413697484e-30,7.278355900839366e-169,1.0,Post-Shock,1.0,-1.0000889005818408e-12,-6.213901715968122e-13,{Post-Shock}
2011-05-11,1.5937287695062192e-160,3.5850474263327577e-60,5.516927903079894e-27,0.0,1.0,Post-Shock,1.0,-1.0000889005816885e-12,-6.213901715967176e-13,{Post-Shock}
2011-05-12,4.6544084922790104e-173,6.726150040975615e-64,7.433402873733554e-30,0.0,1.0,Post-Shock,1.0,-1.0000889005818408e-12,-6.213901715968122e-13,{Post-Shock}
2011-05-13,1.1397674545632021e-163,5.733853804831965e-62,3.9935484659256457e-28,0.0,1.0,Post-Shock,1.0,-1.0000889005818299e-12,-6.213901715968054e-13,{Post-Shock}
2011-05-16,7.278670974576797e-144,7.994321905542135e-56,2.562476353436923e-24,0.0,1.0,Post-Shock,1.0,-1.000088900511037e-12,-6.213901715528194e-13,{Post-Shock}
2011-05-17,7.05261588891194e-148,1.3077387279243813e-56,1.7371754940897805e-24,0.0,1.0,Post-Shock,1.0,-1.000088900533841e-12,-6.213901715669884e-13,{Post-Shock}
2011-05-18,6.921294542367503e-151,8.848787717433228e-57,1.2579321324609194e-24,0.0,1.0,Post-Shock,1.0,-1.000088900547083e-12,-6.21390171575216e-13,{Post-Shock}
2011-05-19,1.1665515878668193e-140,6.187091803606393e-54,1.2588829978308558e-22,0.0,1.0,Post-Shock,1.0,-1.0000888971034187e-12,-6.213901694355471e-13,{Post-Shock}
2011-05-20,2.56641096914603e-148,2.785254817577455e-55,2.5155619091080188e-23,0.0,1.0,Post-Shock,1.0,-1.0000888998867655e-12,-6.213901711649377e-13,{Post-Shock}
2011-05-23,3.5077227078329115e-139,1.109683461392995e-53,7.187433229345307e-22,0.0,1.0,Post-Shock,1.0,-1.000088880722229e-12,-6.213901592573417e-13,{Post-Shock}
2011-05-24,3.695864735359817e-127,2.9486097189103016e-50,2.313132805894775e-19,0.0,1.0,Post-Shock,1.0,-1.0000825091597542e-12,-6.213862003829882e-13,{Post-Shock}
2011-05-25,4.0275075532320053e-128,5.047338776926758e-51,7.294106078001646e-20,0.0,1.0,Post-Shock,1.0,-1.0000868851458557e-12,-6.213889193360263e-13,{Post-Shock}
2011-05-26,3.4853318527418943e-122,1.8923547489967857e-50,5.99232516740377e-20,0.0,1.0,Post-Shock,1.0,-1.0000872448412122e-12,-6.213891428273171e-13,{Post-Shock}
2011-05-27,6.051706398788636e-113,2.140416601182738e-48,1.5481030193644203e-18,0.0,1.0,Post-Shock,1.0,-1.00004612491702e-12,-6.2136359358191e-13,{Post-Shock}
2011-05-30,1.8369289971804198e-117,4.245971784537988e-50,4.718349805033524e-20,0.0,1.0,Post-Shock,1.0,-1.0000875968536122e-12,-6.213893615449186e-13,{Post-Shock}
2011-05-31,4.407977653779565e-106,2.059256176256908e-47,1.413371142339929e-18,0.0,1.0,Post-Shock,1.0,-1.00004984769596e-12,-6.213659066745191e-13,{Post-Shock}
2011-06-01,1.7298373737043032e-111,2.366984796112128e-49,3.047854443612826e-19,0.0,1.0,Post-Shock,1.0,-1.000080479048885e-12,-6.213849390041842e-13,{Post-Shock}
2011-06-02,4.0471482852369526e-113,3.516891178176919e-49,5.774766601926067e-19,2.546205774231478e-278,1.0,Post-Shock,1.0,-1.0000729443123827e-12,-6.213802574091726e-13,{Post-Shock}
2011-06-03,7.898338306535146e-113,1.794800918047854e-48,4.116238929154154e-18,0.0,1.0,Post-Shock,1.0,-9.999751647140147e-13,-6.213195035288194e-13,{Post-Shock}
2011-06-06,5.159681116567036e-110,2.445908205053945e-48,2.583012950536469e-18,0.0,1.0,Post-Shock,1.0,-1.000017529303134e-12,-6.213458261280275e-13,{Post-Shock}
2011-06-07,6.183968025392107e-110,1.6522298884722297e-48,6.73464489324597e-19,0.0,1.0,Post-Shock,1.0,-1.0000702920707692e-12,-6.213786094788033e-13,{Post-Shock}
2011-06-08,9.79376484787872e-116,8.910971368805037e-51,1.2570866583890353e-20,0.0,1.0,Post-Shock,1.0,-1.000088553235961e-12,-6.213899557786828e-13,{Post-Shock}
2011-06-09,8.267867144820321e-110,8.347562496448562e-49,4.0831685113971345e-19,0.0,1.0,Post-Shock,1.0,-1.0000776183704719e-12,-6.213831615647496e-13,{Post-Shock}
2011-06-10,2.871903561428401e-112,1.8391370184404657e-49,2.5315027195336815e-19,0.0,1.0,Post-Shock,1.0,-1.0000819057813953e-12,-6.213858254829352e-13,{Post-Shock}
2011-06-13,1.0338301670673598e-108,1.589498915375931e-47,4.472292129326006e-18,0.0,1.0,Post-Shock,1.0,-9.999653266035802e-13,-6.213133907671164e-13,{Post-Shock}
2011-06-14,5.754504429671269e-112,7.159697267543573e-49,2.2217995995858236e-19,0.0,1.0,Post-Shock,1.0,-1.0000827615227252e-12,-6.213863571849183e-13,{Post-Shock}
2011-06-15,1.65684220078449e-116,4.217713022933978e-50,4.1297305088668285e-20,0.0,1.0,Post-Shock,1.0,-1.0000877594951337e-12,-6.213894625997777e-13,{Post-Shock}
2011-06-16,2.4132842306668726e-111,1.685495559934229e-48,1.0171655122686286e-18,0.0,1.0,Post-Shock,1.0,-1.0000607952611276e-12,-6.213727087792062e-13,{Post-Shock}
2011-06-17,3.509407966538808e-116,7.993020230553042e-50,3.2483259678487555e-20,0.0,1.0,Post-Shock,1.0,-1.000088003036208e-12,-6.213896139203552e-13,{Post-Shock}
2011-06-20,1.3141947469176382e-101,1.2860393433975658e-46,3.660564242643261e-18,0.0,1.0,Post-Shock,1.0,-9.99987755467356e-13,-6.213273266037228e-13,{Post-Shock}
2011-06-21,5.768997426248129e-84,1.5751522677145971e-41,3.037672332872895e-15,0.0,0.999999999999997,Post-Shock,0.999999999999997,-9.130555012065374e-13,-5.673132800914575e-13,{Post-Shock}
2011-06-22,9.833078071344792e-86,6.239806760427266e-42,1.0658225895682016e-15,0.0,0.9999999999999989,Post-Shock,0.9999999999999989,-9.6953004645187e-13,-6.0240288796575e-13,{Post-Shock}
2011-06-23,4.050084085648238e-88,2.941816152296317e-42,5.582726777221411e-16,0.0,0.9999999999999994,Post-Shock,0.9999999999999994,-9.839974342018966e-13,-6.113919813866614e-13,{Post-Shock}
2011-06-24,9.878898831507676e-107,1.5234627870370422e-44,1.582585005701328e-19,0.0,1.0,Post-Shock,1.0,-1.000084527737895e-12,-6.213874545961054e-13,{Post-Shock}
2011-06-27,4.863007089194577e-121,2.6526371318133125e-48,1.0867188321186359e-20,0.0,1.0,Post-Shock,1.0,-1.000088600310331e-12,-6.213899850276334e-13,{Post-Shock}
2011-06-28,1.172063322725979e-131,1.871026375465044e-52,5.942545963776004e-23,0.0,1.0,Post-Shock,1.0,-1.000088898939855e-12,-6.21390170576589e-13,{Post-Shock}
2011-06-29,4.225532050683904e-149,5.2218813782321246e-55,4.7053947232739516e-26,0.0,1.0,Post-Shock,1.0,-1.0000889005805408e-12,-6.213901715960045e-13,{Post-Shock}
2011-06-30,3.55475858312362e-160,5.24483317209699e-59,1.6069397676778132e-27,0.0,1.0,Post-Shock,1.0,-1.0000889005817966e-12,-6.213901715967847e-13,{Post-Shock}
2011-07-01,6.6480284882058506e-155,1.7613113537446858e-58,1.9878730480790554e-25,0.0,1.0,Post-Shock,1.0,-1.0000889005763482e-12,-6.213901715933995e-13,{Post-Shock}
2011-07-04,6.531792805955192e-143,2.922119975296898e-54,1.8740844534777305e-22,0.0,1.0,Post-Shock,1.0,-1.0000888954035542e-12,-6.213901683793618e-13,{Post-Shock}
2011-07-05,7.120105775553149e-140,1.5960750979063015e-54,1.472887430569763e-22,0.0,1.0,Post-Shock,1.0,-1.0000888965121027e-12,-6.213901690681418e-13,{Post-Shock}
2011-07-06,1.3445315270759758e-141,1.1539309480188227e-53,1.422390406777558e-21,3.683083923913427e-231,1.0,Post-Shock,1.0,-1.0000888612797416e-12,-6.213901471770449e-13,{Post-Shock}
2011-07-07,1.8154674557352022e-157,2.8757403383017137e-56,2.716333811079913e-23,0.0,1.0,Post-Shock,1.0,-1.0000888998312903e-12,-6.213901711304689e-13,{Post-Shock}
2011-07-08,6.953470919775586e-167,6.951334963096177e-59,6.411259283126436e-25,5.68264055534902e-257,1.0,Post-Shock,1.0,-1.000088900564126e-12,-6.213901715858054e-13,{Post-Shock}
2011-07-11,2.795931286587204e-176,5.416826116263047e-62,1.3044895532044805e-26,0.0,1.0,Post-Shock,1.0,-1.0000889005814805e-12,-6.213901715965883e-13,{Post-Shock}
2011-07-12,3.531284577333632e-168,2.660645973162485e-60,5.047902153303736e-26,0.0,1.0,Post-Shock,1.0,-1.0000889005804461e-12,-6.213901715959456e-13,{Post-Shock}
2011-07-13,8.569874036597599e-169,6.55856322955413e-59,1.4070835606948343e-24,0.0,1.0,Post-Shock,1.0,-1.0000889005429619e-12,-6.213901715726554e-13,{Post-Shock}
2011-07-14,1.827863360293881e-171,3.993610192436139e-59,1.2315575168242446e-24,0.0,1.0,Post-Shock,1.0,-1.0000889005478119e-12,-6.213901715756689e-13,{Post-Shock}
2011-07-15,2.937400050765851e-189,4.213141500355179e-63,1.5236333113595294e-28,1.8054324955577661e-221,1.0,Post-Shock,1.0,-1.0000889005818367e-12,-6.213901715968097e-13,{Post-Shock}
2011-07-18,4.931408382760946e-177,9.588336689308386e-62,1.7531963812871825e-26,0.0,1.0,Post-Shock,1.0,-1.0000889005813565e-12,-6.213901715965113e-13,{Post-Shock}
2011-07-19,2.1541723329651988e-166,1.8024839486080162e-58,3.7974444495833172e-25,0.0,1.0,Post-Shock,1.0,-1.0000889005713484e-12,-6.213901715902929e-13,{Post-Shock}
2011-07-20,4.70781530379937e-149,2.0101056045040932e-52,7.316399759229138e-21,0.0,1.0,Post-Shock,1.0,-1.0000886984222448e-12,-6.213900459879929e-13,{Post-Shock}
2011-07-21,5.762206136228758e-166,9.656148316483397e-57,5.4792856110371126e-24,0.0,1.0,Post-Shock,1.0,-1.0000889004304427e-12,-6.213901715027433e-13,{Post-Shock}
2011-07-22,2.062561395536165e-177,8.149431838678551e-60,4.177071205572321e-26,0.0,1.0,Post-Shock,1.0,-1.0000889005806869e-12,-6.213901715960952e-13,{Post-Shock}
2011-07-25,6.624978365244223e-162,1.0186962878607169e-55,1.7279235242749736e-22,0.0,1.0,Post-Shock,1.0,-1.0000888958074118e-12,-6.213901686302927e-13,{Post-Shock}
2011-07-26,1.2607553201559824e-153,1.1392712086615779e-53,4.2878926469387e-21,0.0,1.0,Post-Shock,1.0,-1.0000887821029887e-12,-6.213900979817624e-13,{Post-Shock}
2011-07-27,1.0893899982233282e-144,8.568894150133339e-51,1.704512624907753e-19,0.0,1.0,Post-Shock,1.0,-1.0000841908394369e-12,-6.213872452693239e-13,{Post-Shock}
2011-07-28,8.302741300641286e-141,5.205880487857898e-50,1.3257246905626354e-18,0.0,1.0,Post-Shock,1.0,-1.0000522694566797e-12,-6.213674113990574e-13,{Post-Shock}
2011-07-29,1.1726724036951971e-136,6.455161335781914e-49,8.518971505635454e-18,0.0,1.0,Post-Shock,1.0,-9.998535127728553e-13,-6.212439169279201e-13,{Post-Shock}
2011-08-01,1.2144184187061994e-135,8.073371108681016e-48,9.786687936826079e-18,0.0,1.0,Post-Shock,1.0,-9.998184844965823e-13,-6.212221526361743e-13,{Post-Shock}
2011-08-02,3.5769503757919976e-135,2.496744946445957e-47,1.77344398678919e-17,0.0,1.0,Post-Shock,1.0,-9.995988802138796e-13,-6.210857048235522e-13,{Post-Shock}
2011-08-03,1.429843495012075e-140,1.801977497303284e-48,3.254951976179702e-18,0.0,1.0,Post-Shock,1.0,-9.999989629456506e-13,-6.213342902015155e-13,{Post-Shock}
2011-08-04,1.1633667284925454e-126,5.666259551252247e-45,1.050483043583256e-15,0.0,0.999999999999999,Post-Shock,0.999999999999999,-9.699538613334608e-13,-6.026662189574687e-13,{Post-Shock}
2011-08-05,3.8881305961868824e-136,3.5372807346438463e-47,2.915891805296852e-17,0.0,1.0,Post-Shock,1.0,-9.992832107516318e-13,-6.20889568358884e-13,{Post-Shock}
2011-08-08,2.6361048071042096e-137,9.59641656657004e-48,3.116137154216736e-17,0.0,1.0,Post-Shock,1.0,-9.99227881037774e-13,-6.208551900747449e-13,{Post-Shock}
2011-08-09,3.680256765365012e-126,9.054904716516865e-46,3.5210223732880006e-16,8.956699351109515e-64,0.9999999999999997,Post-Shock,0.9999999999999997,-9.899159909715577e-13,-6.150693874698261e-13,{Post-Shock}
2011-08-10,2.2662387006528747e-131,1.2713974571697448e-46,9.296698159180468e-17,0.0,0.9999999999999999,Post-Shock,0.9999999999999999,-9.972980919879267e-13,-6.196561447217442e-13,{Post-Shock}
2011-08-11,7.665944687861089e-125,2.3210225750814776e-45,6.128004760860473e-16,0.0,0.9999999999999993,Post-Shock,0.9999999999999993,-9.824908392818909e-13,-6.104558813306318e-13,{Post-Shock}
2011-08-12,2.3536548341160805e-141,1.2516240081723632e-48,5.089647651456384e-19,0.0,1.0,Post-Shock,1.0,-1.000074837365927e-12,-6.213814336294727e-13,{Post-Shock}
2011-08-15,7.632720738611274e-138,1.1320204643922705e-47,3.7028240550443416e-17,0.0,1.0,Post-Shock,1.0,-9.990657738563712e-13,-6.207544672197964e-13,{Post-Shock}
2011-08-16,1.8501223920188623e-123,7.100858902367875e-44,7.049327327153995e-15,0.0,0.999999999999993,Post-Shock,0.999999999999993,-7.982528796779588e-13,-4.959824007567262e-13,{Post-Shock}
2011-08-17,5.390784796004658e-121,7.789959313194331e-43,8.472310484271368e-14,0.0,0.9999999999999153,Post-Shock,0.9999999999999153,1.4188279519668509e-12,8.815673726866714e-13,{Post-Shock}
2011-08-18,4.834448531118578e-118,2.0424348448988303e-42,1.1805290817575755e-13,0.0,0.999999999999882,Post-Shock,0.999999999999882,2.366787857572559e-12,1.4705679786013298e-12,{Post-Shock}
2011-08-19,2.098869275921032e-115,8.904262095448724e-43,9.173899091396711e-14,0.0,0.9999999999999083,Post-Shock,0.9999999999999083,1.6184054172861768e-12,1.005571824040428e-12,{Post-Shock}
2011-08-22,4.2084662946689593e-119,1.2751845986094856e-43,1.2756068289283091e-14,0.0,0.9999999999999872,Post-Shock,0.9999999999999872,-6.349088094426811e-13,-3.944910235663893e-13,{Post-Shock}
2011-08-23,4.116232635048532e-122,1.452960138312353e-44,8.395014516336089e-16,5.8451501656359e-37,0.9999999999999991,Post-Shock,0.9999999999999991,-9.76005144292228e-13,-6.06426092458656e-13,{Post-Shock}
2011-08-24,1.7482138159873924e-125,4.849727770905612e-45,6.395156103543745e-16,7.527567899568772e-37,0.9999999999999993,Post-Shock,0.9999999999999993,-9.817527062828953e-13,-6.099972535120046e-13,{Post-Shock}
2011-08-25,9.032608228260592e-132,1.1518120816992283e-45,2.781910819295273e-17,0.0,1.0,Post-Shock,1.0,-9.993202309898272e-13,-6.209125703261604e-13,{Post-Shock}
2011-08-26,2.668120875885208e-130,6.699723662428116e-46,2.332115591007473e-16,0.0,0.9999999999999998,Post-Shock,0.9999999999999998,-9.93423036844215e-13,-6.172484375876112e-13,{Post-Shock}
2011-08-29,3.6305265228655646e-118,1.5551688731841812e-43,5.021576512767632e-15,0.0,0.999999999999995,Post-Shock,0.999999999999995,-8.562557411382474e-13,-5.320216048864249e-13,{Post-Shock}
2011-08-30,1.0021466563538819e-128,5.810480873544439e-45,2.4873813612852505e-16,0.0,0.9999999999999998,Post-Shock,0.9999999999999998,-9.929940291481788e-13,-6.169818801188689e-13,{Post-Shock}
2011-08-31,1.7887433890732985e-131,1.3231474255954755e-45,6.409596131434448e-16,0.0,0.9999999999999993,Post-Shock,0.9999999999999993,-9.817128088594615e-13,-6.099724638490262e-13,{Post-Shock}
2011-09-01,2.8671388190055686e-125,6.999912860608644e-45,3.495688212200532e-15,0.0,0.9999999999999966,Post-Shock,0.9999999999999966,-8.999589506243782e-13,-5.59175935692535e-13,{Post-Shock}
2011-09-02,2.803599194335776e-123,5.979694537830068e-44,1.4839668878741867e-14,0.0,0.9999999999999851,Post-Shock,0.9999999999999851,-5.753953057050108e-13,-3.5751320461613077e-13,{Post-Shock}
2011-09-05,7.020370618086549e-130,3.112114208382499e-45,1.1522976676636374e-15,0.0,0.9999999999999989,Post-Shock,0.9999999999999989,-9.671408433956641e-13,-6.009183926411728e-13,{Post-Shock}
2011-09-06,4.032965872493791e-136,3.092536240306128e-46,4.906832557687071e-16,0.0,0.9999999999999996,Post-Shock,0.9999999999999996,-9.86086972681619e-13,-6.126902846412195e-13,{Post-Shock}
2011-09-07,6.33611417732548e-139,2.1841393537219208e-47,4.8884524015664155e-17,0.0,1.0,Post-Shock,1.0,-9.987381736561603e-13,-6.205509177708366e-13,{Post-Shock}
2011-09-08,3.890258775870725e-157,9.252428026185946e-52,1.3124781503924237e-19,0.0,1.0,Post-Shock,1.0,-1.0000852740707094e-12,-6.213879183187557e-13,{Post-Shock}
2011-09-09,9.082791850183897e-146,2.6758399190028312e-49,5.659165537900582e-18,0.0,1.0,Post-Shock,1.0,-9.999325320913907e-13,-6.212930143910312e-13,{Post-Shock}
2011-09-12,3.433011984356051e-141,2.4974679180297422e-48,3.2439424743428225e-17,0.0,1.0,Post-Shock,1.0,-9.99192567204066e-13,-6.208332483561889e-13,{Post-Shock}
2011-09-13,3.767862030717101e-150,1.980686466545172e-50,2.145051099188161e-18,0.0,1.0,Post-Shock,1.0,-1.0000296306342257e-12,-6.213533451077895e-13,{Post-Shock}
2011-09-14,1.5671179169643638e-166,6.099583206007406e-54,1.2020911213442075e-21,2.880319900275895e-39,1.0,Post-Shock,1.0,-1.0000888673668359e-12,-6.213901509591693e-13,{Post-Shock}
2011-09-15,4.854527706628575e-162,5.497924202670669e-54,1.37611184800989e-20,0.0,1.0,Post-Shock,1.0,-1.0000885203480859e-12,-6.21389935344297e-13,{Post-Shock}
2011-09-16,2.977597319598453e-151,1.5916878041170898e-51,2.5089550860618203e-19,0.0,1.0,Post-Shock,1.0,-1.0000819680828078e-12,-6.213858641929792e-13,{Post-Shock}
2011-09-19,2.977669949866158e-153,1.0123256516840947e-51,7.296581953764284e-20,1.684205139840961e-39,1.0,Post-Shock,1.0,-1.0000868844617459e-12,-6.21388918910965e-13,{Post-Shock}
2011-09-20,9.057951032390062e-149,6.114651832810519e-50,3.311885963100334e-18,2.98599131393512e-38,1.0,Post-Shock,1.0,-9.999973898018297e-13,-6.213333127523025e-13,{Post-Shock}
2011-09-21,2.5884139523798914e-145,1.5466229836040693e-48,4.04025413855579e-17,1.4639130976912124e-37,1.0,Post-Shock,1.0,-9.989725387400118e-13,-6.206965369848746e-13,{Post-Shock}
2011-09-22,2.9062342623450634e-142,1.8498671451389945e-46,1.799953963265885e-15,0.0,0.9999999999999982,Post-Shock,0.9999999999999982,-9.485812146977293e-13,-5.893866469586907e-13,{Post-Shock}
2011-09-23,1.8132453903289258e-151,1.4917189388437615e-48,1.0254134184235055e-17,0.0,1.0,Post-Shock,1.0,-9.998055684888175e-13,-6.21214127469335e-13,{Post-Shock}
2011-09-26,1.054624586569123e-156,2.1404489156788278e-49,1.4826100597735967e-17,1.2332920036594358e-38,1.0,Post-Shock,1.0,-9.996792405029698e-13,-6.211356354785152e-13,{Post-Shock}
2011-09-27,1.8786260377846794e-175,1.848202382851985e-52,1.831284984744686e-21,2.083019661508775e-38,1.0,Post-Shock,1.0,-1.000088849981567e-12,-6.213901401570944e-13,{Post-Shock}
2011-09-28,1.1237655084720276e-203,1.5785768315560835e-59,4.698467099228104e-26,8.740579002563081e-39,1.0,Post-Shock,1.0,-1.0000889005805427e-12,-6.213901715960056e-13,{Post-Shock}
2011-09-29,8.044466444868117e-197,4.92912808784112e-59,1.2590710546404395e-23,3.5546652420717316e-39,1.0,Post-Shock,1.0,-1.0000889002339467e-12,-6.213901713806535e-13,{Post-Shock}
2011-09-30,9.01943650737655e-193,4.2278959070092354e-58,1.0237411738142216e-22,1.2055764048734504e-41,1.0,Post-Shock,1.0,-1.0000888977531396e-12,-6.213901698392413e-13,{Post-Shock}
2011-10-03,1.045449665836178e-188,1.6495417684263066e-56,1.7050908695979384e-21,1.5297397483194105e-42,1.0,Post-Shock,1.0,-1.0000888534684392e-12,-6.213901423236099e-13,{Post-Shock}
2011-10-04,2.827057278710999e-211,7.395490333457059e-60,6.3842428574209365e-24,1.4591804068112353e-42,1.0,Post-Shock,1.0,-1.0000889004054379e-12,-6.213901714872069e-13,{Post-Shock}
2011-10-05,7.74311500094548e-225,2.0366521940006428e-63,3.1219358781714604e-25,5.960250193820547e-44,1.0,Post-Shock,1.0,-1.0000889005732148e-12,-6.213901715914526e-13,{Post-Shock}
2011-10-06,1.244352483656275e-218,4.682065381077071e-62,8.551308578506726e-24,1.0468865045702733e-43,1.0,Post-Shock,1.0,-1.0000889003455596e-12,-6.213901714500024e-13,{Post-Shock}
2011-10-07,2.5462257673068956e-230,8.932008340897918e-65,1.394571246964716e-25,1.1802511824028025e-43,1.0,Post-Shock,1.0,-1.0000889005779876e-12,-6.213901715944181e-13,{Post-Shock}
2011-10-10,1.6064707101755157e-223,1.366513187645811e-62,9.754554037525923e-24,4.069824291986132e-44,1.0,Post-Shock,1.0,-1.0000889003123128e-12,-6.213901714293451e-13,{Post-Shock}
2011-10-11,1.422104598918841e-236,2.6054832793265202e-65,1.9117287144086679e-25,4.213826847256776e-45,1.0,Post-Shock,1.0,-1.0000889005765586e-12,-6.213901715935302e-13,{Post-Shock}
2011-10-12,9.172131832507038e-223,1.6341423173355164e-61,1.1766979528082818e-22,1.3176130277511757e-45,1.0,Post-Shock,1.0,-1.0000888973305044e-12,-6.213901695766434e-13,{Post-Shock}
2011-10-13,1.1163721759296312e-225,6.989855564945638e-62,5.536763193731933e-23,5.289223338717721e-47,1.0,Post-Shock,1.0,-1.0000888990519767e-12,-6.213901706462542e-13,{Post-Shock}
2011-10-14,4.3103672310717355e-214,4.422532789928482e-59,2.1191369096849493e-21,1.8196303604922207e-46,1.0,Post-Shock,1.0,-1.0000888420279242e-12,-6.213901352152183e-13,{Post-Shock}
2011-10-17,8.746978291810809e-222,1.4119985325346395e-60,4.500724927979993e-22,5.622941119287111e-47,1.0,Post-Shock,1.0,-1.0000888881458784e-12,-6.213901638699143e-13,{Post-Shock}
2011-10-18,1.9053608367632418e-230,1.2160440748256115e-62,7.521193460699321e-23,4.153348885029106e-47,1.0,Post-Shock,1.0,-1.0000888985036583e-12,-6.213901703055649e-13,{Post-Shock}
2011-10-19,6.500007697847674e-228,7.661252901641386e-61,9.73522765645307e-22,1.7514891602025918e-47,1.0,Post-Shock,1.0,-1.000088873682413e-12,-6.213901548832579e-13,{Post-Shock}
2011-10-20,4.33347180993017e-235,1.6281266055470397e-62,7.418911550038533e-23,9.467444399439545e-47,1.0,Post-Shock,1.0,-1.00008889853192e-12,-6.213901703231248e-13,{Post-Shock}
2011-10-21,6.622599470548076e-249,1.3277746163637388e-66,2.297522849371876e-25,1.1190013808571078e-49,1.0,Post-Shock,1.0,-1.0000889005754927e-12,-6.213901715928679e-13,{Post-Shock}
2011-10-24,2.4364461085973097e-244,1.3242903360940964e-65,1.5257056605065452e-24,2.7584693178356894e-50,1.0,Post-Shock,1.0,-1.0000889005396843e-12,-6.213901715706189e-13,{Post-Shock}
2011-10-25,7.90001593295233e-262,2.197016255043536e-69,1.2449192427570456e-27,2.8170878194671844e-50,1.0,Post-Shock,1.0,-1.0000889005818067e-12,-6.21390171596791e-13,{Post-Shock}
2011-10-26,8.794176722959524e-255,5.49528315112692e-68,1.6088662856928939e-25,9.18839179411989e-51,1.0,Post-Shock,1.0,-1.0000889005773955e-12,-6.213901715940501e-13,{Post-Shock}
2011-10-27,5.221702744868152e-244,3.844670444468826e-65,1.3708151180358736e-23,2.8308433139369706e-50,1.0,Post-Shock,1.0,-1.0000889002030708e-12,-6.213901713614692e-13,{Post-Shock}
2011-10-28,6.82051429425758e-235,2.9643355740133387e-63,1.1564019475316892e-22,6.84428063337952e-50,1.0,Post-Shock,1.0,-1.0000888973865843e-12,-6.213901696114876e-13,{Post-Shock}
2011-10-31,7.328529539454996e-235,3.5210135261853356e-62,6.029718188652578e-22,3.446619613951124e-49,1.0,Post-Shock,1.0,-1.000088883921114e-12,-6.213901612449207e-13,{Post-Shock}
2011-11-01,6.345377683820269e-241,5.973760260697604e-64,3.4412044389446454e-24,7.580042114382803e-49,1.0,Post-Shock,1.0,-1.000088900486757e-12,-6.213901715377333e-13,{Post-Shock}
2011-11-02,4.047997902007558e-244,4.4572556166853155e-65,1.865891544779235e-23,1.954688028971736e-49,1.0,Post-Shock,1.0,-1.000088900066276e-12,-6.213901712764738e-13,{Post-Shock}
2011-11-03,8.599707708606082e-282,5.315114235563792e-69,7.160243670033597e-32,4.5779512119639226e-45,1.0,Post-Shock,1.0,-1.000088900581841e-12,-6.213901715968123e-13,{Post-Shock}
2011-11-04,1.5602870379035792e-264,3.4163315856281504e-70,6.691807442281098e-26,1.1669409914511229e-48,1.0,Post-Shock,1.0,-1.000088900579992e-12,-6.213901715956634e-13,{Post-Shock}
2011-11-07,1.1294176547507546e-251,3.5925732654766505e-67,3.0241101442915008e-24,1.0273229443436118e-47,1.0,Post-Shock,1.0,-1.0000889004982818e-12,-6.213901715448941e-13,{Post-Shock}
2011-11-08,7.274365465835795e-250,4.472708002760261e-67,2.035108362523709e-24,1.1296191730911916e-47,1.0,Post-Shock,1.0,-1.0000889005256089e-12,-6.213901715618733e-13,{Post-Shock}
2011-11-09,6.928041575574403e-271,8.033128378350359e-71,2.323124632103667e-27,1.9169243645602627e-46,1.0,Post-Shock,1.0,-1.0000889005817768e-12,-6.213901715967724e-13,{Post-Shock}
2011-11-10,1.3503887604615804e-268,2.8654377205251272e-71,3.0755153038974325e-26,9.872578065703342e-47,1.0,Post-Shock,1.0,-1.0000889005809912e-12,-6.213901715962843e-13,{Post-Shock}
2011-11-11,1.5027759392729329e-260,2.8569388772979006e-70,1.2083100103467116e-25,1.0800084018502706e-46,1.0,Post-Shock,1.0,-1.0000889005785024e-12,-6.21390171594738e-13,{Post-Shock}
2011-11-14,4.995007818374598e-249,1.1660680100143495e-66,1.1207275156879943e-23,3.3734694210748135e-45,1.0,Post-Shock,1.0,-1.0000889002721725e-12,-6.213901714044044e-13,{Post-Shock}
2011-11-15,2.032692442775771e-246,1.4807917049175314e-66,7.613361093175306e-24,1.6662444983364423e-45,1.0,Post-Shock,1.0,-1.000088900371476e-12,-6.213901714661052e-13,{Post-Shock}
2011-11-16,1.2737693321807594e-247,2.648433885804515e-67,5.217877404026524e-24,1.1848084165716297e-44,1.0,Post-Shock,1.0,-1.0000889004376658e-12,-6.213901715072312e-13,{Post-Shock}
2011-11-17,5.684552733550349e-248,3.7942120980572276e-67,7.115294978618697e-24,2.0655960715023483e-45,1.0,Post-Shock,1.0,-1.0000889003852382e-12,-6.213901714746561e-13,{Post-Shock}
2011-11-18,3.350869656707949e-251,2.9554643991282785e-68,1.1761046099145622e-24,2.222045701530759e-46,1.0,Post-Shock,1.0,-1.000088900549344e-12,-6.213901715766209e-13,{Post-Shock}
2011-11-21,2.0745456179535007e-248,6.018621165883695e-68,8.560109616003938e-25,1.5485674960508083e-46,1.0,Post-Shock,1.0,-1.0000889005581886e-12,-6.213901715821163e-13,{Post-Shock}
2011-11-22,4.290690982236645e-252,1.2487467665026563e-68,3.3063721420074672e-25,3.0848556924026675e-48,1.0,Post-Shock,1.0,-1.000088900572705e-12,-6.213901715911358e-13,{Post-Shock}
2011-11-23,1.7132532396917646e-248,1.8105807707195942e-68,1.93170671470111e-25,1.0817353047623585e-46,1.0,Post-Shock,1.0,-1.0000889005765035e-12,-6.21390171593496e-13,{Post-Shock}
2011-11-24,1.3227035773509302e-261,6.112285441347982e-71,2.572990208237752e-27,2.46792300848424e-48,1.0,Post-Shock,1.0,-1.00008890058177e-12,-6.213901715967682e-13,{Post-Shock}
2011-11-25,1.2237540345996646e-254,1.7280327619579172e-69,6.369220206372308e-26,4.151776995782646e-48,1.0,Post-Shock,1.0,-1.000088900580081e-12,-6.213901715957187e-13,{Post-Shock}
2011-11-28,1.4744446620627207e-248,2.0915038558167195e-67,9.88309440651143e-25,3.7210514478346545e-47,1.0,Post-Shock,1.0,-1.000088900554533e-12,-6.213901715798449e-13,{Post-Shock}
2011-11-29,1.7857298047978463e-248,7.325521621942265e-68,2.55946902381283e-25,1.600465049431324e-48,1.0,Post-Shock,1.0,-1.000088900574769e-12,-6.213901715924182e-13,{Post-Shock}
2011-11-30,4.333802282937726e-237,1.7547467025499793e-65,2.500052718283111e-24,8.540451734317648e-48,1.0,Post-Shock,1.0,-1.000088900512762e-12,-6.213901715538911e-13,{Post-Shock}
2011-12-01,2.3587838945721206e-243,5.6287916377292506e-67,1.6152560331158887e-24,1.2790253078044938e-49,1.0,Post-Shock,1.0,-1.0000889005372098e-12,-6.213901715690814e-13,{Post-Shock}
2011-12-02,2.875860532537513e-220,6.718345899596047e-62,1.0055943332637055e-21,2.133573986928689e-46,1.0,Post-Shock,1.0,-1.0000888727962428e-12,-6.213901543326495e-13,{Post-Shock}
2011-12-05,5.4076770670047296e-241,1.1997463520421717e-63,3.075778238611973e-25,2.878575922501659e-46,1.0,Post-Shock,1.0,-1.0000889005733424e-12,-6.213901715915318e-13,{Post-Shock}
2011-12-06,8.543621367935338e-243,1.2149348563891977e-65,9.951148352096497e-24,3.630739294866304e-48,1.0,Post-Shock,1.0,-1.0000889003068806e-12,-6.213901714259698e-13,{Post-Shock}
2011-12-07,3.0583730264082082e-235,2.753134870597064e-64,9.26020945992536e-23,1.271265682905974e-48,1.0,Post-Shock,1.0,-1.0000888980231506e-12,-6.213901700070086e-13,{Post-Shock}
2011-12-08,1.3314052911363322e-218,2.05548729023613e-60,1.524934441254764e-20,3.2367518856834095e-45,1.0,Post-Shock,1.0,-1.0000884792268838e-12,-6.213899097942576e-13,{Post-Shock}
2011-12-09,2.7253421997841687e-225,4.165431473270098e-61,8.795141884095676e-21,3.7215267860961554e-47,1.0,Post-Shock,1.0,-1.00008865756309e-12,-6.213900206007725e-13,{Post-Shock}
2011-12-12,4.906687214909754e-221,1.1542451062685425e-59,5.692535647799588e-20,1.8122213688726522e-46,1.0,Post-Shock,1.0,-1.0000873276761174e-12,-6.213891942955375e-13,{Post-Shock}
2011-12-13,5.323461574712234e-203,1.1370858781900355e-56,8.52535594055328e-19,6.977195087625507e-43,1.0,Post-Shock,1.0,-1.0000653441535663e-12,-6.213755351649918e-13,{Post-Shock}
2011-12-14,1.015400439031358e-192,3.7043199302790834e-55,2.6253201298456808e-18,5.374650282190164e-43,1.0,Post-Shock,1.0,-1.0000163603127894e-12,-6.213450997934883e-13,{Post-Shock}
2011-12-15,8.099223227119327e-195,6.346838034000159e-55,3.8236413453997986e-18,1.2483405254614162e-44,1.0,Post-Shock,1.0,-9.999832494817067e-13,-6.213245268774242e-13,{Post-Shock}
2011-12-16,3.974400312776123e-182,2.039710965079341e-52,7.765204526107366e-17,1.3751553605622487e-42,0.9999999999999999,Post-Shock,0.9999999999999999,-9.977212567042183e-13,-6.199190717430492e-13,{Post-Shock}
2011-12-19,7.402867672268449e-186,8.504568376738319e-52,3.3125409071067923e-16,1.8915390018091303e-41,0.9999999999999997,Post-Shock,0.9999999999999997,-9.90492032307929e-13,-6.15427302075864e-13,{Post-Shock}
2011-12-20,4.6445419083571955e-175,9.466647557612775e-49,5.59299075044097e-14,4.280777066300462e-40,0.999999999999944,Post-Shock,0.999999999999944,5.982229884595892e-13,3.716968413865943e-13,{Post-Shock}
2011-12-21,2.4154625390480377e-171,5.995651486109816e-47,6.092875765793153e-13,2.7423857909887045e-40,0.9999999999993907,Post-Shock,0.9999999999993907,1.615454548948677e-11,1.0037383464550535e-11,{Post-Shock}
2011-12-22,1.5256787400757172e-184,2.0872780960258232e-48,8.059933012599445e-14,9.616211833051444e-40,0.9999999999999194,Post-Shock,0.9999999999999194,1.3013073602778487e-12,8.085477235401783e-13,{Post-Shock}
2011-12-23,4.936453088174206e-188,2.424298330103914e-48,3.4567112407130783e-13,4.4423002763745645e-41,0.9999999999996543,Post-Shock,0.9999999999996543,8.79425338708298e-12,5.4641768527638476e-12,{Post-Shock}
2011-12-26,2.445669009325838e-184,4.616781963076648e-47,3.153239173800873e-12,5.9682167020910254e-40,0.9999999999968467,Post-Shock,0.9999999999968467,8.479063458478363e-11,5.26833833910045e-11,{Post-Shock}
2011-12-27,2.1285635202064087e-191,1.6960079006445742e-48,2.6686891028132846e-13,5.998528798410209e-41,0.9999999999997331,Post-Shock,0.9999999999997331,6.577541787608298e-12,4.086856496166714e-12,{Post-Shock}
2011-12-28,1.3356498321908272e-193,3.070088267993969e-49,7.873167910544346e-14,3.503043202754147e-42,0.9999999999999213,Post-Shock,0.9999999999999213,1.2482068645774243e-12,7.755545305190722e-13,{Post-Shock}
2011-12-29,1.4699568691888223e-197,1.278709852269836e-49,7.20395257493648e-14,7.645200638405375e-42,0.999999999999928,Post-Shock,0.999999999999928,1.0575899724776443e-12,6.571175963402988e-13,{Post-Shock}
2011-12-30,2.9258021228074164e-197,2.1680501419677176e-48,1.0845336663492982e-12,1.5409245569831712e-41,0.9999999999989154,Post-Shock,0.9999999999989154,2.9254732665062e-11,1.817698740600524e-11,{Post-Shock}
2012-01-02,4.3006732920913074e-186,5.650972672561524e-46,1.1444372663062393e-10,4.686019895571865e-41,0.9999999998855563,Post-Shock,0.9999999998855563,2.7321722800876447e-09,1.6975940848538422e-09,{Post-Shock}
2012-01-03,2.104423717683508e-170,2.9853652076235194e-42,1.2077948152092062e-08,1.3388581049116103e-38,0.9999999879220518,Post-Shock,0.9999999879220518,2.3227970406063054e-07,1.443234947220379e-07,{Post-Shock}
2012-01-04,8.911908234273405e-171,2.884185345187988e-42,9.69561809707081e-09,5.237665672480298e-40,0.9999999903043818,Post-Shock,0.9999999903043818,1.8859320556165087e-07,1.1717954703603576e-07,{Post-Shock}
2012-01-05,4.811720358794023e-175,1.5846580286406e-42,3.6617037055204494e-09,2.3788879484276763e-39,0.9999999963382963,Post-Shock,0.9999999963382963,7.478953345893963e-08,4.6469349877454155e-08,{Post-Shock}
2012-01-06,9.135524588041879e-172,2.2156536295161624e-41,1.7848385018515554e-08,1.3439025626508252e-39,0.999999982151615,Post-Shock,0.999999982151615,3.3628571905081376e-07,2.0894606523976937e-07,{Post-Shock}
2012-01-09,4.96093040684946e-181,1.6846764853681955e-42,2.8968471548930276e-09,7.296542266421493e-41,0.9999999971031528,Post-Shock,0.9999999971031528,5.984582793827215e-08,3.718430358569211e-08,{Post-Shock}
2012-01-10,3.7884743940710784e-194,1.207929722450907e-45,5.91032199746555e-11,1.1757803126568866e-42,0.9999999999408968,Post-Shock,0.9999999999408968,1.4490949708958211e-09,9.003733289122176e-10,{Post-Shock}
2012-01-11,3.659590679584801e-198,4.546507829362802e-47,2.523711191712899e-12,1.0503109520204944e-42,0.9999999999974762,Post-Shock,0.9999999999974762,6.807784685922393e-11,4.229914452323518e-11,{Post-Shock}
2012-01-12,1.0563475097181407e-215,7.579195746433743e-51,4.647730018415655e-15,4.886618477019014e-42,0.9999999999999953,Post-Shock,0.9999999999999953,-8.67025988949037e-13,-5.387135361051326e-13,{Post-Shock}
2012-01-13,1.490042367279381e-218,2.9518271073643587e-51,1.2545979368200812e-14,7.444910033584785e-44,0.9999999999999875,Post-Shock,0.9999999999999875,-6.409305596595442e-13,-3.982325473433183e-13,{Post-Shock}
2012-01-16,4.130525064962827e-207,1.8701960187413986e-48,1.3758416580174645e-12,1.0950232438568857e-43,0.9999999999986242,Post-Shock,0.9999999999986242,3.720113340252779e-11,2.3114363788202996e-11,{Post-Shock}
2012-01-17,3.626452233803999e-208,6.954488541252977e-49,7.858943472105956e-13,7.836412151006919e-43,0.9999999999992141,Post-Shock,0.9999999999992141,2.104525698447015e-11,1.3076153371235975e-11,{Post-Shock}
2012-01-18,1.9987331775684953e-199,1.6988241318057627e-46,3.9697062095162706e-12,1.8741301500403392e-41,0.9999999999960303,Post-Shock,0.9999999999960303,1.062919006392783e-10,6.604287112792275e-11,{Post-Shock}
2012-01-19,2.721449635871084e-206,5.744372002730711e-48,3.4947765030998295e-13,2.2713875519442697e-42,0.9999999999996505,Post-Shock,0.9999999999996505,8.901089043063901e-12,5.530557578081387e-12,{Post-Shock}
2012-01-20,3.348225437070203e-198,4.097896266461211e-46,8.18037350686908e-12,6.469542711762722e-41,0.9999999999918197,Post-Shock,0.9999999999918197,2.15075997079157e-10,1.336342305705213e-10,{Post-Shock}
2012-01-23,1.9985994282760376e-192,8.659307834179345e-45,2.5562548291874984e-11,3.9983577284033835e-40,0.9999999999744374,Post-Shock,0.9999999999744374,6.470494508107466e-10,4.0203442817632803e-10,{Post-Shock}
2012-01-24,3.5838336120113385e-199,1.6056948080366963e-45,1.6745111210909215e-12,4.003561569795255e-40,0.9999999999983255,Post-Shock,0.9999999999983255,4.529569553455851e-11,2.8143798020797015e-11,{Post-Shock}
2012-01-25,2.1368164409064177e-195,2.3313162582461756e-45,3.8157011500837684e-12,3.645952900824552e-41,0.9999999999961843,Post-Shock,0.9999999999961843,1.0224963605574182e-10,6.353127092743847e-11,{Post-Shock}
2012-01-26,5.11231126175092e-201,3.554603721578847e-46,1.2376227528271748e-12,4.747950674906053e-42,0.9999999999987623,Post-Shock,0.9999999999987623,3.343768043595868e-11,2.07759989855016e-11,{Post-Shock}
2012-01-27,1.3724272464228613e-211,7.435711020097839e-49,4.068611094572746e-14,2.968638640995895e-42,0.9999999999999594,Post-Shock,0.9999999999999594,1.631214818241454e-13,1.013530752344723e-13,{Post-Shock}
2012-01-30,3.978175355478076e-196,5.914436066822407e-45,8.593360134885663e-12,7.023279861216349e-41,0.9999999999914067,Post-Shock,0.9999999999914067,2.2560648655213813e-10,1.401771915580967e-10,{Post-Shock}
2012-01-31,3.356157576412329e-179,3.431409590281128e-40,2.534753661643316e-09,8.479631374798812e-37,0.9999999974652464,Post-Shock,0.9999999974652464,5.270356240559093e-08,3.274656449833626e-08,{Post-Shock}
2012-02-01,4.86155512437504e-162,6.27583300076808e-35,1.5491144672072018e-06,1.0064468428542552e-35,0.9999984508855327,Post-Shock,0.9999984508855327,2.227289677055563e-05,1.3838928857386172e-05,{Post-Shock}
2012-02-02,3.771339514046384e-153,2.125484615524022e-31,0.0010151595476404715,4.284290413065725e-35,0.9989848404523596,Post-Shock,0.9989848404523596,0.008011843943655365,0.004978038532432929,{Post-Shock}
2012-02-03,4.7288490344920327e-150,3.932028199196263e-30,0.07309903642062611,9.914878906442393e-34,0.9269009635793739,Post-Shock,0.9269009635793739,0.2615824125382159,0.16253029117637777,{Post-Shock}
2012-02-06,8.98051570938417e-138,4.016138125008026e-27,0.842123990003903,3.08881720737581e-30,0.15787600999609694,Transitional,0.842123990003903,0.4361309757656504,0.27098341128677006,"{Transitional, Post-Shock}"
2012-02-07,9.726991889368228e-128,4.156513251173077e-25,0.9964582796915846,3.9725669117828133e-29,0.003541720308415419,Transitional,0.9964582796915846,0.02352187412631697,0.014614962120994581,{Transitional}
2012-02-08,2.1430620563217396e-130,2.0096084839306454e-25,0.9996171982216112,2.2484338424247372e-30,0.0003828017783887608,Transitional,0.9996171982216112,0.0033946103079052327,0.0021091899735176814,{Transitional}
2012-02-09,7.977287943681213e-128,2.5642329405561184e-25,0.999983905162013,1.1173553601507007e-29,1.6094837987016826e-05,Transitional,0.999983905162013,0.0001937336258102946,0.00012037346971483572,{Transitional}
2012-02-10,6.436986291321844e-117,2.6638819148076617e-24,0.9999985466430674,3.624162669706458e-27,1.4533569325856311e-06,Transitional,0.9999985466430674,2.0988846637016838e-05,1.3041103651692585e-05,{Transitional}
2012-02-13,5.310317634240838e-109,1.344135408877209e-23,0.9999998668404441,2.6839934217008586e-27,1.3315955589446834e-07,Transitional,0.9999998668404441,2.241302052982016e-06,1.3925992644179046e-06,{Transitional}
2012-02-14,3.1524418726165595e-103,1.6534373356302479e-22,0.9999999555791156,4.80859886552506e-27,4.4420884449811944e-08,Transitional,0.9999999555791156,7.964447391046235e-07,4.948589398519184e-07,{Transitional}
2012-02-15,3.4466355106968593e-100,3.8514550118729683e-22,0.9999999847034495,2.4050221136828843e-27,1.529655049444933e-08,Transitional,0.9999999847034495,2.905657432789358e-07,1.8053864708548255e-07,{Transitional}
2012-02-16,3.2120591324321335e-110,6.377993700006492e-23,0.9999999505901958,3.1866433678766284e-29,4.9409804200594773e-08,Transitional,0.9999999505901958,8.806347184351579e-07,5.47169115149831e-07,{Transitional}
2012-02-17,1.0426199072337122e-112,2.982409493117149e-23,0.9999998791640891,1.6373133904387155e-29,1.2083591099085417e-07,Transitional,0.9999998791640891,2.0456088679817248e-06,1.2710082521219866e-06,{Transitional}
2012-02-20,1.3212217263810043e-114,3.464749388395274e-23,0.9999998483348416,1.8491285406305354e-29,1.51665158440289e-07,Transitional,0.9999998483348416,2.533047380814376e-06,1.5738708285946965e-06,{Transitional}
2012-02-21,1.0678167357089186e-106,3.083333003423384e-22,0.9999999081562326,7.048598409468389e-28,9.184376741237197e-08,Transitional,0.9999999081562326,1.5800025722308535e-06,9.817107948210757e-07,{Transitional}
2012-02-22,1.2976305292944799e-126,6.825487180066639e-24,0.9999900540795267,1.3721018934244262e-28,9.945920473278852e-06,Transitional,0.9999900540795267,0.0001245064431345362,7.736020269724708e-05,{Transitional}
2012-02-23,7.496655808841339e-120,2.9467211047020787e-24,0.9999996929471808,1.3317298701127875e-29,3.070528191355726e-07,Transitional,0.9999996929471808,4.911690399648063e-06,3.0518048330424027e-06,{Transitional}
2012-02-24,1.0430667547027948e-119,1.2525768033893125e-24,0.9999994350929947,3.791094587417114e-30,5.649070052952391e-07,Transitional,0.9999994350929947,8.691998629825916e-06,5.400642399855121e-06,{Transitional}
2012-02-27,5.584456748307345e-126,2.809885938073637e-25,0.9999959506644387,1.4138202329225027e-30,4.049335561268888e-06,Transitional,0.9999959506644387,5.432975393957392e-05,3.375697410868498e-05,{Transitional}
2012-02-28,1.68045239713771e-130,3.479827444188504e-25,0.9999830883755424,1.6474742716669996e-31,1.691162445762783e-05,Transitional,0.9999830883755424,0.00020272811104940324,0.00012596205761227468,{Transitional}
2012-02-29,2.0985854630677165e-142,2.288750449102051e-26,0.9998417591577515,1.839255074491033e-31,0.0001582408422484992,Transitional,0.9998417591577515,0.0015430560185866165,0.0009587546103303306,{Transitional}
2012-03-01,3.925439104418338e-146,2.9917377126008445e-27,0.9997637217994398,1.3069043546810218e-33,0.00023627820056019899,Transitional,0.9997637217994398,0.0022092915455991873,0.0013727100179079747,{Transitional}
2012-03-02,7.62150726076823e-135,2.423326601867336e-25,0.9999960990326562,1.1155772560373759e-33,3.900967343852626e-06,Transitional,0.9999960990326562,5.248472070698407e-05,3.261059050585345e-05,{Transitional}
2012-03-05,5.28496366882052e-140,1.7992031839409332e-25,0.9999744942956769,3.8139932315786134e-33,2.550570432310777e-05,Transitional,0.9999744942956769,0.0002952692244545164,0.0001834610842539143,{Transitional}
2012-03-06,2.7516903554826106e-129,1.701799007866327e-24,0.9999975158987932,1.9634796076276636e-32,2.484101206877777e-06,Transitional,0.9999975158987932,3.4542911790546645e-05,2.1462717836877744e-05,{Transitional}
2012-03-07,1.0317052186428613e-116,1.6884328827815756e-22,0.9999999759397663,6.0008589036307444e-30,2.4060233713832708e-08,Transitional,0.9999999759397663,4.461398256491397e-07,2.7720225937414484e-07,{Transitional}
2012-03-08,3.120753032241757e-117,3.575378953653188e-22,0.9999999939648802,2.383199930631588e-33,6.035119834630313e-09,Transitional,0.9999999939648802,1.2025180709608056e-07,7.471664869271829e-08,{Transitional}
2012-03-09,6.0601919333309324e-120,4.905744728284571e-22,0.9999999736367884,8.551332479611973e-33,2.6363211586245492e-08,Transitional,0.9999999736367884,4.864334280958357e-07,3.0223808221353374e-07,{Transitional}
2012-03-12,1.856495218574725e-110,2.488456021603541e-21,0.9999999954560378,1.8449525336615852e-31,4.543962229808605e-09,Transitional,0.9999999954560378,9.182905241223186e-08,5.705659827122525e-08,{Transitional}
2012-03-13,4.833594606706496e-103,8.1728895018112e-20,0.9999999993288725,3.0835702703950733e-31,6.711275068101374e-10,Transitional,0.9999999993288725,1.4844725045276697e-08,9.223546264562428e-09,{Transitional}
2012-03-14,1.3788961974028835e-99,4.385649243508125e-19,0.9999999998318969,7.40565642067112e-31,1.6810307405961234e-10,Transitional,0.9999999998318969,3.949508470866012e-09,2.453967587288166e-09,{Transitional}
2012-03-15,5.53935836249249e-125,1.3276308352819792e-18,0.9999629996200465,5.203400157549316e-25,3.7000379953487636e-05,Transitional,0.9999629996200465,0.00041457311862299354,0.00025758876152979186,{Transitional}
2012-03-16,1.355659199659658e-127,8.021996325051867e-23,0.9999987216249329,3.943270497187578e-31,1.278375067146198e-06,Transitional,0.9999987216249329,1.8625820619541556e-05,1.1572873035761923e-05,{Transitional}
2012-03-19,6.732961560297778e-121,1.907925090445715e-21,0.9999998644373195,2.372853403076684e-31,1.355626805104799e-07,Transitional,0.9999998644373195,2.2793260880329476e-06,1.4162249257479676e-06,{Transitional}
2012-03-20,1.5397653968633722e-130,6.861987220272004e-22,0.9999988254763802,2.4343808085090095e-30,1.1745236198456071e-06,Transitional,0.9999988254763802,1.721222743572325e-05,1.0694558207400262e-05,{Transitional}
2012-03-21,8.340187978022913e-141,3.487943570372147e-23,0.999988300249762,2.0710160360346442e-30,1.1699750238013183e-05,Transitional,0.999988300249762,0.00014456137735646598,8.982103393962714e-05,{Transitional}
2012-03-22,5.730367959419601e-133,1.7609830093126703e-22,0.9999999917044587,9.984118330495438e-32,8.295541188974867e-09,Transitional,0.9999999917044587,1.6265321944609432e-07,1.010621274604492e-07,{Transitional}
2012-03-23,5.468241428981065e-143,5.948405537201828e-21,0.999997102040314,1.338298868150884e-27,2.897959685985742e-06,Transitional,0.999997102040314,3.9851296928290625e-05,2.4761002969055115e-05,{Transitional}
2012-03-26,7.951548366731383e-150,1.08387874303563e-24,0.9999984822266981,2.7050016011123714e-31,1.517773301969688e-06,Transitional,0.9999984822266981,2.1853300926836563e-05,1.35782193012875e-05,{Transitional}
2012-03-27,6.102409989991896e-154,1.5433001360240382e-25,0.9999968899879877,5.716315048244718e-31,3.11001201226342e-06,Transitional,0.9999968899879877,4.254770664687568e-05,2.6436376525098063e-05,{Transitional}
2012-03-28,1.985948190610718e-146,1.2173032019784573e-24,0.9999999964078371,8.515659660086331e-31,3.592162876892521e-09,Transitional,0.9999999964078371,7.343801486161912e-08,4.5629604158231914e-08,{Transitional}
2012-03-29,8.288904304126066e-151,4.972314928008674e-25,0.9999999958654093,2.3632228937512063e-30,4.134590705974943e-09,Transitional,0.9999999958654093,8.394622328941099e-08,5.2158721154052745e-08,{Transitional}
2012-03-30,7.177924455921339e-166,2.191583193216966e-26,0.9999960654426052,5.35145872831692e-29,3.9345573947976025e-06,Transitional,0.9999960654426052,5.2902916473000784e-05,3.2870430144764556e-05,{Transitional}
2012-04-02,5.76968083594198e-173,1.7672579982839002e-27,0.9999884007957206,1.383818854192237e-29,1.159920427945012e-05,Transitional,0.9999884007957206,0.00014341915106539854,8.911132884181449e-05,{Transitional}
2012-04-03,1.6815375125774928e-177,6.673307390088293e-28,0.9999545396269782,4.130422876083971e-28,4.5460373021789816e-05,Transitional,0.9999545396269782,0.0005000025844242118,0.0003106690730728544,{Transitional}
2012-04-04,9.008021629418726e-155,1.0065240244092275e-24,0.9999999696712002,2.1612993615235483e-26,3.032879983955899e-08,Transitional,0.9999999696712002,5.553537512560733e-07,3.4506068669412724e-07,{Transitional}
2012-04-05,5.513288259577722e-140,1.285497487749183e-22,0.9999999997057287,6.866301379348904e-26,2.942712464429645e-10,Transitional,0.9999999997057287,6.750502541722123e-09,4.194323055005409e-09,{Transitional}
2012-04-06,2.5843225500779045e-131,1.748523840932806e-21,0.9999999157293351,2.7816592462209984e-22,8.427066491821004e-08,Transitional,0.9999999157293351,1.4569730744359968e-06,9.052682698598065e-07,{Transitional}
2012-04-09,8.833608286912273e-185,6.53751934130135e-11,9.381446022815851e-09,0.0031010239115196007,0.9968989666416592,Post-Shock,0.9968989666416592,0.02100798033046838,0.013052992083861185,{Post-Shock}
2012-04-10,4.0308573113422546e-157,4.717271583230973e-23,0.9988812892869753,4.7181082711215775e-21,0.0011187107130247555,Transitional,0.9988812892869753,0.008720371084531695,0.0054182711971430325,{Transitional}
2012-04-11,2.227024175756831e-146,1.2846483353408042e-22,0.9999999778107332,3.297520520781263e-24,2.2189266788970655e-08,Transitional,0.9999999778107332,4.1324329669821143e-07,2.5676249671118144e-07,{Transitional}
2012-04-12,2.1319137965895528e-144,5.979285150684497e-21,0.999999998248815,6.625693365149211e-23,1.7511849695627939e-09,Transitional,0.999999998248815,3.70582808076686e-08,2.302560448052449e-08,{Transitional}
2012-04-13,4.317679807622646e-141,4.513169407732716e-22,0.999999999975568,4.41834548131067e-25,2.4431995016071406e-11,Transitional,0.999999999975568,6.194508722931341e-10,3.8488646719914896e-10,{Transitional}
2012-04-16,9.209912367948108e-139,6.018782927040785e-22,0.9999999999968181,4.6904751722203455e-25,3.18187206116112e-12,Transitional,0.9999999999968181,8.554780332389231e-11,5.3153838779969173e-11,{Transitional}
2012-04-17,2.257163223175296e-130,4.080170545758765e-21,0.9999999999997183,1.21474397462324e-24,2.817156353850172e-13,Transitional,0.9999999999997183,6.9958548001971645e-12,4.346768984469051e-12,{Transitional}
2012-04-18,1.8106626233796316e-131,3.695906971740343e-21,0.9999999999999516,2.102789681834969e-25,4.8396162802846656e-14,Transitional,0.9999999999999516,3.832650449378675e-13,2.3813596161545663e-13,{Transitional}
2012-04-19,1.8483274972788563e-120,7.922180376677545e-20,0.9999999999999969,7.421707531364762e-24,3.076408086723895e-15,Transitional,0.9999999999999969,-9.119832398815143e-13,-5.666470466712435e-13,{Transitional}
2012-04-20,2.5307790191252404e-101,4.407222166940493e-17,0.9999999999999999,2.908634843394991e-20,4.028547484540435e-17,Transitional,0.9999999999999999,-9.97535166562922e-13,-6.198034474372846e-13,{Transitional}
2012-04-23,2.5389584398659424e-91,2.635089887020694e-16,0.9999999999999998,2.2493482517733313e-21,2.8717509867302152e-18,Transitional,0.9999999999999998,-9.92506491417996e-13,-6.166789558951906e-13,{Transitional}
2012-04-24,1.7536063878499702e-94,4.697246564987437e-16,0.9999999999999996,4.0021350520455474e-21,9.483360826210623e-18,Transitional,0.9999999999999996,-9.864039146226672e-13,-6.128872117414199e-13,{Transitional}
2012-04-25,7.927868779807042e-95,1.1360427392268846e-16,0.9999999999999999,1.2767867277213843e-21,2.176006810025125e-18,Transitional,0.9999999999999999,-9.966677062261942e-13,-6.192644640257309e-13,{Transitional}
2012-04-26,3.7284106511445154e-92,3.6307427976694704e-16,0.9999999999999997,8.923907391798134e-22,8.946014995592096e-19,Transitional,0.9999999999999997,-9.895880866703158e-13,-6.148656490722721e-13,{Transitional}
2012-04-27,7.263382794562605e-97,8.913867639613846e-16,0.9999999999999991,7.303826052518438e-22,7.142345494061933e-19,Transitional,0.9999999999999991,-9.745518346704796e-13,-6.055231004199321e-13,{Transitional}
2012-04-30,2.276061268229238e-93,5.138812653400498e-16,0.9999999999999994,3.6162951780049244e-22,6.375968548991081e-19,Transitional,0.9999999999999994,-9.852063392355543e-13,-6.121431163166378e-13,{Transitional}
2012-05-01,1.2406216522296634e-98,4.700065214482546e-17,1.0,4.2887430172373093e-23,7.487912981584805e-18,Transitional,1.0,-9.98583326968311e-13,-6.20454706114175e-13,{Transitional}
2012-05-02,7.384498944637661e-103,1.679398106495663e-17,0.9999999999999999,2.0919163894221824e-24,5.002812275439812e-17,Transitional,0.9999999999999999,-9.980204957422565e-13,-6.201049994111664e-13,{Transitional}
2012-05-03,1.4256844468372177e-107,6.501797324054392e-17,0.9999999999999999,3.7284401973062045e-25,7.182635082592084e-17,Transitional,0.9999999999999999,-9.960857169447773e-13,-6.189028537536472e-13,{Transitional}
2012-05-04,5.307584256487253e-120,2.015771312023665e-18,0.9999999999999922,1.4182859170288937e-25,7.770667232465658e-15,Transitional,0.9999999999999922,-7.776103210732415e-13,-4.831564579569212e-13,{Transitional}
2012-05-07,6.764271226044593e-127,9.111342540857353e-20,0.9999999999997626,9.594237567006648e-26,2.3734148129301175e-13,Transitional,0.9999999999997626,5.7447213259485776e-12,3.569396049121466e-12,{Transitional}
2012-05-08,2.784813688812413e-111,3.45427132769249e-18,0.999999999999995,8.189398969952909e-25,4.987492435875233e-15,Transitional,0.999999999999995,-8.571017340568183e-13,-5.325472498411231e-13,{Transitional}
2012-05-09,4.638616572115062e-99,1.484516440224244e-16,0.9999999999999996,4.799838832798168e-24,2.7329692167587705e-16,Transitional,0.9999999999999996,-9.87991564432202e-13,-6.138736740319308e-13,{Transitional}
2012-05-10,4.700428282782835e-98,4.0420426512365973e-16,0.9999999999999994,1.9801243180805844e-24,2.027979776411122e-16,Transitional,0.9999999999999994,-9.82650879396031e-13,-6.105553198444779e-13,{Transitional}
2012-05-11,1.4421004911043814e-85,8.793731785833e-14,0.9999999999999121,3.0530811347754075e-21,3.041191487615965e-17,Transitional,0.9999999999999121,1.5110673773225376e-12,9.388789500038632e-13,{Transitional}
2012-05-14,2.0392633460825356e-87,8.395662553973184e-14,0.999999999999916,5.032262416567872e-22,3.881811238775603e-17,Transitional,0.999999999999916,1.3981774883678195e-12,8.687365182377415e-13,{Transitional}
2012-05-15,4.4969987557507045e-81,1.3893189233023646e-12,0.9999999999986107,2.2902133631288767e-21,9.3102759061873e-18,Transitional,0.9999999999986107,3.756780464553814e-11,2.334218944098372e-11,{Transitional}
2012-05-16,9.901041415472327e-87,6.768393097782802e-13,0.9999999999993231,3.1239052250150145e-23,1.4223945714779793e-17,Transitional,0.9999999999993231,1.802921393009975e-11,1.1202180457419769e-11,{Transitional}
2012-05-17,1.6586886296190252e-76,8.192215632148994e-12,0.9999999999918078,3.9248093475117594e-22,7.641604346236554e-19,Transitional,0.9999999999918078,2.1537829215715708e-10,1.3382205706302817e-10,{Transitional}
2012-05-18,1.4236899482860648e-78,9.425445220869363e-11,0.9999999999057455,2.928636291282885e-21,4.627505501338196e-19,Transitional,0.9999999999057455,2.268125997679594e-09,1.4092659183412047e-09,{Transitional}
2012-05-21,3.321054743589557e-76,8.500131225341512e-11,0.9999999999149987,3.8356232654395754e-24,7.716849812633044e-20,Transitional,0.9999999999149987,2.054047754887986e-09,1.2762516273656444e-09,{Transitional}
2012-05-22,2.7006318271277944e-76,1.8877487244525546e-10,0.9999999998112251,1.6430487814870203e-23,2.169847283453575e-19,Transitional,0.9999999998112251,4.413534908008016e-09,2.742283423243723e-09,{Transitional}
2012-05-23,7.536740424512213e-68,2.8437809696721323e-09,0.999999997156219,2.0557657378085326e-22,3.24645052312867e-20,Transitional,0.999999997156219,5.880207661475081e-08,3.653578442539548e-08,{Transitional}
2012-05-24,6.448608270004795e-69,1.8450689380866375e-09,0.999999998154931,1.0379218726138388e-22,7.439522648953775e-20,Transitional,0.999999998154931,3.8948787941820396e-08,2.4200242607007176e-08,{Transitional}
2012-05-25,1.419160233686079e-72,1.7381306925147356e-09,0.9999999982618694,6.541968285004962e-22,1.4190311313634206e-19,Transitional,0.9999999982618694,3.679501893944838e-08,2.286203068486184e-08,{Transitional}
2012-05-28,2.0624176361156463e-70,4.359188985010143e-10,0.9999999995640811,1.3485695548438072e-22,3.686411507542554e-19,Transitional,0.9999999995640811,9.829526305100277e-09,6.107428083531464e-09,{Transitional}
2012-05-29,3.8159604662667424e-66,4.980110488067839e-09,0.9999999950198895,8.836264402744786e-21,2.797751893011996e-20,Transitional,0.9999999950198895,1.0018693547138769e-07,6.224964299484273e-08,{Transitional}
2012-05-30,2.348452676747714e-63,1.980039975337405e-08,0.9999999801996002,1.6495319907793696e-19,1.018925958632785e-20,Transitional,0.9999999801996002,3.7100925172709125e-07,2.305210091428628e-07,{Transitional}
2012-05-31,1.6828681695796168e-65,5.091042363333692e-09,0.9999999949089576,7.024533489069272e-20,2.5350491762220127e-20,Transitional,0.9999999949089576,1.0230648391561528e-07,6.35665924887328e-08,{Transitional}
2012-06-01,9.38504708110607e-72,8.202742286835983e-11,0.9999999999179726,1.3014658603396547e-21,2.648597211205529e-19,Transitional,0.9999999999179726,1.9850356635377697e-09,1.2333720041027359e-09,{Transitional}
2012-06-04,6.268275845435797e-66,2.574324580544431e-10,0.9999999997425676,1.3117671501777077e-20,5.126826033923475e-20,Transitional,0.9999999997425676,5.9396109360922945e-09,3.6904877722864607e-09,{Transitional}
2012-06-05,5.21487698669344e-62,9.820234135978247e-10,0.9999999990179765,6.77716885605567e-20,1.8954355858650137e-20,Transitional,0.9999999990179765,2.1348570284047883e-08,1.3264612520380166e-08,{Transitional}
2012-06-06,1.9195228486878045e-66,2.5789213211824143e-10,0.9999999997421078,1.784061554763589e-21,5.227322114359848e-19,Transitional,0.9999999997421078,5.94976032905539e-09,3.6967939446990052e-09,{Transitional}
2012-06-07,1.1009240126674988e-65,1.347516834433704e-10,0.9999999998652483,1.2753131540431133e-22,2.051603374675574e-18,Transitional,0.9999999998652483,3.1953360898821776e-09,1.985373940302909e-09,{Transitional}
2012-06-08,5.751393030599187e-58,2.116418266348901e-09,0.9999999978835817,1.192432689204765e-20,3.289091590130686e-19,Transitional,0.9999999978835817,4.438678485461873e-08,2.7579060062956102e-08,{Transitional}
2012-06-11,5.888122068377208e-58,2.5633174083213197e-09,0.9999999974366826,1.988889678771968e-21,8.019777897381554e-19,Transitional,0.9999999974366826,5.326876923387994e-08,3.3097747246003857e-08,{Transitional}
2012-06-12,4.121506801527238e-57,1.6428622442336434e-08,0.9999999835713775,2.9989666285261934e-19,2.7192836083720494e-19,Transitional,0.9999999835713775,3.108972062834994e-07,1.9317129532092423e-07,{Transitional}
2012-06-13,2.03687075566531e-65,4.3024507852604743e-10,0.9999999995697549,3.013310179646765e-21,1.2480000128181674e-18,Transitional,0.9999999995697549,9.707198236873213e-09,6.031421381264797e-09,{Transitional}
2012-06-14,3.6397411552302e-59,3.409325948050817e-09,0.9999999965906741,3.565129616045625e-20,3.7819460648078566e-19,Transitional,0.9999999965906741,6.987810599312754e-08,4.3417708414389527e-08,{Transitional}
2012-06-15,2.2675209768378438e-63,4.24533544276685e-09,0.9999999957546646,9.447649446044365e-20,2.882984383206672e-19,Transitional,0.9999999957546646,8.608255606090292e-08,5.3486099336825234e-08,{Transitional}
2012-06-18,3.7452727666559955e-62,1.6276025722162425e-08,0.9999999837239743,2.013781592335188e-18,1.0133158745001854e-19,Transitional,0.9999999837239743,3.0816131508632915e-07,1.9147139054296826e-07,{Transitional}
2012-06-19,3.128249523679782e-70,9.996612764938251e-10,0.9999999990003388,8.597247844374094e-20,3.3593442724397677e-18,Transitional,0.9999999990003388,2.1714246905144653e-08,1.3491820179819306e-08,{Transitional}
2012-06-20,6.141360369219512e-61,2.1569209733668417e-08,0.9999999784307902,8.288552194616646e-19,7.407450704032087e-20,Transitional,0.9999999784307902,4.023068785516251e-07,2.499673180577557e-07,{Transitional}
2012-06-21,5.73238102759012e-58,1.2793073936541148e-07,0.9999998720692607,7.879876364132683e-19,2.536129452585897e-20,Transitional,0.9999998720692607,2.1584168745934613e-06,1.3410998075278902e-06,{Transitional}
2012-06-22,4.7305170574376e-62,2.3346221107328836e-08,0.9999999766537789,8.326419912119129e-20,4.004243632765942e-20,Transitional,0.9999999766537789,4.336034119128466e-07,2.69412947565693e-07,{Transitional}
2012-06-25,3.1222090003368306e-66,9.233875429421418e-09,0.9999999907661246,4.173838014310531e-20,1.1071645212443601e-19,Transitional,0.9999999907661246,1.8006214446516607e-07,1.1187890074792734e-07,{Transitional}
2012-06-26,7.801608759850105e-86,1.0593313782176284e-08,0.9999999894066829,3.5637305069162705e-17,3.228401029776499e-15,Transitional,0.9999999894066829,2.0511688178701695e-07,1.2744628432220783e-07,{Transitional}
2012-06-27,3.771539828360526e-77,5.1403390307258226e-11,0.9999999999485966,3.0293649374889726e-20,1.1470710199758773e-17,Transitional,0.9999999999485966,1.2672273935548996e-09,7.87372649646581e-10,{Transitional}
2012-06-28,4.8236507325015305e-77,5.729945187329853e-11,0.9999999999427005,2.3308729184799148e-20,1.3960688761043596e-17,Transitional,0.9999999999427005,1.4065860388715721e-09,8.739610444147319e-10,{Transitional}
2012-06-29,4.6490829328298644e-76,1.0060097416705751e-10,0.999999999899399,2.0521345481162568e-20,6.4325787870909154e-18,Transitional,0.999999999899399,2.4144263680251564e-09,1.5001674493759119e-09,{Transitional}
2012-07-02,2.1548546309485076e-71,1.732258426684873e-10,0.9999999998267741,3.460601870909387e-21,3.761620435038407e-18,Transitional,0.9999999998267741,4.064726527177491e-09,2.525556590766545e-09,{Transitional}
2012-07-03,6.390113493797344e-61,2.4287227933528366e-08,0.9999999757127721,3.944575824664788e-18,1.7896805638446295e-19,Transitional,0.9999999757127721,4.501208510382128e-07,2.7967580952374474e-07,{Transitional}
2012-07-04,7.560862428159845e-54,9.221665841667673e-07,0.9999990778334158,1.5718007012363722e-17,5.714514033230571e-21,Transitional,0.9999990778334158,1.3737088939421345e-05,8.535333257214929e-06,{Transitional}
2012-07-05,1.6592649910871583e-54,2.058399183698659e-06,0.9999979416008163,2.419217528697494e-18,4.0288395507915554e-21,Transitional,0.9999979416008163,2.9010213509229748e-05,1.8025059112317632e-05,{Transitional}
2012-07-06,3.637546133577398e-58,8.94368099518137e-07,0.9999991056319005,2.793887149656076e-18,3.006463256222389e-21,Transitional,0.9999991056319005,1.3350362947704881e-05,8.295046888459279e-06,{Transitional}
2012-07-09,6.460423518777246e-73,2.2646005352590006e-07,0.9999997735399464,5.269954794800093e-17,1.0595881930574342e-18,Transitional,0.9999997735399464,3.6914547525991385e-06,2.293629797135954e-06,{Transitional}
2012-07-10,6.840162022060067e-75,1.2581043750555784e-09,0.9999999987418956,7.555482376054735e-20,1.082302749044416e-18,Transitional,0.9999999987418956,2.703926779488449e-08,1.6800441685874374e-08,{Transitional}
2012-07-11,4.019170945769678e-74,1.8187217874758927e-09,0.9999999981812782,3.6510039397175076e-20,1.0971328347537218e-18,Transitional,0.9999999981812782,3.841873802361487e-08,2.3870904075765616e-08,{Transitional}
2012-07-12,1.1957499888196556e-77,5.090721162894732e-10,0.9999999994909279,1.3355624211973861e-20,8.606174369483015e-18,Transitional,0.9999999994909279,1.1400418130724197e-08,7.083478053205731e-09,{Transitional}
2012-07-13,3.5102774909999056e-75,2.773455052710976e-10,0.9999999997226545,9.126693669554842e-23,1.144001843309219e-18,Transitional,0.9999999997226545,6.378545147083485e-09,3.963212931548647e-09,{Transitional}
2012-07-16,2.9237386975054966e-98,3.2848810254534616e-12,0.9999999999966623,2.6965065762263397e-19,5.2778847926597196e-14,Transitional,0.9999999999966623,8.977812222197878e-11,5.578228369567802e-11,{Transitional}
2012-07-17,2.984376508287228e-101,3.432630100194005e-15,0.9999999999999633,4.561315646847125e-24,3.3344343450745365e-14,Transitional,0.9999999999999633,5.1850363560990537e-14,3.221644225006014e-14,{Transitional}
2012-07-18,1.0075978742351953e-87,1.4423213963025623e-12,0.9999999999985574,5.83066006036471e-22,3.2661081862397523e-16,Transitional,0.9999999999985574,3.901656395884849e-11,2.4242354214112034e-11,{Transitional}
2012-07-19,4.9048668931488215e-89,9.322978889420266e-13,0.999999999999066,1.7176292612471106e-22,1.7029325083701923e-15,Transitional,0.999999999999066,2.512733242016447e-11,1.5612489444940504e-11,{Transitional}
2012-07-20,2.0459614624513868e-79,6.15860054339377e-11,0.9999999999384139,1.2709119644059271e-20,2.823481347331166e-17,Transitional,0.9999999999384139,1.5075180093200857e-09,9.366736036683317e-10,{Transitional}
2012-07-23,1.3141093447250083e-71,7.077798239666688e-10,0.9999999992922202,6.788613191892965e-19,9.685934579074416e-19,Transitional,0.9999999992922202,1.561791448572264e-08,9.70395587494409e-09,{Transitional}
2012-07-24,1.0823859720480628e-85,1.3825363154730426e-11,0.9999999999861738,1.2109222212031092e-20,8.025983937499439e-16,Transitional,0.9999999999861738,3.5757939017046056e-10,2.2217656699142903e-10,{Transitional}
2012-07-25,2.5245053627906094e-82,1.870844774651429e-12,0.9999999999981287,4.161944565004593e-21,4.53551736822619e-16,Transitional,0.9999999999981287,5.060418176223563e-11,3.1442145963681376e-11,{Transitional}
2012-07-26,4.448465385369581e-92,3.447831643807079e-14,0.9999999999998446,5.991273664575202e-23,1.2098445199619227e-13,Transitional,0.9999999999998446,3.4359513370096807e-12,2.1348765991309207e-12,{Transitional}
2012-07-27,2.9682215594995516e-93,1.429818627868563e-14,0.9999999999997912,1.334017716989957e-23,1.9455992218636104e-13,Transitional,0.9999999999997912,4.9450264429096844e-12,3.072517681300839e-12,{Transitional}
2012-07-30,1.3656872428623277e-87,5.737369931693952e-14,0.9999999999999163,5.351107650808121e-24,2.6359257629026328e-14,Transitional,0.9999999999999163,1.3933624312456517e-12,8.657447550358386e-13,{Transitional}
2012-07-31,1.0299316917206454e-88,3.084049451515268e-14,0.9999999999999054,1.3060559889622709e-24,6.371335249148761e-14,Transitional,0.9999999999999054,1.7022493646058746e-12,1.0576669975615319e-12,{Transitional}
2012-08-01,3.1558165033750324e-102,2.793600399090091e-16,0.9999999999974268,5.048704915380306e-25,2.5728305106797785e-12,Transitional,0.9999999999974268,6.939470444114379e-11,4.3117354142721684e-11,{Transitional}
2012-08-02,2.334219493433685e-77,3.378700669963604e-12,0.9999999999966193,1.60002324979239e-21,2.0005228687037638e-15,Transitional,0.9999999999966193,9.080348127384281e-11,5.641937509506806e-11,{Transitional}
2012-08-03,3.0468174300761977e-78,1.1853576142533967e-12,0.9999999999988132,1.4619371587705577e-23,1.5129083997160214e-15,Transitional,0.9999999999988132,3.2054604458739146e-11,1.991664556370493e-11,{Transitional}
2012-08-06,1.1559898014917963e-84,8.531660783190055e-14,0.9999999999998327,2.7454420510121e-25,8.195042431771629e-14,Transitional,0.9999999999998327,3.775651754232066e-12,2.3459443356356646e-12,{Transitional}
2012-08-07,2.0368680958472546e-78,7.995193282729548e-14,0.999999999999902,1.4899425919578744e-24,1.8065974062780057e-14,Transitional,0.999999999999902,1.7999165780635804e-12,1.1183510492438953e-12,{Transitional}
2012-08-08,1.7431625404361715e-85,6.958729324466646e-15,0.9999999999994398,1.0028610309860444e-25,5.532375368635527e-13,Transitional,0.9999999999994398,1.4795262802440317e-11,9.192813645146514e-12,{Transitional}
2012-08-09,8.932230141905097e-87,4.2843096545209576e-15,0.9999999999992697,6.233438052010822e-26,7.260074648875917e-13,Transitional,0.9999999999992697,1.9512642131472677e-11,1.2123886221843701e-11,{Transitional}
2012-08-10,1.1678178741063045e-83,1.0234573381452662e-14,0.9999999999997871,8.699845313843799e-24,2.0268541664294194e-13,Transitional,0.9999999999997871,5.058537409115025e-12,3.1430460100598327e-12,{Transitional}
2012-08-13,4.3014712635562415e-65,1.6324014976015316e-11,0.9999999999836752,1.1974164646617338e-19,8.684488470581159e-16,Transitional,0.9999999999836752,4.1984043360718433e-10,2.6086152834079895e-10,{Transitional}
2012-08-14,5.171718244097761e-60,3.424621364035035e-11,0.9999999999657537,3.5655562886523134e-22,8.149701241628044e-17,Transitional,0.9999999999657537,8.575091218263286e-10,5.328003740942321e-10,{Transitional}
2012-08-15,1.0608982731816187e-68,3.471492761550655e-12,0.9999999999965241,3.962952218419288e-24,4.3681220206337426e-15,Transitional,0.9999999999965241,9.331814266120068e-11,5.798182206362165e-11,{Transitional}
2012-08-16,6.273494993077409e-70,1.4610476205131677e-12,0.9999999999985386,8.441936401873892e-25,3.897796472090138e-16,Transitional,0.9999999999985386,3.952661552997484e-11,2.4559267073679853e-11,{Transitional}
2012-08-17,2.91763606019659e-69,2.009500281639588e-12,0.9999999999979837,6.384262198365605e-25,6.796207404225948e-15,Transitional,0.9999999999979837,5.451456773439601e-11,3.387180537579647e-11,{Transitional}
2012-08-20,5.500265480527836e-71,9.92477902678483e-13,0.9999999999989716,1.9279182987577345e-25,3.5924458743507606e-14,Transitional,0.9999999999989716,2.7758767682499982e-11,1.7247492101461594e-11,{Transitional}
2012-08-21,6.495734496766428e-79,3.844379991549123e-13,0.9999999999990641,5.182526431440918e-168,5.51516499373611e-13,Transitional,0.9999999999990641,2.5429907981283124e-11,1.58004902114075e-11,{Transitional}
2012-08-22,1.0050615624897684e-76,7.344059617178123e-14,0.9999999999999009,3.606959997299016e-26,2.566789364651662e-14,Transitional,0.9999999999999009,1.8317786239339327e-12,1.138148051429686e-12,{Transitional}
2012-08-23,1.5919404231149585e-66,9.253443274169593e-12,0.9999999999907458,0.0,6.770700103990816e-16,Transitional,0.9999999999907458,2.4241652909070866e-10,1.506218582387437e-10,{Transitional}
2012-08-24,1.581482194268929e-72,4.840169647559904e-12,0.9999999999951541,0.0,5.7811509745811696e-15,Transitional,0.9999999999951541,1.292027220549946e-10,8.027816485296379e-11,{Transitional}
2012-08-27,8.51944145410662e-61,4.807419405731517e-11,0.9999999999519256,0.0,2.465051580246547e-16,Transitional,0.9999999999519256,1.1882514762727532e-09,7.383021532502933e-10,{Transitional}
2012-08-28,3.4536377025415953e-69,6.395718772415824e-12,0.9999999999935998,0.0,4.5028883131220744e-15,Transitional,0.9999999999935998,1.6944767350505184e-10,1.0528375912853986e-10,{Transitional}
2012-08-29,1.2615469977527873e-47,6.1533507578181305e-09,0.9999999938466492,0.0,4.495762882412463e-17,Transitional,0.9999999938466492,1.2248825723311489e-07,7.610623329225833e-08,{Transitional}
2012-08-30,2.2723634310194714e-42,2.008182459698759e-08,0.9999999799181754,0.0,1.74260001540789e-17,Transitional,0.9999999799181754,3.759990527809625e-07,2.3362134685413538e-07,{Transitional}
2012-08-31,1.2525701873238785e-43,1.786804379986655e-08,0.9999999821319562,0.0,1.0724582889565365e-17,Transitional,0.9999999821319562,3.366364478269569e-07,2.0916398528094244e-07,{Transitional}
2012-09-03,2.7501737274944725e-38,3.482789269235192e-08,0.9999999651721073,0.0,1.987383042444027e-18,Transitional,0.9999999651721073,6.329199736568406e-07,3.9325529041354433e-07,{Transitional}
2012-09-04,2.2025091737711587e-44,1.906953177017824e-09,0.9999999980930467,0.0,6.421958426939287e-17,Transitional,0.9999999980930467,4.019230175302209e-08,2.4972881179514154e-08,{Transitional}
2012-09-05,3.424012883955437e-49,1.6040288869729813e-10,0.9999999998395962,0.0,9.138270603538187e-16,Transitional,0.9999999998395962,3.776051845383782e-09,2.346192926245234e-09,{Transitional}
2012-09-06,5.842133153709009e-43,4.939922175424786e-10,0.9999999995060076,0.0,1.9383176908533884e-16,Transitional,0.9999999995060076,1.1077511692964149e-08,6.882845002831215e-09,{Transitional}
2012-09-07,2.4150003872303277e-42,5.788125961947651e-09,0.999999994211874,0.0,1.0921986931091434e-17,Transitional,0.999999994211874,1.1557215820441344e-07,7.180901935485234e-08,{Transitional}
2012-09-10,2.0221971980932596e-34,9.818019875094503e-07,0.9999990181980125,0.0,2.9053919459476557e-19,Transitional,0.9999990181980125,1.4563926644806175e-05,9.049076408781631e-06,{Transitional}
2012-09-11,5.580606849000871e-57,0.00013286540194868798,0.9998671345970991,0.0,9.522341262895409e-13,Transitional,0.9998671345970991,0.0013188362903168729,0.0008194390601388755,{Transitional}
2012-09-12,2.822882419971685e-54,4.4697438122050306e-10,0.9999999995530255,1.493820671381658e-23,9.599313940898515e-17,Transitional,0.9999999995530255,1.0067675080953531e-08,6.255398237591697e-09,{Transitional}
2012-09-13,2.272376513396751e-64,1.2823143719348211e-11,0.999999999987174,1.9681070377890866e-248,2.8578638510560307e-15,Transitional,0.999999999987174,3.3254350704645644e-10,2.0662089818893384e-10,{Transitional}
2012-09-14,1.8236763919775473e-58,6.29316282456658e-11,0.999999999937068,0.0,3.813905279136665e-16,Transitional,0.999999999937068,1.5391496842713159e-09,9.563274683541652e-10,{Transitional}
2012-09-17,1.489521018286125e-60,5.107845422732158e-11,0.9999999999489211,0.0,4.92393625848893e-16,Transitional,0.9999999999489211,1.2595419662098444e-09,7.825974251500786e-10,{Transitional}
2012-09-18,6.412364873892433e-68,6.543932396375956e-12,0.9999999999934533,1.5523073133240512e-165,2.7736065610863344e-15,Transitional,0.9999999999934533,1.732152289512768e-10,1.0762467294516975e-10,{Transitional}
2012-09-19,1.9157400013142651e-72,2.555725797375255e-12,0.999999999997431,5.855258084185879e-21,1.3212165863834605e-14,Transitional,0.999999999997431,6.930908354445668e-11,4.306415488848166e-11,{Transitional}
2012-09-20,3.159512535018011e-66,9.674041689824527e-12,0.9999999999903251,0.0,8.829902440488591e-16,Transitional,0.9999999999903251,2.5309665806741657e-10,1.5725779547757473e-10,{Transitional}
2012-09-21,2.9985784749088395e-72,4.963774488635449e-12,0.999999999995035,0.0,1.2896007053846552e-15,Transitional,0.999999999995035,1.3229100964769224e-10,8.219702582227383e-11,{Transitional}
2012-09-24,1.2388333322874707e-63,1.0832240313893829e-10,0.9999999998916775,0.0,3.297622216232759e-17,Transitional,0.9999999998916775,2.5918840012743106e-09,1.6104280763178786e-09,{Transitional}
2012-09-25,3.9059995406881906e-57,2.5742549047663944e-09,0.9999999974257451,0.0,1.3685885604613339e-18,Transitional,0.9999999974257451,5.348511107973714e-08,3.3232167992642046e-08,{Transitional}
2012-09-26,6.009501217242476e-71,3.6593312272992095e-10,0.9999999996340665,0.0,3.550594451413991e-16,Transitional,0.9999999996340665,8.315148366495252e-09,5.166492166149791e-09,{Transitional}
2012-09-27,3.0108717736843156e-78,6.36319621554624e-13,0.9999999999993198,1.519439045524375e-100,4.39494334332711e-14,Transitional,0.9999999999993198,1.8161538745680602e-11,1.1284398488049311e-11,{Transitional}
2012-09-28,1.0036476270047405e-78,1.0277431323436179e-13,0.9999999999993425,0.0,5.546765959906146e-13,Transitional,0.9999999999993425,1.756861002976465e-11,1.0915991163147159e-11,{Transitional}
2012-10-01,3.6079622520744564e-80,1.4066706178728206e-14,0.9999999999964001,0.0,3.5858259316687204e-12,Transitional,0.9999999999964001,9.660732714302014e-11,6.002550728838743e-11,{Transitional}
2012-10-02,1.4924861740324635e-71,1.7973613862331377e-12,0.9999999999981906,0.0,1.2118459271857608e-14,Transitional,0.9999999999981906,4.895818983370216e-11,3.041943367648039e-11,{Transitional}
2012-10-03,1.1592642347722082e-75,1.5122136999942743e-13,0.999999999999826,0.0,2.2770532591133875e-14,Transitional,0.999999999999826,3.959759808650486e-12,2.460337101579631e-12,{Transitional}
2012-10-04,5.289775194804018e-85,3.690146603412152e-14,0.9999999999947776,0.0,5.185479034297201e-12,Transitional,0.9999999999947776,1.3907176590083507e-10,8.641014656508502e-11,{Transitional}
2012-10-05,8.039688623092266e-91,6.427122724832308e-16,0.9999999999452389,0.0,5.4760399111792424e-11,Transitional,0.9999999999452389,1.3466695438964054e-09,8.367328329302953e-10,{Transitional}
2012-10-08,2.133659283274322e-96,7.013902861508009e-17,0.999999999144427,0.0,8.555728389392155e-10,Transitional,0.999999999144427,1.8717294587942065e-08,1.162970900793196e-08,{Transitional}
2012-10-09,5.829613774288324e-88,1.0311813812599375e-15,0.9999999999636832,0.0,3.6315810452250785e-11,Transitional,0.9999999999636832,9.073462118281601e-10,5.637658991491616e-10,{Transitional}
2012-10-10,1.3556265210371627e-91,1.411954153023019e-16,0.9999999998324987,1.0362195081780737e-20,1.6750118492097636e-10,Transitional,0.9999999998324987,3.9359650563718294e-09,2.4455525907297096e-09,{Transitional}
2012-10-11,8.225397068703906e-89,4.357887292902989e-16,0.9999999999846744,8.764280282099178e-246,1.5325205344441404e-11,Transitional,0.9999999999846744,3.949899072476484e-10,2.4542102817142477e-10,{Transitional}
2012-10-12,5.018501906839532e-106,1.0659562788106236e-17,0.9999999265407965,0.0,7.345920353745335e-08,Transitional,0.9999999265407965,1.2801374260245977e-06,7.953941038263033e-07,{Transitional}
2012-10-15,4.438986120926996e-99,1.3849535486298477e-18,0.9999999793346878,0.0,2.0665312196748287e-08,Transitional,0.9999999793346878,3.8633207017612296e-07,2.400416115411607e-07,{Transitional}
2012-10-16,2.9412357925978884e-92,6.42500362913966e-18,0.9999999960772091,0.0,3.922790836582421e-09,Transitional,0.9999999960772091,7.985214486726532e-08,4.961492720554694e-08,{Transitional}
2012-10-17,1.9191167744215878e-76,4.235159881785466e-15,0.9999999999641005,0.0,3.5895249019563756e-11,Transitional,0.9999999999641005,8.973258849993846e-10,5.575399200347385e-10,{Transitional}
2012-10-18,6.779391905706982e-72,9.311814061516686e-15,0.999999999998341,0.0,1.6497118286642093e-12,Transitional,0.999999999998341,4.4891896222748845e-11,2.789290340181854e-11,{Transitional}
2012-10-19,1.1774703914955048e-74,1.9003748336259703e-14,0.9999999999883954,0.0,1.1585553307287664e-11,Transitional,0.9999999999883954,3.019090432619007e-10,1.8758663563808808e-10,{Transitional}
2012-10-22,3.393931934323967e-73,1.059961483604268e-14,0.9999999999986207,0.0,1.3687819087461024e-12,Transitional,0.9999999999986207,3.731256697561904e-11,2.318360136004739e-11,{Transitional}
2012-10-23,1.3919477717102406e-80,1.9289229454555586e-15,0.9999999999700174,3.555667321214093e-27,2.998059199592262e-11,Transitional,0.9999999999700174,7.544960653727297e-10,4.687947634038497e-10,{Transitional}
2012-10-24,8.52751760460441e-81,7.792922027432545e-16,0.9999999999582592,0.0,4.174002415008505e-11,Transitional,0.9999999999582592,1.037342416233362e-09,6.445370823062656e-10,{Transitional}
2012-10-25,1.741400663627488e-83,1.9082369878527136e-16,0.9999999998977673,0.0,1.0223249829498105e-10,Transitional,0.9999999998977673,2.451975851464467e-09,1.5234982552114232e-09,{Transitional}
2012-10-26,3.734271583136496e-86,7.192343133064476e-17,0.9999999999108252,0.0,8.917467342293892e-11,Transitional,0.9999999999108252,2.150722110758029e-09,1.3363187819437503e-09,{Transitional}
2012-10-29,7.287939557801669e-86,7.002967108641767e-17,0.9999999999920851,0.0,7.91484296789655e-12,Transitional,0.9999999999920851,2.0829659969487432e-10,1.294219541404044e-10,{Transitional}
2012-10-30,5.623698386125905e-75,4.483775615451818e-15,0.999999999999786,0.0,2.0961969094342098e-13,Transitional,0.999999999999786,5.0899475587464954e-12,3.16256223332561e-12,{Transitional}
2012-10-31,1.3181824441130262e-75,7.697478539059564e-16,0.9999999999989981,0.0,1.0010744496399582e-12,Transitional,0.9999999999989981,2.698943537275053e-11,1.6769479061128825e-11,{Transitional}
2012-11-01,5.309680180523714e-75,1.5556202326975227e-16,0.9999999999971116,0.0,2.888188060644238e-12,Transitional,0.9999999999971116,7.777426645042944e-11,4.8323868755399395e-11,{Transitional}
2012-11-02,1.63282642611316e-63,2.509307984884794e-15,0.9999999999998516,0.0,1.4597615093420851e-13,Transitional,0.9999999999998516,3.2313672578962607e-12,2.0077613637230454e-12,{Transitional}
2012-11-05,1.0988501990472098e-55,1.5232753247758508e-14,0.9999999999999628,0.0,2.195882485905406e-14,Transitional,0.9999999999999628,6.414861373864247e-14,3.985777471938924e-14,{Transitional}
2012-11-06,5.161549457107631e-53,5.002846012127246e-14,0.9999999999999416,0.0,8.340254649120118e-15,Transitional,0.9999999999999416,6.685844966873799e-13,4.154149044968242e-13,{Transitional}
2012-11-07,2.9580619373475403e-54,1.6292911653863923e-14,0.999999999999939,0.0,4.4675144887523116e-14,Transitional,0.999999999999939,7.433671332534899e-13,4.618799690938234e-13,{Transitional}
2012-11-08,1.4489824889900894e-55,1.6249483778221076e-14,0.9999999999999204,0.0,6.335394382915033e-14,Transitional,0.9999999999999204,1.2749954715765793e-12,7.921992278958353e-13,{Transitional}
2012-11-09,1.2644092187388871e-59,2.3087011949898034e-14,0.9999999999975865,0.0,2.390381270451307e-12,Transitional,0.9999999999975865,6.518108427063825e-11,4.049928472982156e-11,{Transitional}
2012-11-12,1.491163591524102e-61,5.062030105370012e-16,0.999999999997628,0.0,2.3714642609842813e-12,Transitional,0.999999999997628,6.402982700657134e-11,3.978396837299127e-11,{Transitional}
2012-11-13,3.7176955804630306e-59,7.803985414408677e-16,0.9999999999992182,0.0,7.810432582738199e-13,Transitional,0.9999999999992182,2.093349789867244e-11,1.3006713546975411e-11,{Transitional}
2012-11-14,3.6215369170462604e-68,5.312041234503069e-16,0.9999999999657231,0.0,3.4276351470853083e-11,Transitional,0.9999999999657231,8.582482708379597e-10,5.332596331970037e-10,{Transitional}
2012-11-15,9.903050272199446e-52,5.830131611293919e-14,0.9999999999997421,0.0,1.9965453724648977e-13,Transitional,0.9999999999997421,6.345863072020859e-12,3.9429064165783374e-12,{Transitional}
2012-11-16,3.6980670932378485e-54,4.882623969542846e-14,0.999999999999538,0.0,4.13158411494892e-13,Transitional,0.999999999999538,1.2081884526373443e-11,7.50689693155103e-12,{Transitional}
2012-11-19,5.738595739728092e-50,6.310869427093695e-13,0.9999999999992835,0.0,8.548699248018738e-14,Transitional,0.9999999999992835,1.9200349025590467e-11,1.192984760533696e-11,{Transitional}
2012-11-20,1.2822282508172257e-54,6.783026512029412e-14,0.9999999999993494,0.0,5.828013322230235e-13,Transitional,0.9999999999993494,1.7356045378620797e-11,1.0783917319539006e-11,{Transitional}
2012-11-21,1.0310567610061263e-51,3.945884627981796e-13,0.9999999999993622,0.0,2.4323999086440045e-13,Transitional,0.9999999999993622,1.7077498427589344e-11,1.0610846367948099e-11,{Transitional}
2012-11-22,1.162019491589221e-49,5.041483873687576e-13,0.9999999999992154,0.0,2.804331635014634e-13,Transitional,0.9999999999992154,2.1188276570360646e-11,1.3165016436275988e-11,{Transitional}
2012-11-23,2.8898739162262483e-47,9.67653027718393e-13,0.9999999999989855,0.0,4.687795584937312e-14,Transitional,0.9999999999989855,2.738997565801188e-11,1.7018348733060173e-11,{Transitional}
2012-11-26,3.378224107452166e-57,1.269783204154502e-13,0.9999999999917325,1.234316351844831e-146,8.140501465973802e-12,Transitional,0.9999999999917325,2.176786377563487e-10,1.3525134214536638e-10,{Transitional}
2012-11-27,8.190921767440216e-62,9.81586337884791e-15,0.9999999999060044,0.0,9.398572458997042e-11,Transitional,0.9999999999060044,2.2622029831035555e-09,1.4055857424672063e-09,{Transitional}
2012-11-28,3.097105955715125e-66,5.05340390023839e-15,0.9999999987857651,0.0,1.214229875716744e-09,Transitional,0.9999999987857651,2.6139489278641775e-08,1.6241377860366563e-08,{Transitional}
2012-11-29,3.1702680336478365e-57,2.3692481246460502e-14,0.9999999999589566,0.0,4.101968360242697e-11,Transitional,0.9999999999589566,1.020776004659729e-09,6.342437920552748e-10,{Transitional}
2012-11-30,1.806981289867584e-48,6.094226201650637e-13,0.9999999999989576,0.0,4.329176984900472e-13,Transitional,0.9999999999989576,2.8397602583723166e-11,1.76444225430075e-11,{Transitional}
2012-12-03,9.294420028169325e-55,4.477336788544272e-14,0.9999999999906729,0.0,9.28227327373333e-12,Transitional,0.9999999999906729,2.444093703946202e-10,1.5186008015989727e-10,{Transitional}
2012-12-04,2.8355990673251932e-62,1.9825993282288503e-15,0.9999999994959136,0.0,5.040844170112771e-10,Transitional,0.9999999994959136,1.1293721245325786e-08,7.0171835508989955e-09,{Transitional}
2012-12-05,6.834688164535759e-54,1.558811112174724e-14,0.9999999999770117,1.9778311076585623e-21,2.2972637653148752e-11,Transitional,0.9999999999770117,5.841941374275627e-10,3.629802261486635e-10,{Transitional}
2012-12-06,1.301516922749968e-47,5.637205230738967e-13,0.9999999999982108,0.0,1.225569294394612e-12,Transitional,0.9999999999982108,4.8996669852393984e-11,3.0443342656376124e-11,{Transitional}
2012-12-07,2.7695491683966244e-51,2.38653730302352e-13,0.9999999999932999,0.0,6.461465955175452e-12,Transitional,0.9999999999932999,1.7779423417219384e-10,1.1046976885445637e-10,{Transitional}
2012-12-10,7.300053635245308e-59,1.1530888802207083e-12,0.9999999997437962,0.0,2.550507601838331e-10,Transitional,0.9999999997437962,5.919141224064428e-09,3.677769225103172e-09,{Transitional}
2012-12-11,2.211461239776957e-59,8.956218281073344e-15,0.9999999999784096,0.0,2.158138718329445e-11,Transitional,0.9999999999784096,5.49881669920656e-10,3.4166069139568087e-10,{Transitional}
2012-12-12,1.0154132881976057e-63,4.1174433352010076e-15,0.9999999998806809,0.0,1.1931497055569292e-10,Transitional,0.9999999998806809,2.843695156813986e-09,1.7668871441665031e-09,{Transitional}
2012-12-13,1.7416311974419656e-66,6.338179316698792e-16,0.9999999987377434,0.0,1.2622559978097698e-09,Transitional,0.9999999987377434,2.7124360987100665e-08,1.685331305889148e-08,{Transitional}
2012-12-14,8.53184260338332e-58,1.0838605694176925e-14,0.9999999999593063,0.0,4.0682885540833406e-11,Transitional,0.9999999999593063,1.012351877122062e-09,6.290095873229367e-10,{Transitional}
2012-12-17,2.3327697205249628e-56,1.4712282203779714e-14,0.999999999993873,0.0,6.112299150394066e-12,Transitional,0.999999999993873,1.6243111262071925e-10,1.0092412473063954e-10,{Transitional}
2012-12-18,1.1703874428244842e-69,6.598097490677004e-16,0.9999999966518809,0.0,3.348118457120543e-09,Transitional,0.9999999966518809,6.868422491895805e-08,4.267590839529846e-08,{Transitional}
2012-12-19,2.918182620494495e-74,1.359277136399514e-16,0.999999997811032,0.0,2.188967815238877e-09,Transitional,0.999999997811032,4.583463064617126e-08,2.8478657233102802e-08,{Transitional}
2012-12-20,4.682787110765152e-71,1.3136587267662577e-16,0.999999998287134,0.0,1.7128657723169423e-09,Transitional,0.999999998287134,3.6285233341349733e-08,2.2545283083627783e-08,{Transitional}
2012-12-21,2.1883021722769446e-66,6.212156243929209e-16,0.999999997127542,0.0,2.872457478779921e-09,Transitional,0.999999997127542,5.93662503382466e-08,3.688632526896398e-08,{Transitional}
2012-12-24,3.239848684860578e-80,1.2217162758287044e-08,0.9994419537783265,0.0,0.0005580340045108251,Transitional,0.9994419537783265,0.004738396401529249,0.002944131218061676,{Transitional}
2012-12-25,3.779266143617277e-79,7.024012790875603e-18,0.9999997028003269,0.0,2.9719967313411747e-07,Transitional,0.9999997028003269,4.7637703913551845e-06,2.95989696436969e-06,{Transitional}
2012-12-26,2.649150173592114e-85,3.5410822287799423e-19,0.999997465338874,0.0,2.534661126020359e-06,Transitional,0.999997465338874,3.51949066610014e-05,2.186782502704495e-05,{Transitional}
2012-12-27,1.0447488897809027e-80,2.046631457894938e-18,0.9999990864449767,0.0,9.135550233067693e-07,Transitional,0.9999990864449767,1.3617377712499853e-05,8.460952489869612e-06,{Transitional}
2012-12-28,5.650791259907658e-85,4.724824490588012e-19,0.9999914724662541,0.0,8.527533745955489e-06,Transitional,0.9999914724662541,0.00010806266316686414,6.714310774712091e-05,{Transitional}
2012-12-31,2.2231081584977234e-82,2.7031036851765873e-18,0.9999987402563992,0.0,1.2597436007546409e-06,Transitional,0.9999987402563992,1.8372856685554367e-05,1.1415697706392049e-05,{Transitional}
2013-01-01,1.0491842338572356e-79,9.630327511992354e-18,0.9999999817503991,0.0,1.8249600922017256e-08,Transitional,0.9999999817503991,3.4343947776722166e-07,2.1339094544368392e-07,{Transitional}
2013-01-02,2.5086061178279727e-83,1.0583028861643944e-17,0.9999999265753486,0.0,7.342465139198157e-08,Transitional,0.9999999265753486,1.2795698458553622e-06,7.950414464389941e-07,{Transitional}
2013-01-03,2.303204728118354e-77,8.564718835849913e-17,0.9999999975630964,0.0,2.436903533069651e-09,Transitional,0.9999999975630964,5.076488722125798e-08,3.15419978795464e-08,{Transitional}
2013-01-04,2.556145707720327e-62,8.700803333656298e-15,0.9999999999901215,0.0,9.869834074780443e-12,Transitional,0.9999999999901215,2.582831554030839e-10,1.6048034746022517e-10,{Transitional}
2013-01-07,7.56217406255109e-69,1.8983053770496633e-15,0.9999999999282098,0.0,7.17883132929548e-11,Transitional,0.9999999999282098,1.746630740449603e-09,1.0852426968170604e-09,{Transitional}
2013-01-08,5.875116930140576e-56,1.641782025428844e-13,0.9999999999997873,0.0,4.8521663294669186e-14,Transitional,0.9999999999997873,5.062487678568904e-12,3.1455004504724515e-12,{Transitional}
2013-01-09,1.9283428483093426e-67,3.5682425916488904e-14,0.9999999999974833,0.0,2.4810187694550848e-12,Transitional,0.9999999999974833,6.795981176140047e-11,4.2225805193453306e-11,{Transitional}
2013-01-10,3.096081685575074e-72,5.722997981332288e-16,0.999999999915696,0.0,8.430344179062295e-11,Transitional,0.999999999915696,2.0378788126721667e-09,1.2662052987120803e-09,{Transitional}
2013-01-11,1.3073919894595381e-67,3.030445198290342e-15,0.9999999999934034,0.0,6.5935948960676496e-12,Transitional,0.9999999999934034,1.7450089053594474e-10,1.0842349940174522e-10,{Transitional}
2013-01-14,3.637012586690909e-65,2.6890813150228435e-15,0.9999999999889606,0.0,1.1036699419902425e-11,Transitional,0.9999999999889606,2.876101136636435e-10,1.7870221115188246e-10,{Transitional}
2013-01-15,3.765321057878204e-70,6.517312579732729e-16,0.9999999997239724,0.0,2.7602704269551095e-10,Transitional,0.9999999997239724,6.3495468534374335e-09,3.945195278663737e-09,{Transitional}
2013-01-16,8.77957180520912e-62,5.836526983723068e-15,0.9999999999976429,0.0,2.35127587183788e-12,Transitional,0.9999999999976429,6.364303050254715e-11,3.954363819247551e-11,{Transitional}
2013-01-17,8.375726343526419e-60,8.30669917075342e-15,0.9999999999964468,0.0,3.5448292361021543e-12,Transitional,0.9999999999964468,9.536304866377202e-11,5.925239360090987e-11,{Transitional}
2013-01-18,7.811086118100208e-58,3.58464701362413e-14,0.999999999999473,0.0,4.911585759916998e-13,Transitional,0.999999999999473,1.3891226002764638e-11,8.631103999380544e-12,{Transitional}
2013-01-21,4.02357562659422e-65,3.466992311352963e-15,0.9999999999888128,0.0,1.1183746654773889e-11,Transitional,0.9999999999888128,2.9134079236775886e-10,1.810202121603669e-10,{Transitional}
2013-01-22,1.7941506497695043e-69,2.112701253560319e-16,0.999999999943633,0.0,5.636675720776978e-11,Transitional,0.999999999943633,1.3845887304175029e-09,8.602933482059352e-10,{Transitional}
2013-01-23,3.4997456752708763e-71,3.272346089887496e-17,0.9999999999079251,0.0,9.207485331873296e-11,Transitional,0.9999999999079251,2.217785533483933e-09,1.3779876293144934e-09,{Transitional}
2013-01-24,1.9920282753643127e-79,7.858658321721024e-18,0.9999999964119282,0.0,3.5880717844582873e-09,Transitional,0.9999999964119282,7.335846348675737e-08,4.5580176109938066e-08,{Transitional}
2013-01-25,2.2665942842920932e-85,1.9984290552987482e-19,0.9999994056947238,0.0,5.943052761619962e-07,Transitional,0.9999994056947238,9.114187893546135e-06,5.662963338400494e-06,{Transitional}
2013-01-28,3.828983330248285e-77,9.402592761813688e-19,0.9999999859021539,0.0,1.4097845995717273e-08,Transitional,0.9999999859021539,2.6894604546297284e-07,1.6710557355780262e-07,{Transitional}
2013-01-29,2.3964159077912152e-76,2.8351830618415643e-18,0.9999999980077326,0.0,1.992267343318267e-09,Transitional,0.9999999980077326,4.1903336671247474e-08,2.6036006948458933e-08,{Transitional}
2013-01-30,6.8195319507055255e-62,8.107659810038967e-17,0.9999999999124592,0.0,8.754069363855106e-11,Transitional,0.9999999999124592,2.112896372924992e-09,1.312816329602591e-09,{Transitional}
2013-01-31,1.8815350232168405e-59,1.6620412815515708e-16,0.9999999999789624,0.0,2.103747638991824e-11,Transitional,0.9999999999789624,5.362656460313947e-10,3.3320058008348465e-10,{Transitional}
2013-02-01,8.956278745748559e-67,9.212920070844555e-17,0.9999999990269456,0.0,9.7305436706008e-10,Transitional,0.9999999990269456,2.1162501111961892e-08,1.3149001243518556e-08,{Transitional}
2013-02-04,2.481702572800738e-72,9.096826552189974e-18,0.999999993124505,0.0,6.8754949144990246e-09,Transitional,0.999999993124505,1.361005000241806e-07,8.456399527605469e-08,{Transitional}
2013-02-05,1.5960625731755652e-78,2.228111742843115e-17,0.9999935441999472,0.0,6.455800052761251e-06,Transitional,0.9999935441999472,8.360601973710907e-05,5.194734080214628e-05,{Transitional}
2013-02-06,3.21108999862072e-77,1.7755613659811595e-18,0.9999992189786732,0.0,7.810213268225728e-07,Transitional,0.9999992189786732,1.1764259033934806e-05,7.309545116992205e-06,{Transitional}
2013-02-07,1.0706745661202339e-63,4.424001906733663e-17,0.9999999981764448,0.0,1.8235551177448418e-09,Transitional,0.9999999981764448,3.8516004232074746e-08,2.3931338969033895e-08,{Transitional}
2013-02-08,9.919771836908158e-67,2.6288292325971864e-17,0.9999999971404097,0.0,2.8595902646499875e-09,Transitional,0.9999999971404097,5.911313091834247e-08,3.672905333076209e-08,{Transitional}
2013-02-11,1.2469245466660975e-64,8.133157274339267e-17,0.9999999988340855,0.0,1.1659144275680936e-09,Transitional,0.9999999988340855,2.5146497293916537e-08,1.562439725051909e-08,{Transitional}
2013-02-12,8.083823922531949e-57,1.3723167510582663e-15,0.999999999886385,0.0,1.136136048115076e-10,Transitional,0.999999999886385,2.713206394661509e-09,1.6858099176737291e-09,{Transitional}
2013-02-13,3.326516074713671e-60,6.969427684350722e-16,0.999999999878637,0.0,1.2136237236722358e-10,Transitional,0.999999999878637,2.8903612481289376e-09,1.7958824169598315e-09,{Transitional}
2013-02-14,7.91723609662331e-65,1.3170995948074186e-16,0.9999999983228266,0.0,1.6771732400386743e-09,Transitional,0.9999999983228266,3.556440157914173e-08,2.2097405127827783e-08,{Transitional}
2013-02-15,5.044845477459218e-49,4.989369770659801e-14,0.9999999999887358,0.0,1.1214274273507757e-11,Transitional,0.9999999999887358,2.934373655801935e-10,1.8232288634011443e-10,{Transitional}
2013-02-18,1.37032943830779e-51,2.3536934339796237e-14,0.9999999999947917,0.0,5.184756297336137e-12,Transitional,0.9999999999947917,1.3867113289576777e-10,8.61612192830991e-11,{Transitional}
2013-02-19,1.3711487645720628e-50,9.249517636349685e-15,0.9999999999786515,0.0,2.133918130278097e-11,Transitional,0.9999999999786515,5.439405600543463e-10,3.3796927228568587e-10,{Transitional}
2013-02-20,5.398813010205623e-59,1.0582295725486963e-13,0.9999999967294438,0.0,3.2704503435541766e-09,Transitional,0.9999999967294438,6.717063436876745e-08,4.173546170984574e-08,{Transitional}
2013-02-21,4.419384534081986e-59,1.6692474111731253e-16,0.9999999981165892,0.0,1.8834106041710826e-09,Transitional,0.9999999981165892,3.971947663445233e-08,2.467909841540947e-08,{Transitional}
2013-02-22,1.4944664291082082e-55,1.211412217545873e-16,0.9999999992720887,0.0,7.279111681148993e-10,Transitional,0.9999999992720887,1.6041779291114733e-08,9.96731788606451e-09,{Transitional}
2013-02-25,1.4747660808468323e-54,4.954518467428138e-16,0.9999999988968439,0.0,1.103155604158539e-09,Transitional,0.9999999988968439,2.3853855045470088e-08,1.4821233463671625e-08,{Transitional}
2013-02-26,1.0637433443475604e-57,2.1172784304231548e-16,0.9999999880436647,0.0,1.1956334931922391e-08,Transitional,0.9999999880436647,2.3006185767652148e-07,1.4294546928410422e-07,{Transitional}
2013-02-27,1.658924995425383e-52,1.4535946648897882e-15,0.999999998146466,0.0,1.8535325261407957e-09,Transitional,0.999999998146466,3.9119019233557864e-08,2.4306013255518874e-08,{Transitional}
2013-02-28,1.6912699289588408e-48,1.9686835056244865e-14,0.9999999998905266,0.0,1.0945370141240895e-10,Transitional,0.9999999998905266,2.6183990767644185e-09,1.626902819012368e-09,{Transitional}
2013-03-01,4.0503991693406295e-51,1.4201058401563632e-15,0.9999999992436693,0.0,7.563292989656081e-10,Transitional,0.9999999992436693,1.6639210156144365e-08,1.0338522553491587e-08,{Transitional}
2013-03-04,1.3411376327179276e-56,7.118174433412006e-17,0.9999999842511857,0.0,1.574881412636849e-08,Transitional,0.9999999842511857,2.9869789724702264e-07,1.8559143843907248e-07,{Transitional}
2013-03-05,1.3524525717522393e-58,2.0088555608395848e-17,0.9999999061162198,4.1628356083042355e-238,9.388378015888095e-08,Transitional,0.9999999061162198,1.6130347698096831e-06,1.002234853142078e-06,{Transitional}
2013-03-06,1.2627739963675488e-67,7.339327359052592e-18,0.999999072075639,0.0,9.279243610576525e-07,Transitional,0.999999072075639,1.3817084172623356e-05,8.585037090201582e-06,{Transitional}
2013-03-07,5.2294815300482046e-70,1.3727193139882504e-18,0.999994219029794,0.0,5.780970205993901e-06,Transitional,0.999994219029794,7.550488070608673e-05,4.6913820112447696e-05,{Transitional}
2013-03-08,3.527511551455075e-79,1.2442331313297468e-18,0.9988890692301375,0.0,0.0011109307698625114,Transitional,0.9988890692301375,0.008667483433576473,0.005385410251997758,{Transitional}
2013-03-11,1.4643797593604375e-86,6.281271639169053e-20,0.9901421765087784,0.0,0.009857823491221534,Transitional,0.9901421765087784,0.055347190514162654,0.034389142996175626,{Transitional}
2013-03-12,4.7459198138819407e-91,2.1625837906220115e-21,0.9873397211072795,0.0,0.012660278892720487,Transitional,0.9873397211072795,0.0678961744074077,0.04218626508227465,{Transitional}
2013-03-13,1.924324581524674e-88,3.8949157844956055e-21,0.9916088823145852,0.0,0.008391117685414817,Transitional,0.9916088823145852,0.04847023576835375,0.030116250769219033,{Transitional}
2013-03-14,3.871507137648844e-84,9.375653100276325e-21,0.9996470346104086,4.42876e-319,0.000352965389591397,Transitional,0.9996470346104086,0.0031586745799448,0.0019625948634251116,{Transitional}
2013-03-15,1.02145856204202e-76,1.2250950005777506e-19,0.999999771433454,1.1709434838039558e-124,2.2856654600595706e-07,Transitional,0.999999771433454,3.7236757874462796e-06,2.313649851714145e-06,{Transitional}
2013-03-18,8.056604998336679e-86,4.544256150847555e-20,0.9999958855569147,0.0,4.114443085335444e-06,Transitional,0.9999958855569147,5.513767041427945e-05,3.425896083862577e-05,{Transitional}
2013-03-19,5.534798523391547e-76,7.847166379334159e-19,0.9999995445493451,0.0,4.554506548286227e-07,Transitional,0.9999995445493451,7.105929201671493e-06,4.415162055505792e-06,{Transitional}
2013-03-20,1.2249851916330222e-71,2.7464678180284027e-18,0.9999998764546578,0.0,1.2354534215525734e-07,Transitional,0.9999998764546578,2.088736791042651e-06,1.297805137374739e-06,{Transitional}
2013-03-21,1.9008455263970825e-70,1.0111174466441452e-17,0.99999999503477,0.0,4.965229981413161e-09,Transitional,0.99999999503477,9.990243070710513e-08,6.207287024574532e-08,{Transitional}
2013-03-22,9.582310977914471e-58,1.252222257512511e-15,0.9999999999718495,0.0,2.81492354418589e-11,Transitional,0.9999999999718495,7.100459325326179e-10,4.411763430244727e-10,{Transitional}
2013-03-25,1.2751499154004578e-56,3.817423885542578e-15,0.9999999999903479,0.0,9.648267373462214e-12,Transitional,0.9999999999903479,2.525270388133928e-10,1.56903871135652e-10,{Transitional}
2013-03-26,2.4639363942213683e-58,7.926004221361792e-16,0.9999999999740956,0.0,2.5903563331982083e-11,Transitional,0.9999999999740956,6.553869841276679e-10,4.072148288941859e-10,{Transitional}
2013-03-27,1.0985124482027235e-49,1.9148136045694194e-14,0.999999999998569,0.0,1.4118488918684384e-12,Transitional,0.999999999998569,3.872755171963931e-11,2.406278081337607e-11,{Transitional}
2013-03-28,2.5327391123272792e-34,2.083032082067614e-11,0.9999999999791649,1.0055701653010823e-206,4.791092712912733e-15,Transitional,0.9999999999791649,5.313044024560082e-10,3.3011798613123754e-10,{Transitional}
2013-03-29,1.6528030777607765e-35,5.167793631828133e-11,0.9999999999483207,0.0,1.4403865168173318e-15,Transitional,0.9999999999483207,1.2737717917903552e-09,7.914389128959399e-10,{Transitional}
2013-04-01,1.1597946926454904e-27,2.857568039404732e-09,0.9999999971424319,1.5019522188659813e-20,1.3224233555067036e-17,Transitional,0.9999999971424319,5.907334739366518e-08,3.670433443706017e-08,{Transitional}
2013-04-02,1.4088014755054582e-35,9.085483645211118e-10,0.9999999990914511,0.0,5.316288702957377e-16,Transitional,0.9999999990914511,1.9821789737898052e-08,1.2315970429651271e-08,{Transitional}
2013-04-03,2.5219431202336278e-31,7.979598983025142e-10,0.99999999920204,0.0,1.4115937264140514e-16,Transitional,0.99999999920204,1.75123967831039e-08,1.0881063909211818e-08,{Transitional}
2013-04-04,3.0309224553019045e-38,5.167458414802361e-10,0.999999999483252,0.0,2.181022071948232e-15,Transitional,0.999999999483252,1.1564628405945121e-08,7.18550763381414e-09,{Transitional}
2013-04-05,1.4306079553746908e-49,1.1328046354573254e-10,0.9999999998839015,0.0,2.8180094525388266e-12,Transitional,0.9999999998839015,2.782445368924688e-09,1.728830511216516e-09,{Transitional}
2013-04-08,4.46346917204843e-49,6.028811997089559e-12,0.9999999999938676,0.0,1.0366034671281446e-13,Transitional,0.9999999999938676,1.6281240848156785e-10,1.0116103716938776e-10,{Transitional}
2013-04-09,7.476087521653859e-50,1.2057163139894782e-12,0.9999999999985812,0.0,2.1303846715173516e-13,Transitional,0.9999999999985812,3.862549099348045e-11,2.3999366918767052e-11,{Transitional}
2013-04-10,1.0435091238381987e-46,9.858461360872366e-13,0.9999999999988235,3.866977634774809e-39,1.906129738381837e-13,Transitional,0.9999999999988235,3.1973701152345696e-11,1.98663775131213e-11,{Transitional}
2013-04-11,1.4955278125478382e-42,6.992437049004078e-13,0.9999999999992032,0.0,9.75518766470669e-14,Transitional,0.9999999999992032,2.1433297072755702e-11,1.3317256234097385e-11,{Transitional}
2013-04-12,2.380665870492662e-46,3.8567873150937984e-13,0.9999999999985727,0.0,1.0416445964663907e-12,Transitional,0.9999999999985727,3.899644155689027e-11,2.4229851462808142e-11,{Transitional}
2013-04-15,1.4433697280819156e-40,2.282240972805589e-12,0.9999999999975326,0.0,1.8513038356536175e-13,Transitional,0.9999999999975326,6.6899423231017e-11,4.1566948755319724e-11,{Transitional}
2013-04-16,2.8178367416514202e-43,7.244682230417203e-13,0.9999999999988818,0.0,3.9380107458061717e-13,Transitional,0.9999999999988818,3.0491629443890746e-11,1.894551458513579e-11,{Transitional}
2013-04-17,4.239635130145124e-62,3.5183108634086355e-11,0.9999999448076626,0.0,5.515715422726471e-08,Transitional,0.9999999448076626,9.778821200437227e-07,6.07592323064381e-07,{Transitional}
2013-04-18,2.05424979113243e-60,7.065297845625353e-15,0.9999999992374707,0.0,7.625222450445552e-10,Transitional,0.9999999992374707,1.676941407516959e-08,1.0419422796998532e-08,{Transitional}
2013-04-19,2.527995596131908e-49,6.671121008074842e-13,0.9999999999963023,5.126472230142029e-27,3.030544347382977e-12,Transitional,0.9999999999963023,1.0030251797132346e-10,6.232145843987655e-11,{Transitional}
2013-04-22,1.940140617665068e-50,1.721779741637068e-12,0.9999999999957394,0.0,2.5387641263920298e-12,Transitional,0.9999999999957394,1.1605136455651952e-10,7.210676700227871e-11,{Transitional}
2013-04-23,2.0713516980444907e-44,5.255901685924916e-12,0.9999999999947,0.0,4.408180292753236e-14,Transitional,0.9999999999947,1.4110523024523712e-10,8.767360900044337e-11,{Transitional}
2013-04-24,2.5182387154745598e-48,1.4015870386375918e-12,0.9999999999976149,0.0,9.835533910519444e-13,Transitional,0.9999999999976149,6.538738190982157e-11,4.062746465996333e-11,{Transitional}
2013-04-25,7.312482983440697e-48,9.776341565764065e-13,0.9999999999980014,0.0,1.0210028935506073e-12,Transitional,0.9999999999980014,5.483800680540993e-11,3.407276936981893e-11,{Transitional}
2013-04-26,7.063043207290462e-44,3.198090665276918e-12,0.9999999999967216,0.0,8.027505131450233e-14,Transitional,0.9999999999967216,8.826871730844241e-11,5.4844437692501945e-11,{Transitional}
2013-04-29,6.772440421236907e-46,9.968068268734781e-13,0.999999999997226,0.0,1.777148890906192e-12,Transitional,0.999999999997226,7.591668931159617e-11,4.7169691185402996e-11,{Transitional}
2013-04-30,2.610776015761447e-33,1.4206925378685551e-10,0.9999999998578646,0.0,6.614621664005278e-14,Transitional,0.9999999998578646,3.363341019121607e-09,2.089761272017582e-09,{Transitional}
2013-05-01,2.59808408715542e-28,2.0963526153396262e-10,0.9999999997903627,0.0,2.013449409910888e-15,Transitional,0.9999999997903627,4.879553810733871e-09,3.0318372476724342e-09,{Transitional}
2013-05-02,2.1733538764626423e-37,9.440645205186064e-11,0.9999999999049746,0.0,6.189581628995064e-13,Transitional,0.9999999999049746,2.289057955455154e-09,1.422271674955887e-09,{Transitional}
2013-05-03,5.246188693703402e-35,6.353186326585449e-12,0.9999999999935207,0.0,1.2603910593083122e-13,Transitional,0.9999999999935207,1.7181648045049103e-10,1.0675558163696868e-10,{Transitional}
2013-05-06,1.6795983548992867e-35,4.632944569117968e-12,0.9999999999952788,0.0,8.829630910343874e-14,Transitional,0.9999999999952788,1.261578231611969e-10,7.838626279804536e-11,{Transitional}
2013-05-07,2.6917508950869545e-31,1.8534310913137696e-11,0.9999999999814573,0.0,8.400897745291452e-15,Transitional,0.9999999999814573,4.748095680080646e-10,2.9501577186656837e-10,{Transitional}
2013-05-08,4.3040364678117235e-34,1.3182366554396564e-11,0.9999999999867613,0.0,5.640118417545685e-14,Transitional,0.9999999999867613,3.4307671366236134e-10,2.1316554743232997e-10,{Transitional}
2013-05-09,2.8916856630900797e-35,6.6539953562745505e-12,0.9999999999933059,0.0,4.0044919012066887e-14,Transitional,0.9999999999933059,1.7711331152709606e-10,1.1004668782732438e-10,{Transitional}
2013-05-10,8.265402451309665e-29,2.169928019430128e-11,0.9999999999782674,0.0,3.3373672930309316e-14,Transitional,0.9999999999782674,5.53474576838487e-10,3.438930899803502e-10,{Transitional}
2013-05-13,1.593023305386705e-29,2.6179173502617686e-11,0.9999999999738166,0.0,4.234747531691481e-15,Transitional,0.9999999999738166,6.622022615514007e-10,4.114493988462665e-10,{Transitional}
2013-05-14,1.432280657456237e-32,8.120181643673353e-12,0.999999999991852,0.0,2.7867236306004788e-14,Transitional,0.999999999991852,2.1433662656322775e-10,1.3317483383939107e-10,{Transitional}
2013-05-15,2.693203799263252e-26,4.071979763650683e-11,0.9999999999592784,0.0,1.859755564784375e-15,Transitional,0.9999999999592784,1.012978063484724e-09,6.293986587856033e-10,{Transitional}
2013-05-16,4.524648827358624e-20,1.1209572981914448e-10,0.9999999998879041,0.0,1.293502770371635e-16,Transitional,0.9999999998879041,2.678404051968637e-09,1.6641860063541324e-09,{Transitional}
2013-05-17,3.7039763234582724e-26,5.757288221681281e-10,0.9999999994242628,0.0,8.362594297790196e-15,Transitional,0.9999999994242628,1.2822821101754823e-08,7.967266710128443e-09,{Transitional}
2013-05-20,6.843793327132172e-23,1.4386358801902928e-10,0.9999999998561359,0.0,5.786311654811383e-16,Transitional,0.9999999998561359,3.402142624915853e-09,2.1138700652145575e-09,{Transitional}
2013-05-21,9.334431324950172e-21,5.953352330797061e-10,0.9999999994046647,0.0,7.498995300180016e-17,Transitional,0.9999999994046647,1.3239387645120479e-08,8.226094056090266e-09,{Transitional}
2013-05-22,5.872096482083278e-20,4.153585900896264e-09,0.9999999958464141,0.0,4.0976985890675746e-17,Transitional,0.9999999958464141,8.43128618259822e-08,5.2386526485180246e-08,{Transitional}
2013-05-23,1.0333517220648254e-17,9.762527870215787e-09,0.9999999902374721,0.0,4.385970888912208e-18,Transitional,0.9999999902374721,1.8982756737146952e-07,1.1794649915036232e-07,{Transitional}
2013-05-24,6.727337142965271e-18,9.711360211092114e-09,0.9999999902886397,0.0,1.7380155056649736e-17,Transitional,0.9999999902886397,1.888836604769589e-07,1.1736001682183121e-07,{Transitional}
2013-05-27,2.046999291219065e-13,3.100910597037627e-08,0.9999999689906893,0.0,1.0327054903967122e-17,Transitional,0.9999999689906893,5.671288944219946e-07,3.52376994502555e-07,{Transitional}
2013-05-28,7.767611728300405e-19,2.2791890350276669e-07,0.9999997720810962,0.0,2.4080009618771063e-16,Transitional,0.9999997720810962,3.713771490613335e-06,2.3074959660895885e-06,{Transitional}
2013-05-29,1.0437321596423776e-20,1.6385167370668752e-08,0.9999999836148326,0.0,1.1874993535886894e-16,Transitional,0.9999999836148326,3.101182529158908e-07,1.9268730438123616e-07,{Transitional}
2013-05-30,3.3321383125594767e-19,1.790729235075062e-08,0.9999999820927075,0.0,2.372819145937184e-16,Transitional,0.9999999820927075,3.373366152228428e-07,2.09599023744046e-07,{Transitional}
2013-05-31,2.2449056423772065e-11,4.3178386310847237e-07,0.9999995681936878,0.0,8.045776204347903e-18,Transitional,0.9999995681936878,6.760293305194245e-06,4.200406398386649e-06,{Transitional}
2013-06-03,5.522762721126145e-18,1.9164722160779095e-06,0.9999980835277836,0.0,3.237230313294062e-16,Transitional,0.9999980835277836,2.71468719704124e-05,1.6867299919234348e-05,{Transitional}
2013-06-04,8.197505932653512e-14,1.0747009808365524e-07,0.9999998925298199,0.0,3.063248791742051e-18,Transitional,0.9999998925298199,1.8319413427149568e-06,1.138249154292845e-06,{Transitional}
2013-06-05,1.0331927523435391e-15,4.965116537352321e-08,0.9999999503488336,0.0,5.676390404791366e-18,Transitional,0.9999999503488336,8.846946067969556e-07,5.496916656194279e-07,{Transitional}
2013-06-06,8.023490385489161e-07,2.4239102705032758e-05,0.9999749585482565,0.0,1.817970817450489e-19,Transitional,0.9999749585482565,0.00029390479967487026,0.00018261331947274135,{Transitional}
2013-06-07,0.021924063406272214,0.00127072512625284,0.9768052114674749,0.0,2.2074992444628792e-21,Transitional,0.9768052114674749,0.11515075263456004,0.07154718535268441,{Transitional}
2013-06-10,0.9977825558417703,2.253286888916522e-05,0.0021949112893404664,0.0,1.7827837340319183e-24,Risk-On,0.9977825558417703,0.015892496474911498,0.009874563257227997,{Risk-On}
2013-06-11,0.9999999997968022,1.9724325827067233e-10,5.954557827645382e-12,0.0,2.7550474853268385e-34,Risk-On,0.9999999997968022,4.761895508734295e-09,2.9587320342991326e-09,{Risk-On}
2013-06-12,0.9999999999945637,5.436354752133871e-12,7.985391828267711e-18,0.0,8.561194885461192e-41,Risk-On,0.9999999999945637,1.445263059218687e-10,8.979924283210672e-11,{Risk-On}
2013-06-13,0.9999999945629017,5.437097454407841e-09,8.717620286225867e-16,0.0,3.942358671055963e-39,Risk-On,0.9999999945629017,1.0890319839335013e-07,6.766536164706463e-08,{Risk-On}
2013-06-14,0.9999999994566353,5.433645386206538e-10,1.2657901715313106e-16,0.0,3.287575926766704e-40,Risk-On,0.9999999994566353,1.2133095604154944e-08,7.538716163213127e-09,{Risk-On}
2013-06-17,0.9999999993137485,6.862514850505342e-10,3.962837660563675e-19,0.0,7.484538990937185e-43,Risk-On,0.9999999993137485,1.516400553321212e-08,9.421926385639946e-09,{Risk-On}
2013-06-18,0.0052753168218715035,0.9947246831780446,8.381809879099815e-14,0.0,6.186570578494031e-34,Late-Cycle,0.9947246831780446,0.03292891919751369,0.020459887854705913,{Late-Cycle}
2013-06-19,0.9999890760887851,1.0923911145348312e-05,6.954434054072365e-14,0.0,3.885821471081183e-40,Risk-On,0.9999890760887851,0.0001357246914187009,8.433049226076203e-05,{Risk-On}
2013-06-20,0.9999990932159712,9.067840280338748e-07,7.234244022605712e-16,0.0,3.704552519241411e-40,Risk-On,0.9999990932159712,1.3523195651129865e-05,8.402433884931603e-06,{Risk-On}
2013-06-21,0.9999176448652001,8.23551344146017e-05,3.8528261518993874e-13,0.0,3.599289263988557e-36,Risk-On,0.9999176448652001,0.0008568581227806081,0.0005323958856447609,{Risk-On}
2013-06-24,0.9999999383588809,6.164111911779218e-08,9.242765945620816e-18,0.0,2.4749143449140705e-42,Risk-On,0.9999999383588809,1.0850010734039066e-06,6.741490709405249e-07,{Risk-On}
2013-06-25,0.9999995792822489,4.2071775105003696e-07,6.68289512061568e-17,0.0,9.272727192687036e-42,Risk-On,0.9999995792822489,6.5974007198895204e-06,4.099195544556091e-06,{Risk-On}
2013-06-26,0.997591178590799,0.0024088214091577535,4.316274384558788e-14,8.491722322353527e-161,7.302691819605908e-38,Risk-On,0.997591178590799,0.016927781232180007,0.01051782184413599,{Risk-On}
2013-06-27,0.9999990440090235,9.559909760169048e-07,4.450762073484091e-16,0.0,8.632269198707634e-42,Risk-On,0.9999990440090235,1.4206518054048015e-05,8.827005965431867e-06,{Risk-On}
2013-06-28,0.9999873761612059,1.2623838793995017e-05,3.725963128430369e-17,0.0,2.230954220038965e-42,Risk-On,0.9999873761612059,0.00015501969379146083,9.631915129736839e-05,{Risk-On}
2013-07-01,0.00015578330660817344,0.9998442166891648,4.227041764610968e-12,0.0,2.8309513805636674e-33,Late-Cycle,0.9998442166891648,0.001521530477109055,0.0009453800394250097,{Late-Cycle}
2013-07-02,0.03354435378261089,0.966455639913942,6.303447148452498e-09,0.0,5.10815176135661e-34,Late-Cycle,0.966455639913942,0.14685474982194904,0.09124598637038887,{Late-Cycle}
2013-07-03,0.290588095240194,0.7094119046006326,1.5917328688543654e-10,6.014222473223012e-179,8.42549657695322e-36,Late-Cycle,0.7094119046006326,0.6026774178529019,0.3744645339821886,"{Late-Cycle, Risk-On}"
2013-07-04,0.014845862158399479,0.985154137668338,1.7326249648291554e-10,0.0,1.740619366568433e-34,Late-Cycle,0.985154137668338,0.07723670284517632,0.04798986170790782,{Late-Cycle}
2013-07-05,9.572249688795247e-10,0.9999999986700321,3.7274289263506795e-10,9.065710726883633e-38,3.782053732553929e-33,Late-Cycle,0.9999999986700321,2.9297941627353834e-08,1.8203834643763223e-08,{Late-Cycle}
2013-07-08,4.006985466325476e-10,0.9999999940604173,5.538884181501366e-09,0.0,5.067368184522816e-32,Late-Cycle,0.9999999940604173,1.1990916954606647e-07,7.450375601300261e-08,{Late-Cycle}
2013-07-09,6.439683236401872e-10,0.9999999849222159,1.4433815790432023e-08,0.0,1.3082017796171416e-31,Late-Cycle,0.9999999849222159,2.8928699136595445e-07,1.797441138493123e-07,{Late-Cycle}
2013-07-10,1.9254242944677808e-09,0.9999999938066219,4.267953881006501e-09,0.0,5.391441645547731e-33,Late-Cycle,0.9999999938066219,1.2708259093283465e-07,7.896085332091875e-08,{Late-Cycle}
2013-07-11,2.0792484718913155e-06,0.9999979205162203,2.3530788862026134e-10,0.0,3.2884616316519536e-35,Late-Cycle,0.9999979205162203,2.9288551209853404e-05,1.8198000049320104e-05,{Late-Cycle}
2013-07-12,2.552881152900019e-06,0.9999974460624806,1.0563664182936647e-09,0.0,2.472721040959092e-34,Late-Cycle,0.9999974460624806,3.5452503341881594e-05,2.202787884390242e-05,{Late-Cycle}
2013-07-15,7.716971286919903e-17,0.9999999997986635,2.0133640122780278e-10,0.0,6.3179369341076275e-31,Late-Cycle,0.9999999997986635,4.694386478962191e-09,2.9167863157034998e-09,{Late-Cycle}
2013-07-16,1.4947812436383042e-06,0.9999985050994616,1.1929469092647164e-10,0.0,3.690562738498428e-35,Late-Cycle,0.9999985050994616,2.154791632231575e-05,1.3388473178022048e-05,{Late-Cycle}
2013-07-17,1.0360425197784778e-05,0.9999896395458129,2.898937513614707e-11,0.0,8.771250296844757e-37,Late-Cycle,0.9999896395458129,0.00012927306016796906,8.032186837978582e-05,{Late-Cycle}
2013-07-18,5.834194593214494e-06,0.9999941657689337,3.64730984010386e-11,0.0,9.303497008563086e-37,Late-Cycle,0.9999941657689337,7.614748431799427e-05,4.7313092185600034e-05,{Late-Cycle}
2013-07-19,0.00018188244365521398,0.9998181175523784,3.966453215761051e-12,0.0,4.0197127371977406e-39,Late-Cycle,0.9998181175523784,0.0017482648932007766,0.0010862580530097714,{Late-Cycle}
2013-07-22,2.123190928512571e-07,0.9999997876575341,2.3373128195800868e-11,0.0,6.1197876189708616e-37,Late-Cycle,0.9999997876575341,3.4752317571015674e-06,2.159282896378187e-06,{Late-Cycle}
2013-07-23,3.474413410151338e-05,0.9999652558582494,7.649180696577013e-12,0.0,4.358732560809857e-38,Late-Cycle,0.9999652558582494,0.0003914791210617774,0.0002432396540663738,{Late-Cycle}
2013-07-24,0.0004154338471706628,0.999584566147346,5.48334471916926e-12,0.0,6.823828036088979e-39,Late-Cycle,0.999584566147346,0.0036499933776991374,0.00226786839647571,{Late-Cycle}
2013-07-25,0.0025052040781769424,0.9974947959143815,7.441521980573982e-12,0.0,2.494843823597677e-38,Late-Cycle,0.9974947959143815,0.017506695552614516,0.010877521535538788,{Late-Cycle}
2013-07-26,3.8039300714047873e-05,0.9999619606853171,1.3968916901764628e-11,0.0,2.483395760328208e-37,Late-Cycle,0.9999619606853171,0.00042516074315433484,0.0002641672225251146,{Late-Cycle}
2013-07-29,3.4495604191069884e-05,0.9999655032840664,1.1117424881698141e-09,0.0,5.892715621177561e-35,Late-Cycle,0.9999655032840664,0.0003889502872206018,0.00024166840125715484,{Late-Cycle}
2013-07-30,0.45596887674132064,0.5440311232544781,4.201141397178005e-12,0.0,5.7923108399372145e-40,Late-Cycle,0.5440311232544781,0.6892646738109564,0.4282642209965828,"{Late-Cycle, Risk-On}"
2013-07-31,0.5459975426059672,0.4540024573939228,1.1006668027847226e-13,0.0,5.82490058131917e-42,Risk-On,0.5459975426059672,0.6889096437462348,0.4280436284145523,"{Risk-On, Late-Cycle}"
2013-08-01,0.32805707314728205,0.6719429268513788,1.3391979135570793e-12,0.0,1.6227861558779157e-39,Late-Cycle,0.6719429268513788,0.6327941386606247,0.3931771047344052,"{Late-Cycle, Risk-On}"
2013-08-02,0.23524701580104268,0.7647529841895997,9.357646151063522e-12,0.0,1.0094668819779244e-38,Late-Cycle,0.7647529841895997,0.5455390512191859,0.3389624706889856,"{Late-Cycle, Risk-On}"
2013-08-05,0.017738238253303867,0.9822617611223451,6.243510079127631e-10,0.0,1.8263749179461257e-35,Late-Cycle,0.9822617611223451,0.08910114619404455,0.05536165483966308,{Late-Cycle}
2013-08-06,0.1707053183541396,0.8292946816032865,4.257391347472418e-11,0.0,2.781283453821282e-38,Late-Cycle,0.8292946816032865,0.4570028251800866,0.2839518204768268,"{Late-Cycle, Risk-On}"
2013-08-07,3.11778060701397e-08,0.9999999688102719,1.1922074931835834e-11,0.0,7.369243961379501e-35,Late-Cycle,0.9999999688102719,5.703501002279674e-07,3.543784422012122e-07,{Late-Cycle}
2013-08-08,0.002513482934136345,0.9974865070376104,1.0028253272498625e-08,0.0,2.7466053242080467e-34,Late-Cycle,0.9974865070376104,0.01755644084780695,0.010908430025271827,{Late-Cycle}
2013-08-09,0.5111844392365303,0.4888155607234696,4.00000359419791e-11,0.0,6.385552440452883e-39,Risk-On,0.5111844392365303,0.6928969772958603,0.4305210980446762,"{Risk-On, Late-Cycle}"
2013-08-12,0.6052301411691853,0.3947698587581051,7.270970504502273e-11,0.0,2.467689595828064e-37,Risk-On,0.6052301411691853,0.6708339566067578,0.41681257252862536,"{Risk-On, Late-Cycle}"
2013-08-13,0.48086152060843806,0.5191384792517956,1.397663714717885e-10,0.0,1.3401557605110168e-36,Late-Cycle,0.5191384792517956,0.6924144420020275,0.4302212820094599,"{Late-Cycle, Risk-On}"
2013-08-14,0.3237356987130595,0.6762642923437122,8.943228225525938e-09,1.3784242858499978e-21,1.1798087839125662e-33,Late-Cycle,0.6762642923437122,0.6296534918844197,0.39122571117523697,"{Late-Cycle, Risk-On}"
2013-08-15,0.6079805939862587,0.39201940477322755,1.2405136264446174e-09,0.0,2.8359363033086778e-36,Risk-On,0.6079805939862587,0.6696428518273052,0.4160724975184305,"{Risk-On, Late-Cycle}"
2013-08-16,0.7180019583242343,0.2819980411531227,5.226429519981465e-10,0.0,5.210631386218865e-37,Risk-On,0.7180019583242343,0.5948305152431481,0.36958897926266165,"{Risk-On, Late-Cycle}"
2013-08-19,0.9464693527671391,0.05353064658760274,6.452581607424702e-10,0.0,4.74443588560756e-37,Risk-On,0.9464693527671391,0.20878264215131342,0.1297239492982692,{Risk-On}
2013-08-20,0.9995429074958019,0.00045709250341107864,7.870954575961998e-13,0.0,3.403055579236424e-40,Risk-On,0.9995429074958019,0.0039723149711156135,0.002468138062628286,{Risk-On}
2013-08-21,0.9999994963443588,5.03655641141823e-07,3.0365763377349926e-18,0.0,1.5851033146277926e-45,Risk-On,0.9999994963443588,7.807351857465322e-06,4.85098045544208e-06,{Risk-On}
2013-08-22,0.9999999926738208,7.326179241315445e-09,1.0068639720557794e-21,0.0,3.842294848829321e-49,Risk-On,0.9999999926738208,1.4455678935823238e-07,8.981818325604491e-08,{Risk-On}
2013-08-23,0.9999999473077174,5.2692282625728004e-08,1.8836810963874657e-20,0.0,8.969663681610121e-48,Risk-On,0.9999999473077174,9.357495404237764e-07,5.814138794633939e-07,{Risk-On}
2013-08-26,0.9999999983924206,1.607579449251453e-09,4.153264254670756e-22,0.0,3.8947642123579663e-50,Risk-On,0.9999999983924206,3.415671046658218e-08,2.122275746252545e-08,{Risk-On}
2013-08-27,0.9999999976925679,2.3074321703429087e-09,6.643863517805109e-23,0.0,1.7853537865260288e-51,Risk-On,0.9999999976925679,4.819363716634075e-08,2.9944390394938004e-08,{Risk-On}
2013-08-28,0.9999999994953293,5.046707021518165e-10,1.5494459365801913e-24,0.0,1.7979345555910024e-53,Risk-On,0.9999999994953293,1.130621550618875e-08,7.024946671654656e-09,{Risk-On}
2013-08-29,0.9999999999317256,6.827434159433684e-11,3.8838389404302306e-27,0.0,1.4712846913328057e-57,Risk-On,0.9999999999317256,1.664412430514214e-09,1.0341575885937538e-09,{Risk-On}
2013-08-30,0.999999999947845,5.215495340541516e-11,5.025873325192238e-28,3.068445042851836e-93,4.111041626530109e-58,Risk-On,0.999999999947845,1.2850269379201893e-09,7.984321283799792e-10,{Risk-On}
2013-09-02,0.9999999999442514,5.57485838839672e-11,1.0085436281153735e-28,1.3136204925098328e-101,2.0409830601744467e-59,Risk-On,0.9999999999442514,1.3699910060447413e-09,8.512232720880662e-10,{Risk-On}
2013-09-03,0.9999999999999946,5.474914648940501e-15,1.112402540295365e-35,9.632238536209827e-21,5.627329315124804e-67,Risk-On,0.9999999999999946,-8.432899299715944e-13,-5.239654934536803e-13,{Risk-On}
2013-09-04,0.9999999999999999,7.877539418531973e-17,1.847855963572354e-39,0.0,1.1381192668556557e-71,Risk-On,0.9999999999999999,-9.97690217602084e-13,-6.198997860645558e-13,{Risk-On}
2013-09-05,0.9999999999998803,1.1973593760277202e-13,4.167550156826947e-35,0.0,9.083781550461038e-67,Risk-On,0.9999999999998803,2.414478078788063e-12,1.5001995790793983e-12,{Risk-On}
2013-09-06,0.9999999999999465,5.3532239804117034e-14,2.8377104599950714e-35,0.0,1.0561100312778688e-66,Risk-On,0.9999999999999465,5.297826685910619e-13,3.2917247971984397e-13,{Risk-On}
2013-09-09,0.9999999999999807,1.9346803484507878e-14,5.4258868203225886e-36,0.0,3.228087980600572e-67,Risk-On,0.9999999999999807,-4.4656980844212796e-13,-2.7746942270468795e-13,{Risk-On}
2013-09-10,0.9999999999983247,1.6753606052285242e-12,1.5891029271584377e-34,0.0,3.6568168718966305e-66,Risk-On,0.9999999999983247,4.531857706344295e-11,2.815801511404905e-11,{Risk-On}
2013-09-11,0.9999999999999997,3.5546955830620585e-16,6.106907862757585e-39,0.0,2.411070670700581e-70,Risk-On,0.9999999999999997,-9.898229508365163e-13,-6.150115783836088e-13,{Risk-On}
2013-09-12,0.999999999997892,2.1079437732770653e-12,2.4394630063931042e-34,0.0,1.2104164027115098e-64,Risk-On,0.999999999997892,5.696231474049336e-11,3.539267610164845e-11,{Risk-On}
2013-09-13,0.9999999999606373,3.936274731925416e-11,1.7625321981756739e-32,4.0683777102651673e-72,4.382168027283994e-63,Risk-On,0.9999999999606373,9.804358705498453e-10,6.091790574679842e-10,{Risk-On}
2013-09-16,0.999999999999921,7.902605963120293e-14,8.719174853747572e-35,1.1236691480172099e-92,2.8580107314397887e-65,Risk-On,0.999999999999921,1.2565190709114293e-12,7.807191946976571e-13,{Risk-On}
2013-09-17,0.9999999999999429,5.706006191933863e-14,2.2950390533813754e-35,0.0,2.8925582059999496e-66,Risk-On,0.9999999999999429,6.304379886135785e-13,3.9171314639911114e-13,{Risk-On}
2013-09-18,0.9999998477970035,1.5220299658097653e-07,4.9525406330823e-31,0.0,5.361270304493912e-61,Risk-On,0.9999998477970035,2.5414913424998315e-06,1.5791173569759528e-06,{Risk-On}
2013-09-19,0.9065525028411314,0.09344749715886858,1.0848413281817529e-23,0.0,2.3755444997890556e-51,Risk-On,0.9065525028411314,0.31044233254316256,0.19288866637523916,{Risk-On}
2013-09-20,0.9999975494119678,2.4505880321570705e-06,1.2005613846289653e-24,0.0,1.7395988263910927e-54,Risk-On,0.9999975494119678,3.4110177169524715e-05,2.1193844699443403e-05,{Risk-On}
2013-09-23,0.9999999906937352,9.306264697831706e-09,2.1260307626995177e-29,0.0,3.583720035323533e-58,Risk-On,0.9999999906937352,1.8140109097827105e-07,1.1271083499202624e-07,{Risk-On}
2013-09-24,0.9999987866206393,1.2133793607028527e-06,5.144376091535026e-26,2.3258549255233715e-196,2.239052058724258e-53,Risk-On,0.9999987866206393,1.774215310770214e-05,1.1023819540120723e-05,{Risk-On}
2013-09-25,0.9999995545027617,4.4549723827400663e-07,3.680857519033236e-27,0.0,1.0074066252227543e-55,Risk-On,0.9999995545027617,6.960480070018908e-06,4.324789428808681e-06,{Risk-On}
2013-09-26,0.9999999874583662,1.2541633714329956e-08,3.4906643076214484e-29,0.0,5.5571577403857494e-58,Risk-On,0.9999999874583662,2.40724776826744e-07,1.4957071345652215e-07,{Risk-On}
2013-09-27,0.9999996864617468,3.1353825324495754e-07,4.680956114957561e-28,0.0,3.840895296117391e-57,Risk-On,0.9999996864617468,5.00887954922853e-06,3.112191846936887e-06,{Risk-On}
2013-09-30,0.9999997136331311,2.863668689373079e-07,6.503545055357971e-29,0.0,2.974927899406128e-59,Risk-On,0.9999997136331311,4.600765810048884e-06,2.858616523510823e-06,{Risk-On}
2013-10-01,0.9999999375808916,6.241910849277633e-08,1.1107516178505624e-30,0.0,1.933640221991864e-61,Risk-On,0.9999999375808916,1.0979123143167157e-06,6.821712759681685e-07,{Risk-On}
2013-10-02,0.9999996999015098,3.0009849022046e-07,9.267470448307698e-31,0.0,7.5416662680849765e-62,Risk-On,0.9999996999015098,4.807322219692043e-06,2.9869572367793235e-06,{Risk-On}
2013-10-03,0.9999951473355964,4.852664403689889e-06,7.563487703193913e-29,0.0,3.416652269866548e-59,Risk-On,0.9999951473355964,6.422976804179649e-05,3.990819872302867e-05,{Risk-On}
2013-10-04,0.9998016732845195,0.00019832671548050695,2.435205700662646e-25,0.0,8.240366515120852e-55,Risk-On,0.9998016732845195,0.0018891602614175974,0.001173801267400522,{Risk-On}
2013-10-07,0.9999413972762187,5.8602723781288706e-05,1.8557802473164283e-28,0.0,5.549292098631116e-59,Risk-On,0.9999413972762187,0.000629668688878701,0.0003912351535986843,{Risk-On}
2013-10-08,0.028393379406025425,0.9716066205939746,2.250210042166711e-23,0.0,5.679055295666618e-51,Late-Cycle,0.9716066205939746,0.1291122569208046,0.08022195570473192,{Late-Cycle}
2013-10-09,0.6354278486016068,0.36457215139839316,1.0784060591312592e-20,0.0,7.646883426697176e-52,Risk-On,0.6354278486016068,0.6560035640644455,0.4075979315488544,"{Risk-On, Late-Cycle}"
2013-10-10,0.9999866366400332,1.3363359966858972e-05,5.481720615293204e-29,0.0,3.888957892218601e-63,Risk-On,0.9999866366400332,0.0001633401764284552,0.00010148895783212967,{Risk-On}
2013-10-11,0.9999422368479642,5.7763152035771785e-05,2.8734400975608835e-29,0.0,7.017651535560066e-61,Risk-On,0.9999422368479642,0.0006214812952836624,0.0003861480399350972,{Risk-On}
2013-10-14,0.9870029217083435,0.012997078291656554,4.256627777963946e-25,6.377815278609419e-18,4.749598007809543e-55,Risk-On,0.9870029217083435,0.06935895789857832,0.04309514356703603,{Risk-On}
2013-10-15,0.9998367547011102,0.00016324529888979067,2.897993908176985e-26,6.569931732722876e-29,4.307194236644011e-58,Risk-On,0.9998367547011102,0.0015867728646276255,0.0009859174140043735,{Risk-On}
2013-10-16,0.9962788043846362,0.0037211956153638233,3.5007406024118363e-26,0.0,3.305049167387896e-56,Risk-On,0.9962788043846362,0.02452955345531459,0.015241068490934392,{Risk-On}
2013-10-17,0.007699709838755493,0.9923002901612445,3.8548311757917414e-23,0.0,7.247151750782385e-52,Late-Cycle,0.9923002901612445,0.04514118788834816,0.028047797022549947,{Late-Cycle}
2013-10-18,7.241468132470713e-08,0.9999999275853186,2.265017671943386e-20,0.0,3.5750845605890276e-49,Late-Cycle,0.9999999275853186,1.2629720830095525e-06,7.84728676547357e-07,{Late-Cycle}
2013-10-21,1.7792838738589974e-06,0.9999982207161261,3.223351584418702e-19,0.0,3.183256588479602e-48,Late-Cycle,0.9999982207161261,2.5335752557432045e-05,1.574198815729056e-05,{Late-Cycle}
2013-10-22,4.6218445910667597e-10,0.9999999995378155,2.9813082537186725e-18,1.4566772523490396e-157,5.850508357512083e-46,Late-Cycle,0.9999999995378155,1.0394867010143064e-08,6.458694013503109e-09,{Late-Cycle}
2013-10-23,9.147419065022675e-10,0.999999999085258,6.537229189232629e-17,0.0,1.1240702620382719e-43,Late-Cycle,0.999999999085258,1.9950699714579435e-08,1.239606670157668e-08,{Late-Cycle}
2013-10-24,8.66107023155396e-08,0.9999999133892975,1.7004268727019812e-16,0.0,1.1149098680532047e-43,Late-Cycle,0.9999999133892975,1.495058298640601e-06,9.289319501486625e-07,{Late-Cycle}
2013-10-25,1.1478989613955673e-05,0.999988521010386,6.661975926027056e-18,0.0,2.0970945298657037e-46,Late-Cycle,0.999988521010386,0.00014205233886545839,8.826208067300939e-05,{Late-Cycle}
2013-10-28,2.531171117809373e-07,0.9999997468828882,3.2340789773710225e-18,0.0,1.7297636662770161e-46,Late-Cycle,0.9999997468828882,4.097815570594074e-06,2.5461159693924273e-06,{Late-Cycle}
2013-10-29,3.668534816020425e-08,0.9999999633146518,1.3906214718884543e-17,0.0,1.325191514138803e-45,Late-Cycle,0.9999999633146518,6.647690995073741e-07,4.130442649396664e-07,{Late-Cycle}
2013-10-30,7.427737991241761e-16,0.9999999999999962,3.039861416400434e-15,0.0,1.028668307828937e-39,Late-Cycle,0.9999999999999962,-8.91805847032738e-13,-5.541101276059655e-13,{Late-Cycle}
2013-10-31,6.593619447533667e-13,0.9999999999993084,3.2232440792564854e-14,0.0,6.012580772054037e-40,Late-Cycle,0.9999999999993084,1.846609382466657e-11,1.1473629198120855e-11,{Late-Cycle}
2013-11-01,2.7201798704693643e-12,0.9999999999972735,6.2511968456478616e-15,0.0,4.807229474564475e-41,Late-Cycle,0.9999999999972735,7.348684706032961e-11,4.56599453092221e-11,{Late-Cycle}
2013-11-04,1.308105856854891e-10,0.999999999869179,1.0394147768762219e-14,0.0,3.1092776979981487e-41,Late-Cycle,0.999999999869179,3.1060038545761966e-09,1.9298687017250034e-09,{Late-Cycle}
2013-11-05,1.8503102950177195e-07,0.9999998149689693,1.1930872860269846e-15,0.0,3.3729219266754406e-43,Late-Cycle,0.9999998149689693,3.053517414256218e-06,1.8972570427635225e-06,{Late-Cycle}
2013-11-06,7.109671591472334e-09,0.9999999928903264,1.9911335922123855e-15,0.0,1.1617145557241488e-42,Late-Cycle,0.9999999928903264,1.4049803473281332e-07,8.729633721646664e-08,{Late-Cycle}
2013-11-07,7.090201341451044e-09,0.9999999929097914,7.252948598971806e-15,0.0,1.477246932101152e-41,Late-Cycle,0.9999999929097914,1.4013286152693234e-07,8.706944234648765e-08,{Late-Cycle}
2013-11-08,6.536171210854699e-12,0.9999999999932735,1.9034471955477449e-13,0.0,1.6348587137016162e-38,Late-Cycle,0.9999999999932735,1.7835266967144527e-10,1.1081674433883951e-10,{Late-Cycle}
2013-11-11,9.08546516264792e-12,0.9999999999908046,1.0990411640949654e-13,0.0,9.851015441251586e-40,Late-Cycle,0.9999999999908046,2.4126405115415735e-10,1.499057834354552e-10,{Late-Cycle}
2013-11-12,2.9126328755477354e-16,0.9999999999978871,2.1125857060902024e-12,0.0,5.307484978474361e-36,Late-Cycle,0.9999999999978871,5.7095092168761704e-11,3.547517535635256e-11,{Late-Cycle}
2013-11-13,5.1691828906917345e-14,0.9999999999989395,1.0087412126995602e-12,0.0,6.0466804309737386e-37,Late-Cycle,0.9999999999989395,2.865514431280221e-11,1.7804442216391196e-11,{Late-Cycle}
2013-11-14,4.658752531834975e-11,0.9999999999531823,2.3012418731186733e-13,0.0,3.1203864243076524e-38,Late-Cycle,0.9999999999531823,1.1594418747427403e-09,7.204017413689542e-10,{Late-Cycle}
2013-11-15,2.906766434405516e-13,0.9999999999967123,2.9970704787960806e-12,0.0,4.818206476541388e-36,Late-Cycle,0.9999999999967123,8.890473864391194e-11,5.523961996735442e-11,{Late-Cycle}
2013-11-18,1.8331384593198363e-17,0.9999999999916341,8.365833834686997e-12,0.0,4.990267256735429e-34,Late-Cycle,0.9999999999916341,2.1980798127810244e-10,1.3657437766311018e-10,{Late-Cycle}
2013-11-19,6.279161165390516e-12,0.9999999997226736,2.710471910539163e-10,0.0,7.779501675306362e-34,Late-Cycle,0.9999999997226736,6.407188541934962e-09,3.981010073414255e-09,{Late-Cycle}
2013-11-20,1.849953977984246e-08,0.9999999814979909,2.469329977688627e-12,0.0,1.8735735628278456e-37,Late-Cycle,0.9999999814979909,3.4795909258896783e-07,2.1619914002318824e-07,{Late-Cycle}
2013-11-21,1.9864467710958518e-11,0.9999999999782946,1.8409713016018796e-12,0.0,8.017393852308595e-37,Late-Cycle,0.9999999999782946,5.58177439721265e-10,3.4681514298186385e-10,{Late-Cycle}
2013-11-22,5.805542476945024e-12,0.9999999999735236,2.0670826233556743e-11,0.0,1.5945556897580815e-35,Late-Cycle,0.9999999999735236,6.823292178590028e-10,4.2395497992653465e-10,{Late-Cycle}
2013-11-25,6.769977682487621e-11,0.9999999997510073,1.8129293689356076e-10,0.0,2.4802670480823593e-33,Late-Cycle,0.9999999997510073,5.897821590826375e-09,3.664522592180372e-09,{Late-Cycle}
2013-11-26,5.211946858953361e-12,0.9999999998614452,1.3334286398032406e-10,0.0,1.3075266372463236e-33,Late-Cycle,0.9999999998614452,3.303013540072134e-09,2.0522777017702314e-09,{Late-Cycle}
2013-11-27,3.0066542986209676e-13,0.99999999982156,1.781393805717887e-10,0.0,1.2456802703790028e-32,Late-Cycle,0.99999999982156,4.183625353196844e-09,2.599432585050494e-09,{Late-Cycle}
2013-11-28,6.857716401974734e-11,0.9999999998413521,9.007073402831768e-11,0.0,1.2932478575811327e-33,Late-Cycle,0.9999999998413521,3.8439506467671726e-09,2.388380823559459e-09,{Late-Cycle}
2013-11-29,3.2521850477606747e-10,0.9999999996131617,6.161978217567854e-11,0.0,1.5409412906098083e-33,Late-Cycle,0.9999999996131617,8.937425170096563e-09,5.553134483193376e-09,{Late-Cycle}
2013-12-02,1.3114131740346073e-10,0.9999999997557308,1.1312779174452191e-10,0.0,1.5241315519291407e-32,Late-Cycle,0.9999999997557308,5.816274280903904e-09,3.6138543997061805e-09,{Late-Cycle}
2013-12-03,2.239552155461992e-08,0.9999999774653037,1.3892296261458389e-10,2.518198565427704e-13,1.0584335089208547e-32,Late-Cycle,0.9999999774653037,4.2017553278920287e-07,2.610697371691294e-07,{Late-Cycle}
2013-12-04,8.604816644255802e-09,0.9999999908931375,5.02045829713187e-10,8.099940706378978e-50,4.898994712670134e-31,Late-Cycle,0.9999999908931375,1.7965339993628266e-07,1.1162493349282196e-07,{Late-Cycle}
2013-12-05,6.325608597739523e-14,0.9999999961614794,3.83845731606944e-09,0.0,3.0476123585278732e-27,Late-Cycle,0.9999999961614794,7.82206401973867e-08,4.860121635825421e-08,{Late-Cycle}
2013-12-06,9.604168153443284e-13,0.9999999680134183,3.198562135032407e-08,0.0,6.0087338541973146e-27,Late-Cycle,0.9999999680134183,5.840176653630285e-07,3.628705778899946e-07,{Late-Cycle}
2013-12-09,4.999773478027102e-12,0.9999998747448914,1.252501088863105e-07,0.0,6.990181172420294e-26,Late-Cycle,0.9999998747448914,2.115976413729613e-06,1.3147300665543713e-06,{Late-Cycle}
2013-12-10,7.40455786874576e-09,0.9999998814571222,1.1113832001661791e-07,0.0,1.1084983865668922e-26,Late-Cycle,0.9999998814571222,2.03676312784905e-06,1.26551208475552e-06,{Late-Cycle}
2013-12-11,1.1160721400937051e-07,0.9999998846671053,3.72568071129403e-09,0.0,5.634900379965473e-30,Late-Cycle,0.9999998846671053,1.974277508351158e-06,1.2266875864538802e-06,{Late-Cycle}
2013-12-12,7.895004058490211e-06,0.9999921046421408,3.538006737731304e-10,0.0,7.781819900700765e-32,Late-Cycle,0.9999921046421408,0.00010066363961646181,6.254583593362665e-05,{Late-Cycle}
2013-12-13,1.2125361175384286e-06,0.9999987873521109,1.1177161770069078e-10,0.0,2.703105141056324e-32,Late-Cycle,0.9999987873521109,1.7733338045653137e-05,1.1018342434119367e-05,{Late-Cycle}
2013-12-16,4.7934757107234476e-05,0.9999520648723919,3.705008883417317e-10,0.0,8.839678483766885e-33,Late-Cycle,0.9999520648723919,0.0005246852828314671,0.00032600529587248106,{Late-Cycle}
2013-12-17,0.0009490467175875595,0.9990509530999712,1.8244125523738132e-10,0.0,2.8029183311716387e-33,Late-Cycle,0.9990509530999712,0.007554015510712605,0.004693573733010909,{Late-Cycle}
2013-12-18,0.0001999474261758521,0.999800052427957,1.4586714772851849e-10,0.0,2.919317790793442e-33,Late-Cycle,0.999800052427957,0.001902974305624476,0.0011823844156538066,{Late-Cycle}
2013-12-19,1.8954062648454938e-05,0.9999810458341949,1.0315664532839318e-10,0.0,2.4499678875332926e-33,Late-Cycle,0.9999810458341949,0.00022505320877666587,0.00013983342074768034,{Late-Cycle}
2013-12-20,9.975208192786356e-06,0.9999900245423105,2.494967786143295e-10,0.0,1.2907503175296906e-32,Late-Cycle,0.9999900245423105,0.00012484951117449635,7.757336285540521e-05,{Late-Cycle}
2013-12-23,8.939885566641603e-05,0.9999106003558366,7.884970079072605e-10,0.0,2.0697582270719855e-32,Late-Cycle,0.9999106003558366,0.0009228243037954388,0.0005733829784087583,{Late-Cycle}
2013-12-24,0.0010593714159752422,0.9989406285687523,1.5272429012148988e-11,9.700709621636768e-26,8.208264250732052e-36,Late-Cycle,0.9989406285687523,0.008315588949479737,0.005166765915749624,{Late-Cycle}
2013-12-25,0.000338771657794103,0.9996612283160857,2.6120151541387138e-11,0.0,6.258712656797605e-36,Late-Cycle,0.9996612283160857,0.0030455628934224054,0.0018923146210817923,{Late-Cycle}
2013-12-26,0.0011086323135266903,0.9988913675287459,1.5772741094604895e-10,0.0,1.0292321258909673e-34,Late-Cycle,0.9988913675287459,0.008651851942503074,0.005375697860514598,{Late-Cycle}
2013-12-27,0.0007296456800926072,0.9992703542872894,3.261796011744382e-11,0.0,2.528854305190412e-36,Late-Cycle,0.9992703542872894,0.005999575608928229,0.0037277459183588644,{Late-Cycle}
2013-12-30,0.001200903964022003,0.9987990960315418,4.436151109484079e-12,0.0,3.7510169767959673e-38,Late-Cycle,0.9987990960315418,0.00927587841985428,0.005763427310983074,{Late-Cycle}
2013-12-31,5.22918323245633e-07,0.9999994770762917,5.385061896955248e-12,0.0,7.402639772130703e-37,Late-Cycle,0.9999994770762917,8.086467633294121e-06,5.024404837751222e-06,{Late-Cycle}
2014-01-01,2.3382229427462387e-05,0.999976617758046,1.2526549975966671e-11,0.0,5.873721778923595e-37,Late-Cycle,0.999976617758046,0.00027271948442910554,0.00016945014301088937,{Late-Cycle}
2014-01-02,0.016049286548714556,0.9839507134313544,1.993105967862644e-11,0.0,1.2546585440979048e-37,Late-Cycle,0.9839507134313544,0.08223691329306869,0.05109666713933331,{Late-Cycle}
2014-01-03,0.10824214648450642,0.8917578535102613,5.232281758230929e-12,0.0,3.4283415812691284e-38,Late-Cycle,0.8917578535102613,0.3428242645285636,0.21300869196630215,"{Late-Cycle, Risk-On}"
2014-01-06,0.03980358375908796,0.9601964161168065,1.2410557075258543e-10,0.0,6.46494306276564e-36,Late-Cycle,0.9601964161168065,0.16731942616924286,0.10396140470941832,{Late-Cycle}
2014-01-07,0.3340052977192574,0.6659947022800978,6.447449194152323e-13,0.0,1.862575566222982e-40,Late-Cycle,0.6659947022800978,0.6369789229147514,0.3957772573850891,"{Late-Cycle, Risk-On}"
2014-01-08,0.3142983511225897,0.6857016488586221,1.8788307319674626e-11,0.0,2.3745399181163513e-37,Late-Cycle,0.6857016488586221,0.6224967794957427,0.3867789957515564,"{Late-Cycle, Risk-On}"
2014-01-09,0.9968200154259483,0.0031799845740496753,1.965184234590071e-15,0.0,7.16892387470214e-43,Risk-On,0.9968200154259483,0.021462629347707887,0.013335481401235284,{Risk-On}
2014-01-10,0.9998937675955392,0.00010623240446080909,9.745190633275903e-18,0.0,2.253667931202242e-44,Risk-On,0.9998937675955392,0.0010782406579539893,0.0006699485886493548,{Risk-On}
2014-01-13,0.9999270202708354,7.297972916459408e-05,3.586673355300748e-18,0.0,1.63415335463313e-43,Risk-On,0.9999270202708354,0.0007681329828844013,0.00047726785665355893,{Risk-On}
2014-01-14,0.9999722541834909,2.7745816509128362e-05,1.665215070845332e-20,0.0,3.434114816786385e-47,Risk-On,0.9999722541834909,0.00031886634184857723,0.00019812279764574856,{Risk-On}
2014-01-15,0.9946373265113254,0.005362673488674618,8.274262464524011e-18,0.0,8.590026433623046e-44,Risk-On,0.9946373265113254,0.03338589492844853,0.020743822840581645,{Risk-On}
2014-01-16,0.8633296866132726,0.13667031338672705,3.5749298840629697e-16,0.0,1.3816455616750864e-41,Risk-On,0.8633296866132726,0.39887278738628024,0.2478335972482644,"{Risk-On, Late-Cycle}"
2014-01-17,0.6411906688703054,0.3588093311296891,5.391680038942667e-15,0.0,1.749958125807868e-40,Risk-On,0.6411906688703054,0.652730048537934,0.4055639819934095,"{Risk-On, Late-Cycle}"
2014-01-20,0.36065843942825243,0.6393415605717255,2.2087242612935673e-14,0.0,6.6597790300289506e-40,Late-Cycle,0.6393415605717255,0.6537960966340898,0.40622635491747183,"{Late-Cycle, Risk-On}"
2014-01-21,7.147736968274627e-06,0.9999928522630289,2.758380215070293e-15,0.0,1.1578260827094176e-39,Late-Cycle,0.9999928522630289,9.183920601370588e-05,5.706290705853265e-05,{Late-Cycle}
2014-01-22,3.4325201084324506e-05,0.9999656747987486,1.67033212241392e-13,0.0,6.586358661166473e-39,Late-Cycle,0.9999656747987486,0.00038717500722487783,0.0002405653577771867,{Late-Cycle}
2014-01-23,9.986209757236993e-05,0.9999001379023135,1.1411645252766568e-13,0.0,5.3902959999067154e-39,Late-Cycle,0.9999001379023135,0.00101975882864163,0.0006336117850606337,{Late-Cycle}
2014-01-24,3.7284080637749466e-05,0.9999627159192752,8.702049511387189e-14,0.0,4.4739917364095946e-39,Late-Cycle,0.9999627159192752,0.00041746707270320314,0.00025938687629883743,{Late-Cycle}
2014-01-27,0.0003567872761329565,0.9996432127238035,6.354175983040736e-14,0.0,1.1737757252926404e-39,Late-Cycle,0.9996432127238035,0.0031890333212259486,0.0019814578099523463,{Late-Cycle}
2014-01-28,0.0001547108230169062,0.9998452891769558,2.730978638929714e-14,0.0,2.1390419578471273e-40,Late-Cycle,0.9998452891769558,0.0015121243186826732,0.0009395356645946965,{Late-Cycle}
2014-01-29,0.012245814941798168,0.9877541850581463,5.552531221393365e-14,0.0,3.1682091398972684e-40,Late-Cycle,0.9877541850581463,0.0660835971946211,0.04106004753838365,{Late-Cycle}
2014-01-30,0.004397759971278572,0.9956022400287129,8.515985347514178e-15,0.0,6.933311553502618e-42,Late-Cycle,0.9956022400287129,0.02825322358860888,0.01755471482952638,{Late-Cycle}
2014-01-31,0.00010652578850874635,0.9998934742114863,4.942533782925366e-15,0.0,1.1787197880130163e-41,Late-Cycle,0.9998934742114863,0.0010809246513680158,0.0006716162475216173,{Late-Cycle}
2014-02-03,4.38962747096559e-06,0.9999956103725252,3.933254003804002e-15,0.0,4.068069833713967e-41,Late-Cycle,0.9999956103725252,5.854122891916044e-05,3.637371063952581e-05,{Late-Cycle}
2014-02-04,7.679896058527201e-10,0.9999999992316674,3.429656961531713e-13,0.0,2.4673461351403624e-37,Late-Cycle,0.9999999992316674,1.6893694602280015e-08,1.049664263017772e-08,{Late-Cycle}
2014-02-05,1.2989022464994663e-05,0.9999870109773653,1.6966488515358673e-13,0.0,2.5965569567985625e-39,Late-Cycle,0.9999870109773653,0.00015913370601438858,9.887533081267863e-05,{Late-Cycle}
2014-02-06,7.024078244415102e-08,0.9999999297589838,2.338227070105207e-13,0.0,3.5763912227108307e-39,Late-Cycle,0.9999999297589838,1.227205006505673e-06,7.625053424084304e-07,{Late-Cycle}
2014-02-07,1.1191844750734683e-07,0.9999998880814057,1.467645182132911e-13,0.0,3.6684177601214695e-39,Late-Cycle,0.9999998880814057,1.9032308175065644e-06,1.1825437954472777e-06,{Late-Cycle}
2014-02-10,5.246862017485315e-06,0.9999947531379431,3.945565346952112e-14,0.0,1.3276819120317193e-40,Late-Cycle,0.9999947531379431,6.903756811264656e-05,4.2895452865425995e-05,{Late-Cycle}
2014-02-11,6.0770957988641705e-09,0.9999999939224172,4.869046259371513e-13,0.0,6.386026239781451e-38,Late-Cycle,0.9999999939224172,1.2105983218392997e-07,7.521870290779972e-08,{Late-Cycle}
2014-02-12,7.386558065722933e-10,0.9999999992552459,6.098307345538282e-12,0.0,8.446137828149858e-36,Late-Cycle,0.9999999992552459,1.6430422136633887e-08,1.0208795263052214e-08,{Late-Cycle}
2014-02-13,3.717729909523092e-08,0.9999999628131571,9.543872732004713e-12,0.0,1.1344792564145952e-35,Late-Cycle,0.9999999628131571,6.734392219988381e-07,4.18431314930524e-07,{Late-Cycle}
2014-02-14,7.614481654694814e-09,0.9999999922987052,8.681309345807019e-11,0.0,5.2437335783159215e-34,Late-Cycle,0.9999999922987052,1.5204865689866798e-07,9.447314228401074e-08,{Late-Cycle}
2014-02-17,1.4123586375715595e-08,0.999999985832568,4.3845566010817954e-11,0.0,3.151947946412636e-34,Late-Cycle,0.999999985832568,2.704999258088707e-07,1.6807105370083453e-07,{Late-Cycle}
2014-02-18,1.2329725714429706e-08,0.9999999873824269,2.878473235976524e-10,1.6816750429498006e-38,2.2891856191394997e-33,Late-Cycle,0.9999999873824269,2.4347792642164744e-07,1.5128134147990431e-07,{Late-Cycle}
2014-02-19,4.317206772211848e-05,0.9999568278687785,6.349938830132106e-11,0.0,3.1935956036441917e-35,Late-Cycle,0.9999568278687785,0.00047706564704266184,0.00029641755258589115,{Late-Cycle}
2014-02-20,8.946648284076632e-07,0.9999991048940364,4.4113518820224553e-10,0.0,1.0878072380161032e-32,Late-Cycle,0.9999991048940364,1.3364438409908394e-05,8.303792464846396e-06,{Late-Cycle}
2014-02-21,5.131536772727378e-07,0.9999994858360333,1.0102894306770018e-09,0.0,1.349899826754791e-31,Late-Cycle,0.9999994858360333,7.966932861224655e-06,4.950133707969842e-06,{Late-Cycle}
2014-02-24,1.0843740196996107e-07,0.9999998874023237,4.160274327480032e-09,0.0,2.2156556254735646e-30,Late-Cycle,0.9999998874023237,1.9318990080611607e-06,1.2003563437494604e-06,{Late-Cycle}
2014-02-25,0.0020985394656301017,0.9979014605332741,1.0958264521258176e-12,0.0,4.871730516589194e-36,Late-Cycle,0.9979014605332741,0.01503700831762319,0.009343018579002743,{Late-Cycle}
2014-02-26,1.59543910555663e-17,0.9999999999999991,8.766861666161036e-16,0.0,2.988962553365119e-32,Late-Cycle,0.9999999999999991,-9.745369205606516e-13,-6.055138337624781e-13,{Late-Cycle}
2014-02-27,6.892397692976074e-05,0.9999310760205253,2.5449441144933742e-12,0.0,8.536153477132334e-33,Late-Cycle,0.9999310760205253,0.0007293861223647104,0.00045319307860816637,{Late-Cycle}
2014-02-28,0.0001400640934612053,0.999859935903201,3.337812102306016e-12,0.0,2.811742536785686e-33,Late-Cycle,0.999859935903201,0.0013829005604372572,0.0008592444292217338,{Late-Cycle}
2014-03-03,1.0028753206859214e-05,0.9999899711844554,6.23376923405592e-11,0.0,2.8773882847959415e-31,Late-Cycle,0.9999899711844554,0.00012546172077574998,7.795375006793691e-05,{Late-Cycle}
2014-03-04,5.239296864645802e-05,0.9999476069649699,6.638366830657107e-11,0.0,2.0762295705570233e-31,Late-Cycle,0.9999476069649699,0.0005688169887040333,0.000353425866452816,{Late-Cycle}
2014-03-05,3.6411100145601027e-09,0.9999999963392562,1.9633815328174957e-11,0.0,3.721728582620302e-30,Late-Cycle,0.9999999963392562,7.489214199624261e-08,4.653310414626456e-08,{Late-Cycle}
2014-03-06,1.4686382690325828e-08,0.9999999837861127,1.5275046650903632e-09,0.0,1.6006336857495195e-27,Late-Cycle,0.9999999837861127,3.12107334455136e-07,1.9392319022925684e-07,{Late-Cycle}
2014-03-07,3.6534356547814453e-10,0.9999999932722776,6.3623787867003785e-09,0.0,3.302931204440341e-26,Late-Cycle,0.9999999932722776,1.347400127511849e-07,8.371867700531872e-08,{Late-Cycle}
2014-03-10,8.22434995393091e-09,0.9999999861167693,5.658880573925759e-09,0.0,5.847273035880007e-27,Late-Cycle,0.9999999861167693,2.7444846647418685e-07,1.705244199567247e-07,{Late-Cycle}
2014-03-11,6.394413876275172e-08,0.9999999004468322,3.56090290199615e-08,0.0,1.045836464326261e-26,Late-Cycle,0.9999999004468322,1.7695197739987063e-06,1.0994644529794253e-06,{Late-Cycle}
2014-03-12,1.0889260351534292e-07,0.9999997806345955,1.1047280095590831e-07,0.0,3.5759492814844073e-26,Late-Cycle,0.9999997806345955,3.734835183987613e-06,2.3205835746338794e-06,{Late-Cycle}
2014-03-13,8.382723244432438e-05,0.9999161316955659,4.107198973713254e-08,0.0,2.9635354003781233e-28,Late-Cycle,0.9999161316955659,0.0008714288292325719,0.0005414491745845792,{Late-Cycle}
2014-03-14,0.0001956067084048267,0.9998043882932266,4.998368578818695e-09,0.0,3.552652022596225e-30,Late-Cycle,0.9998043882932266,0.001866052916987798,0.0011594438670613862,{Late-Cycle}
2014-03-17,4.097347194134822e-08,0.999999910155473,4.887105514429865e-08,0.0,5.6795989923521544e-27,Late-Cycle,0.999999910155473,1.609513531081821e-06,1.000046984507533e-06,{Late-Cycle}
2014-03-18,2.7165818156508642e-09,0.9999996839827863,3.13300631883792e-07,0.0,8.377913889656947e-25,Late-Cycle,0.9999996839827863,5.061618143472311e-06,3.1449601779401124e-06,{Late-Cycle}
2014-03-19,3.990151603064088e-06,0.9999959140374157,9.5810981159988e-08,0.0,4.401542285222379e-27,Late-Cycle,0.9999959140374157,5.523863501925564e-05,3.4321693674851486e-05,{Late-Cycle}
2014-03-20,3.0630519897009275e-08,0.9999998448096706,1.2455980951530744e-07,0.0,5.149207537449452e-26,Late-Cycle,0.9999998448096706,2.665445800250313e-06,1.6561345918707206e-06,{Late-Cycle}
2014-03-21,7.753221358590911e-07,0.9999987603758844,4.643019796723892e-07,0.0,1.3939527593061917e-25,Late-Cycle,0.9999987603758844,1.891918362454476e-05,1.17551497192778e-05,{Late-Cycle}
2014-03-24,2.132055732901215e-06,0.9999976407268638,2.2721740334077228e-07,0.0,1.3913018779397475e-26,Late-Cycle,0.9999976407268638,3.367638100351496e-05,2.092431198702352e-05,{Late-Cycle}
2014-03-25,0.0001303241639820992,0.999869658498677,1.7337340904537436e-08,0.0,9.158903703045693e-29,Late-Cycle,0.999869658498677,0.0012964557665069488,0.0008055332588420265,{Late-Cycle}
2014-03-26,1.9759668840508346e-06,0.9999979599079327,6.4125183228091e-08,2.4807974469588605e-79,1.2693516164837625e-27,Late-Cycle,0.9999979599079327,2.9055399370505317e-05,1.805313466647631e-05,{Late-Cycle}
2014-03-27,1.6336198824110822e-05,0.999983402002865,2.6179831092887463e-07,0.0,3.412305871861749e-27,Late-Cycle,0.999983402002865,0.00020062525099629795,0.00012465547719879048,{Late-Cycle}
2014-03-28,1.8963758465723698e-06,0.9999975822379845,5.213861688842725e-07,0.0,3.9498601858974133e-26,Late-Cycle,0.9999975822379845,3.494635743268809e-05,2.171339270853606e-05,{Late-Cycle}
2014-03-31,4.356698631248948e-08,0.9999436812264717,5.627520654195005e-05,0.0,2.3188615747750757e-23,Late-Cycle,0.9999436812264717,0.0006077229306305503,0.0003775994873337085,{Late-Cycle}
2014-04-01,2.076358375537079e-06,0.9914588173212713,0.008539106320353174,1.572653431304813e-19,1.894739103040812e-22,Late-Cycle,0.9914588173212713,0.04920437952908182,0.03057239993474836,{Late-Cycle}
2014-04-02,1.8408680156110545e-09,0.85467860135445,0.14532139680468203,0.0,1.253927193249254e-19,Late-Cycle,0.85467860135445,0.41450702873765205,0.2575476975752082,"{Late-Cycle, Transitional}"
2014-04-03,2.078511816091777e-12,0.48373959570498926,0.5162604042929322,0.0,1.2838521138253755e-17,Transitional,0.5162604042929322,0.692618285868275,0.4303479373247552,"{Transitional, Late-Cycle}"
2014-04-04,2.564658506321375e-17,0.007237628119064759,0.9927623718808573,0.0,7.794552142981833e-14,Transitional,0.9927623718808573,0.04288174630143215,0.02664392703200222,{Transitional}
2014-04-07,6.659346067978841e-15,0.00018708278479108315,0.9998129172152009,0.0,1.3717043596699035e-15,Transitional,0.9998129172152009,0.001792976299741356,0.0011140388118667304,{Transitional}
2014-04-08,1.3924732487940026e-19,1.03173870937822e-06,0.9999989682612621,0.0,2.8558126445465875e-14,Transitional,0.9999989682612621,1.525349688987613e-05,9.47753049187643e-06,{Transitional}
2014-04-09,5.0211319588213873e-23,4.752306288147454e-08,0.9999999524765194,0.0,4.177434139305945e-13,Transitional,0.9999999524765194,8.488691725285822e-07,5.274320717627185e-07,{Transitional}
2014-04-10,3.1970980841749763e-21,1.5839416281343718e-08,0.9999999841603465,0.0,2.372162650752973e-13,Transitional,0.9999999841603465,3.003321799519902e-07,1.8660687537661538e-07,{Transitional}
2014-04-11,3.700476866388036e-23,2.012524818056374e-08,0.9999999798742627,0.0,4.891421247934727e-13,Transitional,0.9999999798742627,3.7678243091367627e-07,2.3410808705496052e-07,{Transitional}
2014-04-14,1.5501340402610062e-19,2.1757240782024329e-07,0.9999997824275906,0.0,1.649223370623872e-15,Transitional,0.9999997824275906,3.555290894244054e-06,2.2090264351155135e-06,{Transitional}
2014-04-15,7.013066238571897e-18,4.392552732788929e-07,0.9999995607447266,0.0,8.689044586944413e-17,Transitional,0.9999995607447266,6.869153178021772e-06,4.2680448403461075e-06,{Transitional}
2014-04-16,1.3786055479179383e-16,2.6449284769501696e-07,0.9999997355071522,0.0,4.3927146264801837e-17,Transitional,0.9999997355071522,4.270354448330879e-06,2.6533204017000137e-06,{Transitional}
2014-04-17,3.7777692095479025e-14,3.065928097701816e-06,0.9999969340718645,0.0,2.1319055400040472e-17,Transitional,0.9999969340718645,4.1988370930370836e-05,2.608884170428667e-05,{Transitional}
2014-04-18,4.573162106470326e-20,3.1108979962409337e-07,0.9999996889101946,0.0,5.695284555301861e-15,Transitional,0.9999996889101946,4.972203691582587e-06,3.089403855326527e-06,{Transitional}
2014-04-21,1.1796179063802307e-20,1.7589161250909246e-08,0.9999999824108162,0.0,2.2514206067161604e-14,Transitional,0.9999999824108162,3.31659568884663e-07,2.0607167652902116e-07,{Transitional}
2014-04-22,4.868786047486631e-21,1.1923682879118091e-08,0.9999999880763006,0.0,1.6377241936212057e-14,Transitional,0.9999999880763006,2.294666367167979e-07,1.4257563770804585e-07,{Transitional}
2014-04-23,1.4292480907547573e-20,1.818105708200187e-08,0.999999981818934,0.0,8.867846405776534e-15,Transitional,0.999999981818934,3.422182113627024e-07,2.126321299621521e-07,{Transitional}
2014-04-24,7.539119645476009e-19,5.690225728509579e-08,0.9999999430977425,0.0,2.0557606007473505e-16,Transitional,0.9999999430977425,1.0061397814198297e-06,6.25149795246312e-07,{Transitional}
2014-04-25,9.152569319036006e-19,2.37043794305589e-08,0.9999999762956205,0.0,3.3820796497717126e-17,Transitional,0.9999999762956205,4.3989453516641814e-07,2.733218422207573e-07,{Transitional}
2014-04-28,2.7037245422742546e-21,7.805510135687128e-09,0.9999999921944895,0.0,2.7141588480801653e-16,Transitional,0.9999999921944895,1.5352018384543398e-07,9.53874533831823e-08,{Transitional}
2014-04-29,4.2229437590811594e-22,1.4553391901614164e-09,0.9999999985446585,0.0,2.300608435787441e-15,Transitional,0.9999999985446585,3.1066686348548296e-08,1.930281752935924e-08,{Transitional}
2014-04-30,1.0601176195775006e-18,5.5494984824175695e-09,0.999999994450501,0.0,4.240984202247544e-16,Transitional,0.999999994450501,1.110410256241912e-07,6.899366838963902e-08,{Transitional}
2014-05-01,2.9713183419105736e-17,5.4600817690218216e-09,0.9999999945399182,0.0,9.530383937429813e-18,Transitional,0.9999999945399182,1.0934051804469741e-07,6.793708362401613e-08,{Transitional}
2014-05-02,5.725796530786288e-12,1.30201245426636e-07,0.9999998697930288,0.0,1.0206271779424148e-19,Transitional,0.9999998697930288,2.1945868318345874e-06,1.3635734655433292e-06,{Transitional}
2014-05-05,1.1813291303943625e-13,1.1191049440338947e-07,0.9999998880893874,0.0,7.212411234745452e-20,Transitional,0.9999998880893874,1.9031027110231566e-06,1.182464198413793e-06,{Transitional}
2014-05-06,2.1709277821131094e-14,1.050780057859076e-07,0.9999998949219725,0.0,6.893304573273968e-19,Transitional,0.9999998949219725,1.7935291615717232e-06,1.114382324235922e-06,{Transitional}
2014-05-07,1.9113550305206947e-16,7.270421197583006e-08,0.9999999272957878,0.0,7.392612038550587e-18,Transitional,0.9999999272957878,1.2677316425983788e-06,7.87685957193013e-07,{Transitional}
2014-05-08,1.1374466069847971e-14,5.46630219948305e-08,0.9999999453369667,0.0,1.7879048243627023e-18,Transitional,0.9999999453369667,9.687406838525948e-07,6.019124294067857e-07,{Transitional}
2014-05-09,1.5213634799324944e-17,1.1630359408152025e-08,0.9999999883696404,0.0,5.2814728242126907e-17,Transitional,0.9999999883696404,2.2411092193186737e-07,1.3924794501263108e-07,{Transitional}
2014-05-12,2.4375139054282406e-19,2.5023316928040243e-08,0.9999999749766828,0.0,2.956815270299818e-16,Transitional,0.9999999749766828,4.630158962077764e-07,2.876879515703188e-07,{Transitional}
2014-05-13,2.5831608520605567e-11,3.5834632006242857e-06,0.9999964165109677,0.0,2.891849401495796e-19,Transitional,0.9999964165109677,4.8517802534563154e-05,3.014580566278897e-05,{Transitional}
2014-05-14,6.103114138723658e-10,4.719381214183524e-06,0.9999952800084744,0.0,1.3771675852436937e-19,Transitional,0.9999952800084744,6.261062883619878e-05,3.8902170970675715e-05,{Transitional}
2014-05-15,2.9911909184882087e-10,5.811559307527709e-06,0.9999941881415734,0.0,7.720262027194983e-20,Transitional,0.9999941881415734,7.58805908854437e-05,4.714726197215184e-05,{Transitional}
2014-05-16,5.436562937432299e-07,2.1818941643707087e-05,0.9999776374020626,0.0,1.974716863544284e-21,Transitional,0.9999776374020626,0.0002643814139772543,0.00016426940855233493,{Transitional}
2014-05-19,4.890644480335553e-12,9.285190727888532e-05,0.9999071480878304,0.0,4.645221475897168e-18,Transitional,0.9999071480878304,0.0009549316979735013,0.0005933324240692644,{Transitional}
2014-05-20,3.2155526012456664e-12,2.6645006024621364e-06,0.999997335496182,0.0,2.1600869171260774e-18,Transitional,0.999997335496182,3.686476374454673e-05,2.2905365568773493e-05,{Transitional}
2014-05-21,5.48958120335759e-11,4.7715098567673815e-06,0.9999952284352475,0.0,7.046369323140624e-19,Transitional,0.9999952284352475,6.323743123764968e-05,3.929162519976302e-05,{Transitional}
2014-05-22,6.109597915482813e-11,7.346484313855347e-06,0.9999926534545902,0.0,4.378965612879758e-19,Transitional,0.9999926534545902,9.419286420759318e-05,5.852531711840731e-05,{Transitional}
2014-05-23,2.841171085642542e-10,8.575261316097016e-06,0.9999914244545668,0.0,8.175216681997719e-19,Transitional,0.9999914244545668,0.0001086261441583682,6.749321817210267e-05,{Transitional}
2014-05-26,4.341170627302057e-10,8.577997442512404e-06,0.9999914215684405,0.0,4.399665449110136e-19,Transitional,0.9999914215684405,0.00010866132827841786,6.751507929503125e-05,{Transitional}
2014-05-27,1.0899260022698622e-10,1.1919532261146922e-06,0.9999988079377813,0.0,1.2546757870787752e-18,Transitional,0.9999988079377813,1.7452702121007034e-05,1.0843973530244305e-05,{Transitional}
2014-05-28,1.6915039613384748e-13,1.465034084555951e-07,0.9999998534964223,0.0,1.0087172173913785e-16,Transitional,0.9999998534964223,2.451915664783691e-06,1.5234608591240616e-06,{Transitional}
2014-05-29,2.8587161407507786e-14,7.145377399179655e-08,0.999999928546197,0.0,3.966842067796878e-16,Transitional,0.999999928546197,1.247168368472087e-06,7.749092766094221e-07,{Transitional}
2014-05-30,3.5496283067330485e-19,7.092185727625333e-08,0.9999999290781166,6.367106464007853e-21,2.609464216692869e-14,Transitional,0.9999999290781166,1.2384140290775554e-06,7.694698997146081e-07,{Transitional}
2014-06-02,8.423850882332294e-16,3.5931699268520105e-08,0.9999999640682998,4.546415999130569e-22,6.949045406625482e-17,Transitional,0.9999999640682998,6.518581917506864e-07,4.0502226691355963e-07,{Transitional}
2014-06-03,1.2855449639133896e-18,5.048769535956695e-08,0.9999999495123025,1.7583959810897898e-22,2.144968711629189e-15,Transitional,0.9999999495123025,8.98756596085126e-07,5.584288708135713e-07,{Transitional}
2014-06-04,4.949328887903598e-15,1.796508844503629e-08,0.9999999820349065,1.6293542611996815e-24,1.4510794296656358e-16,Transitional,0.9999999820349065,3.3836763119067205e-07,2.102396299829471e-07,{Transitional}
2014-06-05,1.856729061987936e-21,5.010873104078053e-09,0.999999994988848,9.402158122188469e-23,2.7889199211146863e-13,Transitional,0.999999994988848,1.0078287096796652e-07,6.261991853761128e-08,{Transitional}
2014-06-06,4.751632601762108e-20,2.0870730670895815e-10,0.9999999997910577,1.436079357711537e-25,2.350507847351977e-13,Transitional,0.9999999997910577,4.865494084222857e-09,3.0231014484207874e-09,{Transitional}
2014-06-09,8.332139523465165e-16,2.7251342921404746e-09,0.9999999972748606,6.649366609839136e-24,4.340824537662352e-15,Transitional,0.9999999972748606,5.646496958545812e-08,3.5083658182291094e-08,{Transitional}
2014-06-10,3.776367528834731e-13,1.605685227150043e-08,0.9999999839427698,5.949581085825259e-22,2.8435450092693454e-16,Transitional,0.9999999839427698,3.0423996894572655e-07,1.8903492119531135e-07,{Transitional}
2014-06-11,7.226201677096377e-15,1.1440578986818339e-08,0.9999999885594129,5.55648453518387e-23,9.188878141971378e-16,Transitional,0.9999999885594129,2.2064237488258607e-07,1.3709281555874898e-07,{Transitional}
2014-06-12,1.8512357120256433e-13,1.8474954704115027e-08,0.99999998152486,8.689945209777799e-24,1.2519840846581176e-16,Transitional,0.99999998152486,3.4745897090365687e-07,2.158883969485737e-07,{Transitional}
2014-06-13,4.1132599844672766e-12,1.1612568717347699e-07,0.9999998838701996,1.1244146393575092e-22,1.1578361512894729e-17,Transitional,0.9999998838701996,1.970598538519048e-06,1.2244017139739994e-06,{Transitional}
2014-06-16,1.0383674652070167e-12,2.49962310806149e-07,0.9999997500366509,1.6364012096695513e-24,5.436328972922068e-18,Transitional,0.9999997500366509,4.049905242095993e-06,2.5163476085703427e-06,{Transitional}
2014-06-17,3.39054683094531e-11,3.8359280275641684e-07,0.9999996163732918,3.957440083120279e-24,1.3743828254635899e-18,Transitional,0.9999996163732918,6.051519974305009e-06,3.7600207672209867e-06,{Transitional}
2014-06-18,6.013843500045588e-10,2.449009723768246e-06,0.9999975503888919,3.571431121452492e-23,3.315563960408943e-18,Transitional,0.9999975503888919,3.4103155058917084e-05,2.118948161680854e-05,{Transitional}
2014-06-19,8.22077899183381e-10,6.1883160364347725e-06,0.9999938108618857,5.607823144364696e-23,2.73214984815556e-18,Transitional,0.9999938108618857,8.042184400422573e-05,4.99689011815289e-05,{Transitional}
2014-06-20,3.304894062334501e-11,3.3859990156198805e-06,0.9999966139679354,6.5189718767989635e-24,8.621811094350031e-18,Transitional,0.9999966139679354,4.6036395778115824e-05,2.8604020958155986e-05,{Transitional}
2014-06-23,2.4973819341557625e-11,1.0160587072746219e-05,0.9999898393879534,2.184905068443381e-22,1.5517199949905458e-17,Transitional,0.9999898393879534,0.00012697737915097108,7.889548156531964e-05,{Transitional}
2014-06-24,5.788107911357953e-12,5.551053604561784e-06,0.9999944489406073,4.946563915227635e-22,6.954250461312469e-17,Transitional,0.9999944489406073,7.272739264631147e-05,4.518806975058714e-05,{Transitional}
2014-06-25,4.891264387712155e-13,1.748143407302592e-05,0.9999825185654377,8.688245601791744e-22,9.273668478893004e-17,Transitional,0.9999825185654377,0.0002089794101595962,0.000129846208135819,{Transitional}
2014-06-26,6.462841606986308e-09,1.4302813736840288e-05,0.9999856907234216,1.278716815820847e-20,5.481797065623512e-19,Transitional,0.9999856907234216,0.00017397970579912164,0.00010809966911739777,{Transitional}
2014-06-27,2.9193759240759316e-07,1.065594855958563e-05,0.999989052113848,3.1097723776246207e-18,1.9488069630176144e-19,Transitional,0.999989052113848,0.00013734466320630941,8.533703732540419e-05,{Transitional}
2014-06-30,6.011860303548502e-09,3.3003905261366026e-06,0.9999966935976136,2.3338250784808158e-20,1.865177828312191e-18,Transitional,0.9999966935976136,4.507597482615589e-05,2.800727786882028e-05,{Transitional}
2014-07-01,6.942943305393027e-09,3.904191448045231e-06,0.9999960888656086,3.5776967378232174e-19,5.741604321299335e-19,Transitional,0.9999960888656086,5.266224213393536e-05,3.272089077005116e-05,{Transitional}
2014-07-02,2.9896966019682943e-08,3.5252991856838167e-06,0.9999964448038483,1.7269430551296623e-18,1.821023711400764e-18,Transitional,0.9999964448038483,4.833522042635258e-05,3.0032361020532194e-05,{Transitional}
2014-07-03,2.535628204663973e-09,2.3429440610811277e-06,0.9999976545203108,7.404465879451201e-19,3.6703199332589e-18,Transitional,0.9999976545203108,3.2769827612056704e-05,2.0361038694867013e-05,{Transitional}
2014-07-04,5.60256172152271e-13,1.6319661955062456e-07,0.9999998368028178,1.5696933440870942e-19,2.3519657073379725e-15,Transitional,0.9999998368028178,2.7136978440691752e-06,1.6861152723592808e-06,{Transitional}
2014-07-07,2.161429235406017e-13,2.960829542829143e-08,0.9999999703914869,1.3976186907417764e-20,1.4828639072484363e-15,Transitional,0.9999999703914869,5.428785400256634e-07,3.373094021406632e-07,{Transitional}
2014-07-08,3.586927133930796e-12,4.190830614809913e-08,0.9999999580881067,1.0424809579181983e-20,2.6064010474219277e-16,Transitional,0.9999999580881067,7.539327065882142e-07,4.6844472891033916e-07,{Transitional}
2014-07-09,6.509703985402692e-15,5.0839144551190295e-08,0.9999999491608305,9.430908050359229e-21,1.8425306915937113e-14,Transitional,0.9999999491608305,9.046609141574089e-07,5.620974298966323e-07,{Transitional}
2014-07-10,4.2855237983123835e-14,5.5406229153605895e-08,0.9999999445937203,2.2652751090075835e-21,7.670762251214865e-15,Transitional,0.9999999445937203,9.811647417419792e-07,6.096319306024511e-07,{Transitional}
2014-07-11,2.316448612675393e-17,7.73400811777767e-09,0.9999999922659296,1.719610565786155e-21,6.217619735519438e-14,Transitional,0.9999999922659296,1.5218679383044664e-07,9.45589715854777e-08,{Transitional}
2014-07-14,1.3837250538616082e-15,6.312180654444693e-09,0.9999999936877992,6.062293395440556e-21,1.867743503061553e-14,Transitional,0.9999999936877992,1.2548967830773098e-07,7.797112105924078e-08,{Transitional}
2014-07-15,9.149500606162643e-19,3.5560708416534986e-09,0.9999999964433045,8.826283281182878e-21,6.246349422676001e-13,Transitional,0.9999999964433045,7.275362177842815e-08,4.520436682667441e-08,{Transitional}
2014-07-16,5.0193106961414444e-15,2.996797729881458e-08,0.9999999700320124,2.830244432965884e-20,5.2754754823955516e-15,Transitional,0.9999999700320124,5.491056314807798e-07,3.4117851160242464e-07,{Transitional}
2014-07-17,3.111177008220431e-14,2.6204552967377332e-08,0.9999999737954146,1.4749958890637312e-20,1.2568248166512345e-15,Transitional,0.9999999737954146,4.83665076971509e-07,3.0051800894886216e-07,{Transitional}
2014-07-18,9.520490035404185e-11,2.1982827742834859e-07,0.9999997800765176,1.1831530449933732e-18,5.343273729234031e-17,Transitional,0.9999997800765176,3.5921769516415034e-06,2.2319450311747193e-06,{Transitional}
2014-07-21,2.4666866782145724e-15,1.2803799467652945e-07,0.9999998719619966,9.555232536161535e-20,6.254389135935955e-15,Transitional,0.9999998719619966,2.160119411674963e-06,1.3421576532940103e-06,{Transitional}
2014-07-22,5.373613780173206e-15,1.551809157494007e-08,0.9999999844819001,1.2612362632286464e-20,2.9946434131476204e-15,Transitional,0.9999999844819001,2.9455115941316655e-07,1.8301492535843763e-07,{Transitional}
2014-07-23,3.659409776033347e-17,1.0633476840973194e-08,0.9999999893664844,1.2882491351802325e-20,3.871213699881939e-14,Transitional,0.9999999893664844,2.0585533618532624e-07,1.279051118374566e-07,{Transitional}
2014-07-24,5.906467512438862e-20,1.2785428991360375e-09,0.99999999872003,1.0429036134339673e-20,1.4270664794035773e-12,Transitional,0.99999999872003,2.749755583515127e-08,1.7085192055382987e-08,{Transitional}
2014-07-25,1.8851336147293387e-14,8.087644425589302e-08,0.9999999191235133,8.144272105338035e-18,2.3615356672111666e-14,Transitional,0.9999999191235133,1.4016157498376759e-06,8.708728302031136e-07,{Transitional}
2014-07-28,1.6670609940208125e-13,1.3394920151117162e-07,0.9999998660506287,2.2146407114813834e-19,3.0812459972202822e-15,Transitional,0.9999998660506287,2.2538059980956367e-06,1.400368402336813e-06,{Transitional}
2014-07-29,1.7153354136961606e-17,1.8840509572129253e-08,0.9999999811591079,8.051961125031144e-21,3.824850597904025e-13,Transitional,0.9999999811591079,3.539703137288218e-07,2.1993412171674277e-07,{Transitional}
2014-07-30,5.4947484526245763e-17,1.0080831631014408e-08,0.9999999899191125,8.157148237974056e-21,5.573250090349429e-14,Transitional,0.9999999899191125,1.9569504958727208e-07,1.2159217082894768e-07,{Transitional}
2014-07-31,2.246106092898846e-20,1.6227140740650369e-09,0.9999999983701271,2.242595321229518e-20,7.158773551324069e-12,Transitional,0.9999999983701271,3.465302960472647e-08,2.1531137881745016e-08,{Transitional}
2014-08-01,8.988974994799163e-20,1.3251772078024544e-09,0.9999999986743897,6.740095443223025e-22,4.3311321297741993e-13,Transitional,0.9999999986743897,2.8424323155442544e-08,1.766102496768815e-08,{Transitional}
2014-08-04,9.659778832761814e-18,2.613647113676533e-09,0.9999999973862576,1.7640128295320721e-22,9.532627726793618e-14,Transitional,0.9999999973862576,5.426661954731251e-08,3.3717746505200774e-08,{Transitional}
2014-08-05,1.8365623794719442e-21,7.571777664246974e-10,0.9999999992286595,9.115056208808872e-23,1.4162775157531045e-11,Transitional,0.9999999992286595,1.7023977404247602e-08,1.0577591886412494e-08,{Transitional}
2014-08-06,6.701928733418042e-17,2.2868899444513193e-09,0.9999999977130404,1.3926902766955847e-21,6.965249260639853e-14,Transitional,0.9999999977130404,4.778701097248884e-08,2.969173933539081e-08,{Transitional}
2014-08-07,5.08788163300164e-21,1.0319054590250087e-08,0.9999999896796163,2.8359664662557464e-21,1.3290030256468458e-12,Transitional,0.9999999896796163,2.001139008822289e-07,1.2433775750912835e-07,{Transitional}
2014-08-08,6.03521800297582e-14,4.52261000611548e-09,0.9999999954773243,3.761888782782045e-21,5.272598259876118e-15,Transitional,0.9999999954773243,9.142071275248529e-08,5.680288257545852e-08,{Transitional}
2014-08-11,2.463597728002552e-12,8.530301639342084e-09,0.9999999914672344,8.649014255054697e-22,3.381569692435831e-16,Transitional,0.9999999914672344,1.6708572921933107e-07,1.0381620063033809e-07,{Transitional}
2014-08-12,3.1473494867624287e-11,1.2225638824721317e-08,0.9999999877428875,2.801302198969592e-20,1.0133324153039433e-16,Transitional,0.9999999877428875,2.3576306417903909e-07,1.4648782805325682e-07,{Transitional}
2014-08-13,7.297828424122353e-12,1.2754661675903265e-08,0.9999999872380404,6.62213470678484e-22,4.255330554180188e-17,Transitional,0.9999999872380404,2.447923569344657e-07,1.5209804307656938e-07,{Transitional}
2014-08-14,1.1468041255761881e-12,7.4405377981305455e-09,0.9999999925583148,2.68509876308744e-22,5.670718903796165e-16,Transitional,0.9999999925583148,1.467300186564822e-07,9.116848653985599e-08,{Transitional}
2014-08-15,1.0425476588923864e-12,9.455188977924963e-09,0.9999999905437683,1.5418460079264002e-22,7.671458025620766e-17,Transitional,0.9999999905437683,1.8418300640528525e-07,1.1443933623182049e-07,{Transitional}
2014-08-18,5.143809989998416e-14,1.5731381173002452e-08,0.9999999842685673,6.62480258239235e-24,1.52013732124827e-16,Transitional,0.9999999842685673,2.9838615077844956e-07,1.8539773946742244e-07,{Transitional}
2014-08-19,6.241502762052145e-14,1.8211578677456186e-08,0.9999999817883588,5.3475617248486444e-24,1.0097169446319557e-16,Transitional,0.9999999817883588,3.4276370092730267e-07,2.1297106168507598e-07,{Transitional}
2014-08-20,3.5322307754235606e-14,1.96047102882018e-09,0.9999999980394901,3.4154745575889316e-23,3.5119288003662145e-15,Transitional,0.9999999980394901,4.126718499854047e-08,2.564074369052754e-08,{Transitional}
2014-08-21,2.2031609661506953e-16,4.79522325841182e-09,0.9999999952047688,7.177283432805062e-24,7.679912055811087e-15,Transitional,0.9999999952047688,9.664904672203675e-08,6.005142912028557e-08,{Transitional}
2014-08-22,4.448563753214281e-15,5.670694402383936e-10,0.9999999994329051,6.261761777300497e-25,2.104911713920724e-14,Transitional,0.9999999994329051,1.2639014129631325e-08,7.85306101713249e-09,{Transitional}
2014-08-25,2.3348289689606396e-13,1.7128517012979407e-09,0.9999999982869145,2.8054776353432795e-24,2.483694346479788e-16,Transitional,0.9999999982869145,3.6291588487776264e-08,2.2549231758116828e-08,{Transitional}
2014-08-26,9.981067021480913e-13,2.1741537387471623e-09,0.9999999978248482,3.2565342990492488e-24,3.52985032625137e-17,Transitional,0.9999999978248482,4.5567073098159836e-08,2.831241438151819e-08,{Transitional}
2014-08-27,3.8856968859969525e-11,2.2117757256247764e-09,0.9999999977493673,6.4076564313906285e-24,3.8186222249264746e-18,Transitional,0.9999999977493673,4.7258609575786135e-08,2.9363425088149325e-08,{Transitional}
2014-08-28,1.549938212572601e-11,3.159391357295709e-09,0.9999999968251092,5.8203808168352586e-24,4.130152462596266e-18,Transitional,0.9999999968251092,6.539611330990635e-08,4.0632889783863624e-08,{Transitional}
2014-08-29,4.3336355399433766e-13,8.158069256800112e-09,0.9999999918414973,5.079160911439539e-25,3.8293002908748615e-17,Transitional,0.9999999918414973,1.6010631113795581e-07,9.947964435348263e-08,{Transitional}
2014-09-01,2.1346602721585736e-09,1.4953919561248498e-08,0.9999999829114201,3.113007209805536e-22,4.5410645829584604e-20,Transitional,0.9999999829114201,3.2914807848622584e-07,2.045111998066611e-07,{Transitional}
2014-09-02,1.3474074490835917e-08,1.4491922538887e-08,0.9999999720340029,1.158777322354772e-22,2.3165891304223384e-21,Transitional,0.9999999720340029,5.337213736457362e-07,3.3161973476723963e-07,{Transitional}
2014-09-03,3.408972689090697e-10,5.7593570239562814e-09,0.9999999938997457,6.551041614617533e-24,9.013038329653202e-21,Transitional,0.9999999938997457,1.227976809522431e-07,7.629848905853407e-08,{Transitional}
2014-09-04,5.1976047555394793e-11,1.9381829122663036e-09,0.9999999980098411,1.050804083457111e-25,1.418997189014502e-20,Transitional,0.9999999980098411,4.210085934860776e-08,2.6158734688270625e-08,{Transitional}
2014-09-05,1.4051078790447848e-11,1.5906996264388166e-09,0.9999999983952493,4.881599594557504e-25,2.4636929156911985e-19,Transitional,0.9999999983952493,3.417902778804149e-08,2.1236623993993917e-08,{Transitional}
2014-09-08,2.697363575953774e-12,2.847387710220471e-09,0.9999999971499149,1.1859686297715176e-24,3.821874288131859e-19,Transitional,0.9999999971499149,5.894674936331162e-08,3.662567465815507e-08,{Transitional}
2014-09-09,4.374978334067504e-13,1.2217590143046996e-08,0.9999999877819723,2.8369921424361754e-25,8.453041275160067e-20,Transitional,0.9999999877819723,2.3483720380955192e-07,1.4591255866117018e-07,{Transitional}
2014-09-10,6.885834421441711e-12,1.5966813894012988e-08,0.9999999840263003,8.309300197762382e-24,5.686564339287435e-20,Transitional,0.9999999840263003,3.0279601497147726e-07,1.8813774214721407e-07,{Transitional}
2014-09-11,1.486541880450937e-16,5.765617686939428e-08,0.9999999423438228,1.1184609944292782e-22,1.0220972064696872e-16,Transitional,0.9999999423438228,1.0187116445101995e-06,6.329611329768593e-07,{Transitional}
2014-09-12,4.630813543162974e-16,1.3500393807133562e-09,0.9999999986499601,2.7083975731314e-25,4.5672854774796804e-17,Transitional,0.9999999986499601,2.8920086883693557e-08,1.7969060291338024e-08,{Transitional}
2014-09-15,3.756512777429397e-16,5.498867843702715e-10,0.9999999994501128,1.0515393182154182e-25,1.200715425009284e-16,Transitional,0.9999999994501128,1.2272207756796093e-08,7.62515140347086e-09,{Transitional}
2014-09-16,8.386112395098685e-19,1.4588606717843652e-10,0.9999999998541111,1.6576213974778472e-26,2.7643376500810467e-15,Transitional,0.9999999998541111,3.448024808101918e-09,2.142378268501923e-09,{Transitional}
2014-09-17,2.370165781077696e-18,1.425044476302989e-10,0.9999999998569941,1.8864239720009594e-25,5.014411021376874e-13,Transitional,0.9999999998569941,3.3854717132572952e-09,2.1035118454101386e-09,{Transitional}
2014-09-18,3.1869866405466894e-21,2.118395609057977e-10,0.9999999997833966,6.828322736512633e-25,4.763858697811078e-12,Transitional,0.9999999997833966,5.056658522761879e-09,3.1418785923305558e-09,{Transitional}
2014-09-19,2.4464942811812847e-23,1.446776458500876e-11,0.999999999927387,1.8783431965584126e-25,5.8145280667922046e-11,Transitional,0.999999999927387,1.801129368126464e-09,1.1191045980782516e-09,{Transitional}
2014-09-22,3.9179567984259886e-22,1.1888198641811181e-11,0.99999999997678,2.165346066566641e-25,1.1331767588481417e-11,Transitional,0.99999999997678,6.049540105446698e-10,3.758790605533472e-10,{Transitional}
2014-09-23,8.570610506740676e-24,2.8838833211990415e-11,0.9999999999400605,5.947685059156933e-25,3.110069926397969e-11,Transitional,0.9999999999400605,1.5093142641600437e-09,9.377896795517694e-10,{Transitional}
2014-09-24,2.8024412141340983e-24,5.4068570338294e-12,0.9999999995934129,1.8019180264890454e-25,4.0118028967985903e-10,Transitional,0.9999999995934129,9.224124360275326e-09,5.731270705761391e-09,{Transitional}
2014-09-25,4.392338378455633e-29,5.762160970601009e-09,0.9999999451609676,1.9090264118728466e-20,4.9076871488180496e-08,Transitional,0.9999999451609676,9.901132375914036e-07,6.151919436854602e-07,{Transitional}
2014-09-26,2.9146839232794795e-25,4.584743524177039e-12,0.9999999998077825,3.1009209428446086e-25,1.8763271605026163e-10,Transitional,0.9999999998077825,4.511337987576732e-09,2.80305189328728e-09,{Transitional}
2014-09-29,5.950236945660006e-29,2.294404845546425e-12,0.9999999985750103,5.37001660513412e-25,1.4226952453679228e-09,Transitional,0.9999999985750103,3.046496746400262e-08,1.892894856560677e-08,{Transitional}
2014-09-30,1.178943322268836e-28,3.966862062552207e-12,0.9999999944507397,1.8371392967507683e-23,5.5452934485955055e-09,Transitional,0.9999999944507397,1.1106829319315635e-07,6.901061068281758e-08,{Transitional}
2014-10-01,2.020292315989e-28,5.2219862990951614e-11,0.999999995685004,4.459864170907358e-22,4.262776154064672e-09,Transitional,0.999999995685004,8.770629638421074e-08,5.44949859243495e-08,{Transitional}
2014-10-02,1.4632925316758573e-28,2.9982059317875185e-11,0.9999999964918191,2.3145624784515556e-22,3.478198806394042e-09,Transitional,0.9999999964918191,7.197568826952694e-08,4.472100956082955e-08,{Transitional}
2014-10-03,1.2091269819690775e-27,4.031724525433602e-11,0.9999999970433806,7.083549371325263e-22,2.9163021833472953e-09,Transitional,0.9999999970433806,6.12325337213747e-08,3.8045912332689574e-08,{Transitional}
2014-10-06,2.7389058730037167e-27,5.474757811287734e-11,0.9999999991535538,1.5397518567727236e-21,7.916986528958257e-10,Transitional,0.9999999991535538,1.8728549687239332e-08,1.1636702194317289e-08,{Transitional}
2014-10-07,2.4406800529069885e-31,1.2068147933803294e-11,0.9999999142220078,1.801178179243148e-20,8.576592405875059e-08,Transitional,0.9999999142220078,1.4816310156429373e-06,9.205891101459957e-07,{Transitional}
2014-10-08,1.9271660025118738e-25,3.895714973957804e-11,0.9999999996096326,2.7188974006873277e-21,3.514102711944381e-10,Transitional,0.9999999996096326,8.971001837258511e-09,5.5739968394871745e-09,{Transitional}
2014-10-09,1.8567873652279846e-25,9.202321117611462e-11,0.9999999996600805,2.1761976657686325e-20,2.478962972423328e-10,Transitional,0.9999999996600805,7.946462470951145e-09,4.937414739368841e-09,{Transitional}
2014-10-10,9.806120346555064e-23,7.565507173136628e-11,0.9999999999024812,8.2499409218835125e-22,2.1863701865848527e-11,Transitional,0.9999999999024812,2.3943472786671233e-09,1.4876916097036218e-09,{Transitional}
2014-10-13,2.7559885792766534e-25,6.249681777609247e-11,0.9999999998523278,1.318599936797289e-22,8.517538141764106e-11,Transitional,0.9999999998523278,3.588007978708044e-09,2.2293547026499275e-09,{Transitional}
2014-10-14,9.15108155938864e-17,2.9187427192440797e-09,0.9999999970811217,5.871920898442418e-20,1.354535782484588e-13,Transitional,0.9999999970811217,6.028006789571643e-08,3.745411204123393e-08,{Transitional}
2014-10-15,8.350552529677686e-17,3.448323022268374e-09,0.9999999965516225,6.340872718785679e-23,5.4374143913459426e-14,Transitional,0.9999999965516225,7.063975635622616e-08,4.38909483929027e-08,{Transitional}
2014-10-16,1.706099049085472e-14,2.016552788183439e-08,0.9999999798344524,2.6670996311391915e-23,2.617670868733246e-15,Transitional,0.9999999798344524,3.774829522166327e-07,2.3454334541289054e-07,{Transitional}
2014-10-17,2.8885059328220925e-14,5.6300636243460005e-08,0.999999943699331,6.693577781202811e-23,3.888183345735904e-15,Transitional,0.999999943699331,9.9610132076606e-07,6.189125489529228e-07,{Transitional}
2014-10-20,2.7648275271159173e-10,3.32802441277695e-07,0.9999996669210758,2.828073208287067e-20,2.1158349645614118e-16,Transitional,0.9999996669210758,5.303147912060607e-06,3.2950310609001197e-06,{Transitional}
2014-10-21,1.5470780982827395e-07,2.3974901122456362e-06,0.9999974478020779,1.2124360025734125e-19,1.357614918673615e-17,Transitional,0.9999974478020779,3.6004408288354415e-05,2.2370796667702237e-05,{Transitional}
2014-10-22,0.00015628194771429886,1.3345287833724513e-05,0.999830372764452,1.0057197701625359e-18,1.436912873379726e-18,Transitional,0.999830372764452,0.0016890363530792881,0.001049457291909325,{Transitional}
2014-10-23,0.003893478578605474,7.62368498830255e-05,0.9960302845715115,3.835683900313019e-18,1.0107640638376737e-18,Transitional,0.9960302845715115,0.026287458091859273,0.01633331605324392,{Transitional}
2014-10-24,0.03282911735640735,8.5592217685139e-05,0.9670852904259075,2.3534849178135622e-17,2.554229253257909e-19,Transitional,0.9670852904259075,0.14532731818276298,0.09029693973281093,{Transitional}
2014-10-27,0.08358223037554496,2.1823646024810996e-05,0.91639594597843,2.0183752436463372e-16,1.0095416645996124e-18,Transitional,0.91639594597843,0.2876865481665461,0.17874970257874154,{Transitional}
2014-10-28,0.14094343125277428,0.00032076220242999463,0.8587358065447956,5.580823781232748e-17,1.6429107902120493e-19,Transitional,0.8587358065447956,0.40952484009504003,0.2544520897209872,"{Transitional, Risk-On}"
2014-10-29,0.9430955669685586,8.290782265253368e-05,0.05682152520878823,6.975085101565376e-16,5.300807193827107e-22,Risk-On,0.9430955669685586,0.21898795631402873,0.13606486750572017,{Risk-On}
2014-10-30,0.9999999960352921,3.681731790867377e-09,2.8119179442261017e-10,1.7842538532853376e-12,7.718772120708653e-32,Risk-On,0.9999999960352921,8.169194816123677e-08,5.0758061264809254e-08,{Risk-On}
2014-10-31,0.9999999823196435,1.7679642283137417e-08,7.142532064077411e-13,2.5712630093729533e-19,6.829043109665237e-34,Risk-On,0.9999999823196435,3.332943850278295e-07,2.070874449103525e-07,{Risk-On}
2014-11-03,0.9999999807349718,1.92648293045967e-08,1.9895886854799693e-13,3.4995700968156065e-18,2.282380948784968e-35,Risk-On,0.9999999807349718,3.615078877494735e-07,2.2461747977760263e-07,{Risk-On}
2014-11-04,0.999999994234353,5.7656305284865955e-09,1.629016636430002e-14,1.2054490300156815e-16,7.098452409184426e-37,Risk-On,0.999999994234353,1.151459025557615e-07,7.154417182929152e-08,{Risk-On}
2014-11-05,0.9999999628664452,3.713248040164236e-08,1.0744106753491147e-12,6.4957286964450015e-18,2.531725429737235e-34,Risk-On,0.9999999628664452,6.724516640331573e-07,4.178177106665439e-07,{Risk-On}
2014-11-06,0.9999999997527587,2.4724065821210614e-10,7.041633859044012e-16,2.9943947735796586e-17,4.2310633347252744e-38,Risk-On,0.9999999997527587,5.714389934794978e-09,3.5505500961839424e-09,{Risk-On}
2014-11-07,0.9999999993482095,6.517866529793247e-10,3.8860899768516995e-15,2.2696917280196533e-18,3.329852291850223e-37,Risk-On,0.9999999993482095,1.4436036250464781e-08,8.969613638982719e-09,{Risk-On}
2014-11-10,0.9999999996661724,3.338253442529047e-10,2.2341664929315132e-15,3.932122602847843e-17,5.004344619892819e-37,Risk-On,0.9999999996661724,7.616095566549498e-09,4.7321462404417825e-09,{Risk-On}
2014-11-11,0.9999999995672195,4.3277995062588953e-10,5.784015181529812e-16,6.982672810846837e-19,4.8117967608128196e-39,Risk-On,0.9999999995672195,9.761876028035408e-09,6.0653946030584235e-09,{Risk-On}
2014-11-12,0.9999999911794341,8.820564616680814e-09,1.3380398707072402e-15,3.213318171053931e-18,2.6362911322513e-39,Risk-On,0.9999999911794341,1.7240638171487992e-07,1.0712210790047438e-07,{Risk-On}
2014-11-13,0.9999999827221806,1.7277815880019952e-08,3.4774614766459855e-15,1.1120557454890483e-19,7.131133784795854e-39,Risk-On,0.9999999827221806,3.260968747688781e-07,2.0261538034461482e-07,{Risk-On}
2014-11-14,0.9999988374708029,1.1625290497829328e-06,1.4734902443839123e-13,1.3978838420119692e-18,7.93039984589515e-37,Risk-On,0.9999988374708029,1.704838856158295e-05,1.0592759391257979e-05,{Risk-On}
2014-11-17,0.9999999942705163,5.7294830712289135e-09,5.200676408522174e-16,1.6727085013354165e-17,1.8275072722020544e-39,Risk-On,0.9999999942705163,1.1445956870850046e-07,7.111772863321753e-08,{Risk-On}
2014-11-18,0.9999999621416084,3.785839105852243e-08,6.2977799937181e-16,3.134152486839002e-19,9.554935379061498e-40,Risk-On,0.9999999621416084,6.84834095849677e-07,4.2551134812895e-07,{Risk-On}
2014-11-19,0.999999994337839,5.66216092353006e-09,1.453628386380972e-17,1.7375620893803391e-19,7.21467202761325e-42,Risk-On,0.999999994337839,1.1318154113064062e-07,7.032364545176261e-08,{Risk-On}
2014-11-20,0.9999999993194624,6.805376476301165e-10,6.599944934624542e-20,2.46724716905057e-19,1.0861310649920504e-44,Risk-On,0.9999999993194624,1.5043420952015438e-08,9.347002972773206e-09,{Risk-On}
2014-11-21,0.9999999999902309,9.769030939127787e-12,1.149678951594998e-22,2.748775587774984e-19,1.786857490759952e-48,Risk-On,0.9999999999902309,2.5547959750566344e-10,1.5873839899749736e-10,{Risk-On}
2014-11-24,0.9999998721826199,1.2781738012070184e-07,5.869255330712327e-20,2.425326995320431e-17,1.0934831181903138e-45,Risk-On,0.9999998721826199,2.1566176124201704e-06,1.3399818630831929e-06,{Risk-On}
2014-11-25,0.9999999125305051,8.746949482478071e-08,1.8877730147323793e-18,9.867583519117638e-19,1.5596591310939247e-43,Risk-On,0.9999999125305051,1.5090195985912006e-06,9.376065935398354e-07,{Risk-On}
2014-11-26,0.9999992468941276,7.531058723848514e-07,1.7862086266670236e-17,3.523637901194957e-20,8.650108475301505e-43,Risk-On,0.9999992468941276,1.1371188484227881e-05,7.065316652712742e-06,{Risk-On}
2014-11-27,0.9999985879903902,1.4120096097901316e-06,6.5697214807632625e-18,1.0459780667830731e-19,2.402947965645568e-43,Risk-On,0.9999985879903902,2.0432477279477455e-05,1.269541193333488e-05,{Risk-On}
2014-11-28,0.9999977128306672,2.287169332808255e-06,1.7654195281659055e-19,1.4533767054915522e-19,2.2705480624305584e-46,Risk-On,0.9999977128306672,3.199336739173515e-05,1.9878596834685377e-05,{Risk-On}
2014-12-01,0.9999977087998911,2.291200108832875e-06,2.685569612173259e-19,1.6250871736466194e-19,2.733930774744963e-46,Risk-On,0.9999977087998911,3.2045716340257574e-05,1.9911123065189823e-05,{Risk-On}
2014-12-02,0.9999992004941518,7.995058481654265e-07,1.2383437695392508e-19,1.180421990948679e-18,2.4369091467214346e-46,Risk-On,0.9999992004941518,1.202398358857295e-05,7.4709210561518205e-06,{Risk-On}
2014-12-03,0.9992331552858997,0.0007668447140994165,6.231013118197245e-16,2.629632007870487e-16,2.9190717036094026e-41,Risk-On,0.9992331552858997,0.00626730123356688,0.003894093201823652,{Risk-On}
2014-12-04,0.9991977653136844,0.000802234686310458,5.146489135093474e-15,2.1824966954333568e-17,1.1801563555366094e-40,Risk-On,0.9991977653136844,0.006520329389814172,0.004051308434727303,{Risk-On}
2014-12-05,0.9995520241557854,0.0004479758442129531,1.6595769690040477e-15,7.483499078708214e-18,6.980008923440598e-41,Risk-On,0.9995520241557854,0.0039021147446315746,0.002424520209499756,{Risk-On}
2014-12-08,0.9999962063923471,3.793607652864548e-06,1.167234722823427e-18,3.6519746448650504e-18,1.3120009962970914e-44,Risk-On,0.9999962063923471,5.114614174243078e-05,3.1778884632509864e-05,{Risk-On}
2014-12-09,0.9999977345332999,2.265466700148862e-06,2.327913598117244e-19,3.7493139355597286e-19,2.424221553526915e-45,Risk-On,0.9999977345332999,3.171138610913839e-05,1.9703392012916087e-05,{Risk-On}
2014-12-10,0.999999537399036,4.626009639750261e-07,5.1388780780040843e-20,1.3911910212921437e-18,5.036444057175604e-46,Risk-On,0.999999537399036,7.210282022110301e-06,4.48000010836425e-06,{Risk-On}
2014-12-11,0.9999999025991488,9.740085111935286e-08,8.19363159692405e-21,7.005544356969229e-19,5.933739849279201e-47,Risk-On,0.9999999025991488,1.6698801557890055e-06,1.0375548773195562e-06,{Risk-On}
2014-12-12,0.999999801881995,1.981180049904071e-07,5.673204321857597e-21,3.813292896682967e-17,5.420514181110142e-47,Risk-On,0.999999801881995,3.2559491168304712e-06,2.023034931435287e-06,{Risk-On}
2014-12-15,0.9999999989708671,1.0291329034137672e-09,4.489489503889546e-24,2.0109716301344954e-18,7.710796842577564e-51,Risk-On,0.9999999989708671,2.232457498723154e-08,1.3871038338762657e-08,{Risk-On}
2014-12-16,0.9999999999797222,2.027777261107575e-11,1.865119480610655e-27,3.7627665812258546e-17,6.127982504871638e-55,Risk-On,0.9999999999797222,5.175718096657742e-10,3.215854464885837e-10,{Risk-On}
2014-12-17,0.9999999872854547,1.2714545262130967e-08,1.784924439087038e-24,2.2414075210733194e-18,6.843896040555017e-52,Risk-On,0.9999999872854547,2.4386957963856986e-07,1.5152468930581085e-07,{Risk-On}
2014-12-18,0.999999998524294,1.4757059671350292e-09,1.325977567755444e-25,2.91570750881588e-19,1.1089709462010047e-53,Risk-On,0.999999998524294,3.148090237294143e-08,1.9560184415769094e-08,{Risk-On}
2014-12-19,0.9999998283309962,1.7166900380708643e-07,7.395995050337951e-24,2.429808517227093e-17,4.5511622735770646e-51,Risk-On,0.9999998283309962,2.845874820176795e-06,1.768241445159396e-06,{Risk-On}
2014-12-22,0.9569642104718761,0.04303578952809835,4.7479638045970713e-17,2.5542376495466617e-14,6.253070040998604e-42,Risk-On,0.9569642104718761,0.17747485353351028,0.1102713265062203,{Risk-On}
2014-12-23,0.9999619789551262,3.80210448732231e-05,1.3090187369590652e-18,5.47672596378861e-16,1.7132269844467063e-46,Risk-On,0.9999619789551262,0.0004249745896420003,0.00026405155884471016,{Risk-On}
2014-12-24,0.9999999999753375,2.4662483637949784e-11,1.343350463038956e-27,1.0670821969212472e-18,4.382778472199724e-55,Risk-On,0.9999999999753375,6.250816491966728e-10,3.883850655980289e-10,{Risk-On}
2014-12-25,0.9999999999975983,2.401737223746627e-12,7.004524709160717e-29,5.48759822482478e-19,6.628843403677077e-57,Risk-On,0.9999999999975983,6.482382084048903e-11,4.027730447982925e-11,{Risk-On}
2014-12-26,0.9999999999999793,2.0613357471464138e-14,1.4799742490931317e-32,6.8652533750806e-18,5.361268833397153e-61,Risk-On,0.9999999999999793,-4.1010153320356374e-13,-2.548104092958328e-13,{Risk-On}
2014-12-29,1.0,6.782181698932755e-18,1.7008681389250125e-38,2.8899029216715664e-17,3.594027557472315e-68,Risk-On,1.0,-9.991029931707284e-13,-6.207775928800469e-13,{Risk-On}
2014-12-30,0.9999999999999989,1.017665680297372e-15,1.234272138407695e-36,8.268898371151383e-17,2.584767225687923e-66,Risk-On,0.9999999999999989,-9.68575796554986e-13,-6.018099791685161e-13,{Risk-On}
2014-12-31,0.9999999999999999,7.04580191745063e-17,5.3517744812639626e-37,3.932369493478516e-18,7.457118115265708e-67,Risk-On,0.9999999999999999,-9.978113785564297e-13,-6.199750675981954e-13,{Risk-On}
2015-01-01,1.0,6.596544078498139e-18,3.039996328854173e-38,6.053236515815735e-19,7.751002175664812e-69,Risk-On,1.0,-9.998899056663977e-13,-6.212665291040477e-13,{Risk-On}
2015-01-02,1.0,4.3665127665977376e-18,8.63905392745405e-39,4.1163106358850103e-19,2.341962121209854e-69,Risk-On,1.0,-9.9995687560801e-13,-6.213081398683368e-13,{Risk-On}
2015-01-05,0.9999999999999213,7.873402526346081e-14,9.83493094607352e-35,1.5036329220452092e-18,2.265034465480534e-65,Risk-On,0.9999999999999213,1.248312889183785e-12,7.75620407310927e-13,{Risk-On}
2015-01-06,0.9999999999999775,2.2574247757891874e-14,4.805144344411336e-35,7.751166990183529e-20,1.3542756018668458e-65,Risk-On,0.9999999999999775,-3.5419262258290613e-13,-2.2007224997404729e-13,{Risk-On}
2015-01-07,1.0,6.977723157909886e-18,7.234259874901025e-41,5.526192902227117e-19,9.084706967070895e-73,Risk-On,1.0,-9.998808295796403e-13,-6.212608898142762e-13,{Risk-On}
2015-01-08,1.0,1.3750860636847309e-18,1.3098749281024797e-41,5.246558201468337e-20,2.0172286331359628e-73,Risk-On,1.0,-1.0000494558740683e-12,-6.213656632218897e-13,{Risk-On}
2015-01-09,0.9999999999999971,2.849751361728194e-15,1.5789077303745747e-37,7.569169427678472e-20,1.5156018610192398e-68,Risk-On,0.9999999999999971,-9.18466798761188e-13,-5.706755083034589e-13,{Risk-On}
2015-01-12,0.9996953830907448,0.00030461690824679945,6.011627328591831e-26,1.0083802510456895e-12,3.517724950310405e-53,Risk-On,0.9996953830907448,0.002770887809455829,0.0017216493957602635,{Risk-On}
2015-01-13,0.9999628559913633,3.7144008636403e-05,5.025267134130244e-25,3.4334985494031303e-16,4.774911710199035e-54,Risk-On,0.9999628559913633,0.00041603850562441953,0.0002584992576664274,{Risk-On}
2015-01-14,0.9999780857477849,2.191425221237361e-05,5.433721230870364e-27,2.771771260039369e-15,2.8771378867373215e-56,Risk-On,0.9999780857477849,0.0002570182895242699,0.00015969444210218564,{Risk-On}
2015-01-15,4.369290405065007e-09,0.9999999955932648,5.371855668872064e-25,3.744483953149235e-11,2.212459968383236e-50,Late-Cycle,0.9999999955932648,8.940573810757802e-08,5.5550908436325785e-08,{Late-Cycle}
2015-01-16,0.9343962542354385,0.06560374576416257,5.497919953035323e-21,3.989757550597616e-13,2.6438330999980002e-52,Risk-On,0.9343962542354385,0.24211579368237607,0.15043500082348762,{Risk-On}
2015-01-19,0.9999996878487345,3.1215126530530893e-07,2.8211756830486974e-26,1.543938438041768e-16,1.4195312799066983e-57,Risk-On,0.9999996878487345,4.988105859638973e-06,3.0992844278751977e-06,{Risk-On}
2015-01-20,0.9999995341239055,4.658760944974254e-07,2.9251463149648525e-26,1.5437846703168464e-19,2.258576942196908e-55,Risk-On,0.9999995341239055,7.258042821270232e-06,4.5096755613848e-06,{Risk-On}
2015-01-21,0.9999995352401264,4.647598736334503e-07,6.539189366851619e-27,1.8256496350313865e-19,7.044605384603879e-57,Risk-On,0.9999995352401264,7.24176771314771e-06,4.499563268144542e-06,{Risk-On}
2015-01-22,0.9999999662950438,3.3704956159766126e-08,9.174825024064557e-29,6.947360033242753e-20,3.6080045584884076e-59,Risk-On,0.9999999662950438,6.136176552272923e-07,3.8126208565527216e-07,{Risk-On}
2015-01-23,0.9999999822067865,1.7793213443341972e-08,6.337061033923196e-30,1.5171554994771056e-19,5.0778494754893226e-61,Risk-On,0.9999999822067865,3.3530129820050497e-07,2.0833441017516366e-07,{Risk-On}
2015-01-26,0.9999986066815201,1.3933184799082625e-06,1.1129794586229932e-27,6.647755684589343e-19,1.866240720867243e-58,Risk-On,0.9999986066815201,2.0180574244658165e-05,1.2538895777680069e-05,{Risk-On}
2015-01-27,0.9999989006022876,1.0993977124221792e-06,2.287205841398607e-28,1.0645861659445674e-18,6.810476623267691e-59,Risk-On,0.9999989006022876,1.6183954140521235e-05,1.005565608681652e-05,{Risk-On}
2015-01-28,0.9999993833180664,6.166819335974751e-07,5.840234553172776e-29,5.658191103217915e-19,4.9578329549163993e-60,Risk-On,0.9999993833180664,9.434560721935924e-06,5.862022168762741e-06,{Risk-On}
2015-01-29,0.9999924030210813,7.596978917917729e-06,5.943437572919535e-30,7.75320639731001e-16,1.471345087953551e-60,Risk-On,0.9999924030210813,9.714831153662894e-05,6.036163979118813e-05,{Risk-On}
2015-01-30,0.7908226478252933,0.2091773521739267,1.7355282978761047e-26,7.800148191145518e-13,2.731739234198156e-56,Risk-On,0.7908226478252933,0.5128646820345749,0.3186607436498887,"{Risk-On, Late-Cycle}"
2015-02-02,0.5821474341773646,0.41785256582149755,3.9954188274302398e-22,1.1378431117635064e-12,7.11697891938624e-52,Risk-On,0.5821474341773646,0.6795893958658986,0.4222526328077443,"{Risk-On, Late-Cycle}"
2015-02-03,0.543389064084394,0.45661093591437374,9.435543086308134e-22,1.232266520354607e-12,7.919233317910368e-52,Risk-On,0.543389064084394,0.6893772189032514,0.4283341491941389,"{Risk-On, Late-Cycle}"
2015-02-04,0.301844683031938,0.6981553169674075,1.7184513090415838e-21,6.544985092517171e-13,9.476628291133574e-51,Late-Cycle,0.6981553169674075,0.612419205471146,0.380517446954464,"{Late-Cycle, Risk-On}"
2015-02-05,0.0005317048036017468,0.9994682951961709,1.0121308363495115e-20,2.273457583363774e-13,5.662065375223792e-49,Late-Cycle,0.9994682951961709,0.004540310376590884,0.0028210534507194236,{Late-Cycle}
2015-02-06,0.0076562800693787325,0.9923437199305984,4.871406620827072e-19,2.2783077013142473e-14,4.0928040977873066e-49,Late-Cycle,0.9923437199305984,0.044930045789626574,0.027916607060457992,{Late-Cycle}
2015-02-09,0.9797303511787566,0.020269648820997854,1.6748164220559115e-21,2.4552580051075526e-13,2.2826811597045136e-52,Risk-On,0.9797303511787566,0.0990866912915281,0.061566022849350074,{Risk-On}
2015-02-10,0.9999951095961386,4.890403861400047e-06,3.870099141323833e-26,4.6700876091233764e-17,2.2429827422561995e-57,Risk-On,0.9999951095961386,6.46914008367406e-05,4.0195027305465835e-05,{Risk-On}
2015-02-11,0.9999995846205322,4.1537946782418506e-07,1.6293220664730176e-28,1.2361511924125237e-18,1.816870092684063e-58,Risk-On,0.9999995846205322,6.5189937516495435e-06,4.050478556075688e-06,{Risk-On}
2015-02-12,0.9999851005629141,1.4899437085827764e-05,5.970999113205397e-26,9.774014102690148e-19,1.6257788492215037e-55,Risk-On,0.9999851005629141,0.00018049445592081706,0.00011214751095793362,{Risk-On}
2015-02-13,0.9999958334484235,4.166551576515763e-06,3.1192174458154972e-27,5.391922918795834e-18,5.732071938716433e-57,Risk-On,0.9999958334484235,5.578353937937122e-05,3.466026178978515e-05,{Risk-On}
2015-02-16,0.9994881142495295,0.0005118857504704481,1.2892652097680874e-24,7.190947194848638e-18,8.410632229607988e-54,Risk-On,0.9994881142495295,0.004390522457110427,0.0027279849835712133,{Risk-On}
2015-02-17,0.99999563585803,4.364141969932205e-06,7.603654584710871e-27,5.1455301321453545e-17,2.0464800036160644e-56,Risk-On,0.99999563585803,5.82267588688295e-05,3.6178319411382473e-05,{Risk-On}
2015-02-18,0.9995886908736494,0.00041130912635053355,3.705249365282963e-24,9.891103109690155e-18,6.86777753097622e-53,Risk-On,0.9995886908736494,0.0036178585433483666,0.00224790190127729,{Risk-On}
2015-02-19,0.9999796728245985,2.03271754014493e-05,8.705185994659741e-26,3.4728189217960466e-17,3.3005671235798885e-55,Risk-On,0.9999796728245985,0.00023993266077531177,0.0001490785440815419,{Risk-On}
2015-02-20,0.9999999420009199,5.799908005794328e-08,1.0842435427370458e-29,1.5420608243008993e-18,6.331753375093832e-60,Risk-On,0.9999999420009199,1.0244263935200475e-06,6.365119061789179e-07,{Risk-On}
2015-02-23,0.9999993308927448,6.691072551959344e-07,1.3910288587512603e-28,5.648224645073549e-19,3.8131655237254594e-59,Risk-On,0.9999993308927448,1.0182017975035955e-05,6.3264434722037566e-06,{Risk-On}
2015-02-24,0.9999379668183922,6.203318160775992e-05,1.9054847527922802e-25,2.489646579745648e-18,1.6428540780709267e-54,Risk-On,0.9999379668183922,0.0006629988636439228,0.0004119443555552938,{Risk-On}
2015-02-25,0.9999980757387776,1.9242612223785434e-06,1.7201532415775547e-26,1.4306612759863525e-19,1.062678772748857e-55,Risk-On,0.9999980757387776,2.724939859763881e-05,1.6931003294452687e-05,{Risk-On}
2015-02-26,0.9999607553750346,3.92446249654514e-05,1.6376159789134758e-25,1.5694431595639914e-18,1.677477299530496e-54,Risk-On,0.9999607553750346,0.00043740789003497867,0.00027177680273074136,{Risk-On}
2015-02-27,0.9999521943846763,4.780561532366427e-05,2.148917599245617e-25,1.7674088559839475e-18,1.1817283980491009e-54,Risk-On,0.9999521943846763,0.000523392298029146,0.0003252019192449443,{Risk-On}
2015-03-02,0.9969832737045624,0.003016726295437493,5.6352974680251725e-24,6.679949560409775e-17,9.593785214398e-53,Risk-On,0.9969832737045624,0.020519992967721567,0.012749788487762976,{Risk-On}
2015-03-03,0.9392143467260969,0.060785653273900654,1.9057977824760393e-22,2.409226389594477e-15,4.6965582218928593e-51,Risk-On,0.9392143467260969,0.22912382535550954,0.14236263703331345,{Risk-On}
2015-03-04,0.00781282039753065,0.9921871796024597,3.421755898301754e-21,9.608000851032756e-15,1.0799419068769116e-48,Late-Cycle,0.9921871796024597,0.04568994113121757,0.028388756582797586,{Late-Cycle}
2015-03-05,2.7521660233234224e-05,0.9999724783397491,6.172073063078621e-19,1.7698214560781303e-14,3.1145877023051635e-47,Late-Cycle,0.9999724783397491,0.00031651349760860155,0.0001966608933238743,{Late-Cycle}
2015-03-06,0.00018348019559893898,0.9998165198042634,5.240998776834604e-20,1.3762288137686483e-13,1.8204294075014564e-49,Late-Cycle,0.9998165198042634,0.0017620175801120444,0.0010948030778318027,{Late-Cycle}
2015-03-09,6.685967402064009e-05,0.9999331403257627,7.103934408124131e-20,2.1664009148921053e-13,2.7661986317873786e-49,Late-Cycle,0.9999331403257627,0.0007095737763937384,0.0004408829759208201,{Late-Cycle}
2015-03-10,5.905353302074489e-05,0.9999409464668366,4.984137550479234e-20,1.4265158834346647e-13,1.5090269760266954e-49,Late-Cycle,0.9999409464668366,0.0006340599509382462,0.0003939635981230859,{Late-Cycle}
2015-03-11,4.0646406794725466e-07,0.9999995935358936,5.238700286125425e-20,3.844209880107139e-14,3.627613323410849e-49,Late-Cycle,0.9999995935358936,6.3878949459266575e-06,3.969022288201015e-06,{Late-Cycle}
2015-03-12,0.0008165225843348266,0.9991834774156014,1.144806557126907e-20,6.377760417981337e-14,2.4795530083799215e-51,Late-Cycle,0.9991834774156014,0.00662203703631481,0.004114502948609989,{Late-Cycle}
2015-03-13,1.7942265723032687e-05,0.9999820577342642,2.0067739533284687e-20,1.2745305621266531e-14,9.893760423046995e-51,Late-Cycle,0.9999820577342642,0.0002140214881238943,0.0001329790273178106,{Late-Cycle}
2015-03-16,0.0001899245596078801,0.9998100754403835,2.21164428146462e-21,8.657147430499864e-15,5.469677244735773e-53,Late-Cycle,0.9998100754403835,0.0018173479687801073,0.0011291817812540315,{Late-Cycle}
2015-03-17,2.3754776953865618e-08,0.9999999762452229,7.159826708102157e-21,1.541706839638337e-16,5.2532500544767673e-51,Late-Cycle,0.9999999762452229,4.4077934494998404e-07,2.738716054497269e-07,{Late-Cycle}
2015-03-18,6.912260400295773e-09,0.9999999930877396,2.3322521756243645e-20,2.0070123827539823e-17,6.575634268631698e-50,Late-Cycle,0.9999999930877396,1.367914206138273e-07,8.499328837540872e-08,{Late-Cycle}
2015-03-19,4.756131851738505e-08,0.9999999524386812,3.0782884747183575e-20,2.0725629592036576e-16,1.2498626012388122e-50,Late-Cycle,0.9999999524386812,8.495024170175867e-07,5.278255286858543e-07,{Late-Cycle}
2015-03-20,3.24441938372972e-08,0.9999999675558041,5.5199131137408076e-21,2.0684271834473104e-15,2.586026315302486e-51,Late-Cycle,0.9999999675558041,5.91901636270964e-07,3.6776916443814664e-07,{Late-Cycle}
2015-03-23,2.9317971384111436e-10,0.9999999997068101,5.874973296420052e-21,1.0155881510635256e-14,2.5135519088891387e-50,Late-Cycle,0.9999999997068101,6.7268358702370335e-09,4.179618125226977e-09,{Late-Cycle}
2015-03-24,4.953799475523844e-07,0.9999995046200372,1.6635224549210356e-22,1.526952213612883e-14,2.3519682066917583e-53,Late-Cycle,0.9999995046200372,7.687275012911979e-06,4.776372517089403e-06,{Late-Cycle}
2015-03-25,2.3842188613735973e-07,0.9999997615781019,4.494126592552964e-22,1.1945116348502104e-14,1.1409238552272065e-52,Late-Cycle,0.9999997615781019,3.874168972087907e-06,2.4071565247451186e-06,{Late-Cycle}
2015-03-26,9.40118801367865e-07,0.9999990598811963,3.575947571322867e-23,2.3723888960224794e-15,3.278787943123063e-54,Late-Cycle,0.9999990598811963,1.3986389074891862e-05,8.690232140573205e-06,{Late-Cycle}
2015-03-27,7.353858407410327e-11,0.9999999999264612,2.5331184801443596e-22,3.1157374289322874e-16,7.935380656230073e-52,Late-Cycle,0.9999999999264612,1.7874455019998482e-09,1.1106023340139482e-09,{Late-Cycle}
2015-03-30,3.082213038832073e-12,0.9999999999969175,2.579083339888552e-20,3.246242735775803e-16,3.229247481392956e-49,Late-Cycle,0.9999999999969175,8.292065837072371e-11,5.152150184241355e-11,{Late-Cycle}
2015-03-31,3.157691701259559e-10,0.9999999996842305,2.63014962390527e-20,3.4223016777686894e-16,9.917350022313029e-50,Late-Cycle,0.9999999996842305,7.221549991404229e-09,4.4870012913281126e-09,{Late-Cycle}
2015-04-01,1.507436231588079e-07,0.9999998492563751,3.217117360373166e-21,1.7525608727814895e-15,3.469886700325388e-52,Late-Cycle,0.9999998492563751,2.518575056014913e-06,1.5648786676124966e-06,{Late-Cycle}
2015-04-02,1.3031343643659352e-09,0.9999999986968652,1.3724124503712322e-19,4.713838926284033e-16,3.713422484681486e-49,Late-Cycle,0.9999999986968652,2.796131408054713e-08,1.7373341254437506e-08,{Late-Cycle}
2015-04-03,1.913868401835759e-08,0.9999999808613158,2.6784822935701187e-19,2.206835368151918e-16,4.539876734164357e-49,Late-Cycle,0.9999999808613158,3.592608506816032e-07,2.232213171480844e-07,{Late-Cycle}
2015-04-06,1.0591223760469178e-12,0.9999999999989408,2.32713090778645e-18,3.190344437810564e-17,5.98779714061908e-46,Late-Cycle,0.9999999999989408,2.8559770686311337e-11,1.7745183250416776e-11,{Late-Cycle}
2015-04-07,1.616807591206758e-14,0.9999999999999817,6.1335188686648426e-18,2.109806350202846e-15,7.593234586241257e-45,Late-Cycle,0.9999999999999817,-4.767169348341387e-13,-2.962008855086283e-13,{Late-Cycle}
2015-04-08,1.0654713042229045e-12,0.9999999999989343,5.098504814668176e-17,2.1256443210128994e-16,6.563839989511001e-44,Late-Cycle,0.9999999999989343,2.8740218804310845e-11,1.7857301970005404e-11,{Late-Cycle}
2015-04-09,2.480322002863994e-12,0.9999999999975193,1.9338361516673695e-17,3.672395383469635e-16,1.0538570389034784e-44,Late-Cycle,0.9999999999975193,6.693194436123398e-11,4.1587155269634896e-11,{Late-Cycle}
2015-04-10,8.584962008748402e-14,0.9999999999999117,1.786212592192276e-16,2.1928639922756917e-15,1.1278298250038103e-42,Late-Cycle,0.9999999999999117,1.518848431394145e-12,9.437135907262502e-13,{Late-Cycle}
2015-04-13,3.1150860664163855e-12,0.9999999999968779,4.1639534560830506e-16,6.545122923088091e-15,1.0498734021991544e-42,Late-Cycle,0.9999999999968779,8.398061328077915e-11,5.218008885708898e-11,{Late-Cycle}
2015-04-14,1.365756941813471e-09,0.9999999986342256,1.592203507129638e-16,1.729094507772818e-14,1.0881493031616662e-43,Late-Cycle,0.9999999986342256,2.9241482340346608e-08,1.8168754516365307e-08,{Late-Cycle}
2015-04-15,3.272859499215695e-13,0.9999999999996385,1.4767792614169103e-14,1.9416442162695154e-14,3.718576799770471e-40,Late-Cycle,0.9999999999996385,9.255933638324293e-12,5.751034921456335e-12,{Late-Cycle}
2015-04-16,7.917526605062553e-13,0.9999999999990355,1.610210335888938e-13,1.1720494086569576e-14,1.5759402250411838e-38,Late-Cycle,0.9999999999990355,2.6128509537251872e-11,1.6234555763468588e-11,{Late-Cycle}
2015-04-17,2.426518564217079e-09,0.9999999975733448,5.694295351209821e-14,7.972964240324038e-14,7.893481286193286e-40,Late-Cycle,0.9999999975733448,5.056280615527851e-08,3.141643785364031e-08,{Late-Cycle}
2015-04-20,5.685218076089751e-07,0.9999994314781553,1.5672768048059743e-14,2.1415610450708575e-14,1.373102569877683e-41,Late-Cycle,0.9999994314781553,8.743992880132994e-06,5.4329482439671455e-06,{Late-Cycle}
2015-04-21,8.960960166617564e-09,0.9999999910389487,8.871150956945129e-14,2.466461269846001e-15,9.195439878314257e-40,Late-Cycle,0.9999999910389487,1.750116359879702e-07,1.0874084339375608e-07,{Late-Cycle}
2015-04-22,1.3643157260087027e-05,0.9999863568425406,2.002766671331263e-15,1.9734710783928394e-13,3.103899270001027e-43,Late-Cycle,0.9999863568425406,0.00016647743272853904,0.00010343824477003899,{Late-Cycle}
2015-04-23,5.574458649133481e-28,0.9999999999242426,9.28404900484662e-22,7.575735752276761e-11,3.5174557476904304e-40,Late-Cycle,0.9999999999242426,1.8391744511341868e-09,1.14274333723917e-09,{Late-Cycle}
2015-04-24,1.0406306019968785e-13,0.9999999998159789,1.838668011045752e-10,5.027322924042187e-14,9.591468770242158e-32,Late-Cycle,0.9999999998159789,4.307982623519685e-09,2.6767001014685484e-09,{Late-Cycle}
2015-04-27,1.6113160401886232e-14,0.9999999979446851,2.055288815099758e-09,9.962962479024421e-15,2.240358374747149e-30,Late-Cycle,0.9999999979446851,4.316566809257882e-08,2.6820337559524385e-08,{Late-Cycle}
2015-04-28,9.293195093484783e-12,0.9999999992348343,7.558689636449506e-10,3.5244311783910174e-15,2.8530528111514712e-31,Late-Cycle,0.9999999992348343,1.6874008860306114e-08,1.048441119097661e-08,{Late-Cycle}
2015-04-29,2.219055888320368e-15,0.9999999988409599,1.1590295831178243e-09,8.238897088756818e-15,8.267576681805801e-30,Late-Cycle,0.9999999988409599,2.500515442816352e-08,1.553657599027597e-08,{Late-Cycle}
2015-04-30,6.380818434823712e-12,0.9999999973440498,2.6495682765942656e-09,1.1760954675496025e-15,7.190101258962943e-31,Late-Cycle,0.9999999973440498,5.514351408120484e-08,3.4262591713032447e-08,{Late-Cycle}
2015-05-01,2.1920498969222136e-38,0.9999999999352353,2.7813302960280693e-15,6.476191650659759e-11,1.8494267666761036e-25,Late-Cycle,0.9999999999352353,1.5821834661231477e-09,9.830658603849258e-10,{Late-Cycle}
2015-05-04,6.758385693451393e-19,0.9995584204886243,0.0004415795113732949,2.408923515355674e-15,3.940922569939306e-21,Late-Cycle,0.9995584204886243,0.0038527510476143332,0.002393848820043928,{Late-Cycle}
2015-05-05,2.000020232069638e-18,0.9878524903248218,0.012147509675176256,1.9840500998455493e-15,3.7474440714476953e-19,Late-Cycle,0.9878524903248218,0.06565161200060902,0.040791640046131436,{Late-Cycle}
2015-05-06,3.1077354215607155e-21,0.8732815541860551,0.12671844581394218,2.6424217336254147e-15,3.533258322888247e-17,Late-Cycle,0.8732815541860551,0.3801006553747908,0.23616981583336122,"{Late-Cycle, Transitional}"
2015-05-07,2.5273763514551157e-23,0.7229862080201679,0.2770137919798144,1.6801384013726323e-14,9.2109314878126e-16,Late-Cycle,0.7229862080201679,0.5901107935822412,0.3666564513133424,"{Late-Cycle, Transitional}"
2015-05-08,2.9740246746613987e-21,0.5332605512991205,0.4667394487008767,1.7442415881119484e-15,9.348233879171852e-16,Late-Cycle,0.5332605512991205,0.6909330173566027,0.4293008211243399,"{Late-Cycle, Transitional}"
2015-05-11,1.0373668656229457e-21,0.4434909584943055,0.5565090415056911,8.667011380110807e-16,2.5697701779154555e-15,Transitional,0.5565090415056911,0.6867469710905851,0.42669988434158035,"{Transitional, Late-Cycle}"
2015-05-12,4.7611953992469806e-20,0.34460023545007595,0.6553997645499224,4.586798012427813e-17,1.4931269375209806e-15,Transitional,0.6553997645499224,0.6440397367111989,0.40016438766324236,"{Transitional, Late-Cycle}"
2015-05-13,4.1090447864935464e-23,0.1195242980424812,0.8804757019575112,2.443471857941724e-16,7.298208289736656e-15,Transitional,0.8804757019575112,0.3659761156561238,0.22739374587157862,"{Transitional, Late-Cycle}"
2015-05-14,2.3008999200282676e-31,0.0063242123456995186,0.9936757876366176,6.33999117280213e-17,1.7682817945790947e-11,Transitional,0.9936757876366176,0.038325998365540896,0.023813281686385142,{Transitional}
2015-05-15,1.1595350657030803e-31,1.3180796729878966e-05,0.9999868191811631,2.2988390800212183e-19,2.210704366707266e-11,Transitional,0.9999868191811631,0.00016129058351973592,0.00010021547415631672,{Transitional}
2015-05-18,1.9753454791512942e-33,9.780368769694686e-08,0.999999901864123,2.3832279153625135e-19,3.321892500531674e-10,Transitional,0.999999901864123,1.6839642172873369e-06,1.0463057967489555e-06,{Transitional}
2015-05-19,1.0709745143222363e-31,7.771291424752948e-08,0.9999999222418298,3.9124379159715e-19,4.5255970752135725e-11,Transitional,0.9999999222418298,1.3510125141666859e-06,8.394312720789744e-07,{Transitional}
2015-05-20,5.099499408967694e-35,2.035020605350521e-08,0.9999999789108514,2.019828175237012e-17,7.389425287197304e-10,Transitional,0.9999999789108514,3.9702871465903345e-07,2.4668781044095735e-07,{Transitional}
2015-05-21,2.1328995057799534e-33,3.756403555381995e-08,0.9999999622717085,2.8505693995357403e-17,1.6425586317200785e-10,Transitional,0.9999999622717085,6.836664456610212e-07,4.24785846275393e-07,{Transitional}
2015-05-22,4.054423986879624e-36,3.5575528349380143e-09,0.9999999954895264,3.03566056062866e-18,9.529207392443666e-10,Transitional,0.9999999954895264,9.351037655640159e-08,5.810126369831645e-08,{Transitional}
2015-05-25,1.3745862690618237e-48,2.0979750193330873e-10,0.9999798812253149,1.2007266359869742e-14,2.0118564875619346e-05,Transitional,0.9999798812253149,0.00023768274067782134,0.0001476805901250033,{Transitional}
2015-05-26,3.02758489797477e-50,5.980140666618867e-13,0.9999858251931445,7.236268364157655e-17,1.417480625736471e-05,Transitional,0.9999858251931445,0.00017242288672133932,0.00010713236303758273,{Transitional}
2015-05-27,6.258880049066665e-43,4.932858081564002e-12,0.9999994098613193,1.4905398695200503e-17,5.901337478472148e-07,Transitional,0.9999994098613193,9.054503172485989e-06,5.6258791361463795e-06,{Transitional}
2015-05-28,1.6256048797836987e-49,1.896883140151526e-12,0.9999828011447858,6.2615387627496625e-18,1.7198853317311458e-05,Transitional,0.9999828011447858,0.0002058816627497986,0.0001279214694516702,{Transitional}
2015-05-29,6.526532809778565e-47,7.946776399551215e-13,0.999997326669943,6.254996127787634e-19,2.6733292622704504e-06,Transitional,0.999997326669943,3.697800416929256e-05,2.2975725800672448e-05,{Transitional}
2015-06-01,3.1092316697505564e-38,3.960804851029022e-12,0.9999999831682617,3.796478695430489e-19,1.6827777584199443e-08,Transitional,0.9999999831682617,3.181540072467558e-07,1.9768019927254128e-07,{Transitional}
2015-06-02,1.7430270782749297e-32,2.0478920004095934e-11,0.999999997966618,8.368644393974245e-18,2.0129030667222883e-09,Transitional,0.999999997966618,4.284016833754038e-08,2.6618093190528405e-08,{Transitional}
2015-06-03,3.019383219122075e-31,8.897391617353346e-11,0.9999999992423467,8.686939467787244e-20,6.686793381412304e-10,Transitional,0.9999999992423467,1.6940084420569644e-08,1.0525466244888941e-08,{Transitional}
2015-06-04,5.781318332381746e-32,8.375438059551199e-12,0.9999999987499539,1.1747155977594825e-20,1.2416705840660458e-09,Transitional,0.9999999987499539,2.692342379913276e-08,1.672846376435485e-08,{Transitional}
2015-06-05,2.7740642856466544e-38,7.38582444163473e-13,0.9999998047525154,5.071819438783015e-20,1.9524674608073466e-07,Transitional,0.9999998047525154,3.2116327796973778e-06,1.9954996430027743e-06,{Transitional}
2015-06-08,9.264232120393085e-41,6.814182971724673e-14,0.9999996693771507,4.71167559541549e-21,3.30622781144165e-07,Transitional,0.9999996693771507,5.264270948459593e-06,3.270875445265207e-06,{Transitional}
2015-06-09,3.337822566579629e-35,3.1847143397440737e-13,0.9999999480316527,3.2790220208858156e-19,5.196802879720204e-08,Transitional,0.9999999480316527,9.236159474315898e-07,5.738748542556207e-07,{Transitional}
2015-06-10,2.698330475027112e-38,1.6425062117029368e-13,0.999998618043219,1.2022568401345797e-20,1.3819566168121236e-06,Transitional,0.999998618043219,2.0027331143697505e-05,1.2443680485572966e-05,{Transitional}
2015-06-11,8.069440285774069e-39,1.2820862233004347e-13,0.9999994511741881,1.118435337648735e-20,5.488256836580287e-07,Transitional,0.9999994511741881,8.460415577906084e-06,5.256751759445397e-06,{Transitional}
2015-06-12,3.27058917415838e-39,3.6592293105599656e-14,0.9999995242613872,4.924386021866913e-21,4.757385762615692e-07,Transitional,0.9999995242613872,7.401728734130629e-06,4.598952638649052e-06,{Transitional}
2015-06-15,5.120785863486018e-41,1.3024527330236149e-14,0.9999983911511146,2.1608264365973443e-21,1.6088488724464687e-06,Transitional,0.9999983911511146,2.3070876428474758e-05,1.4334741495919255e-05,{Transitional}
2015-06-16,4.721187699671348e-47,2.407882905463072e-15,0.9999709956950982,2.897916045421327e-21,2.9004304899439628e-05,Transitional,0.9999709956950982,0.0003320427827455957,0.00020630978068822612,{Transitional}
2015-06-17,3.687363852876053e-45,2.9632618477754194e-15,0.9999813187833705,4.681958064962111e-21,1.8681216626562357e-05,Transitional,0.9999813187833705,0.00022208197734777566,0.00013798729086224938,{Transitional}
2015-06-18,2.5586930284413022e-42,6.657396792124839e-15,0.9999854224137685,3.4263165605064184e-21,1.4577586224854358e-05,Transitional,0.9999854224137685,0.00017691384861708877,0.00010992275455318793,{Transitional}
2015-06-19,7.246210694580098e-40,8.629483863466684e-15,0.9999937672156397,1.5922122082174923e-21,6.232784351686068e-06,Transitional,0.9999937672156397,8.093696803686569e-05,5.028896573863934e-05,{Transitional}
2015-06-22,1.7996942699619593e-34,4.845972103339982e-14,0.9999968667550637,8.447795912462154e-23,3.133244887784821e-06,Transitional,0.9999968667550637,4.284223479475769e-05,2.6619377152588298e-05,{Transitional}
2015-06-23,1.3810571218870926e-35,1.7207381142120248e-14,0.9997942721628894,8.087151702604043e-23,0.00020572783709343025,Transitional,0.9997942721628894,0.0019521213201270332,0.0012129211726935533,{Transitional}
2015-06-24,5.472325133196102e-32,9.599657073173988e-14,0.9993049457420039,2.3891729093356612e-21,0.0006950542579000972,Transitional,0.9993049457420039,0.00574891403922222,0.003572001128348972,{Transitional}
2015-06-25,1.1004835446774597e-35,2.4855996626551353e-14,0.9636256616513309,8.359936792260207e-22,0.036374338348644286,Transitional,0.9636256616513309,0.15624524138029955,0.09708062682827917,{Transitional}
2015-06-26,1.9065583481420217e-38,4.825600710029831e-15,0.5898422905087091,8.990527278532978e-21,0.41015770949128616,Transitional,0.5898422905087091,0.6769158961193209,0.4205914940176593,"{Transitional, Post-Shock}"
2015-06-29,2.6004489874961836e-39,4.2120658442852586e-16,0.2514956083810869,1.4118068054650267e-20,0.7485043916189127,Post-Shock,0.7485043916189127,0.5639722813471989,0.35041568052429684,"{Post-Shock, Transitional}"
2015-06-30,2.849253539693854e-39,6.798597236771096e-16,0.13623275492164932,1.0725985527913939e-19,0.86376724507835,Post-Shock,0.86376724507835,0.39806545659762527,0.2473319744255275,"{Post-Shock, Transitional}"
2015-07-01,1.8745318742766914e-45,5.057440541597881e-17,0.00927395479507294,1.7823341114546664e-19,0.990726045204927,Post-Shock,0.990726045204927,0.052637984271629905,0.032705818512763045,{Post-Shock}
2015-07-02,3.6760843848764526e-41,2.991129467008555e-17,0.006608139528603917,1.2644783600782935e-22,0.993391860471396,Post-Shock,0.993391860471396,0.03975550414589274,0.024701483566872642,{Post-Shock}
2015-07-03,8.058929606057855e-45,1.6728148474832963e-17,0.00766440832710522,2.991706515864446e-22,0.9923355916728948,Post-Shock,0.9923355916728948,0.04496958170424313,0.027941172105379025,{Post-Shock}
2015-07-06,3.201634134522066e-40,2.8717135008869514e-17,0.13144002624588572,9.44357810252162e-22,0.8685599737541143,Post-Shock,0.8685599737541143,0.3891149979812179,0.2417707418068235,"{Post-Shock, Transitional}"
2015-07-07,1.6957540173728538e-34,1.5238890710735641e-15,0.9284797852699377,3.035997991408398e-22,0.07152021473006084,Transitional,0.9284797852699377,0.25755363768239425,0.16002707261498042,{Transitional}
2015-07-08,1.0811196729578536e-40,4.58473070546663e-15,0.9453032243318992,3.906911068214024e-20,0.05469677566809629,Transitional,0.9453032243318992,0.21211898621944208,0.13179693642150825,{Transitional}
2015-07-09,2.696392755234143e-39,6.03525076414112e-16,0.9628471442691875,3.881980333405846e-21,0.03715285573081196,Transitional,0.9628471442691875,0.1587877307496829,0.09866036429422348,{Transitional}
2015-07-10,1.7203482977089255e-40,3.76702443191555e-16,0.9697008586597934,7.30251087724785e-21,0.030299141340206285,Transitional,0.9697008586597934,0.13578048037416526,0.08436515588775463,{Transitional}
2015-07-13,4.197499024713125e-43,4.542074699243013e-16,0.9717890865138611,1.4341251306042376e-19,0.028210913486138443,Transitional,0.9717890865138611,0.12846703754143626,0.0798210583638755,{Transitional}
2015-07-14,1.6740152805760599e-40,1.2348904336978054e-16,0.9805305627078622,8.85992984758176e-21,0.01946943729213769,Transitional,0.9805305627078622,0.09596701447861349,0.059627658660950635,{Transitional}
2015-07-15,8.523318973574977e-32,1.8734247121318397e-15,0.9995132559762653,3.599049824486338e-20,0.0004867440237328788,Transitional,0.9995132559762653,0.004199398071388577,0.002609232725875982,{Transitional}
2015-07-16,2.944604553342557e-31,2.490105095490632e-15,0.9999942130345885,8.993298399348369e-21,5.786965409096453e-06,Transitional,0.9999942130345885,7.557718541412329e-05,4.6958745553483947e-05,{Transitional}
2015-07-17,6.570616544665918e-35,5.613595356458256e-15,0.9999608980427941,2.2295488162207602e-20,3.91019572003089e-05,Transitional,0.9999608980427941,0.00043596017236277525,0.00027087728516562206,{Transitional}
2015-07-20,2.2653749772002088e-30,2.5368696695577218e-15,0.9999914805042777,1.9255969674415802e-19,8.519495719838174e-06,Transitional,0.9999914805042777,0.00010796883798673279,6.708481088496395e-05,{Transitional}
2015-07-21,2.4075728549726514e-24,6.254216466330508e-14,0.9999998794452409,2.5531367148312297e-18,1.205546965717323e-07,Transitional,0.9999998794452409,2.0411309101264806e-06,1.2682259404710378e-06,{Transitional}
2015-07-22,1.3308887455239316e-24,6.214244982343074e-14,0.9999998819499644,1.3176994025525792e-19,1.180499734915281e-07,Transitional,0.9999998819499644,2.0012015471934617e-06,1.2434164323660435e-06,{Transitional}
2015-07-23,1.711246434552159e-20,3.2182516249208684e-13,0.9999999959521548,6.576704246034915e-19,4.047523367366322e-09,Transitional,0.9999999959521548,8.227368722831039e-08,5.111951606998021e-08,{Transitional}
2015-07-24,2.4964865115574305e-20,1.293925213184033e-13,0.9999999882810671,2.773290079616317e-19,1.1718803514739231e-08,Transitional,0.9999999882810671,2.2573011598882692e-07,1.4025400684605137e-07,{Transitional}
2015-07-27,4.1052752922865117e-17,8.932574810046071e-13,0.9999999990023188,1.913671745322952e-18,9.967878351196707e-10,Transitional,0.9999999990023188,2.167970061164817e-08,1.3470355360810391e-08,{Transitional}
2015-07-28,1.3959273247449062e-27,2.0411470093204864e-13,0.9999948562200096,5.8141116216612645e-18,5.1437797862414755e-06,Transitional,0.9999948562200096,6.778329259312845e-05,4.2116127667586485e-05,{Transitional}
2015-07-29,1.2257139486644625e-22,1.5573719245950792e-13,0.9999998874772545,1.4415365059866373e-19,1.1252258968421376e-07,Transitional,0.9999998874772545,1.9128990390696934e-06,1.1885509992595124e-06,{Transitional}
2015-07-30,1.7588951068818756e-16,2.095167829107763e-12,0.9999999976560636,2.7824902336566684e-18,2.3418410177885523e-09,Transitional,0.9999999976560636,4.893529986561811e-08,3.0405211339658807e-08,{Transitional}
2015-07-31,1.7460010621480708e-21,3.430643818768398e-11,0.9999998990144995,5.0501364203862545e-17,1.0095119408179238e-07,Transitional,0.9999998990144995,1.727994447003643e-06,1.0736633166483812e-06,{Transitional}
2015-08-03,1.0709894891663949e-18,1.429341664807995e-12,0.9999999981966109,1.862578570621784e-19,1.8019597662320995e-09,Transitional,0.9999999981966109,3.8120977403493273e-08,2.3685895000347936e-08,{Transitional}
2015-08-04,2.8965947889611247e-18,4.758286904922943e-13,0.9999999980445623,1.617556820501222e-19,1.9549618897441278e-09,Transitional,0.9999999980445623,4.116904626447711e-08,2.5579766666620518e-08,{Transitional}
2015-08-05,3.5109727387249545e-17,1.6107145933828186e-12,0.9999999973532633,1.1554674909116262e-18,2.6451259513666933e-09,Transitional,0.9999999973532633,5.493038276794099e-08,3.413016578245305e-08,{Transitional}
2015-08-06,2.7671431076274285e-19,7.285351620842045e-13,0.9999999866537862,8.764882844730402e-19,1.334548519205429e-08,Transitional,0.9999999866537862,2.553454531285032e-07,1.5865505040969296e-07,{Transitional}
2015-08-07,1.164687461615246e-24,3.6168040201949387e-13,0.999998110425073,7.450995312269676e-18,1.8895745652582305e-06,Transitional,0.999998110425073,2.6792584382088995e-05,1.6647168663728144e-05,{Transitional}
2015-08-10,2.5023660863062855e-17,9.469349678458384e-13,0.9999999899068144,1.5461029120661007e-16,1.009223846875702e-08,Transitional,0.9999999899068144,1.9592996474469708e-07,1.2173813182291342e-07,{Transitional}
2015-08-11,7.763295205175868e-21,5.448520959270021e-13,0.9999999830769623,7.612189134943654e-19,1.6922492869199428e-08,Transitional,0.9999999830769623,3.1975747144216087e-07,1.9867648759346198e-07,{Transitional}
2015-08-12,8.840924255403645e-26,3.0966308567340596e-13,0.9999951442481179,1.915264044896867e-18,4.855751572515537e-06,Transitional,0.9999951442481179,6.42675503716758e-05,3.993167420449174e-05,{Transitional}
2015-08-13,3.6469222441419884e-25,2.8034025951157872e-14,0.9999983811342709,1.1122770591774732e-20,1.6188657011292728e-06,Transitional,0.9999983811342709,2.3204470133835657e-05,1.4417747932097245e-05,{Transitional}
2015-08-14,2.119271717021081e-22,4.4909420735688227e-14,0.999763895713066,4.2103956239835084e-20,0.00023610428688912894,Transitional,0.999763895713066,0.0022078392577239894,0.001371807660716077,{Transitional}
2015-08-17,2.1866857403081765e-24,4.908538846771216e-15,0.9253455939607828,6.761384296009621e-19,0.07465440603921233,Transitional,0.9253455939607828,0.26551536360284833,0.1649739710687473,{Transitional}
2015-08-18,6.582296614903291e-33,1.470740438556049e-16,0.037593151147216404,7.402941909702672e-18,0.9624068488527835,Post-Shock,0.9624068488527835,0.1602181286687358,0.09954912049165243,{Post-Shock}
2015-08-19,1.4467852198371588e-42,1.725165771342636e-21,1.174972564742683e-05,7.788046913207702e-22,0.9999882502743526,Post-Shock,0.9999882502743526,0.00014512878809128305,9.017358605141313e-05,{Post-Shock}
2015-08-20,2.831966146044782e-35,1.3978775860662752e-21,1.10807541215622e-05,5.677420513885829e-23,0.9999889192458784,Post-Shock,0.9999889192458784,0.00013751542854104033,8.544313979348427e-05,{Post-Shock}
2015-08-21,2.4921380400190013e-39,6.148435906020556e-23,1.6561805065896145e-06,9.015957342098736e-25,0.9999983438194934,Post-Shock,0.9999983438194934,2.3701590072326083e-05,1.4726625916547473e-05,{Post-Shock}
2015-08-24,5.95815643405653e-41,1.3083671642249303e-23,9.642783282185758e-07,8.556894342475241e-24,0.9999990357216718,Post-Shock,0.9999990357216718,1.4321349204773226e-05,8.89835457095312e-06,{Post-Shock}
2015-08-25,4.2036042158851216e-40,4.144317120770516e-23,4.004381540505657e-06,2.466606308036463e-24,0.9999959956184595,Post-Shock,0.9999959956184595,5.377131148517406e-05,3.340999430282513e-05,{Post-Shock}
2015-08-26,1.3131557372243485e-47,6.838694133573864e-26,1.0867669068489665e-07,6.003208736091446e-26,0.9999998913233094,Post-Shock,0.9999998913233094,1.8512933027683781e-06,1.1502732031262379e-06,{Post-Shock}
2015-08-27,2.5970933993249463e-48,3.0020452089489e-26,1.1001665331991334e-07,6.620606956611908e-26,0.9999998899833467,Post-Shock,0.9999998899833467,1.8727712271366542e-06,1.163618187858077e-06,{Post-Shock}
2015-08-28,1.1883766045226678e-60,4.175652240047596e-30,1.2575326951241378e-10,2.9651271469292236e-26,0.9999999998742467,Post-Shock,0.9999999998742467,2.9905167458349954e-09,1.8581125265728102e-09,{Post-Shock}
2015-08-31,1.0661474279951228e-59,2.3139448246197366e-30,2.0360735648565276e-10,4.700881819419538e-27,0.9999999997963926,Post-Shock,0.9999999997963926,4.745072901396475e-09,2.9482795606697663e-09,{Post-Shock}
2015-09-01,9.57882870269306e-59,6.928281567973154e-30,9.847588576238185e-10,4.469953772463985e-26,0.9999999990152412,Post-Shock,0.9999999990152412,2.1405303352454508e-08,1.3299862757725961e-08,{Post-Shock}
2015-09-02,4.6211836702277076e-66,4.2421179172049874e-32,3.510436365116256e-11,3.432203076846475e-27,0.9999999999648956,Post-Shock,0.9999999999648956,8.781750273379899e-10,5.456408231429353e-10,{Post-Shock}
2015-09-03,7.920427869266119e-66,1.1338845447861339e-31,9.968597440787562e-11,1.709598457334968e-27,0.9999999999003141,Post-Shock,0.9999999999003141,2.393358849290993e-09,1.487077464001887e-09,{Post-Shock}
2015-09-04,1.3382783934019041e-64,2.011872819432607e-31,5.35713835689346e-11,5.748062980695402e-28,0.9999999999464286,Post-Shock,0.9999999999464286,1.3185441575468933e-09,8.192575478433575e-10,{Post-Shock}
2015-09-07,1.5750525427760146e-59,6.0133753347043845e-30,2.7866204921814345e-09,3.725941708658757e-27,0.9999999972133795,Post-Shock,0.9999999972133795,5.767668685712218e-08,3.583654045398523e-08,{Post-Shock}
2015-09-08,3.4215582955010005e-65,1.5801843150759964e-31,1.822652065715392e-10,8.868278530613703e-27,0.9999999998177348,Post-Shock,0.9999999998177348,4.267666976251112e-09,2.6516505814112013e-09,{Post-Shock}
2015-09-09,1.1598625645545412e-70,4.281911937756091e-33,4.392925113353865e-11,2.5244121408058615e-27,0.9999999999560707,Post-Shock,0.9999999999560707,1.0895846797305989e-09,6.769970256775673e-10,{Post-Shock}
2015-09-10,4.601886089384978e-77,7.175782171243765e-35,3.797564802339549e-12,1.3833801156023105e-27,0.9999999999962025,Post-Shock,0.9999999999962025,1.0177313973998105e-10,6.323520712026736e-11,{Post-Shock}
2015-09-11,3.278797625473184e-79,8.975898565886604e-36,1.1108488803346405e-12,2.7013871241732666e-27,0.9999999999988891,Post-Shock,0.9999999999988891,2.997489585984478e-11,1.8624449957507838e-11,{Post-Shock}
2015-09-14,6.242052092116712e-75,4.705667266907194e-34,1.536009259785279e-11,1.897213358242268e-27,0.99999999998464,Post-Shock,0.99999999998464,3.958460337424042e-10,2.459529694710186e-10,{Post-Shock}
2015-09-15,4.702461926898644e-67,2.0088921511605943e-31,1.238726769121848e-09,1.310101848369675e-27,0.9999999987612732,Post-Shock,0.9999999987612732,2.6641999701146482e-08,1.6553605140849046e-08,{Post-Shock}
2015-09-16,7.267599513196296e-74,9.10924401597785e-34,3.0340161805300636e-11,3.5065589887528676e-28,0.9999999999696598,Post-Shock,0.9999999999696598,7.631510129076349e-10,4.741723846640669e-10,{Post-Shock}
2015-09-17,3.940612182406801e-80,1.3280885065437194e-36,3.381782144157253e-13,3.2728298068499864e-28,0.9999999999996618,Post-Shock,0.9999999999996618,8.583780008853494e-12,5.33340239007509e-12,{Post-Shock}
2015-09-18,7.012946976688847e-77,8.871625923069086e-36,8.141246346408632e-13,3.712779203964049e-27,0.9999999999991859,Post-Shock,0.9999999999991859,2.182434851574535e-11,1.3560230156836798e-11,{Post-Shock}
2015-09-21,3.5357864857809453e-82,4.590852968125176e-37,2.2016802984993293e-13,1.9974627112016088e-29,0.9999999999997798,Post-Shock,0.9999999999997798,5.259835906016404e-12,3.268119798458999e-12,{Post-Shock}
2015-09-22,5.142195608549672e-101,9.620756712555289e-42,3.3841051592683285e-17,6.474248731687942e-29,1.0,Post-Shock,1.0,-9.99153838915894e-13,-6.208091851177919e-13,{Post-Shock}
2015-09-23,3.057458916001742e-95,5.19451146618812e-41,9.693123043636913e-16,7.123931066153579e-30,0.999999999999999,Post-Shock,0.999999999999999,-9.72196527918684e-13,-6.040596660534374e-13,{Post-Shock}
2015-09-24,2.192225466997412e-87,9.766212839181131e-39,1.429888598775019e-14,8.673639676678634e-29,0.9999999999999857,Post-Shock,0.9999999999999857,-5.907661907652338e-13,-3.670636724791477e-13,{Post-Shock}
2015-09-25,1.493926501006298e-102,6.179214246908566e-43,1.934312477113194e-17,2.9879358746439305e-30,1.0,Post-Shock,1.0,-9.995544306669946e-13,-6.210580867672472e-13,{Post-Shock}
2015-09-28,2.263594135781938e-111,1.5970674882225376e-45,7.620358846191391e-19,1.019326254743186e-30,1.0,Post-Shock,1.0,-1.0000678447528026e-12,-6.213770888746547e-13,{Post-Shock}
2015-09-29,1.85404678354533e-110,1.6434916835204174e-45,2.206768756448953e-18,4.398403138247393e-31,1.0,Post-Shock,1.0,-1.0000279253126033e-12,-6.213522855318908e-13,{Post-Shock}
2015-09-30,2.9933021049863053e-106,5.616123169657057e-44,3.777345995549684e-17,2.0445559846882764e-31,1.0,Post-Shock,1.0,-9.990451827389963e-13,-6.207416732392297e-13,{Post-Shock}
2015-10-01,2.2742905539677093e-112,5.570049409274838e-46,1.0158994904512285e-18,2.831971202997132e-32,1.0,Post-Shock,1.0,-1.0000608302426008e-12,-6.213727305144175e-13,{Post-Shock}
2015-10-02,4.942662009142127e-112,1.0837902001519943e-46,1.1144932596060886e-18,3.8739882205110877e-32,1.0,Post-Shock,1.0,-1.0000581059962932e-12,-6.213710378450162e-13,{Post-Shock}
2015-10-05,7.4106024745881e-123,2.9274631815928662e-49,1.2445056031857374e-20,1.8489655655006155e-32,1.0,Post-Shock,1.0,-1.000088556712235e-12,-6.213899579386132e-13,{Post-Shock}
2015-10-06,9.880042354959733e-123,4.0479097170415656e-50,6.568199728607377e-21,2.3754546254169523e-33,1.0,Post-Shock,1.0,-1.0000887190957757e-12,-6.213900588331798e-13,{Post-Shock}
2015-10-07,3.1845022905433196e-122,2.791701460090723e-50,4.090313550572593e-21,4.7391958451479705e-35,1.0,Post-Shock,1.0,-1.000088787562301e-12,-6.213901013738238e-13,{Post-Shock}
2015-10-08,3.224599828120119e-130,4.504484251951965e-52,3.523509391957261e-22,1.3261180488184008e-34,1.0,Post-Shock,1.0,-1.0000888908460247e-12,-6.213901655476096e-13,{Post-Shock}
2015-10-09,5.344133392277228e-133,5.269263307000454e-53,9.909778760356272e-23,9.198098897289142e-35,1.0,Post-Shock,1.0,-1.000088897843668e-12,-6.213901698954898e-13,{Post-Shock}
2015-10-12,4.014175622879684e-126,2.55633631859336e-52,1.7105514860651742e-22,5.146391255282459e-34,1.0,Post-Shock,1.0,-1.0000888958554126e-12,-6.213901686601173e-13,{Post-Shock}
2015-10-13,2.8114428345692295e-136,2.1164783429108793e-55,4.792026586303125e-25,3.75638105367429e-35,1.0,Post-Shock,1.0,-1.0000889005686e-12,-6.213901715885852e-13,{Post-Shock}
2015-10-14,3.457211928293426e-136,1.3592505208251069e-55,8.255113949231907e-25,4.416732715166316e-36,1.0,Post-Shock,1.0,-1.0000889005590313e-12,-6.213901715826399e-13,{Post-Shock}
2015-10-15,6.534518648354013e-116,2.430260545572313e-50,5.396025128007815e-22,1.2303739746774572e-32,1.0,Post-Shock,1.0,-1.0000888856720726e-12,-6.213901623328524e-13,{Post-Shock}
2015-10-16,1.739254150035354e-113,5.269287211147067e-49,2.0171013623404806e-20,4.789868112349522e-34,1.0,Post-Shock,1.0,-1.000088343236138e-12,-6.213898252984564e-13,{Post-Shock}
2015-10-19,1.1335515944495136e-112,4.7790167228498404e-49,5.1877654620223997e-20,1.143029437589423e-34,1.0,Post-Shock,1.0,-1.0000874671492734e-12,-6.213892809550818e-13,{Post-Shock}
2015-10-20,2.813014911899924e-111,1.571141554418273e-48,1.7301085686084423e-19,1.6135658732978792e-34,1.0,Post-Shock,1.0,-1.0000841201152318e-12,-6.213872013259045e-13,{Post-Shock}
2015-10-21,2.660671847492616e-114,5.439561021557599e-50,1.6647333664064792e-20,2.4311729526512945e-35,1.0,Post-Shock,1.0,-1.0000884405990133e-12,-6.213898857934122e-13,{Post-Shock}
2015-10-22,1.4542029665916713e-112,3.058923421587751e-49,6.159475962457914e-20,5.92659904465435e-35,1.0,Post-Shock,1.0,-1.000087198655741e-12,-6.213891141306704e-13,{Post-Shock}
2015-10-23,1.635217471217474e-114,2.564766763062966e-49,5.309254172549903e-20,3.5467196333832196e-35,1.0,Post-Shock,1.0,-1.0000874335807023e-12,-6.213892600977558e-13,{Post-Shock}
2015-10-26,1.5265327143823186e-122,4.548038949001975e-51,4.7778152439596685e-21,3.1780265969268074e-36,1.0,Post-Shock,1.0,-1.0000887685659272e-12,-6.213900895707132e-13,{Post-Shock}
2015-10-27,1.8198544019103452e-119,4.6182870985338534e-51,7.751463717431745e-21,3.6716098597774936e-36,1.0,Post-Shock,1.0,-1.0000886864009834e-12,-6.213900385187632e-13,{Post-Shock}
2015-10-28,8.442014035678743e-135,2.85189200542105e-53,2.422258637811174e-24,2.911080523138507e-35,1.0,Post-Shock,1.0,-1.0000889005149115e-12,-6.213901715552267e-13,{Post-Shock}
2015-10-29,4.2172843041851634e-134,5.525417633868028e-55,2.5359180454023487e-23,4.338223758478963e-37,1.0,Post-Shock,1.0,-1.0000888998811409e-12,-6.213901711614429e-13,{Post-Shock}
2015-10-30,1.490461223247088e-124,3.0138641360278946e-52,1.5217438927725061e-21,1.9600495516891667e-36,1.0,Post-Shock,1.0,-1.0000888585345034e-12,-6.213901454713326e-13,{Post-Shock}
2015-11-02,2.702680659143799e-123,4.323621918368537e-52,2.0462181951895505e-21,1.0842289445128109e-36,1.0,Post-Shock,1.0,-1.0000888440427427e-12,-6.213901364670954e-13,{Post-Shock}
2015-11-03,4.525796131841458e-123,7.857550411354301e-52,4.015745181450381e-21,1.3790377728374658e-35,1.0,Post-Shock,1.0,-1.000088789622701e-12,-6.213901026540224e-13,{Post-Shock}
2015-11-04,1.0999159832443946e-120,5.741800352288822e-51,1.222935439704807e-20,1.3943703685860526e-36,1.0,Post-Shock,1.0,-1.0000885626722915e-12,-6.213899616418045e-13,{Post-Shock}
2015-11-05,4.15683094142184e-120,3.4526001600766925e-51,1.131908156209465e-20,2.6292249866205204e-36,1.0,Post-Shock,1.0,-1.0000885878240595e-12,-6.213899772694767e-13,{Post-Shock}
2015-11-06,4.944559113850985e-128,2.0301542179615425e-52,3.019018127064714e-21,2.1726421994851203e-37,1.0,Post-Shock,1.0,-1.0000888171632874e-12,-6.213901197659508e-13,{Post-Shock}
2015-11-09,1.3057704247384114e-125,1.4763670310399054e-51,2.036067412593086e-20,1.32295578920321e-37,1.0,Post-Shock,1.0,-1.0000883379956247e-12,-6.213898220423425e-13,{Post-Shock}
2015-11-10,4.666429268359186e-119,4.42004013210647e-50,1.4151957985806542e-19,1.4769743551807174e-37,1.0,Post-Shock,1.0,-1.0000849902513616e-12,-6.213877419718798e-13,{Post-Shock}
2015-11-11,2.727088004353811e-111,5.2908269190498045e-48,2.806969838766489e-18,8.276162432901374e-37,1.0,Post-Shock,1.0,-1.0000113411468334e-12,-6.213419812103374e-13,{Post-Shock}
2015-11-12,8.879351074783806e-118,8.960051631282732e-49,5.433426685162961e-19,7.744341223778497e-37,1.0,Post-Shock,1.0,-1.0000738874693893e-12,-6.213808434255696e-13,{Post-Shock}
2015-11-13,3.2521272343716847e-143,2.321325247041954e-52,1.8043106733661913e-24,3.1763524913992344e-34,1.0,Post-Shock,1.0,-1.000088900531986e-12,-6.213901715658356e-13,{Post-Shock}
2015-11-16,3.8789743571053894e-134,1.1806631332645581e-52,8.055090088840995e-21,3.470729646494579e-39,1.0,Post-Shock,1.0,-1.0000886780114767e-12,-6.213900333060696e-13,{Post-Shock}
2015-11-17,2.6912890639416257e-124,7.405665576156088e-50,8.530641671893405e-19,6.439343999011751e-38,1.0,Post-Shock,1.0,-1.0000653295485518e-12,-6.213755260903861e-13,{Post-Shock}
2015-11-18,1.4471580658915215e-137,1.2147867171782881e-52,6.853441559539742e-21,1.609648925896338e-39,1.0,Post-Shock,1.0,-1.0000887112142526e-12,-6.213900539361142e-13,{Post-Shock}
2015-11-19,1.066075000968412e-150,1.0751863191266475e-56,6.532458338593883e-24,3.3510284645930392e-40,1.0,Post-Shock,1.0,-1.0000889004013425e-12,-6.213901714846624e-13,{Post-Shock}
2015-11-20,2.9361778286715313e-140,9.676345688813614e-54,1.803058558292516e-21,1.1213902333623023e-39,1.0,Post-Shock,1.0,-1.0000888507614918e-12,-6.213901406416889e-13,{Post-Shock}
2015-11-23,2.49742716636012e-149,8.915052442047699e-56,1.1822636558199551e-22,2.6932391940477004e-40,1.0,Post-Shock,1.0,-1.0000888973151258e-12,-6.213901695670881e-13,{Post-Shock}
2015-11-24,3.4156417449744446e-137,3.110289239479176e-53,2.7063302879272742e-21,4.344227671120154e-39,1.0,Post-Shock,1.0,-1.0000888258031717e-12,-6.213901251342128e-13,{Post-Shock}
2015-11-25,2.3425845159844287e-172,1.605292703407899e-57,1.451854802284623e-30,2.135081667665349e-35,1.0,Post-Shock,1.0,-1.000088900581841e-12,-6.213901715968123e-13,{Post-Shock}
2015-11-26,2.0413371861394002e-169,8.918639971082918e-62,1.9675649930070756e-27,2.708819088388885e-41,1.0,Post-Shock,1.0,-1.0000889005817867e-12,-6.213901715967786e-13,{Post-Shock}
2015-11-27,2.2236052979510678e-169,5.3457516364228e-62,3.6513161538808606e-27,2.3878268068839527e-42,1.0,Post-Shock,1.0,-1.00008890058174e-12,-6.213901715967496e-13,{Post-Shock}
2015-11-30,9.404543370421806e-163,8.97006952897141e-60,2.368420550186509e-25,1.5587486476242163e-42,1.0,Post-Shock,1.0,-1.0000889005752968e-12,-6.213901715927463e-13,{Post-Shock}
2015-12-01,1.745531905393258e-173,5.927164123588972e-62,8.260008189696442e-27,5.6823056241507116e-42,1.0,Post-Shock,1.0,-1.0000889005816128e-12,-6.213901715966705e-13,{Post-Shock}
2015-12-02,6.415009482296268e-173,1.4364329947166733e-63,1.0540459466708233e-26,5.412867562573045e-43,1.0,Post-Shock,1.0,-1.0000889005815498e-12,-6.213901715966313e-13,{Post-Shock}
2015-12-03,1.1274885660584916e-168,3.210401416965699e-62,9.967479743884309e-26,2.1909776609624814e-43,1.0,Post-Shock,1.0,-1.0000889005790868e-12,-6.213901715951011e-13,{Post-Shock}
2015-12-04,2.4458936772130846e-169,1.6041725025483562e-62,1.7824880700176373e-25,8.891335540596213e-43,1.0,Post-Shock,1.0,-1.0000889005769159e-12,-6.213901715937522e-13,{Post-Shock}
2015-12-07,4.733859987697553e-168,8.592118947887977e-62,1.1896067288133911e-24,5.8527639313019186e-43,1.0,Post-Shock,1.0,-1.0000889005489709e-12,-6.213901715763889e-13,{Post-Shock}
2015-12-08,1.333213759619607e-138,1.8733869713982057e-53,1.1992291380121507e-20,1.2786192632889666e-37,1.0,Post-Shock,1.0,-1.0000885692225847e-12,-6.213899657117305e-13,{Post-Shock}
2015-12-09,2.664722981752436e-137,1.2506556880720101e-52,3.6259628528271693e-19,7.055864021170063e-40,1.0,Post-Shock,1.0,-1.0000788816763574e-12,-6.213839465008293e-13,{Post-Shock}
2015-12-10,5.048229076443561e-126,9.503959890783667e-50,8.523672142002257e-18,4.418761785968877e-38,1.0,Post-Shock,1.0,-9.998533828895527e-13,-6.212438362268867e-13,{Post-Shock}
2015-12-11,6.181432894984878e-120,5.352997126212513e-49,2.296822399312776e-17,4.99272967072941e-38,1.0,Post-Shock,1.0,-9.994542656272248e-13,-6.209958507288166e-13,{Post-Shock}
2015-12-14,4.302784121603482e-126,4.267055949733657e-50,5.3119331151095944e-18,5.948795365247208e-40,1.0,Post-Shock,1.0,-9.999421264739875e-13,-6.212989757161141e-13,{Post-Shock}
2015-12-15,1.5550732504598757e-124,1.3080222143648075e-49,4.801703256928454e-18,1.336967001193574e-40,1.0,Post-Shock,1.0,-9.999562246408127e-13,-6.213077353996759e-13,{Post-Shock}
2015-12-16,2.967448174406952e-121,4.7301540010829956e-49,8.166159116594522e-18,1.1030014665304068e-40,1.0,Post-Shock,1.0,-9.998632613335402e-13,-6.212499740492353e-13,{Post-Shock}
2015-12-17,2.8595314645305435e-105,5.722047266461567e-45,6.966465238569326e-16,6.129601598962149e-38,0.9999999999999993,Post-Shock,0.9999999999999993,-9.801741971034474e-13,-6.090164706142906e-13,{Post-Shock}
2015-12-18,6.351074057927058e-91,1.3464279081308087e-40,5.021018610818563e-13,2.433078130937176e-36,0.9999999999994978,Post-Shock,0.9999999999994978,1.3171475263171796e-11,8.183897720696394e-12,{Post-Shock}
2015-12-21,1.9672561536663e-91,2.358148488768308e-40,9.498919079547833e-13,4.685711241556457e-37,0.9999999999990501,Post-Shock,0.9999999999990501,2.5561988224625962e-11,1.588255628076154e-11,{Post-Shock}
2015-12-22,1.382805601349538e-95,3.149162510657138e-41,2.9583163621592004e-13,2.7479595724155133e-38,0.9999999999997041,Post-Shock,0.9999999999997041,7.393361183718198e-12,4.593753587261121e-12,{Post-Shock}
2015-12-23,1.3124850738201694e-80,1.473035272963879e-37,7.281339207463165e-11,1.3076295951009062e-34,0.9999999999271866,Post-Shock,0.9999999999271866,1.770512086394343e-09,1.100081011336831e-09,{Post-Shock}
2015-12-24,5.312398966584442e-83,2.89400000509678e-37,3.881474929149501e-10,8.064609783732295e-36,0.9999999996118525,Post-Shock,0.9999999996118525,8.797163596193317e-09,5.465985067350974e-09,{Post-Shock}
2015-12-25,9.288407736030953e-86,2.0028156044140497e-38,5.8114239328427304e-11,3.8829457855333325e-38,0.9999999999418857,Post-Shock,0.9999999999418857,1.4257946849433133e-09,8.85896047264696e-10,{Post-Shock}
2015-12-28,1.2458146329379343e-76,4.245890922305089e-36,1.7663004916355618e-09,2.3206897581757956e-36,0.9999999982336996,Post-Shock,0.9999999982336996,3.7362989564484417e-08,2.3214930676000386e-08,{Post-Shock}
2015-12-29,2.746324607941832e-72,6.229719021002299e-35,4.415363461540806e-09,1.902383864533989e-34,0.9999999955846365,Post-Shock,0.9999999955846365,8.935690161800438e-08,5.552056461927242e-08,{Post-Shock}
2015-12-30,2.5310058855455707e-72,7.54474554383722e-35,7.198129027635229e-09,1.4268176468629312e-32,0.9999999928018709,Post-Shock,0.9999999928018709,1.421570513197126e-07,8.832714217892101e-08,{Post-Shock}
2015-12-31,1.2665765091840778e-70,1.6046106927918933e-33,6.300647458174006e-08,7.394827111167756e-32,0.9999999369935254,Post-Shock,0.9999999369935254,1.1076536071030443e-06,6.882238814840881e-07,{Post-Shock}
2016-01-01,1.700413344128655e-67,1.21946818481623e-33,1.2646913081280055e-07,6.76503059967975e-33,0.9999998735308692,Post-Shock,0.9999998735308692,2.1352101686477095e-06,1.3266806704077423e-06,{Post-Shock}
2016-01-04,3.893960156718085e-72,1.015095193971459e-33,3.906225933179693e-08,4.076020210938604e-33,0.9999999609377407,Post-Shock,0.9999999609377407,7.053885388129079e-07,4.3828254160241834e-07,{Post-Shock}
2016-01-05,1.6229099208635248e-83,1.925621587188386e-35,2.2651265704601935e-09,1.1062801171629339e-35,0.9999999977348735,Post-Shock,0.9999999977348735,4.735190996119623e-08,2.942139587701249e-08,{Post-Shock}
2016-01-06,6.618862297043916e-73,7.490969566042282e-33,9.426381925450596e-08,3.9442992493038565e-34,0.9999999057361807,Post-Shock,0.9999999057361807,1.6191834928069246e-06,1.0060552695431942e-06,{Post-Shock}
2016-01-07,2.3155197622836158e-69,2.4635807990211202e-32,9.850325752129948e-08,6.543864909961755e-34,0.9999999014967424,Post-Shock,0.9999999014967424,1.687671664367834e-06,1.0486093631380994e-06,{Post-Shock}
2016-01-08,9.875960870022997e-62,3.155688638759166e-30,1.7025860307558113e-06,1.9491962544829327e-31,0.9999982974139693,Post-Shock,0.9999982974139693,2.4318649620617654e-05,1.51100265706046e-05,{Post-Shock}
2016-01-11,2.518048066839417e-64,4.154885188407006e-30,1.029452051748408e-06,9.457845034844491e-33,0.9999989705479483,Post-Shock,0.9999989705479483,1.5221973644559742e-05,9.457943998310664e-06,{Post-Shock}
2016-01-12,1.132167432452986e-74,2.0836510296475163e-32,3.066141256210486e-09,2.4271317920116408e-33,0.9999999969338588,Post-Shock,0.9999999969338588,6.316923622625994e-08,3.9249253256823884e-08,{Post-Shock}
2016-01-13,1.0732606405861685e-66,1.1676799479551257e-31,7.601578267298389e-08,1.528679295448316e-33,0.9999999239842173,Post-Shock,0.9999999239842173,1.32208918322227e-06,8.214601961393798e-07,{Post-Shock}
2016-01-14,1.7957612647633556e-60,5.303772147843087e-30,5.181111183063142e-07,6.908179510673226e-33,0.9999994818888817,Post-Shock,0.9999994818888817,8.016770629506974e-06,4.981099654464134e-06,{Post-Shock}
2016-01-15,3.2672757083196635e-69,5.882730733601766e-32,1.0240635266646695e-08,1.0128864298354906e-34,0.9999999897593647,Post-Shock,0.9999999897593647,1.9863460063515537e-07,1.2341861658691888e-07,{Post-Shock}
2016-01-18,1.464628966420005e-76,2.358711033481587e-33,6.313106737306157e-10,2.7258584613213434e-35,0.9999999993686893,Post-Shock,0.9999999993686893,1.4002506282032255e-08,8.700246324417066e-09,{Post-Shock}
2016-01-19,1.8838250581532332e-75,1.622477512223335e-33,8.183104493772818e-10,5.163564794180433e-35,0.9999999991816896,Post-Shock,0.9999999991816896,1.7938458317001156e-08,1.1145790824494238e-08,{Post-Shock}
2016-01-20,2.7070070612208928e-73,1.0181664422251657e-31,2.8095135967907084e-08,4.194640894428034e-34,0.999999971904864,Post-Shock,0.999999971904864,5.166020708350075e-07,3.2098291387562935e-07,{Post-Shock}
2016-01-21,5.79782496924062e-78,6.443223018812767e-33,1.965816607341791e-09,2.845162495511044e-35,0.9999999980341834,Post-Shock,0.9999999980341834,4.1373246384693025e-08,2.5706643334951938e-08,{Post-Shock}
2016-01-22,9.428412002544536e-71,8.009359350412048e-32,9.219276593012184e-09,3.2835429719767788e-34,0.9999999907807233,Post-Shock,0.9999999907807233,1.7979204886104384e-07,1.1171108091341521e-07,{Post-Shock}
2016-01-25,3.7891442756892278e-62,1.369509835809745e-28,6.81668765518102e-07,8.830944057984487e-32,0.9999993183312345,Post-Shock,0.9999993183312345,1.0360491816007242e-05,6.437335504504254e-06,{Post-Shock}
2016-01-26,7.832873220746781e-53,2.5650858966021243e-26,1.8701316980756224e-05,1.1680950490116975e-29,0.9999812986830192,Post-Shock,0.9999812986830192,0.00022230081857311493,0.0001381232645606745,{Post-Shock}
2016-01-27,6.157091649542238e-58,4.502150108393501e-27,1.6185879241285625e-06,1.5394152641764337e-31,0.9999983814120759,Post-Shock,0.9999983814120759,2.3200765489857426e-05,1.4415446107373464e-05,{Post-Shock}
2016-01-28,4.3587629202694026e-61,2.987678208688811e-28,3.5165071075303154e-07,8.374514851841184e-33,0.9999996483492892,Post-Shock,0.9999996483492892,5.577398855050465e-06,3.465432752615635e-06,{Post-Shock}
2016-01-29,1.8345087352845204e-59,9.783306115188217e-28,1.2994255042926873e-06,3.249208894680472e-32,0.9999987005744957,Post-Shock,0.9999987005744957,1.891130098600516e-05,1.175025196057664e-05,{Post-Shock}
2016-02-01,2.9392846213536387e-61,5.986562967869501e-27,4.1578754670220445e-06,7.267435395179811e-32,0.999995842124533,Post-Shock,0.999995842124533,5.567604707161678e-05,3.459347306378088e-05,{Post-Shock}
2016-02-02,1.6736882863913843e-64,3.630556890152631e-28,5.460518739723438e-07,9.542372363202795e-32,0.9999994539481261,Post-Shock,0.9999994539481261,8.420419090892443e-06,5.231900544804162e-06,{Post-Shock}
2016-02-03,8.169922139221031e-61,5.260626874336092e-27,7.1125904314271104e-06,3.4642098503921744e-31,0.9999928874095686,Post-Shock,0.9999928874095686,9.142267834290318e-05,5.680410386545219e-05,{Post-Shock}
2016-02-04,6.850175859180648e-63,4.954492748115889e-27,4.679043824706646e-06,1.74817752763097e-32,0.9999953209561753,Post-Shock,0.9999953209561753,6.210220682608169e-05,3.8586270614290944e-05,{Post-Shock}
2016-02-05,1.6402177429187012e-73,2.864642146591788e-29,1.1901821809219585e-07,1.1567604190755408e-33,0.9999998809817819,Post-Shock,0.9999998809817819,2.0166414022873707e-06,1.2530097537204274e-06,{Post-Shock}
2016-02-08,9.843219717350596e-66,1.8181235526446747e-27,7.250249465810051e-07,7.487832658762222e-31,0.9999992749750534,Post-Shock,0.9999992749750534,1.0974743690998732e-05,6.81899165305521e-06,{Post-Shock}
2016-02-09,1.563149825472547e-68,5.155539440489635e-26,3.640873828557914e-06,2.2477468697988708e-32,0.9999963591261715,Post-Shock,0.9999963591261715,4.923657251235243e-05,3.059240255990208e-05,{Post-Shock}
2016-02-10,1.884389349001238e-67,1.8027603801532053e-23,0.0013984707189560336,1.68358194563619e-33,0.998601529281044,Post-Shock,0.998601529281044,0.010588767766828464,0.006579171327469291,{Post-Shock}
2016-02-11,1.2598556205088642e-60,4.534729297363008e-21,0.10027317649946733,3.7756963099299024e-31,0.8997268235005327,Post-Shock,0.8997268235005327,0.32568278925758026,0.20235809455055048,"{Post-Shock, Transitional}"
2016-02-12,6.8443651329725194e-62,1.697448627503274e-20,0.17694719019563437,1.8662084782413127e-31,0.8230528098043656,Post-Shock,0.8230528098043656,0.46673265513515094,0.2899973037352329,"{Post-Shock, Transitional}"
2016-02-15,6.350171677149869e-57,1.8554908714402098e-19,0.8131329444606165,5.609295995073419e-31,0.18686705553938363,Transitional,0.8131329444606165,0.4816481392586897,0.29926481508705677,"{Transitional, Post-Shock}"
2016-02-16,6.094629540533516e-48,4.474239366136801e-18,0.9991138383131702,1.5021777888353845e-29,0.0008861616868298065,Transitional,0.9991138383131702,0.007114254825423562,0.004420335056394952,{Transitional}
2016-02-17,1.455058444371069e-53,3.749743795911413e-18,0.9999344194151701,1.6114017194204897e-30,6.558058482988768e-05,Transitional,0.9999344194151701,0.0006972657659674433,0.00043323557906803904,{Transitional}
2016-02-18,2.288148715485454e-52,5.179780407566645e-18,0.9999490499992831,7.809002738713798e-30,5.095000071689143e-05,Transitional,0.9999490499992831,0.0005545724295361982,0.00034457522421443864,{Transitional}
2016-02-19,1.8822503955689924e-61,9.635496888373546e-19,0.9917599712254194,1.61320575922748e-29,0.00824002877458058,Transitional,0.9917599712254194,0.04774783607480498,0.029667398602902025,{Transitional}
2016-02-22,1.1851279171016889e-73,2.2172285147044266e-18,0.9715266306175534,1.7208595424387012e-28,0.028473369382446566,Transitional,0.9715266306175534,0.12939472924936576,0.08039746563051337,{Transitional}
2016-02-23,3.2961734073328042e-68,6.027513076640163e-19,0.9778876073710232,4.284928089277461e-30,0.02211239262897675,Transitional,0.9778876073710232,0.10615006479427375,0.06595474356244864,{Transitional}
2016-02-24,1.2861293553766205e-70,4.2208653233398394e-19,0.9833453415122853,9.707183318575915e-30,0.016654658487714705,Transitional,0.9833453415122853,0.08471710751325018,0.0526376984528249,{Transitional}
2016-02-25,2.603565218119651e-66,1.7816151039492482e-18,0.9988059408689857,1.2591218254756148e-30,0.001194059131014365,Transitional,0.9988059408689857,0.009229837641363182,0.005734820566892235,{Transitional}
2016-02-26,1.3451567080806803e-55,2.623423400585138e-17,0.9999989890758056,1.0778721756727408e-28,1.0109241943760763e-06,Transitional,0.9999989890758056,1.4966371917535427e-05,9.299129715976687e-06,{Transitional}
2016-02-29,8.660521512544016e-49,1.5411254349884682e-16,0.9999999916198747,6.391405326044228e-29,8.380125126082526e-09,Transitional,0.9999999916198747,1.642266936505039e-07,1.0203978195227726e-07,{Transitional}
2016-03-01,3.195693120878508e-48,1.3653319192432828e-16,0.9999999944011407,1.57343892135363e-30,5.598859142637705e-09,Transitional,0.9999999944011407,1.1197912275462281e-07,6.957654090878631e-08,{Transitional}
2016-03-02,2.223963257282748e-51,5.682415835693516e-17,0.9999999922407726,2.6186305683404678e-30,7.759227287450078e-09,Transitional,0.9999999922407726,1.52656011800491e-07,9.485051310218942e-08,{Transitional}
2016-03-03,6.634841276003825e-53,4.4760491133429214e-17,0.9999999984971092,3.9757651482943385e-30,1.5028907325481033e-09,Transitional,0.9999999984971092,3.203343330703762e-08,1.990349118754791e-08,{Transitional}
2016-03-04,3.41775247928492e-49,1.0289348172142243e-16,0.9999999997445359,7.83088932325141e-32,2.554640262242921e-10,Transitional,0.9999999997445359,5.896142870765914e-09,3.663479544761461e-09,{Transitional}
2016-03-07,2.613560166906029e-49,2.1327037987233816e-16,0.9999999999208091,6.145788472048157e-31,7.919061869054145e-11,Transitional,0.9999999999208091,1.919110582226154e-09,1.192410448020146e-09,{Transitional}
2016-03-08,4.46016264580503e-50,1.723629726151292e-16,0.9999999995585916,2.3055914995899004e-31,4.4140818720733194e-10,Transitional,0.9999999995585916,9.947810575019964e-09,6.1809222326414445e-09,{Transitional}
2016-03-09,9.667048420455466e-48,1.7696872748068304e-16,0.9999999997499636,3.455830136499196e-31,2.500362293555058e-10,Transitional,0.9999999997499636,5.7761981749330106e-09,3.5889537150253516e-09,{Transitional}
2016-03-10,1.5308000851151902e-53,5.1994738200243715e-17,0.9999999973353408,9.879091040575787e-32,2.6646591517243075e-09,Transitional,0.9999999973353408,5.527153188264498e-08,3.4342133645312716e-08,{Transitional}
2016-03-11,9.338716293970421e-51,1.9941654053706513e-16,0.9999999996978188,1.8746420691117566e-31,3.0218093809452797e-10,Transitional,0.9999999996978188,6.9239930480952735e-09,4.302118767429484e-09,{Transitional}
2016-03-14,1.1363135934148763e-48,5.154789792644338e-16,0.9999999998640654,1.4577604051247197e-31,1.3593411683232584e-10,Transitional,0.9999999998640654,3.222219438863086e-09,2.0020775041827047e-09,{Transitional}
2016-03-15,1.379308211194021e-42,4.46469338797883e-15,0.9999999999961913,3.5458112452740663e-31,3.80428746931916e-12,Transitional,0.9999999999961913,1.0207758233378394e-10,6.342436793936504e-11,{Transitional}
2016-03-16,4.399603941759756e-40,3.7285819905895716e-14,0.9999999999998292,1.9887092343209437e-30,1.3341208292547177e-13,Transitional,0.9999999999998292,3.869148271625854e-12,2.4040369881520855e-12,{Transitional}
2016-03-17,6.841336141820836e-43,1.2303631522271228e-13,0.999999999997919,1.3230504645603972e-29,1.9579740814863577e-12,Transitional,0.999999999997919,5.644375782743216e-11,3.507047857600614e-11,{Transitional}
2016-03-18,2.5677925693651695e-46,1.4502057882443547e-14,0.9999999999926433,2.5599555729451182e-30,7.342159502067756e-12,Transitional,0.9999999999926433,1.940534697255801e-10,1.2057219991300894e-10,{Transitional}
2016-03-21,2.4470519998794048e-48,1.402604687419966e-14,0.999999999992387,1.0521356286105078e-29,7.599010781012416e-12,Transitional,0.999999999992387,2.0061843938001188e-10,1.2465124490363112e-10,{Transitional}
2016-03-22,2.4386877128964083e-43,1.3228082380402307e-14,0.9999999999997866,6.622966936176635e-29,2.0020593485476659e-13,Transitional,0.9999999999997866,5.073985754312123e-12,3.1526446066119257e-12,{Transitional}
2016-03-23,1.2207246981256754e-39,8.766751679338878e-14,0.9999999999998765,1.6866322241442418e-28,3.575747082315585e-14,Transitional,0.9999999999998765,2.5251028865346227e-12,1.5689346367612767e-12,{Transitional}
2016-03-24,6.3195190935702125e-43,3.802907703310712e-14,0.9999999999996049,3.964245981696301e-29,3.571157452096362e-13,Transitional,0.9999999999996049,1.0202936572772045e-11,6.339440927759189e-12,{Transitional}
2016-03-25,7.1770814367878e-37,5.070124588704203e-13,0.9999999999994684,8.739882010647114e-28,2.451034708571976e-14,Transitional,0.9999999999994684,1.4009469638188213e-11,8.704572900858542e-12,{Transitional}
2016-03-28,1.2606273245848925e-34,4.8486072923075914e-12,0.9999999999951465,1.702234252754006e-27,4.8139986531020125e-15,Transitional,0.9999999999951465,1.293948086759341e-10,8.0397514981015e-11,{Transitional}
2016-03-29,8.98580691988196e-34,2.0869970608502083e-11,0.9999999999791291,2.2128898004824565e-28,8.635797815468511e-16,Transitional,0.9999999999791291,5.321670933886681e-10,3.306540061454269e-10,{Transitional}
2016-03-30,1.2593930660376063e-32,2.9383984231955653e-11,0.9999999999706155,6.3972715289508685e-28,5.471674223341311e-16,Transitional,0.9999999999706155,7.399946810458879e-10,4.597845467221076e-10,{Transitional}
2016-03-31,2.475520627821271e-33,4.1181300308227447e-11,0.9999999999588169,3.110494410502397e-27,1.7361569551089606e-15,Transitional,0.9999999999588169,1.0240129475882885e-09,6.362550177779644e-10,{Transitional}
2016-04-01,3.342007905833806e-34,7.617615621078257e-11,0.9999999999238235,2.5186186398091565e-27,3.8571480827226907e-16,Transitional,0.9999999999238235,1.8489436972075722e-09,1.1488133111088736e-09,{Transitional}
2016-04-04,2.5222003241153595e-33,6.170595593701679e-10,0.9999999993829402,1.3521170612596426e-26,2.733997030783771e-16,Transitional,0.9999999993829402,1.3700467536848514e-08,8.512579100443858e-09,{Transitional}
2016-04-05,1.1041067957330933e-40,5.070343649782198e-11,0.9999999999492358,9.244389912381929e-29,6.0750752650923e-14,Transitional,0.9999999999492358,1.2523753014999987e-09,7.781445260015759e-10,{Transitional}
2016-04-06,2.924644705860915e-30,9.68194306102599e-10,0.9999999990318056,3.8553257452586285e-27,1.5663287450668592e-16,Transitional,0.9999999990318056,2.106164170976047e-08,1.3086333773452013e-08,{Transitional}
2016-04-07,3.6946428596837245e-32,4.480632267239161e-10,0.9999999995519366,7.329036135417461e-29,1.5551692365157118e-16,Transitional,0.9999999995519366,1.0091116691030017e-08,6.269963328854542e-09,{Transitional}
2016-04-08,3.7760644485676024e-33,2.0739660861965442e-10,0.9999999997926028,2.190117894664277e-28,6.046805062565907e-16,Transitional,0.9999999997926028,4.82961163468032e-09,3.000806428982437e-09,{Transitional}
2016-04-11,1.4628950806489403e-37,3.22874398519033e-11,0.9999999999677006,2.2784269020941974e-29,1.198318306342783e-14,Transitional,0.9999999999677006,8.105920116017718e-10,5.03649134483131e-10,{Transitional}
2016-04-12,1.0908426530702082e-44,3.10362144131231e-11,0.999999999966603,4.039879832307008e-28,2.3607484252042768e-12,Transitional,0.999999999966603,8.447291194366508e-10,5.248597121457699e-10,{Transitional}
2016-04-13,5.549034252509496e-44,8.200207322401051e-12,0.9999999999915724,5.675327997841008e-29,2.27376789859506e-13,Transitional,0.9999999999915724,2.2204567041667023e-10,1.3796473209758694e-10,{Transitional}
2016-04-14,1.70653608177209e-44,8.500182113848504e-12,0.9999999999911097,5.058346400058352e-28,3.90123027264943e-13,Transitional,0.9999999999911097,2.3427350738913083e-10,1.4556231438267636e-10,{Transitional}
2016-04-15,1.8520934696636012e-40,1.3603813185218203e-11,0.9999999999863425,2.581457824041427e-28,5.370523813794822e-14,Transitional,0.9999999999863425,3.535502435972125e-10,2.1967311746900886e-10,{Transitional}
2016-04-18,3.0912846396988204e-42,3.074478185663771e-11,0.9999999999690659,2.4169482914679303e-28,1.8933818514820646e-13,Transitional,0.9999999999690659,7.783355554851633e-10,4.836070714327931e-10,{Transitional}
2016-04-19,3.906621062460284e-39,8.490374110875448e-11,0.9999999999150891,1.715844068827959e-27,7.115944991203188e-15,Transitional,0.9999999999150891,2.0519888474429094e-09,1.2749723562429934e-09,{Transitional}
2016-04-20,7.367800400908576e-35,8.041212685836545e-10,0.9999999991958777,4.102829750080419e-26,1.0014792640010108e-15,Transitional,0.9999999991958777,1.7641472061880082e-08,1.0961262889103481e-08,{Transitional}
2016-04-21,3.1078037766819902e-31,2.883051193690961e-09,0.9999999971169488,7.728963542057833e-26,4.678523654613514e-17,Transitional,0.9999999971169488,5.957457265502446e-08,3.701576320202646e-08,{Transitional}
2016-04-22,7.770193162802653e-34,1.377842333357483e-09,0.9999999986221576,2.4809850474397602e-26,4.792135037370835e-17,Transitional,0.9999999986221576,2.9487612758242852e-08,1.8321683943462e-08,{Transitional}
2016-04-25,2.6663114795299406e-31,3.4477166157061398e-09,0.9999999965522833,1.718057241345894e-26,2.910790138777158e-17,Transitional,0.9999999965522833,7.062638480657185e-08,4.388264018197329e-08,{Transitional}
2016-04-26,6.515093783718358e-30,4.75928354372571e-09,0.9999999952407164,1.5156168330075396e-24,2.3873511667777912e-17,Transitional,0.9999999952407164,9.596023783012578e-08,5.962344809250599e-08,{Transitional}
2016-04-27,2.492540224274241e-34,1.6234592352119242e-09,0.9999999983765406,1.9060688279879257e-26,1.492702686141477e-16,Transitional,0.9999999983765406,3.447817901362212e-08,2.1422497101163485e-08,{Transitional}
2016-04-28,6.97359285543768e-30,1.556088877294344e-08,0.9999999844391112,1.6720632537138711e-25,3.062980086208414e-17,Transitional,0.9999999844391112,2.9532040931179603e-07,1.8349288719386258e-07,{Transitional}
2016-04-29,3.324425144035783e-27,1.6420134361524783e-08,0.9999999835798656,1.8467583696918462e-25,4.359226755056215e-18,Transitional,0.9999999835798656,3.1074506177288774e-07,1.9307676262137973e-07,{Transitional}
2016-05-02,3.1046313096308685e-26,9.07419789826541e-08,0.9999999092580211,2.734651404838592e-24,8.505647703573424e-19,Transitional,0.9999999092580211,1.5621434642343297e-06,9.706143071227626e-07,{Transitional}
2016-05-03,9.520873516335873e-34,5.325078857484713e-09,0.9999999946749211,4.700745020657047e-25,2.3453866083264166e-17,Transitional,0.9999999946749211,1.0677029602002526e-07,6.634011489051278e-08,{Transitional}
2016-05-04,1.2772903658923123e-36,2.44129078647883e-10,0.9999999997558707,1.792620229431696e-26,1.4839656283932212e-16,Transitional,0.9999999997558707,5.645523437627418e-09,3.5077609356729867e-09,{Transitional}
2016-05-05,1.8676986943569758e-39,6.780610386091548e-11,0.9999999999321919,8.320257977048963e-27,1.9915125119148366e-15,Transitional,0.9999999999321919,1.653507569722875e-09,1.0273820176275853e-09,{Transitional}
2016-05-06,1.7145992194803667e-35,4.813264794461056e-10,0.9999999995186734,1.951239202586006e-25,1.1207848857676187e-16,Transitional,0.9999999995186734,1.080593787776752e-08,6.714106704137913e-09,{Transitional}
2016-05-09,4.6466472634323234e-35,4.657783694772993e-09,0.9999999953422163,2.284641723402237e-24,2.3441744599255214e-17,Transitional,0.9999999953422163,9.40140889161443e-08,5.841423778439405e-08,{Transitional}
2016-05-10,2.144483868107642e-31,5.5874272631874936e-09,0.9999999944125727,4.978192445409785e-24,5.1049652997361715e-18,Transitional,0.9999999944125727,1.1176189361148103e-07,6.944156885334787e-08,{Transitional}
2016-05-11,7.124988149245905e-32,3.92621262670055e-09,0.9999999960737873,7.846043542516363e-24,1.115302166727154e-17,Transitional,0.9999999960737873,7.991837728615787e-08,4.965607972120527e-08,{Transitional}
2016-05-12,1.1813358347027285e-30,1.560255554411967e-08,0.9999999843974444,1.1194588483457661e-22,2.6176954747162856e-18,Transitional,0.9999999843974444,2.96069459074311e-07,1.839582979790367e-07,{Transitional}
2016-05-13,1.2363843180598094e-36,7.460740644957557e-09,0.9999999925392593,1.060382823711455e-22,1.3458845080179812e-17,Transitional,0.9999999925392593,1.47076140412208e-07,9.138354407829953e-08,{Transitional}
2016-05-16,5.8756013895110805e-37,3.8344440965070494e-09,0.9999999961655559,5.584516103196028e-24,2.7737052633492684e-17,Transitional,0.9999999961655559,7.814106266509908e-08,4.8551772057437864e-08,{Transitional}
2016-05-17,1.0826693455746188e-37,5.490580757317451e-09,0.9999999945094192,1.550764549123643e-23,2.5452341935128454e-17,Transitional,0.9999999945094192,1.0992070030341601e-07,6.82975711297697e-08,{Transitional}
2016-05-18,1.3219952374917175e-36,4.9907650417052e-09,0.9999999950092349,1.0591914278464579e-23,4.45274878793961e-17,Transitional,0.9999999950092349,1.003906171180901e-07,6.237619751746757e-08,{Transitional}
2016-05-19,2.5141661440373342e-42,1.1901902731709982e-08,0.999999988098097,9.527947731524971e-23,1.8924970908099736e-16,Transitional,0.999999988098097,2.2906878048247023e-07,1.4232843573072573e-07,{Transitional}
2016-05-20,5.2272606960201145e-45,2.470977426271651e-09,0.9999999975290222,1.6919096267082143e-23,3.6853057662432825e-16,Transitional,0.9999999975290222,5.14404299832716e-08,3.1961736197374354e-08,{Transitional}
2016-05-23,3.0239867297392405e-47,3.245274380852557e-10,0.9999999996754719,2.9651203047008864e-24,6.812787411662071e-16,Transitional,0.9999999996754719,7.413035198523722e-09,4.605977739962836e-09,{Transitional}
2016-05-24,1.278813967804204e-56,6.093546116480553e-11,0.9999999999387778,2.0668569167838396e-22,2.868146996322971e-13,Transitional,0.9999999999387778,1.5003585694475066e-09,9.322251935636195e-10,{Transitional}
2016-05-25,5.552594528599154e-62,4.358962736247539e-12,0.999999999994008,1.5263378364547268e-21,1.632980745068061e-12,Transitional,0.999999999994008,1.6165691021636157e-10,1.0044308573039206e-10,{Transitional}
2016-05-26,7.205814264644255e-61,9.328545331333422e-13,0.9999999999985361,1.9213322197834688e-24,5.311300997818052e-13,Transitional,0.9999999999985361,4.007433863200041e-11,2.48995865714337e-11,{Transitional}
2016-05-27,9.08832907223406e-56,2.798825052076824e-12,0.9999999999971156,5.670181647929366e-23,8.554922968226264e-14,Transitional,0.9999999999971156,7.78399969189731e-11,4.836470939177054e-11,{Transitional}
2016-05-30,1.1637293102825238e-48,6.563142716603522e-11,0.9999999999343675,1.0049239486621249e-23,1.0656983655777764e-15,Transitional,0.9999999999343675,1.602527380162631e-09,9.957062448833344e-10,{Transitional}
2016-05-31,1.8470138291534e-52,1.545846297984132e-11,0.9999999999845349,3.1386356781996776e-24,6.664018809478682e-15,Transitional,0.9999999999845349,3.984856236433755e-10,2.475930388894028e-10,{Transitional}
2016-06-01,1.7516504427433724e-61,3.668869815008935e-13,0.9999999999793712,9.632400314849123e-25,2.0261897389060542e-11,Transitional,0.9999999999793712,5.275696344946488e-10,3.2779744432437096e-10,{Transitional}
2016-06-02,1.858175605932331e-53,1.2077754941319078e-12,0.9999999999986087,2.1431695249450875e-25,1.8360394703177355e-13,Transitional,0.9999999999986087,3.784909871185644e-11,2.351696727127161e-11,{Transitional}
2016-06-03,3.256207831283556e-47,2.8336008659027255e-11,0.9999999999716048,3.9022287803593925e-24,5.921011213016736e-14,Transitional,0.9999999999716048,7.162385290413065e-10,4.4502401957095284e-10,{Transitional}
2016-06-06,1.4232729585521092e-43,6.36872677904583e-11,0.9999999999362754,9.138135360985778e-24,3.7364205716158145e-14,Transitional,0.9999999999362754,1.5579517208306459e-09,9.68009830509344e-10,{Transitional}
2016-06-07,1.9281629033566164e-48,1.6821711348627288e-11,0.9999999999830735,2.4960557902837323e-25,1.0474371230914607e-13,Transitional,0.9999999999830735,4.351577347340294e-10,2.703787026340771e-10,{Transitional}
2016-06-08,1.9329821398970497e-45,3.373803590355344e-11,0.9999999999662182,2.014294751651021e-25,4.369313355815128e-14,Transitional,0.9999999999662182,8.465065849839538e-10,5.259641135852854e-10,{Transitional}
2016-06-09,5.364555873454066e-33,6.161498690377491e-09,0.9999999938385011,1.4959366941144716e-23,1.5697775057116682e-16,Transitional,0.9999999938385011,1.2264230204655024e-07,7.620194671633345e-08,{Transitional}
2016-06-10,5.6168483378382934e-36,8.436030187078124e-10,0.9999999991563945,9.092787904235591e-26,2.5518770898364712e-15,Transitional,0.9999999991563945,1.8467360563572106e-08,1.1474416267255832e-08,{Transitional}
2016-06-13,1.2354234831692363e-33,7.027840196750231e-10,0.9999999992972078,3.072256976827478e-25,8.154139607211215e-15,Transitional,0.9999999992972078,1.5512874099333682e-08,9.63869061334099e-09,{Transitional}
2016-06-14,1.3178542392620166e-33,1.194826874347638e-09,0.9999999988051698,6.9043947909434345e-25,3.3471194437767007e-15,Transitional,0.9999999988051698,2.5740957357026897e-08,1.5993756054930066e-08,{Transitional}
2016-06-15,1.5368312723766467e-33,7.56064562459684e-09,0.9999999924393517,7.303448791604145e-25,2.685422070424501e-15,Transitional,0.9999999924393517,1.489451338951059e-07,9.254481502168824e-08,{Transitional}
2016-06-16,2.6979118263859136e-34,3.195931368921434e-10,0.9999999996803972,1.3679468978398606e-25,9.599302818253223e-15,Transitional,0.9999999996803972,7.305445035486175e-09,4.539128213052644e-09,{Transitional}
2016-06-17,2.802226876013034e-32,5.896044486240057e-10,0.9999999994103936,1.4732566587058001e-25,1.9366841031090552e-15,Transitional,0.9999999994103936,1.3117680499766251e-08,8.150473154896161e-09,{Transitional}
2016-06-20,1.4340300276686722e-32,1.209652662502428e-09,0.9999999987903455,3.706094829013529e-27,1.7768450514015e-15,Transitional,0.9999999987903455,2.6045420572601506e-08,1.6182929687054924e-08,{Transitional}
2016-06-21,2.868358263244583e-30,2.0518062679902777e-09,0.9999999979481919,8.878741918808023e-27,1.750074567176289e-15,Transitional,0.9999999979481919,4.309530816066665e-08,2.677662047583412e-08,{Transitional}
2016-06-22,7.747792085783887e-26,2.818492715275833e-09,0.9999999971815067,1.2762990118954717e-25,6.599800587381572e-16,Transitional,0.9999999971815067,5.830435708071219e-08,3.622653389128455e-08,{Transitional}
2016-06-23,5.446170816323605e-23,3.98987938581275e-09,0.9999999960101204,6.163498521293146e-25,2.8907029066312316e-16,Transitional,0.9999999960101204,8.115017945104573e-08,5.042144143871626e-08,{Transitional}
2016-06-24,1.5289236386202594e-16,3.346258880047126e-08,0.9999999665374111,7.525118591286917e-22,1.1471963017472096e-17,Transitional,0.9999999665374111,6.094467054737958e-07,3.786705288631319e-07,{Transitional}
2016-06-27,1.8709575000824522e-24,1.4041971019359138e-08,0.9999999859580285,4.096095428900046e-22,4.0591434225384575e-16,Transitional,0.9999999859580285,2.6793588054761055e-07,1.6647792280622157e-07,{Transitional}
2016-06-28,7.586164929670165e-26,1.103869711360967e-09,0.9999999988961299,8.836674182241904e-26,3.6365115083204694e-16,Transitional,0.9999999988961299,2.3868579575701836e-08,1.4830382328699588e-08,{Transitional}
2016-06-29,1.2964192102709335e-38,8.428928457977841e-09,0.9999999915703718,2.410527333505193e-21,6.997432502385849e-13,Transitional,0.9999999915703718,1.651538258372687e-07,1.0261584156886888e-07,{Transitional}
2016-06-30,5.346694014687172e-38,5.310750456088891e-12,0.9999999999944078,1.3557288962131995e-26,2.814429056719171e-13,Transitional,0.9999999999944078,1.492566797978259e-10,9.273838937476709e-11,{Transitional}
2016-07-01,6.05453523935334e-29,3.19098962165783e-10,0.9999999996808963,5.538995398749851e-25,4.7519789591516e-15,Transitional,0.9999999996808963,7.294501295222243e-09,4.532328484911916e-09,{Transitional}
2016-07-04,9.779910401653433e-25,8.480925370354024e-10,0.9999999991519065,3.7861150409419286e-25,9.143266932648943e-16,Transitional,0.9999999991519065,1.8561102869797844e-08,1.1532661636960067e-08,{Transitional}
2016-07-05,7.279585352610319e-35,8.126133806145397e-09,0.9999999918723916,1.0726102990988852e-22,1.4745017948137872e-12,Transitional,0.9999999918723916,1.59540102350707e-07,9.91278390537103e-08,{Transitional}
2016-07-06,1.1823260558315184e-25,4.424055836339134e-10,0.9999999995575937,3.8427350293419526e-25,7.885915397150846e-16,Transitional,0.9999999995575937,9.969312023322425e-09,6.1942818336153905e-09,{Transitional}
2016-07-07,4.733014519026884e-26,4.560371695423106e-10,0.9999999995439621,4.865602565208096e-27,7.135838837171754e-16,Transitional,0.9999999995439621,1.0262709906312684e-08,6.376580188043072e-09,{Transitional}
2016-07-08,8.828391798831867e-29,8.810936981291322e-11,0.9999999999118879,3.5413052552619745e-28,2.697901266933027e-15,Transitional,0.9999999999118879,2.126139360898018e-09,1.321044660668185e-09,{Transitional}
2016-07-11,5.146598840299028e-31,1.4059305407981845e-10,0.9999999998593946,2.7212639248868782e-27,1.2382308225621659e-14,Transitional,0.9999999998593946,3.3283256985791255e-09,2.0680050301197354e-09,{Transitional}
2016-07-12,5.307633116799212e-31,1.6880494043328567e-10,0.9999999998311917,7.738399650660668e-27,3.3841050005713173e-15,Transitional,0.9999999998311917,3.965400341513469e-09,2.4638417616969338e-09,{Transitional}
2016-07-13,1.7190694270542924e-29,1.7714899234728342e-10,0.9999999998228488,8.297686959892256e-28,2.148271075727232e-15,Transitional,0.9999999998228488,4.15292215474842e-09,2.580355615251772e-09,{Transitional}
2016-07-14,2.086993393158401e-29,3.6163688958911727e-10,0.9999999996383616,1.4979424857180418e-26,1.5110314743337063e-15,Transitional,0.9999999996383616,8.221805110523256e-09,5.1084947403088494e-09,{Transitional}
2016-07-15,6.4998554504702685e-28,8.447929660434101e-10,0.9999999991552067,1.4894616867004873e-26,4.0066959786297037e-16,Transitional,0.9999999991552067,1.8492160143632336e-08,1.148982511270966e-08,{Transitional}
2016-07-18,4.432815681044427e-30,5.599143699555458e-10,0.9999999994400761,8.444936570345916e-27,9.538973932217563e-15,Transitional,0.9999999994400761,1.2486176945431812e-08,7.758097935289608e-09,{Transitional}
2016-07-19,1.7127087289502055e-30,4.445292843532339e-11,0.999999999955495,3.352550921892068e-27,5.2076798490347444e-14,Transitional,0.999999999955495,1.1035585923604616e-09,6.856795057669847e-10,{Transitional}
2016-07-20,4.4691196906338676e-29,7.716382350639604e-11,0.9999999999226626,9.977302484838952e-27,1.7349078074440218e-13,Transitional,0.9999999999226626,1.876876381122349e-09,1.1661688634411359e-09,{Transitional}
2016-07-21,2.1486064265708412e-32,2.9399064920518263e-11,0.9999999999694512,4.379106787098831e-27,1.149705027749642e-12,Transitional,0.9999999999694512,7.723820952636306e-10,4.799079786156438e-10,{Transitional}
2016-07-22,1.6818607056110492e-23,1.9890502823328556e-09,0.9999999980109325,2.7129385365474755e-24,1.7219055637880385e-14,Transitional,0.9999999980109325,4.183937608122673e-08,2.5996265999443998e-08,{Transitional}
2016-07-25,9.68433671114042e-28,9.730976383336923e-10,0.9999999990267993,5.5262792464958975e-27,1.0309730022834025e-13,Transitional,0.9999999990267993,2.1166338093128825e-08,1.3151385293960817e-08,{Transitional}
2016-07-26,1.2525199839986564e-42,2.6567233805250463e-10,0.9999999940546784,1.1619987371896267e-22,5.679649259474939e-09,Transitional,0.9999999940546784,1.1963602687368843e-07,7.433404292853516e-08,{Transitional}
2016-07-27,6.546910580103385e-33,3.55974804045e-11,0.9999999999498359,1.4398698721808068e-25,1.456663494312724e-11,Transitional,0.9999999999498359,1.2671123474015868e-09,7.873011674524411e-10,{Transitional}
2016-07-28,2.8225023078035065e-29,7.984877902308553e-11,0.9999999999184538,1.1658427877161863e-25,1.6973843570872642e-12,Transitional,0.9999999999184538,1.9813235253314267e-09,1.2310655229532214e-09,{Transitional}
2016-07-29,4.310028681414915e-34,3.511585101733474e-10,0.9999999996383678,4.500569660555931e-25,1.0473665093938197e-11,Transitional,0.9999999996383678,8.268120065466103e-09,5.137271839807395e-09,{Transitional}
2016-08-01,3.611941801614157e-32,8.085048316090483e-11,0.999999999918921,2.3618212584193862e-26,2.285758718306595e-13,Transitional,0.999999999918921,1.9641913681562253e-09,1.2204207151959026e-09,{Transitional}
2016-08-02,3.9537912637310385e-34,1.423776307125711e-11,0.9999999999836577,7.853325748052903e-27,2.104495572775711e-12,Transitional,0.9999999999836577,4.2573100808429053e-10,2.645215480480502e-10,{Transitional}
2016-08-03,5.128095390302227e-31,3.140881059009558e-11,0.9999999999684385,2.0952652473311986e-26,1.527627675101118e-13,Transitional,0.9999999999684385,7.933649772071377e-10,4.929453761948848e-10,{Transitional}
2016-08-04,2.3766710062715254e-26,8.093194384979258e-10,0.9999999991906655,3.71808074378612e-24,1.5099674310228145e-14,Transitional,0.9999999991906655,1.7750714893792213e-08,1.1029139276920712e-08,{Transitional}
2016-08-05,3.1139801937619454e-30,7.261358096038686e-11,0.9999999999271667,1.2915891622721241e-25,2.196819630497882e-13,Transitional,0.9999999999271667,1.7720937098750951e-09,1.101063729258742e-09,{Transitional}
2016-08-08,1.995417470875922e-34,5.400731620133722e-11,0.9999999999438545,2.0696126501362606e-24,2.138265210116562e-12,Transitional,0.9999999999438545,1.3876273360711626e-09,8.621813400509044e-10,{Transitional}
2016-08-09,1.0432759408999036e-36,2.230625883818688e-12,0.9999999999856869,3.1832991638208895e-27,1.208245952907315e-11,Transitional,0.9999999999856869,3.7511519816299974e-10,2.3307217710292325e-10,{Transitional}
2016-08-10,4.013217031312202e-36,1.3327232717611972e-12,0.9999999999790248,7.889833951169898e-27,1.964248054493798e-11,Transitional,0.9999999999790248,5.389479927914737e-10,3.3486721583212447e-10,{Transitional}
2016-08-11,3.9571675713878565e-34,4.783793787183808e-12,0.9999999999924826,9.72672001888515e-27,2.7336042502682113e-12,Transitional,0.9999999999924826,2.0223381351995108e-10,1.2565493328915954e-10,{Transitional}
2016-08-12,4.139081532778546e-43,8.318883379456322e-12,0.999999998721413,2.3939461354655145e-24,1.2702680819039075e-09,Transitional,0.999999998721413,2.7508098062804603e-08,1.7091742309712084e-08,{Transitional}
2016-08-15,6.611464040514227e-40,4.775963887356511e-13,0.9999999999703738,9.55892544977354e-27,2.9148575977471635e-11,Transitional,0.9999999999703738,7.477570818671672e-10,4.6460759752842266e-10,{Transitional}
2016-08-16,1.7744426656631487e-45,6.060164071466487e-13,0.9999999999225335,1.740019644396028e-25,7.686045088416985e-11,Transitional,0.9999999999225335,1.8819360176098495e-09,1.1693125923469924e-09,{Transitional}
2016-08-17,5.385810558284027e-45,3.573418169925627e-13,0.999999999883122,1.4674857357655694e-26,1.165206287624005e-10,Transitional,0.999999999883122,2.7898176223145187e-09,1.7334111497940435e-09,{Transitional}
2016-08-18,4.191541199743047e-47,1.3832356877825642e-13,0.9999999997774135,2.2209434623929994e-26,2.224481626274545e-10,Transitional,0.9999999997774135,5.168598475800805e-09,3.2114307957266028e-09,{Transitional}
2016-08-19,1.6640879792174297e-39,1.6704006758213215e-12,0.9999999999953638,8.758198613803431e-26,2.96580965641154e-12,Transitional,0.9999999999953638,1.2601268711690034e-10,7.829608470346012e-11,{Transitional}
2016-08-22,4.467407939901345e-45,4.225629533056974e-13,0.9999999998017773,8.402543048450622e-26,1.9780009459747118e-10,Transitional,0.9999999998017773,4.627350787295743e-09,2.875134698608769e-09,{Transitional}
2016-08-23,9.64654342308035e-49,4.18469550283114e-14,0.9999999977275261,5.089120495690005e-27,2.2724319986379e-09,Transitional,0.9999999977275261,4.749851385610647e-08,2.951248599846273e-08,{Transitional}
2016-08-24,1.9782742946165135e-47,8.282339106764432e-15,0.9999999982791096,1.0531307415914926e-27,1.7208821974625803e-09,Transitional,0.9999999982791096,3.6447260133492934e-08,2.2645955989920982e-08,{Transitional}
2016-08-25,2.1543163506582143e-45,1.5669936999450325e-14,0.9999999996327794,1.4956927319570627e-27,3.6720497151667003e-10,Transitional,0.9999999996327794,8.343219765109229e-09,5.183933906770602e-09,{Transitional}
2016-08-26,1.3225589782997687e-31,1.0988068880264185e-11,0.9999999999886394,1.4664684740810124e-23,3.7256385663565295e-13,Transitional,0.9999999999886394,2.968551056344427e-10,1.844464476330631e-10,{Transitional}
2016-08-29,7.613831182342087e-33,5.1247908739235906e-12,0.9999999999946401,1.736445830292257e-25,2.3513026194230107e-13,Transitional,0.9999999999946401,1.4312250982105928e-10,8.892701527367528e-11,{Transitional}
2016-08-30,9.080473164853566e-34,1.7988361241072587e-12,0.9999999999975042,1.609978214903664e-25,6.969726483631166e-13,Transitional,0.9999999999975042,6.823758854487773e-11,4.2398397613037325e-11,{Transitional}
2016-08-31,1.2389879541262678e-29,4.7508279227883326e-12,0.9999999999951331,3.5520014023247635e-25,1.1610457903350856e-13,Transitional,0.9999999999951331,1.300216365460866e-10,8.078698503469635e-11,{Transitional}
2016-09-01,1.2075657534679752e-41,8.979751347864555e-12,0.9999999996823812,4.8580937947257545e-24,3.086390330510288e-10,Transitional,0.9999999996823812,7.301921205075392e-09,4.536938734114961e-09,{Transitional}
2016-09-02,1.37091596280279e-29,8.924256743723573e-12,0.9999999999910368,2.6750661977137636e-24,3.8870308324193544e-14,Transitional,0.9999999999910368,2.351410482072237e-10,1.4610134780011387e-10,{Transitional}
2016-09-05,1.6685607833915798e-29,5.683293179081976e-12,0.9999999999942972,1.2378423549391046e-24,1.9478464960135537e-14,Transitional,0.9999999999942972,1.5147977623694281e-10,9.411967685528551e-11,{Transitional}
2016-09-06,3.8945851901480445e-26,6.0646153437543475e-12,0.9999999999939276,8.476520642694033e-25,7.751339797753976e-15,Transitional,0.9999999999939276,1.6100109837811546e-10,1.00035606924792e-10,{Transitional}
2016-09-07,1.2010785462163944e-19,9.713847030202237e-11,0.9999999999028608,9.577818679207203e-23,7.550887947811509e-16,Transitional,0.9999999999028608,2.3346813150309608e-09,1.4506190620923106e-09,{Transitional}
2016-09-08,2.0445668038814552e-25,2.313845009616504e-11,0.9999999999768244,3.5065000655799443e-23,3.715039232249957e-14,Transitional,0.9999999999768244,5.888714095827583e-10,3.658863787371295e-10,{Transitional}
2016-09-09,9.042714111167924e-28,9.348396044939632e-12,0.9999999999906072,2.055353516996038e-24,4.4471404978121414e-14,Transitional,0.9999999999906072,2.460797991421139e-10,1.5289797589640778e-10,{Transitional}
2016-09-12,4.214907997428193e-35,1.3753706874410567e-11,0.999999999979375,2.567438099753865e-23,6.8712870442281165e-12,Transitional,0.999999999979375,5.383195984920752e-10,3.344767725012301e-10,{Transitional}
2016-09-13,1.8087749855814112e-32,6.801513656547853e-13,0.9999999999986683,3.1989274053384898e-24,6.515586573641071e-13,Transitional,0.9999999999986683,3.644842314854495e-11,2.2646678611802216e-11,{Transitional}
2016-09-14,9.622513361669302e-43,5.417783698509938e-13,0.9999999959857676,2.8781375915145517e-21,4.013690582764984e-09,Transitional,0.9999999959857676,8.162587419019256e-08,5.071700719833441e-08,{Transitional}
2016-09-15,1.1086735578681279e-38,4.5046666795078715e-14,0.9999999998485178,5.975638745573592e-24,1.514370842410755e-10,Transitional,0.9999999998485178,3.574849496940912e-09,2.221178878242243e-09,{Transitional}
2016-09-16,2.849529560510553e-37,4.404213289326903e-14,0.9999999999612581,8.497945600263782e-24,3.8697894502056296e-11,Transitional,0.9999999999612581,9.657608042415564e-10,6.000609261036655e-10,{Transitional}
2016-09-19,1.84421293930551e-33,1.4593303175062994e-13,0.9999999999614556,2.761735837426224e-23,3.839842425647918e-11,Transitional,0.9999999999614556,9.614792005611455e-10,5.974006161610872e-10,{Transitional}
2016-09-20,2.4159260022383454e-32,1.0902289029199312e-13,0.9999999999831505,5.470431734179976e-24,1.6740509394527394e-11,Transitional,0.9999999999831505,4.332648391284844e-10,2.692025804668776e-10,{Transitional}
2016-09-21,1.6458841556182605e-44,7.478961875457568e-15,0.999999767496683,4.329611447947105e-21,2.3250330961587708e-07,Transitional,0.999999767496683,3.783841069082501e-06,2.3510326430423474e-06,{Transitional}
2016-09-22,1.9848882429510605e-41,4.05544117370427e-15,0.9999999733452528,4.6399729780147003e-23,2.6654743130231296e-08,Transitional,0.9999999733452528,4.915195415031672e-07,3.0539826215464086e-07,{Transitional}
2016-09-23,7.188634196855617e-43,3.6910120445499505e-15,0.9999999282081014,5.983396385850051e-22,7.17918949338479e-08,Transitional,0.9999999282081014,1.2527303610696814e-06,7.783651369160694e-07,{Transitional}
2016-09-26,3.801299191094776e-43,6.19946608178969e-15,0.9999990823418416,1.9443306750590393e-22,9.176581521028799e-07,Transitional,0.9999990823418416,1.3674426475534964e-05,8.49639887931674e-06,{Transitional}
2016-09-27,6.35507888166207e-49,6.229129047406758e-16,0.9922110665413518,3.321728864389114e-19,0.007788933458647561,Transitional,0.9922110665413518,0.04557419247660034,0.028316837900055628,{Transitional}
2016-09-28,8.197227652994511e-63,1.2401065524475691e-15,0.09085946815259853,6.781784599793223e-17,0.9091405318474002,Post-Shock,0.9091405318474002,0.30452182182783394,0.18921004623737098,{Post-Shock}
2016-09-29,1.2619874593302653e-56,1.7203090296798934e-18,0.08210296013857024,5.333467714508275e-22,0.9178970398614298,Post-Shock,0.9178970398614298,0.28387572369321734,0.17638190420398764,{Post-Shock}
2016-09-30,5.286222718911934e-53,1.3790542810178032e-18,0.07481690758670989,1.5185366080144594e-21,0.9251830924132901,Post-Shock,0.9251830924132901,0.26592423737942256,0.1652280186299582,{Post-Shock}
2016-10-03,3.042732798088667e-61,4.685742503718179e-21,0.010849161143393618,3.186205977153787e-22,0.9891508388566064,Post-Shock,0.9891508388566064,0.05986809283815007,0.03719813754580074,{Post-Shock}
2016-10-04,3.866199438250594e-69,1.5355073573344386e-24,9.320461438947678e-05,1.337250735837383e-25,0.9999067953856106,Post-Shock,0.9999067953856106,0.0009582055755957205,0.0005953665986074222,{Post-Shock}
2016-10-05,3.4278714112961944e-73,3.403052685237567e-27,1.2807416525833082e-06,3.769262137384692e-27,0.9999987192583474,Post-Shock,0.9999987192583474,1.8657932804211072e-05,1.1592825457922122e-05,{Post-Shock}
2016-10-06,4.7429845099246673e-76,4.398805069119327e-28,4.4626963749723157e-07,2.0543934806758928e-28,0.9999995537303625,Post-Shock,0.9999995537303625,6.971775024400623e-06,4.331807378550297e-06,{Post-Shock}
2016-10-07,4.6250532106138386e-79,1.2363766493875227e-27,8.753013346630729e-07,2.7048592094007722e-27,0.9999991246986654,Post-Shock,0.9999991246986654,1.3084612601658834e-05,8.129926914589564e-06,{Post-Shock}
2016-10-10,1.2651670503434302e-74,7.50985645417723e-25,0.0004832941125441157,5.532896187191104e-27,0.9995167058874559,Post-Shock,0.9995167058874559,0.004173072353373485,0.0025928756375958395,{Post-Shock}
2016-10-11,1.6144633039711948e-56,2.2089016434855516e-19,0.15227528621418013,1.8896247987444996e-23,0.8477247137858199,Post-Shock,0.8477247137858199,0.4266355838716921,0.2650835925857196,"{Post-Shock, Transitional}"
2016-10-12,1.5478895777750996e-53,1.3380354890204865e-18,0.16733586746732804,4.631648464210836e-23,0.832664132532672,Post-Shock,0.832664132532672,0.4516366355395314,0.280617619387678,"{Post-Shock, Transitional}"
2016-10-13,6.057193075856877e-55,8.476202110773251e-20,0.14301072912898505,1.053490374653477e-22,0.856989270871015,Post-Shock,0.856989270871015,0.41039141165137477,0.2549905209022337,"{Post-Shock, Transitional}"
2016-10-14,7.152220538123347e-62,4.1796202836474173e-22,0.012064764345571174,8.505085576202669e-23,0.9879352356544289,Post-Shock,0.9879352356544289,0.06528737825530966,0.04056532889583145,{Post-Shock}
2016-10-17,1.5020190708841294e-67,1.0176165071309462e-24,0.00029914725193083767,8.576474685752316e-24,0.9997008527480692,Post-Shock,0.9997008527480692,0.0027265552004148144,0.001694103997022908,{Post-Shock}
2016-10-18,4.4261010292366503e-76,8.915801753534846e-29,1.8253378274308233e-07,3.1972950634844777e-26,0.9999998174662172,Post-Shock,0.9999998174662172,3.014786279379671e-06,1.8731920356095835e-06,{Post-Shock}
2016-10-19,1.100837813964502e-76,5.9985764842987524e-30,3.621357491031926e-08,4.880995858848351e-27,0.9999999637864251,Post-Shock,0.9999999637864251,6.566888753568445e-07,4.0802373939587004e-07,{Post-Shock}
2016-10-20,3.2433028487394556e-80,2.3304814616911737e-30,3.2393152945561375e-08,2.244553297028422e-27,0.9999999676068471,Post-Shock,0.9999999676068471,5.91021400810724e-07,3.672222433960613e-07,{Post-Shock}
2016-10-21,1.9832225681575405e-78,9.310467661789534e-30,1.7271331870731553e-07,2.3102425263721857e-27,0.9999998272866812,Post-Shock,0.9999998272866812,2.8621396710977994e-06,1.7783473652420201e-06,{Post-Shock}
2016-10-24,3.132174665082514e-82,3.831529904009021e-31,1.0952510157552492e-08,2.1283056642726896e-27,0.9999999890474898,Post-Shock,0.9999999890474898,2.1170670466626655e-07,1.315407714896458e-07,{Post-Shock}
2016-10-25,2.1525259719453966e-74,2.0752936036158775e-29,2.138950676097477e-07,9.019830982066419e-28,0.9999997861049323,Post-Shock,0.9999997861049323,3.4988464962296022e-06,2.173955558768947e-06,{Post-Shock}
2016-10-26,1.9276086918320784e-76,6.216163791984818e-29,6.083951915552677e-07,3.899492825499601e-27,0.9999993916048084,Post-Shock,0.9999993916048084,9.316013399850962e-06,5.788364576152865e-06,{Post-Shock}
2016-10-27,8.907930705665627e-75,9.422431957134887e-27,6.5714826697786395e-06,1.8464858637201422e-27,0.9999934285173302,Post-Shock,0.9999934285173302,8.498745742045792e-05,5.280567629472802e-05,{Post-Shock}
2016-10-28,8.562613672339447e-66,3.323141728852955e-24,0.0010564491334501,5.989098034127249e-26,0.9989435508665498,Post-Shock,0.9989435508665498,0.008295569745937136,0.005154327285226547,{Post-Shock}
2016-10-31,8.865358484906472e-59,1.7788001511462599e-22,0.0034305792453860643,1.763270158560858e-24,0.996569420754614,Post-Shock,0.996569420754614,0.02289331501313558,0.014224416385539175,{Post-Shock}
2016-11-01,1.6719721985500478e-57,2.0574630462609748e-22,0.0034240745787071035,4.078883590752428e-24,0.9965759254212929,Post-Shock,0.9965759254212929,0.022856417020909126,0.01420149037395377,{Post-Shock}
2016-11-02,1.6441578451099273e-59,1.9449512831245118e-22,0.0014208444026150055,1.4411635758709948e-23,0.998579155597385,Post-Shock,0.998579155597385,0.010735606438679227,0.006670407324034505,{Post-Shock}
2016-11-03,1.5855552769351667e-65,3.516707350401122e-25,0.00011225805698248575,4.9101552221636777e-26,0.9998877419430175,Post-Shock,0.9998877419430175,0.0011332062560570392,0.0007041006349497432,{Post-Shock}
2016-11-04,2.1971296229276764e-71,2.4013134244484147e-27,2.7990750540442307e-06,2.2354398815062467e-27,0.9999972009249459,Post-Shock,0.9999972009249459,3.8588662865737686e-05,2.397648431642605e-05,{Post-Shock}
2016-11-07,3.006233379120321e-73,1.3728232243914138e-26,8.853560108804723e-06,2.7978371906758964e-27,0.9999911464398912,Post-Shock,0.9999911464398912,0.00011186195421423525,6.950374000141216e-05,{Post-Shock}
2016-11-08,7.725038863624706e-78,8.107710985211398e-26,0.0003524301963408826,4.441291458184726e-28,0.9996475698036591,Post-Shock,0.9996475698036591,0.0031544200364127992,0.001959951366898075,{Post-Shock}
2016-11-09,1.3653025659879343e-59,3.4459452001820474e-20,0.6366528377076011,3.871141829109138e-24,0.3633471622923989,Transitional,0.6366528377076011,0.655319751524309,0.4071730549289776,"{Transitional, Post-Shock}"
2016-11-10,1.7411799108581065e-47,9.391469863916814e-18,0.9990979182726862,1.0510725551983066e-23,0.0009020817273137797,Transitional,0.9990979182726862,0.007225994204063868,0.0044897626359101574,{Transitional}
2016-11-11,1.268421979689242e-44,6.167354825014244e-17,0.9999998702665172,3.329475531636818e-24,1.2973348273452324e-07,Transitional,0.9999998702665172,2.1870169741133207e-06,1.3588700484914604e-06,{Transitional}
2016-11-14,1.9311786425161113e-50,1.7590104444255525e-17,0.9999998862765679,5.286328126671962e-24,1.137234320814966e-07,Transitional,0.9999998862765679,1.9321018306713703e-06,1.200482364522702e-06,{Transitional}
2016-11-15,2.2560139520376528e-52,3.955020994568567e-18,0.9999998160038591,3.1486479516209576e-24,1.8399614086278337e-07,Transitional,0.9999998160038591,3.0374708690068248e-06,1.8872867636210827e-06,{Transitional}
2016-11-16,1.2067770164502145e-58,2.14716834512302e-18,0.9999977518788097,2.881113446277009e-23,2.248121190289041e-06,Transitional,0.9999977518788097,3.1485867325537766e-05,1.956326931426563e-05,{Transitional}
2016-11-17,1.055468228399921e-54,2.32550709357002e-18,0.9999999187523079,7.144869186842326e-24,8.124769208316418e-08,Transitional,0.9999999187523079,1.4076762883955846e-06,8.746384545313878e-07,{Transitional}
2016-11-18,2.1606672256678867e-54,1.896651954737947e-18,0.9999999475913868,2.308187373413646e-24,5.240861318095335e-08,Transitional,0.9999999475913868,9.309948169791122e-07,5.784596036830545e-07,{Transitional}
2016-11-21,2.2031687104827344e-51,3.025254522807251e-18,0.9999999734767756,6.190561504177378e-24,2.652322438275192e-08,Transitional,0.9999999734767756,4.892253742596142e-07,3.0397281590049897e-07,{Transitional}
2016-11-22,2.0865211442881803e-55,5.278548248372312e-19,0.9999992213648394,5.0250251280741435e-24,7.786351605451372e-07,Transitional,0.9999992213648394,1.1730699533834695e-05,7.28869342719365e-06,{Transitional}
2016-11-23,1.6921517829338242e-62,1.4020897510542145e-19,0.9999477823955601,1.8988840814634315e-23,5.221760443984539e-05,Transitional,0.9999477823955601,0.0005670865638742192,0.0003523506930544231,{Transitional}
2016-11-24,3.9276791718060566e-59,5.819426928871337e-20,0.9999611630086618,2.30092289679161e-25,3.8836991338176816e-05,Transitional,0.9999611630086618,0.0004332700546488623,0.0002692058210518903,{Transitional}
2016-11-25,1.6316319338821265e-64,1.2867844954746153e-20,0.9989108553402227,1.3476669816451727e-24,0.0010891446597772292,Transitional,0.9989108553402227,0.008519091124318517,0.005293208926235816,{Transitional}
2016-11-28,5.6143577920633654e-64,1.1234155969555881e-20,0.9980385345480054,3.2061955328028744e-24,0.0019614654519945905,Transitional,0.9980385345480054,0.014187440513138994,0.008815152422799602,{Transitional}
2016-11-29,9.386835534887146e-58,6.805619411145114e-20,0.9994440143327871,4.817624647080797e-25,0.0005559856672129146,Transitional,0.9994440143327871,0.004722814687211563,0.0029344497546157705,{Transitional}
2016-11-30,1.0705991442642846e-57,1.4557634980826962e-19,0.9998217435858809,2.6311582616873057e-24,0.00017825641411901426,Transitional,0.9998217435858809,0.0017170011416541672,0.0010668327919884709,{Transitional}
2016-12-01,6.77065238902021e-54,1.4288976698999225e-19,0.9999795435857827,1.1473786481133746e-24,2.0456414217332257e-05,Transitional,0.9999795435857827,0.00024132848641297348,0.00014994581931277506,{Transitional}
2016-12-02,1.3149392402653119e-46,4.000951960402955e-19,0.999993285695275,7.484264282939809e-24,6.714304725008827e-06,Transitional,0.999993285695275,8.66901784651254e-05,5.3863636363589755e-05,{Transitional}
2016-12-05,2.944689396016237e-41,9.88955079269796e-19,0.9999997179389818,1.3764175590267132e-23,2.8206101817427074e-07,Transitional,0.9999997179389818,4.535861362697129e-06,2.818289122962892e-06,{Transitional}
2016-12-06,1.5054564351706836e-46,3.2085321229862486e-19,0.999996343997524,1.8877050288662117e-24,3.656002475971882e-06,Transitional,0.999996343997524,4.942600146028187e-05,3.071010138286752e-05,{Transitional}
2016-12-07,2.4297709118993816e-46,5.108794188583834e-19,0.9999977416442715,1.0142090206030226e-24,2.2583557285844038e-06,Transitional,0.9999977416442715,3.161894846653719e-05,1.9645957276299624e-05,{Transitional}
2016-12-08,4.945362393991662e-44,2.1778734041881997e-18,0.9999996391856806,6.397502572348923e-25,3.60814319381384e-07,Transitional,0.9999996391856806,5.7134574531317815e-06,3.549970712750762e-06,{Transitional}
2016-12-09,2.3042339946428273e-38,6.925173857286895e-17,0.9999999787866873,2.064223427628426e-24,2.12133126259928e-08,Transitional,0.9999999787866873,3.960216325948451e-07,2.460620751725087e-07,{Transitional}
2016-12-12,1.6857252613260675e-46,1.652279178535653e-17,0.9999991921884344,5.158415955620157e-25,8.078115656268312e-07,Transitional,0.9999991921884344,1.21405468152028e-05,7.5433458609419355e-06,{Transitional}
2016-12-13,9.466433031131048e-42,1.2892751040515907e-17,0.9999999270893819,2.2338181850215985e-25,7.291061811468454e-08,Transitional,0.9999999270893819,1.271124014645328e-06,7.89793756456806e-07,{Transitional}
2016-12-14,1.4824568661149472e-33,1.1031131232602315e-16,0.9999999982081864,1.6302195755026488e-24,1.7918135055985512e-09,Transitional,0.9999999982081864,3.7877008305834115e-08,2.3534308477019313e-08,{Transitional}
2016-12-15,6.53596437167098e-37,4.060806560457511e-17,0.9999999531523186,4.455144971234062e-25,4.6847681398606404e-08,Transitional,0.9999999531523186,8.374642202593369e-07,5.203457764908514e-07,{Transitional}
2016-12-16,5.368164299306265e-44,1.6788347263986415e-17,0.9999590478048933,2.2945085637030525e-24,4.0952195106657044e-05,Transitional,0.9999590478048933,0.00045469568761701267,0.00028251831531005427,{Transitional}
2016-12-19,5.141902217257075e-49,2.7549397616625983e-18,0.999414490777347,9.013664384854947e-25,0.0005855092226530031,Transitional,0.999414490777347,0.004943299680073623,0.0030714447832270947,{Transitional}
2016-12-20,4.723627816666863e-52,6.57537696484455e-19,0.9993504282978731,2.293462974372659e-25,0.000649571702126843,Transitional,0.9993504282978731,0.0054166955859661844,0.0033655821974356375,{Transitional}
2016-12-21,1.177367347741581e-43,7.145862089147253e-18,0.9999833921300867,1.860907944952849e-24,1.6607869913351855e-05,Transitional,0.9999833921300867,0.0001993878658579185,0.00012388664658481046,{Transitional}
2016-12-22,5.3995690036468996e-42,3.1628030166461255e-17,0.9999999563864995,6.715829940846488e-25,4.3613500390835794e-08,Transitional,0.9999999563864995,7.827687041300566e-07,4.863615415559609e-07,{Transitional}
2016-12-23,1.4190369035637264e-43,1.4815143525637274e-17,0.999999925887277,1.4737987700010552e-25,7.411272294198365e-08,Transitional,0.999999925887277,1.2908695875474167e-06,8.020623707037674e-07,{Transitional}
2016-12-26,1.1930309474290453e-48,5.200036660554323e-18,0.9999968294883961,2.610361308732465e-25,3.170511603931309e-06,Transitional,0.9999968294883961,4.3314310083835113e-05,2.6912694021434427e-05,{Transitional}
2016-12-27,4.34335393309575e-43,3.535761415324501e-18,0.9999993538293488,1.2951258719557176e-25,6.461706511759367e-07,Transitional,0.9999993538293488,9.855523220210225e-06,6.123580875080055e-06,{Transitional}
2016-12-28,1.543946555731378e-41,1.0331272316160448e-17,0.9999999793372272,7.876582622880908e-27,2.0662772809253102e-08,Transitional,0.9999999793372272,3.862871362642974e-07,2.400136925319971e-07,{Transitional}
2016-12-29,2.3229628686552443e-41,3.091707486498627e-17,0.9999999677606048,2.793810430754668e-26,3.2239395134172856e-08,Transitional,0.9999999677606048,5.883694337338118e-07,3.655744836058738e-07,{Transitional}
2016-12-30,3.044811491886023e-46,3.8613578061248106e-18,0.9999996301329922,5.361893629786381e-27,3.6986700775993484e-07,Transitional,0.9999996301329922,5.847640571914488e-06,3.6333433720786193e-06,{Transitional}
2017-01-02,2.06942526979216e-44,6.649777024481911e-18,0.999999839562385,4.998174828721101e-27,1.6043761500997405e-07,Transitional,0.999999839562385,2.670539952805963e-06,1.659299766815522e-06,{Transitional}
2017-01-03,4.031692431040781e-46,5.360304637846388e-18,0.9999998064625278,1.669483899856004e-27,1.9353747217992117e-07,Transitional,0.9999998064625278,3.1851979631019065e-06,1.979074767963332e-06,{Transitional}
2017-01-04,3.944962766971275e-44,1.8513607825637697e-17,0.9999999499938675,1.7361125196808082e-26,5.0006132410550504e-08,Transitional,0.9999999499938675,8.906632339826761e-07,5.534001822012783e-07,{Transitional}
2017-01-05,5.449875851917299e-30,8.50145582507605e-15,0.9999999999050783,1.71439712133244e-24,9.491323843567862e-11,Transitional,0.9999999999050783,2.2835750365591503e-09,1.4188649459024429e-09,{Transitional}
2017-01-06,3.0433286562866156e-19,1.405286724397451e-12,0.9999999999964325,2.7221769957536394e-21,2.1622245575467188e-12,Transitional,0.9999999999964325,9.741879634831742e-11,6.052970145395796e-11,{Transitional}
2017-01-09,3.498500794808677e-20,5.57785834818572e-13,0.9999999999983402,6.5623768983087554e-24,1.102046716262239e-12,Transitional,0.9999999999983402,4.545670439879852e-11,2.82438384529231e-11,{Transitional}
2017-01-10,5.8788258475999806e-08,7.092430885935599e-10,0.9999999405022687,1.9141119354509177e-13,3.837075405022672e-14,Transitional,0.9999999405022687,1.053227287271012e-06,6.544069076129317e-07,{Transitional}
2017-01-11,2.3213892281775728e-08,4.036020716247685e-10,0.9999999763825034,1.1109556630906316e-18,2.2796615253850526e-15,Transitional,0.9999999763825034,4.4041046437045653e-07,2.736424070589859e-07,{Transitional}
2017-01-12,5.0629912053538565e-11,8.45574036608842e-10,0.9999999991037909,2.9338937874381146e-21,5.210197770622908e-15,Transitional,0.9999999991037909,1.975851208098983e-08,1.2276653810837117e-08,{Transitional}
2017-01-13,1.9449806745752997e-12,5.931010826838335e-10,0.9999999994049515,4.020558760255459e-23,2.4003614077267383e-15,Transitional,0.9999999994049515,1.3245578398765279e-08,8.229940587601033e-09,{Transitional}
2017-01-16,1.2777534484708453e-09,5.859541629842897e-07,0.999999412768067,1.62188710812836e-19,1.6568088069593173e-14,Transitional,0.999999412768067,9.021851721416753e-06,5.605591648933e-06,{Transitional}
2017-01-17,8.677737280498811e-48,0.9955555717340313,4.512451200549586e-08,0.004417823670571071,2.655947088560937e-05,Late-Cycle,0.9955555717340313,0.028669051686222136,0.01781308335334496,{Late-Cycle}
2017-01-18,8.00718395238361e-19,1.1956779516514167e-05,0.9999880431816542,1.8070144673127355e-16,3.8829076002088754e-11,Transitional,0.9999880431816542,0.0001474783499604056,9.163345092160815e-05,{Transitional}
2017-01-19,1.5812781954526892e-21,3.506324470122961e-10,0.9999999996420116,1.5791743620271308e-22,7.35593604856597e-12,Transitional,0.9999999996420116,8.177343531557484e-09,5.0808692080517345e-09,{Transitional}
2017-01-20,8.239592340565552e-26,3.125184876916157e-11,0.9999999998117699,1.198922525264241e-24,1.5697829762566626e-10,Transitional,0.9999999998117699,4.484969631551518e-09,2.7866683125219086e-09,{Transitional}
2017-01-23,2.0265717658627697e-26,1.4255532048802135e-11,0.9999999998666457,2.0973058410556085e-24,1.1909884372851184e-10,Transitional,0.9999999998666457,3.2079436299195507e-09,1.993207445366988e-09,{Transitional}
2017-01-24,3.52017205670412e-28,1.0864889651193015e-12,0.9999999999437162,9.555413038405693e-28,5.5197245179894173e-11,Transitional,0.9999999999437162,1.387279330018953e-09,8.619651117332284e-10,{Transitional}
2017-01-25,7.353727793015125e-26,2.845927067325697e-12,0.9999999999679781,5.676082429832845e-27,2.9175981881537536e-11,Transitional,0.9999999999679781,8.125825782715956e-10,5.048859430946625e-10,{Transitional}
2017-01-26,1.723259672948189e-27,1.6502991609543719e-12,0.9999999999088299,1.6353603491047032e-25,8.951977139823107e-11,Transitional,0.9999999999088299,2.2043462933045245e-09,1.3696373598970897e-09,{Transitional}
2017-01-27,2.0152742226740182e-25,1.5331045400075174e-12,0.999999999926899,6.706100260256631e-25,7.156781353493393e-11,Transitional,0.999999999926899,1.7838952307928258e-09,1.108396426485864e-09,{Transitional}
2017-01-30,3.7373775515828694e-26,1.3326530692573092e-12,0.9999999999736803,1.0470757056144755e-24,2.4987119136036424e-11,Transitional,0.9999999999736803,6.700350981364922e-10,4.163162138532805e-10,{Transitional}
2017-01-31,4.832650440861968e-31,5.412429910691204e-13,0.9999999997817098,9.292193672762438e-25,2.177489012417394e-10,Transitional,0.9999999997817098,5.075420994272925e-09,3.153536371339048e-09,{Transitional}
2017-02-01,3.985090541016963e-31,3.9503703747043986e-13,0.9999999999262342,1.665535692768261e-24,7.337077087766063e-11,Transitional,0.9999999999262342,1.7946995993351169e-09,1.1151095581070464e-09,{Transitional}
2017-02-02,8.556579999572928e-37,9.091832066920652e-13,0.9999999948863288,1.9947092575967287e-23,5.112761913682166e-09,Transitional,0.9999999948863288,1.0274663242469922e-07,6.384007213382098e-08,{Transitional}
2017-02-03,1.773476436417368e-31,4.0807269659496017e-13,0.9999999998485827,2.1452464879808006e-23,1.510092429446429e-10,Transitional,0.9999999998485827,3.5754311631109338e-09,2.2215402877539288e-09,{Transitional}
2017-02-06,9.475315656929772e-26,8.774935745349308e-12,0.999999999990763,1.217177675195889e-24,4.619609571295912e-13,Transitional,0.999999999990763,2.432811241263681e-10,1.5115906133864572e-10,{Transitional}
2017-02-07,7.746885736601118e-29,8.079547140775369e-12,0.9999999999878185,2.0524780880337557e-23,4.101950634387536e-12,Transitional,0.9999999999878185,3.232604120882353e-10,2.0085298699055684e-10,{Transitional}
2017-02-08,2.740439302841766e-30,1.7926073694402544e-12,0.9999999999952583,8.099593632044814e-25,2.9490710995517387e-12,Transitional,0.9999999999952583,1.288676360165356e-10,8.006996419118603e-11,{Transitional}
2017-02-09,2.460209055525247e-25,1.4522654139277669e-11,0.9999999999853442,3.1414394598590893e-24,1.3317871209436114e-13,Transitional,0.9999999999853442,3.787693484030585e-10,2.3534262830320117e-10,{Transitional}
2017-02-10,2.6895146559068895e-18,1.482061724576922e-09,0.9999999985179373,6.351959894938578e-22,1.0198267390101005e-15,Transitional,0.9999999985179373,3.161015667767088e-08,1.9640494630739714e-08,{Transitional}
2017-02-13,8.251699614466539e-19,6.305751062835435e-10,0.999999999369423,4.222260387341938e-23,1.8886346867154708e-15,Transitional,0.999999999369423,1.3986978301202629e-08,8.690598247464447e-09,{Transitional}
2017-02-14,2.8898892978078425e-08,5.342939201494429e-08,0.999999917671715,3.1337654087785217e-20,4.379319344627596e-18,Transitional,0.999999917671715,1.4786646164974774e-06,9.187459827270736e-07,{Transitional}
2017-02-15,0.00019313621852366187,3.6556436612591283e-07,0.9998064982171102,1.660074305231544e-17,6.392489073700807e-20,Transitional,0.9998064982171102,0.0018506245049225965,0.0011498576556604955,{Transitional}
2017-02-16,0.0002453298251473996,6.973206235196185e-05,0.9996849381125006,1.4695179823225842e-20,5.180425393407765e-19,Transitional,0.9996849381125006,0.003021811407590466,0.0018775569931867107,{Transitional}
2017-02-17,0.5559097453738139,1.9173530577276898e-05,0.4440710810956054,3.4666026217774203e-15,1.655438545550704e-20,Risk-On,0.5559097453738139,0.687094159307974,0.42691560450991156,"{Risk-On, Transitional}"
2017-02-20,0.5375217642794381,0.01898520869074003,0.44349302702982185,2.7771795895551344e-17,6.272246841164061e-18,Risk-On,0.5375217642794381,0.7695374683228655,0.47814051252155704,"{Risk-On, Transitional}"
2017-02-21,0.7802217949792506,1.2311408494428507e-05,0.21976589361225493,2.1011804278954715e-17,1.279290211500361e-19,Risk-On,0.7802217949792506,0.5267599374895756,0.3272943512887107,"{Risk-On, Transitional}"
2017-02-22,0.7881556796064113,0.0007496805490142755,0.21109463984457438,1.8075348998620696e-18,3.469638368782359e-19,Risk-On,0.7881556796064113,0.5213695471356425,0.32394511345089894,"{Risk-On, Transitional}"
2017-02-23,0.91803869424077,7.066928415063814e-05,0.08189063647507927,3.995345379584901e-17,2.744477885952773e-20,Risk-On,0.91803869424077,0.28410290175233655,0.17652305786848385,{Risk-On}
2017-02-24,0.9780490964948918,6.004639507697055e-05,0.02189085711003119,1.3635346132583047e-17,7.816336379115847e-22,Risk-On,0.9780490964948918,0.10595186136842928,0.06583159284982207,{Risk-On}
2017-02-27,0.9900009174514197,3.718844538749374e-05,0.009961894103192747,1.098913827701627e-18,2.6892063927560352e-21,Risk-On,0.9900009174514197,0.05624247919408278,0.03494541712952576,{Risk-On}
2017-02-28,0.9963647066634119,6.230558589059418e-06,0.0036290627779989692,3.5000863247126455e-19,1.9505655408576534e-21,Risk-On,0.9963647066634119,0.024094265833601487,0.014970609084982671,{Risk-On}
2017-03-01,0.99775218564683,0.00030087908258817294,0.0019469352705815141,3.1807072724755995e-16,3.199290765230459e-22,Risk-On,0.99775218564683,0.0168368492078599,0.010461322600755683,{Risk-On}
2017-03-02,6.1365689880215904e-30,0.9999999988901777,6.520475709141559e-16,1.1098216795261281e-09,6.974112763390628e-21,Late-Cycle,0.9999999988901777,2.3991327828495067e-08,1.4906650106316177e-08,{Late-Cycle}
2017-03-03,0.9997363552221994,0.00019522179360114867,6.842298419563047e-05,3.799751830115375e-15,2.4298514052216928e-24,Risk-On,0.9997363552221994,0.0025872352715444157,0.0016075396581353692,{Risk-On}
2017-03-06,0.9999952149080191,3.4244336103331956e-06,1.3606583705009867e-06,2.019278013089668e-18,3.9149730310722203e-26,Risk-On,0.9999952149080191,6.625926723944508e-05,4.116919747418844e-05,{Risk-On}
2017-03-07,0.9999963745199483,3.595715933194163e-06,2.976411853026921e-08,1.1460151770275411e-19,2.5757292987697024e-28,Risk-On,0.9999963745199483,4.92163402478202e-05,3.057983154714295e-05,{Risk-On}
2017-03-08,0.9999951103627374,4.853589473766985e-06,3.604778884309793e-08,7.861289699720153e-19,1.4558195866264144e-27,Risk-On,0.9999951103627374,6.489493586036172e-05,4.0321490726048056e-05,{Risk-On}
2017-03-09,0.9999984108420662,1.588165140131239e-06,9.927937162800876e-10,6.417348310210365e-20,1.5687392592038014e-30,Risk-On,0.9999984108420662,2.2816394643124366e-05,1.4176623072471956e-05,{Risk-On}
2017-03-10,0.9999297250339685,7.020773215564224e-05,6.723387582682982e-08,3.2165699969599127e-19,7.530954707110733e-28,Risk-On,0.9999297250339685,0.0007428532758495701,0.0004615606915373859,{Risk-On}
2017-03-13,0.9963292137032402,0.0036688597126670005,1.9265840927442313e-06,7.685288447191784e-19,1.2670664322283646e-26,Risk-On,0.9963292137032402,0.024263898437469688,0.015076007747806297,{Risk-On}
2017-03-14,0.9999325977083732,6.735857088240678e-05,4.3720744373839324e-08,9.395313629797188e-19,1.3657012440844972e-29,Risk-On,0.9999325977083732,0.0007151523171069913,0.00044434911814982724,{Risk-On}
2017-03-15,0.9999828520315972,1.714796817489569e-05,2.2590207127944305e-13,2.030703258855487e-15,5.233564091648268e-35,Risk-On,0.9999828520315972,0.0002053232984660072,0.00012757453821594025,{Risk-On}
2017-03-16,0.8099149872359154,0.19008501203921963,7.248190293856389e-10,4.596584673674186e-14,9.597213605047669e-32,Risk-On,0.8099149872359154,0.48634622533089844,0.302183900089288,"{Risk-On, Late-Cycle}"
2017-03-17,0.3127205106493315,0.6872793604509599,1.288996867047838e-07,2.1878026270397353e-14,1.880726905095243e-29,Late-Cycle,0.6872793604509599,0.6212622501032746,0.38601193951227536,"{Late-Cycle, Risk-On}"
2017-03-20,0.00021954965911579892,0.9997784696663334,1.980674549114795e-06,1.692290609625216e-15,1.3291798058932848e-27,Late-Cycle,0.9997784696663334,0.002096987577960215,0.0013029316395242292,{Late-Cycle}
2017-03-21,2.3256768832948526e-13,0.9999836014347586,1.639856500160613e-05,7.177817212621954e-15,4.4347089775865125e-24,Late-Cycle,0.9999836014347586,0.00019708301841370253,0.00012245456434888864,{Late-Cycle}
2017-03-22,1.2358588786017695e-11,0.9999741556575059,2.5844330125663173e-05,9.835618916363887e-15,1.2267270005870696e-24,Late-Cycle,0.9999741556575059,0.00029884881236771384,0.00018568520727571118,{Late-Cycle}
2017-03-23,1.2516227865088023e-08,0.9999967273068987,3.2601768682823073e-06,5.14406855757974e-15,1.4550369426784704e-27,Late-Cycle,0.9999967273068987,4.468862457640666e-05,2.7766603626740695e-05,{Late-Cycle}
2017-03-24,6.487038149053361e-05,0.9999083675788093,2.676203969881433e-05,1.4038383195949845e-15,9.967171329965544e-28,Late-Cycle,0.9999083675788093,0.000998945888287276,0.0006206799781275679,{Late-Cycle}
2017-03-27,0.6836244113555137,0.316375454338615,1.3430586816435834e-07,3.208865348375309e-15,3.158300192736457e-31,Risk-On,0.6836244113555137,0.6241093379095579,0.38778093462807783,"{Risk-On, Late-Cycle}"
2017-03-28,0.9915088743585492,0.008491125027667202,6.13783453150437e-10,1.8186616704283352e-16,1.2627678018595352e-34,Risk-On,0.9915088743585492,0.048946901291109436,0.030412419710607264,{Risk-On}
2017-03-29,0.9999986065957863,1.393404212606457e-06,1.0982895369239389e-15,6.329891375244499e-18,2.3649354972877206e-41,Risk-On,0.9999986065957863,2.0181730277922934e-05,1.2539614061532982e-05,{Risk-On}
2017-03-30,0.999999187224493,8.127755069646836e-07,7.18565594668739e-17,7.450092242912849e-19,4.223659503811973e-42,Risk-On,0.999999187224493,1.2210170412764532e-05,7.58660543437676e-06,{Risk-On}
2017-03-31,0.9999999999255079,7.408130400236346e-11,7.779247928173483e-24,4.108011321664672e-13,1.448452465479374e-49,Risk-On,0.9999999999255079,1.8117182367966397e-09,1.1256838321004956e-09,{Risk-On}
2017-04-03,0.9991308940989467,0.0008691059003217995,4.971072915275272e-18,7.314173388982382e-13,1.5847620418206625e-43,Risk-On,0.9991308940989467,0.006994226132308324,0.004345757036212919,{Risk-On}
2017-04-04,0.9999999616265005,3.837349941295069e-08,1.1852966033302264e-19,2.8577111099157225e-17,2.4707615312628347e-47,Risk-On,0.9999999616265005,6.936334896658901e-07,4.3097871890991103e-07,{Risk-On}
2017-04-05,0.9923206666905039,0.007679333308595605,9.004210683625929e-13,4.1734957130350796e-17,1.0946015394885883e-36,Risk-On,0.9923206666905039,0.0450421543547197,0.0279862640284137,{Risk-On}
2017-04-06,0.9999562210023571,4.377899763857563e-05,4.198538228571593e-15,1.1869674461095143e-16,6.315692219677377e-41,Risk-On,0.9999562210023571,0.0004831596589000541,0.00030020397504450946,{Risk-On}
2017-04-07,0.9999831232710656,1.687672893412749e-05,2.5624706415658365e-16,6.886192686166858e-19,2.0459393842437056e-41,Risk-On,0.9999831232710656,0.00020234466072950973,0.00012572380653285678,{Risk-On}
2017-04-10,0.9999999273907427,7.260925726344227e-08,2.897283452575592e-20,1.184183901857572e-18,1.057118824408462e-46,Risk-On,0.9999999273907427,1.2661708169657421e-06,7.867161617006996e-07,{Risk-On}
2017-04-11,0.9999272079033042,7.27920966942956e-05,5.192231016481322e-19,1.462205729775951e-15,1.1505762013272299e-45,Risk-On,0.9999272079033042,0.000766345494211533,0.00047615722749597627,{Risk-On}
2017-04-12,0.0004584403355025505,0.999541559661548,1.7569942290071992e-16,2.9492296935943042e-12,1.786571211342121e-40,Late-Cycle,0.999541559661548,0.003982678097938144,0.002474577035354396,{Late-Cycle}
2017-04-13,0.015228805318151765,0.9847711946689685,1.2876745647403091e-11,3.003842808619579e-15,1.2261785261170695e-38,Late-Cycle,0.9847711946689685,0.0788382036863244,0.04898493012823972,{Late-Cycle}
2017-04-14,0.9971989699213093,0.002801029953757928,1.0075885316930626e-17,1.2493274735755507e-10,5.70797761599507e-47,Risk-On,0.9971989699213093,0.01926091084997095,0.011967476782525218,{Risk-On}
2017-04-17,8.6820962071655e-06,0.9999913179028265,3.8106276551450416e-18,9.66345468720029e-13,1.1252912002147453e-41,Late-Cycle,0.9999913179028265,0.00010986538206924109,6.826319997835867e-05,{Late-Cycle}
2017-04-18,0.9999973036070999,2.6963928997000307e-06,7.670441812656085e-19,3.7533955598923033e-16,1.9328416572446132e-48,Risk-On,0.9999973036070999,3.727383951082998e-05,2.315953863324702e-05,{Risk-On}
2017-04-19,0.9999999999911469,8.853171911751837e-12,1.4552315337324226e-26,2.058592677401062e-18,7.446344636466599e-55,Risk-On,0.9999999999911469,2.3222117099350364e-10,1.4428712608260503e-10,{Risk-On}
2017-04-20,0.9999999977071456,2.2928543612210203e-09,1.3436418124569347e-24,1.739768592597715e-18,9.403219434418752e-53,Risk-On,0.9999999977071456,4.7903680301592474e-08,2.9764230065354526e-08,{Risk-On}
2017-04-21,0.999984329355056,1.5670644943536247e-05,1.6216259606089959e-21,5.066982501920509e-16,4.525570716192309e-49,Risk-On,0.999984329355056,0.00018904616911815335,0.00011746098911777312,{Risk-On}
2017-04-24,4.312143088096624e-07,0.9999995687804519,6.384110011301625e-18,5.2393015857835516e-12,3.9072997886381773e-41,Late-Cycle,0.9999995687804519,6.751514414912751e-06,4.19495176716809e-06,{Late-Cycle}
2017-04-25,0.0024836490593932972,0.9975163509387289,1.860938234151462e-12,1.6803908562774012e-14,4.3994262751344104e-39,Late-Cycle,0.9975163509387289,0.01737755493610233,0.010797281959029202,{Late-Cycle}
2017-04-26,0.9021768713419257,0.09782312865558011,2.2144681847475304e-15,2.49200529867958e-12,3.219602126987142e-43,Risk-On,0.9021768713419257,0.3202734000399255,0.1989970520549915,{Risk-On}
2017-04-27,0.9999931866379216,6.813361898070442e-06,3.6665593619292156e-22,1.803730194196875e-13,8.4229537399326e-52,Risk-On,0.9999931866379216,8.78693525546026e-05,5.459629841930947e-05,{Risk-On}
2017-04-28,0.9999999996371793,3.6282045536449295e-10,1.5776218222547094e-29,2.283821243839687e-16,9.048858741230723e-59,Risk-On,0.9999999996371793,8.247497613666062e-09,5.124458390067758e-09,{Risk-On}
2017-05-01,0.9999999976347484,2.3652380026529707e-09,7.451842768105804e-29,1.359206675923473e-14,8.431591260731668e-59,Risk-On,0.9999999976347484,4.934290015266474e-08,3.065846763733741e-08,{Risk-On}
2017-05-02,0.9999999998968123,1.0318703723550895e-10,5.244867378079555e-30,6.060000483570601e-16,1.373451729492668e-60,Risk-On,0.9999999998968123,2.4739413063680217e-09,1.5371461596964953e-09,{Risk-On}
2017-05-03,0.9999999981468548,1.8531452011040846e-09,6.552546446385742e-29,4.221771987810306e-18,1.9863821974144947e-59,Risk-On,0.9999999981468548,3.9111190048516e-08,2.4301148709343233e-08,{Risk-On}
2017-05-04,0.9999892174640322,1.0782535966718184e-05,2.0284455242972064e-24,1.0624600437557328e-15,7.952932127202369e-54,Risk-On,0.9999892174640322,0.0001341086234851295,8.332637279701256e-05,{Risk-On}
2017-05-05,0.4443030441933603,0.5556969558062177,1.4931423012085227e-18,4.220856892574968e-13,1.5682500179237315e-45,Late-Cycle,0.5556969558062177,0.6869299835640558,0.4268135963848078,"{Late-Cycle, Risk-On}"
2017-05-08,2.9645029831476375e-06,0.9999970354964757,1.450470800821144e-16,5.410002479916875e-13,9.181057716397563e-42,Late-Cycle,0.9999970354964757,4.06990808816304e-05,2.5287760756224174e-05,{Late-Cycle}
2017-05-09,0.9925556647885736,0.00744433518409482,3.419904581180372e-20,2.7331639267926563e-11,1.780469812092406e-49,Risk-On,0.9925556647885736,0.043896047743839955,0.027274147952344396,{Risk-On}
2017-05-10,0.9999997864878806,2.1351210624335138e-07,4.3543180271404075e-26,1.3152216392694035e-14,5.148533728216939e-56,Risk-On,0.9999997864878806,3.4929650931303988e-06,2.170301237559185e-06,{Risk-On}
2017-05-11,0.9999999037845552,9.62154446754471e-08,2.7688993074997363e-27,1.0786456925213878e-16,4.249096112487954e-57,Risk-On,0.9999999037845552,1.650735203699356e-06,1.025659449765787e-06,{Risk-On}
2017-05-12,0.9985770869423368,0.0014229130576577137,5.693760522997137e-22,5.418220162940183e-15,9.982588770711067e-50,Risk-On,0.9985770869423368,0.010749165135109151,0.006678831815793505,{Risk-On}
2017-05-15,0.9999950941824767,4.905817522371637e-06,2.9155723171757733e-24,9.83773986215569e-16,2.4792333831912965e-53,Risk-On,0.9999950941824767,6.487985840189754e-05,4.031212257437989e-05,{Risk-On}
2017-05-16,0.9999941624215103,5.837578489599858e-06,3.9866632856494566e-24,6.35264609454892e-17,5.682189314980168e-53,Risk-On,0.9999941624215103,7.618735317753628e-05,4.7337864100834544e-05,{Risk-On}
2017-05-17,0.9998451614892971,0.00015483851070247247,1.5190954316550593e-23,4.2025747073030076e-16,2.3734355849423197e-52,Risk-On,0.9998451614892971,0.00151324457120295,0.0009402317166210727,{Risk-On}
2017-05-18,0.9999977799561356,2.2200438584848137e-06,3.894628550746988e-27,5.945918302715116e-15,2.8083353160037624e-57,Risk-On,0.9999977799561356,3.112053411919152e-05,1.9336275030408034e-05,{Risk-On}
2017-05-19,0.995251359402839,0.004748640597147209,1.2449678500699486e-22,1.3744038313129637e-14,7.26033805084526e-51,Risk-On,0.995251359402839,0.030142085484398156,0.018728330711938756,{Risk-On}
2017-05-22,0.9980115910476466,0.0019884089519485596,2.0747060184849862e-23,4.04823711866965e-13,2.2207437450105177e-53,Risk-On,0.9980115910476466,0.014355170535362895,0.008919368945181772,{Risk-On}
2017-05-23,0.5667867452540053,0.43321325474581185,2.867627570853992e-19,1.8289220762858745e-13,7.308400244148191e-47,Risk-On,0.5667867452540053,0.6841995230124863,0.42511706585668085,"{Risk-On, Late-Cycle}"
2017-05-24,0.6769964407876231,0.3230035592112247,3.588970390653142e-18,1.152240959432357e-12,7.731494520219554e-48,Risk-On,0.6769964407876231,0.6291127607040524,0.39088973600266913,"{Risk-On, Late-Cycle}"
2017-05-25,0.7267680546362514,0.2732319453555204,6.952004073084295e-20,8.228153339772403e-12,4.566368262735447e-50,Risk-On,0.7267680546362514,0.5864469743981471,0.3643799924603551,"{Risk-On, Late-Cycle}"
2017-05-26,0.6119971310930231,0.3880028689048669,4.7183290606722485e-20,2.1099150790383736e-12,1.4329225043362842e-49,Risk-On,0.6119971310930231,0.6678463577856562,0.41495627301062576,"{Risk-On, Late-Cycle}"
2017-05-29,1.7936635688520287e-08,0.9999999820609584,4.214801424218442e-18,2.4058884021646548e-12,4.181030304370091e-43,Late-Cycle,0.9999999820609584,3.3792594733359553e-07,2.099651963725144e-07,{Late-Cycle}
2017-05-30,2.6725324959904293e-06,0.9999973274674303,2.4702837373827466e-16,7.342065481404329e-14,1.593382310807917e-43,Late-Cycle,0.9999973274674303,3.696775961588392e-05,2.2969360501750698e-05,{Late-Cycle}
2017-05-31,1.7602236471842502e-09,0.9999999982397461,5.314344144573617e-16,2.9750447637534804e-14,1.9911150522796948e-42,Late-Cycle,0.9999999982397461,3.7241370270903154e-08,2.3139364360181884e-08,{Late-Cycle}
2017-06-01,2.0747269155995366e-14,0.9999999999999535,5.1833173078091886e-15,2.0564842696095702e-14,3.5069407315156136e-40,Late-Cycle,0.9999999999999535,3.3038518640183496e-13,2.0527985817244928e-13,{Late-Cycle}
2017-06-02,1.965086469581472e-18,0.9999999999997321,2.641888374220124e-13,3.7288046086977036e-15,2.34952688745792e-36,Late-Cycle,0.9999999999997321,6.608863411921077e-12,4.1063177155593955e-12,{Late-Cycle}
2017-06-05,1.8676745724731092e-13,0.9999999999993857,4.271177723627316e-13,4.353399503013326e-16,2.54165376566868e-37,Late-Cycle,0.9999999999993857,1.6404724805473028e-11,1.0192828613477025e-11,{Late-Cycle}
2017-06-06,4.190111954169031e-12,0.9999999999957525,5.5666487836211043e-14,1.6797168850770299e-15,1.341923298827275e-39,Late-Cycle,0.9999999999957525,1.1370601211099894e-10,7.064951759402196e-11,{Late-Cycle}
2017-06-07,2.2947008204101356e-11,0.9999999999770159,3.69668833204905e-14,1.3652044585244296e-16,4.338115447849073e-40,Late-Cycle,0.9999999999770159,5.841811079727383e-10,3.6297213049320294e-10,{Late-Cycle}
2017-06-08,4.6778090203850443e-11,0.999999999952898,3.167099652973975e-13,7.233306556845352e-15,1.851421903297422e-38,Late-Cycle,0.999999999952898,1.1666214742860837e-09,7.248626773813817e-10,{Late-Cycle}
2017-06-09,3.744750596748796e-21,0.9999999999966579,3.3350388441323786e-12,7.094906508074113e-15,2.229481975676521e-33,Late-Cycle,0.9999999999966579,8.979704124503518e-11,5.57940387456307e-11,{Late-Cycle}
2017-06-12,1.0730782443446315e-21,0.999999999859453,1.4054643311188098e-10,6.287863460841367e-16,3.545159293980536e-32,Late-Cycle,0.999999999859453,3.3269317017345555e-09,2.067138891181538e-09,{Late-Cycle}
2017-06-13,2.2258057313794768e-17,0.9999999999930359,6.964040426853084e-12,2.4626881430783626e-17,1.991444799040013e-35,Late-Cycle,0.9999999999930359,1.8393902024522505e-10,1.1428773910702602e-10,{Late-Cycle}
2017-06-14,2.4691437505349723e-14,0.9999999999998818,9.346985769215053e-14,4.5688095903538565e-17,4.097810221997487e-39,Late-Cycle,0.9999999999998818,2.3754861690215923e-12,1.4759725433762942e-12,{Late-Cycle}
2017-06-15,2.6802191943336618e-12,0.9999999999971079,2.0721238778873808e-13,4.751503640619487e-15,1.1203714435747607e-38,Late-Cycle,0.9999999999971079,7.827483011469804e-11,4.863488644698064e-11,{Late-Cycle}
2017-06-16,1.0287860192513143e-09,0.999999998971169,4.2205771427857514e-14,2.7985937719837155e-15,1.3838054581085813e-40,Late-Cycle,0.999999998971169,2.23186830404899e-08,1.386737746641951e-08,{Late-Cycle}
2017-06-19,5.570430401387496e-20,0.9999999999998138,5.870676128637115e-15,1.8027387652301867e-13,2.9906633903844545e-37,Late-Cycle,0.9999999999998138,4.2996579970524836e-12,2.671527720227317e-12,{Late-Cycle}
2017-06-20,1.6225635727956427e-14,0.9999999999987456,1.2374367889605037e-12,7.727434480896917e-16,6.768588256207923e-37,Late-Cycle,0.9999999999987456,3.3918979873751957e-11,2.1075047140186464e-11,{Late-Cycle}
2017-06-21,9.703468838748448e-13,0.9999999999967442,2.284844587786373e-12,6.953704079824029e-16,7.461274564056053e-37,Late-Cycle,0.9999999999967442,8.884383132274144e-11,5.5201776120940744e-11,{Late-Cycle}
2017-06-22,7.52488795211944e-11,0.9999999999246141,1.3438304317420494e-13,2.6806632973906787e-15,9.414012376633939e-39,Late-Cycle,0.9999999999246141,1.831230731060168e-09,1.1378076264468196e-09,{Late-Cycle}
2017-06-23,5.820714542636354e-07,0.9999994179285293,9.063363782256702e-15,7.407040525732999e-15,2.822057487671625e-41,Late-Cycle,0.9999994179285293,8.93867906838246e-06,5.553913574002787e-06,{Late-Cycle}
2017-06-26,1.0189992953882962e-12,0.9999999999989431,3.5131472990116296e-14,2.7729898410150326e-15,8.516420979216883e-39,Late-Cycle,0.9999999999989431,2.854311285494519e-11,1.7734833157854984e-11,{Late-Cycle}
2017-06-27,1.8189447716189396e-11,0.9999999999806551,1.1552436271401989e-12,1.9508524185590974e-16,2.3188193567472926e-37,Late-Cycle,0.9999999999806551,4.982385441967311e-10,3.0957301325355216e-10,{Late-Cycle}
2017-06-28,2.2595973097686954e-07,0.9999997740402249,1.8586375168524903e-14,2.5534792337148462e-14,1.8349006257234236e-40,Late-Cycle,0.9999997740402249,3.683800176462904e-06,2.288873741573265e-06,{Late-Cycle}
2017-06-29,9.54496683578608e-12,0.9999999999900111,4.413639487903431e-13,2.5270231351782913e-15,1.4899757766116391e-37,Late-Cycle,0.9999999999900111,2.6234530874774086e-10,1.6300430524279874e-10,{Late-Cycle}
2017-06-30,1.0515033449766306e-11,0.999999999945181,4.430300858360863e-11,9.488995211397056e-16,4.50452019090891e-34,Late-Cycle,0.999999999945181,1.37388474133349e-09,8.536425858488933e-10,{Late-Cycle}
2017-07-03,8.426761884585593e-08,0.999999915176872,5.55508167969773e-10,9.80953585503668e-16,7.747770521409678e-34,Late-Cycle,0.999999915176872,1.4693165044236639e-06,9.129376741234348e-07,{Late-Cycle}
2017-07-04,3.298559248614859e-14,0.9999999986827586,1.317207667062158e-09,7.329818988829365e-16,8.7904676765537e-31,Late-Cycle,0.9999999986827586,2.825010780763639e-08,1.7552778885959736e-08,{Late-Cycle}
2017-07-05,5.348008333876783e-19,0.9999997275663827,2.724335062660652e-07,1.1108808844757822e-13,2.0911930633727652e-24,Late-Cycle,0.9999997275663827,4.390504447386623e-06,2.7279737935006525e-06,{Late-Cycle}
2017-07-06,1.0160463083283821e-27,0.9999706503408922,2.9349568742458002e-05,9.036533296812327e-11,9.858107372291839e-19,Late-Cycle,0.9999706503408922,0.00033565024450122244,0.00020855122270208476,{Late-Cycle}
2017-07-07,4.301055151966203e-20,0.9999918028026805,8.19717412722148e-06,2.319227720676872e-11,2.107280378261347e-21,Late-Cycle,0.9999918028026805,0.00010420074569363291,6.474356350661617e-05,{Late-Cycle}
2017-07-10,4.520748593464429e-17,0.9999964879108013,3.5120891792412037e-06,1.936801421815527e-14,4.672735696052253e-24,Late-Cycle,0.9999964879108013,4.762146140429845e-05,2.9588877605272862e-05,{Late-Cycle}
2017-07-11,4.078612107297976e-14,0.9999994930908632,5.069090907675919e-07,5.186009505655241e-15,3.832257939058788e-26,Late-Cycle,0.9999994930908632,7.85452217147814e-06,4.8802890194123905e-06,{Late-Cycle}
2017-07-12,5.166487502027992e-14,0.9999998417980167,1.5820192885248827e-07,2.7222202853218204e-15,1.6596231714753102e-28,Late-Cycle,0.9999998417980167,2.6355477414343537e-06,1.637557883452847e-06,{Late-Cycle}
2017-07-13,1.656624837317562e-14,0.9999996800623921,3.1993758892171476e-07,2.4115648994312932e-15,1.7813539487036726e-27,Late-Cycle,0.9999996800623921,5.104647480720438e-06,3.1716958083833206e-06,{Late-Cycle}
2017-07-14,8.931901634071793e-18,0.9999970029220324,2.997077965218648e-06,2.38830156217286e-15,4.220720213906252e-25,Late-Cycle,0.9999970029220324,4.1113527742699284e-05,2.5545271069524845e-05,{Late-Cycle}
2017-07-17,3.2203211128731497e-23,0.9999788070963873,2.1192903592043104e-05,2.0634529366952242e-14,1.6775889107509304e-22,Late-Cycle,0.9999788070963873,0.00024926740354788907,0.00015487854587127202,{Late-Cycle}
2017-07-18,2.5336885979306345e-17,0.9999920090914927,7.99090850029276e-06,6.989434502045674e-15,7.125951598810785e-25,Late-Cycle,0.9999920090914927,0.00010178181476778112,6.324059721809782e-05,{Late-Cycle}
2017-07-19,2.489831001875214e-13,0.999999762234707,2.377650360506436e-07,7.977088698728828e-15,5.6579587195646195e-28,Late-Cycle,0.999999762234707,3.8641585721525255e-06,2.4009367135563527e-06,{Late-Cycle}
2017-07-20,1.585971286216929e-20,0.9999968987204273,3.101279570732735e-06,2.0120042168651965e-15,1.094740099855701e-24,Late-Cycle,0.9999968987204273,4.243695938257214e-05,2.636756538087937e-05,{Late-Cycle}
2017-07-21,1.926029975652357e-18,0.9998611656835146,0.00013883431648001147,5.411801232728987e-15,3.1342381824102684e-23,Late-Cycle,0.9998611656835146,0.001371982910883995,0.0008524609121510129,{Late-Cycle}
2017-07-24,1.0772696034893261e-19,0.9995246224349909,0.0004753775650074351,1.7037956800681359e-15,1.2782537635694068e-21,Late-Cycle,0.9995246224349909,0.004112569022670092,0.0025552828045726085,{Late-Cycle}
2017-07-25,1.2848012017652491e-15,0.9997853899456255,0.0002146100543637707,9.416923235403154e-15,6.114063438872604e-23,Late-Cycle,0.9997853899456255,0.0020273311668081175,0.0012596516778593833,{Late-Cycle}
2017-07-26,7.753363774484409e-14,0.9999957083003567,4.291699554288984e-06,1.1521717622055154e-14,7.076102604069308e-26,Late-Cycle,0.9999957083003567,5.7332066379084635e-05,3.5622415711815874e-05,{Late-Cycle}
2017-07-27,3.4326194310264587e-12,0.9999985130100759,1.4869864763653803e-06,1.5124564527486623e-14,1.0231537163675208e-27,Late-Cycle,0.9999985130100759,2.144059011231183e-05,1.3321787654352733e-05,{Late-Cycle}
2017-07-28,7.5083634748528e-13,0.9999984503112856,1.5496879595051641e-06,4.005715020830281e-15,4.703525762654077e-28,Late-Cycle,0.9999984503112856,2.228058993562872e-05,1.3843708889603417e-05,{Late-Cycle}
2017-07-31,1.789988557774896e-10,0.9999990241779142,9.75643083570833e-07,3.3492420156628538e-15,1.1206809373831258e-28,Late-Cycle,0.9999990241779142,1.4482901261733786e-05,8.998732507692682e-06,{Late-Cycle}
2017-08-01,5.677057454925872e-10,0.9999995947884442,4.046438478955858e-07,2.117920980457939e-15,7.515538630802876e-29,Late-Cycle,0.9999995947884442,6.37375671744746e-06,3.960237712934104e-06,{Late-Cycle}
2017-08-02,1.4384369485564796e-07,0.9999981272256637,1.728930639986483e-06,1.4822355448797725e-15,1.373987749704797e-28,Late-Cycle,0.9999981272256637,2.7078425306164646e-05,1.682477161558315e-05,{Late-Cycle}
2017-08-03,2.9654594404142775e-10,0.9982292461758335,0.001770753527617837,2.728807360517183e-15,8.499929992882262e-25,Late-Cycle,0.9982292461758335,0.0129893059102238,0.008070709537703684,{Late-Cycle}
2017-08-04,7.098278412313851e-16,0.7244573667649952,0.2755426332350007,3.4295819985685263e-15,7.266203599035822e-20,Late-Cycle,0.7244573667649952,0.5886940681790892,0.36577619032768605,"{Late-Cycle, Transitional}"
2017-08-07,3.677602493917075e-17,0.05307620973201731,0.9469237902679821,5.621061402010645e-16,1.2187247298405061e-17,Transitional,0.9469237902679821,0.20747522168718657,0.12891160328974902,{Transitional}
2017-08-08,4.728338109335923e-18,0.004330523340652105,0.9956694766593478,3.9994055706050017e-17,3.330357256585889e-17,Transitional,0.9956694766593478,0.027888130704577775,0.017327869866318735,{Transitional}
2017-08-09,4.132208827131346e-26,0.00013656407031991443,0.999863435929633,2.831958156786722e-17,4.70246843777489e-14,Transitional,0.999863435929633,0.0013517997139697747,0.000839920386817112,{Transitional}
2017-08-10,1.163887559231437e-17,1.2609195069292007e-05,0.9999873908049297,2.4881253467215154e-17,9.433482487983068e-16,Transitional,0.9999873908049297,0.00015485450541114656,9.621651398589581e-05,{Transitional}
2017-08-11,1.8807691139714383e-17,5.49155759894364e-06,0.9999945084424009,5.074699278388358e-19,9.707545215161512e-17,Transitional,0.9999945084424009,7.200692608964016e-05,4.474041870974537e-05,{Transitional}
2017-08-14,1.833831527370472e-23,8.085431843487028e-08,0.9999999191456266,6.094820148084033e-20,5.494490252449314e-14,Transitional,0.9999999191456266,1.4012547795976906e-06,8.706485467826744e-07,{Transitional}
2017-08-15,1.0556094664811362e-19,1.4332467067552343e-07,0.9999998566753279,2.2290471778218952e-19,1.4287914013972035e-15,Transitional,0.9999998566753279,2.4018548415600283e-06,1.4923563208023872e-06,{Transitional}
2017-08-16,2.0410898906753712e-25,1.5597187734417267e-08,0.9999999844026596,1.042702644092393e-20,1.5265671284780998e-13,Transitional,0.9999999844026596,2.959773162592736e-07,1.839010464290853e-07,{Transitional}
2017-08-17,2.0903772933106443e-24,4.596525441239866e-08,0.9999999540346963,6.638627655297091e-21,4.926767010936957e-14,Transitional,0.9999999540346963,8.225651046673067e-07,5.110884354794813e-07,{Transitional}
2017-08-18,1.081823050485556e-24,1.0004025096974489e-08,0.9999999899959536,0.0,2.1208447408287552e-14,Transitional,0.9999999899959536,1.9427955851602232e-07,1.2071267677682301e-07,{Transitional}
2017-08-21,2.2809789219502603e-22,5.1803353321861225e-08,0.9999999481966406,0.0,6.00298828542894e-15,Transitional,0.9999999481966406,9.208447860048453e-07,5.721530348518803e-07,{Transitional}
2017-08-22,1.4622490591467416e-29,3.0709552438844036e-08,0.9999999692872859,0.0,3.1616598485617005e-12,Transitional,0.9999999692872859,5.620286567948215e-07,3.4920803869023695e-07,{Transitional}
2017-08-23,4.720350914415408e-34,4.906135947155511e-10,0.999999999451321,0.0,5.806539737502121e-11,Transitional,0.999999999451321,1.2430739214597452e-08,7.723652536429508e-09,{Transitional}
2017-08-24,1.1166448882916832e-37,9.958419409812873e-12,0.9999999997002833,1.809384002946456e-22,2.897582301329953e-10,Transitional,0.9999999997002833,6.912700987527297e-09,4.2951026157154376e-09,{Transitional}
2017-08-25,2.396767990318005e-44,6.79053009015333e-13,0.999996126843204,1.252594720930736e-245,3.873156116936445e-06,Transitional,0.999996126843204,5.213827155722771e-05,3.239532954606135e-05,{Transitional}
2017-08-28,8.3262389689072e-56,4.673081656142148e-14,0.9387830920194953,0.0,0.061216907980457994,Transitional,0.9387830920194953,0.2303028417982258,0.14309520113759328,{Transitional}
2017-08-29,4.704355223152285e-61,1.9804798826040832e-16,0.9191149322089931,3.625277396344921e-20,0.08088506779100671,Transitional,0.9191149322089931,0.2809257106440999,0.17454895803916426,{Transitional}
2017-08-30,1.237423510587413e-57,1.5989657747405493e-16,0.9374631333353454,1.715732003053852e-20,0.06253686666465443,Transitional,0.9374631333353454,0.23389148388713488,0.14532494983506344,{Transitional}
2017-08-31,1.802907584228622e-43,1.9240605052924083e-13,0.9998683136289681,2.5254034995975653e-18,0.00013168637083950805,Transitional,0.9998683136289681,0.001308306941520351,0.0008128968078934333,{Transitional}
2017-09-01,7.320336658938183e-42,3.155310457195374e-13,0.9999999201367434,2.368323502425895e-21,7.986294099400916e-08,Transitional,0.9999999201367434,1.3850662490281494e-06,8.605900472006322e-07,{Transitional}
2017-09-04,2.7101776692346625e-40,1.380300316368319e-13,0.9999999860143679,8.575687939134939e-22,1.3985493955932464e-08,Transitional,0.9999999860143679,2.669185154239598e-07,1.658457983136948e-07,{Transitional}
2017-09-05,6.3886675846734186e-43,2.851814027847739e-14,0.999999945602309,5.881616993913107e-302,5.4397662492003276e-08,Transitional,0.999999945602309,9.643031665046579e-07,5.991552448557981e-07,{Transitional}
2017-09-06,9.168919718326767e-39,7.302307298886031e-14,0.9999999917315533,3.6091191213906235e-22,8.268373667005248e-09,Transitional,0.9999999917315533,1.6214973948002992e-07,1.007492977686825e-07,{Transitional}
2017-09-07,7.680548273580515e-42,3.6614637061444546e-14,0.9999996962846827,2.0079375132303715e-23,3.037152807637597e-07,Transitional,0.9999996962846827,4.861622696032957e-06,3.0206960196931607e-06,{Transitional}
2017-09-08,9.531693445901356e-34,1.6484603189632844e-12,0.9999999983558727,1.68271213565765e-21,1.6424787973608781e-09,Transitional,0.9999999983558727,3.490858667210321e-08,2.168992441547979e-08,{Transitional}
2017-09-11,1.1478317580811742e-26,2.991850543483985e-11,0.9999999999588618,8.041280320395451e-21,1.1219649579180332e-11,Transitional,0.9999999999588618,1.0460831554612395e-09,6.499680089424215e-10,{Transitional}
2017-09-12,6.521068412344215e-28,3.665141825106008e-11,0.9999999999554622,0.0,7.886421497745112e-12,Transitional,0.9999999999554622,1.1239508208019894e-09,6.983499096912261e-10,{Transitional}
2017-09-13,6.245202060256313e-32,2.230834385776369e-11,0.9999999999483231,0.0,2.9368590972776587e-11,Transitional,0.9999999999483231,1.308071607828545e-09,8.127505868494353e-10,{Transitional}
2017-09-14,8.995124552557603e-36,1.8381803383873386e-12,0.9999999998959246,0.0,1.0223720634168522e-10,Transitional,0.9999999998959246,2.5027901992827768e-09,1.555070984687802e-09,{Transitional}
2017-09-15,6.329016328729211e-42,5.165223548517085e-13,0.9999999782167964,0.0,2.1782687060731955e-08,Transitional,0.9999999782167964,4.060887005759423e-07,2.523170961977509e-07,{Transitional}
2017-09-18,7.84001083657067e-37,8.157825588354044e-13,0.9999999952272581,0.0,4.771926126865581e-09,Transitional,0.9999999952272581,9.622536227524748e-08,5.978817917226584e-08,{Transitional}
2017-09-19,3.035076537336182e-38,2.415361036248816e-13,0.9999998619936732,5.39328412044214e-197,1.3800608532340387e-07,Transitional,0.9999998619936732,2.3179506542784553e-06,1.4402237180885135e-06,{Transitional}
2017-09-20,3.238006953254273e-35,3.395040813359457e-13,0.9999999238873943,0.0,7.611226620880253e-08,Transitional,0.9999999238873943,1.3236803325373903e-06,8.224488327949646e-07,{Transitional}
2017-09-21,9.826921912042051e-29,1.534399657211967e-12,0.9999999964114705,2.2097555386046225e-19,3.58699504628878e-09,Transitional,0.9999999964114705,7.33800297156994e-08,4.559357596138646e-08,{Transitional}
2017-09-22,1.670401553426551e-31,5.66517546890138e-13,0.9999999459144829,3.2586200026594162e-245,5.408495055555533e-08,Transitional,0.9999999459144829,9.590867006824397e-07,5.959140724055178e-07,{Transitional}
2017-09-25,1.3170208546274004e-38,9.882849909099197e-14,0.9998432450534537,0.0,0.00015675494644749318,Transitional,0.9998432450534537,0.0015300455999917712,0.0009506707827441091,{Transitional}
2017-09-26,1.2529100466984781e-36,5.469635365668195e-15,0.9999345612320018,5.960961195140211e-20,6.543876799275993e-05,Transitional,0.9999345612320018,0.0006958996094495121,0.000432386738297372,{Transitional}
2017-09-27,3.216208735369111e-33,1.0546890366364039e-14,0.9988173482131198,4.438296554922414e-18,0.0011826517868696455,Transitional,0.9988173482131198,0.009153020589933246,0.005687091449268953,{Transitional}
2017-09-28,1.3079734647298833e-40,1.5053392998919444e-15,0.8466044933088526,9.328934813780484e-18,0.15339550669114588,Transitional,0.8466044933088526,0.4285540014039986,0.26627557241761324,"{Transitional, Post-Shock}"
2017-09-29,4.079534685100451e-45,4.332565084544277e-17,0.1838853848382593,1.5536710972597047e-17,0.8161146151617406,Post-Shock,0.8161146151617406,0.4772342253452041,0.29652229617446946,"{Post-Shock, Transitional}"
2017-10-02,1.4756249520937746e-49,4.960974553665793e-20,0.00794647314918529,2.1535786372674334e-20,0.9920535268508147,Post-Shock,0.9920535268508147,0.0463362288128146,0.028790317697149362,{Post-Shock}
2017-10-03,4.920876521855387e-50,1.1898553261229887e-21,0.0003770800436979518,1.080866607222126e-301,0.999622919956302,Post-Shock,0.999622919956302,0.003349550936282628,0.0020811930117992533,{Post-Shock}
2017-10-04,7.66607187783993e-59,4.142762592686988e-24,3.247173123887537e-07,6.317567552952328e-22,0.9999996752826876,Post-Shock,0.9999996752826876,5.1760928422671825e-06,3.216087307424555e-06,{Post-Shock}
2017-10-05,1.1642117337740397e-68,1.5935143273678717e-28,1.046220235356988e-08,4.4732131158955765e-24,0.9999999895377976,Post-Shock,0.9999999895377976,2.027083688493592e-07,1.2594979109370225e-07,{Post-Shock}
2017-10-06,1.8642997110021808e-66,1.561587064291279e-28,3.162780549804076e-08,9.963022132109895e-25,0.9999999683721945,Post-Shock,0.9999999683721945,5.778136267065591e-07,3.590157919373719e-07,{Post-Shock}
2017-10-09,2.488720181199927e-59,3.873021574193159e-27,1.0259492379640465e-07,2.6258250428305407e-23,0.9999998974050762,Post-Shock,0.9999998974050762,1.7535994091524214e-06,1.0895725741294937e-06,{Post-Shock}
2017-10-10,1.613745957611878e-58,1.8603117230716723e-26,4.65992862283128e-07,0.0,0.9999995340071377,Post-Shock,0.9999995340071377,7.2597452045758725e-06,4.5107333116046054e-06,{Post-Shock}
2017-10-11,8.27766726803943e-70,2.8169022867085838e-30,7.048885048748305e-10,0.0,0.9999999992951115,Post-Shock,0.9999999992951115,1.555699161643544e-08,9.666102367942344e-09,{Post-Shock}
2017-10-12,3.63537986935561e-80,2.3630457341792666e-34,2.8764506219036132e-12,0.0,0.9999999999971235,Post-Shock,0.9999999999971235,7.745840650538301e-11,4.812761393711397e-11,{Post-Shock}
2017-10-13,2.3334234952654365e-74,3.9084039164258184e-33,7.897506606970204e-11,2.509249509415525e-53,0.999999999921025,Post-Shock,0.999999999921025,1.914090564374278e-09,1.1892913355566623e-09,{Post-Shock}
2017-10-16,3.9969954262391005e-85,1.7357615773393076e-36,4.3314682371843123e-13,4.63133306203578e-28,0.9999999999995669,Post-Shock,0.9999999999995669,1.1245531481338421e-11,6.9872415670454626e-12,{Post-Shock}
2017-10-17,1.3606621383131914e-91,1.3462218297577701e-37,1.1863326539906472e-13,0.0,0.9999999999998813,Post-Shock,0.9999999999998813,2.383363528772423e-12,1.480867022181579e-12,{Post-Shock}
2017-10-18,5.517920985777014e-73,1.7957471039676002e-31,2.4433921920307827e-10,9.402751625653965e-25,0.9999999997556608,Post-Shock,0.9999999997556608,5.650170156749474e-09,3.5106481045946064e-09,{Post-Shock}
2017-10-19,4.277312756269869e-65,6.034644169749623e-30,2.195858496624376e-09,9.742396420545092e-25,0.9999999978041415,Post-Shock,0.9999999978041415,4.597201491699507e-08,2.8564018880024632e-08,{Post-Shock}
2017-10-20,4.555381143460374e-80,1.7653791866314073e-34,1.774296933102476e-13,1.0628421057593764e-24,0.9999999999998226,Post-Shock,0.9999999999998226,4.050908068680687e-12,2.5169706997607185e-12,{Post-Shock}
2017-10-23,1.6090155949619714e-66,2.2839485637014708e-32,1.1727959954967775e-11,1.7666608225676752e-24,0.999999999988272,Post-Shock,0.999999999988272,3.0494988526731926e-10,1.8947601700653095e-10,{Post-Shock}
2017-10-24,1.795581562925271e-78,8.564463989844e-36,3.590721891986674e-14,8.881249673329753e-26,0.9999999999999641,Post-Shock,0.9999999999999641,2.6768729719022952e-14,1.6632346928213062e-14,{Post-Shock}
2017-10-25,6.90448269914152e-76,2.1324768469673915e-35,1.9464033681784076e-13,6.632656047070029e-27,0.9999999999998054,Post-Shock,0.9999999999998054,4.5381396314133664e-12,2.819704690906605e-12,{Post-Shock}
2017-10-26,5.7910406222613855e-74,6.422184787249819e-35,4.566322519129368e-13,6.745506768875353e-26,0.9999999999995434,Post-Shock,0.9999999999995434,1.1902120484417198e-11,7.395203252305976e-12,{Post-Shock}
2017-10-27,5.828154752711529e-82,3.832510990037164e-37,1.1340568861241463e-14,5.140202934180853e-28,0.9999999999999887,Post-Shock,0.9999999999999887,-6.755410127812652e-13,-4.197372309687813e-13,{Post-Shock}
2017-10-30,2.0990890146208371e-113,7.186388562901954e-40,6.36763907082007e-24,1.28042072886244e-22,1.0,Post-Shock,1.0,-1.0000888968679634e-12,-6.213901692892504e-13,{Post-Shock}
2017-10-31,5.037930367655192e-113,9.159194965198027e-46,2.6605507080839858e-20,2.1308931294089386e-29,1.0,Post-Shock,1.0,-1.0000881654445132e-12,-6.213897148303088e-13,{Post-Shock}
2017-11-01,1.8604014075761204e-131,3.8212302714621884e-52,7.795018634416655e-25,1.6525784802210134e-29,1.0,Post-Shock,1.0,-1.0000889005603022e-12,-6.213901715834295e-13,{Post-Shock}
2017-11-02,5.0022544127550467e-129,8.2921004481815795e-53,2.2602362722239924e-24,2.3441578641720637e-31,1.0,Post-Shock,1.0,-1.0000889005193882e-12,-6.213901715580082e-13,{Post-Shock}
2017-11-03,1.154695091038459e-121,2.643555439553714e-50,1.251760990626666e-22,5.184218013408825e-32,1.0,Post-Shock,1.0,-1.0000888971230975e-12,-6.213901694477742e-13,{Post-Shock}
2017-11-06,1.7276435505068602e-106,2.2730339096719975e-45,4.414806522291311e-19,3.4023976136119743e-31,1.0,Post-Shock,1.0,-1.000076702020812e-12,-6.213825922046936e-13,{Post-Shock}
2017-11-07,3.962429418160108e-99,4.16480084879423e-44,2.0247215737149994e-18,1.6666019824949185e-30,1.0,Post-Shock,1.0,-1.0000329554613833e-12,-6.213554109390538e-13,{Post-Shock}
2017-11-08,1.1026947846225047e-101,6.466797204780352e-45,5.647030080288656e-19,3.995322353329401e-32,1.0,Post-Shock,1.0,-1.0000732972614208e-12,-6.213804767087401e-13,{Post-Shock}
2017-11-09,6.356698488065005e-101,1.5807247608988517e-44,2.1204712161869192e-18,4.947953864404741e-32,1.0,Post-Shock,1.0,-1.0000303098013872e-12,-6.213537670980733e-13,{Post-Shock}
2017-11-10,5.846264371071298e-101,5.0779830570187576e-45,9.563526399662452e-19,6.847838329639547e-32,1.0,Post-Shock,1.0,-1.0000624755827664e-12,-6.213737528217416e-13,{Post-Shock}
2017-11-13,1.704978138561823e-110,2.7035394835620084e-46,4.9479662356932303e-20,2.1629323272332697e-32,1.0,Post-Shock,1.0,-1.0000875334082481e-12,-6.213893221240974e-13,{Post-Shock}
2017-11-14,1.9192884879988168e-137,1.5108594290428895e-49,2.3582142296693724e-27,9.762242690162442e-28,1.0,Post-Shock,1.0,-1.0000889005817489e-12,-6.213901715967551e-13,{Post-Shock}
2017-11-15,1.6519480210934843e-124,6.236883355201361e-51,6.307039928628591e-22,4.432926602136245e-34,1.0,Post-Shock,1.0,-1.0000888831548457e-12,-6.213901607688114e-13,{Post-Shock}
2017-11-16,2.457393879269932e-121,1.117340244865908e-50,1.0540290394944666e-21,1.7728678649269215e-34,1.0,Post-Shock,1.0,-1.0000888714579423e-12,-6.213901535011167e-13,{Post-Shock}
2017-11-17,1.8732356445830476e-129,4.848861686273697e-52,2.1876270529267626e-23,7.006054803633138e-34,1.0,Post-Shock,1.0,-1.0000888999773773e-12,-6.21390171221238e-13,{Post-Shock}
2017-11-20,2.54926932920557e-118,1.688835290627397e-49,3.0593678595175263e-21,1.1151730669289839e-33,1.0,Post-Shock,1.0,-1.000088816048383e-12,-6.213901190732217e-13,{Post-Shock}
2017-11-21,1.4476868533506846e-115,7.274207622340849e-48,1.8316831637608022e-19,1.6434833254181146e-34,1.0,Post-Shock,1.0,-1.000083839454257e-12,-6.213870269414361e-13,{Post-Shock}
2017-11-22,3.727199228880733e-113,4.501135010113445e-47,2.4882597226686663e-19,2.0907124416749488e-34,1.0,Post-Shock,1.0,-1.000082025266209e-12,-6.21385899723024e-13,{Post-Shock}
2017-11-23,8.71002037543336e-107,1.1784178196726415e-44,1.3756414070990144e-17,9.62933646293112e-34,1.0,Post-Shock,1.0,-9.997087970034036e-13,-6.211539999647781e-13,{Post-Shock}
2017-11-24,2.353934360678427e-113,2.9701158240894967e-45,5.673866298135208e-18,8.122474330287238e-35,1.0,Post-Shock,1.0,-9.999321258945409e-13,-6.212927620067381e-13,{Post-Shock}
2017-11-27,5.895661483369888e-106,2.5169767377834615e-43,2.0487832265206095e-16,7.006038147602619e-35,0.9999999999999998,Post-Shock,0.9999999999999998,-9.942059006883487e-13,-6.177348582429751e-13,{Post-Shock}
2017-11-28,7.917788695074607e-107,1.8347166755599657e-44,4.961316001442422e-17,1.9649671516047365e-35,1.0,Post-Shock,1.0,-9.98718040771259e-13,-6.20538408506114e-13,{Post-Shock}
2017-11-29,6.5820374770526455e-112,3.8305383986658225e-46,3.3818221478816464e-18,3.578963186744341e-35,1.0,Post-Shock,1.0,-9.999954573940992e-13,-6.213321120798718e-13,{Post-Shock}
2017-11-30,5.254080317281337e-109,6.003207081242032e-46,9.554891099103446e-18,2.434604127431865e-34,1.0,Post-Shock,1.0,-9.998248892754168e-13,-6.212261321490123e-13,{Post-Shock}
2017-12-01,1.7843819217929129e-118,1.3489589770092453e-47,2.360511720422926e-19,4.817945550439194e-37,1.0,Post-Shock,1.0,-1.0000823782469776e-12,-6.213861190423068e-13,{Post-Shock}
2017-12-04,3.9980818949974432e-115,2.089532598910485e-45,5.8311384962341585e-18,1.3105260422417108e-35,1.0,Post-Shock,1.0,-9.999277803049236e-13,-6.212900619400977e-13,{Post-Shock}
2017-12-05,1.9999621023995598e-124,2.813922846630839e-47,1.4624049459201935e-19,2.1464728121002465e-35,1.0,Post-Shock,1.0,-1.0000848598076684e-12,-6.213876609226562e-13,{Post-Shock}
2017-12-06,2.674614914584977e-115,2.1919277054388302e-46,4.629673256920257e-18,1.546570668064045e-33,1.0,Post-Shock,1.0,-9.99960978003753e-13,-6.213106888301273e-13,{Post-Shock}
2017-12-07,1.442243081764242e-113,5.48069587377221e-47,1.6205325042997257e-18,2.16396312879571e-34,1.0,Post-Shock,1.0,-1.0000441236166218e-12,-6.213623501040581e-13,{Post-Shock}
2017-12-08,4.1678357658388925e-96,1.7278538531190997e-42,3.309855644462618e-16,7.484059354141918e-32,0.9999999999999997,Post-Shock,0.9999999999999997,-9.904994517850266e-13,-6.15431912056181e-13,{Post-Shock}
2017-12-11,2.890053256757226e-90,1.025809766624204e-40,3.584763637464973e-15,1.221431985755309e-32,0.9999999999999964,Post-Shock,0.9999999999999964,-8.974983346928101e-13,-5.576470690537178e-13,{Post-Shock}
2017-12-12,7.617867569396675e-94,3.9314048265619426e-41,7.4467614270644e-15,9.075517404780827e-33,0.9999999999999926,Post-Shock,0.9999999999999926,-7.868330105757036e-13,-4.888868371353972e-13,{Post-Shock}
2017-12-13,7.802602097201277e-98,1.0542587158627757e-41,2.410445529056062e-15,2.5226195242789563e-33,0.9999999999999976,Post-Shock,0.9999999999999976,-9.310491418717605e-13,-5.784933576366731e-13,{Post-Shock}
2017-12-14,1.6759419987669389e-96,8.742738266771864e-42,2.708497844878596e-15,7.134266843783832e-33,0.9999999999999973,Post-Shock,0.9999999999999973,-9.225931302222146e-13,-5.732393421917671e-13,{Post-Shock}
2017-12-15,1.8190540101553646e-80,2.875760306859691e-38,1.24533199959724e-13,1.9872459919734504e-29,0.9999999999998754,Post-Shock,0.9999999999998754,2.550841385874737e-12,1.5849268655644293e-12,{Post-Shock}
2017-12-18,5.141619040782372e-81,1.0086432222684248e-38,4.31470212287087e-14,6.003169655948633e-32,0.9999999999999568,Post-Shock,0.9999999999999568,2.3358343012960553e-13,1.4513354527378812e-13,{Post-Shock}
2017-12-19,2.082725330194565e-67,5.771717736766057e-35,1.0235640597055661e-11,1.9472105027695373e-28,0.9999999999897644,Post-Shock,0.9999999999897644,2.672958684980436e-10,1.6608026096128652e-10,{Post-Shock}
2017-12-20,1.5970987319234024e-62,1.8538303539468547e-33,1.272059465692217e-10,3.9735349138161065e-28,0.9999999998727941,Post-Shock,0.9999999998727941,3.0236245233097463e-09,1.8786835453234987e-09,{Post-Shock}
2017-12-21,4.996014691362487e-56,6.790670311994806e-32,5.421705356331669e-10,1.1378793373291285e-26,0.9999999994578295,Post-Shock,0.9999999994578295,1.210761868985572e-08,7.522886466334236e-09,{Post-Shock}
2017-12-22,3.42585690497432e-58,2.901864292965353e-31,2.0163220448198837e-09,5.122592360447115e-26,0.999999997983678,Post-Shock,0.999999997983678,4.2385103606806815e-08,2.6335345575837682e-08,{Post-Shock}
2017-12-25,4.601705059605948e-51,3.950977766096703e-30,2.0935097688698766e-08,1.8293145776893142e-25,0.9999999790649023,Post-Shock,0.9999999790649023,3.911041194732001e-07,2.430066524788754e-07,{Post-Shock}
2017-12-26,3.257171237028807e-61,3.6882077587797207e-32,2.032705933667456e-10,1.0841884495872683e-28,0.9999999997967294,Post-Shock,0.9999999997967294,4.737557848285994e-09,2.9436101956371533e-09,{Post-Shock}
2017-12-27,2.3247455924623692e-61,3.109653159359773e-32,1.0938904043095127e-09,2.3137409758305258e-29,0.9999999989061096,Post-Shock,0.9999999989061096,2.366270625218658e-08,1.4702466040705667e-08,{Post-Shock}
2017-12-28,6.167949911814747e-61,1.0147928856850551e-31,3.1242394126023106e-09,3.0382665262079734e-31,0.9999999968757606,Post-Shock,0.9999999968757606,6.430757848481789e-08,3.9956545069551426e-08,{Post-Shock}
2017-12-29,2.1711434280599953e-54,3.0665241399120326e-28,5.923776789091911e-07,2.0347680175769363e-29,0.9999994076223211,Post-Shock,0.9999994076223211,9.086550976353643e-06,5.645791556265268e-06,{Post-Shock}
2018-01-01,5.4318764128414634e-42,1.1629640665074262e-24,0.00016759882382050924,8.615384423930878e-28,0.9998324011761794,Post-Shock,0.9998324011761794,0.0016246784569037566,0.0010094694827007067,{Post-Shock}
2018-01-02,3.7599035031476694e-42,1.640929141969958e-23,0.0038450704245958987,5.365404861867826e-28,0.9961549295754041,Post-Shock,0.9961549295754041,0.02521996439539768,0.01567004492721016,{Post-Shock}
2018-01-03,7.383413413355986e-36,1.0755042403847144e-21,0.11093522191064872,1.157575325300327e-25,0.8890647780893512,Post-Shock,0.8890647780893512,0.34846618783986966,0.21651421601772283,"{Post-Shock, Transitional}"
2018-01-04,1.076799499694088e-24,1.2118504090816972e-18,0.8190236934120807,5.621739918586227e-19,0.18097630658791933,Transitional,0.8190236934120807,0.472870682483697,0.2938110745561669,"{Transitional, Post-Shock}"
2018-01-05,5.894612382559881e-24,6.35525364277088e-18,0.9957867673988904,3.7269822150185266e-22,0.0042132326011095666,Transitional,0.9957867673988904,0.0272487258531301,0.016930585294787394,{Transitional}
2018-01-08,6.1339466800576284e-21,7.291894551121228e-17,0.9999988230323957,1.8760877546534082e-22,1.1769676041447689e-06,Transitional,0.9999988230323957,1.724559663916157e-05,1.0715291659234917e-05,{Transitional}
2018-01-09,2.7921929477074434e-30,4.989098044121973e-17,0.9999983088493996,1.8786349210674985e-22,1.6911506004374194e-06,Transitional,0.9999983088493996,2.4166710188498178e-05,1.501562129349162e-05,{Transitional}
2018-01-10,1.8986329824456576e-28,2.1639748996055763e-17,0.9999987963944345,3.799091087903269e-23,1.2036055655684141e-06,Transitional,0.9999987963944345,1.760897402322793e-05,1.094107072238423e-05,{Transitional}
2018-01-11,2.2681443750110948e-23,8.448808141130977e-17,0.9999997769006482,3.5713574707578776e-22,2.2309935171226189e-07,Transitional,0.9999997769006482,3.640008612175929e-06,2.2616645128427545e-06,{Transitional}
2018-01-12,1.7146982647190522e-24,3.184512482424668e-16,0.9999999810296216,1.4828317285533e-23,1.8970378031370426e-08,Transitional,0.9999999810296216,3.5626905235875985e-07,2.2136240833294498e-07,{Transitional}
2018-01-15,1.492147599526773e-23,3.36940651649498e-16,0.9999999949923738,2.6502808630128825e-24,5.007625855402158e-09,Transitional,0.9999999949923738,1.0071290286459093e-07,6.257644491067915e-08,{Transitional}
2018-01-16,1.7222087864899465e-18,1.8954226445099804e-15,0.9999999998510456,1.6989178452382758e-23,1.4895248241518828e-10,Transitional,0.9999999998510456,3.517416657512609e-09,2.1854938487144853e-09,{Transitional}
2018-01-17,4.492129525470117e-19,7.634872266386263e-15,0.9999999998685939,1.6163276042659576e-23,1.3139842860737582e-10,Transitional,0.9999999998685939,3.1193012841517896e-09,1.9381308592601654e-09,{Transitional}
2018-01-18,1.407981070144221e-15,2.2443515550691143e-14,0.9999999999792841,1.915666959552413e-23,2.0692075151975956e-11,Transitional,0.9999999999792841,5.28449183695844e-10,3.2834393896973755e-10,{Transitional}
2018-01-19,6.728083101802137e-24,2.0051008515710233e-12,0.9999999744564241,1.1907243752877816e-21,2.5541570825395888e-08,Transitional,0.9999999744564241,4.721369947350518e-07,2.933552087268752e-07,{Transitional}
2018-01-22,7.167292078527357e-12,1.284000280418195e-12,0.9999999999844301,3.5476799559633196e-18,7.1185355252450255e-12,Transitional,0.9999999999844301,4.137601717581213e-10,2.5708364924270605e-10,{Transitional}
2018-01-23,7.055266903401405e-14,2.726105526969038e-13,0.999999999994789,8.040176249316661e-23,4.867928560690716e-12,Transitional,0.999999999994789,1.3951452696723414e-10,8.668524948330163e-11,{Transitional}
2018-01-24,6.546160809407424e-14,4.862794933244689e-14,0.9999999999960161,3.623562164756627e-24,3.869801885046913e-12,Transitional,0.9999999999960161,1.0693037274133287e-10,6.643957614967096e-11,{Transitional}
2018-01-25,1.714559697665976e-15,8.311575598584415e-14,0.9999999999927204,1.8862913052505688e-23,7.194823064878999e-12,Transitional,0.9999999999927204,1.9228293151760478e-10,1.194721026714213e-10,{Transitional}
2018-01-26,2.68555226091028e-25,2.151345332777669e-11,0.9999999584520846,4.629626722860202e-19,4.1526401963935335e-08,Transitional,0.9999999584520846,7.478949719187355e-07,4.6469327343459024e-07,{Transitional}
2018-01-29,1.079923750565675e-22,7.717271410398639e-14,0.9999999998821929,5.406934135540449e-24,1.1772995269857395e-10,Transitional,0.9999999998821929,2.8095540384037353e-09,1.745674074593278e-09,{Transitional}
2018-01-30,1.0970017034050576e-13,1.8549676636913026e-11,0.9999999999777797,2.4566609864221162e-19,3.5609879536820743e-12,Transitional,0.9999999999777797,5.746289524239327e-10,3.5703704255038253e-10,{Transitional}
2018-01-31,1.1266788491553786e-18,3.0174662361191594e-10,0.9999999996104616,1.3274428042164415e-19,8.779173897967954e-11,Transitional,0.9999999996104616,9.034174514036358e-09,5.613248230478893e-09,{Transitional}
2018-02-01,1.0565167276263313e-12,9.51502985733524e-11,0.9999999999035305,1.423432856589192e-19,2.6272067156208566e-13,Transitional,0.9999999999035305,2.3257503181430845e-09,1.4450699217254298e-09,{Transitional}
2018-02-02,1.6233995765911618e-12,3.2285422920927304e-11,0.9999999999653245,2.414372257597479e-21,7.666238365651008e-13,Transitional,0.9999999999653245,8.766272449605569e-10,5.446791318807404e-10,{Transitional}
2018-02-05,9.859351729794843e-06,7.89143213036886e-09,0.9999901327567785,4.5994971320149223e-14,1.3619565327884627e-14,Transitional,0.9999901327567785,0.00012366406358845495,7.683680285710833e-05,{Transitional}
2018-02-06,8.610903624178295e-07,7.763959866663445e-09,0.9999991311456708,6.022917095101768e-18,6.8949062737745824e-15,Transitional,0.9999991311456708,1.3039017645978947e-05,8.101597175785953e-06,{Transitional}
2018-02-07,4.567195468671479e-09,9.083030692845406e-09,0.9999999863482393,4.362060430727452e-18,1.5344127972509617e-12,Transitional,0.9999999863482393,2.695890159080478e-07,1.6750507355721704e-07,{Transitional}
2018-02-08,0.0009132718014958056,1.6467042804815788e-06,0.9990850814942176,4.045265399913192e-18,6.156942657519321e-15,Transitional,0.9990850814942176,0.007327940277218579,0.0045531052926023495,{Transitional}
2018-02-09,0.8756157077581788,6.377979285530515e-07,0.12438365444389253,1.7983112951079104e-16,5.57420750522074e-18,Risk-On,0.8756157077581788,0.37557872054910607,0.23336017975436157,"{Risk-On, Transitional}"
2018-02-12,0.9957901014718035,1.9917175116574177e-07,0.004209699356445362,9.637390428002545e-18,2.2148161518425468e-20,Risk-On,0.9957901014718035,0.027232685483484457,0.016920618852763306,{Risk-On}
2018-02-13,0.9999632159971658,5.849110046380346e-08,3.672551173383311e-05,4.0990177884005014e-19,3.377126284182773e-23,Risk-On,0.9999632159971658,0.0004127998114788832,0.000256486943851452,{Risk-On}
2018-02-14,0.999999992046783,3.4978245783203407e-09,4.455392378776474e-09,9.230493897102359e-20,9.56259492677809e-28,Risk-On,0.999999992046783,1.6173020694937106e-07,1.0048862755119994e-07,{Risk-On}
2018-02-15,0.9995354778124584,0.0004641017389750978,4.2044856642598787e-07,3.6928347787739276e-17,8.641646117719771e-25,Risk-On,0.9995354778124584,0.004032756906431572,0.002505692748552484,{Risk-On}
2018-02-16,6.492678592283536e-28,0.9999999085223101,1.8321529194945913e-12,9.147585769637165e-08,6.610564157673879e-18,Late-Cycle,0.9999999085223101,1.57409107749634e-06,9.780377766270572e-07,{Late-Cycle}
2018-02-19,1.1044847932386962e-10,0.013011222279815483,0.9869887776097173,1.8231422749479727e-14,6.030205191924379e-16,Transitional,0.9869887776097173,0.06942019548381022,0.04313319261804868,{Transitional}
2018-02-20,4.0408859085275913e-10,0.0013168393195277985,0.9986831602763822,1.3242541881244743e-15,1.501312354021714e-16,Transitional,0.9986831602763822,0.010049945313920262,0.006244382113952324,{Transitional}
2018-02-21,1.426995737140022e-10,0.00012403419117195598,0.9998759656661285,1.389065596541506e-17,4.192342269602264e-17,Transitional,0.9998759656661285,0.0012397116299282045,0.0007702761444542307,{Transitional}
2018-02-22,8.632464579017977e-07,5.038392688447304e-05,0.9999487528266575,5.846373584046148e-17,7.219371530513283e-18,Transitional,0.9999487528266575,0.0005618901881098567,0.0003491220032589258,{Transitional}
2018-02-23,0.00010370713777995849,2.618273124616435e-05,0.9998701101309732,7.431055479242567e-16,5.7613288870914326e-18,Transitional,0.9998701101309732,0.0013575230115947697,0.0008434764715724034,{Transitional}
2018-02-26,1.707579892209782e-11,0.00014068925872873271,0.9998593107241822,2.293255823198404e-15,1.0942821005677472e-14,Transitional,0.9998593107241822,0.0013884467767404862,0.0008626904871655539,{Transitional}
2018-02-27,3.0912315433024836e-19,6.885681107353117e-06,0.9999931143168345,9.570836130317244e-17,2.0581214751843984e-12,Transitional,0.9999931143168345,8.872937559941935e-05,5.513066078158044e-05,{Transitional}
2018-02-28,3.1113888491040297e-18,1.1031261723327895e-07,0.9999998896873228,1.8300798527364032e-19,5.993940673686803e-14,Transitional,0.9999998896873228,1.8775146635982837e-06,1.1665654506415512e-06,{Transitional}
2018-03-01,1.4899346007990244e-23,1.0904340879719656e-08,0.9999999890885101,7.005498230961423e-20,7.1490248879841694e-12,Transitional,0.9999999890885101,2.1101335622338732e-07,1.3110996988026243e-07,{Transitional}
2018-03-02,8.310221878491773e-31,7.616092171046427e-09,0.9999999824476765,1.9536159776865216e-18,9.936231291985599e-09,Transitional,0.9999999824476765,3.4301266241695993e-07,2.1312575015596004e-07,{Transitional}
2018-03-05,1.0360646820157452e-43,1.1374891138040071e-09,0.9986487179509279,8.85210358987619e-15,0.0013512809115741363,Transitional,0.9986487179509279,0.010277902803171927,0.00638602006561888,{Transitional}
2018-03-06,4.938485579602215e-49,2.669306800442812e-13,0.9978199143670496,1.5902301228315248e-17,0.0021800856326834456,Transitional,0.9978199143670496,0.015538124959116276,0.009654379854651583,{Transitional}
2018-03-07,3.0350721739412383e-43,3.0751539103666574e-13,0.9997816186749553,4.047022697734213e-20,0.000218381324737161,Transitional,0.9997816186749553,0.002059152159188854,0.00127942317207789,{Transitional}
2018-03-08,2.0790236274050443e-44,2.4862277039775705e-13,0.9999910542886223,3.718030146746241e-21,8.945711129023817e-06,Transitional,0.9999910542886223,0.00011293363117916098,7.016961033828333e-05,{Transitional}
2018-03-09,1.1696519397243496e-39,1.4063455891160498e-12,0.9999999619336628,6.057058013445923e-22,3.80649308065247e-08,Transitional,0.9999999619336628,6.884021887909159e-07,4.277283289230973e-07,{Transitional}
2018-03-12,1.5025173247157426e-44,5.41009170776107e-13,0.9999996250583195,8.73099888884219e-21,3.7494113952226744e-07,Transitional,0.9999996250583195,5.922769690241358e-06,3.6800237178977667e-06,{Transitional}
2018-03-13,9.840479353379157e-39,5.510553934868664e-13,0.9999999716727904,1.5630998360359835e-21,2.8326658535870083e-08,Transitional,0.9999999716727904,5.206422927122745e-07,3.2349324487134735e-07,{Transitional}
2018-03-14,9.611686750709252e-32,2.421302358664633e-11,0.9999999984688387,1.8824011348929077e-20,1.5069482435275132e-09,Transitional,0.9999999984688387,3.2730957877182906e-08,2.0336887570692855e-08,{Transitional}
2018-03-15,2.258586384089882e-23,2.4899076518048306e-09,0.9999999974891213,1.4780354582816445e-18,2.097104225392126e-11,Transitional,0.9999999974891213,5.2351146361575135e-08,3.252759609868995e-08,{Transitional}
2018-03-16,1.941610458676458e-24,7.474959825931336e-10,0.9999999991694111,1.4706854573527382e-21,8.309294805542166e-11,Transitional,0.9999999991694111,1.8464370085161594e-08,1.1472558178548334e-08,{Transitional}
2018-03-19,5.434171404314199e-21,1.2845605184183978e-09,0.9999999987130124,5.57906752131751e-22,2.4271499218035812e-12,Transitional,0.9999999987130124,2.7647676841908447e-08,1.7178467481292482e-08,{Transitional}
2018-03-20,1.1829632813759274e-17,5.356556909483482e-09,0.9999999946433614,9.650030433310361e-23,8.161320268391448e-14,Transitional,0.9999999946433614,1.0737221636726601e-07,6.671410903007571e-08,{Transitional}
2018-03-21,6.586511114204234e-18,8.141733289743484e-09,0.9999999918582289,3.9643770961159417e-23,3.7871104293984034e-14,Transitional,0.9999999918582289,1.5979087984046473e-07,9.928365586889795e-08,{Transitional}
2018-03-22,1.7947244900891686e-15,5.948427022148752e-08,0.9999999405157206,2.6190563999919632e-23,7.344650397322533e-15,Transitional,0.9999999405157206,1.0491552836470433e-06,6.518768295077066e-07,{Transitional}
2018-03-23,6.61634695691432e-15,2.0752701154794372e-07,0.9999997924729812,1.2630127179466638e-22,6.188029789676249e-16,Transitional,0.9999997924729812,3.4009517493645934e-06,2.113130132631847e-06,{Transitional}
2018-03-26,4.810294065297602e-16,1.3324194489309288e-07,0.999999866758054,2.7408389220395235e-23,7.067884026072989e-16,Transitional,0.999999866758054,2.2426064207769854e-06,1.3934097136964335e-06,{Transitional}
2018-03-27,1.551337922107448e-11,7.285206448816885e-07,0.9999992714638417,4.2468460186263227e-23,1.3010040852080357e-17,Transitional,0.9999992714638417,1.1024554832609254e-05,6.8499410554681236e-06,{Transitional}
2018-03-28,9.992152062042755e-14,4.8378449931337886e-06,0.9999951621549068,4.515979840785005e-22,1.3968753628874888e-16,Transitional,0.9999951621549068,6.404841826730132e-05,3.9795519772760315e-05,{Transitional}
2018-03-29,2.1781917926975698e-09,3.0183169664736777e-05,0.9999698146521434,6.920364953359488e-22,9.787585966700986e-18,Transitional,0.9999698146521434,0.00034438158663735094,0.00021397631059685374,{Transitional}
2018-03-30,1.914931087927725e-09,0.004542558122366003,0.9954574399627029,5.743833788277316e-19,3.620269419583625e-18,Transitional,0.9954574399627029,0.029036027509665937,0.018041098252589375,{Transitional}
2018-04-02,6.131726916663104e-46,0.9999999934825644,6.176240939109164e-10,5.8970972434755684e-09,2.71419592199792e-12,Late-Cycle,0.9999999934825644,1.3142562635613934e-07,8.165933295144784e-08,{Late-Cycle}
2018-04-03,7.471188395383008e-17,8.052352875334061e-06,0.9999919476471225,2.331297807540555e-22,2.032847597802831e-15,Transitional,0.9999919476471225,0.00010250276379950189,6.368854803754285e-05,{Transitional}
2018-04-04,2.0531523531875498e-07,5.613191890170386e-07,0.9999992333655756,3.024889285811341e-21,8.339370550028602e-17,Transitional,0.9999992333655756,1.2007276498882828e-05,7.460540357672527e-06,{Transitional}
2018-04-05,0.013481857537145932,0.0002314263264706073,0.9862867161363834,2.6855555241002372e-20,1.2288239460419866e-19,Transitional,0.9862867161363834,0.073614562691362,0.04573929949247185,{Transitional}
2018-04-06,0.9989233866464545,7.110715588925987e-06,0.0010695026379565226,8.528536871560761e-20,2.472130863139891e-24,Risk-On,0.9989233866464545,0.008476321997018343,0.00526663497332359,{Risk-On}
2018-04-09,0.9999359578920273,2.0390373070969685e-06,6.20030706656321e-05,1.2055691761164179e-18,4.394363160932816e-25,Risk-On,0.9999359578920273,0.000691463628629963,0.0004296305084451498,{Risk-On}
2018-04-10,0.8397716118075996,0.15824948231261313,0.0019789058797872626,2.9646735742352114e-17,2.9113002974372776e-21,Risk-On,0.8397716118075996,0.4507104636087351,0.28004215641166574,"{Risk-On, Late-Cycle}"
2018-04-11,0.009851789515189233,0.9642635418367583,0.025884668648052406,1.2842891855041016e-17,1.397068483064681e-20,Late-Cycle,0.9642635418367583,0.17519172198875707,0.10885273711727009,{Late-Cycle}
2018-04-12,0.0005066181846279909,0.6850622971150669,0.31443108470030506,2.9424788733590146e-17,1.9419017080478003e-20,Late-Cycle,0.6850622971150669,0.6267595566318519,0.38942760810446303,"{Late-Cycle, Transitional}"
2018-04-13,0.00046040801387413696,0.5529802372901588,0.4465593546959671,3.2436221490499616e-18,4.3748159966039655e-20,Late-Cycle,0.5529802372901588,0.6911497870018279,0.4294355076776704,"{Late-Cycle, Transitional}"
2018-04-16,2.6087374535291538e-08,0.4186857648542492,0.5813142090583764,1.660908071708087e-19,1.1941000580818367e-18,Transitional,0.5813142090583764,0.679864721312258,0.42242370212594055,"{Transitional, Late-Cycle}"
2018-04-17,7.154640750995618e-07,0.12417143284200866,0.8758278516939162,4.646709257858445e-21,2.183537419952121e-18,Transitional,0.8758278516939162,0.3751654443142669,0.23310339679203274,"{Transitional, Late-Cycle}"
2018-04-18,2.165877027056259e-08,0.10885230076000757,0.8911476775812222,9.265493132388138e-22,2.048858835923365e-18,Transitional,0.8911476775812222,0.3441094483846976,0.2138072215934502,"{Transitional, Late-Cycle}"
2018-04-19,1.6388350189909977e-07,0.10947428242238005,0.890525553694118,5.518438490781301e-22,2.7118737695540383e-18,Transitional,0.890525553694118,0.34541748947420253,0.21461995321819904,"{Transitional, Late-Cycle}"
2018-04-20,4.533298559939426e-06,0.15968861116910035,0.8403068555323397,2.3687818524996914e-21,5.665788725396879e-19,Transitional,0.8403068555323397,0.43921268733243535,0.27289818634144997,"{Transitional, Late-Cycle}"
2018-04-23,0.0001912093530549948,0.39794419293623196,0.6018645977107131,1.1700593488642892e-19,1.1695134086261892e-20,Transitional,0.6018645977107131,0.6739006189766481,0.41871799699153756,"{Transitional, Late-Cycle}"
2018-04-24,8.253389633624213e-05,0.9146696176314798,0.08524784847218396,1.860848517469991e-19,1.5791144776743146e-22,Late-Cycle,0.9146696176314798,0.2922541482727651,0.18158771209183358,{Late-Cycle}
2018-04-25,1.755651736881589e-18,0.9824748362705644,0.017525163729435356,1.6762886958791872e-16,3.627257155588834e-17,Late-Cycle,0.9824748362705644,0.0882445144028545,0.05482939958174232,{Late-Cycle}
2018-04-26,5.137787921293278e-12,0.9521425570138579,0.04785744298100429,1.4163149390012794e-20,5.4011980763640244e-20,Late-Cycle,0.9521425570138579,0.19215762518712373,0.11939424547077195,{Late-Cycle}
2018-04-27,1.9364553573991634e-12,0.8251895264861796,0.17481047351188397,7.397926701090908e-21,4.022238197449328e-19,Late-Cycle,0.8251895264861796,0.4634324361536645,0.2879467623903386,"{Late-Cycle, Transitional}"
2018-04-30,4.635909557330678e-11,0.5988935358933103,0.40110646406033057,4.3724254649225514e-21,7.284938936214596e-19,Late-Cycle,0.5988935358933103,0.673457750935855,0.41844282760639284,"{Late-Cycle, Transitional}"
2018-05-01,5.7890247708661755e-11,0.14010187019649153,0.8598981297456182,3.930324121474247e-22,2.0696667181710782e-18,Transitional,0.8598981297456182,0.4051483673329705,0.2517328343037648,"{Transitional, Late-Cycle}"
2018-05-02,5.137997178776475e-22,0.031152059002813183,0.968847940996946,7.188731844566714e-21,2.407455907544289e-13,Transitional,0.968847940996946,0.13872431173805622,0.08619426115559235,{Transitional}
2018-05-03,8.989680321347836e-19,0.00012503423656629148,0.999874965763431,2.242081624111209e-25,2.6083955022640272e-15,Transitional,0.999874965763431,0.0012486994696231403,0.0007758606032429159,{Transitional}
2018-05-04,5.635702537882929e-24,1.9604620232179885e-07,0.9999998039537501,5.904859717839989e-27,4.75860628724081e-14,Transitional,0.9999998039537501,3.2239625682579094e-06,2.0031605713711664e-06,{Transitional}
2018-05-07,1.7490238190571024e-16,7.756232613309757e-06,0.9999922437673864,6.513764335218958e-24,1.8313842299580023e-16,Transitional,0.9999922437673864,9.90238969705454e-05,6.152700654403157e-05,{Transitional}
2018-05-08,6.516793197872657e-18,1.8755287729455227e-05,0.9999812447122705,3.3140167415316334e-25,5.0982136533331383e-17,Transitional,0.9999812447122705,0.00022288831480125386,0.00013848829649113924,{Transitional}
2018-05-09,3.9442557523502376e-24,3.516056917194742e-06,0.9999964839430818,6.254595542775093e-25,1.0131000418994012e-15,Transitional,0.9999964839430818,4.767129063269305e-05,2.961983824563657e-05,{Transitional}
2018-05-10,2.7490211092953263e-19,1.667337661134014e-06,0.9999983326623388,1.9222652127394205e-25,4.891357008434661e-17,Transitional,0.9999983326623388,2.385006540332494e-05,1.4818878826617364e-05,{Transitional}
2018-05-11,1.458710370193348e-14,2.546753468928337e-05,0.9999745324652961,1.7842646498586802e-23,1.5897821043975003e-18,Transitional,0.9999745324652961,0.00029486549199891915,0.00018321023117503617,{Transitional}
2018-05-14,2.73878646722371e-16,2.4763835915528606e-05,0.9999752361640842,6.0331769388686066e-24,3.68935809163161e-18,Transitional,0.9999752361640842,0.000287411896170162,0.00017857905169854158,{Transitional}
2018-05-15,3.531573823720181e-17,4.670011879743792e-06,0.9999953299881202,6.552380864966807e-25,2.0883130502170555e-17,Transitional,0.9999953299881202,6.199135435414773e-05,3.851739410089609e-05,{Transitional}
2018-05-16,4.959979530381088e-15,8.522093504269918e-06,0.9999914779064908,7.136133123851064e-25,2.852655259278972e-19,Transitional,0.9999914779064908,0.00010799916197414598,6.71036522376989e-05,{Transitional}
2018-05-17,3.073290088872634e-17,9.622073086543997e-06,0.9999903779269135,1.262689699034044e-25,1.610339606473146e-18,Transitional,0.9999903779269135,0.0001207709288306164,7.503919716167457e-05,{Transitional}
2018-05-18,6.467436925720738e-17,4.245595318590373e-06,0.9999957544046814,6.763843179929251e-26,1.3007617095169713e-18,Transitional,0.9999957544046814,5.67620211945536e-05,3.5268226724389265e-05,{Transitional}
2018-05-21,8.33663989561377e-18,7.090380129677612e-06,0.9999929096198703,3.8148038089334144e-25,1.3259608130002334e-18,Transitional,0.9999929096198703,9.115937077596661e-05,5.664050167558061e-05,{Transitional}
2018-05-22,4.6511082852650076e-24,1.0136103458486248e-06,0.9999989863896531,4.285801955252421e-24,1.0484767688835216e-15,Transitional,0.9999989863896531,1.5003449747658759e-05,9.32216746712998e-06,{Transitional}
2018-05-23,1.0675907779781764e-18,1.6227578892651406e-06,0.9999983772421107,2.609965996120597e-25,1.932045443497278e-17,Transitional,0.9999983772421107,2.3256362250237096e-05,1.4449990316845693e-05,{Transitional}
2018-05-24,4.210991782706237e-15,4.491661077352894e-06,0.9999955083389185,3.3539189681481577e-26,7.154581371763325e-20,Transitional,0.9999955083389185,5.9798765438360494e-05,3.7155062010389295e-05,{Transitional}
2018-05-25,1.0222343530316393e-19,6.730389452421828e-06,0.9999932696105476,2.344895526801179e-26,2.974639748351938e-18,Transitional,0.9999932696105476,8.688174864174926e-05,5.398266560674592e-05,{Transitional}
2018-05-28,3.9667413344935574e-13,4.301244878248433e-05,0.9999569875508209,3.2301637501338804e-26,1.1372838416328799e-20,Transitional,0.9999569875508209,0.00047545959531555327,0.0002954196565411288,{Transitional}
2018-05-29,2.5522192829136e-23,0.0005990777720583236,0.9994009222279415,3.2534142549298454e-22,1.0424254925600252e-16,Transitional,0.9994009222279415,0.005044126725005296,0.0031340921485915546,{Transitional}
2018-05-30,2.729625897013893e-13,0.0008091945491850418,0.999190805450542,9.7610709559368e-24,1.5733815206065806e-20,Transitional,0.999190805450542,0.006569904347694093,0.004082111087937419,{Transitional}
2018-05-31,2.628984031383554e-11,0.002986758517046409,0.9970132414566637,3.868831530591428e-24,3.5326530944840276e-21,Transitional,0.9970132414566637,0.020346013890318735,0.012641689209090146,{Transitional}
2018-06-01,0.02626834911819148,0.04660384707925301,0.9271278038025556,1.6436830102308826e-21,8.978136234635397e-24,Transitional,0.9271278038025556,0.3086416035147938,0.19176981052223807,{Transitional}
2018-06-04,0.9956490602507782,0.0043394272596778425,1.1512489543692209e-05,3.607487108727598e-16,2.300791113059924e-29,Risk-On,0.9956490602507782,0.0280789218833894,0.017446415090920205,{Risk-On}
2018-06-05,0.9864486029273308,0.013551192013332202,2.0505933696686557e-07,3.988510271271002e-21,2.4595396857139697e-30,Risk-On,0.9864486029273308,0.0717497987350396,0.04458065650170115,{Risk-On}
2018-06-06,0.9956652237557819,0.0043347473068970355,2.893732106083562e-08,2.254510709385846e-19,1.2209312856686973e-31,Risk-On,0.9956652237557819,0.02791162851986856,0.017342469879844728,{Risk-On}
2018-06-07,0.9996495898726632,0.0003504095608513168,5.664855598451661e-10,3.325211970279624e-20,1.0307632997141062e-33,Risk-On,0.9996495898726632,0.0031383621879109793,0.0019499740646500285,{Risk-On}
2018-06-08,0.9722343285529549,0.027765671015002186,4.3204290563552396e-10,1.6311249158735542e-20,2.3064519014976035e-33,Risk-On,0.9722343285529549,0.1268875086045486,0.07883964185523938,{Risk-On}
2018-06-11,0.0030746790256294897,0.9969252586538202,6.23205502544619e-08,1.7793967126744682e-20,4.683468288878773e-28,Late-Cycle,0.9969252586538202,0.020856692641226,0.012958991757366095,{Late-Cycle}
2018-06-12,0.0011611785440223347,0.9988329992066158,5.822249361884617e-06,3.976942453214029e-21,9.384458744944784e-29,Late-Cycle,0.9988329992066158,0.0090841158976765,0.0056442785568147575,{Late-Cycle}
2018-06-13,7.867617432512686e-56,0.9999999991894337,3.584335905401622e-27,8.105662577601174e-10,1.820796251364116e-28,Late-Cycle,0.9999999991894337,1.7776383859063154e-08,1.1045088301777546e-08,{Late-Cycle}
2018-06-14,2.6261896918829264e-08,0.6405184096958528,0.3594815640422503,5.66773575751451e-20,5.729813845670694e-19,Late-Cycle,0.6405184096958528,0.6531197948937062,0.40580614501986806,"{Late-Cycle, Transitional}"
2018-06-15,7.403680487188327e-10,0.4995911861535385,0.5004088131060932,5.951131038713086e-20,3.443667334404628e-16,Transitional,0.5004088131060932,0.6931468620925898,0.4306763601984996,"{Transitional, Late-Cycle}"
2018-06-18,3.6285112997005784e-05,0.4979769328404829,0.5019867820465201,6.039380068817865e-20,2.2529039928102983e-18,Transitional,0.5019867820465201,0.6935212570623129,0.43090898487251195,"{Transitional, Late-Cycle}"
2018-06-19,0.14452663521669387,0.4692010709310019,0.3862722938523043,5.342632322506507e-18,3.6841025953109353e-20,Late-Cycle,0.4692010709310019,1.0020394158506911,0.6226020948737409,"{Late-Cycle, Transitional, Risk-On}"
2018-06-20,0.8238067260076322,0.1607946863224925,0.015398587669875253,4.7245402153153686e-17,1.0890316810622205e-22,Risk-On,0.8238067260076322,0.5178080644154898,0.3217322398180376,"{Risk-On, Late-Cycle}"
2018-06-21,0.8368390820395204,0.1575571315896468,0.005603786370832792,2.0947374732649925e-20,1.0160003329535096e-23,Risk-On,0.8368390820395204,0.4692728757565726,0.2915756315488109,"{Risk-On, Late-Cycle}"
2018-06-22,0.9806770070841269,0.019240980123133106,8.201279274002232e-05,1.305700454207938e-19,3.9707403130334886e-26,Risk-On,0.9806770070841269,0.09592230637376045,0.059599879953547485,{Risk-On}
2018-06-25,0.9999530871313986,4.691259585345764e-05,2.727478910442624e-10,3.87593897144718e-17,2.122659756363357e-32,Risk-On,0.9999530871313986,0.0005145061394863614,0.00031968063850827693,{Risk-On}
2018-06-26,0.9999130457785043,8.695408451436989e-05,1.3698132366585775e-10,2.541803076030313e-19,4.351365720566791e-31,Risk-On,0.9999130457785043,0.0008999855729292393,0.0005591924770605837,{Risk-On}
2018-06-27,0.9973503549217093,0.002649628879881413,1.6198409253360854e-08,1.352730836138755e-19,2.015122287523368e-28,Risk-On,0.9973503549217093,0.018367559843247123,0.011412406593223706,{Risk-On}
2018-06-28,0.9958303474110722,0.0041695524647058745,1.0012422189807487e-07,1.1328496617777513e-19,4.817162440409172e-28,Risk-On,0.9958303474110722,0.02701148589837564,0.016783179823025105,{Risk-On}
2018-06-29,0.9997105309552639,0.0002894689542703877,9.028880274667815e-11,1.7692003852342077e-13,1.3486174350549107e-31,Risk-On,0.9997105309552639,0.002647866686116172,0.001645212074140568,{Risk-On}
2018-07-02,0.0017119104856286253,0.9982880793810616,1.0133309702058034e-08,7.043163634133469e-17,9.430242754129882e-28,Late-Cycle,0.9982880793810616,0.012615759486532142,0.007838612094984251,{Late-Cycle}
2018-07-03,8.430758650131964e-07,0.999997782471816,1.374452318894976e-06,4.3810047347035144e-17,9.175907056716588e-27,Late-Cycle,0.999997782471816,3.256056650968776e-05,2.0231017461520734e-05,{Late-Cycle}
2018-07-04,8.433194265616318e-23,0.9999999999915932,8.404043415069484e-12,2.834779320948467e-15,4.490748426240819e-26,Late-Cycle,0.9999999999915932,2.2086283805894512e-10,1.3722979703200481e-10,{Late-Cycle}
2018-07-05,2.3308451205877315e-09,0.9999925483491569,7.449319998033219e-06,3.649376551323293e-18,6.90657868897885e-25,Late-Cycle,0.9999925483491569,9.545496047131763e-05,5.930950161783648e-05,{Late-Cycle}
2018-07-06,6.919783229190422e-08,0.9999980892940384,1.8415081292277513e-06,2.186639474841674e-17,1.3007036557433244e-25,Late-Cycle,0.9999980892940384,2.7368495101024983e-05,1.7005002112590414e-05,{Late-Cycle}
2018-07-09,3.3148844289029804e-06,0.9999958237279657,8.613876053870794e-07,1.376966618178751e-17,1.2952790214379744e-27,Late-Cycle,0.9999958237279657,5.802948599411769e-05,3.6055746882683026e-05,{Late-Cycle}
2018-07-10,8.474300099936452e-05,0.9999144898604234,7.671385770685118e-07,1.2303922626523339e-16,4.082294092146287e-28,Late-Cycle,0.9999144898604234,0.000890849085927271,0.000553515658507111,{Late-Cycle}
2018-07-11,2.9688997205563822e-05,0.9999668854776367,3.4255251575400264e-06,1.7388384549639146e-16,2.561173499593681e-26,Late-Cycle,0.9999668854776367,0.0003857215557345066,0.00023966227759053131,{Late-Cycle}
2018-07-12,5.617214455707236e-05,0.9999220231987873,2.180465665558879e-05,7.006918769555635e-17,5.899510398205187e-25,Late-Cycle,0.9999220231987873,0.0008617733865484939,0.0005354499107363235,{Late-Cycle}
2018-07-13,0.0002819184595366317,0.9995818522844352,0.00013622925602821954,1.0479560591659628e-17,2.1581912811404555e-24,Late-Cycle,0.9995818522844352,0.003935031464825749,0.0024449725176875206,{Late-Cycle}
2018-07-16,0.0003084709299178288,0.999664510334179,2.7018735903178453e-05,4.990468260568737e-18,1.1288291114776836e-25,Late-Cycle,0.999664510334179,0.0031132858135073114,0.0019343932372009333,{Late-Cycle}
2018-07-17,0.004147628722480731,0.9958482968186101,4.0744589087498e-06,4.4190783298878074e-16,5.7416328440670016e-27,Late-Cycle,0.9958482968186101,0.026944289890617926,0.0167414285959423,{Late-Cycle}
2018-07-18,6.06943882739437e-09,0.9999981045585896,1.8893719714351883e-06,6.497882647407025e-17,3.811024554053119e-25,Late-Cycle,0.9999981045585896,2.6910806321623824e-05,1.6720624084792527e-05,{Late-Cycle}
2018-07-19,0.00038093488598672814,0.9996168709920081,2.1941220050502854e-06,6.771937254334762e-17,2.2917653832046482e-27,Late-Cycle,0.9996168709920081,0.003410699861207309,0.0021191869750657208,{Late-Cycle}
2018-07-20,1.1366831238548555e-05,0.9999848490797777,3.7840889836913316e-06,2.286149951993319e-17,5.998104363866882e-27,Late-Cycle,0.9999848490797777,0.00019180326372065932,0.00011917406831219583,{Late-Cycle}
2018-07-23,1.6419664330069184e-19,0.9999999999933558,6.644170336561616e-12,7.377756573015986e-17,3.191272838542091e-28,Late-Cycle,0.9999999999933558,1.7571765097780192e-10,1.0917951517126127e-10,{Late-Cycle}
2018-07-24,6.142296722414392e-08,0.9999993557743276,5.828027051629993e-07,1.4978595154418242e-18,4.371655927443058e-28,Late-Cycle,0.9999993557743276,1.0030556374175302e-05,6.232335088344708e-06,{Late-Cycle}
2018-07-25,2.6250876002589136e-08,0.9999887223234034,1.125142572059523e-05,1.4584092511523127e-19,9.851639446678908e-26,Late-Cycle,0.9999887223234034,0.00013994600672263593,8.6953342928888e-05,{Late-Cycle}
2018-07-26,4.484466678559226e-12,0.9999879553860984,1.204460941707094e-05,4.7558321670915884e-18,1.4511871673931987e-23,Late-Cycle,0.9999879553860984,0.000148472661945611,9.225125169386759e-05,{Late-Cycle}
2018-07-27,9.475986480960117e-15,0.9999484673777266,5.1532622263948696e-05,5.789901501679677e-18,6.803876054633517e-21,Late-Cycle,0.9999484673777266,0.0005603281006631059,0.0003481514237574225,{Late-Cycle}
2018-07-30,2.812057885436556e-11,0.9999641504115754,3.584956029784948e-05,6.2284076470506315e-15,3.039997805672925e-22,Late-Cycle,0.9999641504115754,0.00040281215164509433,0.00025028126188222113,{Late-Cycle}
2018-07-31,2.4245267880680295e-06,0.9999847320875551,1.2843385656607119e-05,2.176060254599042e-16,1.2542967600557556e-23,Late-Cycle,0.9999847320875551,0.00019126758273621127,0.00011884123100277897,{Late-Cycle}
2018-08-01,4.006691883820488e-06,0.9999944542951408,1.5390129753285888e-06,6.923979686565014e-17,2.5935231819402895e-26,Late-Cycle,0.9999944542951408,7.59377466398876e-05,4.7182774839098946e-05,{Late-Cycle}
2018-08-02,1.57932726112458e-07,0.999996727876009,3.1141912648455475e-06,1.4848100535709868e-19,4.085728737638935e-26,Late-Cycle,0.999996727876009,4.5232031358372906e-05,2.810424124405294e-05,{Late-Cycle}
2018-08-03,5.4205418700756905e-06,0.9999932964384483,1.2830196816426517e-06,2.957313750622322e-17,2.6166017683495548e-27,Late-Cycle,0.9999932964384483,8.983513486879049e-05,5.5817707644853845e-05,{Late-Cycle}
2018-08-06,1.1238053016990842e-09,0.9999991760359742,8.228402204493242e-07,4.883064316260552e-18,1.207041706016861e-25,Late-Cycle,0.9999991760359742,1.2375524465521306e-05,7.689345683925556e-06,{Late-Cycle}
2018-08-07,1.6978088680962402e-07,0.9999951294824734,4.700736639829551e-06,5.436200533330489e-20,4.9509374316689255e-26,Late-Cycle,0.9999951294824734,6.518483186892504e-05,4.050161324355784e-05,{Late-Cycle}
2018-08-08,6.552203080597455e-07,0.9999965591373801,2.785642311875126e-06,2.2357401453144354e-18,8.342122781416162e-26,Late-Cycle,0.9999965591373801,4.840131345463672e-05,3.0073426927935965e-05,{Late-Cycle}
2018-08-09,2.881129611052464e-05,0.9999705266080928,6.620957965968477e-07,1.7197557222145563e-17,2.206546031250029e-27,Late-Cycle,0.9999705266080928,0.0003401078548960729,0.00021132089176506143,{Late-Cycle}
2018-08-10,0.00011874321637880565,0.9998807289225996,5.277357374969362e-07,1.2528408033656e-10,3.060977545233686e-28,Late-Cycle,0.9998807289225996,0.0012001612337803561,0.0007457021016519005,{Late-Cycle}
2018-08-13,0.0,1.6902509432930923e-44,4.676366587718456e-220,1.0,5.674430807062581e-133,Risk-Off,1.0,-1.000088900581841e-12,-6.213901715968123e-13,{Risk-Off}
2018-08-14,4.461634981998602e-12,0.9999999903498726,9.644503116228605e-09,1.1625367321906414e-12,8.0018938313330285e-25,Late-Cycle,0.9999999903498726,1.8780247220413965e-07,1.1668823677709243e-07,{Late-Cycle}
2018-08-15,3.3012137092904527e-15,0.9999999748984234,2.510157301505156e-08,2.6394874640089357e-16,6.70266782439694e-26,Late-Cycle,0.9999999748984234,4.643856197146065e-07,2.885390086357998e-07,{Late-Cycle}
2018-08-16,5.255271409380978e-12,0.9999999783734449,2.162129844710253e-08,1.3451750698914307e-15,2.4096250788437186e-27,Late-Cycle,0.9999999783734449,4.033671527739137e-07,2.5062610347227663e-07,{Late-Cycle}
2018-08-17,5.174728153972563e-10,0.999999983993555,1.5488969079209208e-08,3.015931799438517e-15,1.86638857608171e-27,Late-Cycle,0.999999983993555,3.0560843046509014e-07,1.8988519414389247e-07,{Late-Cycle}
2018-08-20,8.131042707493113e-10,0.999999356861261,6.423256344547877e-07,2.9264921486925106e-16,2.720751313035075e-25,Late-Cycle,0.999999356861261,9.818542320877486e-06,6.100603350413192e-06,{Late-Cycle}
2018-08-21,2.3474827933750746e-10,0.999999488125734,5.116395175643113e-07,8.254291350383253e-17,2.323939386120038e-26,Late-Cycle,0.999999488125734,7.928504786449036e-06,4.926257002643881e-06,{Late-Cycle}
2018-08-22,1.139771139180238e-05,0.9999885738158774,2.847272996532332e-08,8.495467309575057e-16,1.0808676207665594e-29,Late-Cycle,0.9999885738158774,0.00014165067794617996,8.801251471201438e-05,{Late-Cycle}
2018-08-23,0.0008070602398572976,0.9991925134204522,4.2633969049133563e-07,3.105974449721179e-17,1.8156724664343392e-29,Late-Cycle,0.9991925134204522,0.006561387651993224,0.004076819367371455,{Late-Cycle}
2018-08-24,0.5260210337262315,0.4739789644426342,1.8307027852397655e-09,4.313891886138179e-13,9.444828977231974e-34,Risk-On,0.5260210337262315,0.6917924175328967,0.429834796476638,"{Risk-On, Late-Cycle}"
2018-08-27,0.21818738559517217,0.7818125880408995,2.636392825558607e-08,1.2395331755636733e-16,1.8114317080987779e-31,Late-Cycle,0.7818125880408995,0.5246046839819047,0.32595521699156266,"{Late-Cycle, Risk-On}"
2018-08-28,0.20433003650404438,0.7956699629263506,5.696043272525175e-10,6.269810606188803e-16,1.637747997761661e-35,Late-Cycle,0.7956699629263506,0.5063468634436366,0.31461099526221664,"{Late-Cycle, Risk-On}"
2018-08-29,0.018783836884709526,0.9812161624711648,6.441256919597537e-10,2.816748966213796e-18,9.647596587091997e-36,Late-Cycle,0.9812161624711648,0.09326753547626813,0.057950378051683335,{Late-Cycle}
2018-08-30,0.0018357069330149024,0.9981642923231493,7.43835825389424e-10,7.073183787221356e-19,7.899061115271689e-36,Late-Cycle,0.9981642923231493,0.013399588790077209,0.00832563262400833,{Late-Cycle}
2018-08-31,1.1876621925892782e-05,0.9999881226714727,7.066013098121432e-10,1.2956404809331485e-19,1.8619875290816298e-35,Late-Cycle,0.9999881226714727,0.00014658418391606646,9.107787432096327e-05,{Late-Cycle}
2018-09-03,1.5860310886777535e-06,0.9999984072739818,6.6949294661256615e-09,1.4050942522545777e-19,7.86361488115061e-34,Late-Cycle,0.9999984072739818,2.289902978379259e-05,1.4227967172191373e-05,{Late-Cycle}
2018-09-04,5.339034708161605e-07,0.9999994594146097,6.681919481931062e-09,2.820362830809319e-19,2.6195894904992246e-33,Late-Cycle,0.9999994594146097,8.37755670574809e-06,5.205268647535427e-06,{Late-Cycle}
2018-09-05,2.9123919488270468e-12,0.9999999902107466,9.786340979515925e-09,1.1957469810873603e-19,1.816245804796937e-30,Late-Cycle,0.9999999902107466,1.9034617577841709e-07,1.1826872867095516e-07,{Late-Cycle}
2018-09-06,5.617479782055408e-07,0.9999994073957139,3.0856307888532536e-08,3.7704303810347066e-19,7.472861425930429e-32,Late-Cycle,0.9999994073957139,9.211024061589598e-06,5.723131032534783e-06,{Late-Cycle}
2018-09-07,1.7586126865471683e-08,0.9999917441974392,8.23821643395658e-06,1.2059221806952885e-19,9.95100629726437e-28,Late-Cycle,0.9999917441974392,0.0001050123343000523,6.524783186027507e-05,{Late-Cycle}
2018-09-10,8.419783147011612e-10,0.9980453308918715,0.0019546682661501042,1.149683186056423e-18,2.1801671380118055e-24,Late-Cycle,0.9980453308918715,0.014145086389710982,0.008788836326291129,{Late-Cycle}
2018-09-11,4.950964509115512e-14,0.8879305866413975,0.11206941335855299,7.226438123455913e-17,2.135724180774284e-20,Late-Cycle,0.8879305866413975,0.3508201918767957,0.21797684096195932,"{Late-Cycle, Transitional}"
2018-09-12,4.929682109673974e-13,0.13805963792463546,0.8619403620748716,4.5812200293395584e-18,3.0808447611368476e-19,Transitional,0.8619403620748716,0.4014254689549099,0.24941966748366043,"{Transitional, Late-Cycle}"
2018-09-13,7.507087043078395e-13,0.023661174685233415,0.9763388253140158,3.2727422221984163e-18,1.0900154246264376e-18,Transitional,0.9763388253140158,0.11196455458350038,0.06956748919513529,{Transitional}
2018-09-14,1.0982850991320446e-15,0.0008141838683987908,0.9991858161316001,1.6349057586958566e-19,1.9668479518839872e-17,Transitional,0.9991858161316001,0.006605406252932116,0.004104169661905227,{Transitional}
2018-09-17,3.2782288113634465e-24,3.298737175362185e-05,0.9999670126282192,9.386168880745175e-19,2.7160210717936767e-14,Transitional,0.9999670126282192,0.0003733962402432949,0.00023200412849637273,{Transitional}
2018-09-18,5.790262126667597e-28,3.5562622440711915e-08,0.9999999644371168,1.548204267537445e-20,2.6076344816811787e-13,Transitional,0.9999999644371168,6.455370848164329e-07,4.010947423502209e-07,{Transitional}
2018-09-19,2.328216268503437e-31,4.648122344097828e-09,0.9999999953234338,6.778946578909081e-19,2.844387818142999e-11,Transitional,0.9999999953234338,9.454689415408692e-08,5.874528829204414e-08,{Transitional}
2018-09-20,6.799425262275184e-30,2.474194855608897e-09,0.9999999975191106,4.4076633595603125e-19,6.694532786618509e-12,Transitional,0.9999999975191106,5.168219354426028e-08,3.2111952343720154e-08,{Transitional}
2018-09-21,1.1604132424535552e-35,4.0981835394745346e-10,0.9999999987047037,1.9325564155038906e-18,8.854779768612468e-10,Transitional,0.9999999987047037,2.8608341895509563e-08,1.7775362239505436e-08,{Transitional}
2018-09-24,9.229528221190454e-46,1.7428678932795257e-11,0.9999991767624394,4.640821786336362e-15,8.232201272981312e-07,Transitional,0.9999991767624394,1.2357014862086028e-05,7.677845020686373e-06,{Transitional}
2018-09-25,4.775598976295844e-35,5.150393314269675e-10,0.9999999994129343,2.0932785729779238e-17,7.202635644124776e-11,Transitional,0.9999999994129343,1.3281208677187974e-08,8.252078924313138e-09,{Transitional}
2018-09-26,2.3555424135140443e-28,5.274797693355889e-09,0.9999999947195858,3.3211522383601205e-17,5.616433301133981e-12,Transitional,0.9999999947195858,1.0596235149328555e-07,6.583811073086317e-08,{Transitional}
2018-09-27,5.325589116244643e-29,2.4074366191244247e-09,0.9999999975601598,1.4102101693889981e-18,3.2403617015407195e-11,Transitional,0.9999999975601598,5.099435751763979e-08,3.168457579113217e-08,{Transitional}
2018-09-28,3.2849654330877225e-33,2.3469738861865927e-09,0.9999999963784105,2.8491742619867226e-17,1.2746155499506696e-09,Transitional,0.9999999963784105,7.635820663446105e-08,4.744402132231218e-08,{Transitional}
2018-10-01,4.0299146379528363e-41,1.3936760184611375e-10,0.9999981250377742,2.415942919014852e-17,1.8748228582225583e-06,Transitional,0.9999981250377742,2.6601402509527328e-05,1.6528380687451057e-05,{Transitional}
2018-10-02,1.4534978880972838e-45,1.5610054476273944e-12,0.9999861347257584,8.28917788739337e-20,1.3865272680596847e-05,Transitional,0.9999861347257584,0.0001689638663592404,0.00010498315284725763,{Transitional}
2018-10-03,4.088797273185423e-28,5.424499072015782e-07,0.9999994550682085,1.3506248881946176e-14,2.4818707581729788e-09,Transitional,0.9999994550682085,8.420122509891504e-06,5.231716268667352e-06,{Transitional}
2018-10-04,4.1524459833734995e-28,2.518829277082325e-07,0.9999997480093205,4.152101969078787e-18,1.0775187558115832e-10,Transitional,0.9999997480093205,4.081645814975109e-06,2.536069135343073e-06,{Transitional}
2018-10-05,1.716000227225321e-34,2.2160610805354768e-08,0.9999999415898423,1.78864511387259e-17,3.624954687582491e-08,Transitional,0.9999999415898423,1.070044449782079e-06,6.648559981812239e-07,{Transitional}
2018-10-08,1.5857749177519913e-32,1.5704330588773194e-09,0.9999999494963063,2.580124007275497e-18,4.8933260650284395e-08,Transitional,0.9999999494963063,9.060205829446291e-07,5.629422396135626e-07,{Transitional}
2018-10-09,2.454542566922843e-35,6.130488477479961e-11,0.9997705625219023,1.6063009788894437e-15,0.00022943741679116186,Transitional,0.9997705625219023,0.0021520706736825315,0.0013371566912001955,{Transitional}
2018-10-10,7.959317547531981e-51,4.337008042377114e-13,0.05627958122380259,1.5052572249873888e-13,0.9437204187756132,Post-Shock,0.9437204187756132,0.21660549922440658,0.13458456368584873,{Post-Shock}
2018-10-11,1.0444883991269887e-55,2.6798500536017266e-15,0.0030959192822453047,3.873015732102229e-16,0.9969040807177516,Post-Shock,0.9969040807177516,0.020978323151999306,0.01303456504281788,{Post-Shock}
2018-10-12,3.6419790588830817e-53,1.7664214683661341e-15,0.0017122317303906534,3.936655408514206e-18,0.9982877682696075,Post-Shock,0.9982877682696075,0.012617608638567649,0.007839761037743224,{Post-Shock}
2018-10-15,4.492802427355621e-54,1.8892158732307675e-15,0.0031754383121932565,7.048350228639139e-20,0.9968245616878049,Post-Shock,0.9968245616878049,0.021436495564552707,0.013319243568788766,{Post-Shock}
2018-10-16,2.075777949409261e-56,3.507315808371901e-16,0.016825593482308197,7.05949257702445e-20,0.9831744065176915,Post-Shock,0.9831744065176915,0.08541333757591088,0.053070290513246625,{Post-Shock}
2018-10-17,2.688533730038451e-43,1.4630180865430574e-13,0.9898460395845968,1.9644732803645487e-19,0.01015396041525684,Transitional,0.9898460395845968,0.056707809790600985,0.03523454328526198,{Transitional}
2018-10-18,2.750893579879339e-40,6.20724048100664e-12,0.9999995821193459,6.202542762740206e-20,4.1787444680760526e-07,Transitional,0.9999995821193459,6.555813136512626e-06,4.073355726160117e-06,{Transitional}
2018-10-19,5.35656999672504e-41,5.460723088006215e-12,0.999999987711975,2.2675751194975394e-19,1.2282564200916405e-08,Transitional,0.999999987711975,2.3615467456564275e-07,1.4673114926719006e-07,{Transitional}
2018-10-22,4.253419174830905e-32,1.6897892854865651e-10,0.9999999996776296,7.060853310364559e-18,1.5339140532525985e-10,Transitional,0.9999999996776296,7.587956699102045e-09,4.714662579077737e-09,{Transitional}
2018-10-23,4.601691279086144e-34,3.184835662501943e-11,0.9999999997097467,1.2776958847919697e-19,2.584049611329859e-10,Transitional,0.9999999997097467,6.7617218577038104e-09,4.201294007966694e-09,{Transitional}
2018-10-24,6.083608051147246e-26,1.666410339861054e-09,0.9999999983311767,4.770737426316436e-19,2.4129084900203927e-12,Transitional,0.9999999983311767,3.541300843154068e-08,2.200333927637031e-08,{Transitional}
2018-10-25,6.290292256524038e-26,5.847464515949595e-09,0.9999999941522822,2.1088961695957644e-19,2.5318286628638934e-13,Transitional,0.9999999941522822,1.1670454804898868e-07,7.251261272482746e-08,{Transitional}
2018-10-26,2.1615549531554407e-24,5.293017833015803e-09,0.999999994706684,9.499886038586665e-19,2.981454525948519e-13,Transitional,0.999999994706684,1.0616786766043852e-07,6.596580510513209e-08,{Transitional}
2018-10-29,2.4716527350701323e-36,2.4595866360203693e-08,0.9999999655693135,3.4487696444943318e-15,9.834816700381806e-09,Transitional,0.9999999655693135,6.466920982366546e-07,4.018123925380898e-07,{Transitional}
2018-10-30,1.7878688778947684e-34,2.7175839280650522e-11,0.9999999965767111,5.16786353787856e-19,3.3961130451532397e-09,Transitional,0.9999999965767111,7.03078181287327e-08,4.368470357604522e-08,{Transitional}
2018-10-31,2.7119833671370663e-38,5.999230296941934e-12,0.9999999591285338,1.5979265123765e-18,4.086546699065199e-08,Transitional,0.9999999591285338,7.362669483456737e-07,4.574683761687643e-07,{Transitional}
2018-11-01,2.209990251191464e-34,2.1276466939212464e-11,0.999999999750739,9.253846531860565e-19,2.279845264384291e-10,Transitional,0.999999999750739,5.830775460924037e-09,3.622864489445027e-09,{Transitional}
2018-11-02,1.0173352779837428e-32,1.6566018409091666e-12,0.9999983527033263,9.754810418656887e-17,1.6472950170784847e-06,Transitional,0.9999983527033263,2.358333730321179e-05,1.465315133998835e-05,{Transitional}
2018-11-05,2.0776710833211775e-62,4.4222360043979296e-14,1.7714515105574086e-06,9.160663397827878e-08,0.9999981369418113,Post-Shock,0.9999981369418113,2.6808202355537584e-05,1.6656872656238776e-05,{Post-Shock}
2018-11-06,4.542179674536504e-59,1.0863529460992793e-21,2.8629416835294433e-06,6.281996050750428e-18,0.9999971370583165,Post-Shock,0.9999971370583165,3.9404552413566805e-05,2.4483424995234327e-05,{Post-Shock}
2018-11-07,4.51268725690969e-58,3.320449984213998e-22,5.735762360029077e-06,1.4338664793804408e-17,0.9999942642376399,Post-Shock,0.9999942642376399,7.495945466495872e-05,4.657492785887631e-05,{Post-Shock}
2018-11-08,1.4898543034677335e-82,1.9429552582393254e-24,7.784776467857038e-13,9.323207838226115e-16,0.9999999999992206,Post-Shock,0.9999999999992206,2.086696553234667e-11,1.2965374663498294e-11,{Post-Shock}
2018-11-09,2.1360947742295831e-75,4.192242708081287e-28,6.118132555737733e-09,1.9297483374529e-21,0.9999999938818674,Post-Shock,0.9999999938818674,1.2182231013936998e-07,7.56924570983462e-08,{Post-Shock}
2018-11-12,7.643322155172049e-80,2.098777465200352e-29,2.206979313594987e-09,1.905768618359175e-23,0.9999999977930207,Post-Shock,0.9999999977930207,4.619369906792632e-08,2.8701758987436404e-08,{Post-Shock}
2018-11-13,2.6347400301527206e-81,3.61785067317303e-30,1.466478862744168e-09,2.2010164660735434e-23,0.9999999985335212,Post-Shock,0.9999999985335212,3.1293248255385914e-08,1.9443588356917896e-08,{Post-Shock}
2018-11-14,8.530890323620944e-74,1.5748664432434091e-27,7.297573208669533e-08,6.396742974925294e-22,0.9999999270242679,Post-Shock,0.9999999270242679,1.2721940703414682e-06,7.904586194427423e-07,{Post-Shock}
2018-11-15,3.74852504565857e-66,1.765358189940991e-25,9.580007664700436e-07,3.967586754554066e-21,0.9999990419992335,Post-Shock,0.9999990419992335,1.423437266372372e-05,8.844313007511905e-06,{Post-Shock}
2018-11-16,1.3764919177501493e-74,2.2733411392254616e-28,1.3573129751005633e-08,3.271391970016019e-22,0.9999999864268702,Post-Shock,0.9999999864268702,2.59450733609532e-07,1.6120580458872186e-07,{Post-Shock}
2018-11-19,1.2033901776010884e-80,8.655415877156472e-30,1.690641827837684e-09,3.476699567779787e-22,0.9999999983093582,Post-Shock,0.9999999983093582,3.583649224943597e-08,2.2266464566649337e-08,{Post-Shock}
2018-11-20,3.7896866483175717e-94,1.0402222675061402e-34,1.2603430004187612e-12,6.51643127339079e-23,0.9999999999987397,Post-Shock,0.9999999999987397,3.405708075588274e-11,2.1160854042747818e-11,{Post-Shock}
2018-11-21,5.890009258498899e-109,1.713782942060518e-39,1.9001830735073323e-15,5.441575559807927e-24,0.9999999999999981,Post-Shock,0.9999999999999981,-9.455901076285095e-13,-5.875281676435762e-13,{Post-Shock}
2018-11-22,2.498009556336022e-126,1.4346248183100002e-45,1.7433310946938085e-19,1.6948338659875577e-24,1.0,Post-Shock,1.0,-1.0000840835332124e-12,-6.213871785962179e-13,{Post-Shock}
2018-11-23,2.4029774009478427e-118,2.824770731897717e-44,4.027387677576436e-18,8.849416048472225e-25,1.0,Post-Shock,1.0,-9.999776197396479e-13,-6.213210289220105e-13,{Post-Shock}
2018-11-26,1.2921364941389239e-107,2.493919323306757e-41,1.184269713649417e-16,9.336267459745217e-25,0.9999999999999999,Post-Shock,0.9999999999999999,-9.965946118287558e-13,-6.192190479230818e-13,{Post-Shock}
2018-11-27,3.7973718998029357e-121,1.4270641928877058e-46,2.4309641973815747e-20,2.1276434105254133e-26,1.0,Post-Shock,1.0,-1.000088228881023e-12,-6.213897542456286e-13,{Post-Shock}
2018-11-28,1.273063742688632e-125,3.782519103452991e-48,7.83960921467428e-21,3.2579669679273037e-28,1.0,Post-Shock,1.0,-1.0000886839654242e-12,-6.213900370054652e-13,{Post-Shock}
2018-11-29,1.451317058726134e-129,1.4297879993766486e-49,1.2454448808389595e-21,1.8228062294368546e-28,1.0,Post-Shock,1.0,-1.0000888661689222e-12,-6.213901502148637e-13,{Post-Shock}
2018-11-30,1.4911789092150132e-124,4.7034212472254014e-48,7.50540364772972e-21,8.361108763229715e-27,1.0,Post-Shock,1.0,-1.0000886931996433e-12,-6.21390042743008e-13,{Post-Shock}
2018-12-03,1.0766955751882295e-127,4.745608610000686e-49,8.025209744752584e-21,2.219406159860534e-29,1.0,Post-Shock,1.0,-1.0000886788371005e-12,-6.213900338190586e-13,{Post-Shock}
2018-12-04,9.185305606389791e-104,4.075680865000313e-42,1.678028600811282e-16,7.3423359287164475e-28,0.9999999999999998,Post-Shock,0.9999999999999998,-9.952303197621185e-13,-6.183713656011375e-13,{Post-Shock}
2018-12-05,1.5155043443882345e-116,1.4763569655274186e-45,7.261554755144799e-19,7.087859717499707e-30,1.0,Post-Shock,1.0,-1.0000688361650908e-12,-6.213777048737438e-13,{Post-Shock}
2018-12-06,8.196390996587502e-105,1.1692456591902555e-41,1.6248679793682529e-15,1.1857542995552226e-29,0.9999999999999983,Post-Shock,0.9999999999999983,-9.534184203472063e-13,-5.9239217181436e-13,{Post-Shock}
2018-12-07,6.320232155410648e-96,1.52696475368931e-38,1.0676413833647153e-13,1.9232355843157968e-29,0.9999999999998932,Post-Shock,0.9999999999998932,2.045886500437458e-12,1.2711807548657012e-12,{Post-Shock}
2018-12-10,2.253667477113904e-103,2.400558193378075e-40,1.4549097422751263e-14,3.7918891443245116e-31,0.9999999999999855,Post-Shock,0.9999999999999855,-5.836376897122847e-13,-3.626344857439054e-13,{Post-Shock}
2018-12-11,5.293447613901898e-109,3.253576733890129e-42,3.0161305543955845e-16,5.25507082895152e-32,0.9999999999999997,Post-Shock,0.9999999999999997,-9.913110256250197e-13,-6.159361712349434e-13,{Post-Shock}
2018-12-12,3.4741147114589154e-105,3.39371780957739e-42,4.712167921083834e-16,1.5531657294062557e-32,0.9999999999999996,Post-Shock,0.9999999999999996,-9.866248322320298e-13,-6.130244755697763e-13,{Post-Shock}
2018-12-13,3.5724501769208464e-127,1.8395974025358138e-47,9.855725204263966e-21,1.3051979215069511e-32,1.0,Post-Shock,1.0,-1.0000886282580898e-12,-6.213900023925522e-13,{Post-Shock}
2018-12-14,2.399863589685868e-142,1.576259934483041e-50,9.999200485176996e-24,5.770835976482515e-32,1.0,Post-Shock,1.0,-1.0000889003055528e-12,-6.213901714251449e-13,{Post-Shock}
2018-12-17,1.967029760282016e-139,9.291939803245111e-52,4.034801421484102e-22,2.673762344770756e-34,1.0,Post-Shock,1.0,-1.0000888894332728e-12,-6.213901646698174e-13,{Post-Shock}
2018-12-18,1.306607618038074e-134,2.3151216975118166e-51,6.821549464124005e-22,4.5600861454813144e-35,1.0,Post-Shock,1.0,-1.0000888817332033e-12,-6.213901598854953e-13,{Post-Shock}
2018-12-19,5.0180662523795466e-110,5.297315040396093e-44,1.0279028659427756e-18,1.5447758501840462e-31,1.0,Post-Shock,1.0,-1.0000604985771035e-12,-6.213725244390574e-13,{Post-Shock}
2018-12-20,6.535131663181115e-97,1.1128629520961311e-39,3.5012779238186176e-15,4.8973995604437445e-32,0.9999999999999964,Post-Shock,0.9999999999999964,-8.998045401933458e-13,-5.590799950974742e-13,{Post-Shock}
2018-12-21,5.258109352557192e-95,4.257302545971906e-40,5.986833337634165e-15,4.521047854303666e-32,0.999999999999994,Post-Shock,0.999999999999994,-8.287071131883105e-13,-5.149046799419437e-13,{Post-Shock}
2018-12-24,1.9945180463317072e-110,7.443800558266584e-45,7.611122291713697e-19,3.4828327669072467e-34,1.0,Post-Shock,1.0,-1.0000678702743444e-12,-6.213771047320801e-13,{Post-Shock}
2018-12-25,2.6778906281748808e-107,1.8797475816128267e-44,8.120135079832168e-18,1.0942311764956597e-34,1.0,Post-Shock,1.0,-9.998645330239223e-13,-6.212507641948956e-13,{Post-Shock}
2018-12-26,1.8849023984332184e-101,1.3821789212747857e-42,1.581122021243866e-16,1.0081505214633019e-33,0.9999999999999999,Post-Shock,0.9999999999999999,-9.954980793788234e-13,-6.185377340050605e-13,{Post-Shock}
2018-12-27,1.3399122361547276e-92,1.4719558122768424e-38,2.1125777519582345e-13,5.709285696470427e-32,0.9999999999997887,Post-Shock,0.9999999999997887,5.0080760926248075e-12,3.1116926312805913e-12,{Post-Shock}
2018-12-28,5.516014351458271e-89,1.1445042239973013e-37,6.495883682579985e-13,1.0932624618081588e-32,0.9999999999993504,Post-Shock,0.9999999999993504,1.727326780677319e-11,1.0732484722352069e-11,{Post-Shock}
2018-12-31,7.922960578540724e-89,3.6190719078626976e-39,9.696224355566109e-14,4.2793178725867156e-33,0.9999999999999031,Post-Shock,0.9999999999999031,1.7671370430748912e-12,1.0979839790168034e-12,{Post-Shock}
2019-01-01,2.2469823190506396e-121,7.631600224956195e-45,7.2820043519264535e-22,4.572935468645322e-30,1.0,Post-Shock,1.0,-1.0000888804609192e-12,-6.213901590949807e-13,{Post-Shock}
2019-01-02,4.449083866954161e-101,1.2798787857724492e-42,7.125226727088204e-17,2.4543179972489532e-32,0.9999999999999999,Post-Shock,0.9999999999999999,-9.978980881521012e-13,-6.200289432991475e-13,{Post-Shock}
2019-01-03,2.8702309212424316e-103,3.714382429770257e-43,4.8325968383962537e-17,3.701602438250467e-34,1.0,Post-Shock,1.0,-9.987536070643187e-13,-6.205605070864848e-13,{Post-Shock}
2019-01-04,2.1871570125856376e-100,4.1695224613765286e-42,1.3473150996103108e-16,7.163002830219378e-33,0.9999999999999999,Post-Shock,0.9999999999999999,-9.961441049315587e-13,-6.189391322495931e-13,{Post-Shock}
2019-01-07,3.0934402338291483e-107,1.220328247329462e-43,3.6468295572434706e-17,1.1886982421525343e-34,1.0,Post-Shock,1.0,-9.990812456667295e-13,-6.207640803960728e-13,{Post-Shock}
2019-01-08,1.6115862869424267e-94,1.987474700397431e-40,5.276815658515307e-15,3.7128836449224323e-32,0.9999999999999947,Post-Shock,0.9999999999999947,-8.48983796753366e-13,-5.275032917979235e-13,{Post-Shock}
2019-01-09,3.7486316712822287e-107,6.401351781726105e-44,1.998423775984825e-18,5.963436998956418e-34,1.0,Post-Shock,1.0,-1.000033682096282e-12,-6.21355862422701e-13,{Post-Shock}
2019-01-10,3.4193457386625743e-84,9.314453779725348e-38,3.4713782052802965e-14,5.0409622914046174e-29,0.9999999999999653,Post-Shock,0.9999999999999653,-7.235255278315787e-15,-4.495516864874426e-15,{Post-Shock}
2019-01-11,3.505229306756355e-80,1.123673675012272e-37,5.405770687340545e-14,7.675895181261388e-31,0.9999999999999459,Post-Shock,0.9999999999999459,5.449136362677269e-13,3.385738785310482e-13,{Post-Shock}
2019-01-14,1.538048711071867e-79,7.202911997436025e-38,7.473408921760823e-14,2.0188718524249486e-30,0.9999999999999253,Post-Shock,0.9999999999999253,1.1343329981809375e-12,7.048007191935612e-13,{Post-Shock}
2019-01-15,8.342433276147069e-76,4.0485588262949586e-36,6.152599891784289e-12,7.545428921740215e-30,0.9999999999938474,Post-Shock,0.9999999999938474,1.630501815250439e-10,1.0130877386779598e-10,{Post-Shock}
2019-01-16,5.268320505417455e-66,6.742973488124015e-34,8.984360868054341e-11,1.4399354392604502e-26,0.9999999999101564,Post-Shock,0.9999999999101564,2.1661968881991106e-09,1.3459338017724292e-09,{Post-Shock}
2019-01-17,9.229713313246312e-57,1.3930181428765058e-30,5.152401359231643e-09,1.2164186155661535e-26,0.9999999948475986,Post-Shock,0.9999999948475986,1.0347781374683246e-07,6.429438063275985e-08,{Post-Shock}
2019-01-18,2.9287418046775055e-51,2.5573576086063434e-28,3.189739098392798e-07,2.0827520134735994e-25,0.9999996810260902,Post-Shock,0.9999996810260902,5.09023352970975e-06,3.1627399170753496e-06,{Post-Shock}
2019-01-21,1.956013719236418e-52,5.133458218023123e-29,1.6389978063830749e-07,2.626688562824489e-26,0.9999998361002194,Post-Shock,0.9999998361002194,2.7246696919434962e-06,1.6929324647402701e-06,{Post-Shock}
2019-01-22,1.6409798362032995e-89,5.7723859889998884e-27,8.844831479606195e-21,4.2800423414532214e-17,1.0,Post-Shock,1.0,-9.989060386186555e-13,-6.206552181363234e-13,{Post-Shock}
2019-01-23,4.066522440198748e-76,1.2028925403436426e-36,2.140290944960852e-13,1.8148230808584274e-31,0.999999999999786,Post-Shock,0.999999999999786,5.086294728441414e-12,3.160292602247045e-12,{Post-Shock}
2019-01-24,1.2045436670799222e-72,1.9642247462763262e-35,1.701052110733104e-12,1.5345031663722646e-31,0.9999999999982989,Post-Shock,0.9999999999982989,4.6012676885087706e-11,2.8589283581308534e-11,{Post-Shock}
2019-01-25,9.627756174921639e-63,2.3991281634147125e-32,1.6652272180277648e-10,4.0231815895092727e-29,0.9999999998334773,Post-Shock,0.9999999998334773,3.913932875392842e-09,2.431863227002925e-09,{Post-Shock}
2019-01-28,3.68697373504195e-59,2.5732815757625987e-31,8.363003333015863e-10,8.45539524873831e-29,0.9999999991636996,Post-Shock,0.9999999991636996,1.8314678411148173e-08,1.1379549512071087e-08,{Post-Shock}
2019-01-29,6.234264481172018e-51,1.4051104316252944e-29,2.0385820625806934e-08,3.796003447635551e-27,0.9999999796141794,Post-Shock,0.9999999796141794,3.813846214245735e-07,2.369675887948797e-07,{Post-Shock}
2019-01-30,1.6106826518735273e-66,2.464877688225211e-33,2.438056838349053e-12,4.266477843175964e-29,0.999999999997562,Post-Shock,0.999999999997562,6.579329977720971e-11,4.087967561153352e-11,{Post-Shock}
2019-01-31,5.379777753686007e-52,3.353249348931674e-30,7.044503115130695e-09,1.4732406423794125e-26,0.9999999929554969,Post-Shock,0.9999999929554969,1.3927499951499633e-07,8.653642270944021e-08,{Post-Shock}
2019-02-01,1.1440845522340723e-61,5.759879405075325e-33,2.99794684303227e-11,2.6232402966596727e-31,0.9999999999700205,Post-Shock,0.9999999999700205,7.544135619740267e-10,4.687435011600156e-10,{Post-Shock}
2019-02-04,2.9006995245876704e-61,1.4824752831375478e-33,1.1939491502287037e-11,3.03925407586757e-31,0.9999999999880606,Post-Shock,0.9999999999880606,3.1027132440129367e-10,1.927824130426019e-10,{Post-Shock}
2019-02-05,5.327543553600828e-54,4.403313466804777e-30,1.4530017689847174e-08,1.0040174620866216e-28,0.9999999854699823,Post-Shock,0.9999999854699823,2.7675196097677865e-07,1.71955661562751e-07,{Post-Shock}
2019-02-06,4.6253712682015036e-51,5.145176955695352e-28,3.059051359306662e-07,3.712454880237827e-28,0.9999996940948641,Post-Shock,0.9999996940948641,4.894477312641878e-06,3.0411097407538464e-06,{Post-Shock}
2019-02-07,1.6606687685507004e-38,2.2690790632046242e-24,5.499393731696169e-05,5.328625925602289e-24,0.999945006062683,Post-Shock,0.999945006062683,0.0005943887771012698,0.0003693145119231852,{Post-Shock}
2019-02-08,8.720652140030392e-48,3.670302571394751e-25,7.827383459832541e-07,1.683765853005309e-25,0.999999217261654,Post-Shock,0.999999217261654,1.178840300906048e-05,7.324546612196924e-06,{Post-Shock}
2019-02-11,7.334842000984215e-60,1.9030001012815567e-28,1.7163887442901272e-09,1.2692644294587284e-25,0.9999999982836113,Post-Shock,0.9999999982836113,3.635633739063748e-08,2.258946251343891e-08,{Post-Shock}
2019-02-12,5.625687421654581e-62,1.4503511945053107e-30,2.570836964855624e-09,6.637718274204698e-31,0.999999997429163,Post-Shock,0.999999997429163,5.3417509769761276e-08,3.319016493713205e-08,{Post-Shock}
2019-02-13,1.3242592102550662e-81,2.6505416861899338e-33,1.0600789896849877e-13,5.496645867737381e-29,0.999999999999894,Post-Shock,0.999999999999894,2.024473872779496e-12,1.257876341261092e-12,{Post-Shock}
2019-02-14,5.666401095003723e-89,1.455226971207777e-37,1.3013984983849299e-14,4.959611908169798e-31,0.999999999999987,Post-Shock,0.999999999999987,-6.275668462253024e-13,-3.8992920533118024e-13,{Post-Shock}
2019-02-15,6.709062496981367e-111,2.4492784764111424e-43,9.019591688767493e-20,5.099063807494468e-31,1.0,Post-Shock,1.0,-1.000086408376565e-12,-6.213886231026103e-13,{Post-Shock}
2019-02-18,1.056215109399208e-102,2.5547583249813414e-42,6.029083288849964e-18,2.329094763396303e-32,1.0,Post-Shock,1.0,-9.999223108905268e-13,-6.212866636018613e-13,{Post-Shock}
2019-02-19,3.7044297721656144e-86,3.596852506042106e-36,2.5621396362567474e-14,1.7983154399302155e-29,0.9999999999999744,Post-Shock,0.9999999999999744,-2.670345697292794e-13,-1.6591790690789593e-13,{Post-Shock}
2019-02-20,4.568596379962056e-91,1.1378143401011472e-37,5.2852453860110646e-15,4.969588603441834e-30,0.9999999999999947,Post-Shock,0.9999999999999947,-8.487509634592241e-13,-5.273586243383445e-13,{Post-Shock}
2019-02-21,1.2378809523417948e-90,9.049458178855811e-38,1.441150854652747e-14,9.693160536715294e-31,0.9999999999999856,Post-Shock,0.9999999999999856,-5.876575135292905e-13,-3.651321427121859e-13,{Post-Shock}
2019-02-22,2.7039680582307702e-83,1.0478271522610082e-35,1.20895470241882e-13,2.3820774868659658e-29,0.9999999999998791,Post-Shock,0.9999999999998791,2.4475931549011577e-12,1.5207751327290647e-12,{Post-Shock}
2019-02-25,1.125284064551916e-78,3.552909484295477e-34,1.1201983939338113e-12,8.42216681039976e-30,0.9999999999988798,Post-Shock,0.9999999999988798,3.023062270911056e-11,1.8783341982661524e-11,{Post-Shock}
2019-02-26,1.2342378337732028e-66,1.4657648787832976e-30,4.233789554293315e-11,5.471742447561419e-27,0.9999999999576621,Post-Shock,0.9999999999576621,1.0516045288577224e-09,6.533986311204044e-10,{Post-Shock}
2019-02-27,6.160633260732455e-60,1.966072626057483e-28,2.513054712757816e-09,2.1407903184756066e-26,0.9999999974869452,Post-Shock,0.9999999974869452,5.227397837674906e-08,3.247964893388794e-08,{Post-Shock}
2019-02-28,4.163272739632385e-61,2.438533598509939e-28,6.8710031333709335e-09,1.4974643443587085e-26,0.9999999931289968,Post-Shock,0.9999999931289968,1.3601607396239642e-07,8.451153841448091e-08,{Post-Shock}
2019-03-01,8.296660205914392e-56,4.140947162097798e-28,4.363588538091292e-09,2.119434446415862e-26,0.9999999956364114,Post-Shock,0.9999999956364114,8.836054180001432e-08,5.4901491456963744e-08,{Post-Shock}
2019-03-04,2.0953511159353862e-52,3.5300773166859596e-25,3.074872284810206e-07,2.5206672770638797e-27,0.9999996925127715,Post-Shock,0.9999996925127715,4.918204601738318e-06,3.0558523343718597e-06,{Post-Shock}
2019-03-05,4.454289680672266e-44,1.1188835179825905e-20,0.0008547136180697338,8.54713728674045e-26,0.9991452863819302,Post-Shock,0.9991452863819302,0.006892681230244986,0.004282663641134533,{Post-Shock}
2019-03-06,6.435571267132088e-42,2.4590032648682398e-18,0.057415607895835205,4.068398663174034e-25,0.9425843921041648,Post-Shock,0.9425843921041648,0.21979645108185114,0.1365672135493769,{Post-Shock}
2019-03-07,1.1792405742052239e-32,1.0922834173767928e-15,0.794831107579843,6.138341773303615e-23,0.2051688924201559,Transitional,0.794831107579843,0.5074850699365633,0.31531820271901456,"{Transitional, Post-Shock}"
2019-03-08,4.007016073144073e-28,1.6417845618329326e-14,0.9971624549460443,3.472081674421318e-23,0.002837545053939264,Transitional,0.9971624549460443,0.01947519509308384,0.012100619068696921,{Transitional}
2019-03-11,2.8184631848939073e-19,3.099704469102902e-13,0.999999081668439,5.658100331387401e-19,9.183312510104774e-07,Transitional,0.999999081668439,1.3683791886432515e-05,8.502217936283894e-06,{Transitional}
2019-03-12,3.486831940792163e-23,1.2718741453282193e-12,0.9999999869445364,3.693145425064551e-20,1.30541916757635e-08,Transitional,0.9999999869445364,2.500754024120366e-07,1.5538058379265137e-07,{Transitional}
2019-03-13,5.292165395168053e-15,5.701778224985095e-13,0.9999999999516008,8.580552519388722e-20,4.782364864299315e-11,Transitional,0.9999999999516008,1.1985103627206773e-09,7.446763577900687e-10,{Transitional}
2019-03-14,1.0466844887038288e-17,1.7134676191200095e-13,0.999999999963454,5.871220810098845e-22,3.637460448819474e-11,Transitional,0.999999999963454,9.13609019466724e-10,5.676572003234281e-10,{Transitional}
2019-03-15,5.962547539404649e-14,8.311672780929925e-14,0.9999999999845554,4.1420149754489523e-20,1.5301943315852033e-11,Transitional,0.9999999999845554,3.984749365444674e-10,2.475863986215021e-10,{Transitional}
2019-03-18,2.0294840258395528e-16,3.7942480412932935e-14,0.9999999999899952,1.1067006253823388e-21,9.96663636850639e-12,Transitional,0.9999999999899952,2.6157704609071587e-10,1.6252695681507152e-10,{Transitional}
2019-03-19,2.8841233239431903e-12,3.0968554592670717e-13,0.9999999999967262,4.6654116567923554e-20,7.996573498998801e-14,Transitional,0.9999999999967262,8.87284242811565e-11,5.513006969430985e-11,{Transitional}
2019-03-20,2.027128928587989e-19,9.343042590326039e-13,0.9999999999880093,2.564597606572901e-20,1.105646803768411e-11,Transitional,0.9999999999880093,3.141654505927781e-10,1.9520196968495477e-10,{Transitional}
2019-03-21,3.637198356634238e-15,8.07548394192039e-14,0.9999999999976071,5.082545709786255e-21,2.308506760265251e-12,Transitional,0.9999999999976071,6.47427172448103e-11,4.0226911982515664e-11,{Transitional}
2019-03-22,7.974098417144997e-10,5.79273075521624e-13,0.9999999992018457,8.597858129066871e-19,1.652255960514833e-13,Transitional,0.9999999992018457,1.7521895233703162e-08,1.088696562839333e-08,{Transitional}
2019-03-25,8.17817638982927e-18,1.512905798720209e-11,0.9999999999556259,8.164748958321695e-20,2.924494479124859e-11,Transitional,0.9999999999556259,1.1276994791979875e-09,7.0067908211039e-10,{Transitional}
2019-03-26,1.3356338579183442e-16,1.3396532858576589e-12,0.9999999999982118,3.2475315211783825e-23,4.484812199237307e-13,Transitional,0.9999999999982118,4.889505285751717e-11,3.0380204467514195e-11,{Transitional}
2019-03-27,2.3200634103163257e-13,8.8138611687572e-12,0.9999999999909289,2.023620528800006e-22,2.5255465554454466e-14,Transitional,0.9999999999909289,2.3853739413335896e-10,1.4821161617387094e-10,{Transitional}
2019-03-28,6.135688504464038e-23,1.3295362040994939e-11,0.9999999993030726,1.122944220994069e-21,6.836320787021165e-10,Transitional,0.9999999993030726,1.5454026569279477e-08,9.602126587105768e-09,{Transitional}
2019-03-29,7.53094251861151e-27,6.19904538942208e-13,0.9999999978933617,4.579144325482262e-23,2.1060183976217557e-09,Transitional,0.9999999978933617,4.419648653932483e-08,2.7460821071676156e-08,{Transitional}
2019-04-01,2.3233681244568773e-24,4.2581611608776366e-13,0.9999999999549665,3.6605959167384188e-25,4.460768197183399e-11,Transitional,0.9999999999549665,1.1177992925550978e-09,6.945277502905021e-10,{Transitional}
2019-04-02,2.9469164358482975e-14,1.5781075562619692e-10,0.9999999998409186,1.5683504641615467e-19,1.241214934284049e-12,Transitional,0.9999999998409186,3.7529218609739674e-09,2.3318214588955966e-09,{Transitional}
2019-04-03,1.022429171989622e-14,1.0296889122684681e-10,0.999999999896939,4.5739550402647695e-22,8.18917008159771e-14,Transitional,0.999999999896939,2.4715383668658407e-09,1.535653129438157e-09,{Transitional}
2019-04-04,4.343305542656783e-08,2.0741386624406744e-09,0.9999999544928053,3.799665221455196e-20,5.52046755362385e-16,Transitional,0.9999999544928053,8.232530683797808e-07,5.115158913677507e-07,{Transitional}
2019-04-05,0.0017301695913137475,1.1712654667325304e-07,0.9982697132821361,3.515773419456979e-15,9.27915427279323e-18,Transitional,0.9982697132821361,0.012733733780683591,0.007911913645320559,{Transitional}
2019-04-08,0.0017681906804794358,4.8193885145822196e-05,0.9981836154343743,4.809163549426062e-16,1.2806004672563614e-17,Transitional,0.9981836154343743,0.01350023076122954,0.008388164996568215,{Transitional}
2019-04-09,1.4794942545657331e-16,0.01884947084389712,0.981150529155255,2.3060009987798753e-13,6.17067754033839e-13,Transitional,0.981150529155255,0.09352703906238463,0.058111616695381015,{Transitional}
2019-04-10,1.5133993694499968e-12,5.6680597544470796e-06,0.9999943319387319,2.0533800311235857e-21,2.842419223971855e-16,Transitional,0.9999943319387319,7.414200732413393e-05,4.6067019268859015e-05,{Transitional}
2019-04-11,7.311292546580931e-19,1.2272296839449715e-09,0.9999999987727237,2.6626656158968507e-24,4.6608285155861796e-14,Transitional,0.9999999987727237,2.6407482684307543e-08,1.640789152553831e-08,{Transitional}
2019-04-12,1.6209695708293333e-19,9.494113144060584e-10,0.9999999990505478,8.352541773141564e-24,4.082541769786409e-14,Transitional,0.9999999990505478,2.0672769144598128e-08,1.284471366362484e-08,{Transitional}
2019-04-15,3.017401253659203e-28,3.42577016861154e-09,0.9999999963809444,1.059267320193126e-22,1.9328545402909787e-10,Transitional,0.9999999963809444,7.471415063317525e-08,4.6422511894340926e-08,{Transitional}
2019-04-16,2.897277839031773e-23,6.22297082389427e-11,0.9999999999343562,6.838598715744085e-27,3.414103182583014e-12,Transitional,0.9999999999343562,1.615327556758039e-09,1.0036594417705938e-09,{Transitional}
2019-04-17,1.3317448986843681e-21,2.403619490563057e-10,0.9999999997586966,6.718557696871809e-27,9.414430250032316e-13,Transitional,0.9999999997586966,5.588440781686529e-09,3.4722934873794656e-09,{Transitional}
2019-04-18,1.2714273341391911e-23,1.8821416505700757e-11,0.9999999999599679,9.194654981354567e-27,2.1210620838798015e-11,Transitional,0.9999999999599679,1.0231780425440003e-09,6.357362621069082e-10,{Transitional}
2019-04-19,1.745642105441244e-19,2.5216038442731856e-10,0.9999999997464518,1.4438533468341805e-24,1.3878016343560377e-12,Transitional,0.9999999997464518,5.861674164906686e-09,3.642062933662063e-09,{Transitional}
2019-04-22,1.0246027098664463e-24,3.956304359895115e-11,0.9999999999139705,3.5849137958258723e-25,4.6466502843825864e-11,Transitional,0.9999999999139705,2.1362556165144505e-09,1.3273302436896094e-09,{Transitional}
2019-04-23,5.512762149789828e-18,9.998824517859984e-10,0.9999999990000211,4.7315124006499727e-23,9.646909628047559e-14,Transitional,0.9999999990000211,2.1721583601821277e-08,1.3496378725768761e-08,{Transitional}
2019-04-24,3.24094814913998e-13,9.709299473496275e-09,0.9999999902903742,1.4576790226551534e-21,2.1943215857519712e-15,Transitional,0.9999999902903742,1.8885488999704299e-07,1.173421407175754e-07,{Transitional}
2019-04-25,8.410878363459057e-08,3.2773020517894173e-07,0.9999995881610111,1.613828934825875e-17,4.038911506963823e-17,Transitional,0.9999995881610111,6.6754294327485684e-06,4.147677509754139e-06,{Transitional}
2019-04-26,1.7392181374141645e-14,1.1677627963233433e-07,0.9999998832236824,3.5035307635103926e-19,2.0639496362937967e-14,Transitional,0.9999998832236824,1.9808757985076155e-06,1.2307873346364482e-06,{Transitional}
2019-04-29,4.072000968397317e-15,3.938859906354672e-09,0.9999999960611029,2.177767939351849e-21,3.312961848769899e-14,Transitional,0.9999999960611029,8.01642161482682e-08,4.9808827994506804e-08,{Transitional}
2019-04-30,8.125028348896159e-14,4.71017887748911e-08,0.9999999528981295,3.0835186762572795e-21,5.254709870019319e-16,Transitional,0.9999999528981295,8.417542748103185e-07,5.230113372545428e-07,{Transitional}
2019-05-01,2.9290596149850396e-23,6.001257917314992e-06,0.9999939987403988,7.092201201138151e-17,1.6837913549212604e-12,Transitional,0.9999939987403988,7.815765782605759e-05,4.856208321068602e-05,{Transitional}
2019-05-02,1.2586965346681453e-27,1.531231110351704e-08,0.9999999846630635,6.894964692250804e-19,2.4625438159930482e-11,Transitional,0.9999999846630635,2.91474534109467e-07,1.81103310576699e-07,{Transitional}
2019-05-03,2.0749759287671928e-38,8.83581603950743e-09,0.9999998941234429,2.3522604612040984e-17,9.704074104129819e-08,Transitional,0.9999998941234429,1.836755902523369e-06,1.1412406084963383e-06,{Transitional}
2019-05-06,7.270404073859072e-28,3.6004589087147554e-09,0.9999999963892126,1.1482874854143771e-18,1.0328575445889075e-11,Transitional,0.9999999963892126,7.38699643623715e-08,4.589798947301495e-08,{Transitional}
2019-05-07,6.718746473164283e-26,1.552876690028459e-08,0.9999999844706544,1.811121367097402e-20,5.786812101498058e-13,Transitional,0.9999999844706544,2.9475917602788364e-07,1.8314417334813018e-07,{Transitional}
2019-05-08,2.629758229030792e-26,9.77919246656024e-09,0.99999999022058,1.1378886680846324e-21,2.2751090948723825e-13,Transitional,0.99999999022058,1.9014139375032987e-07,1.181414904429346e-07,{Transitional}
2019-05-09,3.0833553274474535e-20,4.039825567677187e-08,0.9999999596017397,2.0970472620764894e-19,4.5614030344282184e-15,Transitional,0.9999999596017397,7.281556501994454e-07,4.52428543265884e-07,{Transitional}
2019-05-10,2.9237684341948134e-14,1.04451767875152e-06,0.9999989554822912,1.8647177494294544e-18,8.19888447569558e-16,Transitional,0.9999989554822912,1.5429566806727703e-05,9.586928882141317e-06,{Transitional}
2019-05-13,5.320156627333245e-05,0.0014503494887793148,0.998496448944947,3.0631910332820493e-16,5.679677433036114e-19,Transitional,0.998496448944947,0.011505412047818377,0.007148714441812601,{Transitional}
2019-05-14,0.9986801732201138,0.0005330838417024446,0.0007867429380847841,9.892077470592564e-14,2.805955192671823e-24,Risk-On,0.9986801732201138,0.010960049602296275,0.006809861702412856,{Risk-On}
2019-05-15,0.9995133525288102,0.00048645279977543594,1.9467141424207167e-07,6.935122152311359e-17,4.6477962923971814e-29,Risk-On,0.9995133525288102,0.004200379365107298,0.0026098424379444873,{Risk-On}
2019-05-16,0.9279733039302309,0.07202648606965091,2.100001181942014e-07,3.1708118106661555e-17,3.8704015281833514e-28,Risk-On,0.9279733039302309,0.2588529965101916,0.16083440964721935,{Risk-On}
2019-05-17,0.9999853246069192,1.4675389367837932e-05,3.712865828333163e-12,5.607228085046247e-18,1.8532298029102714e-37,Risk-On,0.9999853246069192,0.00017800275847118535,0.00011059933228612435,{Risk-On}
2019-05-20,0.9998931994339761,0.00010680054847149314,1.755238903297555e-11,1.5749295502465814e-20,1.7949182794678988e-34,Risk-On,0.9998931994339761,0.0010834379824584647,0.0006731778679302281,{Risk-On}
2019-05-21,0.9999999109784395,8.90215600877836e-08,3.777506161017442e-16,4.195861939953014e-19,5.232196528220189e-40,Risk-On,0.9999999109784395,1.5342300468904408e-06,9.532707257840622e-07,{Risk-On}
2019-05-22,0.9999972228820269,2.777117967852636e-06,5.299160414220408e-15,7.231709237493599e-22,1.1837412424076028e-39,Risk-On,0.9999972228820269,3.830782856409681e-05,2.380199215399392e-05,{Risk-On}
2019-05-23,0.9999739523245376,2.6047675450726695e-05,1.1664314235575196e-14,1.7059635958963035e-20,7.0368124875943856e-40,Risk-On,0.9999739523245376,0.0003009957093968149,0.00018701914940079395,{Risk-On}
2019-05-24,0.999999966542186,3.34578139276777e-08,2.0817188701329568e-19,2.1624212770855943e-19,4.532037278152603e-46,Risk-On,0.999999966542186,6.093645114072449e-07,3.786194588181704e-07,{Risk-On}
2019-05-27,0.9999999146944923,8.530550767296267e-08,4.928689155038158e-18,1.2508756545792411e-20,1.1281436097760024e-44,Risk-On,0.9999999146944923,1.4738235401519569e-06,9.157380528727316e-07,{Risk-On}
2019-05-28,0.9999999949659715,5.034028557678202e-09,1.4073617245968355e-19,1.789397482979355e-22,3.0860023625754836e-47,Risk-On,0.9999999949659715,1.0121744016840482e-07,6.288993156332723e-08,{Risk-On}
2019-05-29,0.9999999987414536,1.2585463308311885e-09,6.517519764206833e-20,5.911088519257761e-21,1.5839502316359512e-46,Risk-On,0.9999999987414536,2.704832500238241e-08,1.6806069245302387e-08,{Risk-On}
2019-05-30,0.9999999938189857,6.181014249614924e-09,1.8063329968603144e-19,2.746142279783446e-19,3.2291373248877994e-46,Risk-On,0.9999999938189857,1.2301120726730922e-07,7.643116041753243e-08,{Risk-On}
2019-05-31,0.9911175419785151,0.008882458021187135,1.2449576218484272e-13,1.7327481173720688e-13,1.3893504621572811e-37,Risk-On,0.9911175419785151,0.050800753942593584,0.03156428312650033,{Risk-On}
2019-06-03,0.016998289332874554,0.9830017105148348,1.5208169306417629e-10,2.0894582756365776e-13,4.4437901559869836e-33,Late-Cycle,0.9830017105148348,0.08611494967785342,0.053506226622693324,{Late-Cycle}
2019-06-04,2.0433653649385286e-09,0.9999999926302303,5.3262971089054385e-09,1.0720258776239352e-13,3.7075196211845325e-32,Late-Cycle,0.9999999926302303,1.4972394644953104e-07,9.30287184692262e-08,{Late-Cycle}
2019-06-05,1.94919154860696e-13,0.9999998501537406,1.4984601336151128e-07,5.1087932087224495e-14,2.240809127092951e-29,Late-Cycle,0.9999998501537406,2.5044799622100687e-06,1.5561208934256522e-06,{Late-Cycle}
2019-06-06,6.276810958362897e-13,0.9999989587949998,1.041204371315374e-06,1.2469376483422247e-15,3.8029427682492384e-28,Late-Cycle,0.9999989587949998,1.5383947668848056e-05,9.5585841180922e-06,{Late-Cycle}
2019-06-07,5.938841371663166e-10,0.9999999706116788,2.8794437069400513e-08,5.2151442741094073e-17,3.9564202045985525e-32,Late-Cycle,0.9999999706116788,5.419622165759497e-07,3.367400583699999e-07,{Late-Cycle}
2019-06-10,1.2731606034010454e-08,0.9999999860539228,1.2144710274283762e-09,1.2937117954885183e-17,1.2189767018681076e-34,Late-Cycle,0.9999999860539228,2.703250374542993e-07,1.6796238945649167e-07,{Late-Cycle}
2019-06-11,0.002821370109356599,0.9971786298900471,5.169823422699583e-13,7.923624126076076e-14,5.938634599438829e-40,Late-Cycle,0.9971786298900471,0.0193803316774546,0.012041677114554826,{Late-Cycle}
2019-06-12,4.445534557317323e-19,0.9999999999999931,3.5843882247591404e-15,3.2930664250076842e-15,2.610746287350889e-36,Late-Cycle,0.9999999999999931,-8.03185791049996e-13,-4.990473909212593e-13,{Late-Cycle}
2019-06-13,3.908895754313574e-08,0.9999999600463396,8.647028656212321e-10,6.45650075095702e-18,1.8155080059922688e-33,Late-Cycle,0.9999999600463396,7.247528229041208e-07,4.5031424779102587e-07,{Late-Cycle}
2019-06-14,6.595872404913272e-06,0.9999934040180587,1.0953612247066078e-10,2.290244357345019e-16,7.680272651535404e-35,Late-Cycle,0.9999934040180587,8.528106991306797e-05,5.298810799360977e-05,{Late-Cycle}
2019-06-17,2.3968717912406214e-05,0.9999760312276739,5.4413619773300256e-11,1.230394150627992e-16,8.244110129142588e-36,Late-Cycle,0.9999760312276739,0.0002789672294204696,0.00017333208523624368,{Late-Cycle}
2019-06-18,4.856794984237124e-07,0.9999995142825883,3.791332808872446e-11,1.4370699751687977e-18,9.387144463365161e-36,Late-Cycle,0.9999995142825883,7.547295116004506e-06,4.689398117004738e-06,{Late-Cycle}
2019-06-19,1.6439273301390669e-07,0.9999998352333127,3.7395427537737024e-10,2.5310762561684674e-18,2.2393827294805148e-34,Late-Cycle,0.9999998352333127,2.7408611835199167e-06,1.7029928040993277e-06,{Late-Cycle}
2019-06-20,5.373277959768367e-06,0.9999946266037537,1.1828648502885673e-10,1.10613085814498e-17,1.1862163612508386e-35,Late-Cycle,0.9999946266037537,7.05758264651242e-05,4.385122651819846e-05,{Late-Cycle}
2019-06-21,8.614987558238591e-09,0.9999999912653382,1.1967411440380217e-10,6.282718743374888e-18,1.732273998149236e-34,Late-Cycle,0.9999999912653382,1.7144404286404886e-07,1.0652417315356909e-07,{Late-Cycle}
2019-06-24,4.304394521234752e-06,0.9999956955851435,2.0335275366856257e-11,5.853591968918188e-17,4.8288941222942596e-36,Late-Cycle,0.9999956955851435,5.748945992073744e-05,3.5720209817718826e-05,{Late-Cycle}
2019-06-25,2.122419810885854e-06,0.9999978774541382,1.2605100099160716e-10,8.924146466700784e-19,1.0395066670567639e-35,Late-Cycle,0.9999978774541382,2.9850485583436755e-05,1.8547149506557312e-05,{Late-Cycle}
2019-06-26,0.00015016065004070148,0.9998498393279331,2.202613959907612e-11,3.2356969910779835e-18,8.237423073973232e-38,Late-Cycle,0.9998498393279331,0.0014721349920173655,0.0009146888989280246,{Late-Cycle}
2019-06-27,0.08806921609543679,0.9119307837975906,1.069726126893318e-10,2.7256466360420577e-17,1.7951631440381869e-37,Late-Cycle,0.9119307837975906,0.29804778928572323,0.18518750365148182,{Late-Cycle}
2019-06-28,0.7949527584535572,0.20504724153916992,7.272915983673534e-12,2.1307140929646148e-18,6.6106860250819576e-40,Risk-On,0.7949527584535572,0.5073202734273736,0.31521580889076156,"{Risk-On, Late-Cycle}"
2019-07-01,0.999384189626633,0.0006158103733535986,1.3365627036458746e-14,5.888608641901577e-19,1.8835674360299544e-43,Risk-On,0.999384189626633,0.005168042923065808,0.003211085611404359,{Risk-On}
2019-07-02,0.9999999610155125,3.8984487557089685e-08,4.383052745375112e-21,7.438954527775207e-20,4.348769465437262e-49,Risk-On,0.9999999610155125,7.040618219162196e-07,4.374582060462354e-07,{Risk-On}
2019-07-03,0.9999998887118897,1.1128811028704383e-07,5.023976932608165e-19,5.483741175437659e-22,6.267583581558316e-46,Risk-On,0.9999998887118897,1.8931359977849274e-06,1.1762715312961433e-06,{Risk-On}
2019-07-04,0.9999999999800875,1.9912563317548923e-11,5.996404075072602e-25,1.1106443324532829e-20,2.0298598647127313e-53,Risk-On,0.9999999999800875,5.085758322531537e-10,3.1599593145161337e-10,{Risk-On}
2019-07-05,0.9999105663129447,8.943368705525849e-05,1.4608520923909754e-17,5.8055286920241914e-18,1.941185870058462e-43,Risk-On,0.9999105663129447,0.0009231316911011755,0.0005735739688802527,{Risk-On}
2019-07-08,0.9999999976821036,2.3178963785910993e-09,2.9905508346354706e-21,6.987681410426344e-22,5.307368093743804e-49,Risk-On,0.9999999976821036,4.8401716636959195e-08,3.007367743919792e-08,{Risk-On}
2019-07-09,0.9999996415932042,3.5840679576382155e-07,1.1375648463854535e-19,1.4674860951341783e-21,4.611726006554343e-47,Risk-On,0.9999996415932042,5.6777340261412794e-06,3.5277744995793733e-06,{Risk-On}
2019-07-10,0.9999998364260396,1.6357396041374899e-07,1.048543358704726e-19,4.537981767644045e-22,9.439838483986526e-47,Risk-On,0.9999998364260396,2.7195787492256225e-06,1.6897692841798133e-06,{Risk-On}
2019-07-11,0.9999999983285288,1.6714712296576882e-09,1.3706110662449092e-21,6.895106761281498e-22,6.593907325869419e-49,Risk-On,0.9999999983285288,3.5449172319497576e-08,2.202580916332743e-08,{Risk-On}
2019-07-12,0.9999999965246925,3.475307505932297e-09,9.125802338404589e-21,7.855127769021321e-22,6.75641046694693e-48,Risk-On,0.9999999965246925,7.116389759519278e-08,4.4216615655316024e-08,{Risk-On}
2019-07-15,0.9993601514922085,0.000639848507787284,4.227596580973909e-15,2.4409584914761027e-19,6.599545846206188e-40,Risk-On,0.9993601514922085,0.005345268277537928,0.0033212019154275976,{Risk-On}
2019-07-16,0.99999996707063,3.292937004267292e-08,4.6068775903771355e-20,3.686036302077703e-20,7.296796815652512e-47,Risk-On,0.99999996707063,6.002642217135548e-07,3.729651309168679e-07,{Risk-On}
2019-07-17,0.99999999682229,3.1777099341918565e-09,2.1006461288433668e-22,1.5537132263836285e-21,2.6460487687836625e-50,Risk-On,0.99999999682229,6.53542942467275e-08,4.060690613898005e-08,{Risk-On}
2019-07-18,0.9999999897378015,1.0262198468896856e-08,1.8149305781670503e-22,7.576012034764645e-22,7.16196811784488e-51,Risk-On,0.9999999897378015,1.9903127406442728e-07,1.2366508364613709e-07,{Risk-On}
2019-07-19,0.9999999842429489,1.5757051093310913e-08,4.927270117524999e-22,7.309109960991378e-22,2.767019493674583e-50,Risk-On,0.9999999842429489,2.9884588248800855e-07,1.8568338683909625e-07,{Risk-On}
2019-07-22,0.9999547926337301,4.5207366269906185e-05,1.3859592033462288e-17,1.1610788462421091e-20,7.333707521152952e-44,Risk-On,0.9999547926337301,0.0004974721596365834,0.0003090968317530253,{Risk-On}
2019-07-23,0.9999946740092903,5.325990709625505e-06,7.860057518174148e-18,3.749085686225428e-23,3.312374753287587e-44,Risk-On,0.9999946740092903,6.999901004086082e-05,4.349283032297587e-05,{Risk-On}
2019-07-24,0.9999977908617583,2.2091382416268496e-06,8.356528673233837e-18,8.128557607461215e-22,7.626209156587333e-44,Risk-On,0.9999977908617583,3.097853800193067e-05,1.924804788218204e-05,{Risk-On}
2019-07-25,0.9999993546995579,6.453004420963035e-07,1.6528895761641375e-19,1.7034811367932475e-22,7.86779922025566e-47,Risk-On,0.9999993546995579,9.843120238644654e-06,6.115874469340667e-06,{Risk-On}
2019-07-26,0.9999915142414176,8.485758582305715e-06,8.33165911845051e-18,5.306459469545852e-22,3.0105552742133286e-44,Risk-On,0.9999915142414176,0.00010757495253161374,6.684007609148357e-05,{Risk-On}
2019-07-29,0.9999848054428434,1.5194557156539682e-05,4.593176996961462e-18,1.8356250293053408e-22,4.482124646846465e-45,Risk-On,0.9999848054428434,0.0001837715674891627,0.0001141836948597962,{Risk-On}
2019-07-30,0.9999923679444123,7.632055587694947e-06,5.748245358409892e-19,1.129633169820792e-21,4.110003733106867e-46,Risk-On,0.9999923679444123,9.75617057553861e-05,6.061849606104692e-05,{Risk-On}
2019-07-31,0.9999999922568685,7.743131450945838e-09,3.4468903547388685e-23,4.286281866441029e-21,2.71521981537807e-51,Risk-On,0.9999999922568685,1.523554136416831e-07,9.466374096485776e-08,{Risk-On}
2019-08-01,0.9999999995758037,4.241963570179777e-10,1.947774239318424e-25,3.307016878293422e-20,2.355425052248945e-54,Risk-On,0.9999999995758037,9.576704747459389e-09,5.950341217559403e-09,{Risk-On}
2019-08-02,0.9983633590110302,0.0016366409889675745,8.5809290367227405e-19,2.15280649068178e-15,2.545691805147006e-45,Risk-On,0.9983633590110302,0.012134531812536297,0.0075396085296537685,{Risk-On}
2019-08-05,4.49746827419481e-09,0.9999999955024655,1.342799364491825e-18,6.618008110584405e-14,4.248869023708758e-41,Late-Cycle,0.9999999955024655,9.093758027741673e-08,5.650269549067817e-08,{Late-Cycle}
2019-08-06,0.10648001902659278,0.8935199809726418,7.648697700941725e-13,5.532295941091964e-16,5.205304385538437e-41,Late-Cycle,0.8935199809726418,0.3390920864631816,0.2106897593522832,"{Late-Cycle, Risk-On}"
2019-08-07,0.9912128080033801,0.008787191996439772,2.019644615278341e-18,1.8016158995794118e-13,5.1168734079203904e-48,Risk-On,0.9912128080033801,0.050351080702901306,0.031284885433542915,{Risk-On}
2019-08-08,0.9602285793847697,0.03977142061522701,1.5627490306303195e-19,3.334257426533865e-15,2.905794219483061e-48,Risk-On,0.9602285793847697,0.16721702857802057,0.10389778150877715,{Risk-On}
2019-08-09,0.11725880089713844,0.8827411991028613,1.4417312715579365e-16,3.7546941646767265e-17,1.3991079907038249e-43,Late-Cycle,0.8827411991028613,0.36142752828676333,0.22456754963609835,"{Late-Cycle, Risk-On}"
2019-08-12,0.9946394006250271,0.005360599374969668,3.670696742261271e-20,3.247595451721939e-15,9.286021208418931e-52,Risk-On,0.9946394006250271,0.03337506160452712,0.020737091717971872,{Risk-On}
2019-08-13,0.9994111744560927,0.0005888255439070526,5.197613212035529e-22,1.8190109424049898e-16,1.5715907700471543e-52,Risk-On,0.9994111744560927,0.004967971832157495,0.003086774453227572,{Risk-On}
2019-08-14,0.939333520275718,0.06066647972428193,2.320185964948892e-18,3.388583476619757e-18,1.8789748767795657e-46,Risk-On,0.939333520275718,0.22879744066888572,0.14215984282540878,{Risk-On}
2019-08-15,0.9999664380917657,3.3561908234290916e-05,9.40792266744016e-23,1.5160160594781883e-17,2.610297255083698e-54,Risk-On,0.9999664380917657,0.0003793201094028081,0.00023568483535293857,{Risk-On}
2019-08-16,0.9999995313238806,4.686761193257907e-07,1.9705528978261085e-25,2.8381581927008865e-20,8.66734299067491e-56,Risk-On,0.9999995313238806,7.298856953556792e-06,4.535034807598177e-06,{Risk-On}
2019-08-19,0.9999999997783772,2.2162282713688473e-10,7.466472133160903e-31,1.7860966604682999e-19,1.2757177951144323e-61,Risk-On,0.9999999997783772,5.146310340741449e-09,3.1975823987880422e-09,{Risk-On}
2019-08-20,0.9999997527268836,2.472731164568603e-07,1.3893782378368403e-26,5.820418659245836e-20,1.8955715600544444e-56,Risk-On,0.9999997527268836,4.008980721379137e-06,2.4909197741688515e-06,{Risk-On}
2019-08-21,0.9999993577599848,6.422400152069073e-07,5.1171829825424545e-25,1.367859094829292e-20,6.238106159399135e-54,Risk-On,0.9999993577599848,9.79949102467886e-06,6.088766114536343e-06,{Risk-On}
2019-08-22,0.9999954483672652,4.5516327348506135e-06,1.64878247408229e-23,1.4509824541344548e-20,8.948847137590428e-52,Risk-On,0.9999954483672652,6.0536814741678824e-05,3.761363782596836e-05,{Risk-On}
2019-08-23,0.9999998996130721,1.0038692783332278e-07,5.0736390136757957e-26,2.1948152749281332e-20,3.794741640951115e-55,Risk-On,0.9999998996130721,1.7180433523583316e-06,1.0674803539081402e-06,{Risk-On}
2019-08-26,0.9999999665328974,3.346710268813027e-08,1.8284156735437136e-26,1.1425130570830329e-20,2.542112407063387e-55,Risk-On,0.9999999665328974,6.095243972790497e-07,3.7871880149586525e-07,{Risk-On}
2019-08-27,0.9999999980058861,1.9941138624658077e-09,3.745952783383709e-28,1.3179381016300713e-20,3.385119306179887e-57,Risk-On,0.9999999980058861,4.194032889208413e-08,2.605899150757169e-08,{Risk-On}
2019-08-28,0.9999999998867735,1.1322655346539875e-10,8.215616918656275e-30,2.992501798958921e-20,3.5273886368688257e-59,Risk-On,0.9999999998867735,2.7043036319506235e-09,1.6802783201873612e-09,{Risk-On}
2019-08-29,0.9999999999988666,1.1334007314013601e-12,9.187104663034341e-34,1.1209104715850183e-19,6.0243407364126176e-64,Risk-On,0.9999999999988666,3.0591674111646084e-11,1.9007675832228592e-11,{Risk-On}
2019-08-30,0.9999999999996507,3.4922743755990845e-13,6.8936676799978425e-34,9.722442893124896e-20,1.4394682653440766e-63,Risk-On,0.9999999999996507,8.894095802092573e-12,5.526212433160107e-12,{Risk-On}
2019-09-02,0.9999999997663184,2.3368166100246837e-10,1.1140499011816003e-29,9.819744050557939e-19,1.739318802140862e-58,Risk-On,0.9999999997663184,5.4140563447951615e-09,3.363942344695353e-09,{Risk-On}
2019-09-03,0.9999999999920257,7.974327450586652e-12,2.0692530228450342e-30,5.257166541404161e-19,2.549913408904719e-58,Risk-On,0.9999999999920257,2.0981452577214843e-10,1.3036509464029385e-10,{Risk-On}
2019-09-04,0.9999999999995215,4.785118854819963e-13,6.833240521724098e-33,3.892209594076915e-20,4.582416715793923e-62,Risk-On,0.9999999999995215,1.2513074889365579e-11,7.774810567523484e-12,{Risk-On}
2019-09-05,0.9999999999821395,1.7860445484213393e-11,8.924335610732569e-31,9.227705231221803e-20,2.340868104834825e-59,Risk-On,0.9999999999821395,4.57905538643043e-10,2.845127078872589e-10,{Risk-On}
2019-09-06,0.9999999995972494,4.027506566178588e-10,3.7682775469885787e-29,1.645816267542457e-19,1.5425310399398558e-57,Risk-On,0.9999999995972494,9.113337400998419e-09,5.662434897669016e-09,{Risk-On}
2019-09-09,0.9999999999937825,6.217453679953406e-12,6.2196303476568e-32,3.5501321468002525e-17,1.3289021214323196e-60,Risk-On,0.9999999999937825,1.6472425699000794e-10,1.0234893543726727e-10,{Risk-On}
2019-09-10,0.9572992998391566,0.042700700159353025,3.612090763792288e-23,1.4903199001534008e-12,5.2446671056230065e-49,Risk-On,0.9572992998391566,0.1764341289045309,0.10962468793697883,{Risk-On}
2019-09-11,0.9999882996427808,1.1700351218545773e-05,2.1944848086394386e-24,6.000618656988519e-12,2.48520077176514e-53,Risk-On,0.9999882996427808,0.00014456836216137587,8.982537384292874e-05,{Risk-On}
2019-09-12,1.5734330095362927e-32,0.9999996936624499,5.569413177630461e-35,3.0633755005626335e-07,1.2273749427082328e-49,Late-Cycle,0.9999996936624499,4.900963215026676e-06,3.0451396584876643e-06,{Late-Cycle}
2019-09-13,0.9449326369585535,0.055067358567393816,1.9168247188222893e-21,4.47405274653341e-09,4.792871415255173e-50,Risk-On,0.9449326369585535,0.21317380169226224,0.13245233012428542,{Risk-On}
2019-09-16,1.5607440549914677e-12,0.9999999996715322,2.519885362782944e-21,3.269070262073291e-10,1.983550140102361e-42,Late-Cycle,0.9999999996715322,7.508215987988477e-09,4.665116889556252e-09,{Late-Cycle}
2019-09-17,4.410885798986521e-05,0.9999558910882363,2.1421875903270045e-18,5.377378471192405e-11,1.9742153557363565e-45,Late-Cycle,0.9999558910882363,0.00048647032505888126,0.0003022610075856531,{Late-Cycle}
2019-09-18,0.028188889607291656,0.9718111103622583,8.85855535582502e-18,3.045004813491797e-11,3.1146591759586735e-45,Late-Cycle,0.9718111103622583,0.12838907748370318,0.07977261905650565,{Late-Cycle}
2019-09-19,0.7859417328792946,0.21405825094649733,3.439654096730343e-21,1.6174208098165427e-08,8.447108202969255e-49,Risk-On,0.7859417328792946,0.5192844486320671,0.32264956890862956,"{Risk-On, Late-Cycle}"
2019-09-20,3.323579071724339e-05,0.9999667641342314,5.137407423661971e-21,7.505143123851437e-11,4.684149166146411e-46,Late-Cycle,0.9999667641342314,0.0003759606530217225,0.0002335974877422409,{Late-Cycle}
2019-09-23,1.3228207792629817e-05,0.9999867717740472,1.4191880319001905e-19,1.816022506771493e-11,2.378733557641919e-47,Late-Cycle,0.9999867717740472,0.00016182314676046306,0.00010054637430264278,{Late-Cycle}
2019-09-24,0.021012210704204098,0.9789874694638196,5.877132653249276e-21,3.198319762742891e-07,3.0352263832097025e-49,Late-Cycle,0.9789874694638196,0.1019578360395122,0.06334996538344995,{Late-Cycle}
2019-09-25,1.4446523123094019e-05,0.9999855534622458,2.747744095915176e-19,1.4631124644609132e-11,2.8095850880372235e-45,Late-Cycle,0.9999855534622458,0.00017545411602748796,0.00010901577170015377,{Late-Cycle}
2019-09-26,0.0037161220569277794,0.9962838776931885,1.8870626143207796e-20,2.4988370766703655e-10,1.3162580657474815e-47,Late-Cycle,0.9962838776931885,0.024501194654052236,0.015223448177007859,{Late-Cycle}
2019-09-27,0.0060680581658423246,0.9939319417031354,3.472219906124847e-20,1.310222678062094e-10,1.240648312581945e-47,Late-Cycle,0.9939319417031354,0.037025330699567836,0.02300513142726397,{Late-Cycle}
2019-09-30,2.244688472786702e-08,0.9999999775347491,5.333673710254218e-19,1.8366191388036453e-11,1.2378221758956764e-43,Late-Cycle,0.9999999775347491,4.1825339128417246e-07,2.59875443502887e-07,{Late-Cycle}
2019-10-01,5.218914602335293e-07,0.9999994781082492,1.4029662459989902e-16,2.9039090873129415e-13,1.343405046713968e-41,Late-Cycle,0.9999994781082492,8.07147829012984e-06,5.015091435197152e-06,{Late-Cycle}
2019-10-02,0.00013725167173236685,0.9998627483229954,3.033048694333875e-17,5.272174835989653e-12,1.0049526666779271e-43,Late-Cycle,0.9998627483229954,0.0013579168017598716,0.0008437211471588672,{Late-Cycle}
2019-10-03,1.1145223942245633e-06,0.9999988854754087,2.2160487109188417e-17,2.1970421056673937e-12,6.863546262813148e-44,Late-Cycle,0.9999988854754087,1.6391432859876116e-05,1.0184569863329398e-05,{Late-Cycle}
2019-10-04,4.3232059196193633e-11,0.9999999999547324,5.844998767569661e-16,2.034937364888802e-12,4.907862477984328e-41,Late-Cycle,0.9999999999547324,1.1289721885782876e-09,7.014698609099121e-10,{Late-Cycle}
2019-10-07,2.4160124136388307e-07,0.9999997583972293,1.197962386126401e-16,1.5291498312490893e-12,7.363074515547963e-43,Late-Cycle,0.9999997583972293,3.922672590762942e-06,2.4372935174804752e-06,{Late-Cycle}
2019-10-08,0.00019774851572524873,0.9998022514793541,6.23339931241268e-18,4.920710858214422e-12,4.715624491132244e-46,Late-Cycle,0.9998022514793541,0.0018842301675759446,0.001170738027866046,{Late-Cycle}
2019-10-09,0.010494207371435364,0.9895057926285311,1.092003850610564e-15,3.2389233549453006e-14,1.2509842706425356e-43,Late-Cycle,0.9895057926285311,0.05826033738322606,0.03619918291542767,{Late-Cycle}
2019-10-10,0.9982921161705142,0.0017078838278891957,1.082723633323652e-20,1.5966603206336643e-12,5.369543452136655e-50,Risk-On,0.9982921161705142,0.012589914644381903,0.007822553791678129,{Risk-On}
2019-10-11,0.9999999391604358,6.083956406893128e-08,3.884560067750193e-26,1.2007686477855135e-16,3.993043388560526e-55,Risk-On,0.9999999391604358,1.0716884761923446e-06,6.658774892232605e-07,{Risk-On}
2019-10-14,0.9999882474230182,1.1752576981802907e-05,3.934174335303622e-23,6.05216367313449e-18,6.354232732138786e-51,Risk-On,0.9999882474230182,0.00014516115514932767,9.019369683530517e-05,{Risk-On}
2019-10-15,0.9999942155692054,5.784430794601186e-06,3.3849697540672765e-23,8.15547744923458e-19,1.326138817318973e-51,Risk-On,0.9999942155692054,7.55466175986815e-05,4.693975270187679e-05,{Risk-On}
2019-10-16,0.9999896923760051,1.0307623983147004e-05,4.592480035265187e-25,1.1758779441323935e-14,2.1092018679801913e-53,Risk-On,0.9999896923760051,0.0001286661680119057,7.994478508171346e-05,{Risk-On}
2019-10-17,4.928588219478069e-10,0.9999999993614546,5.206836239414127e-22,1.4568667038749247e-10,3.4150024256986433e-44,Late-Cycle,0.9999999993614546,1.4497647321151804e-08,9.007894749556189e-09,{Late-Cycle}
2019-10-18,4.4068881481118884e-10,0.9999999995559815,6.768719459854348e-16,3.3289645521768366e-12,4.740772963320204e-40,Late-Cycle,0.9999999995559815,1.0022762062826722e-08,6.227492210413001e-09,{Late-Cycle}
2019-10-21,2.6243488793348952e-05,0.9999737565002147,8.542079636700237e-17,1.0991816039457546e-11,1.7857174165701571e-43,Late-Cycle,0.9999737565002147,0.00030306218097065626,0.00018830312038089594,{Late-Cycle}
2019-10-22,5.858625534347332e-07,0.999999414135992,9.385136462628391e-17,1.4544423802118429e-12,2.458920736052946e-43,Late-Cycle,0.999999414135992,8.993134184163804e-06,5.587748439803225e-06,{Late-Cycle}
2019-10-23,9.21555330807798e-08,0.9999999030844943,1.3348113451698593e-17,4.759972607027669e-09,9.63489279820954e-44,Late-Cycle,0.9999999030844943,1.6810280795856447e-06,1.0444814718222165e-06,{Late-Cycle}
2019-10-24,1.4914646255017357e-06,0.9999985085344929,2.2621829565239316e-16,8.813437805287036e-13,1.5661535850284723e-43,Late-Cycle,0.9999985085344929,2.1500605655497333e-05,1.3359077407950455e-05,{Late-Cycle}
2019-10-25,0.05056029301815193,0.9494396972027167,5.371339176105334e-21,9.779131356130579e-09,1.886368818709718e-50,Late-Cycle,0.9494396972027167,0.20016188869400195,0.12436757401301601,{Late-Cycle}
2019-10-28,0.004430405077337525,0.995569594464891,5.325825059575883e-22,4.577714313744466e-10,7.29786065135987e-52,Late-Cycle,0.995569594464891,0.028430122494669842,0.017664628299747433,{Late-Cycle}
2019-10-29,0.00833888552397906,0.991661113788845,3.209758545497723e-20,6.871759367405819e-10,1.9483133254530486e-49,Late-Cycle,0.991661113788845,0.04822082669654728,0.029961284199909587,{Late-Cycle}
2019-10-30,6.188879428511893e-05,0.9999381111516318,2.1122273020099988e-19,5.408304745003087e-11,1.0156523204989694e-47,Late-Cycle,0.9999381111516318,0.0006616012346196982,0.0004110759598169886,{Late-Cycle}
2019-10-31,1.325956836567163e-08,0.9999999867268763,3.1266111756378618e-18,1.3555248597807564e-11,2.0388041561097866e-45,Late-Cycle,0.9999999867268763,2.5411866493125166e-07,1.578928040454352e-07,{Late-Cycle}
2019-11-01,2.097341123265547e-07,0.9999997902396814,3.1683802849331685e-17,2.620622281750524e-11,2.009451445089955e-44,Late-Cycle,0.9999997902396814,3.435566463948089e-06,2.134637464052383e-06,{Late-Cycle}
2019-11-04,4.2230038789603157e-07,0.999999191324517,2.9432070406385645e-15,3.863750922045398e-07,9.221911404401372e-42,Late-Cycle,0.999999191324517,1.271239811642099e-05,7.898657051762168e-06,{Late-Cycle}
2019-11-05,0.0,2.896230214602728e-45,4.409897973593408e-210,1.0,2.0207630167135263e-134,Risk-Off,1.0,-1.000088900581841e-12,-6.213901715968123e-13,{Risk-Off}
2019-11-06,1.0959943392293976e-22,0.9999921885698974,7.856473842178435e-12,7.8114222461534e-06,2.8606307205814762e-27,Late-Cycle,0.9999921885698974,9.967332561894363e-05,6.193051925078522e-05,{Late-Cycle}
2019-11-07,3.300713212426693e-18,0.9999999872469351,3.4725695669818567e-13,1.2752717596874496e-08,5.4232811536119316e-33,Late-Cycle,0.9999999872469351,2.445733541421044e-07,1.519619689909092e-07,{Late-Cycle}
2019-11-08,2.2600430315789505e-22,0.999999999137906,6.913215086404503e-13,8.614025763243859e-10,3.0887355980442794e-32,Late-Cycle,0.999999999137906,1.8858423264400238e-08,1.1717397184883583e-08,{Late-Cycle}
2019-11-11,7.350808070221469e-21,0.9999999978336022,8.355831589304703e-12,2.158042016448904e-09,1.1100689999050062e-30,Late-Cycle,0.9999999978336022,4.543830420180612e-08,2.8232405767728943e-08,{Late-Cycle}
2019-11-12,2.749817236054509e-23,0.9999999728149316,9.218689901235113e-11,2.7092881499088414e-08,1.79723139163807e-29,Late-Cycle,0.9999999728149316,5.013784817406443e-07,3.1152396614192075e-07,{Late-Cycle}
2019-11-13,6.682457218257355e-15,0.9999998068066585,5.068166569096519e-13,1.9319282809430432e-07,3.103498337875275e-32,Late-Cycle,0.9999998068066585,3.179884712596108e-06,1.975773459808013e-06,{Late-Cycle}
2019-11-14,1.0830680992074954e-12,0.999999993694875,1.4663263924627464e-13,6.3038952598563734e-09,7.0160876974057974e-34,Late-Cycle,0.999999993694875,1.2536705678687397e-07,7.789493202460348e-08,{Late-Cycle}
2019-11-15,9.75398005378456e-12,0.9999999998246918,5.998272134297684e-13,1.6495441369377452e-10,5.850168215765035e-34,Late-Cycle,0.9999999998246918,4.151603496452086e-09,2.5795362867855126e-09,{Late-Cycle}
2019-11-18,1.4338766763217028e-11,0.9999999998086844,1.0702824442312558e-11,1.6627399308925016e-10,1.0164013786284169e-31,Late-Cycle,0.9999999998086844,4.5598212936500985e-09,2.8331762650936085e-09,{Late-Cycle}
2019-11-19,7.242602178257114e-10,0.9999999992006028,2.5384726386999265e-11,4.9752220929639505e-11,2.054127613413684e-32,Late-Cycle,0.9999999992006028,1.783774165302375e-08,1.1083212042672774e-08,{Late-Cycle}
2019-11-20,1.4649766438926725e-11,0.9999999999482057,2.904232227480956e-11,8.10227777916872e-12,1.270549758435943e-31,Late-Cycle,0.9999999999482057,1.324918371720716e-09,8.232180697899185e-10,{Late-Cycle}
2019-11-21,5.6933208038740056e-08,0.9999999427016248,1.3216842562684883e-11,3.519502278481865e-10,3.622360069047888e-32,Late-Cycle,0.9999999427016248,1.015011453295235e-06,6.306620749104514e-07,{Late-Cycle}
2019-11-22,1.0314852312085714e-05,0.9999896842796937,3.3328946258449236e-13,8.676608902528276e-10,2.4084971696883573e-35,Late-Cycle,0.9999896842796937,0.00012876814530474753,8.00081471362879e-05,{Late-Cycle}
2019-11-25,2.236782719428726e-08,0.9999999775885418,2.792199134930628e-13,4.335185430042226e-11,1.629832727179777e-35,Late-Cycle,0.9999999775885418,4.174742040505839e-07,2.593913072540956e-07,{Late-Cycle}
2019-11-26,4.7137912937051195e-11,0.9999999999238998,1.9927880461676655e-12,2.69695229038326e-11,1.3684940370300768e-33,Late-Cycle,0.9999999999238998,1.9031884750205317e-09,1.1825174865814895e-09,{Late-Cycle}
2019-11-27,1.381079613198846e-07,0.9999998610786854,2.129055717541278e-14,8.133319141927688e-10,8.673131612403075e-38,Late-Cycle,0.9999998610786854,2.3373888659666022e-06,1.4523013580757242e-06,{Late-Cycle}
2019-11-28,2.1202529556952137e-05,0.9999787971465736,2.1995984700823334e-15,3.2386730410296267e-10,2.1806105083312395e-40,Late-Cycle,0.9999787971465736,0.0002493783933501274,0.00015494750771278255,{Late-Cycle}
2019-11-29,0.0003336473091358209,0.999666351058343,1.1824378230238535e-15,1.6325199899394033e-09,2.5246654234254717e-41,Late-Cycle,0.999666351058343,0.0030046151739691173,0.0018668723724949183,{Late-Cycle}
2019-12-02,7.223223488535274e-21,0.9999999112568386,3.09748009996822e-20,8.874316134621894e-08,8.76011199503518e-39,Late-Cycle,0.9999999112568386,1.5297099673719241e-06,9.504622424722204e-07,{Late-Cycle}
2019-12-03,1.3219597498554319e-11,0.9999999995033705,2.9218162934003896e-13,4.831177451733305e-10,4.2922421727950395e-34,Late-Cycle,0.9999999995033705,1.1196050055002752e-08,6.9564970282512735e-09,{Late-Cycle}
2019-12-04,8.253340551698724e-11,0.9999999998307264,5.855342316758556e-11,2.8186819521665784e-11,8.923763025545605e-31,Late-Cycle,0.9999999998307264,4.145851883386422e-09,2.5759626086577457e-09,{Late-Cycle}
2019-12-05,4.4527683243334336e-08,0.9999999550475527,1.7652714992102088e-12,4.22998807516015e-10,4.166816440329805e-34,Late-Cycle,0.9999999550475527,8.078532719393928e-07,5.019474598542309e-07,{Late-Cycle}
2019-12-06,1.0365582305119255e-09,0.9999999988939979,1.1759403664189091e-11,5.768443984945383e-11,2.8712297008048642e-33,Late-Cycle,0.9999999988939979,2.4201616448115327e-08,1.5037309772026562e-08,{Late-Cycle}
2019-12-09,2.230484189253652e-05,0.9999776930876589,7.462822198358977e-12,2.062985755633635e-09,3.5148666620431254e-34,Late-Cycle,0.9999776930876589,0.0002612487299267059,0.0001623229625127915,{Late-Cycle}
2019-12-10,0.000509755833231859,0.9994902441318478,1.915796178970917e-11,1.5762358285953087e-11,1.3933773697500823e-34,Late-Cycle,0.9994902441318478,0.00437438075156305,0.0027179555780112536,{Late-Cycle}
2019-12-11,0.01011992284478592,0.989880075360789,2.5853279801743175e-12,1.7918396792640453e-09,3.120604673561244e-36,Late-Cycle,0.989880075360789,0.056551908647636956,0.03513767645880066,{Late-Cycle}
2019-12-12,0.0007214866440015154,0.9992785133520594,1.2056396507543468e-12,2.7334808405622407e-12,2.326785656788197e-37,Late-Cycle,0.9992785133520594,0.005940602709011549,0.0036911039954483434,{Late-Cycle}
2019-12-13,2.7256077966652776e-07,0.9999997274298825,8.622737063704215e-12,7.15103288016893e-13,6.658009526411965e-35,Late-Cycle,0.9999997274298825,4.392672540213705e-06,2.729320905315486e-06,{Late-Cycle}
2019-12-16,1.108464378952568e-05,0.9999889153357306,2.040193119696918e-11,7.789251069926799e-14,1.8755750839217422e-35,Late-Cycle,0.9999889153357306,0.0001375603339480993,8.547104109164062e-05,{Late-Cycle}
2019-12-17,6.356444511296835e-05,0.9999364355265409,2.822389979997115e-11,1.222667950080062e-13,5.897765965438137e-35,Late-Cycle,0.9999364355265409,0.0006778153756643892,0.00042115037208193196,{Late-Cycle}
2019-12-18,0.0011510115919728709,0.9988489883996662,3.0530737071631112e-12,5.307836713850925e-12,3.945140478214667e-37,Late-Cycle,0.9988489883996662,0.008939375895224904,0.005554346536863338,{Late-Cycle}
2019-12-19,0.004783787012835815,0.9952162129864829,1.15364559531588e-13,5.65969265500496e-13,5.063648304224574e-39,Late-Cycle,0.9952162129864829,0.030329817541489997,0.018844975197346656,{Late-Cycle}
2019-12-20,0.007596633988894558,0.9924033660049747,2.4161701356279187e-14,6.106630990005495e-12,2.0748418102699862e-39,Late-Cycle,0.9924033660049747,0.044639660277108154,0.0277361803970403,{Late-Cycle}
2019-12-23,2.58413800040027e-10,0.9999999976907168,1.2076248505345412e-14,2.050857324160421e-09,1.940847583077838e-36,Late-Cycle,0.9999999976907168,4.903889760380095e-08,3.046958023353317e-08,{Late-Cycle}
2019-12-24,7.054125416396463e-07,0.9999992945508459,3.6603848422354834e-11,8.586118160252457e-15,2.7463023244483472e-33,Late-Cycle,0.9999992945508459,1.0698129760250193e-05,6.647121754495289e-06,{Late-Cycle}
2019-12-25,2.805617024126781e-08,0.9999999715605212,3.8328556653235665e-10,2.291618424088657e-14,7.025143573648994e-31,Late-Cycle,0.9999999715605212,5.246179530524193e-07,3.2596346152862246e-07,{Late-Cycle}
2019-12-26,1.4851681163980296e-07,0.9999998509678762,5.15035310767738e-10,2.7677014771205536e-13,3.7238716497880846e-31,Late-Cycle,0.9999998509678762,2.4951172651991577e-06,1.5503035226910763e-06,{Late-Cycle}
2019-12-27,2.9039900828164705e-08,0.999999968712035,2.2479578337839404e-09,1.0635262975490259e-13,1.5736443156523583e-29,Late-Cycle,0.999999968712035,5.800277442519673e-07,3.603915005175554e-07,{Late-Cycle}
2019-12-30,1.367544230116068e-30,0.9999991828741187,3.550974320116804e-16,8.17125880990061e-07,2.9105784990820328e-28,Late-Cycle,0.9999991828741187,1.2271163267608492e-05,7.624502425849835e-06,{Late-Cycle}
2019-12-31,1.2355855651336406e-09,0.9999999124913405,8.627057572407453e-08,2.4982002999825506e-12,1.5242575225204965e-26,Late-Cycle,0.9999999124913405,1.5161735097730848e-06,9.420515684758767e-07,{Late-Cycle}
2020-01-01,0.0027637610611354257,0.9972362292353696,5.674458432566891e-12,9.697820511004246e-09,1.0403894379726782e-33,Late-Cycle,0.9972362292353696,0.01904189352452575,0.011831393666952303,{Late-Cycle}
2020-01-02,6.74274918178373e-07,0.9999993255050749,2.3932749130092235e-11,1.9607421271030586e-10,4.082504882865039e-32,Late-Cycle,0.9999993255050749,1.0260654470995822e-05,6.375303074274978e-06,{Late-Cycle}
2020-01-03,0.00015956550236106347,0.9997940275291053,3.936749407200408e-10,4.640657485870793e-05,3.4636853797160455e-31,Late-Cycle,0.9997940275291053,0.002064097933620503,0.0012824961545107253,{Late-Cycle}
2020-01-06,2.955480709132964e-06,7.44277837540647e-06,2.5798675362878883e-18,0.9999896017409154,1.1125979998332694e-39,Risk-Off,0.9999896017409154,0.00013591324623011945,8.444764795217568e-05,{Risk-Off}
2020-01-07,1.1907809937035124e-12,4.0565434336425295e-17,3.164857407647833e-33,0.9999999999988092,7.317214196698717e-52,Risk-Off,0.9999999999988092,3.216058334441359e-11,1.998249394770016e-11,{Risk-Off}
2020-01-08,3.628991723124525e-13,9.595559551981911e-16,6.058817835912152e-33,0.9999999999996362,1.3258598781263306e-51,Risk-Off,0.9999999999996362,9.305270762663437e-12,5.781689800378956e-12,{Risk-Off}
2020-01-09,1.1455674870781962e-14,5.410842644139213e-14,1.7525496456010073e-31,0.9999999999999344,6.520470107971003e-49,Risk-Off,0.9999999999999344,8.74257623138138e-13,5.432068030607768e-13,{Risk-Off}
2020-01-10,4.276283267776487e-46,6.398059846491039e-16,1.716109688953778e-45,0.9999999999999993,1.092039515849153e-52,Risk-Off,0.9999999999999993,-9.817446833159301e-13,-6.099922685623503e-13,{Risk-Off}
2020-01-13,8.459019663636619e-16,2.2242360936042766e-08,3.4021594325476e-24,0.9999999777576383,6.041034528357645e-40,Risk-Off,0.9999999777576383,4.141789704686433e-07,2.573438635121019e-07,{Risk-Off}
2020-01-14,1.1639899207264383e-17,2.3115168044495152e-07,2.7368164822325787e-23,0.9999997688483195,2.7384921791352653e-39,Risk-Off,0.9999997688483195,3.763191646908002e-06,2.3382024356668614e-06,{Risk-Off}
2020-01-15,4.540803547478101e-16,1.3664770900139751e-12,2.0053441396352517e-31,0.9999999999986331,1.2944892957498873e-48,Risk-Off,0.9999999999986331,3.6959545905631705e-11,2.2964257036628646e-11,{Risk-Off}
2020-01-16,3.951725028951486e-14,2.1757255018146137e-10,7.544796602244278e-29,0.999999999782388,5.898552157876723e-47,Risk-Off,0.999999999782388,5.057365159630731e-09,3.142317650503221e-09,{Risk-Off}
2020-01-17,5.413302995283421e-12,1.4653957811909494e-11,4.328142513186426e-31,0.9999999999799327,2.812298992988432e-50,Risk-Off,0.9999999999799327,5.231772763175184e-10,3.2506831874382125e-10,{Risk-Off}
2020-01-20,6.2381368289874085e-12,6.181396321430515e-14,5.206834239533656e-34,0.9999999999937,5.0721156375032246e-54,Risk-Off,0.9999999999937,1.6702280611946356e-10,1.0377710431019963e-10,{Risk-Off}
2020-01-21,2.094981581413205e-12,9.214092754528896e-18,5.976910072908483e-38,0.999999999997905,2.1477042536167048e-58,Risk-Off,0.999999999997905,5.661487549057899e-11,3.517679995803947e-11,{Risk-Off}
2020-01-22,2.460323901770381e-16,9.839249553657536e-25,1.0585485641778469e-47,0.9999999999999998,3.195260576000749e-67,Risk-Off,0.9999999999999998,-9.930687903060368e-13,-6.170283318379942e-13,{Risk-Off}
2020-01-23,3.574105422930794e-18,5.474767593510161e-18,2.1211548739377155e-40,1.0,6.470097683038072e-58,Risk-Off,1.0,-9.998388710231956e-13,-6.212348194973534e-13,{Risk-Off}
2020-01-24,1.1724931776645386e-43,2.4686952625561653e-17,1.1553877871073231e-47,1.0,8.209757047804704e-57,Risk-Off,1.0,-9.994067754819943e-13,-6.209663434425377e-13,{Risk-Off}
2020-01-27,1.2765830889386618e-34,2.766679393673958e-41,6.37568098519856e-71,1.0,4.528234620162929e-84,Risk-Off,1.0,-1.000088900581841e-12,-6.213901715968123e-13,{Risk-Off}
2020-01-28,4.591706889629614e-26,3.620194786492629e-36,2.4413618580420507e-65,1.0,2.4404830140769186e-81,Risk-Off,1.0,-1.0000889005805723e-12,-6.213901715960241e-13,{Risk-Off}
2020-01-29,5.276242326397518e-29,2.183649180843075e-42,4.4169222670554916e-76,1.0,3.456671179502839e-92,Risk-Off,1.0,-1.0000889005818396e-12,-6.213901715968115e-13,{Risk-Off}
2020-01-30,6.220327769072604e-33,4.8304147623966964e-51,2.7718006153938718e-86,1.0,3.6984693022567584e-100,Risk-Off,1.0,-1.000088900581841e-12,-6.213901715968123e-13,{Risk-Off}
2020-01-31,5.868447481892206e-32,1.1438924886334024e-51,7.367004123403173e-87,1.0,1.571466129661903e-101,Risk-Off,1.0,-1.000088900581841e-12,-6.213901715968123e-13,{Risk-Off}
2020-02-03,8.863411694587035e-28,4.183839813636263e-50,2.0471543857065638e-90,1.0,1.41998158514305e-107,Risk-Off,1.0,-1.0000889005818166e-12,-6.213901715967971e-13,{Risk-Off}
2020-02-04,1.224435326657534e-26,5.691945830706923e-50,2.322434180708609e-93,1.0,1.4217204904444093e-110,Risk-Off,1.0,-1.0000889005815027e-12,-6.213901715966022e-13,{Risk-Off}
2020-02-05,2.5079315584013204e-31,4.1681014838913617e-45,1.0992783999140744e-89,1.0,1.07944730982905e-107,Risk-Off,1.0,-1.000088900581841e-12,-6.213901715968123e-13,{Risk-Off}
2020-02-06,7.225128206684745e-30,8.856219048756779e-55,1.2865923049261023e-103,1.0,4.814324980731591e-121,Risk-Off,1.0,-1.0000889005818408e-12,-6.213901715968122e-13,{Risk-Off}
2020-02-07,1.8961272176364906e-25,2.394292310074063e-49,1.2011278434096693e-93,1.0,4.70384745293034e-111,Risk-Off,1.0,-1.0000889005766018e-12,-6.213901715935571e-13,{Risk-Off}
2020-02-10,1.70189109922232e-51,9.454372039095652e-43,6.730239387736797e-95,1.0,6.314095401800851e-105,Risk-Off,1.0,-1.000088900581841e-12,-6.213901715968123e-13,{Risk-Off}
2020-02-11,3.593000333222383e-25,1.3811267125571242e-35,2.323628599719511e-73,1.0,1.0787511750537135e-89,Risk-Off,1.0,-1.0000889005719132e-12,-6.213901715906439e-13,{Risk-Off}
2020-02-12,1.0780218729552732e-40,9.79904001945454e-32,3.661809345104599e-72,1.0,3.290696185333121e-86,Risk-Off,1.0,-1.000088900581841e-12,-6.213901715968123e-13,{Risk-Off}
2020-02-13,1.8611243536716836e-29,7.029534190153464e-30,4.2125221268561045e-67,1.0,3.797138208831418e-84,Risk-Off,1.0,-1.0000889005818402e-12,-6.213901715968118e-13,{Risk-Off}
2020-02-14,1.9431104097906906e-27,3.5119524555629178e-28,7.502144584005816e-66,1.0,8.174582477479151e-84,Risk-Off,1.0,-1.0000889005817776e-12,-6.213901715967729e-13,{Risk-Off}
2020-02-17,1.6914128333447184e-26,2.6045297010531055e-25,2.142548703699799e-62,1.0,2.061842864480666e-80,Risk-Off,1.0,-1.000088900574177e-12,-6.213901715920505e-13,{Risk-Off}
2020-02-18,2.8630923121809438e-24,2.5680559430799736e-24,1.28135147908444e-60,1.0,4.597091137906425e-79,Risk-Off,1.0,-1.0000889004317727e-12,-6.213901715035697e-13,{Risk-Off}
2020-02-19,2.9770894146542198e-22,2.9240568056960974e-26,5.768258254622873e-64,1.0,1.5941127720685012e-82,Risk-Off,1.0,-1.000088892355031e-12,-6.213901664852079e-13,{Risk-Off}
2020-02-20,1.4140510770548166e-19,3.555774224090447e-23,2.623782374614429e-59,1.0,1.608679606963892e-78,Risk-Off,1.0,-1.0000849924318473e-12,-6.213877433266917e-13,{Risk-Off}
2020-02-21,2.6977184092095297e-23,7.496074725692277e-38,7.837084763629123e-77,1.0,1.2306902586271463e-93,Risk-Off,1.0,-1.000088899836434e-12,-6.213901711336649e-13,{Risk-Off}
2020-02-24,1.831064374437189e-17,5.302626856838219e-31,1.5851002091904442e-68,1.0,3.3296209459562184e-87,Risk-Off,1.0,-9.995829591331705e-13,-6.210758124999117e-13,{Risk-Off}
2020-02-25,1.1432388695628532e-19,1.718696546116597e-27,2.9559386854966635e-65,1.0,2.94777240833157e-86,Risk-Off,1.0,-1.000085741696072e-12,-6.213882088707297e-13,{Risk-Off}
2020-02-26,5.206774764618847e-13,3.6925754178783074e-18,2.759870013996232e-53,0.9999999999994793,5.433171218949602e-75,Risk-Off,0.9999999999994793,1.3689313015249534e-11,8.505648406496113e-12,{Risk-Off}
2020-02-27,2.2399932459672404e-12,5.2273771964244434e-18,2.325215266627851e-52,0.99999999999776,3.4306888769358665e-74,Risk-Off,0.99999999999776,6.050018156334717e-11,3.759087635250695e-11,{Risk-Off}
2020-02-28,8.294888724476026e-15,5.646888589607408e-16,3.922970433002827e-49,0.9999999999999911,1.5432942365445467e-70,Risk-Off,0.9999999999999911,-7.464767812637984e-13,-4.638121020368118e-13,{Risk-Off}
2020-03-02,0.0,0.0,0.0,1.0,0.0,Risk-Off,1.0,-1.000088900581841e-12,-6.213901715968123e-13,{Risk-Off}
2020-03-03,1.811411620118308e-77,1.1585715615402414e-39,1.0766954078373512e-70,1.0,8.043169892176534e-80,Risk-Off,1.0,-1.000088900581841e-12,-6.213901715968123e-13,{Risk-Off}
2020-03-04,1.029844295035994e-91,1.3416674458177576e-37,2.2975010756247718e-67,1.0,2.5496018251980942e-73,Risk-Off,1.0,-1.000088900581841e-12,-6.213901715968123e-13,{Risk-Off}
2020-03-05,1.0705368683785483e-86,6.95364640601292e-33,7.770405439313049e-59,1.0,4.144319023919493e-65,Risk-Off,1.0,-1.000088900581841e-12,-6.213901715968123e-13,{Risk-Off}
2020-03-06,3.4346628935520137e-96,9.985214539707097e-49,5.754302442560869e-78,1.0,5.675594166740436e-87,Risk-Off,1.0,-1.000088900581841e-12,-6.213901715968123e-13,{Risk-Off}
2020-03-09,0.0,1.6914323130431291e-236,0.0,1.0,0.0,Risk-Off,1.0,-1.000088900581841e-12,-6.213901715968123e-13,{Risk-Off}
2020-03-10,1.3245871139704482e-172,9.852648852574692e-58,3.950612637429529e-81,1.0,1.13903988848372e-71,Risk-Off,1.0,-1.000088900581841e-12,-6.213901715968123e-13,{Risk-Off}
2020-03-11,3.7936984491935764e-148,7.282620783384528e-50,1.808177606957854e-78,1.0,3.955915764675843e-72,Risk-Off,1.0,-1.000088900581841e-12,-6.213901715968123e-13,{Risk-Off}
2020-03-12,3.0553640646112443e-120,3.0092436940838237e-58,1.0670905118223725e-112,1.0,1.0508234378492455e-104,Risk-Off,1.0,-1.000088900581841e-12,-6.213901715968123e-13,{Risk-Off}
2020-03-13,0.0,2.217806555189654e-141,3.9759564092600466e-255,1.0,1.2835068682881749e-189,Risk-Off,1.0,-1.000088900581841e-12,-6.213901715968123e-13,{Risk-Off}
2020-03-16,0.0,3.0585083793200496e-255,0.0,1.0,0.0,Risk-Off,1.0,-1.000088900581841e-12,-6.213901715968123e-13,{Risk-Off}
2020-03-17,1.4080189623259695e-245,1.368423823152158e-92,5.111099250797153e-145,1.0,2.225660404525875e-109,Risk-Off,1.0,-1.000088900581841e-12,-6.213901715968123e-13,{Risk-Off}
2020-03-18,5.191478617870135e-252,1.2725499190609308e-101,8.074560154649779e-156,1.0,1.3712396434613028e-118,Risk-Off,1.0,-1.000088900581841e-12,-6.213901715968123e-13,{Risk-Off}
2020-03-19,0.0,2.9475087274892165e-174,3.075445751259203e-280,1.0,2.651828550647738e-194,Risk-Off,1.0,-1.000088900581841e-12,-6.213901715968123e-13,{Risk-Off}
2020-03-20,0.0,7.635551489647842e-135,6.628668704678169e-205,1.0,3.0904650952602516e-132,Risk-Off,1.0,-1.000088900581841e-12,-6.213901715968123e-13,{Risk-Off}
2020-03-23,0.0,2.779087268559496e-156,9.593296609499221e-193,1.0,2.2503694161392843e-134,Risk-Off,1.0,-1.000088900581841e-12,-6.213901715968123e-13,{Risk-Off}
2020-03-24,2.197611890730794e-308,1.7285231606423495e-118,4.4559719259231705e-171,1.0,1.535492878706245e-119,Risk-Off,1.0,-1.000088900581841e-12,-6.213901715968123e-13,{Risk-Off}
2020-03-25,9.232247983881475e-283,1.1259572853067971e-107,4.324864801418194e-164,1.0,1.3482777756145986e-116,Risk-Off,1.0,-1.000088900581841e-12,-6.213901715968123e-13,{Risk-Off}
2020-03-26,0.0,3.7997491230723895e-209,0.0,1.0,5.030237036705035e-272,Risk-Off,1.0,-1.000088900581841e-12,-6.213901715968123e-13,{Risk-Off}
2020-03-27,4.49304855e-316,2.150729836584737e-119,3.2132612299947803e-174,1.0,1.5144860983260297e-121,Risk-Off,1.0,-1.000088900581841e-12,-6.213901715968123e-13,{Risk-Off}
2020-03-30,2.6877346233001918e-291,6.2669316345782815e-114,5.632883415574882e-172,1.0,1.5520120902788746e-125,Risk-Off,1.0,-1.000088900581841e-12,-6.213901715968123e-13,{Risk-Off}
2020-03-31,8.892792528552698e-272,1.810473088265292e-91,3.3551684543021e-145,1.0,1.2620521266456705e-103,Risk-Off,1.0,-1.000088900581841e-12,-6.213901715968123e-13,{Risk-Off}
2020-04-01,0.0,1.0082009830813037e-140,2.1678665653709616e-239,1.0,5.172320866267542e-181,Risk-Off,1.0,-1.000088900581841e-12,-6.213901715968123e-13,{Risk-Off}
2020-04-02,3.268633399541448e-293,2.210155013553256e-141,1.191355839325629e-249,1.0,4.321098230876913e-194,Risk-Off,1.0,-1.000088900581841e-12,-6.213901715968123e-13,{Risk-Off}
2020-04-03,4.662843824031318e-275,6.842234201452964e-133,4.0331057721292704e-240,1.0,4.0890827443509304e-187,Risk-Off,1.0,-1.000088900581841e-12,-6.213901715968123e-13,{Risk-Off}
2020-04-06,3.93226141307684e-270,1.5718374625852826e-128,1.1067347130348552e-233,1.0,1.0504727761106863e-181,Risk-Off,1.0,-1.000088900581841e-12,-6.213901715968123e-13,{Risk-Off}
2020-04-07,4.408665071931649e-247,1.813836352162588e-114,4.512479395862635e-212,1.0,7.372828033357964e-169,Risk-Off,1.0,-1.000088900581841e-12,-6.213901715968123e-13,{Risk-Off}
2020-04-08,2.490335630599708e-227,3.442355841277763e-120,4.334666163463496e-227,1.0,2.1501094408492653e-185,Risk-Off,1.0,-1.000088900581841e-12,-6.213901715968123e-13,{Risk-Off}
2020-04-09,3.3572974779679584e-205,5.733529342847745e-105,1.1006619556520981e-206,1.0,6.237256405769212e-171,Risk-Off,1.0,-1.000088900581841e-12,-6.213901715968123e-13,{Risk-Off}
2020-04-10,1.320568988352919e-237,2.7134429973458132e-105,1.8155121045679489e-208,1.0,2.887872953017297e-169,Risk-Off,1.0,-1.000088900581841e-12,-6.213901715968123e-13,{Risk-Off}
2020-04-13,1.886431173504779e-195,2.8819336350435362e-98,1.9875088798557306e-192,1.0,3.4116748762287866e-164,Risk-Off,1.0,-1.000088900581841e-12,-6.213901715968123e-13,{Risk-Off}
2020-04-14,5.421342638843427e-177,2.8104462259178566e-99,1.0419064430337286e-194,1.0,2.0589810287034092e-169,Risk-Off,1.0,-1.000088900581841e-12,-6.213901715968123e-13,{Risk-Off}
2020-04-15,7.860422135795603e-166,1.4026373378355778e-97,1.1591386132982238e-195,1.0,2.011720105379773e-172,Risk-Off,1.0,-1.000088900581841e-12,-6.213901715968123e-13,{Risk-Off}
2020-04-16,1.0139533887657488e-193,6.645129020913524e-101,3.5599176472313776e-202,1.0,6.853710280041967e-172,Risk-Off,1.0,-1.000088900581841e-12,-6.213901715968123e-13,{Risk-Off}
2020-04-17,1.019385599192896e-202,1.4520368944706646e-102,8.447249339893925e-199,1.0,9.196842512442116e-168,Risk-Off,1.0,-1.000088900581841e-12,-6.213901715968123e-13,{Risk-Off}
2020-04-20,5.2277874452597234e-198,6.62470664196412e-103,2.8110135489576146e-190,1.0,8.599126677426766e-160,Risk-Off,1.0,-1.000088900581841e-12,-6.213901715968123e-13,{Risk-Off}
2020-04-21,7.29403637723113e-191,2.035173215037031e-99,4.6003553797742564e-188,1.0,1.0256393707647634e-159,Risk-Off,1.0,-1.000088900581841e-12,-6.213901715968123e-13,{Risk-Off}
2020-04-22,1.6827585764540079e-171,1.2822388079053445e-92,4.08784292600614e-182,1.0,4.1291995493162235e-159,Risk-Off,1.0,-1.000088900581841e-12,-6.213901715968123e-13,{Risk-Off}
2020-04-23,5.626327311407606e-162,7.74145993649964e-102,2.7590951740294293e-191,1.0,1.2526410984180664e-167,Risk-Off,1.0,-1.000088900581841e-12,-6.213901715968123e-13,{Risk-Off}
2020-04-24,1.1455200833935103e-152,4.7501968743493453e-94,2.954514263108477e-178,1.0,1.5137653990088474e-159,Risk-Off,1.0,-1.000088900581841e-12,-6.213901715968123e-13,{Risk-Off}
2020-04-27,2.460980926796952e-155,2.111548538655454e-114,1.139258364922358e-209,1.0,1.5222862422594813e-188,Risk-Off,1.0,-1.000088900581841e-12,-6.213901715968123e-13,{Risk-Off}
2020-04-28,2.825182738220244e-148,1.438312192183184e-111,2.0753235541898916e-205,1.0,4.1242705161666165e-185,Risk-Off,1.0,-1.000088900581841e-12,-6.213901715968123e-13,{Risk-Off}
2020-04-29,7.877619641980374e-167,1.4904864381836166e-105,4.258201732807743e-208,1.0,2.882392128907083e-184,Risk-Off,1.0,-1.000088900581841e-12,-6.213901715968123e-13,{Risk-Off}
2020-04-30,4.193866252035398e-149,1.77361386396535e-105,2.272862215893698e-206,1.0,2.709622703514952e-188,Risk-Off,1.0,-1.000088900581841e-12,-6.213901715968123e-13,{Risk-Off}
2020-05-01,1.4136725050553943e-143,5.186565720922285e-103,6.3129538867940445e-204,1.0,4.0614237159710333e-188,Risk-Off,1.0,-1.000088900581841e-12,-6.213901715968123e-13,{Risk-Off}
2020-05-04,8.379038539421406e-149,7.433878393668528e-114,2.3143415794801526e-221,1.0,1.3056720591661224e-205,Risk-Off,1.0,-1.000088900581841e-12,-6.213901715968123e-13,{Risk-Off}
2020-05-05,1.829234807256395e-144,2.908946285605391e-110,1.5170666431942672e-215,1.0,1.5501886199993022e-200,Risk-Off,1.0,-1.000088900581841e-12,-6.213901715968123e-13,{Risk-Off}
2020-05-06,3.085013086004205e-144,5.518019491023844e-106,4.282066517850043e-213,1.0,2.4230797112957837e-198,Risk-Off,1.0,-1.000088900581841e-12,-6.213901715968123e-13,{Risk-Off}
2020-05-07,1.2525940680212474e-138,2.758677223124813e-96,1.9128410776321466e-200,1.0,1.0929163206721237e-186,Risk-Off,1.0,-1.000088900581841e-12,-6.213901715968123e-13,{Risk-Off}
2020-05-08,7.689231773966566e-142,1.9889015814218566e-104,7.056055755202953e-210,1.0,4.144800591333541e-195,Risk-Off,1.0,-1.000088900581841e-12,-6.213901715968123e-13,{Risk-Off}
2020-05-11,7.307330307108116e-135,3.120211738308282e-100,1.5409855450544715e-203,1.0,2.4744922652826424e-192,Risk-Off,1.0,-1.000088900581841e-12,-6.213901715968123e-13,{Risk-Off}
2020-05-12,1.6487417104046948e-131,5.575714698268133e-93,1.567559073720127e-196,1.0,1.2857636504151398e-186,Risk-Off,1.0,-1.000088900581841e-12,-6.213901715968123e-13,{Risk-Off}
2020-05-13,1.3839362611290272e-130,1.0475980049891197e-85,1.2159522531010522e-187,1.0,7.187079122393959e-178,Risk-Off,1.0,-1.000088900581841e-12,-6.213901715968123e-13,{Risk-Off}
2020-05-14,2.8341523974676896e-130,3.6612667183161607e-84,3.953486706223523e-184,1.0,2.0355798463660344e-174,Risk-Off,1.0,-1.000088900581841e-12,-6.213901715968123e-13,{Risk-Off}
2020-05-15,5.5983483751034325e-132,4.048697218876881e-93,1.2888228917908345e-194,1.0,2.548235414498845e-184,Risk-Off,1.0,-1.000088900581841e-12,-6.213901715968123e-13,{Risk-Off}
2020-05-18,1.7648251108223073e-139,1.4406695226232083e-106,2.660087985785593e-211,1.0,6.507710965938157e-199,Risk-Off,1.0,-1.000088900581841e-12,-6.213901715968123e-13,{Risk-Off}
2020-05-19,7.274393523833317e-135,2.1159656835433464e-102,3.4896665542676216e-207,1.0,3.3737982530565304e-196,Risk-Off,1.0,-1.000088900581841e-12,-6.213901715968123e-13,{Risk-Off}
2020-05-20,2.2614971304676163e-132,5.472889276499658e-99,1.3645504178428703e-204,1.0,1.0146779149548071e-194,Risk-Off,1.0,-1.000088900581841e-12,-6.213901715968123e-13,{Risk-Off}
2020-05-21,6.080951352038813e-212,4.52917685746444e-104,2.0363238163328004e-243,1.0,1.0173482133782273e-208,Risk-Off,1.0,-1.000088900581841e-12,-6.213901715968123e-13,{Risk-Off}
2020-05-22,2.3807170052116976e-135,1.6397244526373675e-91,1.0363854464732004e-200,1.0,4.331207363150484e-188,Risk-Off,1.0,-1.000088900581841e-12,-6.213901715968123e-13,{Risk-Off}
2020-05-25,1.1872471392843621e-134,9.817723243043259e-91,1.5815038153792044e-201,1.0,1.7203828472155778e-189,Risk-Off,1.0,-1.000088900581841e-12,-6.213901715968123e-13,{Risk-Off}
2020-05-26,8.916809296844755e-144,3.1212424731252465e-106,2.5585140633144297e-230,1.0,5.662029627411652e-219,Risk-Off,1.0,-1.000088900581841e-12,-6.213901715968123e-13,{Risk-Off}
2020-05-27,5.51241979442688e-139,5.068621440058427e-104,4.82655267942115e-227,1.0,6.689921360137403e-218,Risk-Off,1.0,-1.000088900581841e-12,-6.213901715968123e-13,{Risk-Off}
2020-05-28,4.050356490013501e-141,9.791387928766302e-100,4.964976387840893e-219,1.0,5.581033260918185e-210,Risk-Off,1.0,-1.000088900581841e-12,-6.213901715968123e-13,{Risk-Off}
2020-05-29,1.3566740602527862e-153,2.8763496474084688e-95,6.476569634396992e-217,1.0,2.670232067630181e-204,Risk-Off,1.0,-1.000088900581841e-12,-6.213901715968123e-13,{Risk-Off}
2020-06-01,3.7746078304801467e-141,1.745387596669432e-105,8.325025557033986e-230,1.0,2.574415071199526e-221,Risk-Off,1.0,-1.000088900581841e-12,-6.213901715968123e-13,{Risk-Off}
2020-06-02,6.488897154005646e-137,2.8593286518402025e-97,4.6987756693907575e-219,1.0,1.6464188776828036e-211,Risk-Off,1.0,-1.000088900581841e-12,-6.213901715968123e-13,{Risk-Off}
2020-06-03,3.450184291733169e-136,7.874391176167185e-99,2.339391866861816e-221,1.0,5.151988972482526e-214,Risk-Off,1.0,-1.000088900581841e-12,-6.213901715968123e-13,{Risk-Off}
2020-06-04,9.521126507524539e-132,8.604981449087273e-95,1.242429644708975e-209,1.0,3.24345400504498e-203,Risk-Off,1.0,-1.000088900581841e-12,-6.213901715968123e-13,{Risk-Off}
2020-06-05,1.2227467444337438e-125,4.9548169680231585e-93,4.49178032948734e-205,1.0,2.2227655598112175e-200,Risk-Off,1.0,-1.000088900581841e-12,-6.213901715968123e-13,{Risk-Off}
2020-06-08,2.4301654281720914e-127,8.703195772598902e-91,4.143180838241655e-203,1.0,9.880284586563896e-199,Risk-Off,1.0,-1.000088900581841e-12,-6.213901715968123e-13,{Risk-Off}
2020-06-09,9.698673912055751e-120,7.730611355662046e-81,3.425692871824891e-186,1.0,8.217086209510674e-183,Risk-Off,1.0,-1.000088900581841e-12,-6.213901715968123e-13,{Risk-Off}
2020-06-10,1.1993328127823332e-119,5.065410339913895e-81,6.876510346201076e-180,1.0,2.0949695459994665e-176,Risk-Off,1.0,-1.000088900581841e-12,-6.213901715968123e-13,{Risk-Off}
2020-06-11,5.82115827344207e-109,1.638991553307979e-85,1.2728882209615753e-182,1.0,8.977342755448054e-182,Risk-Off,1.0,-1.000088900581841e-12,-6.213901715968123e-13,{Risk-Off}
2020-06-12,5.838376009114909e-121,1.1065012389015239e-107,5.613576261298688e-217,1.0,4.2999035375627556e-213,Risk-Off,1.0,-1.000088900581841e-12,-6.213901715968123e-13,{Risk-Off}
2020-06-15,1.0566099697930593e-123,8.825497134386378e-117,6.337791446629985e-232,1.0,7.901498907539843e-227,Risk-Off,1.0,-1.000088900581841e-12,-6.213901715968123e-13,{Risk-Off}
2020-06-16,6.949575535441206e-122,3.440229200311601e-124,5.975726439900598e-240,1.0,3.158763852594217e-237,Risk-Off,1.0,-1.000088900581841e-12,-6.213901715968123e-13,{Risk-Off}
2020-06-17,6.361781371194565e-128,2.498064408321705e-140,2.643751133059338e-258,1.0,6.367904445511916e-254,Risk-Off,1.0,-1.000088900581841e-12,-6.213901715968123e-13,{Risk-Off}
2020-06-18,1.1913399537515153e-126,3.0761061033203076e-142,2.923710849303156e-258,1.0,1.0107228212586118e-254,Risk-Off,1.0,-1.000088900581841e-12,-6.213901715968123e-13,{Risk-Off}
2020-06-19,2.299851123353461e-121,1.592917496627818e-118,6.894714517465722e-233,1.0,2.411187669977892e-230,Risk-Off,1.0,-1.000088900581841e-12,-6.213901715968123e-13,{Risk-Off}
2020-06-22,4.546933885646308e-131,8.025304476606459e-109,1.9747625318214982e-223,1.0,8.276585320998475e-219,Risk-Off,1.0,-1.000088900581841e-12,-6.213901715968123e-13,{Risk-Off}
2020-06-23,5.7637680209045094e-117,1.5505416598517244e-119,2.784330334932328e-233,1.0,2.755997505967496e-234,Risk-Off,1.0,-1.000088900581841e-12,-6.213901715968123e-13,{Risk-Off}
2020-06-24,2.5126992788422803e-110,3.7493882947915764e-117,3.444306493855248e-231,1.0,7.605898382297697e-234,Risk-Off,1.0,-1.000088900581841e-12,-6.213901715968123e-13,{Risk-Off}
2020-06-25,3.691805616330497e-110,3.204169752420495e-109,2.5520798163817252e-219,1.0,2.9349179155179793e-219,Risk-Off,1.0,-1.000088900581841e-12,-6.213901715968123e-13,{Risk-Off}
2020-06-26,1.7735109816190812e-105,1.7334399260085187e-107,2.4891142957440365e-214,1.0,8.913310196530005e-217,Risk-Off,1.0,-1.000088900581841e-12,-6.213901715968123e-13,{Risk-Off}
2020-06-29,4.711783988220201e-101,9.218703421779295e-105,1.0914391481584785e-208,1.0,1.3624114323541804e-211,Risk-Off,1.0,-1.000088900581841e-12,-6.213901715968123e-13,{Risk-Off}
2020-06-30,1.985737966563012e-96,3.831739436488098e-96,1.4619646815838444e-196,1.0,2.0879444769562866e-199,Risk-Off,1.0,-1.000088900581841e-12,-6.213901715968123e-13,{Risk-Off}
2020-07-01,8.485457715437607e-95,2.2081825558591532e-92,8.436224851846317e-191,1.0,3.062476550906077e-192,Risk-Off,1.0,-1.000088900581841e-12,-6.213901715968123e-13,{Risk-Off}
2020-07-02,0.0,1.4145380678679927e-136,0.0,1.0,2.3490061584652933e-277,Risk-Off,1.0,-1.000088900581841e-12,-6.213901715968123e-13,{Risk-Off}
2020-07-03,1.6192441857945138e-106,9.491202101684674e-85,6.258134146334057e-179,1.0,7.967204087909724e-177,Risk-Off,1.0,-1.000088900581841e-12,-6.213901715968123e-13,{Risk-Off}
2020-07-06,7.750087149107821e-103,8.892250774188936e-92,2.2527273337975313e-192,1.0,4.449523808513526e-192,Risk-Off,1.0,-1.000088900581841e-12,-6.213901715968123e-13,{Risk-Off}
2020-07-07,2.1090062166639826e-99,6.0491249355651e-93,1.1631921373636586e-194,1.0,3.3044539791183804e-195,Risk-Off,1.0,-1.000088900581841e-12,-6.213901715968123e-13,{Risk-Off}
2020-07-08,5.864896426112546e-107,1.251055784953394e-91,3.1693332465390927e-193,1.0,3.4399246178670734e-192,Risk-Off,1.0,-1.000088900581841e-12,-6.213901715968123e-13,{Risk-Off}
2020-07-09,5.156400620281999e-102,1.8359382992255306e-84,2.2579135527117917e-180,1.0,2.67248964969558e-179,Risk-Off,1.0,-1.000088900581841e-12,-6.213901715968123e-13,{Risk-Off}
2020-07-10,9.852617579484746e-98,4.4847399977820776e-82,1.0174286277023858e-178,1.0,2.0958634841784723e-178,Risk-Off,1.0,-1.000088900581841e-12,-6.213901715968123e-13,{Risk-Off}
2020-07-13,4.574801737255036e-98,1.3944454708042217e-86,9.96460363736472e-187,1.0,8.698023240776886e-187,Risk-Off,1.0,-1.000088900581841e-12,-6.213901715968123e-13,{Risk-Off}
2020-07-14,2.83334357397951e-132,3.9128546317928196e-85,2.138398126327203e-194,1.0,8.485605709421375e-184,Risk-Off,1.0,-1.000088900581841e-12,-6.213901715968123e-13,{Risk-Off}
2020-07-15,5.788397844530075e-108,1.1049135095659612e-78,7.639566056524044e-171,1.0,1.337965227420279e-166,Risk-Off,1.0,-1.000088900581841e-12,-6.213901715968123e-13,{Risk-Off}
2020-07-16,5.83885408327236e-102,3.8969567704880985e-84,3.004398927057263e-178,1.0,1.4772316985349011e-174,Risk-Off,1.0,-1.000088900581841e-12,-6.213901715968123e-13,{Risk-Off}
2020-07-17,7.259619693632556e-107,2.8794696430258526e-80,9.672967797313223e-174,1.0,2.704604377032356e-169,Risk-Off,1.0,-1.000088900581841e-12,-6.213901715968123e-13,{Risk-Off}
2020-07-20,5.698327927240171e-99,8.503639063195501e-82,3.333090348620744e-177,1.0,8.88823395589941e-177,Risk-Off,1.0,-1.000088900581841e-12,-6.213901715968123e-13,{Risk-Off}
2020-07-21,1.2039094590095371e-95,8.487989518202602e-82,2.4731138262447907e-175,1.0,7.81617101948252e-173,Risk-Off,1.0,-1.000088900581841e-12,-6.213901715968123e-13,{Risk-Off}
2020-07-22,0.0,0.0,0.0,1.0,0.0,Risk-Off,1.0,-1.000088900581841e-12,-6.213901715968123e-13,{Risk-Off}
2020-07-23,1.7357922441260503e-101,2.6196820776496756e-79,8.917796494317487e-172,1.0,9.586014346097427e-165,Risk-Off,1.0,-1.000088900581841e-12,-6.213901715968123e-13,{Risk-Off}
2020-07-24,1.8725084212594176e-99,1.5141800438572072e-75,7.940706430887892e-165,1.0,2.6171612894894463e-157,Risk-Off,1.0,-1.000088900581841e-12,-6.213901715968123e-13,{Risk-Off}
2020-07-27,1.5704937527122534e-105,5.073849191284007e-92,4.88257281220483e-190,1.0,2.164032285901518e-181,Risk-Off,1.0,-1.000088900581841e-12,-6.213901715968123e-13,{Risk-Off}
2020-07-28,9.920475962697979e-131,3.338251591639958e-86,4.456670985427055e-192,1.0,3.8688265573516675e-174,Risk-Off,1.0,-1.000088900581841e-12,-6.213901715968123e-13,{Risk-Off}
2020-07-29,4.7090615589919645e-117,5.51089136613196e-81,4.489291144252625e-174,1.0,3.101269103672956e-159,Risk-Off,1.0,-1.000088900581841e-12,-6.213901715968123e-13,{Risk-Off}
2020-07-30,5.587324746282359e-125,3.165579660418283e-79,1.4775568053572843e-168,1.0,1.962370815734927e-152,Risk-Off,1.0,-1.000088900581841e-12,-6.213901715968123e-13,{Risk-Off}
2020-07-31,2.4166805877658687e-123,3.4316565084788265e-76,5.04981799698265e-161,1.0,2.658159850757291e-144,Risk-Off,1.0,-1.000088900581841e-12,-6.213901715968123e-13,{Risk-Off}
2020-08-03,1.1829556609312697e-119,6.707645649906237e-78,4.624398772045998e-164,1.0,4.4753636714789334e-148,Risk-Off,1.0,-1.000088900581841e-12,-6.213901715968123e-13,{Risk-Off}
2020-08-04,8.260267041477345e-118,2.7489997194332217e-75,8.657454092872471e-161,1.0,1.8528753806717417e-147,Risk-Off,1.0,-1.000088900581841e-12,-6.213901715968123e-13,{Risk-Off}
2020-08-05,2.9225369433191582e-117,1.1521166386450196e-71,4.492707325345771e-154,1.0,3.2701449636045184e-141,Risk-Off,1.0,-1.000088900581841e-12,-6.213901715968123e-13,{Risk-Off}
2020-08-06,7.967966158021808e-110,3.452909135885282e-71,2.737309463116161e-155,1.0,1.4334642470217498e-145,Risk-Off,1.0,-1.000088900581841e-12,-6.213901715968123e-13,{Risk-Off}
2020-08-07,0.0,1.307114868588942e-134,0.0,1.0,3.3650552588378444e-264,Risk-Off,1.0,-1.000088900581841e-12,-6.213901715968123e-13,{Risk-Off}
2020-08-10,1.1725198981938026e-120,8.798859771107613e-71,3.2661215290541147e-151,1.0,4.938336872515807e-139,Risk-Off,1.0,-1.000088900581841e-12,-6.213901715968123e-13,{Risk-Off}
2020-08-11,3.552923984734409e-112,6.374959480263863e-72,1.5807053845407251e-155,1.0,1.7283655449253197e-145,Risk-Off,1.0,-1.000088900581841e-12,-6.213901715968123e-13,{Risk-Off}
2020-08-12,7.651522327447109e-118,6.618799773389504e-69,3.8686625816483068e-149,1.0,1.3381599493773523e-137,Risk-Off,1.0,-1.000088900581841e-12,-6.213901715968123e-13,{Risk-Off}
2020-08-13,1.514446361943457e-127,3.925257052870579e-69,4.216384156639076e-145,1.0,1.7963183360686323e-130,Risk-Off,1.0,-1.000088900581841e-12,-6.213901715968123e-13,{Risk-Off}
2020-08-14,1.7957383374432236e-116,2.2564604720512916e-72,4.759263626974815e-153,1.0,1.3903616935118345e-140,Risk-Off,1.0,-1.000088900581841e-12,-6.213901715968123e-13,{Risk-Off}
2020-08-17,8.005228900074291e-113,2.4426352515152886e-68,1.4356363385256387e-146,1.0,1.4977806307631236e-133,Risk-Off,1.0,-1.000088900581841e-12,-6.213901715968123e-13,{Risk-Off}
2020-08-18,4.248517489260558e-158,3.8065638757125654e-79,4.1722209900576857e-162,1.0,3.719722104316323e-138,Risk-Off,1.0,-1.000088900581841e-12,-6.213901715968123e-13,{Risk-Off}
2020-08-19,2.180568471448658e-128,2.7585469826299953e-72,7.829918456674279e-150,1.0,6.052449404036662e-133,Risk-Off,1.0,-1.000088900581841e-12,-6.213901715968123e-13,{Risk-Off}
2020-08-20,5.3475475922517685e-127,1.2970019493145171e-71,1.0880353223382877e-147,1.0,2.94666383923961e-132,Risk-Off,1.0,-1.000088900581841e-12,-6.213901715968123e-13,{Risk-Off}
2020-08-21,1.7323907998571476e-119,5.573281863333547e-69,3.9297141239616505e-143,1.0,5.246873204702592e-129,Risk-Off,1.0,-1.000088900581841e-12,-6.213901715968123e-13,{Risk-Off}
2020-08-24,0.0,0.0,0.0,1.0,0.0,Risk-Off,1.0,-1.000088900581841e-12,-6.213901715968123e-13,{Risk-Off}
2020-08-25,3.9526323900231656e-162,8.955415154828531e-80,3.4528485432633278e-152,1.0,1.6904881338609328e-131,Risk-Off,1.0,-1.000088900581841e-12,-6.213901715968123e-13,{Risk-Off}
2020-08-26,1.9180324756214012e-143,1.339192074980557e-77,1.6890800078227167e-156,1.0,2.895642939191016e-140,Risk-Off,1.0,-1.000088900581841e-12,-6.213901715968123e-13,{Risk-Off}
2020-08-27,7.402446295052869e-186,1.4547876608014896e-82,2.4900091806008146e-172,1.0,8.324246802966932e-146,Risk-Off,1.0,-1.000088900581841e-12,-6.213901715968123e-13,{Risk-Off}
2020-08-28,2.7820599501091824e-191,1.3417044468051677e-81,3.9432918419043615e-166,1.0,1.1023560867076898e-139,Risk-Off,1.0,-1.000088900581841e-12,-6.213901715968123e-13,{Risk-Off}
2020-08-31,7.184614850805539e-158,5.0818322300000853e-76,1.3638007561991045e-147,1.0,4.1735413857204205e-130,Risk-Off,1.0,-1.000088900581841e-12,-6.213901715968123e-13,{Risk-Off}
2020-09-01,1.3503585725223931e-145,1.49529020816401e-75,2.0592892334070157e-153,1.0,9.76516195076433e-143,Risk-Off,1.0,-1.000088900581841e-12,-6.213901715968123e-13,{Risk-Off}
2020-09-02,1.6222053844328662e-140,7.247825186371284e-74,3.555785105240002e-153,1.0,2.224879167909287e-144,Risk-Off,1.0,-1.000088900581841e-12,-6.213901715968123e-13,{Risk-Off}
2020-09-03,8.01408247643279e-152,2.6627226812514853e-75,2.8796992671950342e-151,1.0,1.885333623471738e-139,Risk-Off,1.0,-1.000088900581841e-12,-6.213901715968123e-13,{Risk-Off}
2020-09-04,1.4337835746980991e-139,6.174339627657901e-75,4.3208651828724317e-150,1.0,2.6899053120489643e-137,Risk-Off,1.0,-1.000088900581841e-12,-6.213901715968123e-13,{Risk-Off}
2020-09-07,5.215632465366783e-132,5.130616481195783e-69,2.5000292827940863e-143,1.0,1.1390266926482735e-137,Risk-Off,1.0,-1.000088900581841e-12,-6.213901715968123e-13,{Risk-Off}
2020-09-08,4.518226542863065e-127,4.874194734400919e-70,5.185656042642742e-150,1.0,2.96008181591105e-148,Risk-Off,1.0,-1.000088900581841e-12,-6.213901715968123e-13,{Risk-Off}
2020-09-09,8.85030021874708e-123,3.868406823363328e-68,1.4849891304152738e-144,1.0,1.4354191441919222e-142,Risk-Off,1.0,-1.000088900581841e-12,-6.213901715968123e-13,{Risk-Off}
2020-09-10,1.648326904902031e-116,2.3545955549847007e-67,2.668301199604759e-142,1.0,5.2027029915230027e-141,Risk-Off,1.0,-1.000088900581841e-12,-6.213901715968123e-13,{Risk-Off}
2020-09-11,6.920426918810414e-112,3.2929793500087497e-68,1.3425007322717606e-147,1.0,9.597990652454871e-150,Risk-Off,1.0,-1.000088900581841e-12,-6.213901715968123e-13,{Risk-Off}
2020-09-14,1.4883559565476429e-105,1.529157605147713e-71,6.968817253015257e-157,1.0,6.32054179334653e-163,Risk-Off,1.0,-1.000088900581841e-12,-6.213901715968123e-13,{Risk-Off}
2020-09-15,3.772752651164695e-103,5.861250007996229e-71,4.013097886991044e-158,1.0,2.3516331215879117e-166,Risk-Off,1.0,-1.000088900581841e-12,-6.213901715968123e-13,{Risk-Off}
2020-09-16,8.656207448958243e-97,2.5454276866339184e-68,1.4899575464967295e-150,1.0,1.4998354941715377e-157,Risk-Off,1.0,-1.000088900581841e-12,-6.213901715968123e-13,{Risk-Off}
2020-09-17,1.2794640126173831e-188,3.1692286833381886e-81,6.704591267913679e-189,1.0,1.5545383701830577e-168,Risk-Off,1.0,-1.000088900581841e-12,-6.213901715968123e-13,{Risk-Off}
2020-09-18,3.6195920324321345e-142,2.4503357488953356e-74,8.67472786662144e-158,1.0,1.949320634038431e-155,Risk-Off,1.0,-1.000088900581841e-12,-6.213901715968123e-13,{Risk-Off}
2020-09-21,8.754177353341459e-222,4.307368998207426e-88,3.614575737438907e-191,1.0,7.12508842598175e-164,Risk-Off,1.0,-1.000088900581841e-12,-6.213901715968123e-13,{Risk-Off}
2020-09-22,1.262620601015891e-134,7.147384620327561e-73,4.776150327291347e-146,1.0,1.5382932525638582e-142,Risk-Off,1.0,-1.000088900581841e-12,-6.213901715968123e-13,{Risk-Off}
2020-09-23,2.578267405846311e-129,1.1602635972221193e-70,2.0715119319899594e-145,1.0,3.4654707375573412e-143,Risk-Off,1.0,-1.000088900581841e-12,-6.213901715968123e-13,{Risk-Off}
2020-09-24,5.017837934726825e-118,1.2222464043027626e-70,1.926701751945287e-148,1.0,3.8703603190973916e-148,Risk-Off,1.0,-1.000088900581841e-12,-6.213901715968123e-13,{Risk-Off}
2020-09-25,9.602478782436621e-124,1.2874785525330872e-68,1.5865335963230003e-141,1.0,2.332464464722719e-137,Risk-Off,1.0,-1.000088900581841e-12,-6.213901715968123e-13,{Risk-Off}
2020-09-28,2.935351721326771e-118,4.056006898099343e-68,2.3911427333568176e-138,1.0,1.3438984793774415e-134,Risk-Off,1.0,-1.000088900581841e-12,-6.213901715968123e-13,{Risk-Off}
2020-09-29,7.801832310104888e-113,1.796602660325786e-65,1.5001652471109312e-135,1.0,7.003323669441099e-134,Risk-Off,1.0,-1.000088900581841e-12,-6.213901715968123e-13,{Risk-Off}
2020-09-30,1.0196003181779244e-116,7.073610392202149e-65,4.928985674535331e-134,1.0,1.0565660306097858e-131,Risk-Off,1.0,-1.000088900581841e-12,-6.213901715968123e-13,{Risk-Off}
2020-10-01,1.96011757424597e-41,5.763859067828324e-12,2.1355702078650633e-36,0.9999999999942362,1.1552682435892628e-52,Risk-Off,0.9999999999942362,1.5300701151108916e-10,9.506860148440436e-11,{Risk-Off}
2020-10-02,3.4821441196869547e-53,4.022899467594953e-11,1.666676231739842e-33,0.999999999959771,1.0486368223748191e-45,Risk-Off,0.999999999959771,1.0011799316171043e-09,6.220680672937102e-10,{Risk-Off}
2020-10-05,1.2679989233767528e-87,1.3148387753478086e-17,1.4191882403957198e-43,1.0,7.500449563594135e-49,Risk-Off,1.0,-9.997255973750632e-13,-6.211644386226037e-13,{Risk-Off}
2020-10-06,6.106089893555223e-64,1.3469389345114242e-12,3.186804196411932e-33,0.9999999999986531,3.471541584543576e-43,Risk-Off,0.9999999999986531,3.6415153205633975e-11,2.2626006834000825e-11,{Risk-Off}
2020-10-07,1.2080641392951288e-65,4.748531902691571e-12,4.934752309141624e-30,0.9999999999952515,8.305198842734972e-38,Risk-Off,0.9999999999952515,1.2665042353452273e-10,7.869233261876981e-11,{Risk-Off}
2020-10-08,5.224833750691473e-60,3.25616410089649e-13,1.711434906633559e-31,0.9999999999996744,5.022326642324151e-39,Risk-Off,0.9999999999996744,8.230980476460203e-12,5.114195715702843e-12,{Risk-Off}
2020-10-09,5.3246965871233824e-52,3.513549818666448e-10,1.50189676990015e-30,0.999999999648645,1.8454430248645054e-41,Risk-Off,0.999999999648645,7.998081712129415e-09,4.969487577208359e-09,{Risk-Off}
2020-10-12,1.8884415055808887e-76,1.4107637303449464e-15,7.702863321305172e-36,0.9999999999999986,3.479929569372285e-42,Risk-Off,0.9999999999999986,-9.595557347763509e-13,-5.962054996735642e-13,{Risk-Off}
2020-10-13,7.190198225992132e-62,2.0466970348253443e-15,4.8111428671152364e-37,0.999999999999998,2.7494373465221985e-46,Risk-Off,0.999999999999998,-9.415423548381659e-13,-5.850131574284746e-13,{Risk-Off}
2020-10-14,1.1604907442497602e-51,2.5986833734283602e-14,2.837502525959986e-39,0.999999999999974,1.2242785429688963e-50,Risk-Off,0.999999999999974,-2.56733620143346e-13,-1.5951756707101813e-13,{Risk-Off}
2020-10-15,3.9756824096996716e-45,4.5213365868350564e-13,1.220747607760816e-37,0.9999999999995479,2.89823699502347e-49,Risk-Off,0.9999999999995479,1.1776247374575241e-11,7.316993891839508e-12,{Risk-Off}
2020-10-16,6.716775996629469e-42,3.1280664177520906e-10,6.046309777856252e-31,0.9999999996871933,1.909987791180042e-42,Risk-Off,0.9999999996871933,7.156717986152444e-09,4.446718901587626e-09,{Risk-Off}
2020-10-19,1.1800816735737796e-33,2.9906318110417325e-18,4.051425223501861e-43,1.0,3.805716536061106e-57,Risk-Off,1.0,-1.0000062663800639e-12,-6.213388280804588e-13,{Risk-Off}
2020-10-20,2.4908848282924487e-27,4.526621119144969e-15,5.782838553023148e-37,0.9999999999999954,8.075977040907587e-50,Risk-Off,0.9999999999999954,-8.703712442137681e-13,-5.407920600661295e-13,{Risk-Off}
2020-10-21,1.0210297241346558e-25,9.831874705038591e-11,7.344085538807943e-32,0.9999999999016812,8.239136214514426e-45,Risk-Off,0.9999999999016812,2.3618637241588676e-09,1.467508442488971e-09,{Risk-Off}
2020-10-22,7.088558621700956e-27,3.632696384100656e-19,3.7832257486805515e-47,1.0,1.0184975325389421e-61,Risk-Off,1.0,-1.0000788630707274e-12,-6.213839349405014e-13,{Risk-Off}
2020-10-23,7.558205142960009e-23,6.3264971682854355e-15,3.9070471449361257e-41,0.9999999999999937,7.234049157486205e-56,Risk-Off,0.9999999999999937,-8.188819265940837e-13,-5.087999482723839e-13,{Risk-Off}
2020-10-26,1.2673810209516327e-21,3.379298092529687e-11,4.0595416349818907e-35,0.999999999966207,9.116960665041303e-50,Risk-Off,0.999999999966207,8.465822241020824e-10,5.260111108117981e-10,{Risk-Off}
2020-10-27,0.0,9.100030787783744e-72,2.5863672116375264e-231,1.0,1.0878271270794006e-148,Risk-Off,1.0,-1.000088900581841e-12,-6.213901715968123e-13,{Risk-Off}
2020-10-28,1.741460607039495e-49,6.990972250106453e-17,3.408458461323878e-41,0.9999999999999999,9.138090580044928e-44,Risk-Off,0.9999999999999999,-9.979351838454788e-13,-6.200519921493648e-13,{Risk-Off}
2020-10-29,5.398122675868856e-75,6.257612473478936e-24,7.533266285491284e-51,1.0,7.525362555261632e-47,Risk-Off,1.0,-1.0000889004089368e-12,-6.213901714893809e-13,{Risk-Off}
2020-10-30,2.0769103950739314e-60,1.9279895445279223e-21,1.4107455974136014e-45,1.0,5.151430698287424e-46,Risk-Off,1.0,-1.0000888473095211e-12,-6.21390138496859e-13,{Risk-Off}
2020-11-02,3.3399801877334113e-50,7.470958868996838e-19,1.3303968658059913e-41,1.0,4.325443221216638e-44,Risk-Off,1.0,-1.0000682575601725e-12,-6.213773453662949e-13,{Risk-Off}
2020-11-03,2.1821885164711047e-42,1.3888857205003206e-15,1.4934633586618716e-36,0.9999999999999986,4.33130430418786e-41,Risk-Off,0.9999999999999986,-9.601601853418108e-13,-5.965810659260988e-13,{Risk-Off}
2020-11-04,3.832438069764306e-45,1.3256715018742873e-14,5.996577167315963e-35,0.9999999999999868,2.1159462402456824e-39,Risk-Off,0.9999999999999868,-6.206442374915019e-13,-3.856279466865825e-13,{Risk-Off}
2020-11-05,1.6100643698835957e-39,8.338131546145367e-13,4.2368128336398807e-32,0.9999999999991662,1.1903280216777927e-38,Risk-Off,0.9999999999991662,2.2367175268695425e-11,1.389750738185824e-11,{Risk-Off}
2020-11-06,1.635465085198533e-79,4.171598749715134e-21,7.198684506669725e-48,1.0,2.562315760608716e-44,Risk-Off,1.0,-1.000088785316308e-12,-6.213900999783099e-13,{Risk-Off}
2020-11-09,2.255216645636081e-65,1.7594168126533032e-17,4.9767264589204485e-33,1.0,1.937143396585281e-32,Risk-Off,1.0,-9.996027560603715e-13,-6.210881130223786e-13,{Risk-Off}
2020-11-10,1.7734251576193523e-112,4.90917142536007e-26,1.485060684539047e-47,1.0,1.9833564996502534e-34,Risk-Off,1.0,-1.0000889005804845e-12,-6.213901715959695e-13,{Risk-Off}
2020-11-11,3.314242967904166e-102,9.81248948835202e-26,1.2079088973310785e-32,1.0,3.193628783267478e-23,Risk-Off,1.0,-1.0000888996966973e-12,-6.213901710468417e-13,{Risk-Off}
2020-11-12,3.2474551099950196e-82,1.5006282946100766e-26,1.5896330622328936e-42,1.0,4.7913419465817565e-36,Risk-Off,1.0,-1.0000889005814264e-12,-6.213901715965547e-13,{Risk-Off}
2020-11-13,3.1273021542929545e-69,1.1394702360361686e-18,5.00317144993431e-34,1.0,9.704353099585733e-33,Risk-Off,1.0,-1.0000574158569865e-12,-6.213706090373553e-13,{Risk-Off}
2020-11-16,6.6785067818181515e-62,4.108101463281158e-19,3.2363917548512406e-36,1.0,3.715474014131136e-35,Risk-Off,1.0,-1.0000775494781818e-12,-6.213831187595631e-13,{Risk-Off}
2020-11-17,1.3890976096655365e-59,9.158141842329647e-18,2.5154805952615547e-33,1.0,1.0679837466205304e-32,Risk-Off,1.0,-9.998358518550841e-13,-6.212329435827325e-13,{Risk-Off}
2020-11-18,1.1866220151866476e-60,3.113865328704807e-20,1.8598806184569343e-35,1.0,2.731519233414279e-32,Risk-Off,1.0,-1.0000880401890554e-12,-6.213896370047173e-13,{Risk-Off}
2020-11-19,3.661551706089058e-49,1.5990600658881982e-23,3.0049768906141625e-45,1.0,7.296038100935872e-45,Risk-Off,1.0,-1.0000889001400044e-12,-6.213901713222838e-13,{Risk-Off}
2020-11-20,1.7375059525756037e-43,4.981551464484296e-17,2.391200243291078e-37,1.0,4.165020969471172e-40,Risk-Off,1.0,-9.987124495263122e-13,-6.205349344703009e-13,{Risk-Off}
2020-11-23,5.164453153571296e-37,3.5928874443193907e-19,1.4837073465575184e-43,1.0,9.60864668494799e-49,Risk-Off,1.0,-1.000078973067086e-12,-6.213840032850817e-13,{Risk-Off}
2020-11-24,3.5719344208759367e-32,7.923764891233543e-15,3.819338590584477e-36,0.9999999999999921,3.26090189619494e-41,Risk-Off,0.9999999999999921,-7.732161183825841e-13,-4.804261863156799e-13,{Risk-Off}
2020-11-25,2.366480665575269e-24,2.621850965291679e-11,3.632194474880737e-28,0.9999999999737815,3.2190466010282073e-37,Risk-Off,0.9999999999737815,6.63039426028295e-10,4.119695583817333e-10,{Risk-Off}
2020-11-26,4.64818097045538e-26,5.828198462482277e-20,4.2154430078616266e-41,1.0,1.4954141288210826e-50,Risk-Off,1.0,-1.0000872901898121e-12,-6.213891710039865e-13,{Risk-Off}
2020-11-27,2.0109527940764513e-21,2.9816569215911793e-16,6.6006507879925115e-37,0.9999999999999997,1.1873333066980754e-48,Risk-Off,0.9999999999999997,-9.914062221607465e-13,-6.159953201682395e-13,{Risk-Off}
2020-11-30,1.796564788482872e-21,3.0147934831834876e-16,1.6036701728970074e-38,0.9999999999999997,4.847306938518324e-51,Risk-Off,0.9999999999999997,-9.913146703677702e-13,-6.159384358409417e-13,{Risk-Off}
2020-12-01,8.636373859478313e-26,6.005241407439638e-14,2.5044002006006037e-37,0.9999999999999399,1.3937856484821043e-47,Risk-Off,0.9999999999999399,7.158925507563153e-13,4.4480905117588874e-13,{Risk-Off}
2020-12-02,3.5164036071079036e-27,4.6708733250461405e-20,7.149207320971358e-46,1.0,6.507795630886979e-57,Risk-Off,1.0,-1.0000876099717512e-12,-6.213893696956766e-13,{Risk-Off}
2020-12-03,5.2251262586746657e-23,9.461342852659344e-16,3.4052691003766904e-41,0.999999999999999,1.2179881432456415e-54,Risk-Off,0.999999999999999,-9.728369144456501e-13,-6.044575605742627e-13,{Risk-Off}
2020-12-04,5.436152923097827e-145,5.966910295454597e-39,4.690898691711418e-113,1.0,3.0266921457839455e-87,Risk-Off,1.0,-1.000088900581841e-12,-6.213901715968123e-13,{Risk-Off}
2020-12-07,1.2782928490169584e-37,2.0424685629598044e-18,3.8999516187098305e-42,1.0,1.920616861829404e-45,Risk-Off,1.0,-1.000032465094021e-12,-6.213551062566808e-13,{Risk-Off}
2020-12-08,3.552740651378684e-51,8.479789329490086e-22,4.782543674093013e-45,1.0,3.393879667891495e-42,Risk-Off,1.0,-1.0000888771513172e-12,-6.213901570386094e-13,{Risk-Off}
2020-12-09,5.666580438880146e-45,5.284015370884634e-24,1.5022991621915867e-44,1.0,5.6945274381220366e-43,Risk-Off,1.0,-1.0000889004358382e-12,-6.213901715060957e-13,{Risk-Off}
2020-12-10,1.8602576786004138e-38,3.154466482489514e-23,2.590317106336945e-44,1.0,4.685496772826071e-44,Risk-Off,1.0,-1.0000888997102297e-12,-6.213901710552498e-13,{Risk-Off}
2020-12-11,1.2085960623553756e-33,4.564867193695622e-22,2.182938478305717e-44,1.0,2.2262601006709956e-46,Risk-Off,1.0,-1.0000888879686469e-12,-6.213901637597942e-13,{Risk-Off}
2020-12-14,1.4887729491127216e-34,2.778083358605697e-24,5.107692102171526e-49,1.0,1.1469600340044807e-52,Risk-Off,1.0,-1.0000889005050798e-12,-6.213901715491179e-13,{Risk-Off}
2020-12-15,2.272552085130802e-31,2.0124366323840612e-24,7.099426058178647e-49,1.0,1.5988111026863072e-55,Risk-Off,1.0,-1.0000889005262353e-12,-6.213901715622626e-13,{Risk-Off}
2020-12-16,3.272168823814535e-29,3.172285249580983e-23,2.591812750425636e-47,1.0,9.486017050539786e-54,Risk-Off,1.0,-1.0000888997053052e-12,-6.2139017105219e-13,{Risk-Off}
2020-12-17,2.332662126061386e-27,9.449865785858243e-20,1.7253068628195715e-43,1.0,9.569074736024475e-50,Risk-Off,1.0,-1.0000862894873748e-12,-6.213885492326031e-13,{Risk-Off}
2020-12-18,2.0725852299435898e-22,9.900206846469362e-16,3.013731812383267e-37,0.999999999999999,1.2849850761508424e-46,Risk-Off,0.999999999999999,-9.716243690438617e-13,-6.03704163756392e-13,{Risk-Off}
2020-12-21,9.436108015626748e-23,4.8167049713454525e-12,4.798631658777586e-34,0.9999999999951833,1.2493083059719614e-42,Risk-Off,0.9999999999951833,1.2842626554160061e-10,7.979572529602576e-11,{Risk-Off}
2020-12-22,1.5567832660646896e-21,1.983288654097235e-11,2.2691513355792395e-32,0.9999999999801671,4.687979871640715e-42,Risk-Off,0.9999999999801671,5.066126311246477e-10,3.1477612600690574e-10,{Risk-Off}
2020-12-23,1.4303001881958575e-20,8.657657844490684e-12,3.3736619902102455e-32,0.9999999999913424,3.04971212114037e-42,Risk-Off,0.9999999999913424,2.272441657840078e-10,1.4119473887646007e-10,{Risk-Off}
2020-12-24,5.466321971087121e-34,3.269289663470679e-11,1.2055059023846176e-34,0.9999999999673072,2.171913227118721e-39,Risk-Off,0.9999999999673072,8.200406864065562e-10,5.095199262246368e-10,{Risk-Off}
2020-12-25,5.505469594990578e-27,1.6832031582533714e-14,6.515669757304938e-39,0.9999999999999831,1.4067212860790693e-49,Risk-Off,0.9999999999999831,-5.184082498337964e-13,-3.2210515598564477e-13,{Risk-Off}
2020-12-28,7.252766373336689e-25,8.629554486242898e-15,9.698544829915596e-41,0.9999999999999913,1.2323910346739112e-52,Risk-Off,0.9999999999999913,-7.53059908468539e-13,-4.67902428947767e-13,{Risk-Off}
2020-12-29,2.8060077554294268e-28,9.225874130376606e-14,2.695167148363932e-39,0.9999999999999077,2.862445931037506e-48,Risk-Off,0.9999999999999077,1.633343253962134e-12,1.0148532238139459e-12,{Risk-Off}
2020-12-30,4.1482859026342026e-26,4.833070836258132e-18,4.420468228699225e-44,1.0,4.305435050212155e-54,Risk-Off,1.0,-9.999553579217218e-13,-6.213071968768262e-13,{Risk-Off}
2020-12-31,1.1345353841648175e-23,5.113923153974281e-16,3.3934033319838926e-41,0.9999999999999994,5.956247562667877e-53,Risk-Off,0.9999999999999994,-9.85292736043565e-13,-6.121967976716894e-13,{Risk-Off}
2021-01-01,7.536956080445081e-23,7.100682649537426e-14,5.560014302995818e-38,0.999999999999929,3.3858588746866637e-50,Risk-Off,0.999999999999929,1.0280854883108504e-12,6.387854296013088e-13,{Risk-Off}
2021-01-04,2.1282420336776377e-19,1.1416163984647685e-11,1.3750805958700185e-32,0.9999999999885838,8.206016651198462e-46,Risk-Off,0.9999999999885838,2.970991898305661e-10,1.845981056710885e-10,{Risk-Off}
2021-01-05,7.842551309254307e-19,4.429709983842355e-11,3.875850852922163e-30,0.9999999999557029,6.947360309700374e-42,Risk-Off,0.9999999999557029,1.0983556600395465e-09,6.824467421538509e-10,{Risk-Off}
2021-01-06,6.157039540467425e-18,3.1740679478194054e-10,3.311625005973179e-29,0.9999999996825932,3.7722948346408775e-42,Risk-Off,0.9999999996825932,7.257360771462971e-09,4.5092517800124395e-09,{Risk-Off}
2021-01-07,3.8183410642049754e-11,4.889397271665531e-06,1.4627472877406387e-26,0.9999951105645449,8.983523983405444e-43,Risk-Off,0.9999951105645449,6.468004508366722e-05,4.018797157937312e-05,{Risk-Off}
2021-01-08,1.7347774274762335e-09,0.15739577119111742,4.646858662806658e-20,0.8426042270741052,2.4697000809462516e-35,Risk-Off,0.8426042270741052,0.4353261680525069,0.27048335613899094,"{Risk-Off, Late-Cycle}"
2021-01-11,1.9651012500410458e-08,0.701222091045837,2.730830705935205e-20,0.2987778893031505,1.0312700116148216e-36,Late-Cycle,0.701222091045837,0.6098256128104358,0.3789059572283473,"{Late-Cycle, Risk-Off}"
2021-01-12,2.928844447525795e-12,0.9999999999970711,2.1795421661204065e-19,0.0,1.618960030787806e-33,Late-Cycle,0.9999999999970711,7.884819960260286e-11,4.8991140940226465e-11,{Late-Cycle}
2021-01-13,3.7350865222682256e-11,0.9999999999626491,5.438849715755828e-18,0.0,1.9773313668188907e-35,Late-Cycle,0.9999999999626491,9.32183338678617e-10,5.79198073735439e-10,{Late-Cycle}
2021-01-14,5.6592144827218895e-15,0.9999999999999943,9.268547422465438e-18,0.0,1.7202380375414506e-35,Late-Cycle,0.9999999999999943,-8.377217030645081e-13,-5.205057595527528e-13,{Late-Cycle}
2021-01-15,2.775068932141269e-20,0.9999999999999971,2.8743902939108143e-15,0.0,2.107156395514368e-29,Late-Cycle,0.9999999999999971,-9.177874652994522e-13,-5.702534146914672e-13,{Late-Cycle}
2021-01-18,3.791305261766147e-15,0.9999999999999959,3.505162019196686e-16,0.0,4.5763885736116553e-32,Late-Cycle,0.9999999999999959,-8.814417664229977e-13,-5.47670562258542e-13,{Late-Cycle}
2021-01-19,2.6446195164892933e-15,0.9999999999999587,3.863003717913091e-14,0.0,4.846658754592472e-28,Late-Cycle,0.9999999999999587,1.8020114406502274e-13,1.1196526605520809e-13,{Late-Cycle}
2021-01-20,5.5199921566750085e-12,0.99999999999448,2.7389880789657226e-17,0.0,1.6230516136866722e-33,Late-Cycle,0.99999999999448,1.4669454244103684e-10,9.114644392785383e-11,{Late-Cycle}
2021-01-21,6.534471342392884e-11,0.9999999999346553,3.9264899080299545e-17,0.0,1.529598425637433e-35,Late-Cycle,0.9999999999346553,1.5957748019130707e-09,9.915106321185354e-10,{Late-Cycle}
2021-01-22,1.6814541119493077e-09,0.9999999983185447,1.1908732222495684e-15,0.0,2.73518810648379e-36,Late-Cycle,0.9999999983185447,3.5650926386194444e-08,2.2151166013155663e-08,{Late-Cycle}
2021-01-25,4.5554722445475706e-10,0.9999999995444483,4.4366543122804604e-15,0.0,2.5867739221499578e-36,Late-Cycle,0.9999999995444483,1.0252278317889236e-08,6.3700986777326356e-09,{Late-Cycle}
2021-01-26,2.745503901582576e-08,0.9999999725449521,8.874540308996251e-15,0.0,1.346932159131331e-36,Late-Cycle,0.9999999725449521,5.054651829339138e-07,3.1406317636040556e-07,{Late-Cycle}
2021-01-27,1.8210474486031696e-05,0.999981789525514,1.333081752372911e-17,0.0,5.547426007272652e-41,Late-Cycle,0.999981789525514,0.00021695056779016456,0.00013479896684057252,{Late-Cycle}
2021-01-28,1.8876296399769846e-09,0.9999999981123704,1.695887719512711e-17,0.0,5.341704013517248e-40,Late-Cycle,0.9999999981123704,3.980422877515887e-08,2.4731757881209156e-08,{Late-Cycle}
2021-01-29,0.00025232194976664447,0.9997476780502333,3.162458124147796e-19,0.0,3.991716470038124e-43,Late-Cycle,0.9997476780502333,0.002342728189118545,0.0014556188660769292,{Late-Cycle}
2021-02-01,0.00015483508005257907,0.9998451649199475,9.574025015612895e-20,0.0,1.444587101938447e-45,Late-Cycle,0.9998451649199475,0.0015132144741540155,0.0009402130162731426,{Late-Cycle}
2021-02-02,3.895236416254316e-19,1.0,1.756359991937309e-23,0.0,1.1427031145862857e-42,Late-Cycle,1.0,-1.0000781371607257e-12,-6.213834839072581e-13,{Late-Cycle}
2021-02-03,4.83662315914469e-15,0.9999999999999951,7.226830667089793e-17,0.0,2.6234554470731663e-36,Late-Cycle,0.9999999999999951,-8.595895772822139e-13,-5.340930337487688e-13,{Late-Cycle}
2021-02-04,5.541791693345868e-12,0.9999999999944581,1.389113603508706e-16,0.0,9.515423035355414e-38,Late-Cycle,0.9999999999944581,1.4726246933481597e-10,9.149931674723473e-11,{Late-Cycle}
2021-02-05,5.692286139276907e-15,0.9999999999999927,1.5853933878280836e-15,0.0,3.915958179833327e-36,Late-Cycle,0.9999999999999927,-7.91706533661689e-13,-4.919149272831027e-13,{Late-Cycle}
2021-02-08,8.801542358053277e-12,0.9999999999911644,3.4038636618760764e-14,0.0,1.8973351917520263e-34,Late-Cycle,0.9999999999911644,2.3188073637694209e-10,1.440756021624019e-10,{Late-Cycle}
2021-02-09,5.536712489193285e-14,0.9999999999982676,1.6770675142713081e-12,0.0,1.9698293400703664e-32,Late-Cycle,0.9999999999982676,4.69469233135534e-11,2.916976352480182e-11,{Late-Cycle}
2021-02-10,3.8837958940611326e-27,0.9999999999995305,4.694920845624535e-13,0.0,6.095381022962774e-30,Late-Cycle,0.9999999999995305,1.2261365740758268e-11,7.618414880145505e-12,{Late-Cycle}
2021-02-11,9.257388547999701e-26,0.9999999997213478,2.7865215879467115e-10,0.0,6.639872998564115e-27,Late-Cycle,0.9999999997213478,6.407296012869737e-09,3.98107684886048e-09,{Late-Cycle}
2021-02-12,9.811019273126952e-26,0.9999999991913444,8.086556252767663e-10,0.0,4.1412558134635914e-27,Late-Cycle,0.9999999991913444,1.7736385725484048e-08,1.1020236064067664e-08,{Late-Cycle}
2021-02-15,8.262696150774363e-26,0.9999999909696349,9.0303651117076e-09,0.0,1.0251334183532508e-25,Late-Cycle,0.9999999909696349,1.7629486552925347e-07,1.0953815873681427e-07,{Late-Cycle}
2021-02-16,3.4164377559178486e-29,0.9999999917689141,8.231085881477292e-09,0.0,2.5519935624403687e-27,Late-Cycle,0.9999999917689141,1.614536131617444e-07,1.0031677016826534e-07,{Late-Cycle}
2021-02-17,3.5837126401927515e-24,0.9999999996949848,3.0501527819104835e-10,0.0,1.6380472281690584e-29,Late-Cycle,0.9999999996949848,6.986102718977115e-09,4.340709675722372e-09,{Late-Cycle}
2021-02-18,2.9092370928457286e-21,0.9999999995853188,4.1468120243208376e-10,0.0,1.064074957873921e-28,Late-Cycle,0.9999999995853188,9.37125235471456e-09,5.8226864685581804e-09,{Late-Cycle}
2021-02-19,2.938733046718063e-17,0.9999999999987682,1.2317501436620866e-12,0.0,1.615853573359194e-33,Late-Cycle,0.9999999999987682,3.3278308909302114e-11,2.0676975888415777e-11,{Late-Cycle}
2021-02-22,1.1694626866582953e-18,0.9999999999993646,6.353836222264256e-13,0.0,1.7685617534288979e-34,Late-Cycle,0.9999999999993646,1.6879202505326506e-11,1.0487638184065481e-11,{Late-Cycle}
2021-02-23,7.379923653123024e-16,0.9999999999975748,2.424392865560541e-12,0.0,6.865741500171259e-34,Late-Cycle,0.9999999999975748,6.544979087109233e-11,4.066624152783044e-11,{Late-Cycle}
2021-02-24,1.5890920333162776e-15,0.9999999999997186,2.7982371239603923e-13,0.0,5.432809499832372e-34,Late-Cycle,0.9999999999997186,6.9881455145731764e-12,4.34197893599037e-12,{Late-Cycle}
2021-02-25,7.638127045542531e-13,0.999999999999212,2.422071436458187e-14,0.0,1.227488455593504e-35,Late-Cycle,0.999999999999212,2.1128089054884336e-11,1.312761983028621e-11,{Late-Cycle}
2021-02-26,1.4736167888134846e-08,0.9999999852638318,1.322376733294613e-16,2.0622304702630724e-290,1.5640375495910214e-40,Late-Cycle,0.9999999852638318,2.8047091206806105e-07,1.7426637579568337e-07,{Late-Cycle}
2021-03-01,2.9445334973478867e-09,0.9999999970537671,6.668779727368251e-14,1.6326896047089657e-12,2.618536965983013e-37,Late-Cycle,0.9999999970537671,6.08300041904505e-08,3.779580667293448e-08,{Late-Cycle}
2021-03-02,1.697037224969937e-08,0.9999999830294596,4.764884105362347e-16,1.67732642400356e-13,1.8984266417341776e-39,Late-Cycle,0.9999999830294596,3.206036143940431e-07,1.992022257690978e-07,{Late-Cycle}
2021-03-03,2.738593571492646e-11,0.9999999999726089,5.1026247804365856e-15,0.0,5.560211582036797e-37,Late-Cycle,0.9999999999726089,6.91603011750451e-10,4.2971711204719694e-10,{Late-Cycle}
2021-03-04,6.58741575212409e-09,0.9999999934125405,4.368520006464127e-14,1.7620710157922342e-136,6.783283813794929e-37,Late-Cycle,0.9999999934125405,1.3068109246330576e-07,8.119672803386667e-08,{Late-Cycle}
2021-03-05,8.4821227956332e-08,0.999999915178706,6.598859132966486e-14,0.0,3.1702125691527797e-37,Late-Cycle,0.999999915178706,1.465941414047628e-06,9.108406125655077e-07,{Late-Cycle}
2021-03-08,1.9298907945415775e-09,0.9999999980700992,9.95336720161135e-15,0.0,9.203964018977444e-37,Late-Cycle,0.9999999980700992,4.065298337017337e-08,2.5259118761959657e-08,{Late-Cycle}
2021-03-09,1.7268788301250328e-08,0.9999999827311541,5.756978361593296e-14,0.0,9.562149044189251e-35,Late-Cycle,0.9999999827311541,3.2593706039217863e-07,2.0251608208932658e-07,{Late-Cycle}
2021-03-10,0.005803719705162595,0.9941962802948368,6.503927692758731e-16,0.0,3.259244331892461e-37,Late-Cycle,0.9941962802948368,0.03567168534423481,0.0221640642789912,{Late-Cycle}
2021-03-11,0.010633693078200114,0.9893663069089159,1.2883938478267381e-11,0.0,5.590955561395309e-33,Late-Cycle,0.9893663069089159,0.05889356029873957,0.03659262643419991,{Late-Cycle}
2021-03-12,0.6563141598555038,0.3436858401442179,2.782996571107469e-13,0.0,2.1885924091940477e-37,Risk-On,0.6563141598555038,0.6434500563951674,0.3997979986826699,"{Risk-On, Late-Cycle}"
2021-03-15,0.9970802703696052,0.0029197296303947484,1.7559232064070124e-18,0.0,5.660172027639188e-43,Risk-On,0.9970802703696052,0.01995577675215758,0.012399221242388054,{Risk-On}
2021-03-16,0.9999997241752848,2.758247152028407e-07,4.3231172352111116e-24,0.0,6.303409788243708e-50,Risk-On,0.9999997241752848,4.441741335724203e-06,2.7598090621629203e-06,{Risk-On}
2021-03-17,0.9999999589594047,4.1040595264325846e-08,1.2093052557825822e-25,0.0,5.4781853737727e-50,Risk-On,0.9999999589594047,7.390859366873713e-07,4.5921991210557726e-07,{Risk-On}
2021-03-18,0.999999999988596,1.1403933652372451e-11,2.896463197482384e-31,0.0,2.2283406935184557e-56,Risk-On,0.999999999988596,2.967910819123642e-10,1.8440666745789522e-10,{Risk-On}
2021-03-19,0.9999999999381204,6.187963597871741e-11,5.813942598046418e-30,0.0,1.7500546451383002e-54,Risk-On,0.9999999999381204,1.5144198309593584e-09,9.409619465649115e-10,{Risk-On}
2021-03-22,0.9999999999294387,7.056129979264199e-11,1.9106657229624843e-29,0.0,3.333897692000813e-55,Risk-On,0.9999999999294387,1.7179062503479462e-09,1.0673951676394894e-09,{Risk-On}
2021-03-23,0.9999845039565562,1.549604344370538e-05,9.487289326119866e-25,0.0,9.1051558612546e-50,Risk-On,0.9999845039565562,0.00018711345315093947,0.00011626012516876197,{Risk-On}
2021-03-24,0.5062665055090972,0.4937334944909027,4.1769494646140795e-19,0.0,1.6398510493820832e-42,Risk-On,0.5062665055090972,0.6930686403191431,0.4306277582780139,"{Risk-On, Late-Cycle}"
2021-03-25,2.6232713985138745e-05,0.9999737672860147,9.810282605572391e-17,0.0,3.36199556901579e-39,Late-Cycle,0.9999737672860147,0.0003029482379657717,0.00018823232361141247,{Late-Cycle}
2021-03-26,0.9702678071656043,0.02973219283439569,3.8602132641639904e-18,0.0,1.8853622369633737e-43,Risk-On,0.9702678071656043,0.13381000815675773,0.08314083266150019,{Risk-On}
2021-03-29,0.9999786313121903,2.1368687809630688e-05,3.0086691519165035e-23,0.0,5.034764846707323e-50,Risk-On,0.9999786313121903,0.00025115843456117884,0.0001560535095021646,{Risk-On}
2021-03-30,0.9999945131287061,5.486871293922254e-06,6.70208141314095e-27,0.0,1.1828456589050303e-53,Risk-On,0.9999945131287061,7.19501621859264e-05,4.470514931334604e-05,{Risk-On}
2021-03-31,0.9999999672569112,3.274308875266429e-08,6.273342874469031e-29,0.0,5.938190776156769e-56,Risk-On,0.9999999672569112,5.970542720225728e-07,3.7097067703568196e-07,{Risk-On}
2021-04-01,0.9999999979518537,2.0481463533075436e-09,2.7791812599602194e-28,0.0,7.030375186754518e-56,Risk-On,0.9999999979518537,4.302203978963348e-08,2.6731096277312933e-08,{Risk-On}
2021-04-02,0.9999999888267256,1.1173274381240068e-08,3.1738699156445708e-27,0.0,1.0977864594601292e-54,Risk-On,0.9999999888267256,2.1575103587326842e-07,1.3405365575548572e-07,{Risk-On}
2021-04-05,0.9999999999538016,4.6198351633046955e-11,2.115775697445984e-31,0.0,1.8625941131764495e-58,Risk-On,0.9999999999538016,1.1436409991028832e-09,7.105841053372791e-10,{Risk-On}
2021-04-06,0.9999999988448771,1.1551229139222582e-09,1.9667391788960236e-31,0.0,2.8243456364392557e-59,Risk-On,0.9999999988448771,2.4924466030159675e-08,1.548644146978253e-08,{Risk-On}
2021-04-07,0.9999981192339772,1.8807660227735857e-06,1.3617099162722325e-26,0.0,5.571688891401264e-53,Risk-On,0.9999981192339772,2.6676464411046335e-05,1.657501926911929e-05,{Risk-On}
2021-04-08,0.9999922866311215,7.713368878558526e-06,1.474506979029155e-24,0.0,6.418042152682037e-50,Risk-On,0.9999922866311215,9.851940047321955e-05,6.121354524588006e-05,{Risk-On}
2021-04-09,0.994674138605598,0.005325861394402101,1.2023743199201674e-19,0.0,2.747294715497659e-44,Risk-On,0.994674138605598,0.03319350114955699,0.020624281864564394,{Risk-On}
2021-04-12,0.9999925237083748,7.476291625265635e-06,7.47171889172435e-23,0.0,1.4386200649777272e-49,Risk-On,0.9999925237083748,9.572471584550728e-05,5.947711005560571e-05,{Risk-On}
2021-04-13,0.9999945104707169,5.489529283130365e-06,5.973603260946067e-22,0.0,6.653989117460279e-47,Risk-On,0.9999945104707169,7.198235815594708e-05,4.4725153794271924e-05,{Risk-On}
2021-04-14,0.9969929663949603,0.0030070336050396942,3.5586376125637707e-17,0.0,3.398369179855873e-41,Risk-On,0.9969929663949603,0.020463754283423438,0.012714845428534878,{Risk-On}
2021-04-15,0.9987245411766819,0.0012754588233181488,3.1321967586044016e-18,0.0,1.0274764896992345e-43,Risk-On,0.9987245411766819,0.009774875744609756,0.00607347178110544,{Risk-On}
2021-04-16,0.9093559980480023,0.09064400195199769,5.675361976323682e-17,0.0,3.932958829087067e-40,Risk-On,0.9093559980480023,0.30402528194731604,0.18890152866320314,{Risk-On}
2021-04-19,3.483941432849039e-08,0.999999965160585,7.151044361597166e-16,0.0,5.881008893073761e-36,Late-Cycle,0.999999965160585,6.331178514545707e-07,3.933782388020477e-07,{Late-Cycle}
2021-04-20,1.6373930865937527e-08,0.9999999836179213,8.147841558137131e-12,0.0,5.297455050233499e-34,Late-Cycle,0.9999999836179213,3.101320557456982e-07,1.9269588056159127e-07,{Late-Cycle}
2021-04-21,0.8020111325220843,0.1979888674779153,4.3272161858474746e-16,0.0,8.37294246843132e-44,Risk-On,0.8020111325220843,0.49760173036870303,0.3091773385753877,"{Risk-On, Late-Cycle}"
2021-04-22,0.9985298785358798,0.0014701214641201217,2.504301941115506e-18,0.0,8.614439877617718e-47,Risk-On,0.9985298785358798,0.011057775614281043,0.006870582287674184,{Risk-On}
2021-04-23,0.9999167306865114,8.32693134885481e-05,1.819695383614776e-21,0.0,9.94549352169404e-50,Risk-On,0.9999167306865114,0.0008654503503890244,0.0005377345368235576,{Risk-On}
2021-04-26,0.9999993621305816,6.378694184043566e-07,1.8993017006495666e-26,0.0,1.3246888066321742e-54,Risk-On,0.9999993621305816,9.737158825407922e-06,6.050036941581379e-06,{Risk-On}
2021-04-27,0.9999999352269948,6.477300521733155e-08,1.2971381681858239e-26,0.0,4.515646208412724e-55,Risk-On,0.9999999352269948,1.136918198840109e-06,7.064069946759508e-07,{Risk-On}
2021-04-28,0.9999999993539275,6.460725297168467e-10,2.02694418113821e-30,0.0,3.1791965530639136e-59,Risk-On,0.9999999993539275,1.4315038696371498e-08,8.894433631628296e-09,{Risk-On}
2021-04-29,0.9999996508960534,3.4910394664285993e-07,2.278102151653743e-28,0.0,3.157763687834787e-57,Risk-On,0.9999996508960534,5.539543098693786e-06,3.441911648717053e-06,{Risk-On}
2021-04-30,0.999905226399427,9.477360057300883e-05,4.260660247125943e-27,0.0,1.2420909626998326e-55,Risk-On,0.999905226399427,0.000972753606603241,0.0006044057985014512,{Risk-On}
2021-05-03,0.0005660720635360673,0.9994339279364639,1.4757559578504564e-25,0.0,4.9635387864432035e-54,Late-Cycle,0.9994339279364639,0.00479831328496693,0.0029813596709114434,{Late-Cycle}
2021-05-04,6.185859259811896e-08,0.9999999381414074,8.03172138209012e-23,0.0,1.0561641459775298e-53,Late-Cycle,0.9999999381414074,1.0886111709071703e-06,6.76392150636469e-07,{Late-Cycle}
2021-05-05,6.483522156814441e-06,0.9999935164778432,1.7880172576816494e-23,0.0,8.571938919471202e-57,Late-Cycle,0.9999935164778432,8.393725400132939e-05,5.215314822202951e-05,{Late-Cycle}
2021-05-06,7.377537303751739e-06,0.9999926224626963,2.5574338790350064e-24,0.0,1.779717304571564e-58,Late-Cycle,0.9999926224626963,9.455838780610136e-05,5.8752429699566384e-05,{Late-Cycle}
2021-05-07,1.240573384313791e-10,0.9999999998759427,4.096221260046016e-21,0.0,8.469149133710122e-52,Late-Cycle,0.9999999998759427,2.9518436356436125e-09,1.8340835721828307e-09,{Late-Cycle}
2021-05-10,9.743479225743408e-07,0.9999990256520774,7.376843445068486e-21,0.0,5.609518180093079e-53,Late-Cycle,0.9999990256520774,1.4460779672305505e-05,8.984987591372905e-06,{Late-Cycle}
2021-05-11,3.6215246564626027e-16,0.9999999999999997,4.162117409163429e-18,0.0,1.5234494169339054e-46,Late-Cycle,0.9999999999999997,-9.895232965405022e-13,-6.148253927012043e-13,{Late-Cycle}
2021-05-12,2.0043590606911593e-11,0.9999999999799564,2.5874698853732676e-17,0.0,4.885283437849714e-47,Late-Cycle,0.9999999999799564,5.118045222229069e-10,3.1800202932268325e-10,{Late-Cycle}
2021-05-13,1.646431813846096e-14,0.9999999999999831,3.814783937961962e-16,0.0,9.158050925257646e-45,Late-Cycle,0.9999999999999831,-5.180159628526153e-13,-3.2186141437986403e-13,{Late-Cycle}
2021-05-14,2.076622534009836e-15,0.9999999999998808,1.1712018742885037e-13,0.0,3.0294744227249586e-40,Late-Cycle,0.9999999999998808,2.3997027749687626e-12,1.491019166647735e-12,{Late-Cycle}
2021-05-17,8.438851772078732e-23,0.9999999999991653,8.346426975930825e-13,0.0,4.41371250661175e-37,Late-Cycle,0.9999999999991653,2.2390104062960124e-11,1.3911753842742228e-11,{Late-Cycle}
2021-05-18,1.166666605211071e-20,0.9999999998530282,1.4697180711894743e-10,0.0,2.0518286355666126e-34,Late-Cycle,0.9999999998530282,3.4725315777251195e-09,2.157605180602023e-09,{Late-Cycle}
2021-05-19,1.6426959334300087e-13,0.9999999999969655,2.8701459727831575e-12,0.0,1.9559740522418147e-37,Late-Cycle,0.9999999999969655,8.196935363569524e-11,5.093042297712838e-11,{Late-Cycle}
2021-05-20,1.9389943466660518e-11,0.9999999999803306,2.7945323436709885e-13,0.0,1.9936579804838217e-39,Late-Cycle,0.9999999999803306,5.036245582090501e-10,3.129195319174336e-10,{Late-Cycle}
2021-05-21,3.959793171694495e-06,0.9999960402067694,5.899748580992598e-14,0.0,1.4167594844806897e-39,Late-Cycle,0.9999960402067694,5.321691451742432e-05,3.30655280991483e-05,{Late-Cycle}
2021-05-24,1.5643475179630957e-09,0.9999999984352803,3.7213586455497696e-13,0.0,3.76803263663857e-37,Late-Cycle,0.9999999984352803,3.3291277534408124e-08,2.0685033748247346e-08,{Late-Cycle}
2021-05-25,1.8195192523106466e-07,0.9999998180473068,7.680227752358872e-13,0.0,2.910314177533205e-37,Late-Cycle,0.9999998180473068,3.0057786092012977e-06,1.8675952554487695e-06,{Late-Cycle}
2021-05-26,2.673554191360371e-12,0.9999999999968616,4.647906828015626e-13,0.0,7.130270004089358e-37,Late-Cycle,0.9999999999968616,8.51979369056437e-11,5.2936454551882066e-11,{Late-Cycle}
2021-05-27,6.182824294477514e-09,0.9999999938169215,2.541923531626491e-13,0.0,4.489178473651258e-37,Late-Cycle,0.9999999938169215,1.2305264028033617e-07,7.645690419597013e-08,{Late-Cycle}
2021-05-28,3.5766056217362976e-09,0.9999999964232699,1.244928364172868e-13,0.0,1.6893983581679069e-37,Late-Cycle,0.9999999964232699,7.313902764698479e-08,4.544383295679294e-08,{Late-Cycle}
2021-05-31,1.5432427772018645e-07,0.9999998456757196,2.6430509244582325e-15,0.0,3.996102417356312e-42,Late-Cycle,0.9999998456757196,2.574776682610728e-06,1.5997987015955512e-06,{Late-Cycle}
2021-06-01,0.011591426969133773,0.9884085730306166,2.496165375775382e-13,0.0,5.356619677708154e-41,Late-Cycle,0.9884085730306166,0.06319264940005438,0.03926380067963128,{Late-Cycle}
2021-06-02,0.9759042329669443,0.024095767033055507,1.5372195893859374e-16,4.2327190960945515e-171,8.093093007287747e-47,Risk-On,0.9759042329669443,0.11357716320123266,0.07056945926510426,{Risk-On}
2021-06-03,0.9999669036608113,3.309633918868882e-05,5.942241707441406e-20,0.0,5.922949940317843e-50,Risk-On,0.9999669036608113,0.0003745205330831419,0.00023270269091444493,{Risk-On}
2021-06-04,0.9999882610630604,1.1738936939662204e-05,1.1685296871558968e-20,0.0,1.889559578167821e-48,Risk-On,0.9999882610630604,0.00014500631329792456,9.009748818369653e-05,{Risk-On}
2021-06-07,0.9752362952697392,0.024763704730260627,1.1775382440386387e-16,0.0,2.2040645473401585e-42,Risk-On,0.9752362952697392,0.11604001797278213,0.07209971697341476,{Risk-On}
2021-06-08,5.018192964189985e-05,0.9999498180702685,8.962434047847099e-14,0.0,2.5154761961821705e-36,Late-Cycle,0.9999498180702685,0.000546974526411803,0.0003398543815738523,{Late-Cycle}
2021-06-09,0.0012323210687469966,0.9987676789274698,3.7832746292185635e-12,0.0,3.98112168398787e-37,Late-Cycle,0.9987676789274698,0.009486702737657844,0.0058944198246891275,{Late-Cycle}
2021-06-10,1.0264121682854999e-08,0.9999999897263011,9.577142264278823e-12,0.0,6.474597986687108e-35,Late-Cycle,0.9999999897263011,1.993182648198952e-07,1.2384340102840496e-07,{Late-Cycle}
2021-06-11,2.8042980547624868e-08,0.9999999718849416,7.207785552549964e-11,0.0,2.8828323717152347e-34,Late-Cycle,0.9999999718849416,5.174494998088746e-07,3.21509451101651e-07,{Late-Cycle}
2021-06-14,7.181733895817256e-07,0.9999992814272844,3.9932595199618504e-10,0.0,2.067644710829254e-33,Late-Cycle,0.9999992814272844,1.0886890585581708e-05,6.764405449550065e-06,{Late-Cycle}
2021-06-15,0.00010124629116801484,0.9998987532794377,4.29394270475494e-10,0.0,2.6180259990559773e-34,Late-Cycle,0.9998987532794377,0.0010325096311390126,0.0006415343040959274,{Late-Cycle}
2021-06-16,0.004386001253870799,0.995613987950895,1.0795234231424433e-08,0.0,1.640871870172335e-32,Late-Cycle,0.995613987950895,0.028189657826044514,0.017515219200603217,{Late-Cycle}
2021-06-17,0.7918778080270908,0.20812219180648178,1.664273508073637e-10,0.0,2.492602113721297e-35,Risk-On,0.7918778080270908,0.511458067942074,0.3177867651747741,"{Risk-On, Late-Cycle}"
2021-06-18,0.993720268300012,0.006279731699918617,6.937528516160095e-14,0.0,2.217404184295867e-41,Risk-On,0.993720268300012,0.038100900365290825,0.023673420435130266,{Risk-On}
2021-06-21,0.996141117902418,0.003858882097581485,5.093522689252394e-16,0.0,5.309388255783983e-41,Risk-On,0.996141117902418,0.025296692521422536,0.015717718792372694,{Risk-On}
2021-06-22,8.598203260340205e-34,1.0,9.926049552693875e-29,0.0,1.4490776457149508e-38,Late-Cycle,1.0,-1.0000889005818382e-12,-6.213901715968106e-13,{Late-Cycle}
2021-06-23,0.05344960944419624,0.9465503904251223,1.3068144273048847e-10,0.0,3.689515533905696e-34,Late-Cycle,0.9465503904251223,0.20854978822607598,0.12957926901986982,{Late-Cycle}
2021-06-24,0.9109587952509202,0.08904120473923216,9.847689382215674e-12,3.2697432502675723e-75,5.409018488459706e-35,Risk-On,0.9109587952509202,0.3003138908308883,0.18659551170675237,{Risk-On}
2021-06-25,0.9998194449713087,0.000180555028691098,1.7629172431857903e-16,3.1214108256503947e-57,5.854952934738305e-41,Risk-On,0.9998194449713087,0.0017368282741007926,0.0010791520820296995,{Risk-On}
2021-06-28,0.9999995632855685,4.3671443145391736e-07,7.031915432649295e-22,4.4459675039486215e-152,3.9407144015239876e-45,Risk-On,0.9999995632855685,6.831952500666307e-06,4.2449307599158765e-06,{Risk-On}
2021-06-29,0.9998293707115553,0.00017062928844472608,1.802511587821437e-20,0.0,2.71740361241241e-43,Risk-On,0.9998293707115553,0.00165099737980854,0.0010258223489414298,{Risk-On}
2021-06-30,1.5824805726247336e-09,0.9999999984175194,2.2110599113956114e-19,0.0,6.2774071331929984e-37,Late-Cycle,0.9999999984175194,3.3648298069413146e-08,2.090686307900113e-08,{Late-Cycle}
2021-07-01,0.9775993019493149,0.022400698050685154,7.282104957159374e-18,0.0,1.604691167710666e-41,Risk-On,0.9775993019493149,0.10724061412079311,0.06663233995687558,{Risk-On}
2021-07-02,0.9997404964138699,0.00025950358613016725,2.3311707935105433e-21,0.0,2.6839716115499304e-45,Risk-On,0.9997404964138699,0.002402123559266214,0.0014925232845007749,{Risk-On}
2021-07-05,0.9899676552886132,0.010032344711386833,1.8961569665441408e-21,0.0,1.8191413561120028e-44,Risk-On,0.9899676552886132,0.05615010939709675,0.03488802454776015,{Risk-On}
2021-07-06,0.02367404259711966,0.9763259574028803,5.345323272151326e-18,0.0,8.827834563420788e-39,Late-Cycle,0.9763259574028803,0.1120124192791667,0.06959722920268485,{Late-Cycle}
2021-07-07,0.9999894716774181,1.0528322581891837e-05,7.5681007984038425e-22,0.0,6.770556802659455e-48,Risk-On,0.9999894716774181,0.00013119801898208407,8.151791253858392e-05,{Risk-On}
2021-07-08,0.9998200272511095,0.00017997274889046915,7.950610223744705e-21,0.0,5.942750437813608e-44,Risk-On,0.9998200272511095,0.0017318084929880922,0.0010760331166605364,{Risk-On}
2021-07-09,0.999999031481188,9.685188120137668e-07,1.6899097503852228e-23,0.0,6.894693209219465e-48,Risk-On,0.999999031481188,1.4380078587982972e-05,8.934845188426475e-06,{Risk-On}
2021-07-12,0.9999999972440682,2.7559317616885043e-09,1.5866562549557743e-27,0.0,1.4942246635237723e-53,Risk-On,0.9999999972440682,5.707199730459265e-08,3.546082571043542e-08,{Risk-On}
2021-07-13,0.9999999952909852,4.7090148665178315e-09,1.0351105649141784e-26,0.0,6.591190722801206e-52,Risk-On,0.9999999952909852,9.4996663503991e-08,5.9024745701633716e-08,{Risk-On}
2021-07-14,0.997847163831597,0.002152836168403006,8.965209116387294e-22,0.0,2.659819589355807e-46,Risk-On,0.997847163831597,0.015371017662385111,0.00955055025337269,{Risk-On}
2021-07-15,0.6491615670326804,0.35083843296731965,3.721738677383337e-18,0.0,6.13718236430581e-41,Risk-On,0.6491615670326804,0.647964117492647,0.4026027425392705,"{Risk-On, Late-Cycle}"
2021-07-16,0.9999991112785689,8.887214310947383e-07,6.830212921420273e-24,0.0,7.68582299270224e-51,Risk-On,0.9999991112785689,1.3271703100628583e-05,8.24617277752366e-06,{Risk-On}
2021-07-19,0.9999999972473901,2.752609950599276e-09,3.739038154022656e-29,0.0,3.8077556751394325e-55,Risk-On,0.9999999972473901,5.700652394515964e-08,3.542014482493671e-08,{Risk-On}
2021-07-20,0.9999999999245315,7.546854918264187e-11,1.0888220920840095e-30,0.0,6.253867254269813e-57,Risk-On,0.9999999999245315,1.832443612046013e-09,1.1385612317747881e-09,{Risk-On}
2021-07-21,0.9999999999999429,5.710674022914449e-14,1.9028401110479585e-33,0.0,4.648060495215679e-60,Risk-On,0.9999999999999429,6.317226460277716e-13,3.9251134892949034e-13,{Risk-On}
2021-07-22,0.9999999999999708,2.916276951306305e-14,1.2329248458851034e-33,0.0,1.133509775735004e-59,Risk-On,0.9999999999999708,-1.658202145995295e-13,-1.0302989218685946e-13,{Risk-On}
2021-07-23,0.9999999999991537,8.462798047714702e-13,6.734081436232485e-35,0.0,4.093645067692834e-62,Risk-On,0.9999999999991537,2.2711004617740278e-11,1.4111140567946697e-11,{Risk-On}
2021-07-26,0.9469367640946417,0.053063235905358365,5.3716581080890045e-24,0.0,5.0767912381654814e-48,Risk-On,0.9469367640946417,0.20743783606313954,0.12888837429547828,{Risk-On}
2021-07-27,2.96110942018717e-06,0.9999970388905798,8.229510268291555e-23,0.0,6.312982385271999e-45,Late-Cycle,0.9999970388905798,4.0655867700810945e-05,2.5260910897347607e-05,{Late-Cycle}
2021-07-28,0.99910212953443,0.0008978704655699544,8.477196931916028e-24,0.0,7.232369757833216e-52,Risk-On,0.99910212953443,0.007196463813861492,0.004471414372846245,{Risk-On}
2021-07-29,0.9999999999022464,9.775353906311996e-11,4.357055041441004e-34,0.0,6.30902515876632e-63,Risk-On,0.9999999999022464,2.3488381406537245e-09,1.4594151924142023e-09,{Risk-On}
2021-07-30,0.9999999999977561,2.2438726097694567e-12,1.1315097965579146e-38,0.0,5.0134452001144585e-68,Risk-On,0.9999999999977561,6.060386815622849e-11,3.765530045490957e-11,{Risk-On}
2021-08-02,0.9999999999999993,6.646963447873384e-16,1.740574957892784e-44,0.0,3.9786175649710154e-75,Risk-On,0.9999999999999993,-9.810569697030237e-13,-6.095649680696793e-13,{Risk-On}
2021-08-03,0.999999999999998,1.9816964884663468e-15,1.738714843061471e-42,0.0,1.4823102558973437e-72,Risk-On,0.999999999999998,-9.433381248542652e-13,-5.861289320739118e-13,{Risk-On}
2021-08-04,0.9999999999993135,6.864588110899165e-13,6.736801392521717e-40,0.0,4.201164867143048e-70,Risk-On,0.9999999999993135,1.829526629999103e-11,1.1367488089255599e-11,{Risk-On}
2021-08-05,0.9999999999999997,3.4839611081429724e-16,9.953345269358184e-47,0.0,2.580446081779332e-79,Risk-On,0.9999999999999997,-9.900183924360845e-13,-6.151330130770867e-13,{Risk-On}
2021-08-06,0.9999999999934244,6.575655087215179e-12,1.1845525201594574e-42,0.0,8.45991758115905e-75,Risk-On,0.9999999999934244,1.7395240973776721e-10,1.0808270912090238e-10,{Risk-On}
2021-08-09,0.9999999999999999,9.792665153609217e-17,2.535603516059586e-48,0.0,3.665654350327484e-82,Risk-On,0.9999999999999999,-9.971610521896696e-13,-6.19570997107662e-13,{Risk-On}
2021-08-10,0.9999999999999999,8.337836856368318e-17,4.273120908472359e-48,0.0,9.992416294010632e-83,Risk-On,0.9999999999999999,-9.975630334661836e-13,-6.198207621177991e-13,{Risk-On}
2021-08-11,1.0,8.899977517048372e-22,1.99423319234297e-57,0.0,3.044323802351223e-92,Risk-On,1.0,-1.0000888759902943e-12,-6.213901563172253e-13,{Risk-On}
2021-08-12,1.0,1.455888474090335e-21,7.230304798861872e-56,0.0,1.6139987150947051e-90,Risk-On,1.0,-1.0000888603541557e-12,-6.213901466019461e-13,{Risk-On}
2021-08-13,0.9999999999999999,6.704973798859008e-17,4.471332400832651e-49,0.0,9.755313828488718e-83,Risk-On,0.9999999999999999,-9.980142077462523e-13,-6.201010924595806e-13,{Risk-On}
2021-08-16,0.9999999999998902,1.0982005467952284e-13,4.546611863457e-45,0.0,8.821563857347803e-78,Risk-On,0.9999999999998902,2.1328204107600147e-12,1.3251958303469781e-12,{Risk-On}
2021-08-17,0.999999999999996,3.9547236089671356e-15,1.3485878172726603e-47,0.0,8.620343536227853e-81,Risk-On,0.999999999999996,-8.868346551406553e-13,-5.51021352417015e-13,{Risk-On}
2021-08-18,0.9999999999999576,4.2423670803831774e-14,1.0725448981353824e-46,0.0,3.816419077254949e-79,Risk-On,0.9999999999999576,2.1276832479622756e-13,1.322003931636223e-13,{Risk-On}
2021-08-19,0.9999999999997268,2.732073835988376e-13,9.058968049895567e-45,0.0,2.316923662839485e-77,Risk-On,0.9999999999997268,6.756256696182546e-12,4.197898312190522e-12,{Risk-On}
2021-08-20,0.9999999999999941,5.875476650347955e-15,7.103855797234069e-47,0.0,1.3596551686377376e-79,Risk-On,0.9999999999999941,-8.317826970639922e-13,-5.168156476480731e-13,{Risk-On}
2021-08-23,1.0,1.8315907219771595e-18,1.7379654533773815e-51,0.0,9.386635127804725e-84,Risk-On,1.0,-1.000038291863281e-12,-6.213587266319777e-13,{Risk-On}
2021-08-24,1.0,1.7076817845363327e-17,8.522792645940366e-49,0.0,1.0833347784212545e-80,Risk-On,1.0,-9.99617050958978e-13,-6.210969949422688e-13,{Risk-On}
2021-08-25,1.0,1.4214089877638597e-18,6.320536720195205e-50,0.0,6.374305751144426e-82,Risk-On,1.0,-1.000049625602106e-12,-6.213657686798489e-13,{Risk-On}
2021-08-26,0.9999999999999722,2.771496707226932e-14,4.09151599636846e-46,0.0,2.1851935897901013e-78,Risk-On,0.9999999999999722,-2.0729815243267737e-13,-1.2880158397608604e-13,{Risk-On}
2021-08-27,0.9999999999734583,2.654162040278074e-11,1.799688258255676e-42,0.0,1.6258994292100067e-74,Risk-On,0.9999999999734583,6.709097472443896e-10,4.1685966389949855e-10,{Risk-On}
2021-08-30,0.9999999999480811,5.191886812010578e-11,1.199791865494568e-41,0.0,6.643755909074284e-74,Risk-On,0.9999999999480811,1.2794367526040685e-09,7.949587509524111e-10,{Risk-On}
2021-08-31,0.9999999857035401,1.4296459833767793e-08,3.890038274476032e-38,0.0,3.3770059923357234e-70,Risk-On,0.9999999857035401,2.725350436281697e-07,1.6933554349790977e-07,{Risk-On}
2021-09-01,0.9999999999743623,2.5637757540294497e-11,2.4649594594603495e-41,0.0,4.411039410824531e-74,Risk-On,0.9999999999743623,6.488835841192936e-10,4.031740392755677e-10,{Risk-On}
2021-09-02,0.9999999999981818,1.818257676885014e-12,4.472788697969697e-42,0.0,6.391042321753065e-75,Risk-On,0.9999999999981818,4.917461958212643e-11,3.0553909040054336e-11,{Risk-On}
2021-09-03,0.9999999999734507,2.6549371164749854e-11,3.014550051928179e-40,0.0,8.960541595253366e-73,Risk-On,0.9999999999734507,6.710983995902791e-10,4.169768801924863e-10,{Risk-On}
2021-09-06,0.9999999999984107,1.5892961227695316e-12,3.1806028485054175e-42,0.0,1.7142207819739373e-74,Risk-On,0.9999999999984107,4.299114691447782e-11,2.6711901454749734e-11,{Risk-On}
2021-09-07,0.9999999999979227,2.0773650870590316e-12,3.871036373806734e-42,0.0,5.395208114783454e-74,Risk-On,0.9999999999979227,5.614196746712937e-11,3.488296568223668e-11,{Risk-On}
2021-09-08,0.9999999953378527,4.662147272324081e-09,5.36469191840686e-39,0.0,4.842917846021812e-69,Risk-On,0.9999999953378527,9.409780030814103e-08,5.846625059666223e-08,{Risk-On}
2021-09-09,0.9999999999988282,1.1717919016865234e-12,1.5806623718534118e-42,0.0,2.994705038009054e-73,Risk-On,0.9999999999988282,3.1640883061300125e-11,1.9659586006301245e-11,{Risk-On}
2021-09-10,1.0,5.706233963064232e-20,9.395986478249814e-55,0.0,8.87506992953892e-84,Risk-On,1.0,-1.000087323891133e-12,-6.213891919437945e-13,{Risk-On}
2021-09-13,1.0,5.520231022854949e-23,2.3988185676833418e-57,0.0,5.274122764499905e-87,Risk-On,1.0,-1.0000888990565448e-12,-6.213901706490925e-13,{Risk-On}
2021-09-14,1.0,2.25169199998429e-20,3.3064585518002695e-54,0.0,1.3862976780104037e-83,Risk-On,1.0,-1.0000882784163495e-12,-6.213897850236573e-13,{Risk-On}
2021-09-15,0.9999999999999974,2.5818143794744625e-15,3.683060185642939e-49,0.0,2.038430906173108e-78,Risk-On,0.9999999999999974,-9.260928548614614e-13,-5.754138433714702e-13,{Risk-On}
2021-09-16,1.0,4.4013152884136254e-18,3.846411104631421e-53,0.0,1.5007380973298228e-83,Risk-On,1.0,-9.999672877655406e-13,-6.213146093055547e-13,{Risk-On}
2021-09-17,1.0,1.763120431630612e-23,4.22575308678039e-64,0.0,9.603733779499082e-96,Risk-On,1.0,-1.0000889000946728e-12,-6.213901712941177e-13,{Risk-On}
2021-09-20,1.0,7.231675047619168e-24,4.4520495359348954e-63,0.0,4.254496366194317e-94,Risk-On,1.0,-1.0000889003820223e-12,-6.213901714726581e-13,{Risk-On}
2021-09-21,1.0,2.169933302803338e-25,1.512667229680538e-65,0.0,2.1480183134233718e-95,Risk-On,1.0,-1.0000889005758451e-12,-6.213901715930868e-13,{Risk-On}
2021-09-22,1.0,9.490575067899285e-21,5.8005099637622795e-61,0.0,2.557256092375333e-90,Risk-On,1.0,-1.0000886383475609e-12,-6.213900086614931e-13,{Risk-On}
2021-09-23,1.0,2.6445939411209496e-23,3.9312767090876357e-63,0.0,3.2841974100437306e-92,Risk-On,1.0,-1.0000888998511127e-12,-6.213901711427854e-13,{Risk-On}
2021-09-24,1.0,7.550709175647122e-29,6.139686426015014e-71,0.0,7.980006758656139e-100,Risk-On,1.0,-1.000088900581839e-12,-6.213901715968111e-13,{Risk-On}
2021-09-27,1.0,5.0183385146861784e-24,6.367604429366876e-64,0.0,4.8014714572392e-93,Risk-On,1.0,-1.0000889004431792e-12,-6.213901715106569e-13,{Risk-On}
2021-09-28,1.0,1.1352583690412117e-24,1.6976183544369513e-63,0.0,8.119061112457372e-92,Risk-On,1.0,-1.0000889005504725e-12,-6.213901715773221e-13,{Risk-On}
2021-09-29,1.0,2.0327170383329817e-24,1.5840866923078552e-64,0.0,5.597725969888226e-93,Risk-On,1.0,-1.0000889005256749e-12,-6.213901715619144e-13,{Risk-On}
2021-09-30,1.0,3.123579411971111e-22,1.4667677004735383e-62,0.0,7.469140155512774e-92,Risk-On,1.0,-1.0000888919510722e-12,-6.213901662342142e-13,{Risk-On}
2021-10-01,1.0,9.805023168332637e-32,3.4738101464505456e-76,0.0,4.603071052846815e-105,Risk-On,1.0,-1.000088900581841e-12,-6.213901715968123e-13,{Risk-On}
2021-10-04,1.0,1.5151618321855857e-33,4.744614972908815e-79,0.0,8.977522143024883e-109,Risk-On,1.0,-1.000088900581841e-12,-6.213901715968123e-13,{Risk-On}
2021-10-05,1.0,5.414309724455551e-38,5.0460420988209924e-85,0.0,3.554525095793631e-113,Risk-On,1.0,-1.000088900581841e-12,-6.213901715968123e-13,{Risk-On}
2021-10-06,1.0,1.0530786768575965e-34,1.628397594098129e-79,0.0,3.0984913005365865e-108,Risk-On,1.0,-1.000088900581841e-12,-6.213901715968123e-13,{Risk-On}
2021-10-07,1.0,8.727690778639372e-36,2.399928083987223e-81,0.0,6.929335312442905e-111,Risk-On,1.0,-1.000088900581841e-12,-6.213901715968123e-13,{Risk-On}
2021-10-08,1.0,5.946655183820512e-38,9.004563571691844e-87,0.0,6.585422827808309e-116,Risk-On,1.0,-1.000088900581841e-12,-6.213901715968123e-13,{Risk-On}
2021-10-11,1.0,2.1679009431652064e-38,2.87602823992701e-87,1.0667827569453038e-111,3.3835094961349016e-118,Risk-On,1.0,-1.000088900581841e-12,-6.213901715968123e-13,{Risk-On}
2021-10-12,1.0,1.2106268803419426e-30,1.5273199257087294e-80,0.0,7.594039721914744e-112,Risk-On,1.0,-1.000088900581841e-12,-6.213901715968123e-13,{Risk-On}
2021-10-13,1.0,3.5969553312677984e-31,5.260754490822502e-80,0.0,2.1902614186528e-112,Risk-On,1.0,-1.000088900581841e-12,-6.213901715968123e-13,{Risk-On}
2021-10-14,1.0,1.1487057737658296e-31,8.84962303048693e-81,0.0,2.3765295917999216e-111,Risk-On,1.0,-1.000088900581841e-12,-6.213901715968123e-13,{Risk-On}
2021-10-15,1.0,1.3518525643020688e-37,5.918583397691051e-91,0.0,1.2883300630959959e-120,Risk-On,1.0,-1.000088900581841e-12,-6.213901715968123e-13,{Risk-On}
2021-10-18,1.0,2.668765325171543e-35,2.3214607089497593e-89,0.0,8.673035457074498e-120,Risk-On,1.0,-1.000088900581841e-12,-6.213901715968123e-13,{Risk-On}
2021-10-19,1.0,5.822996260595029e-40,2.7317369539089137e-95,0.0,2.0825241421623838e-123,Risk-On,1.0,-1.000088900581841e-12,-6.213901715968123e-13,{Risk-On}
2021-10-20,1.0,3.4818208938513453e-40,7.147338392464807e-95,0.0,2.301804463711371e-122,Risk-On,1.0,-1.000088900581841e-12,-6.213901715968123e-13,{Risk-On}
2021-10-21,1.0,1.995105315272722e-46,2.7811091032609568e-102,0.0,9.046421364407617e-128,Risk-On,1.0,-1.000088900581841e-12,-6.213901715968123e-13,{Risk-On}
2021-10-22,1.0,1.2935827373357976e-47,1.6726358664873888e-105,0.0,4.531623158902072e-132,Risk-On,1.0,-1.000088900581841e-12,-6.213901715968123e-13,{Risk-On}
2021-10-25,1.0,2.0207596146051247e-44,4.9463906387169555e-102,0.0,2.0447680867599596e-129,Risk-On,1.0,-1.000088900581841e-12,-6.213901715968123e-13,{Risk-On}
2021-10-26,1.0,3.0258973766025705e-42,6.010144955988151e-101,0.0,2.1313240751533205e-129,Risk-On,1.0,-1.000088900581841e-12,-6.213901715968123e-13,{Risk-On}
2021-10-27,1.0,9.856941505213562e-44,8.558315956159444e-105,0.0,6.442307478295552e-134,Risk-On,1.0,-1.000088900581841e-12,-6.213901715968123e-13,{Risk-On}
2021-10-28,1.0,9.543161794790996e-42,2.911108150658639e-104,0.0,7.856857695036058e-133,Risk-On,1.0,-1.000088900581841e-12,-6.213901715968123e-13,{Risk-On}
2021-10-29,1.0,5.744125174001594e-34,1.5270878816620896e-96,0.0,7.703364757054308e-125,Risk-On,1.0,-1.000088900581841e-12,-6.213901715968123e-13,{Risk-On}
2021-11-01,1.0,9.879370032737362e-29,9.18022167448165e-89,0.0,3.632855359194613e-119,Risk-On,1.0,-1.0000889005818382e-12,-6.213901715968106e-13,{Risk-On}
2021-11-02,1.0,1.6308140839121515e-31,3.6955236027336444e-91,0.0,4.184481004841025e-122,Risk-On,1.0,-1.000088900581841e-12,-6.213901715968123e-13,{Risk-On}
2021-11-03,1.0,8.01333152338541e-31,2.2014574192602743e-91,0.0,4.412778216054291e-124,Risk-On,1.0,-1.000088900581841e-12,-6.213901715968123e-13,{Risk-On}
2021-11-04,1.0,1.860695306612624e-30,1.6402139535198947e-90,0.0,6.165056184035897e-123,Risk-On,1.0,-1.000088900581841e-12,-6.213901715968123e-13,{Risk-On}
2021-11-05,1.0,7.542840838129679e-33,1.4364071984896774e-94,0.0,6.41349825308193e-128,Risk-On,1.0,-1.000088900581841e-12,-6.213901715968123e-13,{Risk-On}
2021-11-08,1.0,9.097392633730161e-33,3.5193277319245035e-94,0.0,9.594015964847197e-129,Risk-On,1.0,-1.000088900581841e-12,-6.213901715968123e-13,{Risk-On}
2021-11-09,1.0,4.916669563361576e-33,1.4239744082638036e-95,1.1654194639323185e-299,2.1759035075034724e-131,Risk-On,1.0,-1.000088900581841e-12,-6.213901715968123e-13,{Risk-On}
2021-11-10,1.0,1.1781097790944902e-36,1.5657804303340468e-99,0.0,5.205869075217966e-136,Risk-On,1.0,-1.000088900581841e-12,-6.213901715968123e-13,{Risk-On}
2021-11-11,1.0,4.614899450236703e-33,8.354083070835164e-93,0.0,3.432596901896689e-128,Risk-On,1.0,-1.000088900581841e-12,-6.213901715968123e-13,{Risk-On}
2021-11-12,1.0,3.367721757543496e-31,4.129110303082998e-90,0.0,3.0423122751497113e-125,Risk-On,1.0,-1.000088900581841e-12,-6.213901715968123e-13,{Risk-On}
2021-11-15,1.0,5.598146812873732e-32,5.498876003333738e-89,0.0,1.627231618497997e-123,Risk-On,1.0,-1.000088900581841e-12,-6.213901715968123e-13,{Risk-On}
2021-11-16,1.0,5.20407575106861e-30,4.3660277873018995e-87,0.0,3.66812102411005e-122,Risk-On,1.0,-1.0000889005818408e-12,-6.213901715968122e-13,{Risk-On}
2021-11-17,1.0,3.345610464920361e-24,1.7752025338622716e-78,0.0,6.603056666006828e-113,Risk-On,1.0,-1.0000889004893983e-12,-6.213901715393744e-13,{Risk-On}
2021-11-18,1.0,1.793931454856924e-25,1.3525540050623736e-81,0.0,1.3771006926288777e-116,Risk-On,1.0,-1.0000889005768842e-12,-6.213901715937325e-13,{Risk-On}
2021-11-19,1.0,4.570036191400856e-27,1.617132615261918e-82,0.0,2.238488420378865e-117,Risk-On,1.0,-1.0000889005817148e-12,-6.213901715967339e-13,{Risk-On}
2021-11-22,1.0,4.351158690299362e-22,6.384840273868388e-76,0.0,5.010739385127722e-110,Risk-On,1.0,-1.0000888885591452e-12,-6.213901641266914e-13,{Risk-On}
2021-11-23,1.0,2.941107398491239e-23,4.664443236373533e-78,0.0,4.517753626406363e-112,Risk-On,1.0,-1.0000888997691829e-12,-6.213901710918794e-13,{Risk-On}
2021-11-24,1.0,4.867415821207055e-23,3.201555573318595e-76,0.0,4.7240269497904786e-110,Risk-On,1.0,-1.0000888992369243e-12,-6.213901707611686e-13,{Risk-On}
2021-11-25,1.0,3.605064643800471e-26,2.7288881963937334e-81,7.206770983986172e-258,2.798722277594827e-114,Risk-On,1.0,-1.0000889005808448e-12,-6.213901715961933e-13,{Risk-On}
2021-11-26,1.0,7.417101544596005e-26,4.234894530048076e-79,5.830220828164315e-135,5.206912246245026e-112,Risk-On,1.0,-1.0000889005797916e-12,-6.21390171595539e-13,{Risk-On}
2021-11-29,1.0,1.2619360381799861e-26,2.1110720906623976e-78,8.223053599189087e-27,6.901359821683862e-112,Risk-On,1.0,-1.000088900581265e-12,-6.213901715964544e-13,{Risk-On}
2021-11-30,1.0,1.3506976638710387e-27,6.729944692607591e-80,0.0,2.31298406718813e-114,Risk-On,1.0,-1.0000889005818036e-12,-6.213901715967891e-13,{Risk-On}
2021-12-01,1.0,1.661572624977334e-33,1.8271817055604843e-90,0.0,1.2191296123695854e-126,Risk-On,1.0,-1.000088900581841e-12,-6.213901715968123e-13,{Risk-On}
2021-12-02,1.0,1.4951374746226254e-32,1.41784527310878e-88,0.0,1.2555170960742058e-124,Risk-On,1.0,-1.000088900581841e-12,-6.213901715968123e-13,{Risk-On}
2021-12-03,1.0,3.7999412388643876e-28,2.680651812437117e-83,0.0,7.103847535740835e-120,Risk-On,1.0,-1.0000889005818305e-12,-6.213901715968058e-13,{Risk-On}
2021-12-06,1.0,1.5644242591791131e-30,4.834352850298349e-87,0.0,6.055216049005644e-124,Risk-On,1.0,-1.000088900581841e-12,-6.213901715968123e-13,{Risk-On}
2021-12-07,1.0,9.625487789752898e-38,4.005384434583815e-100,0.0,8.466122000115036e-137,Risk-On,1.0,-1.000088900581841e-12,-6.213901715968123e-13,{Risk-On}
2021-12-08,1.0,4.193555965793422e-32,1.625269776391293e-92,0.0,2.9833757816089263e-129,Risk-On,1.0,-1.000088900581841e-12,-6.213901715968123e-13,{Risk-On}
2021-12-09,1.0,3.615395916662193e-29,1.6052930171658816e-87,0.0,4.580709120402988e-124,Risk-On,1.0,-1.00008890058184e-12,-6.213901715968117e-13,{Risk-On}
2021-12-10,1.0,1.55847645670529e-26,2.1040804997261367e-81,0.0,5.0905465999454454e-117,Risk-On,1.0,-1.0000889005814104e-12,-6.213901715965448e-13,{Risk-On}
2021-12-13,1.0,7.951031841745365e-27,3.9739262748281523e-81,0.0,4.0613953342770343e-116,Risk-On,1.0,-1.0000889005816213e-12,-6.213901715966758e-13,{Risk-On}
2021-12-14,1.0,1.607479018412077e-25,1.1303133234087807e-78,0.0,2.1485922366151025e-113,Risk-On,1.0,-1.0000889005773993e-12,-6.213901715940526e-13,{Risk-On}
2021-12-15,1.0,5.748306027992842e-30,3.830961934987181e-87,0.0,1.4589447096663543e-124,Risk-On,1.0,-1.0000889005818408e-12,-6.213901715968122e-13,{Risk-On}
2021-12-16,1.0,1.4373303403230762e-25,1.1453615813084389e-80,0.0,5.075463160578358e-117,Risk-On,1.0,-1.0000889005778695e-12,-6.213901715943447e-13,{Risk-On}
2021-12-17,1.0,2.675433475337242e-18,2.134380466510583e-69,0.0,6.920054150355346e-104,Risk-On,1.0,-1.0000149756301476e-12,-6.213442394417896e-13,{Risk-On}
2021-12-20,1.0,1.0120145060832277e-17,2.2175267475005826e-65,6.875993715538212e-38,3.1713120597265107e-99,Risk-On,1.0,-9.998092707423856e-13,-6.212164278088135e-13,{Risk-On}
2021-12-21,0.9999999999969449,3.055160128829798e-12,2.766482069892372e-56,0.0,2.175328726338734e-88,Risk-On,0.9999999999969449,8.21951337065943e-11,5.107070802270531e-11,{Risk-On}
2021-12-22,1.0,1.2595858860771225e-17,4.482270897153898e-63,0.0,7.750998521984475e-96,Risk-On,1.0,-9.997408642983404e-13,-6.211739244953791e-13,{Risk-On}
2021-12-23,1.0,1.9618132895656297e-23,8.185460054125492e-74,0.0,1.930191904767341e-109,Risk-On,1.0,-1.000088900039772e-12,-6.213901712600059e-13,{Risk-On}
2021-12-24,1.0,8.166547011612144e-28,8.235846439853645e-80,7.343230719830287e-66,2.5008057672717302e-114,Risk-On,1.0,-1.0000889005818184e-12,-6.213901715967983e-13,{Risk-On}
2021-12-27,1.0,3.4411018195894936e-28,1.064042745738275e-79,9.390290041817231e-38,1.2303221393715555e-113,Risk-On,1.0,-1.0000889005818315e-12,-6.213901715968064e-13,{Risk-On}
2021-12-28,0.9999999999999751,2.481428467468117e-14,1.3265143682313888e-67,0.0,5.828396775552508e-98,Risk-On,0.9999999999999751,-2.9018411412516235e-13,-1.803015275601967e-13,{Risk-On}
2021-12-29,1.0,1.6482392823618085e-17,2.0747496516964314e-66,0.0,7.497583011295512e-100,Risk-On,1.0,-9.996334755093575e-13,-6.21107200089204e-13,{Risk-On}
2021-12-30,0.9999999999999916,8.414624915352889e-15,5.868283948013422e-62,0.0,3.4793449961518085e-94,Risk-On,0.9999999999999916,-7.592170365465071e-13,-4.717280677191664e-13,{Risk-On}
2021-12-31,0.9999999999999982,1.78993719144879e-15,3.041334769179287e-63,3.541245765223471e-39,4.918663773784185e-96,Risk-On,0.9999999999999982,-9.48857952420532e-13,-5.895585937735784e-13,{Risk-On}
2022-01-03,0.9999999925724061,7.427593798079757e-09,6.133447336912362e-56,0.0,6.562868744263327e-88,Risk-On,0.9999999925724061,1.4645576912366256e-07,9.09980857243285e-08,{Risk-On}
2022-01-04,1.5420460843116566e-140,1.0,9.909222503223587e-113,0.0,1.8922770965640288e-92,Late-Cycle,1.0,-1.000088900581841e-12,-6.213901715968123e-13,{Late-Cycle}
2022-01-05,1.1474120632623497e-18,1.0,2.0648695744672303e-37,0.0,4.499716936577021e-64,Late-Cycle,1.0,-1.0000571964162088e-12,-6.21370472691134e-13,{Late-Cycle}
2022-01-06,2.3384411145376552e-36,1.0,2.1915594124442384e-36,0.0,1.1479276143782569e-58,Late-Cycle,1.0,-1.000088900581841e-12,-6.213901715968123e-13,{Late-Cycle}
2022-01-07,3.3663585737638556e-34,1.0,5.736531340232539e-31,0.0,7.164688487110193e-56,Late-Cycle,1.0,-1.000088900581841e-12,-6.213901715968123e-13,{Late-Cycle}
2022-01-10,7.470421344202271e-32,1.0,7.860695378720309e-30,0.0,1.1603647918129648e-54,Late-Cycle,1.0,-1.0000889005818408e-12,-6.213901715968122e-13,{Late-Cycle}
2022-01-11,3.1559395175613914e-30,1.0,6.696953639368785e-29,0.0,9.749129580725259e-54,Late-Cycle,1.0,-1.0000889005818392e-12,-6.213901715968112e-13,{Late-Cycle}
2022-01-12,3.1677927476039545e-38,1.0,1.638900937584051e-26,0.0,1.4882975656512587e-48,Late-Cycle,1.0,-1.0000889005813882e-12,-6.21390171596531e-13,{Late-Cycle}
2022-01-13,2.2049084769980292e-32,1.0,2.667100913768367e-26,0.0,4.2661453530987135e-49,Late-Cycle,1.0,-1.000088900581104e-12,-6.213901715963545e-13,{Late-Cycle}
2022-01-14,1.7520993071230488e-37,1.0,6.363199946512426e-23,0.0,4.688979830176463e-44,Late-Cycle,1.0,-1.000088898823624e-12,-6.213901705043707e-13,{Late-Cycle}
2022-01-17,3.439345250053934e-35,1.0,2.557995653502788e-23,0.0,1.5956582081183735e-44,Late-Cycle,1.0,-1.0000888998750406e-12,-6.213901711576526e-13,{Late-Cycle}
2022-01-18,3.449196463502048e-32,1.0,2.8551167605331954e-23,0.0,9.2307061421448e-47,Late-Cycle,1.0,-1.0000888997929431e-12,-6.213901711066426e-13,{Late-Cycle}
2022-01-19,6.751449503994881e-31,1.0,1.2317823260655495e-24,0.0,2.7104835883384954e-49,Late-Cycle,1.0,-1.0000889005478056e-12,-6.21390171575665e-13,{Late-Cycle}
2022-01-20,7.402788273349156e-39,1.0,2.475418931279873e-22,0.0,3.2578133368504706e-44,Late-Cycle,1.0,-1.0000888937420057e-12,-6.213901673469837e-13,{Late-Cycle}
2022-01-21,2.784585865673569e-38,1.0,6.069126760472742e-21,0.0,1.3608475515229667e-41,Late-Cycle,1.0,-1.0000887328856714e-12,-6.213900674013238e-13,{Late-Cycle}
2022-01-24,6.021431652915296e-40,1.0,3.871081164148683e-19,0.0,2.1540630396574137e-38,Late-Cycle,1.0,-1.000078204389452e-12,-6.213835256788143e-13,{Late-Cycle}
2022-01-25,7.736641267443273e-28,1.0,1.13252917184571e-23,0.0,1.7094308373013236e-44,Late-Cycle,1.0,-1.0000889002688902e-12,-6.213901714023651e-13,{Late-Cycle}
2022-01-26,2.559925442645757e-22,1.0,5.6466507494972975e-25,0.0,1.638172688631119e-48,Late-Cycle,1.0,-1.0000888934929033e-12,-6.213901671922077e-13,{Late-Cycle}
2022-01-27,7.6385607278048695e-22,1.0,1.051310513136045e-25,0.0,5.07940151308839e-50,Late-Cycle,1.0,-1.000088879472813e-12,-6.213901584810358e-13,{Late-Cycle}
2022-01-28,1.0160641137902818e-22,1.0,7.417130171200023e-26,0.0,7.547518493010932e-49,Late-Cycle,1.0,-1.0000888977723026e-12,-6.21390169851148e-13,{Late-Cycle}
2022-01-31,2.850289144239458e-39,1.0,5.923380355480832e-25,0.0,1.1359477493458696e-43,Late-Cycle,1.0,-1.000088900565474e-12,-6.21390171586643e-13,{Late-Cycle}
2022-02-01,2.303486130176305e-27,1.0,1.520417615535933e-24,0.0,1.2549299366196372e-45,Late-Cycle,1.0,-1.0000889005397667e-12,-6.213901715706701e-13,{Late-Cycle}
2022-02-02,5.22063481265637e-11,0.9999999999477936,3.235491368897261e-30,0.0,4.272273993141216e-54,Late-Cycle,0.9999999999477936,1.286243774643069e-09,7.991881915455594e-10,{Late-Cycle}
2022-02-03,1.9878721287756547e-18,1.0,1.3361950936932089e-27,0.0,2.4568411539686906e-49,Late-Cycle,1.0,-1.0000339736489897e-12,-6.213560435745836e-13,{Late-Cycle}
2022-02-04,2.525183175384287e-14,0.9999999999999748,9.589887545561473e-27,0.0,1.1901454167790247e-49,Late-Cycle,0.9999999999999748,-2.7767165626081294e-13,-1.7252710037187124e-13,{Late-Cycle}
2022-02-07,9.551365640350235e-14,0.9999999999999045,1.501297686121713e-26,0.0,5.066809314288655e-50,Late-Cycle,0.9999999999999045,1.7258170611662257e-12,1.0723104307615785e-12,{Late-Cycle}
2022-02-08,1.427448744363914e-28,1.0,3.7499117374258087e-26,0.0,8.632519398478292e-47,Late-Cycle,1.0,-1.0000889005808008e-12,-6.21390171596166e-13,{Late-Cycle}
2022-02-09,1.5378425832524276e-18,1.0,3.6574489077751863e-25,0.0,5.4999984341647e-48,Late-Cycle,1.0,-1.0000464084132093e-12,-6.213637697279962e-13,{Late-Cycle}
2022-02-10,3.1830665691997947e-12,0.9999999999968169,1.0162090409868004e-26,0.0,2.364575835849237e-50,Late-Cycle,0.9999999999968169,8.557941189641715e-11,5.3173478290310416e-11,{Late-Cycle}
2022-02-11,1.3403221106472893e-06,0.9999986596778894,1.418296529856878e-28,0.0,1.0751452497203966e-53,Late-Cycle,0.9999986596778894,1.9464959779075472e-05,1.2094259510537335e-05,{Late-Cycle}
2022-02-14,1.56164817671405e-08,0.9999999843835182,2.2026982162537027e-24,0.0,2.351900852694726e-49,Late-Cycle,0.9999999843835182,2.9631978819224447e-07,1.8411383620514626e-07,{Late-Cycle}
2022-02-15,0.7932114125811157,0.2067885874188843,2.003812671845497e-28,0.0,2.9568681732346054e-53,Risk-On,0.7932114125811157,0.5096705886688465,0.3166761418575166,"{Risk-On, Late-Cycle}"
2022-02-16,0.834298247917053,0.16570175208294707,1.224633056587967e-28,0.0,2.1893520442696617e-54,Risk-On,0.834298247917053,0.4490048817439223,0.2789824188153062,"{Risk-On, Late-Cycle}"
2022-02-17,0.00030285875125453545,0.9996971412487454,4.051910428076462e-27,0.0,1.275243240760045e-50,Late-Cycle,0.9996971412487454,0.0027566483917802484,0.0017128019481106398,{Late-Cycle}
2022-02-18,6.689380690754158e-11,0.9999999999331062,2.1948497686342401e-26,0.0,1.1150524166568546e-50,Late-Cycle,0.9999999999331062,1.632083650691759e-09,1.0140705882983765e-09,{Late-Cycle}
2022-02-21,4.1539336679436475e-10,0.9999999995846066,8.912827316549431e-26,0.0,2.4488950632778795e-50,Late-Cycle,0.9999999995846066,9.386637035793194e-09,5.832245508369393e-09,{Late-Cycle}
2022-02-22,2.3955026553051813e-10,0.9999999997604497,1.510055839033573e-25,6.304343503235346e-162,5.333571880811917e-50,Late-Cycle,0.9999999997604497,5.544131620722716e-09,3.4447626577516237e-09,{Late-Cycle}
2022-02-23,5.73013192021842e-14,0.9999999999999427,1.4942618416760623e-25,0.0,5.559530980108268e-50,Late-Cycle,0.9999999999999427,6.372997539340698e-13,3.9597660090548196e-13,{Late-Cycle}
2022-02-24,6.285039174511397e-07,0.9999993666938827,1.4505870197063117e-24,4.802199836316839e-09,9.445794931556507e-50,Late-Cycle,0.9999993666938827,9.70027308164776e-06,6.0271185403959745e-06,{Late-Cycle}
2022-02-25,0.6518917997329011,0.34810820026709893,1.9155108299581498e-29,0.0,7.323347810643571e-55,Risk-On,0.6518917997329011,0.6462676685258542,0.4015486795315045,"{Risk-On, Late-Cycle}"
2022-02-28,0.5884712038505959,0.4115287961494041,2.4904261669279668e-27,0.0,5.078962765879195e-52,Risk-On,0.5884712038505959,0.6774101464648232,0.420898589023738,"{Risk-On, Late-Cycle}"
2022-03-01,0.7383181494716916,0.2616818505283084,9.651145757600294e-28,0.0,1.887762362339718e-53,Risk-On,0.7383181494716916,0.5748087392515766,0.35714875038717137,"{Risk-On, Late-Cycle}"
2022-03-02,0.0632582515676963,0.9367417484323037,5.5869206995423014e-27,0.0,1.7681383285342485e-51,Late-Cycle,0.9367417484323037,0.2358401542197111,0.14653572678863297,{Late-Cycle}
2022-03-03,0.004983630292056817,0.9950163697079432,9.137127330748413e-27,0.0,1.8245853871207823e-53,Late-Cycle,0.9950163697079432,0.031392389130450164,0.019505188046038124,{Late-Cycle}
2022-03-04,4.4393048089044824e-05,0.999955606951911,1.7976872156885642e-24,0.0,4.0590174512369797e-50,Late-Cycle,0.999955606951911,0.0004893181744641531,0.0003040304759095133,{Late-Cycle}
2022-03-07,1.811527432891067e-09,0.9999999981884725,3.4475557571262835e-21,0.0,2.9702798199434706e-44,Late-Cycle,0.9999999981884725,3.8273936408692056e-08,2.3780933773833424e-08,{Late-Cycle}
2022-03-08,2.376924645887067e-08,0.9999999762307535,1.516392653528011e-19,0.0,2.5241637444165076e-42,Late-Cycle,0.9999999762307535,4.4103335523488384e-07,2.740294309134726e-07,{Late-Cycle}
2022-03-09,3.1412159772978186e-10,0.9999999996858784,3.792282809163211e-18,0.0,4.0683677678427883e-41,Late-Cycle,0.9999999996858784,7.185493700692865e-09,4.464598258298505e-09,{Late-Cycle}
2022-03-10,5.717514104248817e-14,0.9999999999999428,1.6430949298330727e-19,0.0,2.379127774331637e-42,Late-Cycle,0.9999999999999428,6.338317168666488e-13,3.9382178832114564e-13,{Late-Cycle}
2022-03-11,6.592101538352651e-13,0.9999999999993407,4.432661024350192e-18,0.0,1.913463540980788e-40,Late-Cycle,0.9999999999993407,1.7540148115253705e-11,1.0898306781357059e-11,{Late-Cycle}
2022-03-14,2.7694047529041774e-13,0.999999999999723,3.392670030635368e-17,0.0,3.601267142963308e-38,Late-Cycle,0.999999999999723,6.862405518255061e-12,4.2638522836065275e-12,{Late-Cycle}
2022-03-15,1.3084952376369366e-14,0.9999999999999841,2.774766483891888e-15,0.0,2.149111667386759e-35,Late-Cycle,0.9999999999999841,-5.460592564524712e-13,-3.392856923735665e-13,{Late-Cycle}
2022-03-16,1.0650749578596777e-16,0.9999999999999221,7.7794196565421e-14,0.0,3.593820471884573e-33,Late-Cycle,0.9999999999999221,1.2244966710714238e-12,7.608225589886256e-13,{Late-Cycle}
2022-03-17,3.3948161431275926e-08,0.9999999660518386,1.2136875602760611e-17,0.0,3.3988149578028663e-40,Late-Cycle,0.9999999660518386,6.178012778808764e-07,3.838615165629589e-07,{Late-Cycle}
2022-03-18,6.420860962943839e-10,0.9999999993579132,7.312116948059189e-16,0.0,9.270243852574302e-38,Late-Cycle,0.9999999993579132,1.4230693946382474e-08,8.842027291913419e-09,{Late-Cycle}
2022-03-21,9.613552397661903e-08,0.9999999038644737,2.3615133388127795e-15,0.0,1.8777578106535485e-36,Late-Cycle,0.9999999038644737,1.6494439821204681e-06,1.0248571686905667e-06,{Late-Cycle}
2022-03-22,7.216418401082919e-05,0.9999278358159884,7.151799887153888e-16,0.0,3.1421409548139887e-38,Late-Cycle,0.9999278358159884,0.0007603601324110732,0.000472438313113372,{Late-Cycle}
2022-03-23,0.08181042798597454,0.9181895720140254,2.1037681320842713e-18,0.0,1.47896159486798e-41,Late-Cycle,0.9181895720140254,0.28316895018545135,0.1759427611327914,{Late-Cycle}
2022-03-24,6.757471872379341e-05,0.9999324252812762,5.0608357796547975e-18,0.0,7.629955192877267e-40,Late-Cycle,0.9999324252812762,0.00071644357576259,0.0004451514222621032,{Late-Cycle}
2022-03-25,3.065441726138531e-23,1.0,3.2469008669886574e-22,0.0,4.29897699992071e-38,Late-Cycle,1.0,-1.0000888907633095e-12,-6.213901654962157e-13,{Late-Cycle}
2022-03-28,2.397126496109017e-12,0.999999999997591,1.1822236353688523e-14,0.0,3.54769345805158e-33,Late-Cycle,0.999999999997591,6.503904066016759e-11,4.0411028072405166e-11,{Late-Cycle}
2022-03-29,1.6673883180570874e-07,0.999999833261168,1.431991232437913e-16,0.0,7.68160404931681e-36,Late-Cycle,0.999999833261168,2.7690026132947295e-06,1.720478057526875e-06,{Late-Cycle}
2022-03-30,5.75863143084833e-07,0.9999994241368567,1.9503070049585315e-16,0.0,4.927426652622704e-36,Late-Cycle,0.9999994241368567,8.849514688112308e-06,5.498512629622584e-06,{Late-Cycle}
2022-03-31,9.767674007520735e-06,0.9999902323259924,6.955339630833787e-17,0.0,3.201416027863365e-37,Late-Cycle,0.9999902323259924,0.00012245173319851875,7.60835396336127e-05,{Late-Cycle}
2022-04-01,0.0015824186080918706,0.9984175813919078,2.7687730160668934e-16,0.0,8.712341032996914e-39,Late-Cycle,0.9984175813919078,0.011785868366382752,0.007322971750154627,{Late-Cycle}
2022-04-04,3.309186003685534e-05,0.9999669081399593,3.930252159161325e-15,0.0,5.9990318702236117e-36,Late-Cycle,0.9999669081399593,0.00037447432571679584,0.0002326739806635001,{Late-Cycle}
2022-04-05,0.0002387797638225763,0.9997612202361558,2.166666913563213e-14,0.0,1.687808145766089e-35,Late-Cycle,0.9997612202361558,0.0022301670615647025,0.0013856807052543062,{Late-Cycle}
2022-04-06,0.004152790531506857,0.9958472094684907,2.464534653379385e-15,0.0,9.942877706257693e-38,Late-Cycle,0.9958472094684907,0.026917954165131427,0.016725065289670566,{Late-Cycle}
2022-04-07,6.933525585810247e-06,0.9999930664744136,6.826388391902016e-16,0.0,1.5107363100692142e-37,Late-Cycle,0.9999930664744136,8.929783547522398e-05,5.5483864761313275e-05,{Late-Cycle}
2022-04-08,2.5292134765006187e-19,1.0,5.632138898298482e-18,0.0,8.175073628339447e-34,Late-Cycle,1.0,-9.999262903897014e-13,-6.212891362037205e-13,{Late-Cycle}
2022-04-11,1.5282622939884647e-17,0.9999999999970095,2.9904906063775367e-12,0.0,1.1974498365450533e-27,Late-Cycle,0.9999999999970095,8.048266786458894e-11,5.0006693170827344e-11,{Late-Cycle}
2022-04-12,5.315463307233367e-19,0.9999999995645897,4.3541029616171093e-10,0.0,4.624822656331483e-25,Late-Cycle,0.9999999995645897,9.818563829757904e-09,6.100616714631999e-09,{Late-Cycle}
2022-04-13,3.6172843511179705e-17,0.999999959673746,4.0326254015992864e-08,0.0,4.8298534497771694e-23,Late-Cycle,0.999999959673746,7.26929665570013e-07,4.516667961863845e-07,{Late-Cycle}
2022-04-14,1.9143636154197037e-17,0.999999761459005,2.3854099492884656e-07,0.0,1.1271834135408293e-21,Late-Cycle,0.999999761459005,3.875984917633707e-06,2.408284835151982e-06,{Late-Cycle}
2022-04-15,4.358429195735309e-84,1.0,8.090289626787111e-33,0.0,3.4257134324747525e-22,Late-Cycle,1.0,-1.000088891116245e-12,-6.213901657155068e-13,{Late-Cycle}
2022-04-18,1.1028181665076904e-23,0.43423048911098755,0.5657694779449384,3.292014964161672e-08,2.3924430514535164e-11,Transitional,0.5657694779449384,0.6844713830162646,0.4252859819743378,"{Transitional, Late-Cycle}"
2022-04-19,3.075352268826269e-30,0.1722446126789734,0.8277481752835285,7.122308540048449e-06,8.972895808260874e-08,Transitional,0.8277481752835285,0.45951926076514754,0.28551536981639414,"{Transitional, Late-Cycle}"
2022-04-20,3.188427759083563e-29,0.04187839996354227,0.9581189414427914,2.6068372521429984e-06,5.1756414237296356e-08,Transitional,0.9581189414427914,0.1739054650531812,0.1080535407483772,{Transitional}
2022-04-21,3.653636889989699e-29,0.011275910274761573,0.9887237710337439,2.688039691754078e-07,4.9887525348383533e-08,Transitional,0.9887237710337439,0.06179075234856474,0.03839275306688465,{Transitional}
2022-04-22,4.924862654885003e-34,0.0007021237916279374,0.9992974592441202,4.388823650161523e-08,3.7307601535135837e-07,Transitional,0.9992974592441202,0.005806961810634279,0.003608068236600615,{Transitional}
2022-04-25,5.214623415277663e-31,2.192649447309374e-05,0.9999780657262308,9.718187852106179e-10,6.807477245715803e-09,Transitional,0.9999780657262308,0.0002573055857389917,0.000159872949276959,{Transitional}
2022-04-26,1.553634078881056e-38,1.0104592762498834e-06,0.9999987226022263,8.656862701250252e-09,2.582816347321156e-07,Transitional,0.9999987226022263,1.9305533589136362e-05,1.199520244924443e-05,{Transitional}
2022-04-27,1.1995777295996057e-37,1.601571027056307e-07,0.9999992840834292,2.5645823541957487e-07,2.993012326755452e-07,Transitional,0.9999992840834292,1.1610043174088415e-05,7.2137254158064936e-06,{Transitional}
2022-04-28,5.566821513846064e-38,1.0612599293538296e-07,0.9999997773296537,2.5884029674006747e-09,1.1395595040501432e-07,Transitional,0.9999997773296537,3.7999492981675547e-06,2.3610412485067807e-06,{Transitional}
2022-04-29,8.183238080057908e-44,2.553627448611695e-09,0.999987853039521,1.6950907072980287e-08,1.2127455944552095e-05,Transitional,0.999987853039521,0.0001497839790657749,9.306601883091151e-05,{Transitional}
2022-05-02,2.173952794415094e-36,3.078254036532096e-08,0.9999992769209342,1.598445279770149e-09,6.906980802469124e-07,Transitional,0.9999992769209342,1.1085815861778279e-05,6.888004673017914e-06,{Transitional}
2022-05-03,1.3659945626078879e-35,3.0546675639484055e-08,0.9999998157670623,4.435474689854751e-12,1.5368182660157954e-07,Transitional,0.9999998157670623,3.123944063389562e-06,1.9410155801940416e-06,{Transitional}
2022-05-04,1.3124315863880816e-34,6.216708675787153e-08,0.9999998541911056,3.768369951336389e-12,8.363803926416069e-08,Transitional,0.9999998541911056,2.5404996257390205e-06,1.5785011687072727e-06,{Transitional}
2022-05-05,3.48600499017484e-21,9.032628994048757e-05,0.999909496800931,1.7599462648195828e-07,9.145020164435743e-10,Transitional,0.999909496800931,0.0009343811628138962,0.0005805636586507062,{Transitional}
2022-05-06,7.892215981948655e-24,2.6241790405160005e-05,0.9999737412714345,5.407107090344978e-10,1.63974496673399e-08,Transitional,0.9999737412714345,0.00030336639525578883,0.0001884921393438409,{Transitional}
2022-05-09,1.7345817439674017e-43,0.00014127009215119993,0.9940119440562161,4.416642660105191e-05,0.005802619425031634,Transitional,0.9940119440562161,0.03754558328130614,0.023328382531092807,{Transitional}
2022-05-10,4.511682359576438e-34,8.934970500354883e-08,0.9999728343515382,2.1933095607766956e-10,2.707607942588975e-05,Transitional,0.9999728343515382,0.00031337569635991907,0.0001947112677903631,{Transitional}
2022-05-11,4.700020857664264e-34,2.3516443674973046e-08,0.9999990260505461,2.046135956076519e-12,9.504309640986569e-07,Transitional,0.9999990260505461,1.4566088571632141e-05,9.050419689444566e-06,{Transitional}
2022-05-12,6.6700648320950205e-37,9.12221039529031e-09,0.9999989866569776,1.7591267882538832e-12,1.0042190528661176e-06,Transitional,0.9999989866569776,1.5051832726689487e-05,9.352229502239837e-06,{Transitional}
2022-05-13,7.044325932455896e-40,1.000899239632858e-09,0.9999747133277204,1.8326911551385318e-12,2.5285669547680336e-05,Transitional,0.9999747133277204,0.0002929628479723004,0.0001820280519732668,{Transitional}
2022-05-16,3.591445833360053e-43,2.9849325488286186e-11,0.9998826295448346,1.7495341938833484e-13,0.00011737042514108245,Transitional,0.9998826295448346,0.0011795872496957152,0.0007329187665970397,{Transitional}
2022-05-17,1.351948382967682e-32,6.914139643886342e-09,0.9999997184361207,1.2490813250195473e-12,2.7464849064114615e-07,Transitional,0.9999997184361207,4.560836195384586e-06,2.8338068589963907e-06,{Transitional}
2022-05-18,3.7169034193554384e-27,5.369025139604318e-06,0.999994445511264,1.7954082425475112e-07,5.9227721246182215e-09,Transitional,0.999994445511264,7.360784708052291e-05,4.573512684885062e-05,{Transitional}
2022-05-19,7.645733754316838e-103,6.049889054414905e-12,3.538995188244379e-33,0.9999999999939501,4.423915313857445e-17,Risk-Off,0.9999999999939501,1.6040028983800413e-10,9.966230358983907e-11,{Risk-Off}
2022-05-20,8.792279960003501e-38,1.0919700965625815e-06,0.9854787163139547,6.487072249583757e-07,0.014519543008723825,Transitional,0.9854787163139547,0.07589004614028498,0.04715313685229989,{Transitional}
2022-05-23,3.5288911451148738e-40,1.8404039411910556e-11,0.9905746775869734,3.218207653965304e-14,0.009425322394590374,Transitional,0.9905746775869734,0.05334381714231791,0.033144377133282,{Transitional}
2022-05-24,1.0976676045293168e-39,2.147613104103882e-11,0.9890595960110574,1.0588391566886856e-14,0.010940403967455877,Transitional,0.9890595960110574,0.06027946344925482,0.03745373647753126,{Transitional}
2022-05-25,1.0744562813599205e-29,2.1864781538750323e-10,0.9724793295292071,3.975359028395151e-11,0.027520670212391497,Transitional,0.9724793295292071,0.1260152169608477,0.07829765658388359,{Transitional}
2022-05-26,7.113410153613384e-39,4.845866415837785e-11,0.15982903241686455,1.1017173379265897e-10,0.840170967424505,Post-Shock,0.840170967424505,0.43938627118523876,0.27300604005327217,"{Post-Shock, Transitional}"
2022-05-27,1.2804770212013889e-30,1.3592960046627359e-10,0.11941689324131605,3.1735826406116567e-10,0.880583106305396,Post-Shock,0.880583106305396,0.36576159002820235,0.22726045360459268,"{Post-Shock, Transitional}"
2022-05-30,1.3522563819630672e-32,2.6722093990795124e-11,0.07528280948897381,1.946400678879822e-12,0.9247171904823577,Post-Shock,0.9247171904823577,0.26709439208667385,0.1659550766284128,{Post-Shock}
2022-05-31,2.0074515146651466e-43,7.426964558050199e-14,0.00031705524703282747,2.377420998731751e-12,0.9996829447505154,Post-Shock,0.9996829447505154,0.002871339881438734,0.0017840637773321394,{Post-Shock}
2022-06-01,9.767026746845388e-42,1.6324858172863772e-17,1.2927414083505732e-06,3.540013233678221e-15,0.9999987072585881,Post-Shock,0.9999987072585881,1.8820690391177857e-05,1.169395243256921e-05,{Post-Shock}
2022-06-02,3.1534359894587394e-65,1.2766970701451612e-23,1.5828847169673427e-12,7.01952104916845e-13,0.9999999999977152,Post-Shock,0.9999999999977152,6.254194417303737e-11,3.885949478998507e-11,{Post-Shock}
2022-06-03,1.9179445079703372e-68,3.158314221083679e-26,2.665921222211133e-12,4.259275758258169e-14,0.9999999999972915,Post-Shock,0.9999999999972915,7.308250857351405e-11,4.5408715681976626e-11,{Post-Shock}
2022-06-06,7.805996594260926e-77,3.535774843821566e-29,2.760532352378001e-13,4.425366532021015e-18,0.9999999999997239,Post-Shock,0.9999999999997239,6.836595614411669e-12,4.247815688691004e-12,{Post-Shock}
2022-06-07,2.3100781168777511e-54,2.7410166314731286e-22,1.3290880714143143e-09,1.3695352799319342e-14,0.9999999986708983,Post-Shock,0.9999999986708983,2.8492409455290264e-08,1.7703329364348442e-08,{Post-Shock}
2022-06-08,1.3203914573071067e-64,2.3296898765302353e-25,3.1261423955001826e-11,1.42037519699129e-17,0.9999999999687386,Post-Shock,0.9999999999687386,7.854487259078323e-10,4.880267327118735e-10,{Post-Shock}
2022-06-09,1.7179910914679315e-65,1.1815089365732113e-26,5.722792566436902e-12,3.620330452292576e-18,0.9999999999942772,Post-Shock,0.9999999999942772,1.519446780015319e-10,9.440853656276312e-11,{Post-Shock}
2022-06-10,4.42553631041737e-79,1.5593934248769003e-30,1.2356245465057376e-14,4.569849430102241e-19,0.9999999999999877,Post-Shock,0.9999999999999877,-6.463778376317797e-13,-4.016171314457252e-13,{Post-Shock}
2022-06-13,4.753571826910566e-50,4.8450808945873684e-21,1.1688691479969558e-10,3.302505633395712e-09,0.9999999965806075,Post-Shock,0.9999999965806075,7.058283889713149e-08,4.3855583587180823e-08,{Post-Shock}
2022-06-14,3.5480533416670354e-51,8.243043293614948e-22,4.5930336205492176e-10,1.0483667683530625e-14,0.9999999995406862,Post-Shock,0.9999999995406862,1.0333228548974154e-08,6.420395884266369e-09,{Post-Shock}
2022-06-15,7.38385820918515e-64,3.6759444056197116e-24,1.0343024822833448e-12,1.4531262725008625e-14,0.9999999999989512,Post-Shock,0.9999999999989512,2.8294474520226832e-11,1.7580345474423745e-11,{Post-Shock}
2022-06-16,1.3186837762894783e-67,8.408289157445692e-28,3.0899767668141273e-13,1.0722158266583288e-17,0.999999999999691,Post-Shock,0.999999999999691,7.76401353925589e-12,4.824052844333498e-12,{Post-Shock}
2022-06-17,1.4945767285813937e-54,6.2434769589316975e-25,1.4013963183763393e-11,6.012405468215343e-14,0.9999999999859259,Post-Shock,0.9999999999859259,3.6398843358115287e-10,2.2615872955960124e-10,{Post-Shock}
2022-06-20,5.56926453603414e-57,4.851348943282759e-27,7.82587154592448e-13,6.015055145328777e-17,0.9999999999992174,Post-Shock,0.9999999999992174,2.095557569939285e-11,1.3020431255841248e-11,{Post-Shock}
2022-06-21,1.1973659018595063e-70,2.7657383198027697e-31,8.00747961797347e-16,7.475948388676641e-18,0.9999999999999992,Post-Shock,0.9999999999999992,-9.768693112299987e-13,-6.069630295663843e-13,{Post-Shock}
2022-06-22,3.325148706605302e-69,1.4752466191460016e-30,3.3746960260299694e-14,2.00324485261657e-18,0.9999999999999662,Post-Shock,0.9999999999999662,-3.493985990294931e-14,-2.1709355566321015e-14,{Post-Shock}
2022-06-23,3.8176832495517316e-76,2.579407368238337e-32,2.7950918377109646e-15,4.915025432150734e-19,0.9999999999999972,Post-Shock,0.9999999999999972,-9.199653000524586e-13,-5.716065795052081e-13,{Post-Shock}
2022-06-24,1.2335271191321661e-74,8.287068887077584e-33,6.676658129052484e-15,2.3022186643734316e-20,0.9999999999999933,Post-Shock,0.9999999999999933,-8.08988474167501e-13,-5.026528006563445e-13,{Post-Shock}
2022-06-27,7.100235300954843e-61,1.7986213683135184e-28,2.1297535835537208e-12,6.859374562290093e-19,0.9999999999978703,Post-Shock,0.9999999999978703,5.754709668785608e-11,3.5756021554644716e-11,{Post-Shock}
2022-06-28,3.50445922982148e-53,3.697196064392042e-26,1.9829766307238146e-10,1.0705975666593285e-18,0.9999999998017023,Post-Shock,0.9999999998017023,4.626518311281721e-09,2.8746174521790743e-09,{Post-Shock}
2022-06-29,2.86855130022663e-48,4.007281526420337e-23,1.7103376520901588e-07,1.3248921408326148e-17,0.9999998289662347,Post-Shock,0.9999998289662347,2.835978088497763e-06,1.7620922600292505e-06,{Post-Shock}
2022-06-30,1.5231064719229558e-50,4.173019867901895e-23,1.0020646354694851e-07,1.4205765983017843e-17,0.9999998997935364,Post-Shock,0.9999998997935364,1.7151351467278898e-06,1.0656733841530638e-06,{Post-Shock}
2022-07-01,6.134036077707688e-45,7.534547669269704e-20,4.295613615155829e-05,1.1516938499699859e-15,0.9999570438638473,Post-Shock,0.9999570438638473,0.0004748933812930208,0.00029506784798849186,{Post-Shock}
2022-07-04,7.691362115099358e-52,3.4435118313003324e-19,0.00023641925970850817,5.510739690815034e-17,0.9997635807402915,Post-Shock,0.9997635807402915,0.002210469384666586,0.0013734418504678387,{Post-Shock}
2022-07-05,8.626522840208637e-46,3.8542877957206216e-17,0.05446038194295288,3.3040899121377196e-17,0.945539618057047,Post-Shock,0.945539618057047,0.21144479366039665,0.1313780370319532,{Post-Shock}
2022-07-06,7.339547046791769e-40,2.619675194569082e-15,0.8481115139512774,2.4066658129991863e-18,0.15188848604871996,Transitional,0.8481115139512774,0.4259709199173253,0.264670613651129,"{Transitional, Post-Shock}"
2022-07-07,1.6555536443281862e-34,3.510059039195693e-14,0.9997098971207385,1.4866026811453535e-18,0.0002901028792263766,Transitional,0.9997098971207385,0.002653028507067902,0.0016484192938238196,{Transitional}
2022-07-08,6.279657183114481e-29,1.3765671026276428e-13,0.9999999771768459,4.840306197371513e-19,2.2823016527890858e-08,Transitional,0.9999999771768459,4.2440724295910274e-07,2.636990465306194e-07,{Transitional}
2022-07-11,4.5956612511949223e-29,7.595494285324222e-14,0.9999999983264715,4.3462392442997795e-20,1.6734525381523901e-09,Transitional,0.9999999983264715,3.549138172044308e-08,2.2052035338701707e-08,{Transitional}
2022-07-12,4.507963045503397e-35,7.694072867101433e-14,0.9999999751487291,9.619098350429227e-19,2.4851194037019837e-08,Transitional,0.9999999751487291,4.600047458449488e-07,2.8581701865668213e-07,{Transitional}
2022-07-13,1.4560636173884874e-30,4.624632573981302e-14,0.9999999993605202,2.0930553963478532e-20,6.394335697947506e-10,Transitional,0.9999999993605202,1.4175845335112404e-08,8.807947933619244e-09,{Transitional}
2022-07-14,3.078476357290344e-33,5.6444357456250126e-14,0.9999999935810908,7.806790065496003e-20,6.418852755793773e-09,Transitional,0.9999999935810908,1.2750387383870242e-07,7.922261110766718e-08,{Transitional}
2022-07-15,1.5389970465878803e-35,2.2904442882616283e-14,0.9999999981677221,8.759888629108272e-21,1.8322549357487954e-09,Transitional,0.9999999981677221,3.8691699410005305e-08,2.404050452091582e-08,{Transitional}
2022-07-18,1.5756669354720718e-41,3.0662358169557328e-15,0.9999999268896803,9.589623211899413e-21,7.311031664828476e-08,Transitional,0.9999999268896803,1.2744056808135418e-06,7.918327702906795e-07,{Transitional}
2022-07-19,1.9864726785210684e-40,1.218867079659719e-15,0.9999999438698122,9.03441669536165e-22,5.613018656563583e-08,Transitional,0.9999999438698122,9.932549184728638e-07,6.171439797703494e-07,{Transitional}
2022-07-20,1.2299436315178207e-36,7.138193986401174e-16,0.9999999482016739,3.1926350279151937e-22,5.1798325321578864e-08,Transitional,0.9999999482016739,9.207602855623412e-07,5.721005317749668e-07,{Transitional}
2022-07-21,2.2115541488817868e-38,3.610263671466666e-16,0.9999995701837203,1.03091331566198e-21,4.298162793610409e-07,Transitional,0.9999995701837203,6.730881299695483e-06,4.182131691874808e-06,{Transitional}
2022-07-22,3.365317694199917e-33,1.7317726426902135e-15,0.9999999607575527,7.620820992866411e-21,3.9242445600469234e-08,Transitional,0.9999999607575527,7.084618104408631e-07,4.401920726282578e-07,{Transitional}
2022-07-25,1.3863084498277596e-34,8.640650386165549e-16,0.9999999602474684,7.736049267891738e-22,3.9752530776982477e-08,Transitional,0.9999999602474684,7.171572257959628e-07,4.4559483795888733e-07,{Transitional}
2022-07-26,1.3257382099920568e-29,5.864896218770737e-14,0.9999999993659995,1.04998596248256e-19,6.339418588953658e-10,Transitional,0.9999999993659995,1.4059913639549262e-08,8.735915521143134e-09,{Transitional}
2022-07-27,1.4652590785237699e-36,7.518547529525874e-15,0.9999999551897957,6.1406754300229114e-21,4.4810196795049865e-08,Transitional,0.9999999551897957,8.03034138494314e-07,4.989531638904988e-07,{Transitional}
2022-07-28,3.0014891313742112e-40,3.127758695031681e-16,0.9999833972489794,1.5184468524643906e-21,1.6602751020286597e-05,Transitional,0.9999833972489794,0.00019933152849975345,0.0001238516422160617,{Transitional}
2022-07-29,4.703183122816533e-34,1.569638925489237e-15,0.9999999288408193,2.1540888149991564e-22,7.11591790778818e-08,Transitional,0.9999999288408193,1.2423196481912355e-06,7.718965973110213e-07,{Transitional}
2022-08-01,3.0351955398364535e-33,8.257910528575544e-16,0.9999999337187937,1.230779669148995e-22,6.628120545204002e-08,Transitional,0.9999999337187937,1.1618650971301328e-06,7.219073740924481e-07,{Transitional}
2022-08-02,2.19065934955912e-30,1.4097081039774212e-15,0.9999999544977967,7.695069936128889e-21,4.550220191144879e-08,Transitional,0.9999999544977967,8.147379486034484e-07,5.06225149978756e-07,{Transitional}
2022-08-03,5.053096942533162e-37,2.6996921536587265e-14,0.9999989701351019,2.5489259411149754e-18,1.029864871095634e-06,Transitional,0.9999989701351019,1.522766566103218e-05,9.461480646993079e-06,{Transitional}
2022-08-04,2.4710420890384307e-41,3.9989447563759856e-16,0.9999949046668692,2.4391962508674896e-20,5.095333130405062e-06,Transitional,0.9999949046668692,6.7193088254247e-05,4.174941309331078e-05,{Transitional}
2022-08-05,5.069341308663217e-34,9.711241770958e-16,0.999999253691344,7.241215385611288e-20,7.463086550439456e-07,Transitional,0.999999253691344,1.1275323374183352e-05,7.0057523108366745e-06,{Transitional}
2022-08-08,4.9888343574950615e-28,1.485398289504311e-14,0.9999999313538798,9.622141851384913e-20,6.864610542742498e-08,Transitional,0.9999999313538798,1.2009140835291336e-06,7.461698735012904e-07,{Transitional}
2022-08-09,1.4395319998091832e-25,7.789887934787063e-14,0.9999999924682932,2.0120981496398726e-19,7.531628832021449e-09,Transitional,0.9999999924682932,1.4840460281885668e-07,9.22089641807995e-08,{Transitional}
2022-08-10,5.459990239136457e-35,1.5922285158092602e-14,0.9999171990311491,1.1576535083589165e-17,8.280096883495579e-05,Transitional,0.9999171990311491,0.0008610497072314388,0.0005350002634952189,{Transitional}
2022-08-11,1.195420671956064e-30,2.067325722356403e-15,0.9999905582611218,1.4813600762980012e-18,9.441738876078448e-06,Transitional,0.9999905582611218,0.00011868610830084898,7.374382533424301e-05,{Transitional}
2022-08-12,9.985917291493649e-29,6.734183400593604e-15,0.9999993566932062,9.339504737650073e-20,6.433067871494285e-07,Transitional,0.9999993566932062,9.814700689658023e-06,6.098216410730845e-06,{Transitional}
2022-08-15,3.644475755667141e-24,1.0024463788863227e-13,0.9999999920451266,8.828911993673969e-19,7.954773165292055e-09,Transitional,0.9999999920451266,1.563081257433069e-07,9.711969907985318e-08,{Transitional}
2022-08-16,3.2855961155213654e-24,8.209706786974433e-14,0.9999999955815234,1.7236163216319174e-18,4.4183945067693776e-09,Transitional,0.9999999955815234,8.941755637442922e-08,5.555825153838639e-08,{Transitional}
2022-08-17,7.473253213056651e-15,1.687111713482343e-11,0.9999999998722173,2.1140197734507582e-14,1.1088293660925068e-10,Transitional,0.9999999998722173,3.0858201522105803e-09,1.9173278623364924e-09,{Transitional}
2022-08-18,1.5052053653474734e-26,9.162909970674646e-10,0.9999989609211721,1.3481340319402374e-11,1.0381490554779926e-06,Transitional,0.9999989609211721,1.5362171990107936e-05,9.545054128167217e-06,{Transitional}
2022-08-19,3.402352835874202e-28,5.291844658580494e-13,0.9999986108960176,3.542361277918504e-17,1.3891034532134384e-06,Transitional,0.9999986108960176,2.0123748124988717e-05,1.2503587724333977e-05,{Transitional}
2022-08-22,6.368093993896942e-28,1.865886356427408e-13,0.9999854431802864,1.3100974019404188e-17,1.4556819527008619e-05,Transitional,0.9999854431802864,0.00017668258076634455,0.00010977905975828002,{Transitional}
2022-08-23,5.8055492809074206e-27,8.905001676967703e-13,0.999994660243775,1.0085091936844455e-17,5.339755334433189e-06,Transitional,0.999994660243775,7.016615974999579e-05,4.35966862765629e-05,{Transitional}
2022-08-24,3.638084667058429e-32,1.987730019684948e-13,0.9997380295320084,6.644007201046867e-17,0.0002619704677927773,Transitional,0.9997380295320084,0.0024224796339168977,0.001505171224811748,{Transitional}
2022-08-25,6.645789079702059e-29,7.282804608174987e-14,0.9997278655374082,9.59966348859506e-18,0.00027213446251889785,Transitional,0.9997278655374082,0.0025061075427249696,0.0015571321660583686,{Transitional}
2022-08-26,3.7499374483154026e-30,3.337309204610491e-14,0.9974009537403898,4.6695607395968865e-17,0.0025990462595767197,Transitional,0.9974009537403898,0.018066776446086723,0.011225519360832431,{Transitional}
2022-08-29,2.3882756712911696e-32,1.3481052394543335e-14,0.9675524562285593,5.3877902859042135e-17,0.0324475437714271,Transitional,0.9675524562285593,0.14314974978671519,0.08894394041595349,{Transitional}
2022-08-30,3.031108016435367e-34,1.080988223832866e-15,0.8547628096918067,9.312137740334011e-18,0.14523719030819218,Transitional,0.8547628096918067,0.4143577664212753,0.25745495568363,"{Transitional, Post-Shock}"
2022-08-31,1.915212969907807e-39,1.718322174052704e-17,0.2648484197756428,1.2415233479176724e-18,0.7351515802243572,Post-Shock,0.7351515802243572,0.5780673660307122,0.35917344904373977,"{Post-Shock, Transitional}"
2022-09-01,1.3863927291083201e-45,4.1170151154554974e-19,0.012479426054409963,3.316299327907446e-18,0.98752057394559,Post-Shock,0.98752057394559,0.06710696642321531,0.04169590259106256,{Post-Shock}
2022-09-02,3.6352154551254e-52,9.173677527602273e-23,9.204716956003349e-05,2.4796958280895595e-21,0.99990795283044,Post-Shock,0.99990795283044,0.0009474565524602732,0.0005886878550209793,{Post-Shock}
2022-09-05,5.893744372096078e-64,8.450928404448045e-28,2.0774692638486984e-08,8.960879012954988e-24,0.9999999792253074,Post-Shock,0.9999999792253074,3.8826724717988485e-07,2.412440046181544e-07,{Post-Shock}
2022-09-06,1.406894593109462e-75,5.026373765995838e-32,4.5482468908556635e-11,3.3928320909763196e-26,0.9999999999545175,Post-Shock,0.9999999999545175,1.1265989678564865e-09,6.999952959680363e-10,{Post-Shock}
2022-09-07,1.3095197495597074e-61,8.217054265250919e-28,5.484723325946493e-08,4.907133260457478e-25,0.9999999451527667,Post-Shock,0.9999999451527667,9.718204435189374e-07,6.038259916775319e-07,{Post-Shock}
2022-09-08,1.322567630619528e-61,3.9266430655982787e-28,1.0322003587056835e-07,7.669772727520736e-27,0.9999998967799641,Post-Shock,0.9999998967799641,1.7636571104497667e-06,1.0958217753068998e-06,{Post-Shock}
2022-09-09,7.13155810041666e-70,4.5919399123259755e-31,3.059686366234741e-10,8.994461794319852e-27,0.9999999996940314,Post-Shock,0.9999999996940314,7.006989927361385e-09,4.353687627976945e-09,{Post-Shock}
2022-09-12,1.954186512595255e-60,3.240614430310496e-28,5.4426842340512285e-08,7.905751996979134e-27,0.9999999455731576,Post-Shock,0.9999999455731576,9.647904327052285e-07,5.994580003686428e-07,{Post-Shock}
2022-09-13,1.422158261496291e-54,3.138075286960765e-25,2.1759507566465492e-06,1.171827885762864e-26,0.9999978240492433,Post-Shock,0.9999978240492433,3.0546089966427844e-05,1.897935281034246e-05,{Post-Shock}
2022-09-14,1.5087813026306435e-44,5.9314493215145655e-21,0.0004673654574861537,2.1292359520426536e-24,0.9995326345425138,Post-Shock,0.9995326345425138,0.004051201049743263,0.0025171527391300613,{Post-Shock}
2022-09-15,9.140803324405535e-39,4.870917297488615e-19,0.008951505218731814,6.501551307891148e-24,0.9910484947812682,Post-Shock,0.9910484947812682,0.05112602446172908,0.031766385063221554,{Post-Shock}
2022-09-16,1.2709661645700693e-41,4.835597550856124e-19,0.043553778214901785,4.534329010724785e-24,0.9564462217850982,Post-Shock,0.9564462217850982,0.1790782715090628,0.11126758610913194,{Post-Shock}
2022-09-19,7.044832186760917e-36,3.917919901261981e-17,0.2623162580323632,3.4324428792679064e-23,0.7376837419676368,Post-Shock,0.7376837419676368,0.5754657344703069,0.3575569644684071,"{Post-Shock, Transitional}"
2022-09-20,9.424400351646198e-35,2.5267332773042063e-17,0.2640931786579189,1.042801528306651e-21,0.7359068213420811,Post-Shock,0.7359068213420811,0.57729486033381,0.3586934642671081,"{Post-Shock, Transitional}"
2022-09-21,1.1576054234554704e-41,9.257895334768063e-19,0.033315821951958376,1.2343312898839495e-22,0.9666841780480416,Post-Shock,0.9666841780480416,0.1460857752459395,0.09076819560252598,{Post-Shock}
2022-09-22,2.7821439931187825e-45,3.6431485503757882e-22,0.0006283744071355244,3.8709139575910964e-26,0.9993716255928645,Post-Shock,0.9993716255928645,0.00526078831643393,0.0032687115643234466,{Post-Shock}
2022-09-23,1.613682929797618e-51,3.784200002459153e-25,1.5227803523878104e-06,1.1012512296727346e-28,0.9999984772196476,Post-Shock,0.9999984772196476,2.1920378463852156e-05,1.3619896918359505e-05,{Post-Shock}
2022-09-26,1.0005430370809764e-64,1.1727299313106705e-30,1.229148100625296e-10,2.3554504554703557e-30,0.9999999998770852,Post-Shock,0.9999999998770852,2.925777004201338e-09,1.8178874634414556e-09,{Post-Shock}
2022-09-27,6.002670217225496e-78,4.298034267846267e-34,1.4384972473321906e-13,5.451419072730206e-31,0.9999999999998561,Post-Shock,0.9999999999998561,3.0991774503825455e-12,1.9256272183220636e-12,{Post-Shock}
2022-09-28,4.204115157264435e-55,6.4250214564972635e-28,2.2594965763558165e-09,8.847374544853161e-27,0.9999999977405034,Post-Shock,0.9999999977405034,4.723983440358677e-08,2.9351759417759488e-08,{Post-Shock}
2022-09-29,1.2040509439415967e-67,8.47542352246586e-31,1.788430213404065e-11,4.520585249060039e-29,0.9999999999821158,Post-Shock,0.9999999999821158,4.5849580225756426e-10,2.848794592915604e-10,{Post-Shock}
2022-09-30,6.702967334491041e-47,1.1350776950844409e-24,4.90770676956948e-08,9.329706597345128e-24,0.9999999509229323,Post-Shock,0.9999999509229323,8.750359304265451e-07,5.436903925688865e-07,{Post-Shock}
2022-10-03,9.17939412593209e-57,3.7045293037606505e-26,5.8032224068302335e-09,4.982313756369509e-27,0.9999999941967775,Post-Shock,0.9999999941967775,1.1585847944024031e-07,7.198692074117785e-08,{Post-Shock}
2022-10-04,6.067361504511671e-50,4.692248245407512e-25,2.257198482626701e-07,1.7488389991419752e-25,0.9999997742801517,Post-Shock,0.9999997742801517,3.680127883516984e-06,2.286592017676028e-06,{Post-Shock}
2022-10-05,2.3403920199594616e-51,1.1251614794906413e-24,5.001059577387108e-07,2.6839306135882276e-27,0.9999994998940422,Post-Shock,0.9999994998940422,7.755864037589926e-06,4.818989274249183e-06,{Post-Shock}
2022-10-06,1.1364373140510115e-62,1.8719694639134777e-27,7.878155812317205e-10,1.5876278172571919e-28,0.9999999992121844,Post-Shock,0.9999999992121844,1.7299815089955203e-08,1.0748979476810702e-08,{Post-Shock}
2022-10-07,5.897939361544679e-65,4.462376548563198e-28,7.248324252420507e-10,4.757109908798572e-28,0.9999999992751676,Post-Shock,0.9999999992751676,1.5976989956463974e-08,9.927062009059118e-09,{Post-Shock}
2022-10-10,1.191747217459268e-56,6.768679498804689e-26,1.370456784112759e-07,2.498855025182346e-29,0.9999998629543216,Post-Shock,0.9999998629543216,2.3027698847415873e-06,1.430791375641759e-06,{Post-Shock}
2022-10-11,2.0219665600230444e-75,1.6500545214599735e-29,5.96325585920526e-12,1.6248918944662783e-27,0.9999999999940368,Post-Shock,0.9999999999940368,1.5816152504450438e-10,9.827128081337554e-11,{Post-Shock}
2022-10-12,4.760996130197876e-75,1.4879828268250286e-30,1.73119919625018e-10,1.0436068683915946e-30,0.99999999982688,Post-Shock,0.99999999982688,4.06234562893852e-09,2.524077255515041e-09,{Post-Shock}
2022-10-13,3.072250002493727e-86,7.291325721050779e-34,9.942607752973216e-13,1.133983571333663e-32,0.9999999999990057,Post-Shock,0.9999999999990057,2.6780355508669963e-11,1.663957043746259e-11,{Post-Shock}
2022-10-14,3.2600744323539743e-109,2.4946324429975914e-40,6.578802753125966e-18,1.013408186130386e-32,1.0,Post-Shock,1.0,-9.999071215873324e-13,-6.21277225957155e-13,{Post-Shock}
2022-10-17,3.8342720875123007e-109,7.026869260122832e-42,3.403812986990353e-17,3.4391976530932335e-36,1.0,Post-Shock,1.0,-9.991483934552336e-13,-6.208058016628489e-13,{Post-Shock}
2022-10-18,1.7545038258404054e-98,8.597830081369361e-39,4.526920552452721e-15,1.0566845594308858e-34,0.9999999999999954,Post-Shock,0.9999999999999954,-8.703629732675525e-13,-5.40786921038304e-13,{Post-Shock}
2022-10-19,1.0857801277157205e-81,5.9146898896088694e-33,7.479656566411234e-12,7.1237759733786366e-31,0.9999999999925203,Post-Shock,0.9999999999925203,1.9716121711090643e-10,1.2250315193129846e-10,{Post-Shock}
2022-10-20,6.29293486534911e-112,6.624592406930036e-38,8.65676935133753e-20,9.057700251590936e-30,1.0,Post-Shock,1.0,-1.0000865086280809e-12,-6.213886853923793e-13,{Post-Shock}
2022-10-21,1.603925686005553e-118,6.048355394130642e-43,8.247903860017809e-20,5.786737577228253e-33,1.0,Post-Shock,1.0,-1.0000866216017907e-12,-6.213887555868919e-13,{Post-Shock}
2022-10-24,1.68442067278233e-117,1.0251167881218566e-43,1.4858696956207649e-18,5.130089874982035e-35,1.0,Post-Shock,1.0,-1.0000478444871136e-12,-6.213646620108816e-13,{Post-Shock}
2022-10-25,1.6926801737734854e-129,4.408054288954449e-47,5.673841400505179e-21,7.992087582077451e-36,1.0,Post-Shock,1.0,-1.0000887438078095e-12,-6.213900741876297e-13,{Post-Shock}
2022-10-26,2.0476141247259777e-137,1.2800988387968038e-50,5.241131760254705e-23,2.1522181486749083e-36,1.0,Post-Shock,1.0,-1.0000888991336628e-12,-6.213901706970086e-13,{Post-Shock}
2022-10-27,3.939599244190444e-158,3.3340109838236777e-56,5.993837600571103e-27,8.614765120708196e-35,1.0,Post-Shock,1.0,-1.0000889005816754e-12,-6.213901715967094e-13,{Post-Shock}
2022-10-28,2.8252779349522204e-146,2.286459187240222e-55,1.12690372180863e-25,4.978511241932825e-37,1.0,Post-Shock,1.0,-1.0000889005787271e-12,-6.213901715948776e-13,{Post-Shock}
2022-10-31,6.700219994230766e-156,1.2455869040817447e-57,9.410410583409887e-27,6.912605880714598e-39,1.0,Post-Shock,1.0,-1.0000889005815809e-12,-6.213901715966507e-13,{Post-Shock}
2022-11-01,5.364166990641853e-176,3.515677623641119e-61,3.0187557602937705e-29,0.0,1.0,Post-Shock,1.0,-1.0000889005818402e-12,-6.213901715968118e-13,{Post-Shock}
2022-11-02,5.37441066985923e-171,4.239701471264833e-62,9.45313517745455e-29,0.0,1.0,Post-Shock,1.0,-1.0000889005818384e-12,-6.213901715968107e-13,{Post-Shock}
2022-11-03,1.5874399247214114e-197,9.95281843352219e-69,2.4682069438305473e-34,0.0,1.0,Post-Shock,1.0,-1.000088900581841e-12,-6.213901715968123e-13,{Post-Shock}
2022-11-04,8.040232814361623e-201,1.578684780643952e-71,1.007430621689597e-33,0.0,1.0,Post-Shock,1.0,-1.000088900581841e-12,-6.213901715968123e-13,{Post-Shock}
2022-11-07,1.5847979056417533e-198,1.7721849156453404e-70,1.1863295679753941e-32,0.0,1.0,Post-Shock,1.0,-1.000088900581841e-12,-6.213901715968123e-13,{Post-Shock}
2022-11-08,1.4059491485382843e-207,3.625055773770851e-73,2.893109914787658e-34,0.0,1.0,Post-Shock,1.0,-1.000088900581841e-12,-6.213901715968123e-13,{Post-Shock}
2022-11-09,2.1751119818579056e-186,2.2777728662730605e-67,1.0945516995774597e-31,0.0,1.0,Post-Shock,1.0,-1.000088900581841e-12,-6.213901715968123e-13,{Post-Shock}
2022-11-10,5.1552545784288195e-198,1.23603580818813e-70,1.0174810425112131e-33,0.0,1.0,Post-Shock,1.0,-1.000088900581841e-12,-6.213901715968123e-13,{Post-Shock}
2022-11-11,2.050090539191556e-185,5.196861989660366e-66,4.006843757007777e-30,0.0,1.0,Post-Shock,1.0,-1.0000889005818408e-12,-6.213901715968122e-13,{Post-Shock}
2022-11-14,4.845060148175951e-191,3.3853712479467745e-68,1.047986147773822e-31,0.0,1.0,Post-Shock,1.0,-1.000088900581841e-12,-6.213901715968123e-13,{Post-Shock}
2022-11-15,3.9971982582208554e-181,1.6223937529453168e-65,1.182885697004049e-29,0.0,1.0,Post-Shock,1.0,-1.0000889005818406e-12,-6.213901715968121e-13,{Post-Shock}
2022-11-16,1.2918104039834666e-181,2.3297521276399546e-65,7.943709941730603e-30,0.0,1.0,Post-Shock,1.0,-1.0000889005818408e-12,-6.213901715968122e-13,{Post-Shock}
2022-11-17,3.579105749753741e-179,1.703058501742932e-65,1.1792868047091696e-29,0.0,1.0,Post-Shock,1.0,-1.0000889005818406e-12,-6.213901715968121e-13,{Post-Shock}
2022-11-18,8.779765394353033e-183,1.1523561760934212e-65,2.2461473334455198e-29,0.0,1.0,Post-Shock,1.0,-1.0000889005818404e-12,-6.21390171596812e-13,{Post-Shock}
2022-11-21,1.1388849861556277e-172,1.8252227146375437e-63,5.788806632072872e-28,0.0,1.0,Post-Shock,1.0,-1.000088900581825e-12,-6.213901715968024e-13,{Post-Shock}
2022-11-22,8.038358107625992e-194,3.047631221895785e-68,1.3510086493484994e-31,0.0,1.0,Post-Shock,1.0,-1.000088900581841e-12,-6.213901715968123e-13,{Post-Shock}
2022-11-23,6.769573566713517e-188,5.137207736328344e-67,1.5076150262389146e-29,0.0,1.0,Post-Shock,1.0,-1.0000889005818406e-12,-6.213901715968121e-13,{Post-Shock}
2022-11-24,2.438525309478948e-218,1.084737737590441e-73,3.7713201054739336e-36,0.0,1.0,Post-Shock,1.0,-1.000088900581841e-12,-6.213901715968123e-13,{Post-Shock}
2022-11-25,1.1291149839415198e-202,2.1283454727144452e-70,1.9380705559603253e-31,0.0,1.0,Post-Shock,1.0,-1.000088900581841e-12,-6.213901715968123e-13,{Post-Shock}
2022-11-28,4.819270915770978e-185,1.8182490755969872e-64,2.014499562088171e-28,0.0,1.0,Post-Shock,1.0,-1.0000889005818353e-12,-6.213901715968089e-13,{Post-Shock}
2022-11-29,1.1714882149253069e-177,5.92260763912038e-62,2.102169159406586e-26,0.0,1.0,Post-Shock,1.0,-1.0000889005812602e-12,-6.213901715964514e-13,{Post-Shock}
2022-11-30,2.8675176606035114e-183,5.802817761744298e-64,4.509577715374558e-28,0.0,1.0,Post-Shock,1.0,-1.0000889005818285e-12,-6.213901715968045e-13,{Post-Shock}
2022-12-01,2.0884123425846125e-176,3.41924367312868e-62,2.2127958143506065e-26,0.0,1.0,Post-Shock,1.0,-1.0000889005812295e-12,-6.213901715964324e-13,{Post-Shock}
2022-12-02,5.802215902835176e-173,5.138764057296719e-61,1.5161483649670033e-25,0.0,1.0,Post-Shock,1.0,-1.0000889005776518e-12,-6.213901715942094e-13,{Post-Shock}
2022-12-05,3.870130178432149e-151,1.8426717906700625e-55,1.480293689620895e-22,0.0,1.0,Post-Shock,1.0,-1.0000888964916384e-12,-6.213901690554266e-13,{Post-Shock}
2022-12-06,3.784225348115478e-129,3.0925485450908664e-51,3.490746060953806e-21,0.0,1.0,Post-Shock,1.0,-1.0000888041289629e-12,-6.213901116672696e-13,{Post-Shock}
2022-12-07,1.6166277241702258e-119,7.711280692001595e-49,4.573152377859459e-19,0.0,1.0,Post-Shock,1.0,-1.0000762644950582e-12,-6.21382320354658e-13,{Post-Shock}
2022-12-08,2.7427235505620285e-99,4.004491903402521e-44,6.492696093298788e-16,0.0,0.9999999999999993,Post-Shock,0.9999999999999993,-9.81483205895976e-13,-6.098298035067343e-13,{Post-Shock}
2022-12-09,5.2945396142550395e-121,1.1759045466242607e-47,2.051942120941884e-19,0.0,1.0,Post-Shock,1.0,-1.000083230856276e-12,-6.213866487982494e-13,{Post-Shock}
2022-12-12,5.3552061335660135e-130,6.923433398316479e-51,1.5457774428007757e-21,0.0,1.0,Post-Shock,1.0,-1.0000888578704319e-12,-6.213901450587217e-13,{Post-Shock}
2022-12-13,3.969679566712683e-115,1.9347786993054968e-47,6.301918348438105e-20,0.0,1.0,Post-Shock,1.0,-1.0000871592974554e-12,-6.213890896759925e-13,{Post-Shock}
2022-12-14,7.048150616889372e-106,6.975277069883843e-44,4.0545325583532015e-17,0.0,1.0,Post-Shock,1.0,-9.989685934783804e-13,-6.206940856559969e-13,{Post-Shock}
2022-12-15,2.2416206847048654e-102,4.368796193210004e-43,1.4061399489509415e-16,0.0,0.9999999999999999,Post-Shock,0.9999999999999999,-9.959815674856801e-13,-6.188381420562947e-13,{Post-Shock}
2022-12-16,1.394536800624193e-100,5.386457134727955e-42,6.141370047817195e-16,0.0,0.9999999999999993,Post-Shock,0.9999999999999993,-9.82453911268362e-13,-6.104329366657623e-13,{Post-Shock}
2022-12-19,1.2985628159237844e-93,2.528919891586801e-40,1.3970146326197693e-14,0.0,0.999999999999986,Post-Shock,0.999999999999986,-6.002844966513353e-13,-3.7297772844400696e-13,{Post-Shock}
2022-12-20,4.3494786213767206e-69,5.563709328749269e-35,4.734067228963173e-13,0.0,0.9999999999995266,Post-Shock,0.9999999999995266,1.2370539693198187e-11,7.686248470740377e-12,{Post-Shock}
2022-12-21,2.6939516218893235e-61,4.420821266377993e-33,1.8895443638444415e-11,0.0,0.9999999999811046,Post-Shock,0.9999999999811046,4.834892157793378e-10,3.004087402465329e-10,{Post-Shock}
2022-12-22,1.9326615644623304e-48,3.279792696655964e-31,3.8159855680461143e-10,0.0,0.9999999996184015,Post-Shock,0.9999999996184015,8.65519494981285e-09,5.3777749877426496e-09,{Post-Shock}
2022-12-23,1.3401942357932928e-65,1.30908226038663e-32,2.097155460298602e-12,0.0,0.9999999999979029,Post-Shock,0.9999999999979029,5.6672868303459374e-11,3.5212832918635433e-11,{Post-Shock}
2022-12-26,3.852091850902862e-54,1.0706086417398782e-31,3.624523218179835e-10,0.0,0.9999999996375477,Post-Shock,0.9999999996375477,8.239488718897178e-09,5.119482183960638e-09,{Post-Shock}
2022-12-27,1.4695379491710163e-44,1.521585785239325e-27,2.1375215711842895e-07,0.0,0.9999997862478429,Post-Shock,0.9999997862478429,3.4966516605014802e-06,2.1725918306554455e-06,{Post-Shock}
2022-12-28,2.3537662316104912e-56,2.1606875952243195e-30,8.610165407460792e-10,0.0,0.9999999991389834,Post-Shock,0.9999999991389834,1.8830935718745063e-08,1.1700318212502722e-08,{Post-Shock}
2022-12-29,1.0595041571989164e-46,7.044984539077144e-29,1.3655493945739798e-08,0.0,0.9999999863445059,Post-Shock,0.9999999863445059,2.609425259421352e-07,1.621327072800764e-07,{Post-Shock}
2022-12-30,2.178547653559918e-42,1.0522003420929316e-27,5.944205546652699e-08,0.0,0.9999999405579445,Post-Shock,0.9999999405579445,1.0484526567950584e-06,6.514402628986087e-07,{Post-Shock}
2023-01-02,2.339749411698789e-53,1.1024826833579066e-27,1.3704987503186438e-09,0.0,0.9999999986295013,Post-Shock,0.9999999986295013,2.9337762465776034e-08,1.822857672179839e-08,{Post-Shock}
2023-01-03,1.2759541761810821e-45,2.5826706915612863e-22,0.00013604988896226747,0.0,0.9998639501110377,Post-Shock,0.9998639501110377,0.0013472232592986605,0.0008370768756535201,{Post-Shock}
2023-01-04,9.702197064582338e-40,4.1297061204925476e-19,0.0774406330218054,0.0,0.9225593669781946,Post-Shock,0.9225593669781946,0.2724735692846644,0.1692973473407108,{Post-Shock}
2023-01-05,6.238608089155442e-35,3.265493275796391e-17,0.5011443099669695,0.0,0.4988556900330305,Transitional,0.5011443099669695,0.693144561665059,0.4306749308625103,"{Transitional, Post-Shock}"
2023-01-06,6.814900689698355e-38,1.0490986461005839e-16,0.7159117635895147,0.0,0.28408823641048525,Transitional,0.7159117635895147,0.5967731693875714,0.37079601814835883,"{Transitional, Post-Shock}"
2023-01-09,3.291904548322139e-43,1.1757066208297679e-17,0.797503759111471,0.0,0.20249624088852902,Transitional,0.797503759111471,0.5038435359983682,0.31305559046782955,"{Transitional, Post-Shock}"
2023-01-10,3.4697631991225785e-36,4.5726541010737846e-17,0.996633305042895,0.0,0.00336669495710489,Transitional,0.996633305042895,0.022530388941454565,0.013998917738541275,{Transitional}
2023-01-11,8.958888528299355e-33,3.618592481066037e-16,0.9999974026094112,0.0,2.5973905884618664e-06,Transitional,0.9999974026094112,3.600243399087238e-05,2.2369569967705434e-05,{Transitional}
2023-01-12,9.505298218954608e-41,1.0449164685978164e-15,0.9999886558872713,0.0,1.1344112727673955e-05,Transitional,0.9999886558872713,0.00014051732139087143,8.730832069088904e-05,{Transitional}
2023-01-13,1.5626120627074977e-29,1.5125344530337678e-14,0.9999998091613351,3.2500299340281806e-110,1.9083864969031354e-07,Transitional,0.9999998091613351,3.143461647209873e-06,1.953142536859796e-06,{Transitional}
2023-01-16,5.232314290951132e-28,6.8842731442011785e-15,0.9999998702801494,0.0,1.2971984379507104e-07,Transitional,0.9999998702801494,2.1868008852485844e-06,1.3587357849308303e-06,{Transitional}
2023-01-17,1.0601860859499483e-31,2.8648305909914456e-14,0.9999999523670516,0.0,4.76329197065584e-08,Transitional,0.9999999523670516,8.507104618599707e-07,5.285761291489421e-07,{Transitional}
2023-01-18,4.525923130595388e-22,2.738835278032002e-12,0.999999999203942,0.0,7.93319120939543e-10,Transitional,0.999999999203942,1.7489963546586124e-08,1.0867125355668086e-08,{Transitional}
2023-01-19,1.1286371516475007e-19,1.1960954096173417e-11,0.9999999999564564,0.0,3.1582663138721396e-11,Transitional,0.9999999999564564,1.1050279223428721e-09,6.865924518154523e-10,{Transitional}
2023-01-20,1.3784205805809e-25,9.648644090437806e-12,0.9999999997795993,0.0,2.107520938875819e-10,Transitional,0.9999999997795993,5.157809765432252e-09,3.204727393075775e-09,{Transitional}
2023-01-23,4.92297920589968e-22,4.083588718623777e-12,0.9999999999447269,0.0,5.118956624894932e-11,Transitional,0.9999999999447269,1.372438142490627e-09,8.52743763451529e-10,{Transitional}
2023-01-24,2.4013075894737195e-14,1.7998513253815675e-10,0.9999999998180245,1.2006179686065633e-231,1.9663466698195586e-12,Transitional,0.9999999998180245,4.271368205524612e-09,2.6539502844596412e-09,{Transitional}
2023-01-25,6.640797936043676e-13,1.4696898354386745e-10,0.9999999998516919,0.0,6.751190107081281e-13,Transitional,0.9999999998516919,3.510123798287145e-09,2.1809625405048792e-09,{Transitional}
2023-01-26,1.3462657024660284e-12,2.09690045242597e-10,0.9999999997889323,0.0,3.137748833087678e-14,Transitional,0.9999999997889323,4.919011281271917e-09,3.056353552547079e-09,{Transitional}
2023-01-27,9.43360121071009e-12,4.3026242419001003e-10,0.9999999995603007,0.0,3.2374650884004084e-15,Transitional,0.9999999995603007,9.955636545984408e-09,6.185784781798502e-09,{Transitional}
2023-01-30,1.1235653149636046e-10,2.411291613561658e-10,0.9999999996464922,0.0,2.210559967985483e-14,Transitional,0.9999999996464922,8.26511030659779e-09,5.135401771477911e-09,{Transitional}
2023-01-31,0.001090935649609411,1.0511029920967346e-09,0.9989090632992835,0.0,4.079173120494137e-15,Transitional,0.9989090632992835,0.008531329260289657,0.0053008129076485755,{Transitional}
2023-02-01,0.0020615366261114787,2.9541235430869834e-07,0.9979381679615313,0.0,2.8297351583830377e-15,Transitional,0.9979381679615313,0.014813314950130902,0.009204030075150504,{Transitional}
2023-02-02,0.810834487805983,1.9928855322094185e-07,0.18916531290546368,0.0,1.873189564915315e-17,Risk-On,0.810834487805983,0.48501362606957005,0.30135590961445635,"{Risk-On, Transitional}"
2023-02-03,0.9562126716117597,1.01527715271328e-07,0.04378722686052499,0.0,1.609415642173466e-18,Risk-On,0.9562126716117597,0.17980052648092876,0.11171634835481163,{Risk-On}
2023-02-06,0.9990260961615185,6.192839545096292e-09,0.0009738976456419153,0.0,1.94764901064796e-20,Risk-On,0.9990260961615185,0.0077267517683938134,0.004800900804373336,{Risk-On}
2023-02-07,0.9999999951617571,5.011913599820652e-12,4.833230937486761e-09,0.0,4.1733590510432006e-26,Risk-On,0.9999999951617571,9.751123811803781e-08,6.058713875489776e-08,{Risk-On}
2023-02-08,0.9999999999815045,1.19988677639864e-11,6.496656517588734e-12,0.0,1.6041445836493748e-28,Risk-On,0.9999999999815045,4.846831034556663e-10,3.01150544367776e-10,{Risk-On}
2023-02-09,0.9999999999486746,3.5055610889778583e-11,1.626980274830694e-11,0.0,4.7583955044702634e-27,Risk-On,0.9999999999486746,1.2964704341120224e-09,8.05542372337465e-10,{Risk-On}
2023-02-10,0.9999999999799287,1.6290334764520025e-11,3.7809526463685554e-12,0.0,2.29377847589711e-29,Risk-On,0.9999999999799287,5.213157777514328e-10,3.2391170465407965e-10,{Risk-On}
2023-02-13,0.9999999999998785,1.1981329631432188e-13,1.6667982420383885e-15,0.0,1.3874121498913454e-34,Risk-On,0.9999999999998785,2.4644274714145335e-12,1.531234881678259e-12,{Risk-On}
2023-02-14,0.9999999999999991,8.526213639851087e-16,4.745037358280204e-18,0.0,2.3690562538451783e-37,Risk-On,0.9999999999999991,-9.755115396985035e-13,-6.061193986807159e-13,{Risk-On}
2023-02-15,0.9999999999986473,1.3514080466601222e-12,1.33561867252887e-15,0.0,1.464161365388085e-34,Risk-On,0.9999999999986473,3.657493162477808e-11,2.2725282747603765e-11,{Risk-On}
2023-02-16,0.9999999999088754,9.091590260633627e-11,2.0860092159422175e-13,0.0,1.3786170801496841e-32,Risk-On,0.9999999999088754,2.196928787926577e-09,1.3650286046784872e-09,{Risk-On}
2023-02-17,0.999999999655359,3.421878482984819e-10,2.45308042924914e-12,0.0,5.720811894072722e-31,Risk-On,0.999999999655359,7.865593989778773e-09,4.88716832691167e-09,{Risk-On}
2023-02-20,0.9999999999957144,4.264188403086359e-12,2.143613556164001e-14,0.0,1.534956078335529e-33,Risk-On,0.9999999999957144,1.1461881590467078e-10,7.121667447942882e-11,{Risk-On}
2023-02-21,0.9999999999999607,3.9307753574620766e-14,1.4137405132534464e-17,0.0,7.288856617713497e-38,Risk-On,0.9999999999999607,1.2420148894210164e-13,7.717072400404708e-14,{Risk-On}
2023-02-22,0.9999999999634163,3.658101486038044e-11,2.673115469766555e-15,0.0,1.5741794461644327e-35,Risk-On,0.9999999999634163,9.137673922129911e-10,5.67755602843366e-10,{Risk-On}
2023-02-23,0.9999999999716842,2.831458696642392e-11,1.2096583822634509e-15,0.0,6.332807374183647e-37,Risk-On,0.9999999999716842,7.140611009359272e-10,4.436711074215887e-10,{Risk-On}
2023-02-24,0.9999999999983852,1.6147898596107522e-12,1.0837790625664897e-17,1.6664243220356778e-274,5.590330952899585e-40,Risk-On,0.9999999999983852,4.3681323930857756e-11,2.714073254605671e-11,{Risk-On}
2023-02-27,0.9999999999791879,2.0812053057999778e-11,7.406645759916472e-17,2.0619868165065214e-146,2.8172150283177215e-39,Risk-On,0.9999999999791879,5.307200984956283e-10,3.2975493766825194e-10,{Risk-On}
2023-02-28,0.9999999999999901,9.840234143624159e-15,5.293671119228808e-22,0.0,3.3042791400240094e-46,Risk-On,0.9999999999999901,-7.182975182196201e-13,-4.4630334147731924e-13,{Risk-On}
2023-03-01,0.9999999999987609,1.2391048309257876e-12,9.073134934037037e-20,0.0,4.4420510003658954e-44,Risk-On,0.9999999999987609,3.347806343450117e-11,2.080109035325832e-11,{Risk-On}
2023-03-02,0.9999999999969592,3.0407370391909217e-12,5.734254669935835e-19,0.0,1.1452019143357793e-42,Risk-On,0.9999999999969592,8.181332950779302e-11,5.0833479735828536e-11,{Risk-On}
2023-03-03,0.999999999999925,7.504362784940754e-14,1.6327197578399698e-21,0.0,6.840850000540297e-46,Risk-On,0.999999999999925,1.1430640363937476e-12,7.102256182501549e-13,{Risk-On}
2023-03-06,0.9999999999961444,3.855600898405151e-12,4.400160789969293e-20,0.0,5.4066122753705313e-45,Risk-On,0.9999999999961444,1.032974340094297e-10,6.418230440042483e-11,{Risk-On}
2023-03-07,0.9999999996352092,3.6479068799649345e-10,9.984805905659965e-18,0.0,3.142956390604979e-42,Risk-On,0.9999999996352092,8.29031325943424e-09,5.151061246529256e-09,{Risk-On}
2023-03-08,0.9999999996863812,3.136187579439007e-10,1.6100005125728147e-17,0.0,2.0595564027179962e-41,Risk-On,0.9999999996863812,7.174490901889369e-09,4.4577618350239615e-09,{Risk-On}
2023-03-09,0.9999999999998139,1.8603021375550594e-13,1.676862940859836e-21,0.0,3.6258132176504246e-45,Risk-On,0.9999999999998139,4.2944503440750765e-12,2.66829202350539e-12,{Risk-On}
2023-03-10,0.9999999999939224,6.0776226076158616e-12,2.527575832877516e-19,0.0,7.54463689977044e-43,Risk-On,0.9999999999939224,1.6111499958887797e-10,1.0010637772612738e-10,{Risk-On}
2023-03-13,0.9999999999978526,2.1473498709372803e-12,4.5689767481757376e-21,0.0,5.193973751375529e-46,Risk-On,0.9999999999978526,5.801881808937913e-11,3.60491185407904e-11,{Risk-On}
2023-03-14,0.9999999999998285,1.7152419510204277e-13,5.097654045976846e-23,0.0,5.419807799576223e-48,Risk-On,0.9999999999998285,3.8837869911079835e-12,2.413132535963551e-12,{Risk-On}
2023-03-15,0.9999999999999856,1.4454275851745067e-14,4.1133969528599008e-25,0.0,2.1339500484283103e-50,Risk-On,0.9999999999999856,-5.864770305221577e-13,-3.6439866738020035e-13,{Risk-On}
2023-03-16,0.999999999999995,5.005268013227966e-15,5.8857257554675e-26,0.0,6.287076753054135e-52,Risk-On,0.999999999999995,-8.567061987211113e-13,-5.323014899191955e-13,{Risk-On}
2023-03-17,1.0,1.0785999510213674e-17,2.2655997536823692e-30,0.0,6.43846452047287e-57,Risk-On,1.0,-9.997908725179551e-13,-6.212049963492409e-13,{Risk-On}
2023-03-20,0.9999999999997866,2.1341937823365963e-13,3.584583582087034e-26,0.0,1.1096843392964423e-52,Risk-On,0.9999999999997866,5.069006974477563e-12,3.1495511167692325e-12,{Risk-On}
2023-03-21,0.9999999998759791,1.240209522694069e-10,1.0830217227903233e-23,0.0,5.590245816754379e-51,Risk-On,0.9999999998759791,2.951013623768127e-09,1.8335678568084922e-09,{Risk-On}
2023-03-22,0.9999999998903627,1.096373287542892e-10,2.3734942178790507e-24,0.0,1.588024486119662e-52,Risk-On,0.9999999998903627,2.6220471617614338e-09,1.6291695016652563e-09,{Risk-On}
2023-03-23,0.9999999990765212,9.234788160543413e-10,3.7196469313551008e-22,0.0,5.3404769071197916e-49,Risk-On,0.9999999990765212,2.0132492176037652e-08,1.2509020708720252e-08,{Risk-On}
2023-03-24,0.9999999994804334,5.195665920934508e-10,9.809522430750245e-24,0.0,2.816692659307122e-51,Risk-On,0.9999999994804334,1.162487577638844e-08,7.222941429785928e-09,{Risk-On}
2023-03-27,0.9999999999856518,1.4348225164274443e-11,1.3643968410902751e-24,0.0,2.173607684748308e-51,Risk-On,0.9999999999856518,3.706193232460576e-10,2.3027873295561684e-10,{Risk-On}
2023-03-28,0.999999579831787,4.2016821297864255e-07,5.035820513492991e-23,6.236858882461551e-18,3.318400701690108e-50,Risk-On,0.999999579831787,6.589332424083506e-06,4.094182430509454e-06,{Risk-On}
2023-03-29,5.196101470033064e-13,0.9999999999994804,5.732394471612457e-23,6.3376259013868e-155,9.792040845166972e-44,Late-Cycle,0.9999999999994804,1.3659421569643522e-11,8.487075807096608e-12,{Late-Cycle}
2023-03-30,0.0005408657549772715,0.9994591342449582,6.443586085546951e-14,0.0,4.180133310075212e-41,Late-Cycle,0.9994591342449582,0.004609295267611535,0.0028639161734673414,{Late-Cycle}
2023-03-31,1.1213585834352848e-05,0.9999887864133918,7.738617917202417e-13,0.0,2.7167569086431696e-40,Late-Cycle,0.9999887864133918,0.00013903030556952346,8.63843858128427e-05,{Late-Cycle}
2023-04-03,1.1527373288248953e-12,0.9999999999918802,6.967128723531526e-12,0.0,1.469422214783228e-37,Late-Cycle,0.9999999999918802,2.1613714993113723e-10,1.3429356190836417e-10,{Late-Cycle}
2023-04-04,1.4715555495005428e-05,0.9999852844440945,4.104306611500679e-13,0.0,6.778031499487814e-40,Late-Cycle,0.9999852844440945,0.0001784496364588226,0.00011087699319132905,{Late-Cycle}
2023-04-05,3.0255185918618457e-06,0.9999969744812675,1.4064434994336792e-13,0.0,1.6686377774623464e-41,Late-Cycle,0.9999969744812675,4.14751013493752e-05,2.576992938276731e-05,{Late-Cycle}
2023-04-06,7.873464650964467e-07,0.9999992126534231,1.1189365232833591e-13,0.0,6.436213892848197e-42,Late-Cycle,0.9999992126534231,1.185318496764687e-05,7.3647979061958425e-06,{Late-Cycle}
2023-04-07,1.1561910351959749e-10,0.9999999998840916,2.892998106493789e-13,0.0,5.376647059945737e-41,Late-Cycle,0.9999999998840916,2.767281178979891e-09,1.7194084702495161e-09,{Late-Cycle}
2023-04-10,6.578954140024891e-05,0.9999342104585991,6.590761268056705e-16,0.0,8.820232107379389e-46,Late-Cycle,0.9999342104585991,0.0006992781376461024,0.0004344859358933083,{Late-Cycle}
2023-04-11,4.424635144159441e-06,0.9999955753648556,2.5174642234248923e-16,0.0,1.2710253536593233e-46,Late-Cycle,0.9999955753648556,5.8972953409785525e-05,3.664195614765613e-05,{Late-Cycle}
2023-04-12,4.632321965304758e-07,0.9999995367678025,1.0111835923355919e-15,0.0,3.84011333296437e-45,Late-Cycle,0.9999995367678025,7.219489031379952e-06,4.485720744866298e-06,{Late-Cycle}
2023-04-13,7.528053153391299e-29,1.0,2.751846617611304e-23,0.0,7.104743228134755e-45,Late-Cycle,1.0,-1.0000888998214756e-12,-6.213901711243708e-13,{Late-Cycle}
2023-04-14,3.0578234665529277e-15,0.9999999999999329,6.402617709298834e-14,0.0,9.859042112957538e-42,Late-Cycle,0.9999999999999329,9.165852059778225e-13,5.695064089745387e-13,{Late-Cycle}
2023-04-17,7.989611044588226e-10,0.9999999992010385,3.842558355046202e-16,0.0,1.3872095890216116e-45,Late-Cycle,0.9999999992010385,1.7533377316855163e-08,1.0894099847777186e-08,{Late-Cycle}
2023-04-18,1.5389100325591756e-09,0.9999999984610898,2.374377507140867e-16,0.0,2.2423974649019003e-46,Late-Cycle,0.9999999984610898,3.276477412074407e-08,2.0357898784172978e-08,{Late-Cycle}
2023-04-19,0.0006489563162374001,0.9993510436837626,1.9152893177713785e-17,0.0,1.9900022048945638e-49,Late-Cycle,0.9993510436837626,0.005412179255574649,0.003362776043587363,{Late-Cycle}
2023-04-20,0.24929306402416818,0.7507069359758318,6.212224685279276e-20,0.0,2.2579360736993494e-53,Late-Cycle,0.7507069359758318,0.5615571625383652,0.3489150828372564,"{Late-Cycle, Risk-On}"
2023-04-21,0.24107455536313563,0.7589254446368644,4.3757414539304275e-21,0.0,5.721196715554307e-55,Late-Cycle,0.7589254446368644,0.5523153840465139,0.3431728430028076,"{Late-Cycle, Risk-On}"
2023-04-24,0.10734281784471571,0.8926571821552843,1.3492107077358323e-20,0.0,1.7162877904436206e-53,Late-Cycle,0.8926571821552843,0.34092353898390665,0.21182770478439691,"{Late-Cycle, Risk-On}"
2023-04-25,1.1717988341947837e-08,0.9999999882820116,3.345956516192419e-19,0.0,1.0928437313721173e-50,Late-Cycle,0.9999999882820116,2.2571154030988883e-07,1.4024246512779396e-07,{Late-Cycle}
2023-04-26,9.28609200308153e-14,0.9999999999999072,1.6384990729858228e-19,0.0,2.134210073394459e-50,Late-Cycle,0.9999999999999072,1.6503263611726274e-12,1.0254054216211968e-12,{Late-Cycle}
2023-04-27,9.754322099149073e-16,0.999999999999999,3.0630879322072355e-18,0.0,3.9793308646704744e-48,Late-Cycle,0.999999999999999,-9.719428043341994e-13,-6.039020187266754e-13,{Late-Cycle}
2023-04-28,1.662421659887927e-15,0.9999999999999983,1.4591420432068802e-18,0.0,1.8969400441613025e-49,Late-Cycle,0.9999999999999983,-9.523405795231683e-13,-5.917224716564906e-13,{Late-Cycle}
2023-05-01,7.262165187563319e-07,0.9999992737834812,2.0843242364000405e-21,0.0,3.3710773559964114e-55,Late-Cycle,0.9999992737834812,1.0991588038566998e-05,6.829457634649238e-06,{Late-Cycle}
2023-05-02,0.00010981072946115418,0.9998901892705389,9.12633597406173e-22,0.0,2.971848486231886e-56,Late-Cycle,0.9998901892705389,0.0011109219201171727,0.0006902545985368419,{Late-Cycle}
2023-05-03,1.7015015898454766e-06,0.9999982984984102,5.737368328105222e-22,0.0,1.9630420579654498e-56,Late-Cycle,0.9999982984984102,2.4304244255599026e-05,1.5101076014073443e-05,{Late-Cycle}
2023-05-04,4.3249998167260556e-05,0.9999567500018327,2.1646806792516652e-20,0.0,3.088323208415619e-54,Late-Cycle,0.9999567500018327,0.000477847245577456,0.0002969031870603594,{Late-Cycle}
2023-05-05,2.7752484750088335e-12,0.9999999999972248,6.539777859232231e-20,0.0,1.4859838472742815e-51,Late-Cycle,0.9999999999972248,7.477137383784734e-11,4.645806667047115e-11,{Late-Cycle}
2023-05-08,4.8360707157946176e-12,0.999999999995164,4.827923158091356e-18,0.0,1.9053816610139396e-49,Late-Cycle,0.999999999995164,1.2893064004645087e-10,8.010911079599042e-11,{Late-Cycle}
2023-05-09,2.903797802876275e-11,0.999999999970962,1.5707370933847697e-18,0.0,2.1597947439470555e-50,Late-Cycle,0.999999999970962,7.315864120663646e-10,4.545601954659559e-10,{Late-Cycle}
2023-05-10,2.4728126779238004e-17,0.9999999999999997,2.984462415736441e-16,0.0,9.097328659935714e-46,Late-Cycle,0.9999999999999997,-9.907152632442486e-13,-6.155660032550738e-13,{Late-Cycle}
2023-05-11,8.598791367559579e-15,0.9999999999999913,6.79433166260714e-17,0.0,3.865993964211235e-47,Late-Cycle,0.9999999999999913,-7.520320596707313e-13,-4.672637905822439e-13,{Late-Cycle}
2023-05-12,1.183463316410691e-05,0.9999881653668359,1.9809650876743045e-17,0.0,2.1756882826061194e-49,Late-Cycle,0.9999881653668359,0.00014609232405715975,9.077226460771697e-05,{Late-Cycle}
2023-05-15,0.8975448912245079,0.10245510877549215,3.366159576072224e-24,0.0,5.524106795671243e-59,Risk-On,0.8975448912245079,0.33044415289728446,0.2053164961160406,"{Risk-On, Late-Cycle}"
2023-05-16,3.5256933008065677e-12,0.9999999999964743,5.948848190769163e-24,0.0,1.2716366620862853e-51,Late-Cycle,0.9999999999964743,9.462127469550615e-11,5.879150352087937e-11,{Late-Cycle}
2023-05-17,1.0624963816907526e-15,0.9999999999999989,1.9665809163037495e-19,0.0,5.118325735398478e-49,Late-Cycle,0.9999999999999989,-9.696165120345375e-13,-6.024566120528985e-13,{Late-Cycle}
2023-05-18,1.5698101238791352e-19,1.0,4.9350722931123034e-20,0.0,7.402711649281397e-49,Late-Cycle,1.0,-1.0000831994253326e-12,-6.213866292691062e-13,{Late-Cycle}
2023-05-19,1.2082436403029073e-19,1.0,2.946688208027329e-19,0.0,2.566102867487286e-49,Late-Cycle,1.0,-1.0000774200809787e-12,-6.213830383605603e-13,{Late-Cycle}
2023-05-22,1.65545770412169e-17,1.0,6.466495700284849e-20,0.0,2.1057480534950313e-50,Late-Cycle,1.0,-9.996296942293133e-13,-6.211048506478151e-13,{Late-Cycle}
2023-05-23,3.826417808498454e-08,0.999999961735822,3.864892352019846e-23,0.0,3.502906145111771e-55,Late-Cycle,0.999999961735822,6.917665729689523e-07,4.2981873834619094e-07,{Late-Cycle}
2023-05-24,9.242320060745258e-13,0.9999999999990757,1.2089183884849339e-20,0.0,2.4128296249918855e-51,Late-Cycle,0.9999999999990757,2.48568224618432e-11,1.5444412157689235e-11,{Late-Cycle}
2023-05-25,2.4563270809587683e-18,1.0,2.895442123327332e-20,0.0,1.771075181250297e-49,Late-Cycle,1.0,-1.0000202297222093e-12,-6.213475039927369e-13,{Late-Cycle}
2023-05-26,1.848333195924313e-19,1.0,3.842749026648998e-17,1.32761529949777e-148,6.361480831541484e-46,Late-Cycle,1.0,-9.990220041301767e-13,-6.207272715598356e-13,{Late-Cycle}
2023-05-29,1.5710785915142045e-35,0.9999999999999866,1.3437516805110753e-14,4.525697611656056e-277,3.8498045164438283e-38,Late-Cycle,0.9999999999999866,-6.15431233526312e-13,-3.823889252090123e-13,{Late-Cycle}
2023-05-30,6.502259108005553e-30,0.9999999999994217,5.78260891842199e-13,0.0,3.0821297210683653e-37,Late-Cycle,0.9999999999994217,1.5292402151360442e-11,9.501703689974808e-12,{Late-Cycle}
2023-05-31,9.208078683758364e-26,0.9999999999955606,4.4394118082682415e-12,0.0,1.7673668866455303e-36,Late-Cycle,0.9999999999955606,1.1858604961403609e-10,7.368165537662e-11,{Late-Cycle}
2023-06-01,5.591099977820708e-76,1.0,1.5037632802413567e-28,0.0,2.7262716850671394e-35,Late-Cycle,1.0,-1.0000889005818367e-12,-6.213901715968097e-13,{Late-Cycle}
2023-06-02,1.5570381251881e-32,0.9999999993346012,6.653987984942079e-10,0.0,5.173205630523993e-30,Late-Cycle,0.9999999993346012,1.472369846604707e-08,9.148348222876813e-09,{Late-Cycle}
2023-06-05,2.0516966146196283e-30,0.9999999999753552,2.464489499586952e-11,6.736261063811387e-80,6.866181195486941e-34,Late-Cycle,0.9999999999753552,6.246519476938156e-10,3.88118077042871e-10,{Late-Cycle}
2023-06-06,1.0606335904686336e-29,0.9999999999071489,9.285107356314416e-11,0.0,9.458948610154308e-34,Late-Cycle,0.9999999999071489,2.235718481324041e-09,1.389129996287188e-09,{Late-Cycle}
2023-06-07,3.973162083814475e-26,0.9999999999020084,9.799156538422672e-11,0.0,6.25703477736555e-34,Late-Cycle,0.9999999999020084,2.354324011065738e-09,1.462823755347653e-09,{Late-Cycle}
2023-06-08,8.790205889151013e-36,0.9999999981608424,1.8391575575126189e-09,0.0,7.655221341664016e-29,Late-Cycle,0.9999999981608424,3.8829896166792094e-08,2.412637099375029e-08,{Late-Cycle}
2023-06-09,8.566119658994614e-35,0.9999704425959984,2.9557404001518327e-05,0.0,1.3500859998120498e-23,Late-Cycle,0.9999704425959984,0.0003378163420971936,0.00020989709481012724,{Late-Cycle}
2023-06-12,3.1243449218182336e-43,0.9770030545049911,0.02299694549500883,0.0,1.8356471925695852e-17,Late-Cycle,0.9770030545049911,0.10948400144425058,0.06802623487268789,{Late-Cycle}
2023-06-13,8.745901120015917e-38,0.8523170128599211,0.14768298714007888,0.0,1.6118530123477788e-17,Late-Cycle,0.8523170128599211,0.41866885172660273,0.2601335835896965,"{Late-Cycle, Transitional}"
2023-06-14,2.9594253711813496e-33,0.3218804675257191,0.6781195324742808,0.0,8.833898005550722e-17,Transitional,0.6781195324742808,0.6282787839944607,0.3903715571383907,"{Transitional, Late-Cycle}"
2023-06-15,4.6391428602077545e-34,0.013059366169376757,0.986940633830623,0.0,2.476429552369157e-16,Transitional,0.986940633830623,0.06962851021249121,0.04326262583636149,{Transitional}
2023-06-16,1.5582149280010927e-37,7.928533863765984e-05,0.9999207146613577,0.0,4.632714605636224e-15,Transitional,0.9999207146613577,0.0008279306206796721,0.0005144222180199029,{Transitional}
2023-06-19,7.55607218776201e-42,5.619677825027967e-07,0.9999994380322094,0.0,8.157001107498067e-15,Transitional,0.9999994380322094,8.649705768755883e-06,5.374364367789833e-06,{Transitional}
2023-06-20,5.2741138786120596e-33,1.0035154481124163e-05,0.9999899648455177,0.0,1.1231062970204374e-15,Transitional,0.9999899648455177,0.00012553387153092682,7.799857985268313e-05,{Transitional}
2023-06-21,4.494037659085428e-42,7.179351052238673e-07,0.9999992820643396,0.0,5.551055150386814e-13,Transitional,0.9999992820643396,1.0874495054719374e-05,6.756703673192885e-06,{Transitional}
2023-06-22,7.075554941757821e-52,8.461252424883695e-09,0.9999999914692626,0.0,6.94850182801772e-11,Transitional,0.9999999914692626,1.6742879536613987e-07,1.0402935961221515e-07,{Transitional}
2023-06-23,1.0459625230498794e-59,3.630383392839058e-10,0.9999999537823561,0.0,4.585460564361904e-08,Transitional,0.9999999537823561,8.289473372859926e-07,5.150539395659568e-07,{Transitional}
2023-06-26,1.755098745581265e-63,2.1477702053217375e-12,0.9999999454116648,0.0,5.458618744878032e-08,Transitional,0.9999999454116648,9.67514500979866e-07,6.011505591518006e-07,{Transitional}
2023-06-27,1.4335501000055342e-62,2.8160180210661863e-12,0.9999999937621447,0.0,6.2350392759771375e-09,Transitional,0.9999999937621447,1.2410899546807297e-07,7.711325457741428e-08,{Transitional}
2023-06-28,7.175258800443685e-74,9.006798894814266e-13,0.9998637726208937,0.0,0.00013622737820564472,Transitional,0.9998637726208937,0.0013488032406383107,0.0008380585732557971,{Transitional}
2023-06-29,4.712887991976727e-72,1.503623824370095e-15,0.9975978095175602,0.0,0.0024021904824383226,Transitional,0.9975978095175602,0.0168878127437092,0.010492988025967535,{Transitional}
2023-06-30,1.0768235700602858e-134,9.364866276807566e-16,8.258492293928828e-20,0.0,0.9999999999999991,Post-Shock,0.9999999999999991,-9.733232350689737e-13,-6.047597285669305e-13,{Post-Shock}
2023-07-03,3.3433314778730007e-106,2.9909071826386874e-29,2.9348503242584863e-08,0.0,0.9999999706514967,Post-Shock,0.9999999706514967,5.383676559826213e-07,3.3450663229897363e-07,{Post-Shock}
2023-07-04,1.0807999289289213e-112,4.282473775228899e-31,4.552290318226709e-09,0.0,0.9999999954477097,Post-Shock,0.9999999954477097,9.198902294756417e-08,5.7155993553327416e-08,{Post-Shock}
2023-07-05,9.66840460396394e-119,1.2132632905289145e-33,2.9218007795836327e-10,0.0,0.9999999997078199,Post-Shock,0.9999999997078199,6.704601189133231e-09,4.165802941098392e-09,{Post-Shock}
2023-07-06,3.585750428514478e-144,1.2097818617083736e-40,6.417801457183651e-16,0.0,0.9999999999999993,Post-Shock,0.9999999999999993,-9.816901377585813e-13,-6.099583775020445e-13,{Post-Shock}
2023-07-07,6.696661659231999e-132,4.72027062375622e-38,3.00134952804188e-12,0.0,0.9999999999969986,Post-Shock,0.9999999999969986,8.076998487506126e-11,5.018521326672703e-11,{Post-Shock}
2023-07-10,4.9774753302078075e-110,1.091628304373945e-31,7.040045440116045e-10,0.0,0.9999999992959955,Post-Shock,0.9999999992959955,1.553836337322636e-08,9.654527989667071e-09,{Post-Shock}
2023-07-11,4.246726404990286e-113,1.654386838292785e-32,7.746217250782814e-10,0.0,0.9999999992253783,Post-Shock,0.9999999992253783,1.702313755543717e-08,1.0577070059006825e-08,{Post-Shock}
2023-07-12,4.867409172774071e-105,5.115691877875299e-30,3.665136303118219e-08,0.0,0.9999999633486369,Post-Shock,0.9999999633486369,6.641872277576381e-07,4.1268272769412207e-07,{Post-Shock}
2023-07-13,5.689990798573543e-116,1.0648984906968206e-34,3.892136431225757e-11,0.0,0.9999999999610787,Post-Shock,0.9999999999610787,9.698587412903221e-10,6.026071175516898e-10,{Post-Shock}
2023-07-14,2.5461382112886603e-107,6.224567455488918e-33,1.0373413654736832e-09,0.0,0.9999999989626587,Post-Shock,0.9999999989626587,2.249441267284868e-08,1.3976564426041338e-08,{Post-Shock}
2023-07-17,3.5004225107338074e-100,5.524588043343041e-30,4.381529975806897e-08,0.0,0.9999999561847003,Post-Shock,0.9999999561847003,7.861883122930719e-07,4.884862635701475e-07,{Post-Shock}
2023-07-18,3.333566106093467e-109,1.26457436220126e-33,1.1006155085624255e-10,1.5093162396956288e-27,0.9999999998899385,Post-Shock,0.9999999998899385,2.6317753620126965e-09,1.6352139723317575e-09,{Post-Shock}
2023-07-19,2.2390670945628722e-98,1.8168373932625986e-30,8.538685761835344e-10,5.995847100046771e-289,0.9999999991461315,Post-Shock,0.9999999991461315,1.8681707072988333e-08,1.1607597241657043e-08,{Post-Shock}
2023-07-20,1.8321215518553928e-68,3.1171459570012714e-20,1.2968826838040786e-05,0.0,0.999987031173162,Post-Shock,0.999987031173162,0.0001589064565389462,9.873413277472593e-05,{Post-Shock}
2023-07-21,1.2541599684203452e-66,6.791565282492359e-20,0.00028149756693592346,0.0,0.999718502433064,Post-Shock,0.999718502433064,0.002582809420685695,0.0016047897223816954,{Post-Shock}
2023-07-24,3.708080230069887e-70,1.0199577274612314e-20,0.00016369131151190274,0.0,0.999836308688488,Post-Shock,0.999836308688488,0.0015906615274834917,0.0009883335760854475,{Post-Shock}
2023-07-25,5.508160959404769e-90,6.227163164787809e-26,1.2441439798304038e-08,0.0,0.9999999875585601,Post-Shock,0.9999999875585601,2.3890142613794507e-07,1.4843780197561804e-07,{Post-Shock}
2023-07-26,1.3049769337379132e-83,2.0082071113029718e-26,4.15466265452271e-08,0.0,0.9999999584533734,Post-Shock,0.9999999584533734,7.476897661076606e-07,4.645657718953948e-07,{Post-Shock}
2023-07-27,1.1789603516041155e-88,7.242713521704695e-28,5.725314601347535e-09,0.0,0.9999999942746853,Post-Shock,0.9999999942746853,1.143804441083794e-07,7.106856575497926e-08,{Post-Shock}
2023-07-28,1.519373216730623e-80,2.299587405583524e-26,1.5136745230870971e-07,0.0,0.9999998486325476,Post-Shock,0.9999998486325476,2.5283726287190967e-06,1.5709662418074938e-06,{Post-Shock}
2023-07-31,2.367986138799905e-75,1.3052404243767804e-25,2.2674023021661508e-06,0.0,0.9999977325976979,Post-Shock,0.9999977325976979,3.1736543710047175e-05,1.9719023309230423e-05,{Post-Shock}
2023-08-01,1.3338438900786015e-75,2.340393172839858e-26,2.3324377348600995e-06,0.0,0.9999976675622652,Post-Shock,0.9999976675622652,3.2580877090823517e-05,2.0243637135121588e-05,{Post-Shock}
2023-08-02,1.0161676672339796e-74,7.003715072765099e-26,7.166223619551686e-07,0.0,0.999999283377638,Post-Shock,0.999999283377638,1.0855906976406388e-05,6.745154250770697e-06,{Post-Shock}
2023-08-03,1.0441866842061918e-58,2.77148337413792e-23,5.5819011901890086e-05,0.0,0.9999441809880981,Post-Shock,0.9999441809880981,0.0006024751416351853,0.00037433885270169077,{Post-Shock}
2023-08-04,2.936620199209657e-69,2.2034025911581125e-25,1.4766709175527708e-06,0.0,0.9999985233290825,Post-Shock,0.9999985233290825,2.1302038665351906e-05,1.3235700800122747e-05,{Post-Shock}
2023-08-07,2.2814741481384705e-64,7.304007722075388e-24,2.3878346373428956e-05,0.0,0.9999761216536266,Post-Shock,0.9999761216536266,0.0002780042803370211,0.000172733771330495,{Post-Shock}
2023-08-08,6.953058096933957e-63,1.3745762947979907e-24,2.3386059403072504e-05,1.3270446326442523e-64,0.9999766139405969,Post-Shock,0.9999766139405969,0.0002727599990817691,0.0001694753161799508,{Post-Shock}
2023-08-09,2.2731081822510134e-81,1.5812120043400095e-29,3.313302517969716e-10,0.0,0.9999999996686697,Post-Shock,0.9999999996686697,7.561577249621774e-09,4.698272105561194e-09,{Post-Shock}
2023-08-10,4.745730258089519e-80,4.372865945401804e-31,8.493152786956186e-10,0.0,0.9999999991506847,Post-Shock,0.9999999991506847,1.8586616449906003e-08,1.1548514115586952e-08,{Post-Shock}
2023-08-11,7.3601303247023825e-62,4.589425579003469e-25,1.8668759698937712e-06,0.0,0.9999981331240301,Post-Shock,0.9999981331240301,2.6493288903735362e-05,1.6461205927271302e-05,{Post-Shock}
2023-08-14,7.19493218097858e-62,4.0747936100163646e-24,1.1091225131467187e-05,0.0,0.9999889087748686,Post-Shock,0.9999889087748686,0.00013763490085191705,8.551737211394454e-05,{Post-Shock}
2023-08-15,2.291222487514516e-70,5.528106563677192e-26,8.930368594318592e-08,0.0,0.9999999106963141,Post-Shock,0.9999999106963141,1.5388097298011911e-06,9.56116242765717e-07,{Post-Shock}
2023-08-16,6.92058102570605e-68,4.966898244022325e-26,3.7180166086538404e-07,0.0,0.9999996281983391,Post-Shock,0.9999996281983391,5.876287969286442e-06,3.6511430008500257e-06,{Post-Shock}
2023-08-17,5.3867948132054084e-55,2.215637943206528e-22,2.8562037877902243e-05,6.088199853818722e-74,0.9999714379621221,Post-Shock,0.9999714379621221,0.000327418571060139,0.0002034365964232531,{Post-Shock}
2023-08-18,5.540528735672784e-65,1.7567414537797787e-24,5.612133142698228e-07,0.0,0.9999994387866857,Post-Shock,0.9999994387866857,8.638846857043955e-06,5.367617346591914e-06,{Post-Shock}
2023-08-21,2.4334275321278647e-72,3.204798375221058e-27,3.173918366010794e-08,0.0,0.9999999682608164,Post-Shock,0.9999999682608164,5.797368457957175e-07,3.6021075514427793e-07,{Post-Shock}
2023-08-22,1.2143401291081715e-85,4.638108909154202e-30,5.7978469556733315e-11,0.0,0.9999999999420215,Post-Shock,0.9999999999420215,1.4225946305595621e-09,8.839077416835807e-10,{Post-Shock}
2023-08-23,5.826931337104016e-75,3.1892523080931636e-29,7.3432067552210736e-09,0.0,0.9999999926567932,Post-Shock,0.9999999926567932,1.448757258575046e-07,9.001634964494888e-08,{Post-Shock}
2023-08-24,2.84166001431216e-65,2.4749627721256413e-25,1.5231674044950575e-06,0.0,0.9999984768325955,Post-Shock,0.9999984768325955,2.192556296655408e-05,1.3623118231006528e-05,{Post-Shock}
2023-08-25,1.4190384284437758e-72,3.6591422597994626e-27,4.3842002373583965e-08,0.0,0.9999999561579976,Post-Shock,0.9999999561579976,7.866407341467613e-07,4.88767369073003e-07,{Post-Shock}
2023-08-28,4.2636983171702467e-76,1.0833578386975107e-29,2.057954186806179e-09,0.0,0.9999999979420459,Post-Shock,0.9999999979420459,4.321823509061871e-08,2.6852999271811498e-08,{Post-Shock}
2023-08-29,1.0632656849303515e-78,3.075431814881487e-30,2.816042482877773e-09,0.0,0.9999999971839575,Post-Shock,0.9999999971839575,5.825609931406578e-08,3.619654965500331e-08,{Post-Shock}
2023-08-30,8.295735788469857e-81,1.2993812138321754e-31,6.529722304170147e-10,0.0,0.9999999993470278,Post-Shock,0.9999999993470278,1.4461000399733919e-08,8.985124737035195e-09,{Post-Shock}
2023-08-31,1.4479576438487274e-88,5.388208514302504e-33,1.9067387185579414e-11,0.0,0.9999999999809326,Post-Shock,0.9999999999809326,4.877338903333973e-10,3.030461048328063e-10,{Post-Shock}
2023-09-01,1.2852290288982334e-91,9.343149261384882e-36,2.337996169916544e-12,0.0,0.999999999997662,Post-Shock,0.999999999997662,6.312111030112645e-11,3.9219350938280444e-11,{Post-Shock}
2023-09-04,1.9505208335904866e-82,7.859797828314547e-34,7.179714715697047e-11,0.0,0.9999999999282029,Post-Shock,0.9999999999282029,1.7467826752745953e-09,1.0853370992316044e-09,{Post-Shock}
2023-09-05,6.965293759214281e-89,1.1376600247075993e-35,4.343467878812932e-12,0.0,0.9999999999956566,Post-Shock,0.9999999999956566,1.1607878070115212e-10,7.212380161070988e-11,{Post-Shock}
2023-09-06,1.2083661817739233e-95,1.3148643325022612e-37,9.87802555776777e-14,0.0,0.9999999999999012,Post-Shock,0.9999999999999012,1.81881510649914e-12,1.1300933651726767e-12,{Post-Shock}
2023-09-07,5.281126444807304e-90,3.2655344469458935e-37,1.1774395616812057e-12,0.0,0.9999999999988226,Post-Shock,0.9999999999988226,3.179504682035466e-11,1.9755373335444857e-11,{Post-Shock}
2023-09-08,8.416311961468003e-88,1.2673019170304506e-36,2.0088071914054765e-12,0.0,0.9999999999979912,Post-Shock,0.9999999999979912,5.430146464307015e-11,3.373939698049307e-11,{Post-Shock}
2023-09-11,1.0611989488341947e-77,5.125074750881265e-35,6.1989866595785375e-12,0.0,0.999999999993801,Post-Shock,0.999999999993801,1.6424696526241307e-10,1.0205237741293627e-10,{Post-Shock}
2023-09-12,1.1787616139964603e-73,3.979802771254967e-33,1.471166887478689e-10,0.0,0.9999999998528833,Post-Shock,0.9999999998528833,3.475811738306325e-09,2.1596432589620912e-09,{Post-Shock}
2023-09-13,9.03636597409118e-66,1.1383341687361898e-30,8.915911765343877e-09,0.0,0.9999999910840882,Post-Shock,0.9999999910840882,1.7417415523844932e-07,1.0822048734705758e-07,{Post-Shock}
2023-09-14,9.703616662305059e-65,1.1139110302222079e-29,2.7989761102413888e-08,0.0,0.9999999720102389,Post-Shock,0.9999999720102389,5.147696495917705e-07,3.1984436654237705e-07,{Post-Shock}
2023-09-15,5.136220855077807e-66,1.3730252377281247e-30,1.1350453750237178e-08,0.0,0.9999999886495462,Post-Shock,0.9999999886495462,2.1899374682594854e-07,1.3606846535306495e-07,{Post-Shock}
2023-09-18,5.088968911490261e-83,1.3843482715653579e-34,4.4631947368562035e-12,0.0,0.9999999999955368,Post-Shock,0.9999999999955368,1.1920720249126114e-10,7.406759935894214e-11,{Post-Shock}
2023-09-19,2.2997734353893552e-73,9.045298864091948e-33,2.58183685281621e-10,0.0,0.9999999997418163,Post-Shock,0.9999999997418163,5.95619718964771e-09,3.700793391053904e-09,{Post-Shock}
2023-09-20,6.878059439103712e-66,2.710076697126045e-30,1.1089212344941784e-08,0.0,0.9999999889107876,Post-Shock,0.9999999889107876,2.1421156479204684e-07,1.3309712859197847e-07,{Post-Shock}
2023-09-21,4.925732991771546e-65,1.0061279882720195e-28,8.255938410101689e-08,0.0,0.9999999174406159,Post-Shock,0.9999999174406159,1.4290801300583762e-06,8.879374090902628e-07,{Post-Shock}
2023-09-22,1.5125034010647075e-48,4.4182918979646474e-24,3.414100880043988e-05,0.0,0.9999658589911996,Post-Shock,0.9999658589911996,0.00038528108502593596,0.00023938859775164616,{Post-Shock}
2023-09-25,1.1810179169850237e-63,2.8547985167621126e-25,5.903418404283777e-08,0.0,0.9999999409658159,Post-Shock,0.9999999409658159,1.0416649819227423e-06,6.472228433760064e-07,{Post-Shock}
2023-09-26,8.44623782916137e-57,2.6759527078748538e-25,1.3285405868388698e-05,0.0,0.9999867145941316,Post-Shock,0.9999867145941316,0.00016246507128058377,0.00010094522443234419,{Post-Shock}
2023-09-27,8.194214866874005e-77,9.869137341687527e-29,2.1554385369585239e-10,0.0,0.9999999997844562,Post-Shock,0.9999999997844562,5.011090354209664e-09,3.1135654973051637e-09,{Post-Shock}
2023-09-28,5.112787509954111e-71,5.287203471461752e-29,3.3834136981247026e-08,0.0,0.9999999661658631,Post-Shock,0.9999999661658631,6.158400441845199e-07,3.826429335525771e-07,{Post-Shock}
2023-09-29,3.053916970828409e-79,3.8047595800053608e-31,1.098507167411979e-09,0.0,0.9999999989014928,Post-Shock,0.9999999989014928,2.375795660809833e-08,1.4761648414362874e-08,{Post-Shock}
2023-10-02,6.722253503850196e-88,1.6507696091397387e-32,1.4295278762280023e-10,0.0,0.9999999998570472,Post-Shock,0.9999999998570472,3.381482487817885e-09,2.101033200282799e-09,{Post-Shock}
2023-10-03,8.716373613537608e-81,3.738136475205415e-31,2.0679853757328198e-09,0.0,0.9999999979320147,Post-Shock,0.9999999979320147,4.341885005204277e-08,2.6977648355739593e-08,{Post-Shock}
2023-10-04,1.623698256142178e-68,2.2668399879932892e-27,1.5588697207029701e-07,0.0,0.9999998441130279,Post-Shock,0.9999998441130279,2.5992783473250787e-06,1.6150224418374439e-06,{Post-Shock}
2023-10-05,3.131270102809145e-59,1.6918048925194845e-23,1.8354435276460963e-05,0.0,0.9999816455647236,Post-Shock,0.9999816455647236,0.0002185211156641087,0.00013577480310105234,{Post-Shock}
2023-10-06,7.791830826052532e-60,2.72950209873561e-22,0.0027426805944847795,0.0,0.9972573194055152,Post-Shock,0.9972573194055152,0.01891749382227701,0.011754099786096348,{Post-Shock}
2023-10-09,2.1898968681692893e-44,1.2756055501823845e-17,0.44840639125145865,0.0,0.5515936087485414,Post-Shock,0.5515936087485414,0.6878138915429348,0.4273627992910214,"{Post-Shock, Transitional}"
2023-10-10,1.1637190215227585e-35,3.3123099221784926e-15,0.9718081941982804,0.0,0.028191805801716343,Transitional,0.9718081941982804,0.12839940057195445,0.07977903315186871,{Transitional}
2023-10-11,1.939279547882224e-37,1.0031890826550329e-15,0.9989776340646531,0.0,0.0010223659353459091,Transitional,0.9989776340646531,0.00806148261731537,0.005008880774483094,{Transitional}
2023-10-12,4.3132888821963875e-39,5.225643223601092e-15,0.9997826780348248,0.0,0.000217321965169941,Transitional,0.9997826780348248,0.0020502201822859326,0.0012738734227934255,{Transitional}
2023-10-13,4.398522587153875e-24,6.385033513057896e-13,0.9999988286912257,0.0,1.1713081358352982e-06,Transitional,0.9999988286912257,1.7168334697634807e-05,1.0667286115852435e-05,{Transitional}
2023-10-16,2.7718788302342396e-28,2.764122038540919e-13,0.9999991336792,9.409455637269003e-121,8.663205235981322e-07,Transitional,0.9999991336792,1.2959303606921368e-05,8.05206805854463e-06,{Transitional}
2023-10-17,2.5948610821538637e-32,3.524555730954619e-14,0.9999912389859328,0.0,8.761014031993942e-06,Transitional,0.9999912389859328,0.0001107847256534671,6.883442026410153e-05,{Transitional}
2023-10-18,5.937930955474628e-24,1.2802262126240195e-12,0.9999998785386227,0.0,1.2146009707660628e-07,Transitional,0.9999998785386227,2.055585412991946e-06,1.2772070280630435e-06,{Transitional}
2023-10-19,9.108290307359041e-38,5.705886675418513e-10,0.9995944757466129,0.0,0.00040552368279845317,Transitional,0.9995944757466129,0.003572728464343835,0.002219861006592339,{Transitional}
2023-10-20,4.8314091022672017e-33,3.70404615075862e-12,0.9999982916038522,0.0,1.708392443740932e-06,Transitional,0.9999982916038522,2.4395868723372687e-05,1.515800549676165e-05,{Transitional}
2023-10-23,4.123321561064034e-32,4.118186353254103e-12,0.9999998564977475,0.0,1.4349813429441623e-07,Transitional,0.9999998564977475,2.4046993457236377e-06,1.494123710610738e-06,{Transitional}
2023-10-24,6.963918243332825e-41,1.0990693132429621e-11,0.9997703738421136,0.0,0.0002296261468956545,Transitional,0.9997703738421136,0.0021536508738644418,0.0013381385247768138,{Transitional}
2023-10-25,2.4562123573662764e-37,1.4777169122695961e-13,0.9998295216453603,0.0,0.00017047835449189995,Transitional,0.9998295216453603,0.001649687837408283,0.0010250086844998633,{Transitional}
2023-10-26,6.843538434913525e-42,4.928899709663648e-14,0.9990431560602403,0.0,0.0009568439397104118,Transitional,0.9990431560602403,0.0076082409383625,0.004727265885551224,{Transitional}
2023-10-27,1.123451658923687e-40,6.805046753356387e-15,0.9982590701958429,0.0,0.0017409298041502403,Transitional,0.9982590701958429,0.012800125394604301,0.00795316507441129,{Transitional}
2023-10-30,4.429402775694941e-26,5.723516818145269e-13,0.9960292202466012,0.0,0.00397077975282642,Transitional,0.9960292202466012,0.0259165042428048,0.016102829467717024,{Transitional}
2023-10-31,4.91689645721865e-56,2.3163428541327645e-11,6.378558733528628e-08,0.0,0.9999999361912493,Post-Shock,0.9999999361912493,1.1211559419694357e-06,6.966133538346993e-07,{Post-Shock}
2023-11-01,1.2626946275970534e-55,4.926453601914788e-21,2.2953922158490835e-06,0.0,0.9999977046077841,Post-Shock,0.9999977046077841,3.210015302238533e-05,1.9944946477517316e-05,{Post-Shock}
2023-11-02,5.706720608313718e-49,7.578865933760616e-20,0.00019317112455245205,0.0,0.9998068288754476,Post-Shock,0.9998068288754476,0.0018451391922012768,0.0011464494392397554,{Post-Shock}
2023-11-03,2.747010002660327e-51,6.817129365294413e-20,0.00014926183784122213,0.0,0.9998507381621587,Post-Shock,0.9998507381621587,0.0014642189024807032,0.0009097703559537944,{Post-Shock}
2023-11-06,1.8650737469502866e-49,2.342251191366316e-20,8.84715157582311e-05,0.0,0.9999115284842418,Post-Shock,0.9999115284842418,0.0009141572088078712,0.0005679978095118361,{Post-Shock}
2023-11-07,1.9830039134652305e-73,3.589740361678268e-26,1.2133006074920992e-11,0.0,0.999999999987867,Post-Shock,0.999999999987867,3.1513627942100504e-10,1.9580517955140972e-10,{Post-Shock}
2023-11-08,6.131991322666842e-57,3.679594811731639e-23,3.3089564718876115e-07,0.0,0.9999996691043528,Post-Shock,0.9999996691043528,5.268340674948583e-06,3.273404108506919e-06,{Post-Shock}
2023-11-09,1.4005283676886967e-61,3.503694500564517e-23,5.009029188893057e-07,0.0,0.9999994990970811,Post-Shock,0.9999994990970811,7.76742607022309e-06,4.8261731690386866e-06,{Post-Shock}
2023-11-10,2.4002934971023882e-76,1.1715436037573015e-27,3.8557507418598284e-10,0.0,0.9999999996144249,Post-Shock,0.9999999996144249,8.7414117168329e-09,5.431344477036994e-09,{Post-Shock}
2023-11-13,6.804164296952234e-72,1.474258747582896e-25,5.677690023947364e-08,0.0,0.9999999432230997,Post-Shock,0.9999999432230997,1.004048439855073e-06,6.238503716720322e-07,{Post-Shock}
2023-11-14,5.61180410422805e-59,1.9016451257023212e-20,7.849955303105172e-05,0.0,0.9999215004469689,Post-Shock,0.9999215004469689,0.0008205070286479245,0.0005098096809506597,{Post-Shock}
2023-11-15,1.6294397513021753e-51,1.552472588011252e-17,0.013903540320863958,0.0,0.9860964596791361,Post-Shock,0.9860964596791361,0.07325257568407063,0.04551438431898504,{Post-Shock}
2023-11-16,5.551750106539983e-41,2.202846481621924e-14,0.8933594361552898,0.0,0.10664056384468813,Transitional,0.8933594361552898,0.33943346380714223,0.2109018690219531,"{Transitional, Post-Shock}"
2023-11-17,2.878054046928426e-35,6.054981133886381e-13,0.9998402489178698,0.0,0.0001597510815246687,Transitional,0.9998402489178698,0.0015562653079799647,0.0009669620032911255,{Transitional}
2023-11-20,2.3691180782435883e-40,2.3747822508481666e-13,0.9999941784503387,0.0,5.821549423902516e-06,Transitional,0.9999941784503387,7.599416860270109e-05,4.721783177567139e-05,{Transitional}
2023-11-21,6.415295587298186e-46,6.991941450091592e-14,0.9999983817409249,3.479471776943179e-82,1.6182590051747347e-06,Transitional,0.9999983817409249,2.3196381663078325e-05,1.441272228264855e-05,{Transitional}
2023-11-22,5.417447382225623e-47,5.85965130178018e-15,0.9999964150748529,0.0,3.5849251412231612e-06,Transitional,0.9999964150748529,4.8535479326293496e-05,3.0156788871021963e-05,{Transitional}
2023-11-23,2.0269388004781673e-41,3.850557492500512e-14,0.9999995958991935,0.0,4.0410076798842133e-07,Transitional,0.9999995958991935,6.353110285534381e-06,3.947409363512501e-06,{Transitional}
2023-11-24,5.172332040296361e-43,4.6235843530899064e-14,0.9999999772158116,0.0,2.2784142166288307e-08,Transitional,0.9999999772158116,4.237205943883309e-07,2.6327240778583344e-07,{Transitional}
2023-11-27,2.2031919695471063e-40,2.2264665365887478e-14,0.99999998102951,0.0,1.8970467696689695e-08,Transitional,0.99999998102951,3.5627127446085794e-07,2.213637890026067e-07,{Transitional}
2023-11-28,2.3668135090309536e-41,1.387198494652923e-14,0.9999999804504979,0.0,1.9549488283308372e-08,Transitional,0.9999999804504979,3.66557493943448e-07,2.2775497651168758e-07,{Transitional}
2023-11-29,2.9201277742840575e-35,7.750788022229525e-14,0.9999999992685947,0.0,7.313277078943504e-10,Transitional,0.9999999992685947,1.6115868088174576e-08,1.0013351843937286e-08,{Transitional}
2023-11-30,6.298123939157469e-31,3.3128457551852925e-13,0.9999999998703155,0.0,1.293532076885968e-10,Transitional,0.9999999998703155,3.081922487956421e-09,1.914906107372199e-09,{Transitional}
2023-12-01,3.0181240991710266e-39,6.550043484870643e-13,0.9999999974162382,0.0,2.583106736130655e-09,Transitional,0.9999999974162382,5.3678588209148755e-08,3.3352382092183796e-08,{Transitional}
2023-12-04,9.207678354230649e-37,7.325633993128487e-14,0.9999999997090714,0.0,2.9085530913808655e-10,Transitional,0.9999999997090714,6.6776069708424045e-09,4.149030490243173e-09,{Transitional}
2023-12-05,8.197737321033444e-47,5.401855077447621e-13,0.9999998841902493,0.0,1.1580921047338056e-07,Transitional,0.9999998841902493,1.965448597170057e-06,1.2212018755029383e-06,{Transitional}
2023-12-06,1.0016518802501985e-48,2.999378968180332e-15,0.9999997112206302,0.0,2.8877936674720207e-07,Transitional,0.9999997112206302,4.637102434570701e-06,2.8811937377302035e-06,{Transitional}
2023-12-07,9.526212373773181e-42,4.024196982893497e-15,0.9999999767066896,0.0,2.3293306321368162e-08,Transitional,0.9999999767066896,4.326736046102961e-07,2.6883522580620967e-07,{Transitional}
2023-12-08,1.8813172569941664e-31,1.0943727397641702e-13,0.9999999995502843,0.0,4.496062402629233e-10,Transitional,0.9999999995502843,1.0127446609270793e-08,6.292536376227231e-09,{Transitional}
2023-12-11,1.7415430861361548e-44,2.022663677377264e-13,0.9999877902769232,0.0,1.220972287453164e-05,Transitional,0.9999877902769232,0.00015034164086534779,9.341251358865554e-05,{Transitional}
2023-12-12,4.38405449342011e-42,2.76436061225467e-16,0.9995932398375259,0.0,0.0004067601624738246,Transitional,0.9995932398375259,0.003582370680825208,0.0022258520525388027,{Transitional}
2023-12-13,1.1935253778889523e-70,1.1403078397463597e-17,2.127092199835015e-06,0.0,0.9999978729078002,Post-Shock,0.9999978729078002,2.9908517331740572e-05,1.8583206659092045e-05,{Post-Shock}
2023-12-14,3.9629237016100746e-87,3.1782907433331435e-29,8.75273314842021e-11,0.0,0.9999999999124727,Post-Shock,0.9999999999124727,2.1125846079687896e-09,1.3126226191439312e-09,{Post-Shock}
2023-12-15,2.8466894280791684e-85,1.790992050313695e-29,2.304702187590982e-09,0.0,0.9999999976952978,Post-Shock,0.9999999976952978,4.8139344082990557e-08,2.991065620554758e-08,{Post-Shock}
2023-12-18,3.1613859466643335e-99,9.410146063608206e-32,3.794022465788466e-12,0.0,0.9999999999962059,Post-Shock,0.9999999999962059,1.0168017683483028e-10,6.317744601967903e-11,{Post-Shock}
2023-12-19,2.022161676014355e-121,8.024647665323196e-36,3.113009585452374e-17,0.0,1.0,Post-Shock,1.0,-9.992287452150116e-13,-6.208557270182523e-13,{Post-Shock}
2023-12-20,4.717620427669425e-106,2.957636400071505e-35,2.5323701181464343e-12,0.0,0.9999999999974676,Post-Shock,0.9999999999974676,6.830864029290061e-11,4.244254454624546e-11,{Post-Shock}
2023-12-21,3.105748425932192e-106,1.928555669489451e-34,3.8397930260941806e-11,0.0,0.999999999961602,Post-Shock,0.999999999961602,9.573090089964965e-10,5.94809530458165e-10,{Post-Shock}
2023-12-22,7.461763848192004e-120,1.9984262370928313e-38,1.103695964797132e-13,0.0,0.9999999999998896,Post-Shock,0.9999999999998896,2.148337002547692e-12,1.334836830889963e-12,{Post-Shock}
2023-12-25,1.9104560598814127e-119,2.3204132158090012e-37,6.425536635128669e-12,0.0,0.9999999999935745,Post-Shock,0.9999999999935745,1.700869685888887e-10,1.0568097549761992e-10,{Post-Shock}
2023-12-26,4.5418580025173025e-109,5.611180138254105e-34,2.674851819400319e-10,0.0,0.9999999997325149,Post-Shock,0.9999999997325149,6.161383895793617e-09,3.8282830596895735e-09,{Post-Shock}
2023-12-27,1.6110317421519432e-123,2.452809977890017e-37,1.9732895118158825e-12,0.0,0.9999999999980267,Post-Shock,0.9999999999980267,5.33471044440416e-11,3.3146419648683364e-11,{Post-Shock}
2023-12-28,1.0729216008060402e-109,1.1908054492576506e-33,6.530907893905908e-10,0.0,0.9999999993469092,Post-Shock,0.9999999993469092,1.4463507863090682e-08,8.98668271161588e-09,{Post-Shock}
2023-12-29,2.4912429064254242e-82,1.0144632719819449e-23,1.0496467021540199e-05,0.0,0.9999895035329784,Post-Shock,0.9999895035329784,0.00013083286043282405,8.129102677527556e-05,{Post-Shock}
2024-01-01,2.0581146547050688e-85,2.7365345710686096e-25,6.470089201182164e-06,0.0,0.9999935299107988,Post-Shock,0.9999935299107988,8.377676676184425e-05,5.205343189358636e-05,{Post-Shock}
2024-01-02,1.5260555263655335e-91,4.464030595690833e-28,1.3829270623750483e-07,0.0,0.9999998617072937,Post-Shock,0.9999998617072937,2.322470948539293e-06,1.4430323348272613e-06,{Post-Shock}
2024-01-03,2.183237241769866e-90,6.031315391014864e-28,8.168327680271815e-07,0.0,0.999999183167232,Post-Shock,0.999999183167232,1.226705450216159e-05,7.621949506339763e-06,{Post-Shock}
2024-01-04,2.7279542169888548e-83,1.6545140844570533e-26,2.6852924507324055e-06,0.0,0.9999973147075493,Post-Shock,0.9999973147075493,3.713146898048336e-05,2.3071078849090888e-05,{Post-Shock}
2024-01-05,1.0594488004121134e-84,1.1259458309433229e-26,1.751637898533034e-06,0.0,0.9999982483621015,Post-Shock,0.9999982483621015,2.496952335777525e-05,1.5514437161487983e-05,{Post-Shock}
2024-01-08,9.563207279564963e-84,2.121301390624718e-27,8.519396702858233e-07,0.0,0.9999991480603297,Post-Shock,0.9999991480603297,1.2758433258436164e-05,7.92726029371361e-06,{Post-Shock}
2024-01-09,3.4770252995922423e-85,1.6685621301883233e-27,1.0411484179530038e-06,0.0,0.9999989588515821,Post-Shock,0.9999989588515821,1.5383159201349543e-05,9.558094215690609e-06,{Post-Shock}
2024-01-10,9.729856707639212e-84,2.0711650514341737e-27,3.6434796466048357e-06,0.0,0.9999963565203533,Post-Shock,0.9999963565203533,4.9269204977506437e-05,3.061267825050306e-05,{Post-Shock}
2024-01-11,1.7946664140038023e-82,5.921391910308342e-28,5.1373845035587185e-06,0.0,0.9999948626154964,Post-Shock,0.9999948626154964,6.770540286538298e-05,4.2067732058694895e-05,{Post-Shock}
2024-01-12,1.6493946693905814e-90,1.9847470515369877e-31,1.8503298375222142e-08,0.0,0.9999999814967017,Post-Shock,0.9999999814967017,3.4795838819050743e-07,2.1619870235581694e-07,{Post-Shock}
2024-01-15,6.25413592459896e-99,2.825289304657721e-34,3.6195448845706845e-10,0.0,0.9999999996380455,Post-Shock,0.9999999996380455,8.228666422687215e-09,5.1127579132532364e-09,{Post-Shock}
2024-01-16,2.2153240205018417e-103,2.15288731261089e-35,4.139220381623442e-10,0.0,0.999999999586078,Post-Shock,0.999999999586078,9.354851041560893e-09,5.812495759723154e-09,{Post-Shock}
2024-01-17,1.51724255910032e-96,9.130507592217596e-33,2.3898954347189315e-08,0.0,0.9999999761010456,Post-Shock,0.9999999761010456,4.4331000752662367e-07,2.7544399451617576e-07,{Post-Shock}
2024-01-18,1.577719113659783e-85,2.8885562213186604e-30,3.1890695592684813e-07,0.0,0.999999681093044,Post-Shock,0.999999681093044,5.089232015627114e-06,3.162117641388354e-06,{Post-Shock}
2024-01-19,3.5842535408901097e-92,6.42975361658876e-31,1.2160348418142468e-07,0.0,0.9999998783965158,Post-Shock,0.9999998783965158,2.0578329798292053e-06,1.2786035198567904e-06,{Post-Shock}
2024-01-22,6.318758554165535e-89,6.47841625018771e-31,2.123625593524281e-07,0.0,0.9999997876374407,Post-Shock,0.9999997876374407,3.4753050681863813e-06,2.1593284471162724e-06,{Post-Shock}
2024-01-23,1.533798114965328e-96,2.2420963243886612e-32,9.434551447067377e-09,0.0,0.9999999905654485,Post-Shock,0.9999999905654485,1.837725634829744e-07,1.14184313705546e-07,{Post-Shock}
2024-01-24,5.54425850786907e-125,1.2812827948532835e-38,1.1951552575494322e-14,0.0,0.999999999999988,Post-Shock,0.999999999999988,-6.580068831063581e-13,-4.088426636546632e-13,{Post-Shock}
2024-01-25,8.096700331155387e-125,1.054201522669911e-41,4.861837238445465e-14,0.0,0.9999999999999514,Post-Shock,0.9999999999999514,3.8960605942596414e-13,2.420758554374597e-13,{Post-Shock}
2024-01-26,4.7237115250652787e-123,2.0654154792918206e-41,3.093437503471262e-14,0.0,0.999999999999969,Post-Shock,0.999999999999969,-1.151967188880925e-13,-7.157574579181495e-14,{Post-Shock}
2024-01-29,1.0635757413400767e-120,2.184179697765591e-40,6.156054832090614e-13,0.0,0.9999999999993844,Post-Shock,0.9999999999993844,1.6330136912128712e-11,1.0146484549646994e-11,{Post-Shock}
2024-01-30,5.013794064662267e-108,5.572348723115759e-37,3.1623511138341195e-11,0.0,0.9999999999683765,Post-Shock,0.9999999999683765,7.942044206210318e-10,4.934669517135233e-10,{Post-Shock}
2024-01-31,9.242847404927672e-114,9.971323369139982e-39,3.8411592971535465e-12,1.3529699713010992e-188,0.9999999999961589,Post-Shock,0.9999999999961589,1.0291822481080316e-10,6.39466884778118e-11,{Post-Shock}
2024-02-01,2.7824513157269466e-94,5.195763027580871e-33,1.495525436431959e-08,0.0,0.9999999850447456,Post-Shock,0.9999999850447456,2.844200654042285e-07,1.7672012272537684e-07,{Post-Shock}
2024-02-02,4.345920710436298e-95,1.5741455565611975e-32,7.57416073587941e-08,0.0,0.9999999242583927,Post-Shock,0.9999999242583927,1.3175943173455769e-06,8.186673789440304e-07,{Post-Shock}
2024-02-05,8.121077180753533e-116,1.0530661741012138e-36,3.7919931283049975e-13,0.0,0.9999999999996207,Post-Shock,0.9999999999996207,9.734913741398486e-12,6.0486419924552944e-12,{Post-Shock}
2024-02-06,1.1336229368364129e-104,1.2474048796758041e-35,8.172375158891201e-10,0.0,0.9999999991827625,Post-Shock,0.9999999991827625,1.7916007804519482e-08,1.1131841536790607e-08,{Post-Shock}
2024-02-07,2.3014881548657881e-119,1.7655904484036515e-38,2.459084059644689e-12,0.0,0.999999999997541,Post-Shock,0.999999999997541,6.635432593714503e-11,4.1228260763903157e-11,{Post-Shock}
2024-02-08,5.624812427850713e-130,8.081077305863334e-42,3.4436519653315913e-14,0.0,0.9999999999999656,Post-Shock,0.9999999999999656,-1.5321697302619105e-14,-9.519905790865024e-15,{Post-Shock}
2024-02-09,1.2301841079883145e-105,1.6758117474806182e-36,2.5427935998168358e-11,0.0,0.9999999999745721,Post-Shock,0.9999999999745721,6.437659569432369e-10,3.99994278729032e-10,{Post-Shock}
2024-02-12,3.390151042625423e-118,1.619495202974544e-39,4.711678030441998e-13,0.0,0.9999999999995288,Post-Shock,0.9999999999995288,1.2308039868818144e-11,7.647415146449216e-12,{Post-Shock}
2024-02-13,5.826355316914341e-118,1.0063862720315869e-39,9.609519636163562e-13,0.0,0.9999999999990391,Post-Shock,0.9999999999990391,2.5865870217692063e-11,1.6071368779037112e-11,{Post-Shock}
2024-02-14,3.50206359710031e-123,1.9700703733124636e-39,1.4355312981087637e-13,0.0,0.9999999999998564,Post-Shock,0.9999999999998564,3.090837274918783e-12,1.9204451759460713e-12,{Post-Shock}
2024-02-15,6.220605180875843e-119,2.9255387135256307e-40,1.3037757816469523e-12,0.0,0.9999999999986963,Post-Shock,0.9999999999986963,3.524034784883672e-11,2.189605922451492e-11,{Post-Shock}
2024-02-16,4.5851674330699656e-116,3.9626127272774176e-39,6.408492905008446e-12,0.0,0.9999999999935915,Post-Shock,0.9999999999935915,1.6964794414046556e-10,1.0540819427068885e-10,{Post-Shock}
2024-02-19,3.559016906512696e-109,1.8675331329754588e-37,5.104069230184104e-11,0.0,0.9999999999489593,Post-Shock,0.9999999999489593,1.2586330552535897e-09,7.820326870205535e-10,{Post-Shock}
2024-02-20,8.951356055660787e-96,9.294539513658878e-34,2.968764790503836e-09,0.0,0.9999999970312352,Post-Shock,0.9999999970312352,6.125881749143539e-08,3.806224335724022e-08,{Post-Shock}
2024-02-21,7.931650579874442e-96,7.419454449678604e-34,8.565686851558915e-09,0.0,0.9999999914343131,Post-Shock,0.9999999914343131,1.6767561607426426e-07,1.0418271794074558e-07,{Post-Shock}
2024-02-22,4.900911447993737e-89,2.879063456913747e-31,3.638539622631661e-07,0.0,0.9999996361460377,Post-Shock,0.9999996361460377,5.758537489549861e-06,3.5779805142285343e-06,{Post-Shock}
2024-02-23,3.7146662826940694e-78,5.0993030697674134e-27,0.0002675529774148606,0.0,0.9997324470225851,Post-Shock,0.9997324470225851,0.002468459600452905,0.0015337401843104512,{Post-Shock}
2024-02-26,7.148692725784651e-72,8.941201520832071e-25,0.0030306166798004185,0.0,0.9969693833201996,Post-Shock,0.9969693833201996,0.02060053297342927,0.0127998308069388,{Post-Shock}
2024-02-27,6.2747108433342e-73,9.189167686077718e-24,0.017442551541128684,0.0,0.9825574484588713,Post-Shock,0.9825574484588713,0.08791168314145065,0.05462259989171857,{Post-Shock}
2024-02-28,2.3926099095937328e-71,1.7875099568576818e-22,0.2570763484144045,0.0,0.7429236515855955,Post-Shock,0.7429236515855955,0.5699766016751032,0.35414637450231023,"{Post-Shock, Transitional}"
2024-02-29,7.402626716694182e-65,9.260151429616807e-21,0.8680905653570264,0.0,0.13190943464297356,Transitional,0.8680905653570264,0.39000041120446716,0.2423208799739493,"{Transitional, Post-Shock}"
2024-03-01,4.0659595586382643e-51,1.3631410341844217e-17,0.9998514405760331,0.0,0.00014855942396688914,Transitional,0.9998514405760331,0.0014580292200202607,0.0009059244900072906,{Transitional}
2024-03-04,2.502079468370423e-44,4.632888076294538e-17,0.999999981723768,0.0,1.827623188331699e-08,Transitional,0.999999981723768,3.4391399979379366e-07,2.1368578255601114e-07,{Transitional}
2024-03-05,3.703539743442074e-58,3.4095752875033555e-17,0.9998440185591768,0.0,0.00015598144082312057,Transitional,0.9998440185591768,0.0015232672577377268,0.0009464591619032698,{Transitional}
2024-03-06,3.625528812187725e-55,5.713452530067435e-19,0.9999463257037273,0.0,5.367429627270896e-05,Transitional,0.9999463257037273,0.000581429468583659,0.0003612624408134577,{Transitional}
2024-03-07,2.1051414411132985e-58,1.831953545179352e-19,0.9999260138829377,0.0,7.39861170622827e-05,Transitional,0.9999260138829377,0.0007777121772447214,0.0004832197447545622,{Transitional}
2024-03-08,1.0537752100864163e-56,5.903014907881543e-19,0.9999529588052907,0.0,4.704119470928057e-05,Transitional,0.9999529588052907,0.0005157814526715817,0.00032047303514275876,{Transitional}
2024-03-11,2.4409461410950613e-62,4.674479028613715e-19,0.9998840108523223,0.0,0.00011598914767772758,Transitional,0.9998840108523223,0.0011670776901664,0.0007251461402455231,{Transitional}
2024-03-12,5.388089675688312e-62,3.1487482815559416e-19,0.9999583295307386,0.0,4.16704692614128e-05,Transitional,0.9999583295307386,0.00046194619473392676,0.0002870233086750661,{Transitional}
2024-03-13,4.49089601938968e-71,3.867418935884178e-20,0.9990065111216305,0.0,0.0009934888783694267,Transitional,0.9990065111216305,0.007862263125068322,0.004885098744304775,{Transitional}
2024-03-14,3.002699009542013e-70,1.7805708140435174e-20,0.9990862469826828,0.0,0.0009137530173171769,Transitional,0.9990862469826828,0.007307733567018685,0.004540550157642633,{Transitional}
2024-03-15,2.8415910917895476e-65,4.5491211851255373e-20,0.999929325117117,0.0,7.067488288300583e-05,Transitional,0.999929325117117,0.0007461419445340726,0.0004636040562792595,{Transitional}
2024-03-18,5.3788513010062415e-67,2.287112487119402e-20,0.9998767416160875,0.0,0.0001232583839124209,Transitional,0.9998767416160875,0.0012327275677397667,0.0007659367026314174,{Transitional}
2024-03-19,1.1712676014081353e-50,1.962863131229013e-17,0.9999999165668053,0.0,8.343319469691717e-08,Transitional,0.9999999165668053,1.4433271531382488e-06,8.967895822432647e-07,{Transitional}
2024-03-20,4.86267174952239e-53,1.3747147429716517e-17,0.9999999462230628,0.0,5.377693727031975e-08,Transitional,0.9999999462230628,9.539159596883554e-07,5.927013103883336e-07,{Transitional}
2024-03-21,1.6964564006076693e-48,1.040983639560783e-16,0.9999999991081978,1.6516495160111724e-205,8.918021379575804e-10,Transitional,0.9999999991081978,1.9472979570008468e-08,1.209924248681187e-08,{Transitional}
2024-03-22,1.3029012989697033e-50,1.5874932110419663e-16,0.9999999986640011,0.0,1.3359987267109825e-09,Transitional,0.9999999986640011,2.8633249482002043e-08,1.7790838193128778e-08,{Transitional}
2024-03-25,1.1071292409069736e-43,1.612697447711427e-15,0.9999999999749578,0.0,2.5040558132822133e-11,Transitional,0.9999999999749578,6.343593742658444e-10,3.9414964029674477e-10,{Transitional}
2024-03-26,3.5648409626419537e-50,1.6926212649550859e-15,0.999999999957125,0.0,4.287334650209445e-11,Transitional,0.999999999957125,1.0644388824696584e-09,6.613730633819916e-10,{Transitional}
2024-03-27,5.607879550262717e-48,2.305084469879497e-16,0.9999999999559486,0.0,4.405122113321031e-11,Transitional,0.9999999999559486,1.092499797947043e-09,6.788082904638152e-10,{Transitional}
2024-03-28,9.407882306858418e-30,7.221439590050087e-13,0.999999999998814,0.0,4.638898553986441e-13,Transitional,0.999999999998814,3.2388075840909224e-11,2.012384298312308e-11,{Transitional}
2024-03-29,4.7738568623914406e-26,1.3624716264286616e-12,0.9999999999985804,0.0,5.712580759161628e-14,Transitional,0.9999999999985804,3.847008916595975e-11,2.3902810334434036e-11,{Transitional}
2024-04-01,1.6675064840991773e-27,9.906638760878243e-13,0.999999999999004,0.0,5.305461469494232e-15,Transitional,0.999999999999004,2.683358435560662e-11,1.6672643379590662e-11,{Transitional}
2024-04-02,7.783842575133159e-31,1.4697674450284617e-13,0.9999999999997012,0.0,1.5173095050335432e-13,Transitional,0.9999999999997012,7.510792486935904e-12,4.6667177583611445e-12,{Transitional}
2024-04-03,2.8919543540242275e-24,1.7551746399431161e-13,0.9999999999998068,0.0,1.7663422100700104e-14,Transitional,0.9999999999998068,4.50218311935937e-12,2.797363653842543e-12,{Transitional}
2024-04-04,1.5361415560601943e-29,1.0473257910558807e-13,0.9999999999997206,0.0,1.7474329312733874e-13,Transitional,0.9999999999997206,6.963094927858651e-12,4.3264141313334205e-12,{Transitional}
2024-04-05,9.155015728511248e-46,1.0092381784945241e-11,0.9999998684662137,0.0,1.3152369392665146e-07,Transitional,0.9999998684662137,2.2156581288367156e-06,1.3766657984872327e-06,{Transitional}
2024-04-08,1.342750935273413e-44,1.166739016439415e-15,0.9999999502618153,0.0,4.973818352769885e-08,Transitional,0.9999999502618153,8.861580267908841e-07,5.506009395855887e-07,{Transitional}
2024-04-09,7.356485339390941e-54,2.7996655457325706e-15,0.9999920446085246,0.0,7.955391472554359e-06,Transitional,0.9999920446085246,0.00010136486520756473,6.29815318903861e-05,{Transitional}
2024-04-10,8.898497537222743e-44,5.02711623187817e-15,0.9999999670147037,0.0,3.298529122196736e-08,Transitional,0.9999999670147037,6.012277786712548e-07,3.735638225161249e-07,{Transitional}
2024-04-11,6.271523039840082e-39,4.921568891832686e-15,0.9999999990500477,0.0,9.499473693567607e-10,Transitional,0.9999999990500477,2.06828792760137e-08,1.2850995441466325e-08,{Transitional}
2024-04-12,2.174665235328519e-38,5.77748509595213e-15,0.9999999999618447,0.0,3.8149489089464244e-11,Transitional,0.9999999999618447,9.51515267429756e-10,5.91209676420939e-10,{Transitional}
2024-04-15,3.4613100684348475e-50,1.537858827109785e-11,0.9999985246042057,0.0,1.4753804157518515e-06,Transitional,0.9999985246042057,2.1285109493356134e-05,1.3225182114148607e-05,{Transitional}
2024-04-16,1.1182210124892023e-39,1.2957835446360627e-14,0.9999999995919372,0.0,4.0804986389919747e-10,Transitional,0.9999999995919372,9.22830970897341e-09,5.733871209120825e-09,{Transitional}
2024-04-17,1.3373994030167946e-36,3.4987647763605194e-14,0.9999999999774425,0.0,2.2522556559672095e-11,Transitional,0.9999999999774425,5.737189821147792e-10,3.564716462078935e-10,{Transitional}
2024-04-18,6.983045801361874e-37,1.9112529567961653e-14,0.9999999999770044,0.0,2.2976495938284773e-11,Transitional,0.9999999999770044,5.843893806566937e-10,3.631015375876589e-10,{Transitional}
2024-04-19,6.217546779299393e-37,1.3102982721750673e-14,0.9999999999907057,0.0,9.28121100600044e-12,Transitional,0.9999999999907057,2.4347740712033646e-10,1.5128101881985823e-10,{Transitional}
2024-04-22,6.783483670514593e-34,4.196159906197669e-14,0.999999999997832,0.0,2.1261053008624463e-12,Transitional,0.999999999997832,5.86489339694361e-11,3.644063154989057e-11,{Transitional}
2024-04-23,1.1805126378054305e-40,1.4083786054374363e-14,0.9999999992808131,0.0,7.191728301924989e-10,Transitional,0.9999999992808131,1.5858264237954915e-08,9.85329357251875e-09,{Transitional}
2024-04-24,2.9887938743571747e-41,7.0742323216305835e-15,0.9999999999520847,0.0,4.7908222302648197e-11,Transitional,0.9999999999520847,1.1845035058682166e-09,7.359734083042592e-10,{Transitional}
2024-04-25,5.906301384030546e-40,3.517654599891592e-14,0.9999999999903487,0.0,9.616104359210252e-12,Transitional,0.9999999999903487,2.526080153496043e-10,1.569541846864798e-10,{Transitional}
2024-04-26,4.135042184993141e-59,2.1202549848008787e-13,0.9999876155747298,0.0,1.2384425058147981e-05,Transitional,0.9999876155747298,0.00015231684941790211,9.463977966539846e-05,{Transitional}
2024-04-29,2.5422718611556043e-45,1.1809168530946634e-14,0.9999999993485778,0.0,6.514104140449038e-10,Transitional,0.9999999993485778,1.4428304912709357e-08,8.964809888744395e-09,{Transitional}
2024-04-30,2.374138421301099e-41,7.853213318989358e-14,0.9999999996752662,0.0,3.246552973186345e-10,Transitional,0.9999999996752662,7.418051751560018e-09,4.609094699615357e-09,{Transitional}
2024-05-01,1.7577981338776026e-35,2.2773903474960884e-12,0.9999999999941048,0.0,3.6177551128126986e-12,Transitional,0.9999999999941048,1.5954587863086898e-10,9.913142805836675e-11,{Transitional}
2024-05-02,1.610379697910645e-30,3.444454093529211e-11,0.9999999999646112,0.0,9.442592253908303e-13,Transitional,0.9999999999646112,8.886926267580466e-10,5.521757750903204e-10,{Transitional}
2024-05-03,3.277056212235067e-36,4.671535135920459e-12,0.9999999999878643,0.0,7.464201581380694e-12,Transitional,0.9999999999878643,3.2240891212481713e-10,2.003239203165089e-10,{Transitional}
2024-05-06,7.811702605290037e-31,2.4905142300742296e-11,0.9999999999750735,0.0,2.1405538974580294e-14,Transitional,0.9999999999750735,6.316197152668378e-10,3.9244739445188133e-10,{Transitional}
2024-05-07,2.6062689950523832e-24,2.3135391820045076e-10,0.999999999768645,0.0,1.115057375438815e-15,Transitional,0.999999999768645,5.36245418029474e-09,3.3318801171923492e-09,{Transitional}
2024-05-08,2.908301902546212e-26,4.6345969936904906e-11,0.9999999999536475,0.0,6.510072267766428e-15,Transitional,0.9999999999536475,1.1473400801214682e-09,7.128824735998923e-10,{Transitional}
2024-05-09,7.903890975075029e-30,1.4443820575481256e-11,0.9999999999854572,0.0,9.903150666717438e-14,Transitional,0.9999999999854572,3.758315799043948e-10,2.3351729010533267e-10,{Transitional}
2024-05-10,3.6251011509100607e-22,4.9684321026002846e-11,0.9999999999503085,0.0,7.180629909400067e-15,Transitional,0.9999999999503085,1.2266767794336494e-09,7.62177136475202e-10,{Transitional}
2024-05-13,3.960965541825382e-18,1.9825946132214832e-10,0.9999999998017384,0.0,2.1125143409061686e-15,Transitional,0.9999999998017384,4.625725398996773e-09,2.874124788076394e-09,{Transitional}
2024-05-14,9.216005967732317e-17,3.9944621698267313e-10,0.9999999996005535,0.0,1.472845030604711e-16,Transitional,0.9999999996005535,9.041846771747056e-09,5.618015272221494e-09,{Transitional}
2024-05-15,2.9980499051556027e-17,1.630350167973342e-09,0.9999999983696498,0.0,3.73190094995832e-17,Transitional,0.9999999983696498,3.461762559849861e-08,2.1509140135852275e-08,{Transitional}
2024-05-16,7.371647551887926e-13,2.359733455936394e-08,0.9999999764019283,0.0,3.2245905674771656e-18,Transitional,0.9999999764019283,4.380355392040558e-07,2.721667830861363e-07,{Transitional}
2024-05-17,2.271546406518187e-17,1.3363503920725755e-08,0.9999999866364958,0.0,2.024635584563589e-16,Transitional,0.9999999866364958,2.556517045287747e-07,1.5884533510343944e-07,{Transitional}
2024-05-20,1.275348122774491e-21,4.657958353728338e-09,0.9999999953420403,0.0,1.315620943607467e-15,Transitional,0.9999999953420403,9.401747671101548e-08,5.8416342739698634e-08,{Transitional}
2024-05-21,4.29795557124035e-18,2.6814316402857514e-09,0.9999999973185683,0.0,1.3143043744585847e-16,Transitional,0.9999999973185683,5.560262403683471e-08,3.4547852767269395e-08,{Transitional}
2024-05-22,8.431219827992269e-20,2.226141199845599e-09,0.999999997773858,0.0,8.139289835019329e-16,Transitional,0.999999997773858,4.6575567346819504e-08,2.893902708951289e-08,{Transitional}
2024-05-23,3.2206282965587373e-28,9.236839108099755e-10,0.9999999990756823,0.0,6.337858758734737e-13,Transitional,0.9999999990756823,2.0154593528569795e-08,1.252275305114949e-08,{Transitional}
2024-05-24,4.830548900250572e-34,3.158670704526002e-11,0.9999999999082461,0.0,6.016719235708127e-11,Transitional,0.9999999999082461,2.2684583999422816e-09,1.4094724514793394e-09,{Transitional}
2024-05-27,6.529733258076287e-39,2.4494394791988805e-12,0.9999999998765913,0.0,1.2095925323668206e-10,Transitional,0.9999999998765913,2.9482336271859958e-09,1.8318405478140577e-09,{Transitional}
2024-05-28,3.6958234172690955e-42,1.9129114956114672e-11,0.9999999976403662,0.0,2.340504663875073e-09,Transitional,0.9999999976403662,4.934137563960546e-08,3.065752040411548e-08,{Transitional}
2024-05-29,8.777803095836844e-36,8.180078602354149e-12,0.9999999999843892,0.0,7.430818070067262e-12,Transitional,0.9999999999843892,4.119786417803314e-10,2.5597672243054e-10,{Transitional}
2024-05-30,5.83232160234949e-35,1.227592999476322e-11,0.9999999999853938,0.0,2.330273942621607e-12,Transitional,0.9999999999853938,3.826421366249822e-10,2.3774892691963334e-10,{Transitional}
2024-05-31,9.709384603602087e-27,1.1598727787045125e-10,0.9999999998839643,0.0,4.847459299392011e-14,Transitional,0.9999999998839643,2.7688808118531105e-09,1.7204023780361173e-09,{Transitional}
2024-06-03,6.667486067933864e-27,6.514044694525754e-11,0.9999999999346084,0.0,2.510962836116273e-13,Transitional,0.9999999999346084,1.5981160112877528e-09,9.929653072921437e-10,{Transitional}
2024-06-04,1.0548632702399543e-23,6.608610630923684e-10,0.9999999993391291,0.0,9.814784212708625e-15,Transitional,0.9999999993391291,1.4628078633169187e-08,9.088936280273034e-09,{Transitional}
2024-06-05,3.013591809805754e-24,1.3493911056371773e-09,0.9999999986506022,0.0,6.751799440820161e-15,Transitional,0.9999999986506022,2.8907025610297267e-08,1.7960944865887077e-08,{Transitional}
2024-06-06,2.4074936042849167e-19,1.3843013481747462e-08,0.9999999861569864,0.0,4.640164666795878e-17,Transitional,0.9999999861569864,2.643370600887564e-07,1.6424184993192765e-07,{Transitional}
2024-06-07,5.080135119269877e-15,8.105652147527321e-07,0.9999991894347802,0.0,2.9868777306348636e-19,Transitional,0.9999991894347802,1.2179173040126696e-05,7.5673456838773095e-06,{Transitional}
2024-06-10,1.721135774869523e-11,2.799871573994537e-05,0.9999720012670487,0.0,5.99569466930787e-20,Transitional,0.9999720012670487,0.0003215191548799272,0.00019977108305698128,{Transitional}
2024-06-11,1.8197144067627335e-15,0.0007557269361490938,0.9992442730638491,0.0,5.082896940091841e-19,Transitional,0.9992442730638491,0.006187478378583924,0.003844496473446456,{Transitional}
2024-06-12,5.64247419190867e-09,0.004262054630040033,0.9957379397274858,0.0,4.276734437352571e-22,Transitional,0.9957379397274858,0.027515382836531037,0.01709626859411868,{Transitional}
2024-06-13,2.9772299465605436e-12,0.007098366207949331,0.9929016337890735,0.0,6.902404272021118e-21,Transitional,0.9929016337890735,0.042195052732220795,0.02621726032811378,{Transitional}
2024-06-14,2.3029220931083063e-17,0.012139327273443766,0.9878606727265562,0.0,1.0620017907103824e-18,Transitional,0.9878606727265562,0.06561561965919695,0.04076927674703552,{Transitional}
2024-06-17,4.466921886268011e-12,0.15196544957331623,0.8480345504222169,6.348774770209107e-282,5.137188063549399e-21,Transitional,0.8480345504222169,0.42610326396120723,0.2647528436289737,"{Transitional, Late-Cycle}"
2024-06-18,1.2393766915869376e-07,0.8072622187347174,0.1927376573276135,1.3339943371209664e-129,3.0152099406563865e-23,Late-Cycle,0.8072622187347174,0.49017040344178187,0.30455999554555807,"{Late-Cycle, Transitional}"
2024-06-19,3.479175177850571e-07,0.9505100512204214,0.04948960086206078,0.0,1.2620249808480086e-23,Late-Cycle,0.9505100512204214,0.19701515740355705,0.12241239993259075,{Late-Cycle}
2024-06-20,7.094540015485113e-14,0.9603851193583488,0.03961488064158025,0.0,1.8964170671601295e-22,Late-Cycle,0.9603851193583488,0.1667182805036782,0.10358789190664391,{Late-Cycle}
2024-06-21,2.506642678247753e-07,0.7906696696567863,0.2093300796789459,0.0,9.019751607656674e-24,Late-Cycle,0.7906696696567863,0.5130717241691913,0.31878938616105174,"{Late-Cycle, Transitional}"
2024-06-24,1.199358620300052e-10,0.18425410557467758,0.8157458943053866,0.0,5.445542988178625e-21,Transitional,0.8157458943053866,0.47778325862954946,0.2968634297342692,"{Transitional, Late-Cycle}"
2024-06-25,4.044538227269876e-14,0.012313103608177372,0.9876868963917822,0.0,1.7682604338948628e-19,Transitional,0.9876868963917822,0.06637882441233417,0.041243482522381615,{Transitional}
2024-06-26,5.434741529787081e-20,8.486032247541886e-05,0.9999151396775245,0.0,3.0293359267286188e-18,Transitional,0.9999151396775245,0.0008803801452744254,0.0005470109399516666,{Transitional}
2024-06-27,1.7114085171993428e-18,1.9629108835605584e-06,0.9999980370891164,0.0,9.627660976691283e-19,Transitional,0.9999980370891164,2.7757679918779717e-05,1.7246816235861646e-05,{Transitional}
2024-06-28,8.129293048808597e-20,6.063244940004825e-07,0.9999993936755059,0.0,2.6347316022157308e-18,Transitional,0.9999993936755059,9.286373136425663e-06,5.769948045017177e-06,{Transitional}
2024-07-01,3.248011830573241e-16,7.196876431689074e-07,0.9999992803123565,0.0,3.896657020611357e-19,Transitional,0.9999992803123565,1.0899270232946473e-05,6.772097356935323e-06,{Transitional}
2024-07-02,1.3613609946259422e-17,2.868053754671312e-07,0.9999997131946246,0.0,6.104911828123184e-19,Transitional,0.9999997131946246,4.607372010694497e-06,2.8627211867566525e-06,{Transitional}
2024-07-03,3.0581737557960825e-17,3.304975091389581e-07,0.9999996695024909,0.0,1.6461097675383854e-19,Transitional,0.9999996695024909,5.262399634192844e-06,3.269712732337736e-06,{Transitional}
2024-07-04,4.067257994328349e-18,2.6909592124300705e-07,0.9999997309040788,0.0,3.4122471896155395e-19,Transitional,0.9999997309040788,4.34003024558323e-06,2.6966124086261922e-06,{Transitional}
2024-07-05,9.430194830764596e-31,2.410531049816444e-07,0.9999997589468917,0.0,3.3217861558930456e-15,Transitional,0.9999997589468917,3.9142783045082935e-06,2.432077854179769e-06,{Transitional}
2024-07-08,4.056513040408195e-33,9.710960361534315e-10,0.9999999990288985,0.0,5.479064176686707e-15,Transitional,0.9999999990288985,2.1122016901820356e-08,1.3123846989459566e-08,{Transitional}
2024-07-09,2.016290667314561e-31,1.407156581634909e-09,0.999999998592842,0.0,1.326821414634518e-15,Transitional,0.999999998592842,3.0085430932601254e-08,1.869312925970552e-08,{Transitional}
2024-07-10,1.290829556559376e-34,1.924517925730125e-09,0.9999999980754741,0.0,7.939018975126222e-15,Transitional,0.9999999980754741,4.054510728424118e-08,2.519209158116644e-08,{Transitional}
2024-07-11,3.1229456142069695e-42,7.950787660768123e-11,0.99999999991969,0.0,8.021542352222321e-13,Transitional,0.99999999991969,1.948976916148896e-09,1.2109674446535684e-09,{Transitional}
2024-07-12,1.8073460705538373e-40,1.378981049413666e-11,0.9999999999848823,0.0,1.3279175326955553e-12,Transitional,0.9999999999848823,3.9356501251371205e-10,2.445356912951601e-10,{Transitional}
2024-07-15,7.41427941061913e-46,7.810275254246907e-12,0.9999999999738006,0.0,1.838906516332199e-11,Transitional,0.9999999999738006,6.776011708858385e-10,4.210172791698688e-10,{Transitional}
2024-07-16,2.1481127952294063e-45,1.4036277613976008e-12,0.9999999999826504,0.0,1.5945951700649262e-11,Transitional,0.9999999999826504,4.493777272896877e-10,2.792140807780852e-10,{Transitional}
2024-07-17,4.730251659703198e-32,5.86776652814104e-09,0.9999999941321908,0.0,4.2747174805062346e-14,Transitional,0.9999999941321908,1.1708341358593685e-07,7.274801511843404e-08,{Transitional}
2024-07-18,2.2500926774752813e-29,5.789119097764634e-08,0.9999999421088088,0.0,1.5220974984524384e-16,Transitional,0.9999999421088088,1.0226285590993691e-06,6.353948488467967e-07,{Transitional}
2024-07-19,1.3605936089224605e-25,2.464822594522658e-07,0.9999997535177405,0.0,9.62374195399955e-18,Transitional,0.9999997535177405,3.99694832825962e-06,2.4834436279773407e-06,{Transitional}
2024-07-22,7.191792601411062e-27,6.973714423969283e-08,0.9999999302628557,0.0,3.632405478472502e-17,Transitional,0.9999999302628557,1.218900957793902e-06,7.573457468455223e-07,{Transitional}
2024-07-23,7.330421494956797e-27,3.547541051471046e-08,0.9999999645245895,0.0,3.17637831772631e-17,Transitional,0.9999999645245895,6.440337167677329e-07,4.001606472620629e-07,{Transitional}
2024-07-24,9.329840369496052e-31,1.0401973056797555e-08,0.9999999895980266,2.2287432317145866e-59,2.5260141256544823e-16,Transitional,0.9999999895980266,2.0160145913043106e-07,1.2526202941592865e-07,{Transitional}
2024-07-25,3.654395000907595e-37,2.0137888516490098e-09,0.9999999979861977,0.0,1.3488212503271114e-14,Transitional,0.9999999979861977,4.233476849931355e-08,2.63040706151173e-08,{Transitional}
2024-07-26,9.307525742810707e-32,1.1786141643968558e-09,0.9999999988213838,0.0,2.029446557076035e-15,Transitional,0.9999999988213838,2.5407714729494774e-08,1.578670076875992e-08,{Transitional}
2024-07-29,5.297960458429562e-26,1.6034687448065368e-08,0.9999999839653125,0.0,3.92189828770106e-17,Transitional,0.9999999839653125,3.038314604690417e-07,1.887811006076833e-07,{Transitional}
2024-07-30,3.0776406504435024e-28,3.3296177119341724e-08,0.9999999667038229,0.0,6.860017203900183e-17,Transitional,0.9999999667038229,6.065818709943723e-07,3.7689050711933526e-07,{Transitional}
2024-07-31,3.321143036132402e-31,5.1878076005747505e-09,0.9999999948121917,1.4521024366758354e-90,6.873715639573151e-16,Transitional,0.9999999948121917,1.0415339775499387e-07,6.471414457826034e-08,{Transitional}
2024-08-01,6.112321623159286e-38,1.2322239065657962e-08,0.9999999876777296,0.0,3.1245952418381206e-14,Transitional,0.9999999876777296,2.3673202744496904e-07,1.4708987878068407e-07,{Transitional}
2024-08-02,5.380805059074533e-32,4.149642755853011e-09,0.9999999958503571,0.0,1.3508056291372502e-16,Transitional,0.9999999958503571,8.423676271462636e-08,5.233924344880592e-08,{Transitional}
2024-08-05,1.4569128617864676e-22,4.6306799491047285e-08,0.9999999536932005,2.159597405776715e-28,9.044891149442248e-18,Transitional,0.9999999536932005,8.283329648255454e-07,5.146722084934495e-07,{Transitional}
2024-08-06,3.3264237195544954e-32,1.2967921443586741e-08,0.9999999870320778,0.0,6.442448979111326e-16,Transitional,0.9999999870320778,2.484736005571943e-07,1.5438532834199544e-07,{Transitional}
2024-08-07,7.975584229896591e-31,3.427641114137083e-09,0.9999999965723586,0.0,2.4210769349432596e-16,Transitional,0.9999999965723586,7.023515009424861e-08,4.3639552387594476e-08,{Transitional}
2024-08-08,5.470820027376389e-20,6.515604789753698e-07,0.999999348439521,0.0,7.121162334196497e-19,Transitional,0.999999348439521,9.932317715745396e-06,6.171295977937939e-06,{Transitional}
2024-08-09,2.2513942036631185e-22,1.1112681891079709e-07,0.9999998888731811,5.233783396232311e-102,2.2013891018593102e-18,Transitional,0.9999998888731811,1.8905534215080773e-06,1.1746668864341714e-06,{Transitional}
2024-08-12,6.089250705506406e-18,9.19487043900829e-07,0.999999080512956,0.0,8.336338208543386e-20,Transitional,0.999999080512956,1.3699848706526483e-05,8.512194599546215e-06,{Transitional}
2024-08-13,3.3107175470391573e-21,1.6569220776221529e-07,0.9999998343077923,3.5122742811930453e-62,1.5178093568926741e-18,Transitional,0.9999998343077923,2.752664826644547e-06,1.710326819927735e-06,{Transitional}
2024-08-14,2.196014308529011e-22,3.872279463712264e-08,0.9999999612772054,0.0,5.500195902219262e-18,Transitional,0.9999999612772054,6.995964338819524e-07,4.3468370446418074e-07,{Transitional}
2024-08-15,8.629043885560107e-25,7.730325795416391e-08,0.999999922696742,0.0,2.1681966260914506e-17,Transitional,0.999999922696742,1.34318305492518e-06,8.345665555335162e-07,{Transitional}
2024-08-16,9.243071718692168e-31,3.6394435700890977e-09,0.9999999963605549,0.0,1.4649022554419057e-15,Transitional,0.9999999963605549,7.435709699216331e-08,4.62006619936685e-08,{Transitional}
2024-08-19,5.566986389633523e-29,3.895626234592971e-09,0.9999999961043733,0.0,5.111549144868425e-16,Transitional,0.9999999961043733,7.932625438417604e-08,4.9288173076651145e-08,{Transitional}
2024-08-20,4.3149164117353946e-29,1.3612440304087665e-09,0.9999999986387555,0.0,3.6381576127418937e-16,Transitional,0.9999999986387555,2.914887049122111e-08,1.811121153914947e-08,{Transitional}
2024-08-21,4.80516266569744e-27,2.0586560149556103e-09,0.9999999979413439,0.0,9.527284856535367e-17,Transitional,0.9999999979413439,4.3232275422472384e-08,2.6861723020484996e-08,{Transitional}
2024-08-22,5.721409964791889e-33,5.158507637844871e-10,0.9999999994841473,1.3704042121014545e-30,1.960155881245868e-15,Transitional,0.9999999994841473,1.1545481456951198e-08,7.1736109655139845e-09,{Transitional}
2024-08-23,5.547337012545256e-26,8.473003101204574e-10,0.9999999991526997,1.8068027587748383e-148,5.4619191910616144e-17,Transitional,0.9999999991526997,1.854452976939023e-08,1.1522364190702851e-08,{Transitional}
2024-08-26,1.3991944528160634e-17,3.013876719358727e-08,0.9999999698612327,0.0,1.082369964263199e-17,Transitional,0.9999999698612327,5.520634683762848e-07,3.4301631899633123e-07,{Transitional}
2024-08-27,2.0133795035297233e-21,5.36240969021546e-09,0.9999999946375902,0.0,9.964334767411409e-17,Transitional,0.9999999946375902,1.0748135131941447e-07,6.678191838842704e-08,{Transitional}
2024-08-28,7.757716159264158e-14,1.4022211226956274e-07,0.9999998597778101,0.0,3.3781516670440015e-19,Transitional,0.9999998597778101,2.3529325996356404e-06,1.461959222817788e-06,{Transitional}
2024-08-29,1.3209621522451926e-12,1.093043920814374e-07,0.999999890694287,0.0,5.129012064942085e-19,Transitional,0.999999890694287,1.861393323643036e-06,1.1565486989354442e-06,{Transitional}
2024-08-30,2.439738422023359e-18,9.643217701342441e-07,0.9999990356782298,0.0,1.2842834759093863e-16,Transitional,0.9999990356782298,1.4321950959938337e-05,8.898728462459257e-06,{Transitional}
2024-09-02,4.439415364693835e-13,3.744889743731961e-05,0.9999625511021187,0.0,6.73206024785992e-18,Transitional,0.9999625511021187,0.00041914734054593426,0.0002604308854089434,{Transitional}
2024-09-03,0.00018643051949328288,0.04733141794044224,0.9524821515400644,0.0,3.373163996444946e-20,Transitional,0.9524821515400644,0.1923598423089316,0.11951989003291727,{Transitional}
2024-09-04,0.12883043313926315,0.360516568660854,0.5106529981998829,0.0,2.5625023639838975e-22,Transitional,0.5106529981998829,0.9750040848527275,0.6058040992573237,"{Transitional, Late-Cycle, Risk-On}"
2024-09-05,3.341232177477565e-07,0.8779731656139558,0.12202650026282649,0.0,2.9355236575066423e-21,Late-Cycle,0.8779731656139558,0.3709485736325979,0.23048330772299158,"{Late-Cycle, Transitional}"
2024-09-06,0.1474938785447453,0.7972560550344879,0.055250066420766776,0.0,3.5317709072896493e-23,Late-Cycle,0.7972560550344879,0.6229383135434728,0.38705333628020866,"{Late-Cycle, Risk-On}"
2024-09-09,0.3013476688297122,0.6664219766320242,0.03223035453826366,0.0,3.679623523260215e-24,Late-Cycle,0.6664219766320242,0.7426255336673298,0.46141918736348714,"{Late-Cycle, Risk-On}"
2024-09-10,0.9686977686599556,0.03122412184226591,7.810949777844781e-05,0.0,4.613973821518881e-28,Risk-On,0.9686977686599556,0.13978626336441324,0.08685408879986037,{Risk-On}
2024-09-11,0.9999756547849424,2.434387043635123e-05,1.3446212443221591e-09,0.0,2.773721970245546e-33,Risk-On,0.9999756547849424,0.00028298292861368674,0.00017582717943167236,{Risk-On}
2024-09-12,0.9999773939802143,2.2605908794443065e-05,1.1099119027911856e-10,0.0,3.605188781432887e-33,Risk-On,0.9999773939802143,0.00026443047621276336,0.00016429989263322433,{Risk-On}
2024-09-13,0.9999579080233606,4.209137962371877e-05,5.970156765137912e-10,0.0,5.647041264939721e-32,Risk-On,0.9999579080233606,0.0004662025176432441,0.0002896679107913914,{Risk-On}
2024-09-16,0.9999867712425287,1.3228530538470899e-05,2.2693290930686886e-10,0.0,1.2029536921792764e-32,Risk-On,0.9999867712425287,0.00016183157117372223,0.00010055160868490386,{Risk-On}
2024-09-17,0.9999942423273325,5.757593442651327e-06,7.922485379629023e-11,0.0,5.0486208528007106e-33,Risk-On,0.9999942423273325,7.522480869503482e-05,4.6739801587788775e-05,{Risk-On}
2024-09-18,0.999999608765886,3.9123293550133254e-07,1.1785219272718296e-12,0.0,1.2015393543547062e-35,Risk-On,0.999999608765886,6.1634998254464466e-06,3.829597760701947e-06,{Risk-On}
2024-09-19,0.9999999721623569,2.783759131352476e-08,5.1782173351169536e-14,0.0,6.296798536070738e-37,Risk-On,0.9999999721623569,5.121242653981047e-07,3.182006969275207e-07,{Risk-On}
2024-09-20,0.9999475376471979,5.246011846379868e-05,2.2343383079943423e-09,0.0,9.689115767995581e-30,Risk-On,0.9999475376471979,0.0005695239389333786,0.00035386511932730317,{Risk-On}
2024-09-23,0.9999982484274677,1.7514326454718075e-06,1.3988686711477982e-10,0.0,3.2264269855543205e-32,Risk-On,0.9999982484274677,2.497011567454902e-05,1.5514805188591855e-05,{Risk-On}
2024-09-24,0.9999984327041083,1.5672647742340705e-06,3.1117496093342634e-11,0.0,1.605432320820264e-33,Risk-On,0.9999984327041083,2.2516385461238658e-05,1.3990216887077716e-05,{Risk-On}
2024-09-25,0.997163936554528,0.00283605535928164,8.08619037546361e-09,0.0,8.535726054664601e-30,Risk-On,0.997163936554528,0.019466620881470855,0.012095291611485467,{Risk-On}
2024-09-26,0.9747569623494904,0.025242953250313727,8.440019587615248e-08,0.0,6.051454101954846e-29,Risk-On,0.9747569623494904,0.11779717327890954,0.07319149895055851,{Risk-On}
2024-09-27,1.0848706040978075e-12,0.9999999998851289,1.1378627639365273e-10,0.0,5.807292688109742e-26,Late-Cycle,0.9999999998851289,2.7473846673024573e-09,1.7070460724684532e-09,{Late-Cycle}
2024-09-30,0.0001340600030543308,0.9998493956822517,1.6544314693989762e-05,0.0,1.878252822996697e-27,Late-Cycle,0.9998493956822517,0.0015281800297560007,0.0009495116387837504,{Late-Cycle}
2024-10-01,2.237903929683666e-07,0.9999731896857951,2.6586523811938343e-05,0.0,2.5732480955122354e-26,Late-Cycle,0.9999731896857951,0.0003103286037567023,0.00019281800270714634,{Late-Cycle}
2024-10-02,1.7508980394673772e-05,0.9999773388571895,5.152162415819915e-06,7.486917289104627e-19,1.2019813018221552e-28,Late-Cycle,0.9999773388571895,0.0002771663988477325,0.00017221316629017914,{Late-Cycle}
2024-10-03,0.003340509758369244,0.9966570526961368,2.4375454939317046e-06,0.0,1.429944990026943e-29,Late-Cycle,0.9966570526961368,0.022415214390214013,0.013927355766283294,{Late-Cycle}
2024-10-04,0.0033108150705976514,0.9966752176469607,1.3967282441736545e-05,0.0,1.9520531426980983e-28,Late-Cycle,0.9966752176469607,0.022381997490326516,0.013906716945965422,{Late-Cycle}
2024-10-07,6.96677102317576e-09,0.9999865198744242,1.3473158804738234e-05,0.0,4.823181540757919e-26,Late-Cycle,0.9999865198744242,0.00016470981316483546,0.00010233996098409893,{Late-Cycle}
2024-10-08,1.0275774614809403e-11,0.999882611247957,0.00011738874176727824,0.0,9.100734193392294e-25,Late-Cycle,0.999882611247957,0.0011797525268726263,0.00073302145908094,{Late-Cycle}
2024-10-09,1.4240449187255036e-08,0.999418045861211,0.0005819398983398829,0.0,4.812375125744478e-25,Late-Cycle,0.999418045861211,0.004916995795406607,0.003055101260768851,{Late-Cycle}
2024-10-10,7.194184833850893e-06,0.999872567845405,0.00012023796976111677,0.0,5.307560382720101e-26,Late-Cycle,0.999872567845405,0.0012978917250807452,0.0008064254700685066,{Late-Cycle}
2024-10-11,3.2650449834748167e-05,0.9999492783937562,1.8071156409022544e-05,0.0,1.8405742669893973e-27,Late-Cycle,0.9999492783937562,0.000585346694041125,0.0003636963498367275,{Late-Cycle}
2024-10-14,1.8493140096412653e-06,0.9999751273057604,2.3023380229908576e-05,0.0,2.5668237539252742e-27,Late-Cycle,0.9999751273057604,0.00029515129857406636,0.00018338781278470198,{Late-Cycle}
2024-10-15,2.1274860203784216e-09,0.9999555372112467,4.4460661267280724e-05,0.0,2.0936331198516206e-25,Late-Cycle,0.9999555372112467,0.0004900403769093144,0.0003044792055185164,{Late-Cycle}
2024-10-16,6.823919102758022e-07,0.9999714250008788,2.7892607210958662e-05,0.0,1.0731231947308923e-26,Late-Cycle,0.9999714250008788,0.0003307768817763058,0.00020552323219231344,{Late-Cycle}
2024-10-17,9.351358689554213e-05,0.9999061538531655,3.325599389013586e-07,0.0,3.840032127473775e-30,Late-Cycle,0.9999061538531655,0.0009663656605105309,0.0006004367444339668,{Late-Cycle}
2024-10-18,7.937437140572333e-05,0.9999203419639061,2.836646881689359e-07,0.0,6.804772672277531e-31,Late-Cycle,0.9999203419639061,0.0008333312720976025,0.000517777831415242,{Late-Cycle}
2024-10-21,0.00616251397476642,0.9938374795841848,6.441048851245534e-09,0.0,6.840991561294182e-35,Late-Cycle,0.9938374795841848,0.03750631484428832,0.02330398367934808,{Late-Cycle}
2024-10-22,3.221159909008323e-06,0.9999966793785376,9.946155330459681e-08,0.0,1.0871660765279979e-30,Late-Cycle,0.9999966793785376,4.5658325033488076e-05,2.83691123967838e-05,{Late-Cycle}
2024-10-23,5.1703469172565534e-05,0.9999478692050398,4.27325787690586e-07,0.0,3.358556099127731e-30,Late-Cycle,0.9999478692050398,0.0005687089732826097,0.00035335875269801434,{Late-Cycle}
2024-10-24,0.00010532233497833643,0.9998943744525759,3.0321244577020616e-07,0.0,1.2268602108859484e-30,Late-Cycle,0.9998943744525759,0.0010747638612231831,0.0006677883333801422,{Late-Cycle}
2024-10-25,0.0016998719907683991,0.9982961476350322,3.9803741994314355e-06,0.0,6.8621166793689e-29,Late-Cycle,0.9982961476350322,0.012592320110200816,0.007824048391625309,{Late-Cycle}
2024-10-28,0.23940889636791457,0.7605879669487584,3.1366833270234448e-06,0.0,1.044366557608838e-30,Late-Cycle,0.7605879669487584,0.550439644131559,0.34200738026549826,"{Late-Cycle, Risk-On}"
2024-10-29,0.9378630986866083,0.06213680218787731,9.91255143759755e-08,0.0,1.331444433692395e-32,Risk-On,0.9378630986866083,0.23280866445129056,0.14465215629175326,{Risk-On}
2024-10-30,0.9915899255036055,0.00841006017158633,1.432480818058446e-08,0.0,1.2764996107752173e-32,Risk-On,0.9915899255036055,0.0485608836304415,0.030172573452677293,{Risk-On}
2024-10-31,0.998265954542864,0.0017340439658747446,1.4912612421092392e-09,0.0,4.400559489762521e-33,Risk-On,0.998265954542864,0.012756407484977377,0.007926001609894161,{Risk-On}
2024-11-01,0.9999922615361432,7.738463549028938e-06,3.077456991248679e-13,1.7560142771653546e-21,1.2747601040709514e-37,Risk-On,0.9999922615361432,9.88147966319296e-05,6.139708519882133e-05,{Risk-On}
2024-11-04,0.9999854445782739,1.4555420738430675e-05,9.877195641492718e-13,0.0,3.589816801186176e-36,Risk-On,0.9999854445782739,0.00017666702407041876,0.00010976939383963502,{Risk-On}
2024-11-05,0.9976826835353487,0.0023173160570832308,4.0756802760580573e-10,3.246311928810705e-73,2.9136426327025285e-32,Risk-On,0.9976826835353487,0.016374595683147485,0.010174108337228545,{Risk-On}
2024-11-06,0.9773530628900575,0.022646933811056993,3.298885500826911e-09,0.0,1.2686617948629381e-30,Risk-On,0.9773530628900575,0.10816909047619673,0.06720923475240043,{Risk-On}
2024-11-07,0.7157561645845345,0.28424133169898347,2.5037164819703108e-06,0.0,5.947458142713846e-27,Risk-On,0.7157561645845345,0.5969485721755623,0.37090500202815674,"{Risk-On, Late-Cycle}"
2024-11-08,0.987305952944743,0.012693989592790266,5.746246676353738e-08,0.0,3.774689634688355e-31,Risk-On,0.987305952944743,0.06804400591275482,0.04227811796097536,{Risk-On}
2024-11-11,0.9999906320543532,9.367943547112158e-06,2.0996448701631495e-12,1.9977737471522948e-26,8.306970255071607e-37,Risk-On,0.9999906320543532,0.00011783203824462592,7.321316177175032e-05,{Risk-On}
2024-11-12,0.9999442656723301,5.573432629100517e-05,1.378926063803947e-12,0.0,9.286002782233536e-36,Risk-On,0.9999442656723301,0.0006016457606454239,0.00037382352931869235,{Risk-On}
2024-11-13,0.9999959194559991,4.0805434628653005e-06,5.380496413621057e-13,0.0,8.938808582449137e-36,Risk-On,0.9999959194559991,5.4717156230884124e-05,3.399768068600444e-05,{Risk-On}
2024-11-14,0.9999473089875027,5.2691010763748245e-05,1.7335081741910716e-12,0.0,2.040316994511978e-35,Risk-On,0.9999473089875027,0.0005717522768004764,0.0003552496634901331,{Risk-On}
2024-11-15,0.9927655972107339,0.007234402786447553,2.8185457983915703e-12,0.0,4.507657320395573e-36,Risk-On,0.9927655972107339,0.04286587315236306,0.026634064489964124,{Risk-On}
2024-11-18,0.00298305423783247,0.9970169457182365,4.393096070736388e-11,0.0,4.499805696475473e-34,Late-Cycle,0.9970169457182365,0.02032448801666967,0.012628314431795065,{Late-Cycle}
2024-11-19,8.659251164647373e-07,0.9999991339724413,1.0244225194465908e-10,0.0,3.863321469323637e-35,Late-Cycle,0.9999991339724413,1.2956233973207055e-05,8.050160787881625e-06,{Late-Cycle}
2024-11-20,5.707614461651206e-06,0.9999942893878202,2.9977181769309e-09,0.0,4.623640636662652e-34,Late-Cycle,0.9999942893878202,7.468150273686605e-05,4.640222661582414e-05,{Late-Cycle}
2024-11-21,3.338635907890657e-05,0.9999665961223242,1.751859686109641e-08,0.0,5.960541699019652e-33,Late-Cycle,0.9999665961223242,0.0003778415263064077,0.0002347661400214957,{Late-Cycle}
2024-11-22,1.90511746689413e-11,0.9999999171058388,8.287511000905805e-08,0.0,2.4558429510480076e-29,Late-Cycle,0.9999999171058388,1.4347172707835844e-06,8.914399615538634e-07,{Late-Cycle}
2024-11-25,2.17390370390992e-10,0.9999916648064375,8.334976172091794e-06,0.0,9.363421917028532e-27,Late-Cycle,0.9999916648064375,0.00010581795486872662,6.574839206359221e-05,{Late-Cycle}
2024-11-26,9.251245202308416e-10,0.9999969365405947,3.062534280702365e-06,0.0,2.6285297435015987e-27,Late-Cycle,0.9999969365405947,4.196545065352512e-05,2.607460053557265e-05,{Late-Cycle}
2024-11-27,3.621884738152374e-06,0.9999955866055225,7.915097393445436e-07,0.0,2.182611958393765e-29,Late-Cycle,0.9999955866055225,6.09103992116603e-05,3.784575890817679e-05,{Late-Cycle}
2024-11-28,4.2603547929487724e-21,0.9999999873761173,1.2623882690003948e-08,0.0,2.620477140661142e-25,Late-Cycle,0.9999999873761173,2.422209629170926e-07,1.505003461430579e-07,{Late-Cycle}
2024-11-29,2.8268008171903687e-09,0.9999947135064757,5.283666723419875e-06,0.0,2.6260651791287746e-26,Late-Cycle,0.9999947135064757,6.954337409117135e-05,4.320972778999256e-05,{Late-Cycle}
2024-12-02,1.0203318506730098e-10,0.9999941753407057,5.824557261184779e-06,0.0,1.2182219126156554e-25,Late-Cycle,0.9999941753407057,7.603286574678869e-05,4.7241875663160706e-05,{Late-Cycle}
2024-12-03,9.092200292863971e-10,0.9999966752217845,3.3238689954848945e-06,0.0,2.9880624784686594e-26,Late-Cycle,0.9999966752217845,4.527224843994173e-05,2.8129229521797684e-05,{Late-Cycle}
2024-12-04,1.3693097528335906e-09,0.9999977698674173,2.2287632730024257e-06,0.0,8.159717100178211e-27,Late-Cycle,0.9999977698674173,3.126334051780894e-05,1.9425005634747678e-05,{Late-Cycle}
2024-12-05,1.7648446763879843e-05,0.9999817668052478,5.847479884144983e-07,0.0,3.30776906102242e-28,Late-Cycle,0.9999817668052478,0.00021978520640446002,0.00013656022683848596,{Late-Cycle}
2024-12-06,9.990637155779514e-07,0.9999985349847986,4.659514858329173e-07,0.0,8.640072356684539e-29,Late-Cycle,0.9999985349847986,2.2061714879102774e-05,1.3707714170680137e-05,{Late-Cycle}
2024-12-09,9.237632517388954e-09,0.9999996104350611,3.803273063213098e-07,0.0,1.4215572945881994e-28,Late-Cycle,0.9999996104350611,6.182544976845774e-06,3.841431178600326e-06,{Late-Cycle}
2024-12-10,2.2178913946317638e-08,0.9999997811025862,1.9671849976223464e-07,0.0,2.838686853468269e-29,Late-Cycle,0.9999997811025862,3.647405468641581e-06,2.266260438170787e-06,{Late-Cycle}
2024-12-11,2.273755769519846e-10,0.9999982712602358,1.7285123886900757e-06,0.0,1.814659114333463e-26,Late-Cycle,0.9999982712602358,2.466811749645172e-05,1.5327163170366647e-05,{Late-Cycle}
2024-12-12,1.4647228399164456e-07,0.9999992840914043,5.694363118003427e-07,0.0,3.0364834271002212e-28,Late-Cycle,0.9999992840914043,1.1208563837658932e-05,6.964272278579044e-06,{Late-Cycle}
2024-12-13,5.328903241920143e-06,0.9999946453722447,2.572451337819703e-08,0.0,3.4875331117050764e-31,Late-Cycle,0.9999946453722447,7.050965623089888e-05,4.3810112640046286e-05,{Late-Cycle}
2024-12-16,1.4392156558664913e-05,0.9999855601408271,4.7702614289439876e-08,0.0,1.0534628292046338e-30,Late-Cycle,0.9999855601408271,0.00017569960219479024,0.00010916830083184982,{Late-Cycle}
2024-12-17,0.003077669578373525,0.9969209164437359,1.4139778904938708e-06,0.0,5.344604575818652e-30,Late-Cycle,0.9969209164437359,0.020893339535668205,0.012981761753126155,{Late-Cycle}
2024-12-18,0.9661367939263045,0.033863205086540664,9.871548810179256e-10,0.0,1.1148478195701286e-34,Risk-On,0.9661367939263045,0.147924667802741,0.0919107637889684,{Risk-On}
2024-12-19,0.9917839552291857,0.008216044640943604,1.2987072271589828e-10,0.0,1.5720337721595526e-35,Risk-On,0.9917839552291857,0.04763290848277923,0.029595990075031612,{Risk-On}
2024-12-20,0.9999217725260819,7.822747381893662e-05,9.916247945098823e-14,0.0,1.7020277340680913e-38,Risk-On,0.9999217725260819,0.0008179347744004019,0.0005082114495261045,{Risk-On}
2024-12-23,0.999999870950339,1.2904966093119194e-07,1.4740684427702183e-17,0.0,1.7512646078426374e-42,Risk-On,0.999999870950339,2.1761712692476825e-06,1.3521312331685162e-06,{Risk-On}
2024-12-24,0.9999994839601394,5.160398605651075e-07,1.6062401750898388e-17,0.0,7.100175930732322e-42,Risk-On,0.9999994839601394,7.986789014452021e-06,4.962471029635974e-06,{Risk-On}
2024-12-25,0.9877514657306842,0.012248534269245858,6.993207923789794e-14,0.0,5.776847467035401e-38,Risk-On,0.9877514657306842,0.06609553541568904,0.041067465172189656,{Risk-On}
2024-12-26,0.10014595096553029,0.8998540489560568,7.841284977783289e-11,0.0,4.027541902804112e-33,Late-Cycle,0.8998540489560568,0.32540354404018185,0.20218458974167217,"{Late-Cycle, Risk-On}"
2024-12-27,0.19731286345259252,0.8026871363535635,1.9384395035152642e-10,0.0,8.302272402354513e-36,Late-Cycle,0.8026871363535635,0.49665462473297084,0.308588868757189,"{Late-Cycle, Risk-On}"
2024-12-30,0.0023775962541348504,0.9976224037198157,2.6049427284820776e-11,0.0,3.534517825386268e-36,Late-Cycle,0.9976224037198157,0.016739408923179603,0.010400779547850382,{Late-Cycle}
2024-12-31,1.1342509307608985e-05,0.9999886574480684,4.2624012998567524e-11,0.0,2.2503367261106754e-36,Late-Cycle,0.9999886574480684,0.00014050012286046177,8.729763464312244e-05,{Late-Cycle}
2025-01-01,6.715296363085889e-05,0.9999328469576383,7.87308401504164e-11,0.0,8.12619673338386e-37,Late-Cycle,0.9999328469576383,0.0007123943856066187,0.0004426355189615233,{Late-Cycle}
2025-01-02,1.287725121360161e-07,0.999999871199419,2.8068875300001793e-11,0.0,2.780287614684774e-37,Late-Cycle,0.999999871199419,2.172483598432669e-06,1.3498399544639924e-06,{Late-Cycle}
2025-01-03,2.4261016413762754e-13,0.9999999999931536,6.603845373065179e-12,0.0,2.3823678433962025e-36,Late-Cycle,0.9999999999931536,1.8157137568529804e-10,1.1281663882932336e-10,{Late-Cycle}
2025-01-06,5.261069817334761e-07,0.9999994738426522,5.036605555581348e-11,0.0,1.0526837407424246e-37,Late-Cycle,0.9999994738426522,8.133677622026268e-06,5.05373805301067e-06,{Late-Cycle}
2025-01-07,2.0615968282163165e-14,0.999999999965559,3.4420379576932565e-11,0.0,2.628877982927966e-35,Late-Cycle,0.999999999965559,8.622930975870694e-10,5.357728253604668e-10,{Late-Cycle}
2025-01-08,5.843389330073505e-25,0.9999999999767807,2.321927079146236e-11,0.0,8.831689240463285e-32,Late-Cycle,0.9999999999767807,5.897882319242303e-10,3.664560324866708e-10,{Late-Cycle}
2025-01-09,7.850988131270123e-20,0.9999993859275753,6.140724246596535e-07,0.0,7.44628326106299e-28,Late-Cycle,0.9999993859275753,9.397242054769171e-06,5.8388347771408355e-06,{Late-Cycle}
2025-01-10,1.3323494202209311e-25,0.9999930777184317,6.922281568327094e-06,0.0,6.211488460176695e-25,Late-Cycle,0.9999930777184317,8.916425712969162e-05,5.5400867868733345e-05,{Late-Cycle}
2025-01-13,8.813168990280435e-23,0.9999983794488,1.6205512000031893e-06,0.0,7.24696953684382e-26,Late-Cycle,0.9999983794488,2.3226942531469038e-05,1.443171081781018e-05,{Late-Cycle}
2025-01-14,2.7603728402847594e-25,0.9999867294601263,1.3270539873683576e-05,0.0,3.094361343954846e-24,Late-Cycle,0.9999867294601263,0.00016229813521567702,0.00010084150122337971,{Late-Cycle}
2025-01-15,8.028328502235895e-23,0.999970952834812,2.9047165188057956e-05,0.0,1.6311921235291787e-24,Late-Cycle,0.999970952834812,0.0003324905569172622,0.000206587998423876,{Late-Cycle}
2025-01-16,6.4584063766820494e-21,0.9999900964733196,9.903526680432223e-06,0.0,1.6038286720260932e-25,Late-Cycle,0.9999900964733196,0.00012401804661325914,7.705674487666026e-05,{Late-Cycle}
2025-01-17,1.7687415480216864e-18,0.9999996096360361,3.903639639097821e-07,0.0,2.965862626000588e-28,Late-Cycle,0.9999996096360361,6.150645261036445e-06,3.821610770765466e-06,{Late-Cycle}
2025-01-20,3.5089607845917695e-26,0.9999351553094747,6.484469052527897e-05,0.0,4.2625279044154645e-23,Late-Cycle,0.9999351553094747,0.0006901733657741166,0.0004288288230580478,{Late-Cycle}
2025-01-21,5.197955144184402e-22,0.9999418693172732,5.813068272676985e-05,0.0,5.502966542917872e-23,Late-Cycle,0.9999418693172732,0.00062506689784281,0.00038837590006654196,{Late-Cycle}
2025-01-22,1.5561411532378158e-19,0.9999679664664748,3.2033533525155306e-05,0.0,5.434195429620828e-24,Late-Cycle,0.9999679664664748,0.0003635393207508483,0.00022587968006857408,{Late-Cycle}
2025-01-23,2.707437235429326e-20,0.9998216210400215,0.00017837895997852804,0.0,1.697949904710944e-23,Late-Cycle,0.9998216210400215,0.0017180589287795972,0.0010674900320828279,{Late-Cycle}
2025-01-24,4.473278048611854e-27,0.9988361582871245,0.0011638417128755605,0.0,6.555930344875216e-21,Late-Cycle,0.9988361582871245,0.009026112459849593,0.005608238994568344,{Late-Cycle}
2025-01-27,9.813368256349854e-24,0.9943272822280951,0.005672717771904885,0.0,9.004410602122032e-21,Late-Cycle,0.9943272822280951,0.03499638696152295,0.021744477802560714,{Late-Cycle}
2025-01-28,7.543836650078766e-27,0.9917597947078477,0.008240205292152305,0.0,2.9067361918426786e-18,Late-Cycle,0.9917597947078477,0.04774868167631505,0.029667924004660947,{Late-Cycle}
2025-01-29,9.531297434268967e-25,0.9923362814883131,0.007663718511686896,0.0,5.142243817789577e-20,Late-Cycle,0.9923362814883131,0.04496622677358671,0.02793908756975916,{Late-Cycle}
2025-01-30,1.1955469001285537e-59,0.9999999131579594,8.68328484128871e-08,0.0,9.192146818270956e-12,Late-Cycle,0.9999999131579594,1.4989123538276117e-06,9.313266092760729e-07,{Late-Cycle}
2025-01-31,1.3127463952209085e-47,3.3365229169267365e-06,0.9999966634257601,0.0,5.1322949074069565e-11,Transitional,0.9999966634257601,4.541327529537913e-05,2.821685443379203e-05,{Transitional}
2025-02-03,3.4184756744914234e-65,5.178669917824452e-12,0.9999876464216652,0.0,1.2353573156230004e-05,Transitional,0.9999876464216652,0.00015196834632076373,9.442324251634417e-05,{Transitional}
2025-02-04,8.64786619871072e-71,2.3295673533215647e-14,0.9999031035456463,0.0,9.689645433045481e-05,Transitional,0.9999031035456463,0.0009923959631953005,0.000616610280849175,{Transitional}
2025-02-05,7.632667683312174e-63,1.822307748406458e-14,0.9999996400426234,0.0,3.59957358317358e-07,Transitional,0.9999996400426234,5.7007440225949756e-06,3.5420714142201475e-06,{Transitional}
2025-02-06,3.308346901873602e-58,6.393433091210186e-14,0.9999999939899179,0.0,6.010018200693135e-09,Transitional,0.9999999939899179,1.1977851607129846e-07,7.442257644480764e-08,{Transitional}
2025-02-07,2.004624555807912e-45,2.5007442412468827e-11,0.9999999999648537,0.0,1.0138839487870308e-11,Transitional,0.9999999999648537,8.993511464022936e-10,5.58798285695981e-10,{Transitional}
2025-02-10,3.172795706260311e-50,1.3532799598017653e-11,0.9999999999606812,0.0,2.578597742263187e-11,Transitional,0.9999999999606812,1.0037362944570143e-09,6.236564248315562e-10,{Transitional}
2025-02-11,7.884842316037668e-43,7.841401526885293e-11,0.9999999999191648,0.0,2.421216013609493e-12,Transitional,0.9999999999191648,1.967381324020766e-09,1.2224027462142453e-09,{Transitional}
2025-02-12,2.9031678760568986e-58,2.4647662361439174e-12,0.9999999426435834,0.0,5.735395181654022e-08,Transitional,0.9999999426435834,1.0137406303538446e-06,6.298724682213257e-07,{Transitional}
2025-02-13,1.8315647190468917e-55,1.7064377260178817e-12,0.9999999957808835,0.0,4.21741002936729e-09,Transitional,0.9999999957808835,8.55912915110342e-08,5.31808595098811e-08,{Transitional}
2025-02-14,3.687233549818022e-48,4.3288790669235405e-11,0.9999999999338351,0.0,2.287601540052482e-11,Transitional,0.9999999999338351,1.65668711588402e-09,1.0293575807335496e-09,{Transitional}
2025-02-17,5.111882298107812e-40,5.49525657011e-10,0.9999999994495372,0.0,9.371012875005984e-13,Transitional,0.9999999994495372,1.2290704361634874e-08,7.636643990227941e-09,{Transitional}
2025-02-18,7.695450593407639e-42,3.2290278311423967e-11,0.9999999999628443,0.0,4.8654228708965066e-12,Transitional,0.9999999999628443,9.410124173853527e-10,5.846838887759103e-10,{Transitional}
2025-02-19,4.4226539008719214e-41,3.7942996740097866e-11,0.9999999999592403,0.0,2.816684569898257e-12,Transitional,0.9999999999592403,1.0232677403100004e-09,6.357919944624759e-10,{Transitional}
2025-02-20,4.429024774298612e-43,1.839195110299948e-11,0.9999999999719921,0.0,9.615926177739665e-12,Transitional,0.9999999999719921,7.236484404128728e-10,4.496280563680975e-10,{Transitional}
2025-02-21,5.812536183079248e-49,3.1455061773646575e-11,0.9999999984980197,0.0,1.470525264921192e-09,Transitional,0.9999999984980197,3.2166679588401614e-08,1.9986281757059517e-08,{Transitional}
2025-02-24,5.778326423805648e-41,2.917274447390231e-11,0.9999999999655108,0.0,5.316467826550274e-12,Transitional,0.9999999999655108,8.7727250168692e-10,5.450800524265894e-10,{Transitional}
2025-02-25,1.6461351264081392e-38,6.569504635696766e-11,0.9999999999338541,0.0,4.507818385580968e-13,Transitional,0.9999999999338541,1.6167271472816661e-09,1.004529056257002e-09,{Transitional}
2025-02-26,6.446931113857905e-36,4.2711959151408316e-11,0.9999999999563307,0.0,9.573609944193184e-13,Transitional,0.9999999999563307,1.0873046336958574e-09,6.755803534237783e-10,{Transitional}
2025-02-27,1.633404128509086e-37,9.705436634721543e-12,0.999999999976175,0.0,1.4119595000218748e-11,Transitional,0.999999999976175,6.197771456661693e-10,3.850891922440323e-10,{Transitional}
2025-02-28,3.0235175165209194e-35,2.1590994585859527e-11,0.9999999999776447,0.0,7.64321946218633e-13,Transitional,0.9999999999776447,5.713105942411935e-10,3.5497523068606494e-10,{Transitional}
2025-03-03,2.291381099778555e-30,2.2481616432198776e-11,0.9999999999771849,0.0,3.3345474631393034e-13,Transitional,0.9999999999771849,5.811659807021712e-10,3.610987265878562e-10,{Transitional}
2025-03-04,3.894237888846972e-37,1.955039637780049e-12,0.9999999999711836,0.0,2.6861382955330546e-11,Transitional,0.9999999999711836,7.325509769792574e-10,4.5515951334298665e-10,{Transitional}
2025-03-05,1.4363241967165374e-35,3.226206435596825e-13,0.9999999999454,0.0,5.427737820344316e-11,Transitional,0.9999999999454,1.3443829399918776e-09,8.353120860429119e-10,{Transitional}
2025-03-06,1.953030346098391e-37,9.049462627237242e-14,0.9999999991913469,0.0,8.085626996389312e-10,Transitional,0.9999999991913469,1.773702336417689e-08,1.1020632251263155e-08,{Transitional}
2025-03-07,3.101674504931799e-38,1.339066209999494e-13,0.9999999987789913,0.0,1.220874881969366e-09,Transitional,0.9999999987789913,2.6279559836447923e-08,1.6328408591234774e-08,{Transitional}
2025-03-10,1.8597552342075782e-42,8.307601336644734e-14,0.9999999931711463,0.0,6.828770628851759e-09,Transitional,0.9999999931711463,1.352245154642132e-07,8.401971546681213e-08,{Transitional}
2025-03-11,9.839634014030397e-37,1.362766855686842e-13,0.9999999974759615,0.0,2.523902244066695e-09,Transitional,0.9999999974759615,5.249263957518857e-08,3.261551077531108e-08,{Transitional}
2025-03-12,3.1753823311120984e-36,7.689865999049792e-14,0.9999999934440496,0.0,6.555873499756466e-09,Transitional,0.9999999934440496,1.3008776770125243e-07,8.082807463166367e-08,{Transitional}
2025-03-13,1.3924338639364718e-35,6.212666058956843e-14,0.9999997240404553,0.0,2.7595948249674784e-07,Transitional,0.9999997240404553,4.443778535693328e-06,2.7610748456724216e-06,{Transitional}
2025-03-14,2.2981236441026306e-48,7.200355605729199e-12,0.9987599458101796,0.0,0.0012400541826200527,Transitional,0.9987599458101796,0.009538472062807005,0.0059265859149428765,{Transitional}
2025-03-17,3.716642720301637e-42,2.1251513378341528e-15,0.9999910715613665,0.0,8.928438631358184e-06,Transitional,0.9999910715613665,0.00011273282632319779,7.004484326624418e-05,{Transitional}
2025-03-18,1.4708640064991322e-33,5.197022139421669e-14,0.9999999801297774,0.0,1.9870170610218917e-08,Transitional,0.9999999801297774,3.722481792717489e-07,2.3129079810774676e-07,{Transitional}
2025-03-19,9.61629730332182e-33,9.204387362116932e-14,0.9999999377411234,0.0,6.225878454080874e-08,Transitional,0.9999999377411234,1.0952550582712243e-06,6.80520229957035e-07,{Transitional}
2025-03-20,1.636992649719095e-34,5.3429006008620617e-14,0.9999999619164636,0.0,3.808348302555234e-08,Transitional,0.9999999619164636,6.886816265687111e-07,4.2790195337647714e-07,{Transitional}
2025-03-21,1.5409738573151535e-35,7.51646409571974e-15,0.999999616985724,0.0,3.8301426839549203e-07,Transitional,0.999999616985724,6.042122375136974e-06,3.7541817105568982e-06,{Transitional}
2025-03-24,6.9047194240269e-32,1.6073152972320497e-13,0.9999999988356014,0.0,1.164237821040667e-09,Transitional,0.9999999988356014,2.511658437426966e-08,1.560581130854781e-08,{Transitional}
2025-03-25,5.974207263120469e-35,1.7559856565656063e-13,0.9999999978715631,0.0,2.128261266342096e-09,Transitional,0.9999999978715631,4.4628297580309816e-08,2.7729120356568682e-08,{Transitional}
2025-03-26,1.1929287188536993e-25,1.3925437830800022e-11,0.9999999999676366,0.0,1.8438032062412375e-11,Transitional,0.9999999999676366,8.332478853145404e-10,5.177260202938449e-10,{Transitional}
2025-03-27,5.08195314084741e-17,1.5941430085333722e-09,0.999999998405762,0.0,9.485118618984395e-14,Transitional,0.999999998405762,3.388729454893834e-08,2.1055359940966897e-08,{Transitional}
2025-03-28,4.8161030206801225e-15,6.84068349931417e-10,0.999999999315912,0.0,1.4793447848518732e-14,Transitional,0.999999999315912,1.5118499619308848e-08,9.39365197160278e-09,{Transitional}
2025-03-31,3.4911889221555717e-20,6.785381997483394e-10,0.9999999993205082,0.0,9.5364379849108e-13,Transitional,0.9999999993205082,1.502787850268951e-08,9.337345906038386e-09,{Transitional}
2025-04-01,1.0417350245594256e-20,8.144094342381455e-10,0.9999999991853278,0.0,2.6276444948154847e-13,Transitional,0.9999999991853278,1.7864286987615365e-08,1.1099705586404118e-08,{Transitional}
2025-04-02,2.7970345640093293e-13,2.621418052322666e-08,0.9999999737855392,0.0,5.776540067614879e-16,Transitional,0.9999999737855392,4.83840176573203e-07,3.0062680444842217e-07,{Transitional}
2025-04-03,4.2300300580562835e-13,1.7244763697592983e-08,0.9999999827548132,3.423401732463397e-198,1.7271542017865465e-16,Transitional,0.9999999827548132,3.25517940729965e-07,2.0225566840143241e-07,{Transitional}
2025-04-04,1.2217512250039702e-18,2.2152482387123462e-08,0.9999999778475075,1.0728905919252245e-30,1.009220028880464e-14,Transitional,0.9999999778475075,4.125952794477947e-07,2.563598609553003e-07,{Transitional}
2025-04-07,9.756578205806398e-17,1.3728206130378235e-09,0.9999999986271751,0.0,4.191632746987494e-15,Transitional,0.9999999986271751,2.938526805932418e-08,1.8258093606656842e-08,{Transitional}
2025-04-08,6.711361967502218e-12,6.4271553832035684e-09,0.999999993566133,0.0,1.7636668722341716e-16,Transitional,0.999999993566133,1.2783732551445395e-07,7.942979628279904e-08,{Transitional}
2025-04-09,2.354281660114647e-10,2.9382040191609223e-08,0.9999999703825316,0.0,6.405078843377205e-18,Transitional,0.9999999703825316,5.444030847627703e-07,3.3825665504512674e-07,{Transitional}
2025-04-10,2.8322600745197695e-14,1.4897507905552585e-08,0.9999999851024636,3.429811846288845e-103,1.3443154692262421e-16,Transitional,0.9999999851024636,2.8338028037233996e-07,1.7607406796063232e-07,{Transitional}
2025-04-11,3.573708508006716e-11,4.109153303527234e-09,0.9999999958551095,0.0,9.570958298404676e-17,Transitional,0.9999999958551095,8.434950761699711e-08,5.240929579534238e-08,{Transitional}
2025-04-14,2.3522315063630074e-09,5.346792170012614e-09,0.9999999923009762,0.0,2.7718194826922477e-17,Transitional,0.9999999923009762,1.5626904403465911e-07,9.709541624896802e-08,{Transitional}
2025-04-15,7.068635785438946e-12,8.57896559571727e-09,0.9999999914139653,0.0,4.2233021895993094e-16,Transitional,0.9999999914139653,1.6810990019086969e-07,1.0445255383391689e-07,{Transitional}
2025-04-16,9.857376667766675e-09,7.91097100000913e-08,0.9999999110329133,0.0,9.724001012898362e-18,Transitional,0.9999999110329133,1.5643212850518086e-06,9.719674632778734e-07,{Transitional}
2025-04-17,5.337137440809853e-06,1.9396934748956222e-07,0.9999944688932118,0.0,2.958012094505515e-19,Transitional,0.9999944688932118,7.332622538456845e-05,4.5560145450824186e-05,{Transitional}
2025-04-18,1.3724413677079212e-07,4.9903290710101846e-08,0.9999998128525726,0.0,3.621863185066673e-18,Transitional,0.9999998128525726,3.194841205589079e-06,1.985066451403042e-06,{Transitional}
2025-04-21,2.83878379873813e-07,9.745753687574384e-08,0.9999996186640833,0.0,1.3611316075482942e-18,Transitional,0.9999996186640833,6.234059681331878e-06,3.873439064141057e-06,{Transitional}
2025-04-22,4.894155045227637e-08,9.280286916603803e-08,0.9999998582555804,0.0,6.98414473646054e-18,Transitional,0.9999998582555804,2.4682940777003e-06,1.5336373392417932e-06,{Transitional}
2025-04-23,5.0056388170454236e-08,8.689829550946947e-08,0.9999998630453163,0.0,3.0838308419467464e-18,Transitional,0.9999998630453163,2.391243671524636e-06,1.4857632301628455e-06,{Transitional}
2025-04-24,1.5287707461639354e-12,6.568367220507042e-08,0.9999999343147988,0.0,1.6770476989822982e-16,Transitional,0.9999999343147988,1.1520278869292996e-06,7.157951717360643e-07,{Transitional}
2025-04-25,1.7721465082883647e-14,6.777223344738777e-08,0.9999999322277484,0.0,4.511233902565892e-16,Transitional,0.9999999322277484,1.1864946846757326e-06,7.372105972583236e-07,{Transitional}
2025-04-28,1.2224809230369857e-12,6.052245476717695e-09,0.9999999939465316,0.0,3.66751976044607e-16,Transitional,0.9999999939465316,1.2060993220299008e-07,7.493916433258407e-08,{Transitional}
2025-04-29,1.7459904689430192e-06,4.1633226370721445e-08,0.9999982123763047,0.0,1.6766260194557559e-18,Transitional,0.9999982123763047,2.564382029755805e-05,1.5933401406441677e-05,{Transitional}
2025-04-30,3.775503413793833e-05,1.1375646152731037e-06,0.9999611074012468,0.0,4.146644585187768e-20,Transitional,0.9999611074012468,0.00043897331273177526,0.0002727494545396136,{Transitional}
2025-05-01,2.6078501963024774e-06,2.122603591824082e-06,0.9999952695462119,0.0,1.9674240065399105e-20,Transitional,0.9999952695462119,6.598681742969678e-05,4.0999914889477706e-05,{Transitional}
2025-05-02,2.94510323523812e-08,1.1626547478586464e-06,0.9999988078942198,0.0,4.746806617192504e-20,Transitional,0.9999988078942198,1.7590248719480324e-05,1.0929436037005603e-05,{Transitional}
2025-05-05,1.3515620107158501e-07,1.7104483844021838e-07,0.9999996937989605,0.0,4.5884018165052085e-20,Transitional,0.9999996937989605,5.1090490817038795e-06,3.174430676842325e-06,{Transitional}
2025-05-06,3.020948169262082e-10,5.3439345880108803e-08,0.9999999462585593,0.0,1.3501517195247224e-18,Transitional,0.9999999462585593,9.551872502023512e-07,5.934912075966535e-07,{Transitional}
2025-05-07,1.515066421361489e-12,1.0309228103857026e-07,0.9999998969062039,0.0,5.916952306854047e-18,Transitional,0.9999998969062039,1.7616438963618497e-06,1.0945708950633295e-06,{Transitional}
2025-05-08,4.530420231863887e-11,9.857738198459584e-08,0.9999999013773138,0.0,7.245314926482941e-19,Transitional,0.9999999013773138,1.6899908529595767e-06,1.0500503560299812e-06,{Transitional}
2025-05-09,9.353791784653466e-11,7.163075687580614e-08,0.9999999282757052,0.0,6.267068878610307e-19,Transitional,0.9999999282757052,1.2523320169335215e-06,7.781176317882963e-07,{Transitional}
2025-05-12,2.4695758610765653e-15,1.8544492996331387e-06,0.9999981455506978,0.0,1.5224657811354057e-16,Transitional,0.9999981455506978,2.6329324310241915e-05,1.6359328997302956e-05,{Transitional}
2025-05-13,1.1492316366378463e-16,3.5835075973946384e-05,0.9999641649240241,0.0,1.913447301990939e-15,Transitional,0.9999641649240241,0.0004026631746688181,0.00025018869728241566,{Transitional}
2025-05-14,2.0449170333445953e-05,0.0002906491581093096,0.9996889016715572,0.0,1.0107193078374679e-19,Transitional,0.9996889016715572,0.0028987217531525216,0.0018010770908015454,{Transitional}
2025-05-15,0.07095963935875449,0.047164110774249104,0.8818762498669964,0.0,1.9921264956496924e-21,Transitional,0.8818762498669964,0.44263386165203267,0.275023881463434,"{Transitional, Risk-On}"
2025-05-16,0.1295316376861457,0.08403712774189698,0.7864312345719573,0.0,1.0949691344805647e-22,Transitional,0.7864312345719573,0.6617984204850891,0.41119847828375733,"{Transitional, Risk-On}"
2025-05-19,0.6315955999427283,0.21605574498732452,0.15234865506994716,0.0,1.6410546634419268e-23,Risk-On,0.6315955999427283,0.9079233554822039,0.5641244986636784,"{Risk-On, Late-Cycle, Transitional}"
2025-05-20,0.7604374372724398,0.2358769992067073,0.0036855635208528905,0.0,1.4356061160840507e-25,Risk-On,0.7604374372724398,0.5696172287861901,0.3539230835718949,"{Risk-On, Late-Cycle}"
2025-05-21,0.00014832974401126744,0.9989510279289491,0.0009006423270396258,0.0,1.8185236415602909e-22,Late-Cycle,0.9989510279289491,0.008671773893296887,0.005388076064507372,{Late-Cycle}
2025-05-22,0.1334307318964984,0.8648874378767152,0.0016818302267864117,0.0,2.646288317193037e-24,Late-Cycle,0.8648874378767152,0.40503939113421983,0.2516651235844455,"{Late-Cycle, Risk-On}"
2025-05-23,0.8048004477532144,0.19519848019001199,1.0720567737225097e-06,0.0,1.364500794644222e-29,Risk-On,0.8048004477532144,0.49368919564960606,0.3067463440717354,"{Risk-On, Late-Cycle}"
2025-05-26,0.8029098650973747,0.19708774418283265,2.3907197926863716e-06,0.0,2.504455632846761e-28,Risk-On,0.8029098650973747,0.4963713898175961,0.30841288500957964,"{Risk-On, Late-Cycle}"
2025-05-27,0.6573551987065082,0.3426198107124193,2.4990581072499697e-05,0.0,5.197312915093339e-27,Risk-On,0.6573551987065082,0.6430372415215023,0.39954150238015596,"{Risk-On, Late-Cycle}"
2025-05-28,0.18012848493691938,0.8188306294485425,0.0010408856145382036,0.0,6.5016179167567055e-25,Late-Cycle,0.8188306294485425,0.47957022829728635,0.2979737364158325,"{Late-Cycle, Risk-On}"
2025-05-29,0.016256485153777707,0.9551255978231203,0.028617917023101992,0.0,5.461365484425064e-24,Late-Cycle,0.9551255978231203,0.212517011474818,0.1320442434175103,{Late-Cycle}
2025-05-30,0.00046012294766403116,0.7230479254825734,0.27649195156976264,0.0,3.4033636144709764e-22,Late-Cycle,0.7230479254825734,0.5934561532634918,0.3687350401519706,"{Late-Cycle, Transitional}"
2025-06-02,1.6497823114897548e-06,0.3237171614546694,0.6762811887630192,0.0,2.5749108418570585e-20,Transitional,0.6762811887630192,0.6296626354333312,0.3912313923816016,"{Transitional, Late-Cycle}"
2025-06-03,5.537186978980745e-05,0.2736646037374563,0.7262800243927539,0.0,4.5479772393329857e-20,Transitional,0.7262800243927539,0.5874501557459276,0.3650033040774297,"{Transitional, Late-Cycle}"
2025-06-04,0.002852044470378159,0.2726514788985405,0.7244964766310813,0.0,6.88390584020516e-21,Transitional,0.7244964766310813,0.6045289412186597,0.3756149501314874,"{Transitional, Late-Cycle}"
2025-06-05,5.271159208949134e-15,0.3682763870672921,0.6317236129327025,1.1300859987176596e-102,1.245538922045976e-16,Transitional,0.6317236129327025,0.6580319683353305,0.40885824998376513,"{Transitional, Late-Cycle}"
2025-06-06,7.770924150977572e-11,0.0010973400532846291,0.9989026598690062,0.0,6.822164620029284e-18,Transitional,0.9989026598690062,0.008574965235086707,0.005327925463193546,{Transitional}
2025-06-09,3.774963697556474e-14,3.694756396722206e-06,0.9999963052435654,0.0,8.962939880053577e-17,Transitional,0.9999963052435654,4.991096349262786e-05,3.101142523549911e-05,{Transitional}
2025-06-10,3.3791302953315326e-20,1.850203795426802e-08,0.9999999814978463,0.0,1.1573990045786097e-13,Transitional,0.9999999814978463,3.4793924707117967e-07,2.1618680930969205e-07,{Transitional}
2025-06-11,6.458523183597304e-16,1.2836173775666375e-08,0.9999999871638233,0.0,2.1689927856134637e-15,Transitional,0.9999999871638233,2.4608034982208384e-07,1.5289831805311086e-07,{Transitional}
2025-06-12,5.612536923492142e-15,6.240519127500933e-09,0.9999999937594728,0.0,2.3951262532927885e-15,Transitional,0.9999999937594728,1.2413589935206395e-07,7.712997090041322e-08,{Transitional}
2025-06-13,4.499361982571714e-16,1.4636302808985066e-08,0.9999999853636904,0.0,6.214302595841764e-15,Transitional,0.9999999853636904,2.786698968029282e-07,1.7314734209378116e-07,{Transitional}
2025-06-16,1.3525834856396343e-20,1.2981056776589e-09,0.9999999987005805,0.0,1.3137552338216657e-12,Transitional,0.9999999987005805,2.7894923636627417e-08,1.7332090552309264e-08,{Transitional}
2025-06-17,2.0992965609142813e-13,1.7278858816979325e-08,0.9999999827209068,0.0,2.4378431533029516e-14,Transitional,0.9999999827209068,3.2612208435328326e-07,2.0263104394009146e-07,{Transitional}
2025-06-18,6.68889080322195e-12,8.185981783270098e-08,0.9999999181334869,0.0,6.4306281242529295e-15,Transitional,0.9999999181334869,1.4178454582511382e-06,8.809569150181138e-07,{Transitional}
2025-06-19,1.8931161979283884e-09,4.5343934195008177e-07,0.9999995446675418,0.0,8.482629219047293e-17,Transitional,0.9999995446675418,7.116471043123514e-06,4.421712069874521e-06,{Transitional}
2025-06-20,1.1397346047292116e-09,2.4025976790911478e-06,0.9999975962625863,0.0,1.9239698545288572e-17,Transitional,0.9999975962625863,3.351431683793653e-05,2.0823615859309388e-05,{Transitional}
2025-06-23,3.154229631390146e-15,8.636704548648403e-07,0.9999991363294841,0.0,5.783678339150004e-14,Transitional,0.9999991363294841,1.2922301110049711e-05,8.029077114572337e-06,{Transitional}
2025-06-24,1.300276264287838e-11,6.991157572477098e-07,0.9999993008712394,0.0,5.755491312245386e-16,Transitional,0.9999993008712394,1.0608333377138562e-05,6.591328124670935e-06,{Transitional}
2025-06-25,9.299962234047942e-13,7.41275388205492e-07,0.9999992587236809,0.0,8.908861833215786e-16,Transitional,0.9999992587236809,1.1204322414270988e-05,6.961636934055857e-06,{Transitional}
2025-06-26,4.6081720098390445e-15,3.750877262829056e-07,0.9999996249122582,0.0,1.0894292919059006e-14,Transitional,0.9999996249122582,5.9249238201078724e-06,3.6813621540374102e-06,{Transitional}
2025-06-27,9.212219746040733e-15,2.0991732962429792e-07,0.9999997900826504,0.0,1.0743042592669636e-14,Transitional,0.9999997900826504,3.437720624416064e-06,2.135975919205783e-06,{Transitional}
2025-06-30,1.9221582847064023e-16,2.769559636045484e-07,0.9999997230439988,0.0,3.7396977420146e-14,Transitional,0.9999997230439988,4.4588259042148824e-06,2.770424301408056e-06,{Transitional}
2025-07-01,1.2072132046571308e-22,8.382488361388902e-08,0.9999999161221126,0.0,5.3003747641808645e-11,Transitional,0.9999999161221126,1.4510165749411416e-06,9.015672886359663e-07,{Transitional}
2025-07-02,4.828992111078676e-25,1.2364920728435122e-08,0.9999999875854404,0.0,4.9638750669315666e-11,Transitional,0.9999999875854404,2.387347625136254e-07,1.483342480435079e-07,{Transitional}
2025-07-03,2.4874854575436158e-25,3.3407776578802095e-09,0.9999999966509244,0.0,8.297889969883296e-12,Transitional,0.9999999966509244,6.876001781023885e-08,4.2723001166442505e-08,{Transitional}
2025-07-04,1.2110595292125798e-28,5.826880536152537e-10,0.9999999992942974,0.0,1.2301452019987434e-10,Transitional,0.9999999992942974,1.589965244335846e-08,9.879009510414702e-09,{Transitional}
2025-07-07,1.472065403452104e-21,9.408615524484132e-09,0.9999999905912272,0.0,1.5723116387516792e-13,Transitional,0.9999999905912272,1.832977395206301e-07,1.1388928898997548e-07,{Transitional}
2025-07-08,3.854023158257249e-20,3.3420811068849142e-09,0.9999999966578422,0.0,7.670190034030076e-14,Transitional,0.9999999966578422,6.856857284531226e-08,4.260404972168807e-08,{Transitional}
2025-07-09,3.901877804828142e-17,1.1226913107664238e-08,0.999999988773084,0.0,2.7297845102100152e-15,Transitional,0.999999988773084,2.1673309783003508e-07,1.346638451571268e-07,{Transitional}
2025-07-10,8.056944562355727e-22,4.910392003250188e-09,0.9999999950893715,0.0,2.364465276133424e-13,Transitional,0.9999999950893715,9.886029963577973e-08,6.142535780474081e-08,{Transitional}
2025-07-11,3.681010897011505e-18,8.158329880712121e-08,0.9999999184165378,0.0,1.6339598884305525e-13,Transitional,0.9999999184165378,1.4131592856206658e-06,8.780452322534242e-07,{Transitional}
2025-07-14,3.808736122189463e-18,8.64089163083277e-09,0.9999999913590414,0.0,6.695391008848886e-14,Transitional,0.9999999913590414,1.690741660555536e-07,1.0505168590184834e-07,{Transitional}
2025-07-15,9.718406838671125e-20,5.839268931446666e-09,0.9999999941606982,0.0,3.291342480506784e-14,Transitional,0.9999999941606982,1.1654292594714629e-07,7.241219126675583e-08,{Transitional}
2025-07-16,8.667010296831246e-21,2.507475031402032e-09,0.9999999974923877,0.0,1.3726468788842685e-13,Transitional,0.9999999974923877,5.2167396994319834e-08,3.2413426197611004e-08,{Transitional}
2025-07-17,1.5386530396395815e-25,1.3819160401670773e-09,0.9999999985797706,0.0,3.8313284413645233e-11,Transitional,0.9999999985797706,3.052699905537448e-08,1.8967490960372432e-08,{Transitional}
2025-07-18,1.0145410706691317e-20,3.4965460599963957e-09,0.9999999965032161,0.0,2.37771808509904e-13,Transitional,0.9999999965032161,7.158426550583987e-08,4.447780492356889e-08,{Transitional}
2025-07-21,1.0169444268210859e-21,2.802147724238567e-09,0.9999999971976963,0.0,1.5600139061136504e-13,Transitional,0.9999999971976963,5.7986949731064974e-08,3.602931761646276e-08,{Transitional}
2025-07-22,4.724860704791958e-22,1.4289063394001816e-09,0.9999999985710071,0.0,8.657204726419786e-14,Transitional,0.9999999985710071,3.05309940699413e-08,1.8969973202486874e-08,{Transitional}
2025-07-23,1.0108481944052906e-21,1.0418428129916574e-09,0.9999999989581246,0.0,3.249581539290984e-14,Transitional,0.9999999989581246,2.2588452029475485e-08,1.4034994363537082e-08,{Transitional}
2025-07-24,1.443135621910811e-21,9.293517166621605e-10,0.9999999990706155,0.0,3.2735551760745834e-14,Transitional,0.9999999990706155,2.025558291561775e-08,1.2585501285342147e-08,{Transitional}
2025-07-25,1.780398494871014e-21,2.430840646809316e-09,0.9999999975691546,0.0,4.718027970062743e-15,Transitional,0.9999999975691546,5.064476996098476e-08,3.146736482949506e-08,{Transitional}
2025-07-28,1.6401412395541155e-31,4.007529569422511e-08,0.999999959868452,0.0,5.62522403436046e-11,Transitional,0.999999959868452,7.240388797138476e-07,4.498706499456182e-07,{Transitional}
2025-07-29,1.6153891499327045e-31,2.0231090563905183e-11,0.9999999999791537,0.0,6.151878120841956e-13,Transitional,0.9999999999791537,5.337399298451982e-10,3.31631264382218e-10,{Transitional}
2025-07-30,2.2510480399965495e-38,8.547860103560203e-12,0.9999999999077206,0.0,8.373156062300844e-11,Transitional,0.9999999999077206,2.2500420975016458e-09,1.3980297594075569e-09,{Transitional}
2025-07-31,3.1570259793994765e-36,7.992542024518774e-13,0.9999999999743717,0.0,2.48290073121542e-11,Transitional,0.9999999999743717,6.515624027801119e-10,4.0483848289288425e-10,{Transitional}
2025-08-01,5.258453017564243e-31,9.191587604865665e-12,0.9999999999884466,5.3420668017080144e-52,2.3618083252893095e-12,Transitional,0.9999999999884466,3.0558308452199593e-10,1.8986944582399868e-10,{Transitional}
2025-08-04,7.929293341302792e-26,7.512161614589019e-11,0.9999999999247733,0.0,1.0507046015698662e-13,Transitional,0.9999999999247733,1.8273546023786086e-09,1.1353992522861183e-09,{Transitional}
2025-08-05,3.1586766392815437e-31,7.609331824503496e-11,0.9999999999191534,0.0,4.753177993557674e-12,Transitional,0.9999999999191534,1.9747742019876396e-09,1.2269961995619998e-09,{Transitional}
2025-08-06,2.2609375297239145e-30,1.7950360927227832e-12,0.9999999999954093,0.0,2.795575786520853e-12,Transitional,0.9999999999954093,1.2486011820317582e-10,7.757995337287565e-11,{Transitional}
2025-08-07,4.964038994414223e-33,1.2351826940627736e-12,0.9999999999981105,0.0,6.543372790295537e-13,Transitional,0.9999999999981105,5.177599744463986e-11,3.2170235984023935e-11,{Transitional}
2025-08-08,5.69440390507282e-23,2.3043905342454515e-10,0.9999999997695597,0.0,1.3116296124430003e-15,Transitional,0.9999999997695597,5.342159789532632e-09,3.3192705032362478e-09,{Transitional}
2025-08-11,5.275213749844249e-24,6.325882343936604e-11,0.9999999999367362,0.0,4.971688472109126e-15,Transitional,0.9999999999367362,1.5469657343209534e-09,9.611838533002715e-10,{Transitional}
2025-08-12,5.218909401921729e-26,4.759818175369e-11,0.9999999999521109,0.0,2.90928971899582e-13,Transitional,0.9999999999521109,1.1851882587837885e-09,7.363988692122455e-10,{Transitional}
2025-08-13,2.1581379594872315e-26,4.619226981108458e-12,0.9999999999951396,0.0,2.4118259748751364e-13,Transitional,0.9999999999951396,1.3013275377826885e-10,8.085602605288275e-11,{Transitional}
2025-08-14,6.448975497592785e-21,8.462989973521556e-11,0.9999999999153467,0.0,2.334488212680754e-14,Transitional,0.9999999999153467,2.0461023824251803e-09,1.2713148898864154e-09,{Transitional}
2025-08-15,1.2156043956130108e-16,9.232869535463921e-10,0.9999999990767126,0.0,4.016450270149847e-16,Transitional,0.9999999990767126,2.0128515781356208e-08,1.2506550035791074e-08,{Transitional}
2025-08-18,1.646125551125684e-14,9.2181255932763e-09,0.9999999907818579,0.0,1.0164635555263624e-17,Transitional,0.9999999907818579,1.7977122434369142e-07,1.1169814191328881e-07,{Transitional}
2025-08-19,1.922944631781338e-14,6.115722002218439e-09,0.9999999938842588,0.0,2.7585823947231332e-17,Transitional,0.9999999938842588,1.2177727222409556e-07,7.566447346820645e-08,{Transitional}
2025-08-20,2.2497407185736658e-14,7.175457313675185e-09,0.9999999928245201,0.0,4.702457785602055e-17,Transitional,0.9999999928245201,1.4173257845444365e-07,8.80634023589568e-08,{Transitional}
2025-08-21,1.3312974385398313e-22,3.813515780639869e-05,0.9999618648375657,0.0,4.6279906879226755e-12,Transitional,0.9999618648375657,0.0004261359083427757,0.0002647731267236593,{Transitional}
2025-08-22,1.0208802703635604e-17,6.755447601759033e-10,0.9999999993244543,0.0,1.0066230552058842e-15,Transitional,0.9999999993244543,1.4938041117726506e-08,9.28152680033139e-09,{Transitional}
2025-08-25,9.579171201597216e-15,1.4937684128731193e-09,0.9999999985062219,0.0,1.1678812974888411e-16,Transitional,0.9999999985062219,3.184835384744125e-08,1.978849485363127e-08,{Transitional}
2025-08-26,7.089333283296978e-10,2.2190111639789404e-08,0.999999977100955,0.0,3.1426408134363328e-18,Transitional,0.999999977100955,4.289014026924111e-07,2.66491424974415e-07,{Transitional}
2025-08-27,3.2641053951501056e-08,3.209183004318441e-08,0.9999999352671161,0.0,4.255549482888524e-20,Transitional,0.9999999352671161,1.1811201708893688e-06,7.338712240865836e-07,{Transitional}
2025-08-28,4.3517166833766465e-10,9.942150835139933e-09,0.9999999896226774,0.0,8.619883288929607e-19,Transitional,0.9999999896226774,2.029534390903309e-07,1.2610206179583892e-07,{Transitional}
2025-08-29,2.0187619270441827e-12,2.2888769071750448e-09,0.9999999977091043,0.0,3.4313704730834048e-18,Transitional,0.9999999977091043,4.7880120370051484e-08,2.9749591456832278e-08,{Transitional}
2025-09-01,6.700055237137917e-11,5.440218788654087e-09,0.9999999944927807,0.0,2.703515644706939e-19,Transitional,0.9999999944927807,1.1059815594427982e-07,6.871849798605285e-08,{Transitional}
2025-09-02,2.7000408751690474e-10,1.9475282887126995e-08,0.999999980254713,0.0,1.3129733391181362e-19,Transitional,0.999999980254713,3.7145768036013387e-07,2.30799633518229e-07,{Transitional}
2025-09-03,1.6807540073221923e-09,1.636497395764341e-08,0.9999999819542721,0.0,7.026886393668895e-20,Transitional,0.9999999819542721,3.453939794324191e-07,2.1460534560792604e-07,{Transitional}
2025-09-04,5.929271644920101e-10,1.0089481628792432e-08,0.9999999893175912,0.0,1.6264717929907325e-19,Transitional,0.9999999893175912,2.09041949499301e-07,1.2988506601236187e-07,{Transitional}
2025-09-05,1.241093504179876e-08,3.554598365050988e-08,0.9999999520430813,0.0,1.430887127919934e-20,Transitional,0.9999999520430813,8.835914208400308e-07,5.49006217645075e-07,{Transitional}
2025-09-08,4.690057991919527e-08,2.9255404151785964e-07,0.9999996605453786,0.0,1.3282002389963387e-21,Transitional,0.9999996605453786,5.532273248649965e-06,3.437394636915817e-06,{Transitional}
2025-09-09,1.4707194942807161e-07,3.604015324238606e-07,0.9999994925265181,0.0,1.0756650338987067e-21,Transitional,0.9999994925265181,8.168190937514172e-06,5.0751823816307825e-06,{Transitional}
2025-09-10,1.1760658098207768e-11,4.681035522731352e-08,0.9999999531778841,0.0,2.845569066067622e-18,Transitional,0.9999999531778841,8.371410469417946e-07,5.201449776187449e-07,{Transitional}
2025-09-11,3.975990156465429e-08,1.1787298280960729e-07,0.9999998423671156,0.0,4.701920412270461e-20,Transitional,0.9999998423671156,2.7156600540542866e-06,1.687334461971972e-06,{Transitional}
2025-09-12,2.3769381261667797e-10,1.9297626217918785e-07,0.999999806786044,0.0,8.681737013674808e-20,Transitional,0.999999806786044,3.1820260793290584e-06,1.9771039657668985e-06,{Transitional}
2025-09-15,2.3366007984003162e-11,2.2769068203101004e-07,0.9999997722859519,0.0,4.268913736644063e-19,Transitional,0.9999997722859519,3.7108752678910135e-06,2.305696441733945e-06,{Transitional}
2025-09-16,4.3133351866005515e-10,4.869540979616332e-07,0.9999995126145685,0.0,4.1584988326899247e-20,Transitional,0.9999995126145685,7.574608198355159e-06,4.7063686892397025e-06,{Transitional}
2025-09-17,7.276093259547738e-10,1.633578737490434e-06,0.9999983656936532,0.0,1.902933138923352e-19,Transitional,0.9999983656936532,2.341661953479699e-05,1.4549563766260417e-05,{Transitional}
2025-09-18,4.1065279992043135e-09,8.604656123113913e-05,0.9999139493322409,0.0,2.3510674111033383e-17,Transitional,0.9999139493322409,0.0008915755961359685,0.0005539670646800889,{Transitional}
2025-09-19,1.860408729672904e-23,0.10137563487521241,0.8986243627577274,0.0,2.3670602548984407e-09,Transitional,0.8986243627577274,0.32809513065428564,0.20385696653440788,"{Transitional, Late-Cycle}"
2025-09-22,9.274751681173885e-17,5.784931890719551e-07,0.9999994215065784,0.0,2.3241485192251707e-13,Transitional,0.9999994215065784,8.887302204309842e-06,5.521991333526349e-06,{Transitional}
2025-09-23,2.3098283860990757e-17,3.095754888649864e-09,0.9999999969042053,0.0,3.983854146043226e-14,Transitional,0.9999999969042053,6.375074488123721e-08,3.961056489891003e-08,{Transitional}
2025-09-24,2.8110053210111663e-14,3.4996533576563554e-08,0.9999999650034379,0.0,4.191257319524581e-16,Transitional,0.9999999650034379,6.358164261478765e-07,3.9505495753251714e-07,{Transitional}
2025-09-25,1.0047642611116853e-13,2.2887345562041058e-08,0.9999999771125537,0.0,2.644689238730044e-16,Transitional,0.9999999771125537,4.2553800485849113e-07,2.6440162840137836e-07,{Transitional}
2025-09-26,1.830649137273492e-14,1.3626503747139447e-08,0.9999999863734761,0.0,1.7536145181980018e-15,Transitional,0.9999999863734761,2.604180820345766e-07,1.618068519590933e-07,{Transitional}
2025-09-29,1.2907930860625561e-09,2.637669681314724e-07,0.9999997349422388,0.0,6.2429376190572924e-18,Transitional,0.9999997349422388,4.287069430349764e-06,2.663706003958883e-06,{Transitional}
2025-09-30,5.476451222586839e-10,2.804251721993955e-07,0.9999997190271827,0.0,2.6733947056290772e-18,Transitional,0.9999997190271827,4.523411577923351e-06,2.810553636755196e-06,{Transitional}
2025-10-01,7.287268891833013e-11,1.3136850451244153e-07,0.9999998685586228,0.0,2.6714792567629127e-18,Transitional,0.9999998685586228,2.2147074299080315e-06,1.3760750960305928e-06,{Transitional}
2025-10-02,5.082550823116479e-10,2.1490191725883507e-07,0.9999997845898276,0.0,3.1594183830511325e-18,Transitional,0.9999997845898276,3.525691039605504e-06,2.1906350113706954e-06,{Transitional}
2025-10-03,8.343731236207191e-08,3.156873427546473e-06,0.99999675968926,0.0,1.3502275302888438e-19,Transitional,0.99999675968926,4.458499438170651e-05,2.7702214566498277e-05,{Transitional}
2025-10-06,4.924748530502025e-09,3.677166078369175e-06,0.9999963179091731,0.0,1.488036828012174e-19,Transitional,0.9999963179091731,4.9790019560312086e-05,3.09362785452283e-05,{Transitional}
2025-10-07,1.7752042368150388e-09,2.5319999289939976e-06,0.9999974662248667,0.0,4.628495739867609e-19,Transitional,0.9999974662248667,3.519815795960261e-05,2.1869845172448568e-05,{Transitional}
2025-10-08,1.555922232841994e-08,3.5438019683043836e-06,0.9999964406388093,0.0,1.552624736005155e-19,Transitional,0.9999964406388093,4.831489979746967e-05,3.0019735103915024e-05,{Transitional}
2025-10-09,3.434668166112787e-08,2.9035606468618736e-06,0.9999970620926715,2.8799657263197495e-73,8.911294466784248e-20,Transitional,0.9999970620926715,4.0547365946395314e-05,2.5193494966868166e-05,{Transitional}
2025-10-10,4.749302720699153e-09,2.9364694506159294e-06,0.9999970587812467,0.0,3.687659950584168e-19,Transitional,0.9999970587812467,4.043786942356355e-05,2.5125460952019987e-05,{Transitional}
2025-10-13,6.134398959612446e-08,6.649258126815194e-06,0.9999932893978836,0.0,1.6705514945062564e-19,Transitional,0.9999932893978836,8.69951432103313e-05,5.4053121613595265e-05,{Transitional}
2025-10-14,2.934786332560748e-10,1.922233028271492e-06,0.9999980774734931,1.089856463397567e-56,4.1496334311045606e-18,Transitional,0.9999980774734931,2.7229438639517025e-05,1.6918601475179277e-05,{Transitional}
2025-10-15,7.40639272962771e-10,1.3332369278037788e-06,0.9999986660224329,0.0,8.183815966026582e-19,Transitional,0.9999986660224329,1.9385441405222437e-05,1.2044851966923073e-05,{Transitional}
2025-10-16,2.524008469570843e-13,2.4787477825687886e-07,0.9999997521249693,0.0,3.545878019491343e-17,Transitional,0.9999997521249693,4.018140104618015e-06,2.4966108189541864e-06,{Transitional}
2025-10-17,9.735421268190424e-14,1.418781552681965e-07,0.9999998581217472,0.0,1.7574225900562548e-16,Transitional,0.9999998581217472,2.3790558483410254e-06,1.478190509842633e-06,{Transitional}
2025-10-20,3.3038585799523497e-13,6.488364668339795e-08,0.9999999351160227,0.0,2.3416385472231794e-16,Transitional,0.9999999351160227,1.1387588553469747e-06,7.07550658866191e-07,{Transitional}
2025-10-21,2.094756832329013e-12,4.816384543664958e-08,0.9999999518340595,0.0,2.975791593422428e-16,Transitional,0.9999999518340595,8.597155821689612e-07,5.341713249868302e-07,{Transitional}
2025-10-22,8.875082863463548e-15,3.190209517136865e-08,0.9999999680978916,0.0,4.4027169165770075e-15,Transitional,0.9999999680978916,5.825495919961218e-07,3.6195841262063894e-07,{Transitional}
2025-10-23,2.0403606599125088e-13,3.752411861325775e-08,0.9999999624756739,0.0,3.4161833729704045e-15,Transitional,0.9999999624756739,6.791259795308621e-07,4.219646960495405e-07,{Transitional}
2025-10-24,2.733941992590421e-10,1.9816885393982218e-07,0.9999998015577517,0.0,1.5052862213622602e-16,Transitional,0.9999998015577517,3.2630265020572096e-06,2.0274323581219953e-06,{Transitional}
2025-10-27,2.3036815316387923e-12,2.8444400911226713e-07,0.9999997155536869,0.0,2.8372467662755613e-16,Transitional,0.9999997155536869,4.57185276142462e-06,2.8406518363359468e-06,{Transitional}
2025-10-28,4.081636877892461e-12,1.1573732566710498e-07,0.9999998842585923,0.0,3.8581989089553516e-16,Transitional,0.9999998842585923,1.964395483942931e-06,1.2205475394648781e-06,{Transitional}
2025-10-29,3.3899337635317775e-11,1.9242773151991005e-07,0.999999807538369,0.0,1.2346183947799713e-16,Transitional,0.999999807538369,3.168890782049962e-06,1.96894254669157e-06,{Transitional}
2025-10-30,4.9781873833187893e-23,1.5432184895878356e-05,0.9999845677771972,0.0,3.7906880164738606e-11,Transitional,0.9999845677771972,0.00018640704022593256,0.00011582120614023074,{Transitional}
2025-10-31,2.0852393631011883e-16,3.668277472435023e-08,0.9999999633172049,0.0,2.0221487942017346e-14,Transitional,0.9999999633172049,6.647256239891193e-07,4.130172520813766e-07,{Transitional}
2025-11-03,4.403926779282665e-18,2.1714402307492174e-08,0.9999999782855017,0.0,9.60231718510525e-14,Transitional,0.9999999782855017,4.048720706271559e-07,2.5156116150813844e-07,{Transitional}
2025-11-04,5.724267686060373e-22,3.9158738958334806e-08,0.9999999608399036,0.0,1.3574339122386203e-12,Transitional,0.9999999608399036,7.070718803831075e-07,4.393284605267798e-07,{Transitional}
2025-11-05,1.0647138230428855e-17,5.54379998435799e-08,0.9999999445619943,0.0,5.9336126651316034e-15,Transitional,0.9999999445619943,9.816943009104951e-07,6.099609642137664e-07,{Transitional}
2025-11-06,2.222263029229722e-24,2.4056225207499877e-08,0.9999999758947125,0.0,4.906228415672844e-11,Transitional,0.9999999758947125,4.4728221477143605e-07,2.779120656446885e-07,{Transitional}
2025-11-07,1.1273766729451323e-25,1.7113515097776796e-10,0.9999999991815219,0.0,6.473428732953402e-10,Transitional,0.9999999991815219,1.8360640553665342e-08,1.140810739688421e-08,{Transitional}
2025-11-10,2.8233151863875552e-27,8.824921955697064e-11,0.9999999965746302,0.0,3.337120553059379e-09,Transitional,0.9999999965746302,7.05998651423221e-08,4.386616258812212e-08,{Transitional}
2025-11-11,5.201181071454303e-28,3.0381968435357184e-11,0.9999999946976195,0.0,5.2719985893023415e-09,Transitional,0.9999999946976195,1.0652396965541471e-07,6.618706371487717e-08,{Transitional}
2025-11-12,6.42697778043104e-28,2.6644629113143145e-11,0.9999999846232867,0.0,1.5350068668156255e-08,Transitional,0.9999999846232867,2.9220316146316764e-07,1.8155603220582895e-07,{Transitional}
2025-11-13,5.851889657566495e-29,1.9497896549647863e-11,0.9999999969265699,0.0,3.0539322059888463e-09,Transitional,0.9999999969265699,6.342923450232735e-08,3.941079926866984e-08,{Transitional}
2025-11-14,1.8762309414429973e-29,4.063393368664555e-12,0.9999999914166917,0.0,8.579244840979033e-09,Transitional,0.9999999914166917,1.6803719989618695e-07,1.0440738260107773e-07,{Transitional}
2025-11-17,2.5806839245555305e-24,2.6138624246682662e-11,0.9999999984875658,0.0,1.4862955258666063e-09,Transitional,0.9999999984875658,3.235828691092442e-08,2.010533408026037e-08,{Transitional}
2025-11-18,1.6422468434783524e-26,1.1337296507079927e-11,0.9999999967128881,0.0,3.275774589916129e-09,Transitional,0.9999999967128881,6.756774980432068e-08,4.1982203403007814e-08,{Transitional}
2025-11-19,7.703482293342354e-26,1.0539276646324451e-11,0.9999999953450863,0.0,4.644374400105449e-09,Transitional,0.9999999953450863,9.403278903025964e-08,5.842585681857416e-08,{Transitional}
2025-11-20,3.987740925496727e-27,4.3978194333511125e-12,0.9999883643749933,0.0,1.1635620608914241e-05,Transitional,0.9999883643749933,0.00014383306810903735,8.936850996103692e-05,{Transitional}
2025-11-21,7.832806953134913e-33,3.9581669383457476e-14,0.9498475523161591,0.0,0.05015244768380126,Transitional,0.9498475523161591,0.19896387184795405,0.12362320429437552,{Transitional}
2025-11-24,6.742109787467723e-43,5.604799054308174e-17,0.01312008969663839,0.0,0.9868799103033615,Post-Shock,0.9868799103033615,0.06989100297516944,0.04342572175988254,{Post-Shock}
2025-11-25,7.01998800950721e-52,4.655429116414224e-22,9.74440137598336e-06,0.0,0.999990255598624,Post-Shock,0.999990255598624,0.00012218322254091334,7.591670458174089e-05,{Post-Shock}
2025-11-26,1.6791056081354525e-55,4.660098666050011e-25,9.609480579256935e-08,0.0,0.9999999039051942,Post-Shock,0.9999999039051942,1.6487860015595406e-06,1.0244483423818013e-06,{Post-Shock}
2025-11-27,1.2970498408384224e-60,2.238245317060941e-27,3.118049826172662e-09,0.0,0.9999999968819502,Post-Shock,0.9999999968819502,6.418635500721784e-08,3.988122468802971e-08,{Post-Shock}
2025-11-28,3.443923924577467e-70,3.492462595599594e-30,5.884400096980331e-11,0.0,0.999999999941156,Post-Shock,0.999999999941156,1.4429894735104889e-09,8.965797700938483e-10,{Post-Shock}
2025-12-01,3.1211495350292294e-61,2.214182643509791e-27,1.1987675108477336e-08,0.0,0.9999999880123248,Post-Shock,0.9999999880123248,2.3063351818525232e-07,1.433006619288868e-07,{Post-Shock}
2025-12-02,4.638687407335817e-60,1.433004546413818e-26,6.648092723040981e-08,0.0,0.9999999335190728,Post-Shock,0.9999999335190728,1.1651660458903653e-06,7.239583688743718e-07,{Post-Shock}
2025-12-03,3.9816434897041993e-47,2.9082848556944367e-22,7.284589111836643e-05,0.0,0.9999271541088817,Post-Shock,0.9999271541088817,0.0007668580184433565,0.0004764756767060165,{Post-Shock}
2025-12-04,7.0028664463757585e-53,5.9799492209227784e-24,2.158250962315679e-06,0.0,0.9999978417490377,Post-Shock,0.9999978417490377,3.031524710868447e-05,1.8835922078432927e-05,{Post-Shock}
2025-12-05,3.323530775511147e-63,1.5967664670454306e-27,3.0454738672798003e-09,0.0,0.9999999969545261,Post-Shock,0.9999999969545261,6.27640268059949e-08,3.8997482488200565e-08,{Post-Shock}
2025-12-08,1.4198808846443415e-54,1.1080975926873214e-25,9.283305533244457e-07,0.0,0.9999990716694467,Post-Shock,0.9999990716694467,1.382272622197399e-05,8.58854269256564e-06,{Post-Shock}
2025-12-09,1.1092703299705608e-57,2.4507381747113785e-26,3.5824327301388935e-07,0.0,0.999999641756727,Post-Shock,0.999999641756727,5.675307050099853e-06,3.526266534579496e-06,{Post-Shock}
2025-12-10,3.1156790492985765e-55,1.0067829500727793e-26,1.6285519302980764e-07,0.0,0.999999837144807,Post-Shock,0.999999837144807,2.7083457082768203e-06,1.6827898034169837e-06,{Post-Shock}
2025-12-11,9.932207427534895e-59,7.606812034021432e-28,1.9009188773507826e-08,0.0,0.9999999809908112,Post-Shock,0.9999999809908112,3.569590735623323e-07,2.2179114261231143e-07,{Post-Shock}
2025-12-12,1.8614695908746443e-68,6.626113005093304e-32,4.677154404191411e-11,0.0,0.9999999999532284,Post-Shock,0.9999999999532284,1.1572782217581894e-09,7.190573881833886e-10,{Post-Shock}
2025-12-15,4.8465493044443766e-57,3.934756904379333e-28,1.7501655640536614e-08,0.0,0.9999999824983443,Post-Shock,0.9999999824983443,3.3009620809241075e-07,2.0510030585347405e-07,{Post-Shock}
2025-12-16,7.996601270119137e-64,1.2108432502786443e-29,2.8820240059877743e-09,0.0,0.9999999971179759,Post-Shock,0.9999999971179759,5.9554372141735967e-08,3.7003211917424285e-08,{Post-Shock}
2025-12-17,4.787935918968057e-63,1.641681987412685e-29,5.576749929734214e-09,0.0,0.99999999442325,Post-Shock,0.99999999442325,1.1155898458262273e-07,6.931549438518064e-08,{Post-Shock}
2025-12-18,1.866119432158081e-68,6.769401256532828e-31,5.501616964835204e-10,0.0,0.9999999994498383,Post-Shock,0.9999999994498383,1.2278055011513605e-08,7.62878450709812e-09,{Post-Shock}
2025-12-19,6.223078513589396e-62,6.460485289499542e-29,3.812718896744834e-08,0.0,0.999999961872811,Post-Shock,0.999999961872811,6.894267243745548e-07,4.2836490867291153e-07,{Post-Shock}
2025-12-22,3.0256415587754592e-74,1.117816677079956e-32,4.283941799285738e-11,0.0,0.9999999999571606,Post-Shock,0.9999999999571606,1.063580434832571e-09,6.60839679875579e-10,{Post-Shock}
2025-12-23,4.0063557702288326e-84,6.339422151856103e-36,6.466253176256485e-13,0.0,0.9999999999993534,Post-Shock,0.9999999999993534,1.719093268727703e-11,1.0681327036267966e-11,{Post-Shock}
2025-12-24,3.1650538709657074e-94,7.897477423318937e-39,2.48906799421131e-14,0.0,0.9999999999999751,Post-Shock,0.9999999999999751,-2.88076962851752e-13,-1.7899228086162505e-13,{Post-Shock}
2025-12-25,1.6167889604428888e-90,5.08753461542837e-38,9.528251225503864e-14,2.3841904277250217e-70,0.9999999999999047,Post-Shock,0.9999999999999047,1.7192494593846723e-12,1.0682297503384233e-12,{Post-Shock}
2025-12-26,5.240265663425841e-69,9.015710192675892e-31,5.911472061730308e-10,0.0,0.9999999994088528,Post-Shock,0.9999999994088528,1.3150409111960228e-08,8.170808585011932e-09,{Post-Shock}
2025-12-29,5.366023548513498e-71,1.9374086316952442e-31,1.3431501651076597e-09,0.0,0.9999999986568499,Post-Shock,0.9999999986568499,2.8779355365079462e-08,1.7881618882429463e-08,{Post-Shock}
2025-12-30,3.760509875305396e-87,1.1629826194908637e-36,5.930526688998944e-14,0.0,0.9999999999999407,Post-Shock,0.9999999999999407,6.944453194333122e-13,4.314831371053258e-13,{Post-Shock}
2025-12-31,5.160319214131179e-81,1.0377037038745993e-36,3.5574173469775675e-13,0.0,0.9999999999996443,Post-Shock,0.9999999999996443,9.076864401624665e-12,5.639772948989932e-12,{Post-Shock}
2026-01-01,2.562674968996216e-90,4.409200436922107e-39,6.812653414224694e-16,0.0,0.9999999999999993,Post-Shock,0.9999999999999993,-9.805991736971132e-13,-6.092805234183053e-13,{Post-Shock}
2026-01-02,1.0969998843735175e-88,9.929140991324555e-39,7.21760144010689e-15,0.0,0.9999999999999928,Post-Shock,0.9999999999999928,-7.933836374955953e-13,-4.929569704839925e-13,{Post-Shock}
2026-01-05,8.17340028303438e-95,1.120554768395818e-40,1.3821649450880565e-16,0.0,0.9999999999999999,Post-Shock,0.9999999999999999,-9.960478122010527e-13,-6.188793022121856e-13,{Post-Shock}
2026-01-06,3.369489726180787e-111,4.499636642257892e-46,2.6409667962497985e-20,0.0,1.0,Post-Shock,1.0,-1.0000881708557486e-12,-6.213897181924984e-13,{Post-Shock}
2026-01-07,2.457679466745153e-164,2.4552919505703518e-46,5.977574598464943e-38,0.0,1.0,Post-Shock,1.0,-1.000088900581841e-12,-6.213901715968123e-13,{Post-Shock}
2026-01-08,8.911596827184498e-124,4.322098599912961e-51,6.592840901729651e-23,0.0,1.0,Post-Shock,1.0,-1.0000888987601718e-12,-6.213901704649456e-13,{Post-Shock}
2026-01-09,8.34619539029322e-123,5.591472317603274e-50,1.4835759668653587e-21,0.0,1.0,Post-Shock,1.0,-1.0000888595891221e-12,-6.21390146126604e-13,{Post-Shock}
2026-01-12,3.485277695441351e-129,3.403000081547987e-52,2.3205616878579397e-23,0.0,1.0,Post-Shock,1.0,-1.0000888999406462e-12,-6.213901711984156e-13,{Post-Shock}
2026-01-13,3.2810948397386096e-130,2.983501076270665e-52,9.425796181099059e-23,0.0,1.0,Post-Shock,1.0,-1.0000888979773972e-12,-6.213901699785804e-13,{Post-Shock}
2026-01-14,5.563453275631418e-127,1.5469609221319206e-51,5.644475364030156e-22,0.0,1.0,Post-Shock,1.0,-1.0000888849855791e-12,-6.2139016190631e-13,{Post-Shock}
2026-01-15,2.7121581296257003e-116,1.2240701654294926e-48,3.657451679163044e-20,0.0,1.0,Post-Shock,1.0,-1.0000878899905966e-12,-6.213895436811677e-13,{Post-Shock}
2026-01-16,2.995691941938761e-107,1.1712075572451749e-45,1.3326295333954952e-18,0.0,1.0,Post-Shock,1.0,-1.00005207866884e-12,-6.213672928559075e-13,{Post-Shock}
2026-01-19,1.6128110273694775e-101,5.271272075083455e-44,2.326390133993225e-17,0.0,1.0,Post-Shock,1.0,-9.994460957738813e-13,-6.209907745135241e-13,{Post-Shock}
2026-01-20,1.596189857746358e-122,8.708132018506381e-47,1.3447541068877141e-21,0.0,1.0,Post-Shock,1.0,-1.000088863424912e-12,-6.213901485099142e-13,{Post-Shock}
2026-01-21,1.6378072946857493e-116,3.018982509557633e-47,1.1661718357792289e-18,0.0,1.0,Post-Shock,1.0,-1.0000566780645818e-12,-6.213701506211597e-13,{Post-Shock}
2026-01-22,1.1967820962878844e-126,1.9755656913686696e-49,8.85750192613021e-20,0.0,1.0,Post-Shock,1.0,-1.0000864531636213e-12,-6.21388650930373e-13,{Post-Shock}
2026-01-23,1.525673649052564e-122,1.3960157397778883e-48,3.2685370926096597e-19,0.0,1.0,Post-Shock,1.0,-1.0000798692802054e-12,-6.213845601336016e-13,{Post-Shock}
2026-01-26,1.1844102247465609e-115,4.3488104665334917e-47,1.469635776041856e-18,0.0,1.0,Post-Shock,1.0,-1.0000482930468403e-12,-6.2136494071671e-13,{Post-Shock}
2026-01-27,2.1474457273272027e-114,2.724804733660342e-46,6.563764400163611e-18,0.0,1.0,Post-Shock,1.0,-9.999075371121829e-13,-6.212774841372608e-13,{Post-Shock}
2026-01-28,5.5312282844818306e-117,9.7738773195367e-47,3.6381287469764735e-18,0.0,1.0,Post-Shock,1.0,-9.999883753828468e-13,-6.213277117788737e-13,{Post-Shock}
2026-01-29,1.2745433170446297e-125,2.3820356690304954e-49,1.0050722642033976e-19,0.0,1.0,Post-Shock,1.0,-1.0000861234645555e-12,-6.213884460768255e-13,{Post-Shock}
2026-01-30,2.895287044579282e-118,6.410509465665069e-47,7.767538411089044e-18,0.0,1.0,Post-Shock,1.0,-9.998742756243197e-13,-6.21256817612876e-13,{Post-Shock}
2026-02-02,3.7293368965752205e-129,4.5744725442059685e-51,6.1008349042889996e-21,0.0,1.0,Post-Shock,1.0,-1.000088732009543e-12,-6.213900668569545e-13,{Post-Shock}
2026-02-03,3.870176498047305e-136,8.714308906521954e-53,5.795860443579715e-22,0.0,1.0,Post-Shock,1.0,-1.0000888845672867e-12,-6.213901616464102e-13,{Post-Shock}
2026-02-04,1.9281950569000877e-167,5.669544689377682e-56,4.533070371705889e-30,0.0,1.0,Post-Shock,1.0,-1.0000889005818408e-12,-6.213901715968122e-13,{Post-Shock}
2026-02-05,1.4464774400923292e-163,7.448050504595965e-61,3.4220858339097495e-26,0.0,1.0,Post-Shock,1.0,-1.0000889005808955e-12,-6.213901715962248e-13,{Post-Shock}
2026-02-06,3.1225559509874195e-174,7.68590138199148e-64,1.910705855603276e-28,0.0,1.0,Post-Shock,1.0,-1.0000889005818357e-12,-6.213901715968091e-13,{Post-Shock}
2026-02-09,9.209341682732112e-172,3.724205304442266e-64,1.9120582179967822e-28,0.0,1.0,Post-Shock,1.0,-1.0000889005818357e-12,-6.213901715968091e-13,{Post-Shock}
2026-02-10,9.21808634643134e-170,8.95414325337302e-64,3.5566745126242066e-28,0.0,1.0,Post-Shock,1.0,-1.000088900581831e-12,-6.213901715968061e-13,{Post-Shock}
2026-02-11,1.2928253802838638e-187,1.2874018727349807e-68,1.874310470054034e-31,0.0,1.0,Post-Shock,1.0,-1.000088900581841e-12,-6.213901715968123e-13,{Post-Shock}
2026-02-12,2.2170083100901177e-202,1.6179179638083853e-70,2.7981578227409167e-35,0.0,1.0,Post-Shock,1.0,-1.000088900581841e-12,-6.213901715968123e-13,{Post-Shock}
2026-02-13,3.2276287229410584e-210,2.968810644847276e-75,2.3106764644290697e-35,0.0,1.0,Post-Shock,1.0,-1.000088900581841e-12,-6.213901715968123e-13,{Post-Shock}
2026-02-16,6.819697350013762e-198,2.1562074452617228e-72,9.758104414698967e-34,0.0,1.0,Post-Shock,1.0,-1.000088900581841e-12,-6.213901715968123e-13,{Post-Shock}
2026-02-17,7.547197305070265e-193,8.637473129157943e-71,5.654451870338943e-33,0.0,1.0,Post-Shock,1.0,-1.000088900581841e-12,-6.213901715968123e-13,{Post-Shock}
2026-02-18,6.55548045743357e-182,2.793790974080925e-68,1.2516129555137294e-31,0.0,1.0,Post-Shock,1.0,-1.000088900581841e-12,-6.213901715968123e-13,{Post-Shock}
2026-02-19,1.2009541439335571e-173,9.96603676840446e-66,3.737477812676281e-30,0.0,1.0,Post-Shock,1.0,-1.0000889005818408e-12,-6.213901715968122e-13,{Post-Shock}
2026-02-20,4.935528179529759e-164,1.084862474310652e-62,7.4741486449026305e-28,0.0,1.0,Post-Shock,1.0,-1.0000889005818204e-12,-6.213901715967996e-13,{Post-Shock}
2026-02-23,1.046041224612918e-158,8.121082475146374e-61,7.912137511702265e-27,0.0,1.0,Post-Shock,1.0,-1.0000889005816223e-12,-6.213901715966765e-13,{Post-Shock}
2026-02-24,1.7213435083455597e-163,4.287059274328324e-62,8.092288831413656e-28,0.0,1.0,Post-Shock,1.0,-1.0000889005818186e-12,-6.213901715967984e-13,{Post-Shock}
2026-02-25,2.49125520062524e-140,1.040816623525324e-55,2.518030530276825e-24,0.0,1.0,Post-Shock,1.0,-1.0000889005122653e-12,-6.213901715535825e-13,{Post-Shock}
2026-02-26,3.2377331656585564e-150,2.681006647345171e-58,6.396785949929931e-26,0.0,1.0,Post-Shock,1.0,-1.0000889005800735e-12,-6.213901715957142e-13,{Post-Shock}
2026-02-27,1.7252433474107895e-153,1.2297224440381556e-58,4.5942235264076376e-26,0.0,1.0,Post-Shock,1.0,-1.0000889005805715e-12,-6.213901715960236e-13,{Post-Shock}
2026-03-02,8.891904830018175e-163,6.538787931975322e-62,5.193660980582705e-28,0.0,1.0,Post-Shock,1.0,-1.0000889005818266e-12,-6.213901715968034e-13,{Post-Shock}
2026-03-03,1.2254013184122764e-146,1.8486787052416216e-57,3.5622059503075575e-25,0.0,1.0,Post-Shock,1.0,-1.0000889005719982e-12,-6.213901715906967e-13,{Post-Shock}
2026-03-04,5.075633149865886e-126,4.702496590872808e-52,2.9930411021088486e-22,0.0,1.0,Post-Shock,1.0,-1.0000888923117627e-12,-6.213901664583238e-13,{Post-Shock}
2026-03-05,3.013217667642344e-136,2.685502899410569e-54,2.3209760030295267e-23,0.0,1.0,Post-Shock,1.0,-1.0000888999405317e-12,-6.213901711983444e-13,{Post-Shock}
2026-03-06,8.258994506463239e-133,3.3884645477188777e-54,3.121496677812263e-23,0.0,1.0,Post-Shock,1.0,-1.0000888997193396e-12,-6.213901710609101e-13,{Post-Shock}
2026-03-09,1.3860166120388899e-152,9.87153229562147e-59,8.096217738894494e-27,0.0,1.0,Post-Shock,1.0,-1.0000889005816172e-12,-6.213901715966733e-13,{Post-Shock}
2026-03-10,1.12842543337008e-142,4.475023784148883e-56,8.099062848229978e-25,0.0,1.0,Post-Shock,1.0,-1.0000889005594625e-12,-6.213901715829077e-13,{Post-Shock}
2026-03-11,3.381887324245357e-144,4.683857697225378e-56,4.9535456747227e-25,5.757811470286762e-109,1.0,Post-Shock,1.0,-1.000088900568154e-12,-6.21390171588308e-13,{Post-Shock}
2026-03-12,1.0596641746418594e-143,6.533131941236432e-57,1.1251495293242347e-24,3.492976997862265e-54,1.0,Post-Shock,1.0,-1.000088900550752e-12,-6.213901715774957e-13,{Post-Shock}
2026-03-13,1.1430908192951304e-142,1.8541174711904675e-56,3.414327549594417e-24,0.0,1.0,Post-Shock,1.0,-1.0000889004874996e-12,-6.213901715381948e-13,{Post-Shock}
2026-03-16,4.479886383057568e-170,1.9848481887622318e-60,2.4249877857340745e-29,0.0,1.0,Post-Shock,1.0,-1.0000889005818404e-12,-6.21390171596812e-13,{Post-Shock}
2026-03-17,2.1718954242716418e-156,3.880531600706141e-59,8.388327771028405e-26,3.5825429586777007e-37,1.0,Post-Shock,1.0,-1.0000889005795232e-12,-6.213901715953722e-13,{Post-Shock}
2026-03-18,4.2839005687254494e-166,1.1772250596016245e-61,1.0267494270308742e-27,0.0,1.0,Post-Shock,1.0,-1.0000889005818127e-12,-6.213901715967947e-13,{Post-Shock}
2026-03-19,2.3685890920767447e-163,5.880680118580051e-61,2.7382640725198197e-27,0.0,1.0,Post-Shock,1.0,-1.0000889005817653e-12,-6.213901715967652e-13,{Post-Shock}
2026-03-20,3.1535934962424917e-155,1.2222425048465748e-58,4.4704018142234594e-26,0.0,1.0,Post-Shock,1.0,-1.0000889005806057e-12,-6.213901715960448e-13,{Post-Shock}
2026-03-23,3.606323328519325e-132,1.2898266891247065e-52,1.3830447676748367e-22,0.0,1.0,Post-Shock,1.0,-1.0000888967603471e-12,-6.213901692223847e-13,{Post-Shock}
2026-03-24,3.020019702397005e-124,4.0787650743896436e-51,6.883911024894165e-22,0.0,1.0,Post-Shock,1.0,-1.0000888815608919e-12,-6.213901597784321e-13,{Post-Shock}
2026-03-25,1.6188951778665153e-119,1.3918745250001176e-50,1.788919239323588e-21,0.0,1.0,Post-Shock,1.0,-1.0000888511521757e-12,-6.213901408844345e-13,{Post-Shock}
2026-03-26,2.8848753240997006e-108,8.998177036687754e-48,7.685770797502716e-20,0.0,1.0,Post-Shock,1.0,-1.000086776924895e-12,-6.213888520945628e-13,{Post-Shock}
2026-03-27,1.4168923136525242e-110,1.2804270636974548e-47,8.02414347892945e-20,0.0,1.0,Post-Shock,1.0,-1.0000866834290683e-12,-6.213887940023394e-13,{Post-Shock}
2026-03-30,1.2756336270520833e-105,5.120264550752616e-47,3.38750553346269e-19,0.0,1.0,Post-Shock,1.0,-1.0000795405582633e-12,-6.213843558871752e-13,{Post-Shock}
2026-03-31,9.689669480867171e-112,2.531598490410085e-48,3.309427368261735e-20,0.0,1.0,Post-Shock,1.0,-1.000087986153267e-12,-6.213896034303941e-13,{Post-Shock}
2026-04-01,1.65901291161623e-108,2.6093308224102455e-47,3.6993413328508725e-19,0.0,1.0,Post-Shock,1.0,-1.0000786789241294e-12,-6.21383820523787e-13,{Post-Shock}
2026-04-02,3.6049195214852034e-102,3.018951660556048e-45,5.8682072743654436e-18,0.0,1.0,Post-Shock,1.0,-9.99926756057166e-13,-6.212894255391843e-13,{Post-Shock}
2026-04-03,1.1345424809777103e-106,1.9059163050834347e-46,2.9278896093923384e-18,0.0,1.0,Post-Shock,1.0,-1.0000080000107913e-12,-6.213399052457933e-13,{Post-Shock}
2026-04-06,1.5738230138611218e-98,2.5264322457170523e-44,8.070948458548932e-17,0.0,0.9999999999999999,Post-Shock,0.9999999999999999,-9.976367770178366e-13,-6.198665815626395e-13,{Post-Shock}
2026-04-07,8.312262742902546e-104,1.559652677378751e-45,1.1104090019245408e-17,0.0,1.0,Post-Shock,1.0,-9.997820833593461e-13,-6.211995353379517e-13,{Post-Shock}
2026-04-08,6.051603068611215e-118,2.9021256686659724e-48,1.0749708244246374e-19,0.0,1.0,Post-Shock,1.0,-1.0000859303276978e-12,-6.213883260741486e-13,{Post-Shock}
2026-04-09,4.3893343149297346e-129,2.3932057499379498e-51,1.9520895957368246e-21,0.0,1.0,Post-Shock,1.0,-1.0000888466436123e-12,-6.213901380831065e-13,{Post-Shock}
2026-04-10,1.0755261271706566e-147,8.538358044255416e-55,5.2295773581256685e-24,0.0,1.0,Post-Shock,1.0,-1.0000889004373425e-12,-6.213901715070304e-13,{Post-Shock}
2026-04-13,3.8334374092545084e-141,5.463949983903542e-54,2.0072460979940445e-22,0.0,1.0,Post-Shock,1.0,-1.000088895035615e-12,-6.213901681507484e-13,{Post-Shock}
2026-04-14,1.732569864139815e-130,4.8925126949722817e-51,1.3386647700223674e-20,0.0,1.0,Post-Shock,1.0,-1.0000885306950959e-12,-6.213899417732557e-13,{Post-Shock}
2026-04-15,1.682492571206623e-123,9.089406827643817e-50,2.3717567090792392e-19,0.0,1.0,Post-Shock,1.0,-1.0000823471759263e-12,-6.213860997367771e-13,{Post-Shock}
2026-04-16,6.725269781032717e-118,1.2823088102185415e-48,2.238604688165996e-18,0.0,1.0,Post-Shock,1.0,-1.0000270456534434e-12,-6.213517389689242e-13,{Post-Shock}
2026-04-17,6.23381691420783e-122,4.445120107690386e-49,4.481057584125991e-19,0.0,1.0,Post-Shock,1.0,-1.0000765189623689e-12,-6.213824784640878e-13,{Post-Shock}
2026-04-20,8.416827344348036e-137,2.0729449744307753e-52,6.319843502612303e-22,0.0,1.0,Post-Shock,1.0,-1.000088883119468e-12,-6.213901607468299e-13,{Post-Shock}
2026-04-21,8.022599179364274e-127,2.2254131179185125e-49,2.1263462126264683e-19,0.0,1.0,Post-Shock,1.0,-1.000083025270176e-12,-6.213865210604235e-13,{Post-Shock}
2026-04-22,1.6695400828206127e-118,2.3158203464130943e-47,1.8554395269212155e-18,0.0,1.0,Post-Shock,1.0,-1.000037632896536e-12,-6.213583171929184e-13,{Post-Shock}
2026-04-23,4.45328967698292e-110,4.5255468850126224e-45,1.2609216584012418e-17,0.0,1.0,Post-Shock,1.0,-9.99740495211144e-13,-6.211736951686102e-13,{Post-Shock}
2026-04-24,3.460257906130267e-107,4.490043180089192e-43,7.494312832122474e-16,0.0,0.9999999999999992,Post-Shock,0.9999999999999992,-9.78493731987661e-13,-6.079723389315438e-13,{Post-Shock}
2026-04-27,2.0857874523336408e-102,2.2407565944447336e-42,1.806985595226815e-15,0.0,0.9999999999999982,Post-Shock,0.9999999999999982,-9.48386948854958e-13,-5.892659428039853e-13,{Post-Shock}
2026-04-28,1.7890781701690055e-101,9.761104114032271e-42,5.919849406381153e-15,0.0,0.9999999999999941,Post-Shock,0.9999999999999941,-8.305571535931631e-13,-5.160541746758255e-13,{Post-Shock}
2026-04-29,6.599449072815889e-104,8.082064391474702e-42,3.660724734884902e-15,0.0,0.9999999999999963,Post-Shock,0.9999999999999963,-8.951779562856777e-13,-5.562053368879686e-13,{Post-Shock}
2026-04-30,1.6006479026992513e-113,5.258840141019041e-44,6.822762066991541e-17,0.0,0.9999999999999999,Post-Shock,0.9999999999999999,-9.979816618043455e-13,-6.200808705288956e-13,{Post-Shock}
2026-05-01,1.865838070880894e-108,1.2462009657487479e-42,1.152660250285918e-15,0.0,0.9999999999999989,Post-Shock,0.9999999999999989,-9.671308257025876e-13,-6.009121682985006e-13,{Post-Shock}
2026-05-04,1.1574984747984837e-104,5.915696268903331e-41,1.1794685934194885e-14,0.0,0.9999999999999882,Post-Shock,0.9999999999999882,-6.625596210214391e-13,-4.116714387691971e-13,{Post-Shock}
2026-05-05,1.6146635594264728e-87,1.6663787284818763e-36,6.5592680115829296e-12,3.222735862854134e-181,0.9999999999934407,Post-Shock,0.9999999999934407,1.735306845416207e-10,1.0782067652375255e-10,{Post-Shock}
2026-05-06,2.4498324313178343e-76,1.299208611003967e-33,5.363891197094634e-10,0.0,0.9999999994636108,Post-Shock,0.9999999994636108,1.1984238749628267e-08,7.446226199247044e-09,{Post-Shock}
2026-05-07,8.556601999122249e-70,1.792755273475422e-32,1.7195029990746486e-09,0.0,0.999999998280497,Post-Shock,0.999999998280497,3.641918973757394e-08,2.262851487230959e-08,{Post-Shock}
2026-05-08,1.983164598751263e-69,3.3892905840362027e-32,5.28286638129372e-09,0.0,0.9999999947171336,Post-Shock,0.9999999947171336,1.0596594446821356e-07,6.584034317170493e-08,{Post-Shock}
2026-05-11,2.3088275659777538e-60,3.3731914336858225e-30,1.236677082462348e-07,0.0,0.9999998763322917,Post-Shock,0.9999998763322917,2.0906831659105223e-06,1.2990144880758965e-06,{Post-Shock}
2026-05-12,4.730587550614227e-55,6.306268852110862e-29,2.3799799897834418e-07,0.0,0.999999762002001,Post-Shock,0.999999762002001,3.867704302979062e-06,2.4031397999874244e-06,{Post-Shock}
2026-05-13,6.80564900527746e-60,3.429019202803488e-28,2.5687844533673756e-07,0.0,0.9999997431215547,Post-Shock,0.9999997431215547,4.154920210987676e-06,2.5815970773944364e-06,{Post-Shock}
2026-05-14,4.137070864270794e-43,1.0259628827882076e-24,1.2598893361199733e-05,2.836871795800773e-51,0.9999874011066388,Post-Shock,0.9999874011066388,0.0001547382868667419,9.614430334421352e-05,{Post-Shock}
2026-05-15,1.8816577024379566e-49,1.2388033414660287e-25,8.720246313369521e-06,0.0,0.9999912797536866,Post-Shock,0.9999912797536866,0.00011030988180985561,6.853938319560515e-05,{Post-Shock}
2026-05-18,7.195836620143654e-59,7.66582134596131e-27,5.918637770413908e-07,0.0,0.999999408136223,Post-Shock,0.999999408136223,9.079181852341395e-06,5.641212862079356e-06,{Post-Shock}
2026-05-19,1.6708565105215773e-56,1.865874552119649e-26,2.4624907255415797e-05,0.0,0.9999753750927446,Post-Shock,0.9999753750927446,0.00028593801425569776,0.00017766327737566933,{Post-Shock}
2026-05-20,8.755663832060066e-70,1.2438136789996832e-27,7.411255400212216e-07,0.0,0.99999925887446,Post-Shock,0.99999925887446,1.120218126731033e-05,6.960306564649174e-06,{Post-Shock}
2026-05-21,2.733102264805048e-78,3.808716788338757e-26,1.8834673138348165e-05,0.0,0.9999811653268617,Post-Shock,0.9999811653268617,0.00022375217909257792,0.00013902504555405747,{Post-Shock}
2026-05-22,1.3009745442070383e-60,3.941387965200197e-21,0.16616933166748907,0.0,0.833830668332511,Post-Shock,0.833830668332511,0.44975988792022237,0.27945153052844973,"{Post-Shock, Transitional}"
2026-05-25,1.2323245215235015e-52,4.377784888544055e-19,0.9637329419385846,0.0,0.03626705806141542,Transitional,0.9637329419385846,0.15589353678091908,0.0968621004740388,{Transitional}
2026-05-26,7.707572048548546e-46,1.2246724014239021e-17,0.9997171501076895,0.0,0.0002828498923105011,Transitional,0.9997171501076895,0.002593861578872499,0.0016116568143654355,{Transitional}
2026-05-27,4.070497707016668e-37,1.3972906256804041e-16,0.9999999096437894,0.0,9.03562104532771e-08,Transitional,0.9999999096437894,1.5558873156546462e-06,9.667271434544098e-07,{Transitional}
2026-05-28,1.4439168831190676e-33,7.923844399099768e-17,0.9999999869626667,0.0,1.30373331589681e-08,Transitional,0.9999999869626667,2.4973397032390826e-07,1.5516844010851758e-07,{Transitional}
2026-05-29,7.845125148024736e-37,2.8483567544686047e-16,0.9999999867750697,0.0,1.3224929867568847e-08,Transitional,0.9999999867750697,2.531385354164675e-07,1.5728381533750683e-07,{Transitional}
2026-06-01,2.5140420447613063e-30,1.4953875835787624e-15,0.9999999993782827,0.0,6.217158024598569e-10,Transitional,0.9999999993782827,1.379922557296326e-08,8.57394091835045e-09,{Transitional}
2026-06-02,1.15866401760848e-39,1.532530435339295e-14,0.9999999326292117,0.0,6.737077295551445e-08,Transitional,0.9999999326292117,1.179866458068179e-06,7.33092248512873e-07,{Transitional}
2026-06-03,2.379325197635976e-29,2.4093980415157907e-14,0.9999999999143852,0.0,8.55908066002017e-11,Transitional,0.9999999999143852,2.0684042598534372e-09,1.2851718254388578e-09,{Transitional}
2026-06-04,1.137955710745371e-22,1.4497931310604774e-13,0.9999999999973651,0.0,2.489894889247123e-12,Transitional,0.9999999999973651,7.130750194632427e-11,4.430584205542878e-11,{Transitional}
2026-06-05,5.906122925563618e-23,4.011992394436802e-13,0.9999999999990397,0.0,5.59115017593133e-13,Transitional,0.9999999999990397,2.611106835920447e-11,1.622371895024786e-11,{Transitional}
2026-06-08,1.3588605491844251e-24,2.4240399105808503e-13,0.9999999999993131,0.0,4.4448589078312444e-13,Transitional,0.9999999999993131,1.8450311355184234e-11,1.1463822998477858e-11,{Transitional}
2026-06-09,4.3446546088193414e-33,1.7284917162771706e-13,0.9999999998483783,0.0,1.5144883273429226e-10,Transitional,0.9999999998483783,3.5787486863586546e-09,2.2236015808439513e-09,{Transitional}
2026-06-10,2.388860417420541e-29,1.4314978494022662e-13,0.9999999999964339,0.0,3.4230465982413624e-12,Transitional,0.9999999999964339,9.599518138470636e-11,5.96451597437046e-11,{Transitional}
2026-06-11,1.730865449985486e-35,3.8350909139780265e-13,0.9999999998307338,8.409978419680566e-47,1.6888269595145178e-10,Transitional,0.9999999998307338,3.977908855992822e-09,2.4716137387224005e-09,{Transitional}
2026-06-12,1.2571165674626592e-30,1.2835473081988882e-12,0.999999999994245,0.0,4.4713574827411764e-12,Transitional,0.999999999994245,1.5510981471093393e-10,9.637514657297164e-11,{Transitional}
2026-06-15,3.233754128070652e-29,1.4054342300666283e-12,0.9999999999956337,0.0,2.9608955164421512e-12,Transitional,0.9999999999956337,1.1870327998559314e-10,7.37544947018598e-11,{Transitional}
2026-06-16,5.53067762934563e-32,6.625497258474587e-13,0.9999999999976141,0.0,1.723272042973645e-12,Transitional,0.9999999999976141,6.524534160839013e-11,4.05392100585686e-11,{Transitional}
2026-06-17,3.52084046341894e-25,7.32824246592224e-12,0.9999999999926417,0.0,3.013005813864773e-14,Transitional,0.9999999999926417,1.9414348339917853e-10,1.206281285530037e-10,{Transitional}
2026-06-18,1.2214783363258763e-19,3.6033778605928346e-11,0.9999999999639653,0.0,9.143546698652652e-16,Transitional,0.9999999999639653,9.005622193859743e-10,5.595507676490431e-10,{Transitional}
2026-06-19,1.8593805573515588e-32,1.0687450368120122e-11,0.9999999999885325,0.0,7.799951903370813e-13,Transitional,0.9999999999885325,3.005997286037098e-10,1.867731127006231e-10,{Transitional}
2026-06-22,3.983858865838895e-25,1.9859105397191212e-11,0.9999999999798852,0.0,2.5572970368898596e-13,Transitional,0.9999999999798852,5.145222173351866e-10,3.196906282374246e-10,{Transitional}
2026-06-23,7.94144223195767e-22,3.879697307557613e-10,0.9999999996120104,0.0,1.9902829973853736e-14,Transitional,0.9999999996120104,8.793880946587058e-09,5.463945442472687e-09,{Transitional}
2026-06-24,7.067688594634968e-22,6.754809334477266e-10,0.9999999993245181,0.0,9.484096336843057e-16,Transitional,0.9999999993245181,1.4936691479855494e-08,9.280688223173126e-09,{Transitional}
2026-06-25,3.102542646483922e-24,3.16014740855053e-10,0.999999999683982,0.0,3.300953017391135e-15,Transitional,0.999999999683982,7.227006640581929e-09,4.490391698087853e-09,{Transitional}
2026-06-26,4.1394200278102966e-22,4.8745856398017e-10,0.999999999512541,0.0,3.638372487152017e-16,Transitional,0.999999999512541,1.0937466813190085e-08,6.795830226621388e-09,{Transitional}
2026-06-29,4.049057002707859e-25,1.0345464229160859e-10,0.9999999998965449,0.0,4.787866378632108e-16,Transitional,0.9999999998965449,2.480090718605223e-09,1.540967004346477e-09,{Transitional}
2026-06-30,6.982626623420347e-23,4.1865163657925306e-10,0.9999999995813482,0.0,9.474415772948595e-17,Transitional,0.9999999995813482,9.457011499249458e-09,5.875971621015658e-09,{Transitional}
2026-07-01,3.6851156484861095e-22,1.571680223381021e-09,0.9999999984283198,0.0,4.932473648527184e-18,Transitional,0.9999999984283198,3.342940003303304e-08,2.077085408189167e-08,{Transitional}
2026-07-02,5.1009371856938146e-20,2.576530127397359e-08,0.9999999742346988,0.0,5.3591716572539015e-20,Transitional,0.9999999742346988,4.759922859523914e-07,2.957506358431092e-07,{Transitional}
2026-07-03,8.101570012726487e-21,8.174863627090574e-09,0.9999999918251363,0.0,1.2345640811052438e-19,Transitional,0.9999999918251363,1.6040682389592253e-07,9.966636342828821e-08,{Transitional}
2026-07-06,2.1569585704447145e-11,1.0663162830996972e-06,0.9999989336621473,0.0,2.1434133893456245e-21,Transitional,0.9999989336621473,1.5730099767335794e-05,9.773660509553752e-06,{Transitional}
2026-07-07,5.395346175892391e-09,5.5954124841627606e-06,0.9999943991921697,0.0,2.1817896536432844e-22,Transitional,0.9999943991921697,7.337198044371261e-05,4.55885746675033e-05,{Transitional}
2026-07-08,2.531753585444492e-15,2.3523354190055427e-06,0.9999976476645784,0.0,4.139763987365097e-21,Transitional,0.9999976476645784,3.283883752388658e-05,2.0403916963917795e-05,{Transitional}
2026-07-09,4.0096646177474394e-18,1.0378614162270868e-06,0.9999989621385837,0.0,1.540610498962729e-20,Transitional,0.9999989621385837,1.533787494994564e-05,9.529957528307984e-06,{Transitional}
2026-07-10,4.070059001071228e-14,3.066854424445024e-07,0.9999996933145169,0.0,4.890856046607397e-21,Transitional,0.9999996933145169,4.906182072258941e-06,3.04838231680455e-06,{Transitional}
2026-07-13,3.0327065565836965e-28,7.610291940422256e-06,0.9999923897080593,0.0,3.568590793150786e-16,Transitional,0.9999923897080593,9.730523047805654e-05,6.045913901139121e-05,{Transitional}
2026-07-14,4.472783028089401e-20,1.2975137261968876e-07,0.9999998702486274,0.0,7.559625249627767e-19,Transitional,0.9999998702486274,2.1873006650391913e-06,1.3590463155743214e-06,{Transitional}
2026-07-15,3.1990499549502076e-12,7.515357694472929e-05,0.9999248464198562,0.0,2.6615998920019244e-21,Transitional,0.9999248464198562,0.0007888074643689475,0.0004901136342538133,{Transitional}
2026-07-16,1.1665370536032518e-09,0.00038390625173271334,0.9996160925817302,0.0,2.0402915374450382e-22,Transitional,0.9996160925817302,0.0034033234412890823,0.002114603747678545,{Transitional}
2026-07-17,4.512550747227766e-17,0.0010252587506416274,0.9989747412493584,0.0,1.0026833729975784e-20,Transitional,0.9989747412493584,0.008081394437814665,0.005021252684169986,{Transitional}
2026-07-20,8.68536975450519e-12,0.0012018939944204196,0.9987981059968942,0.0,2.865049638736855e-22,Transitional,0.9987981059968942,0.00928253456949609,0.005767563009285187,{Transitional}
2026-07-21,9.57314151482567e-13,0.0041609582871713555,0.9958390417118713,0.0,1.1023173592045098e-21,Transitional,0.9958390417118713,0.026962703907624508,0.016752869867994066,{Transitional}
2026-07-22,9.381950321796308e-17,0.011569982172914672,0.9884300178270853,0.0,1.2402134033469751e-20,Transitional,0.9884300178270853,0.06309728938458163,0.039204550170657916,{Transitional}
2026-07-23,4.557682071915133e-23,0.1313237067404111,0.8686762932595888,0.0,1.5280109847899886e-18,Transitional,0.8686762932595888,0.38889529421872365,0.24163423218393165,"{Transitional, Late-Cycle}"
2026-07-24,5.542557108740462e-11,0.6319973810483509,0.3680026188962235,0.0,3.1302020770261038e-22,Late-Cycle,0.6319973810483509,0.6578840782723275,0.4087663607211472,"{Late-Cycle, Transitional}"
2026-07-27,8.029128340574544e-08,0.9185380306653844,0.08146188904333224,0.0,1.1228776830006963e-23,Late-Cycle,0.9185380306653844,0.2823267589064593,0.17541947826957222,{Late-Cycle}
2026-07-28,0.0033702516596114513,0.9778027085072432,0.01882703983314534,0.0,2.2351679420820148e-26,Late-Cycle,0.9778027085072432,0.11592483297342679,0.07202814850937807,{Late-Cycle}
2026-07-29,0.984904047361694,0.015095901090806267,5.1547499765863006e-08,0.0,7.098797751121685e-34,Risk-On,0.984904047361694,0.07828442147677814,0.048640845895311015,{Risk-On}
2026-07-30,0.9995620804785895,0.00043791951842368716,2.9868162783805295e-12,0.0,2.69120072706512e-39,Risk-On,0.9995620804785895,0.0038244635253782476,0.002376272794266516,{Risk-On}
2026-07-31,0.9995400981334943,0.00045990186623084457,2.748057953888192e-13,0.0,4.777169835537856e-40,Risk-On,0.9995400981334943,0.003993910807995911,0.0024815563105230662,{Risk-On}
2026-08-03,0.999999983426263,1.6573736995504295e-08,1.8001847961497874e-20,1.2759490197002288e-197,1.1009421830750939e-48,Risk-On,0.999999983426263,3.1349763546501976e-07,1.947870328162511e-07,{Risk-On}
2026-08-04,0.9999982847481782,1.7152518217888095e-06,7.401242760543889e-19,2.9397076261804734e-83,6.062491692871379e-47,Risk-On,0.9999982847481782,2.4486846894784667e-05,1.5214533412942265e-05,{Risk-On}
2026-08-05,0.9940072183062404,0.005992781693745792,1.3845086156312304e-14,1.2559403780447154e-22,3.118355148372793e-41,Risk-On,0.9940072183062404,0.03664104899432244,0.022766363779082865,{Risk-On}
2026-08-06,0.9999998755579081,1.2444209188754323e-07,1.9316415374671228e-19,0.0,1.7326684754017166e-49,Risk-On,0.9999998755579081,2.1029978350840713e-06,1.3066660222409668e-06,{Risk-On}
2026-08-07,0.9999999926877705,7.312229486642273e-09,2.7296546351438868e-22,0.0,1.7508688103428955e-52,Risk-On,0.9999999926877705,1.4429547191568986e-07,8.965581759998347e-08,{Risk-On}
2026-08-10,0.9999999999965197,3.4802948000484642e-12,9.086596393345578e-29,0.0,7.53035737778087e-61,Risk-On,0.9999999999965197,9.342508907026217e-11,5.804827160369725e-11,{Risk-On}
2026-08-11,0.9999999998748585,1.2514145540959162e-10,8.975081012794385e-26,0.0,5.973078006468811e-57,Risk-On,0.9999999998748585,2.9765679024123188e-09,1.8494456228575992e-09,{Risk-On}
2026-08-12,0.9999999424323325,5.7567667509202525e-08,4.2879727987706695e-23,0.0,5.502765871685694e-53,Risk-On,0.9999999424323325,1.0172362272978132e-06,6.320444047197532e-07,{Risk-On}
2026-08-13,0.9999225275596347,7.747244036525848e-05,2.4032569069138784e-19,0.0,9.588775581812838e-48,Risk-On,0.9999225275596347,0.000810791661852822,0.000503773184158802,{Risk-On}
2026-08-14,0.9999993438945634,6.561054366720551e-07,4.120170369546155e-20,0.0,1.1443156382426001e-48,Risk-On,0.9999993438945634,9.997039800754624e-06,6.21151007039171e-06,{Risk-On}
2026-08-17,0.999999996157628,3.842371960935675e-09,8.761988192920092e-23,0.0,1.3635789680633896e-51,Risk-On,0.999999996157628,7.829468972289587e-08,4.864722591534062e-08,{Risk-On}
2026-08-18,0.9999999999163232,8.367689024686205e-11,4.395285064586874e-25,0.0,9.454518898595534e-55,Risk-On,0.9999999999163232,2.0233262314041666e-09,1.257163271582254e-09,{Risk-On}
2026-08-19,0.9999999999887985,1.120150479722788e-11,1.7814955253523377e-26,0.0,2.3414339506298325e-56,Risk-On,0.9999999999887985,2.9168929352172574e-10,1.8123674810206087e-10,{Risk-On}
2026-08-20,0.9999999999999785,2.153786104217848e-14,6.940463586022506e-29,1.66023321156644e-221,1.1135773809689909e-57,Risk-On,0.9999999999999785,-3.8389643521736983e-13,-2.3852826645345274e-13,{Risk-On}
2026-08-21,0.999999999999652,3.4810356538233194e-13,1.9847798226815743e-28,0.0,1.075817575186669e-57,Risk-On,0.999999999999652,8.86255587490714e-12,5.506615574566331e-12,{Risk-On}
2026-08-24,0.9999999999998285,1.715287294174274e-13,1.5853849061401745e-29,1.2404806974884708e-199,1.1420010310101217e-59,Risk-On,0.9999999999998285,3.8839108957653695e-12,2.413209522255739e-12,{Risk-On}
2026-08-25,0.9999999999996746,3.254044574357649e-13,1.3673273887778711e-30,0.0,1.841589322836315e-61,Risk-On,0.9999999999996746,8.225013741339307e-12,5.1104883747269664e-12,{Risk-On}
2026-08-26,0.9999999850468657,1.4953134239958685e-08,7.374580822830559e-25,0.0,5.0627172748614136e-54,Risk-On,0.9999999850468657,2.8438186446504263e-07,1.7669638714732768e-07,{Risk-On}
2026-08-27,0.9999806558383874,1.9344161612655014e-05,8.542569026128865e-20,0.0,6.238324810867498e-47,Risk-On,0.9999806558383874,0.00022928847804330456,0.00014246494150030962,{Risk-On}
2026-08-28,0.9999983059553531,1.6940446469043764e-06,2.8652512519842067e-21,0.0,1.8316935988221215e-49,Risk-On,0.9999983059553531,2.420516987843329e-05,1.5039517642420637e-05,{Risk-On}
2026-08-31,0.9999996247938189,3.752061811574186e-07,1.728013459181164e-22,0.0,6.677477175893429e-51,Risk-On,0.9999996247938189,5.926676028514103e-06,3.6824508623328303e-06,{Risk-On}
2026-09-01,0.9999999996479295,3.52070464743535e-10,4.093615229553563e-30,0.0,4.371647858718167e-61,Risk-On,0.9999999996479295,8.013656544174156e-09,4.9791647644576545e-09,{Risk-On}
2026-09-02,0.9999999999320605,6.793955938884498e-11,5.897235874881251e-30,0.0,6.422050706263772e-61,Risk-On,0.9999999999320605,1.6565751725492773e-09,1.029288026428983e-09,{Risk-On}
2026-09-03,0.9999999999960953,3.904696245461166e-12,1.3819232519959026e-31,0.0,6.681880473854593e-63,Risk-On,0.9999999999960953,1.0458619963359864e-10,6.498305950518052e-11,{Risk-On}
2026-09-04,0.9999999837603497,1.6239650294036777e-08,1.2603056084644e-27,0.0,2.490246104301371e-58,Risk-On,0.9999999837603497,3.0750893293817017e-07,1.9106604272363403e-07,{Risk-On}
2026-09-07,0.999998907078737,1.0929212630656142e-06,1.4312979039806768e-25,0.0,7.587191114775767e-56,Risk-On,0.999998907078737,1.6095073303962656e-05,1.0000431318049792e-05,{Risk-On}
2026-09-08,0.9999999977561507,2.243849283948242e-09,1.6156444209858437e-30,0.0,4.772928860713073e-63,Risk-On,0.9999999977561507,4.692827189666993e-08,2.9158174747913084e-08,{Risk-On}
2026-09-09,0.9999970555125068,2.9444874931429993e-06,1.8755205745621654e-25,0.0,2.72743276059294e-54,Risk-On,0.9999970555125068,4.0444224766552024e-05,2.5129409748639833e-05,{Risk-On}
