Date,FII Gross Purchase (Rs. Cr),FII Gross Sales (Rs. Cr),DII Gross Purchase (Rs. Cr),DII Gross Sales (Rs. Cr),FII Net (Rs. Cr),DII Net (Rs. Cr)
01-Jan-2010,5680.27,4355.31,5792.34,3331.32,1324.96,2461.02
04-Jan-2010,3377.06,4898.48,4035.02,3836.94,-1521.42,198.08
05-Jan-2010,2755.48,3772.64,4373.56,2310.3,-1017.16,2063.26
06-Jan-2010,2626.94,6002.31,5680.62,3028.93,-3375.37,2651.69
07-Jan-2010,8204.29,4889.62,4468.98,3645.18,3314.67,823.8
08-Jan-2010,4394.11,2363.06,2761.84,5004.37,2031.05,-2242.53
11-Jan-2010,4339.15,2814.83,3467.81,3733.43,1524.32,-265.62
12-Jan-2010,1722.81,4303.08,2406.22,1704.07,-2580.27,702.15
13-Jan-2010,2170.59,4375.53,3574.38,7288.01,-2204.94,-3713.63
14-Jan-2010,5607.75,5494.04,5401.55,9078.04,113.71,-3676.49
15-Jan-2010,6456.04,4634.98,2075.48,3722.66,1821.06,-1647.18
18-Jan-2010,2046.63,1997.85,1807.6,2481.19,48.78,-673.59
19-Jan-2010,4741.14,4315.74,3173.7,4500.85,425.4,-1327.15
20-Jan-2010,5591.29,2545.08,7243.19,2877.87,3046.21,4365.32
21-Jan-2010,3789.21,2950.73,3737.74,3521.26,838.48,216.48
22-Jan-2010,2480.31,2164.73,5866.87,2809.1,315.58,3057.77
25-Jan-2010,3417.38,3427.01,4463.71,3802.96,-9.63,660.75
26-Jan-2010,4023.82,9428.61,3112.76,3139.46,-5404.79,-26.7
27-Jan-2010,7080.87,3909.17,4333.24,4516.32,3171.7,-183.08
28-Jan-2010,6849.14,6097.95,4705.06,5115.92,751.19,-410.86
29-Jan-2010,2120.81,3358.72,1815.24,4875.81,-1237.91,-3060.57
01-Feb-2010,7170.73,3107.89,4371.36,5429.6,4062.84,-1058.24
02-Feb-2010,8326.17,5032.51,4248.97,5519.0,3293.66,-1270.03
03-Feb-2010,3442.43,6011.41,2880.25,1829.15,-2568.98,1051.1
04-Feb-2010,1073.99,10338.09,3487.93,1687.72,-9264.1,1800.21
05-Feb-2010,4836.6,3970.37,2979.42,1964.31,866.23,1015.11
08-Feb-2010,3718.29,4186.68,3187.2,3374.48,-468.39,-187.28
09-Feb-2010,8045.82,5206.26,4464.85,3514.26,2839.56,950.59
10-Feb-2010,4024.28,4657.6,5462.68,5734.85,-633.32,-272.17
11-Feb-2010,4242.84,3772.24,3039.04,3655.97,470.6,-616.93
12-Feb-2010,9412.89,2905.56,3828.06,1645.03,6507.33,2183.03
15-Feb-2010,6649.3,3738.76,3325.67,1943.87,2910.54,1381.8
16-Feb-2010,3015.19,5447.05,6065.86,3986.31,-2431.86,2079.55
17-Feb-2010,3969.96,5459.29,3752.73,4502.56,-1489.33,-749.83
18-Feb-2010,4504.07,9316.2,3722.98,5966.95,-4812.13,-2243.97
19-Feb-2010,5011.45,6925.46,4337.62,4656.01,-1914.01,-318.39
22-Feb-2010,3670.24,5777.78,3029.86,4102.25,-2107.54,-1072.39
23-Feb-2010,3869.89,4693.74,3999.14,3166.64,-823.85,832.5
24-Feb-2010,3289.17,6669.55,4865.21,2740.75,-3380.38,2124.46
25-Feb-2010,5023.28,4798.05,2480.08,2852.87,225.23,-372.79
26-Feb-2010,7721.48,5525.54,4332.62,4406.09,2195.94,-73.47
01-Mar-2010,10286.41,5731.28,4137.09,2385.71,4555.13,1751.38
02-Mar-2010,2870.77,3052.64,2040.76,2133.62,-181.87,-92.86
03-Mar-2010,2433.45,6587.23,5401.82,5266.37,-4153.78,135.45
04-Mar-2010,5180.34,12560.41,4067.26,3187.19,-7380.07,880.07
05-Mar-2010,4085.08,4566.24,3349.48,3539.24,-481.16,-189.76
08-Mar-2010,4106.29,4361.11,3281.5,2333.18,-254.82,948.32
09-Mar-2010,5318.83,3292.01,4797.44,8050.9,2026.82,-3253.46
10-Mar-2010,4175.59,5208.86,1696.57,1745.57,-1033.27,-49.0
11-Mar-2010,4308.77,3661.61,4502.79,3500.99,647.16,1001.8
12-Mar-2010,1521.8,8690.81,1787.74,3618.32,-7169.01,-1830.58
15-Mar-2010,4195.46,1668.37,4956.0,3670.55,2527.09,1285.45
16-Mar-2010,4732.96,6808.27,3618.48,5386.18,-2075.31,-1767.7
17-Mar-2010,6583.2,3304.88,4537.23,3400.94,3278.32,1136.29
18-Mar-2010,7055.83,9722.58,3118.76,4890.02,-2666.75,-1771.26
19-Mar-2010,3533.81,4163.53,2331.13,4771.13,-629.72,-2440.0
22-Mar-2010,5965.59,6403.0,3138.0,3267.38,-437.41,-129.38
23-Mar-2010,8447.78,6257.12,5211.84,4007.82,2190.66,1204.02
24-Mar-2010,4738.35,6942.57,5560.02,2815.42,-2204.22,2744.6
25-Mar-2010,3571.99,2289.89,1862.06,2757.4,1282.1,-895.34
26-Mar-2010,4660.85,2809.06,2697.94,4040.06,1851.79,-1342.12
29-Mar-2010,3604.51,4278.02,3035.81,2432.03,-673.51,603.78
30-Mar-2010,1974.76,9190.13,5710.86,4624.04,-7215.37,1086.82
31-Mar-2010,5584.12,2148.65,3516.7,3076.35,3435.47,440.35
01-Apr-2010,9600.14,4423.55,3954.23,3329.38,5176.59,624.85
02-Apr-2010,4789.46,4338.95,3609.53,2703.78,450.51,905.75
05-Apr-2010,5182.79,3978.52,5123.93,2808.37,1204.27,2315.56
06-Apr-2010,3530.29,3727.98,7758.84,1523.31,-197.69,6235.53
07-Apr-2010,2442.54,3589.47,3330.53,5111.0,-1146.93,-1780.47
08-Apr-2010,5554.66,4025.38,5689.28,3971.54,1529.28,1717.74
09-Apr-2010,3554.85,6467.09,2732.63,3377.6,-2912.24,-644.97
12-Apr-2010,5523.6,6202.78,3629.03,2445.15,-679.18,1183.88
13-Apr-2010,4963.98,10146.37,3408.08,5773.4,-5182.39,-2365.32
14-Apr-2010,5031.08,8333.11,3995.86,1413.4,-3302.03,2582.46
15-Apr-2010,11546.41,5031.96,2809.72,5166.78,6514.45,-2357.06
16-Apr-2010,4628.53,4632.69,5482.62,2194.84,-4.16,3287.78
19-Apr-2010,1810.56,5470.85,1959.43,1895.67,-3660.29,63.76
20-Apr-2010,2818.34,10929.03,3564.25,2752.67,-8110.69,811.58
21-Apr-2010,4132.82,4527.51,2509.46,4384.37,-394.69,-1874.91
22-Apr-2010,5286.8,3043.76,6433.29,5055.17,2243.04,1378.12
23-Apr-2010,6881.26,4278.76,2762.88,4129.98,2602.5,-1367.1
26-Apr-2010,4919.04,9029.12,5268.01,5847.03,-4110.08,-579.02
27-Apr-2010,5203.65,3727.09,4643.25,4370.89,1476.56,272.36
28-Apr-2010,6923.58,3349.64,3015.19,3076.57,3573.94,-61.38
29-Apr-2010,4410.34,2237.63,3679.69,4105.43,2172.71,-425.74
30-Apr-2010,2901.86,4358.61,4290.55,4478.73,-1456.75,-188.18
03-May-2010,3931.14,5795.61,1467.24,6861.58,-1864.47,-5394.34
04-May-2010,3991.69,3300.47,4198.72,3383.96,691.22,814.76
05-May-2010,4521.43,2467.76,3486.78,2664.38,2053.67,822.4
06-May-2010,7869.18,5074.05,4985.96,2946.54,2795.13,2039.42
07-May-2010,4613.63,4130.91,3823.01,4375.95,482.72,-552.94
10-May-2010,4509.1,1915.83,3440.57,4783.65,2593.27,-1343.08
11-May-2010,4862.89,6326.25,2475.45,4016.19,-1463.36,-1540.74
12-May-2010,4554.63,4681.74,5383.53,4242.42,-127.11,1141.11
13-May-2010,3846.66,8364.58,3718.83,4873.08,-4517.92,-1154.25
14-May-2010,4550.71,3183.21,3746.01,3080.95,1367.5,665.06
17-May-2010,3046.83,3977.0,6688.16,4440.52,-930.17,2247.64
18-May-2010,1849.6,4113.88,5401.69,4345.38,-2264.28,1056.31
19-May-2010,11667.29,4796.11,4554.97,4696.12,6871.18,-141.15
20-May-2010,5221.87,7254.47,5655.64,3425.27,-2032.6,2230.37
21-May-2010,3819.62,3007.71,2132.91,3195.55,811.91,-1062.64
24-May-2010,5479.28,3481.13,2867.9,4396.98,1998.15,-1529.08
25-May-2010,2749.48,3417.57,3958.23,2935.9,-668.09,1022.33
26-May-2010,11494.57,5611.84,2090.66,3690.12,5882.73,-1599.46
27-May-2010,6218.84,9085.51,4737.52,2541.62,-2866.67,2195.9
28-May-2010,2248.21,3758.99,4135.08,2301.62,-1510.78,1833.46
31-May-2010,5172.16,7724.82,3308.08,3461.08,-2552.66,-153.0
01-Jun-2010,3682.02,1774.07,6203.95,3693.7,1907.95,2510.25
02-Jun-2010,5466.63,3036.43,5974.34,3558.89,2430.2,2415.45
03-Jun-2010,2363.36,6604.78,2925.82,1998.06,-4241.42,927.76
04-Jun-2010,3916.63,2916.65,3105.81,3849.35,999.98,-743.54
07-Jun-2010,4308.13,6533.44,5184.56,2852.63,-2225.31,2331.93
08-Jun-2010,6850.04,4090.03,3958.41,3346.09,2760.01,612.32
09-Jun-2010,8764.6,6458.6,2698.72,4699.28,2306.0,-2000.56
10-Jun-2010,3916.56,4970.36,3946.47,2140.14,-1053.8,1806.33
11-Jun-2010,4549.09,2765.24,4421.24,4512.88,1783.85,-91.64
14-Jun-2010,3291.65,5634.89,4796.56,2979.28,-2343.24,1817.28
15-Jun-2010,5978.55,3006.03,5171.13,1893.09,2972.52,3278.04
16-Jun-2010,5487.91,4464.69,5768.91,4440.67,1023.22,1328.24
17-Jun-2010,3998.23,2489.94,5393.08,3569.11,1508.29,1823.97
18-Jun-2010,7274.91,5443.4,4535.49,2590.32,1831.51,1945.17
21-Jun-2010,6658.56,8426.32,2122.4,1788.54,-1767.76,333.86
22-Jun-2010,4600.1,5998.5,2179.32,4893.74,-1398.4,-2714.42
23-Jun-2010,2767.05,4293.61,4109.71,1967.12,-1526.56,2142.59
24-Jun-2010,16915.7,6114.84,2725.76,2898.78,10800.86,-173.02
25-Jun-2010,2189.23,7259.51,4970.06,4352.74,-5070.28,617.32
28-Jun-2010,5561.95,2247.45,2710.41,2527.34,3314.5,183.07
29-Jun-2010,8087.24,2633.64,3110.54,3958.22,5453.6,-847.68
30-Jun-2010,7611.5,3627.39,2321.75,2332.38,3984.11,-10.63
01-Jul-2010,3262.28,4344.23,1637.37,4106.69,-1081.95,-2469.32
02-Jul-2010,6848.02,6602.52,3661.92,5367.86,245.5,-1705.94
05-Jul-2010,6658.79,3294.93,2518.37,4768.27,3363.86,-2249.9
06-Jul-2010,4123.99,5987.15,4232.86,3216.25,-1863.16,1016.61
07-Jul-2010,7075.28,4658.54,2859.87,2905.72,2416.74,-45.85
08-Jul-2010,5303.49,4153.29,3067.91,4425.46,1150.2,-1357.55
09-Jul-2010,7970.97,5336.26,4562.26,2467.13,2634.71,2095.13
12-Jul-2010,3440.2,7096.22,4747.92,2106.27,-3656.02,2641.65
13-Jul-2010,4518.04,3590.7,2090.49,4100.79,927.34,-2010.3
14-Jul-2010,3357.21,3487.42,3512.98,1668.78,-130.21,1844.2
15-Jul-2010,6678.6,9845.31,4826.05,3699.48,-3166.71,1126.57
16-Jul-2010,2281.54,2095.46,4438.62,3303.56,186.08,1135.06
19-Jul-2010,6109.96,5297.62,5317.0,5706.54,812.34,-389.54
20-Jul-2010,2851.67,3470.75,5787.88,1677.37,-619.08,4110.51
21-Jul-2010,3154.73,3322.06,1543.94,3655.26,-167.33,-2111.32
22-Jul-2010,3272.19,4092.76,2637.79,2485.39,-820.57,152.4
23-Jul-2010,8645.42,4408.06,3477.97,4314.68,4237.36,-836.71
26-Jul-2010,5183.8,1468.91,3154.11,2455.05,3714.89,699.06
27-Jul-2010,5606.9,2037.71,2094.22,5386.41,3569.19,-3292.19
28-Jul-2010,2107.6,1863.68,2878.92,3209.3,243.92,-330.38
29-Jul-2010,2376.33,6634.25,2125.59,2148.48,-4257.92,-22.89
30-Jul-2010,9842.03,2113.04,2754.59,3731.53,7728.99,-976.94
02-Aug-2010,7168.93,3479.78,3773.94,4221.51,3689.15,-447.57
03-Aug-2010,3678.4,13928.29,1793.32,2435.36,-10249.89,-642.04
04-Aug-2010,4272.13,5302.03,3273.36,4684.38,-1029.9,-1411.02
05-Aug-2010,5444.05,5699.47,9973.75,4958.24,-255.42,5015.51
06-Aug-2010,3217.02,3235.09,5516.01,3631.26,-18.07,1884.75
09-Aug-2010,10435.6,1278.52,2382.94,5408.64,9157.08,-3025.7
10-Aug-2010,4614.3,6763.41,4254.56,3408.17,-2149.11,846.39
11-Aug-2010,2142.19,4708.81,2240.81,3468.73,-2566.62,-1227.92
12-Aug-2010,3400.84,3887.8,3363.12,7598.35,-486.96,-4235.23
13-Aug-2010,2920.19,4661.41,2172.43,4042.3,-1741.22,-1869.87
16-Aug-2010,3196.08,2417.81,2245.66,3169.82,778.27,-924.16
17-Aug-2010,2883.05,2723.55,3033.34,2271.88,159.5,761.46
18-Aug-2010,5067.71,4387.37,4915.99,5724.14,680.34,-808.15
19-Aug-2010,3436.99,2572.89,5945.23,4082.97,864.1,1862.26
20-Aug-2010,6244.76,6445.96,3450.63,3670.09,-201.2,-219.46
23-Aug-2010,2090.03,3875.69,4080.76,6034.84,-1785.66,-1954.08
24-Aug-2010,2091.49,3415.12,2225.98,3528.84,-1323.63,-1302.86
25-Aug-2010,2333.41,3175.29,5225.86,3785.53,-841.88,1440.33
26-Aug-2010,5786.36,3288.12,2893.56,2368.68,2498.24,524.88
27-Aug-2010,4629.84,4214.6,3848.11,4385.31,415.24,-537.2
30-Aug-2010,4596.72,4666.41,2899.9,5629.16,-69.69,-2729.26
31-Aug-2010,3070.7,3334.71,2857.98,3290.37,-264.01,-432.39
01-Sep-2010,5324.08,3010.44,2279.58,2753.82,2313.64,-474.24
02-Sep-2010,5461.75,3875.13,6244.36,2685.07,1586.62,3559.29
03-Sep-2010,3782.6,4194.18,2706.23,3670.4,-411.58,-964.17
06-Sep-2010,7127.14,6870.77,7146.91,2866.67,256.37,4280.24
07-Sep-2010,6385.69,7344.3,2964.64,3774.72,-958.61,-810.08
08-Sep-2010,2112.73,2697.84,2535.36,3065.65,-585.11,-530.29
09-Sep-2010,6737.61,6599.06,5349.77,3226.34,138.55,2123.43
10-Sep-2010,5365.32,9597.99,4529.93,3988.79,-4232.67,541.14
13-Sep-2010,4960.07,5552.02,5991.59,3177.28,-591.95,2814.31
14-Sep-2010,3593.68,3794.68,2333.24,3889.02,-201.0,-1555.78
15-Sep-2010,6292.64,13679.61,4889.14,3778.54,-7386.97,1110.6
16-Sep-2010,5026.53,6690.47,5061.69,4088.22,-1663.94,973.47
17-Sep-2010,7931.5,3637.56,3526.52,3943.11,4293.94,-416.59
20-Sep-2010,8256.25,4036.08,4349.01,6669.53,4220.17,-2320.52
21-Sep-2010,4251.61,3197.33,5577.47,1672.0,1054.28,3905.47
22-Sep-2010,2029.86,5027.06,3046.46,5608.76,-2997.2,-2562.3
23-Sep-2010,4830.09,2632.87,3073.2,5162.82,2197.22,-2089.62
24-Sep-2010,3611.71,6092.73,3665.83,7402.58,-2481.02,-3736.75
27-Sep-2010,4705.94,4253.61,5405.68,2944.25,452.33,2461.43
28-Sep-2010,4967.63,4041.99,3915.71,3519.49,925.64,396.22
29-Sep-2010,5279.92,4142.9,4066.29,3766.8,1137.02,299.49
30-Sep-2010,3172.62,7415.13,5171.7,3241.86,-4242.51,1929.84
01-Oct-2010,5357.16,4041.94,6356.85,2328.28,1315.22,4028.57
04-Oct-2010,9905.73,4154.86,5276.76,5021.63,5750.87,255.13
05-Oct-2010,9597.97,4451.91,1908.4,1889.84,5146.06,18.56
06-Oct-2010,8022.6,3155.88,4633.9,6340.49,4866.72,-1706.59
07-Oct-2010,4809.49,3859.31,3766.34,7672.4,950.18,-3906.06
08-Oct-2010,6667.53,9423.46,3504.45,3921.09,-2755.93,-416.64
11-Oct-2010,7453.31,5644.6,4519.57,2175.14,1808.71,2344.43
12-Oct-2010,2872.59,3538.82,2260.88,4932.09,-666.23,-2671.21
13-Oct-2010,2196.25,3725.89,7244.07,2655.97,-1529.64,4588.1
14-Oct-2010,10873.68,10229.82,3023.61,3571.81,643.86,-548.2
15-Oct-2010,2810.77,3587.28,2700.22,2884.09,-776.51,-183.87
18-Oct-2010,3802.4,3714.48,3601.74,2596.68,87.92,1005.06
19-Oct-2010,3031.68,2677.61,3036.76,1937.96,354.07,1098.8
20-Oct-2010,8185.49,5545.3,3854.03,2424.51,2640.19,1429.52
21-Oct-2010,7114.26,5085.77,2498.53,2125.91,2028.49,372.62
22-Oct-2010,10063.72,8668.19,6194.16,2034.61,1395.53,4159.55
25-Oct-2010,3308.38,2908.96,2864.23,3868.31,399.42,-1004.08
26-Oct-2010,3721.48,2219.31,2011.25,2318.83,1502.17,-307.58
27-Oct-2010,2743.1,1923.02,2934.57,4165.1,820.08,-1230.53
28-Oct-2010,4009.99,8332.13,4843.38,4226.08,-4322.14,617.3
29-Oct-2010,5422.43,2451.69,3471.62,4364.01,2970.74,-892.39
01-Nov-2010,7957.13,6528.09,2046.92,6689.44,1429.04,-4642.52
02-Nov-2010,6255.8,5228.31,3840.93,2416.64,1027.49,1424.29
03-Nov-2010,4342.43,5868.29,2243.06,3547.0,-1525.86,-1303.94
04-Nov-2010,8111.66,4680.79,2341.13,2122.38,3430.87,218.75
05-Nov-2010,4175.3,5193.2,5551.21,3507.64,-1017.9,2043.57
08-Nov-2010,4911.71,3896.93,4021.09,3939.98,1014.78,81.11
09-Nov-2010,6356.93,2973.23,7879.89,2890.19,3383.7,4989.7
10-Nov-2010,4621.8,2334.54,4914.07,1876.55,2287.26,3037.52
11-Nov-2010,4915.08,7108.27,2703.55,3507.22,-2193.19,-803.67
12-Nov-2010,3462.96,2475.59,1562.28,4488.97,987.37,-2926.69
15-Nov-2010,2199.11,2850.22,4281.27,5606.55,-651.11,-1325.28
16-Nov-2010,3577.79,2390.84,5575.66,3755.25,1186.95,1820.41
17-Nov-2010,6511.96,4616.85,4000.44,3474.43,1895.11,526.01
18-Nov-2010,5617.82,6657.35,5166.55,3068.5,-1039.53,2098.05
19-Nov-2010,7497.28,3523.81,3356.62,1618.37,3973.47,1738.25
22-Nov-2010,4246.61,3551.37,13121.38,3701.23,695.24,9420.15
23-Nov-2010,8554.82,6093.98,3225.81,2971.73,2460.84,254.08
24-Nov-2010,3609.54,5575.31,5157.96,1540.65,-1965.77,3617.31
25-Nov-2010,2354.45,2056.81,4555.12,5831.0,297.64,-1275.88
26-Nov-2010,5171.46,4044.12,5087.43,3163.31,1127.34,1924.12
29-Nov-2010,5501.93,3122.97,3234.78,4916.87,2378.96,-1682.09
30-Nov-2010,4733.8,12110.24,2598.04,3855.37,-7376.44,-1257.33
01-Dec-2010,12684.29,4206.27,5221.89,2957.18,8478.02,2264.71
02-Dec-2010,8104.44,3958.91,3910.45,3437.82,4145.53,472.63
03-Dec-2010,4979.8,2369.51,2716.06,4872.11,2610.29,-2156.05
06-Dec-2010,5063.57,3020.92,5091.46,4205.86,2042.65,885.6
07-Dec-2010,5930.29,9921.1,3221.46,2942.89,-3990.81,278.57
08-Dec-2010,3965.87,6041.8,3021.61,3615.03,-2075.93,-593.42
09-Dec-2010,3075.56,2347.54,2513.47,7395.84,728.02,-4882.37
10-Dec-2010,3228.31,4424.14,3390.01,2413.9,-1195.83,976.11
13-Dec-2010,5590.99,9702.83,3807.73,2353.28,-4111.84,1454.45
14-Dec-2010,6846.16,4106.66,5189.86,2226.57,2739.5,2963.29
15-Dec-2010,4292.24,5049.87,3472.56,3004.69,-757.63,467.87
16-Dec-2010,5275.87,4937.35,2179.63,2956.18,338.52,-776.55
17-Dec-2010,3094.33,2654.8,2882.92,7662.73,439.53,-4779.81
20-Dec-2010,6198.32,4800.12,1404.8,2632.11,1398.2,-1227.31
21-Dec-2010,3642.48,2946.76,2112.73,2976.79,695.72,-864.06
22-Dec-2010,4746.92,5752.25,2869.02,2541.69,-1005.33,327.33
23-Dec-2010,2746.47,5881.42,3649.53,2271.33,-3134.95,1378.2
24-Dec-2010,6004.36,4727.33,2221.16,2201.65,1277.03,19.51
27-Dec-2010,6175.68,3745.12,3599.83,4741.61,2430.56,-1141.78
28-Dec-2010,3850.37,3835.33,4181.78,3327.66,15.04,854.12
29-Dec-2010,6967.62,4714.42,5353.31,7232.64,2253.2,-1879.33
30-Dec-2010,4330.27,3679.5,3278.35,3531.36,650.77,-253.01
31-Dec-2010,3096.73,3083.25,3976.79,1885.68,13.48,2091.11
03-Jan-2011,5911.58,6996.98,5602.24,6186.46,-1085.4,-584.22
04-Jan-2011,2017.05,1489.87,2379.63,3641.27,527.18,-1261.64
05-Jan-2011,4786.09,4417.97,2558.31,2209.96,368.12,348.35
06-Jan-2011,3656.17,2926.89,3675.89,1495.76,729.28,2180.13
07-Jan-2011,7491.99,4097.48,3892.7,5230.16,3394.51,-1337.46
10-Jan-2011,2479.74,4072.7,3657.02,3049.03,-1592.96,607.99
11-Jan-2011,1615.31,2113.68,3091.2,6239.96,-498.37,-3148.76
12-Jan-2011,2107.57,2210.79,2507.89,4434.03,-103.22,-1926.14
13-Jan-2011,4815.09,6875.78,9906.45,2864.4,-2060.69,7042.05
14-Jan-2011,3466.19,7533.26,3446.51,1689.63,-4067.07,1756.88
17-Jan-2011,1920.03,2968.24,4215.9,3043.43,-1048.21,1172.47
18-Jan-2011,5573.08,3177.88,8529.7,3263.82,2395.2,5265.88
19-Jan-2011,3528.71,5488.96,9329.68,4832.56,-1960.25,4497.12
20-Jan-2011,3856.43,1803.71,2891.02,4432.95,2052.72,-1541.93
21-Jan-2011,6827.54,2821.49,4099.89,5567.89,4006.05,-1468.0
24-Jan-2011,4047.05,5848.43,3641.64,3493.57,-1801.38,148.07
25-Jan-2011,4074.05,3562.92,4481.17,4651.29,511.13,-170.12
26-Jan-2011,4655.85,5959.56,5238.29,4018.86,-1303.71,1219.43
27-Jan-2011,7580.87,8190.72,3192.65,2558.74,-609.85,633.91
28-Jan-2011,4921.22,3259.16,2695.3,1198.0,1662.06,1497.3
31-Jan-2011,2196.88,2336.13,3894.74,3125.56,-139.25,769.18
01-Feb-2011,3059.2,5475.06,2134.36,6405.13,-2415.86,-4270.77
02-Feb-2011,8492.39,2966.36,2466.15,5723.22,5526.03,-3257.07
03-Feb-2011,3707.69,6833.07,2942.16,3964.05,-3125.38,-1021.89
04-Feb-2011,1445.62,12316.78,3813.05,5228.2,-10871.16,-1415.15
07-Feb-2011,3189.51,3816.97,2817.48,3502.31,-627.46,-684.83
08-Feb-2011,7325.88,1452.93,3340.57,4317.12,5872.95,-976.55
09-Feb-2011,3338.41,5636.47,5275.76,5978.2,-2298.06,-702.44
10-Feb-2011,7670.29,15162.66,2753.93,1679.23,-7492.37,1074.7
11-Feb-2011,10620.55,6690.79,3432.45,3048.77,3929.76,383.68
14-Feb-2011,4755.57,6807.22,4272.87,3222.94,-2051.65,1049.93
15-Feb-2011,2888.75,3287.28,2790.83,5917.3,-398.53,-3126.47
16-Feb-2011,9544.73,5578.61,3356.19,4832.79,3966.12,-1476.6
17-Feb-2011,3196.36,4981.26,4547.58,3465.29,-1784.9,1082.29
18-Feb-2011,3010.39,3039.29,4450.07,2358.7,-28.9,2091.37
21-Feb-2011,2723.29,5599.18,3162.02,3314.24,-2875.89,-152.22
22-Feb-2011,3330.11,2631.44,2982.5,5118.63,698.67,-2136.13
23-Feb-2011,4978.63,6115.45,7886.94,2415.32,-1136.82,5471.62
24-Feb-2011,6698.48,4205.52,6486.19,2959.54,2492.96,3526.65
25-Feb-2011,6620.56,4020.74,3078.88,3739.97,2599.82,-661.09
28-Feb-2011,5393.91,5114.68,3115.64,3145.14,279.23,-29.5
01-Mar-2011,7931.37,8946.51,4250.38,8552.49,-1015.14,-4302.11
02-Mar-2011,6131.94,6723.33,3195.68,2267.47,-591.39,928.21
03-Mar-2011,5898.33,10021.74,3489.36,4523.48,-4123.41,-1034.12
04-Mar-2011,3333.27,12052.01,3119.44,4542.18,-8718.74,-1422.74
07-Mar-2011,3615.83,5307.76,3868.48,2234.98,-1691.93,1633.5
08-Mar-2011,4524.46,12432.86,3719.16,10066.67,-7908.4,-6347.51
09-Mar-2011,3593.74,1847.27,4116.59,3560.45,1746.47,556.14
10-Mar-2011,5974.03,4740.13,5383.52,1555.42,1233.9,3828.1
11-Mar-2011,10713.99,4637.96,3570.72,2891.85,6076.03,678.87
14-Mar-2011,4319.09,3199.67,4215.94,6935.97,1119.42,-2720.03
15-Mar-2011,5258.63,2611.63,7611.67,5955.48,2647.0,1656.19
16-Mar-2011,8750.57,6864.14,4749.45,4825.94,1886.43,-76.49
17-Mar-2011,8705.62,4517.47,2404.02,2613.14,4188.15,-209.12
18-Mar-2011,6927.46,4959.87,10299.46,5438.5,1967.59,4860.96
21-Mar-2011,8560.96,6614.36,2589.85,6145.12,1946.6,-3555.27
22-Mar-2011,2301.9,1205.81,3722.58,5065.26,1096.09,-1342.68
23-Mar-2011,9846.81,4143.85,4919.34,3311.88,5702.96,1607.46
24-Mar-2011,2708.39,1854.21,3563.27,2825.87,854.18,737.4
25-Mar-2011,9502.84,6761.21,3678.34,4685.31,2741.63,-1006.97
28-Mar-2011,5490.82,2875.31,5358.92,2897.91,2615.51,2461.01
29-Mar-2011,3999.52,3646.19,3630.76,2636.89,353.33,993.87
30-Mar-2011,7596.62,2660.22,1751.53,4554.83,4936.4,-2803.3
31-Mar-2011,7188.07,3867.62,5187.48,3222.4,3320.45,1965.08
01-Apr-2011,8629.85,3369.74,3524.43,3482.87,5260.11,41.56
04-Apr-2011,5033.11,4841.65,4457.14,4339.49,191.46,117.65
05-Apr-2011,4264.31,2469.24,5523.41,1651.25,1795.07,3872.16
06-Apr-2011,3883.73,3991.81,2376.86,4928.62,-108.08,-2551.76
07-Apr-2011,2585.32,4468.59,3229.16,2593.08,-1883.27,636.08
08-Apr-2011,2881.04,14049.54,3348.48,2976.91,-11168.5,371.57
11-Apr-2011,7839.05,4605.35,2654.16,3203.56,3233.7,-549.4
12-Apr-2011,3067.76,8026.25,3159.75,1985.3,-4958.49,1174.45
13-Apr-2011,6202.88,2354.9,4459.21,4743.6,3847.98,-284.39
14-Apr-2011,4060.32,4440.18,2379.2,3027.77,-379.86,-648.57
15-Apr-2011,6647.23,4041.77,5693.66,3483.85,2605.46,2209.81
18-Apr-2011,6798.21,6321.43,7756.63,4109.67,476.78,3646.96
19-Apr-2011,6328.81,3414.4,6298.9,2642.03,2914.41,3656.87
20-Apr-2011,2999.02,4407.39,3956.53,4165.3,-1408.37,-208.77
21-Apr-2011,5037.43,3534.38,3654.87,2856.27,1503.05,798.6
22-Apr-2011,6151.98,2234.35,4008.26,3069.26,3917.63,939.0
25-Apr-2011,4101.41,6330.1,3293.3,5646.26,-2228.69,-2352.96
26-Apr-2011,2705.19,3590.25,4462.43,3020.4,-885.06,1442.03
27-Apr-2011,9131.66,3489.59,4904.03,2286.61,5642.07,2617.42
28-Apr-2011,3786.92,9917.48,6114.58,8701.47,-6130.56,-2586.89
29-Apr-2011,5075.35,1705.8,3147.71,5136.97,3369.55,-1989.26
02-May-2011,2371.61,5093.12,5029.63,2813.62,-2721.51,2216.01
03-May-2011,7487.74,2848.76,5325.75,1875.46,4638.98,3450.29
04-May-2011,7876.47,7063.95,5774.84,6071.14,812.52,-296.3
05-May-2011,4042.04,4350.33,5337.93,3979.88,-308.29,1358.05
06-May-2011,3786.51,3085.05,4366.82,1998.18,701.46,2368.64
09-May-2011,2838.82,3051.85,4745.26,2966.49,-213.03,1778.77
10-May-2011,4983.02,3089.49,5125.82,4642.01,1893.53,483.81
11-May-2011,8108.74,6757.02,4230.47,3399.45,1351.72,831.02
12-May-2011,2451.29,6360.35,1782.38,2961.4,-3909.06,-1179.02
13-May-2011,2185.72,4789.1,4153.79,3197.39,-2603.38,956.4
16-May-2011,7718.78,4907.62,2769.08,3097.55,2811.16,-328.47
17-May-2011,3759.73,4819.23,6226.45,2837.47,-1059.5,3388.98
18-May-2011,2467.54,3357.17,5126.19,6515.76,-889.63,-1389.57
19-May-2011,12259.74,7175.34,2869.95,2928.85,5084.4,-58.9
20-May-2011,3965.23,3185.47,5791.37,4105.59,779.76,1685.78
23-May-2011,4532.93,5113.96,3505.76,3017.75,-581.03,488.01
24-May-2011,2708.31,5834.06,2710.63,1513.26,-3125.75,1197.37
25-May-2011,7256.61,6887.33,5293.77,4972.85,369.28,320.92
26-May-2011,2459.3,11087.97,4308.44,3639.41,-8628.67,669.03
27-May-2011,7194.02,1592.64,6322.74,3589.08,5601.38,2733.66
30-May-2011,4046.79,7688.31,5409.06,3003.6,-3641.52,2405.46
31-May-2011,4293.67,7471.96,5255.04,5037.55,-3178.29,217.49
01-Jun-2011,4938.54,4147.11,5007.23,3899.65,791.43,1107.58
02-Jun-2011,8647.47,3591.42,1597.0,3795.15,5056.05,-2198.15
03-Jun-2011,3704.39,5268.84,3053.73,5422.78,-1564.45,-2369.05
06-Jun-2011,4698.89,3976.13,2362.02,4158.87,722.76,-1796.85
07-Jun-2011,5237.48,4336.7,2921.72,4992.63,900.78,-2070.91
08-Jun-2011,3906.47,2131.5,2694.53,3216.11,1774.97,-521.58
09-Jun-2011,2675.93,4830.64,4470.82,2788.73,-2154.71,1682.09
10-Jun-2011,4532.0,2900.87,4031.36,5553.06,1631.13,-1521.7
13-Jun-2011,4145.6,5696.19,4374.44,2719.14,-1550.59,1655.3
14-Jun-2011,5047.65,8676.4,2774.27,3036.53,-3628.75,-262.26
15-Jun-2011,3410.64,4343.13,6443.1,2545.12,-932.49,3897.98
16-Jun-2011,5644.09,6332.03,2825.6,2550.85,-687.94,274.75
17-Jun-2011,5316.16,5046.44,6652.82,3430.79,269.72,3222.03
20-Jun-2011,7317.39,4351.64,1891.81,2787.01,2965.75,-895.2
21-Jun-2011,1950.54,5954.42,7274.65,4142.64,-4003.88,3132.01
22-Jun-2011,2684.38,7001.85,4127.35,5511.08,-4317.47,-1383.73
23-Jun-2011,4746.15,2647.49,2376.79,3711.1,2098.66,-1334.31
24-Jun-2011,3258.71,4913.2,3134.42,3088.55,-1654.49,45.87
27-Jun-2011,5250.92,5212.24,2397.45,3017.45,38.68,-620.0
28-Jun-2011,4574.26,2329.83,4693.23,3156.97,2244.43,1536.26
29-Jun-2011,2037.17,3874.68,2321.64,5843.34,-1837.51,-3521.7
30-Jun-2011,2465.06,13945.84,2666.71,3597.32,-11480.78,-930.61
01-Jul-2011,5174.59,6480.89,6981.16,5045.47,-1306.3,1935.69
04-Jul-2011,5264.43,2023.73,2443.64,2111.11,3240.7,332.53
05-Jul-2011,5078.1,2966.51,3806.53,6948.21,2111.59,-3141.68
06-Jul-2011,6931.21,3947.73,2225.9,3759.54,2983.48,-1533.64
07-Jul-2011,2013.34,3538.69,3725.31,1067.2,-1525.35,2658.11
08-Jul-2011,3746.33,4931.41,5195.58,3113.6,-1185.08,2081.98
11-Jul-2011,9291.53,3395.17,2769.08,2814.25,5896.36,-45.17
12-Jul-2011,3769.84,2688.4,2300.24,2213.95,1081.44,86.29
13-Jul-2011,5479.06,3653.4,7331.21,3030.0,1825.66,4301.21
14-Jul-2011,3479.84,3903.06,3340.88,5187.96,-423.22,-1847.08
15-Jul-2011,2933.78,4444.92,2368.13,3356.88,-1511.14,-988.75
18-Jul-2011,5238.87,3359.8,2259.18,3006.12,1879.07,-746.94
19-Jul-2011,7127.56,3115.56,4815.65,3121.16,4012.0,1694.49
20-Jul-2011,4968.08,6561.11,1277.12,1948.28,-1593.03,-671.16
21-Jul-2011,7191.03,2048.13,5218.86,4015.25,5142.9,1203.61
22-Jul-2011,3911.27,2646.94,2780.73,4677.23,1264.33,-1896.5
25-Jul-2011,6327.37,8587.38,5987.79,3893.66,-2260.01,2094.13
26-Jul-2011,7685.4,5683.34,3885.9,4460.39,2002.06,-574.49
27-Jul-2011,3015.87,4221.94,3642.52,2105.23,-1206.07,1537.29
28-Jul-2011,6131.18,5787.24,4404.94,4282.89,343.94,122.05
29-Jul-2011,6100.68,4512.32,2687.97,3560.01,1588.36,-872.04
01-Aug-2011,2138.08,1648.06,5521.89,2945.68,490.02,2576.21
02-Aug-2011,6700.43,1954.57,2770.52,3512.79,4745.86,-742.27
03-Aug-2011,6061.49,3405.48,5346.3,3807.42,2656.01,1538.88
04-Aug-2011,3370.79,3202.9,3304.31,3341.81,167.89,-37.5
05-Aug-2011,6436.83,4476.52,7111.79,3773.93,1960.31,3337.86
08-Aug-2011,3595.75,3691.17,2838.21,2992.56,-95.42,-154.35
09-Aug-2011,5535.97,5145.83,3415.7,3083.55,390.14,332.15
10-Aug-2011,4966.91,5764.31,4302.29,3014.88,-797.4,1287.41
11-Aug-2011,1780.96,5516.93,3924.05,2479.05,-3735.97,1445.0
12-Aug-2011,7916.42,3546.64,5588.64,4714.75,4369.78,873.89
15-Aug-2011,3521.4,6497.8,5253.19,3254.86,-2976.4,1998.33
16-Aug-2011,5017.07,2941.67,2518.86,4178.78,2075.4,-1659.92
17-Aug-2011,5818.65,6317.8,3350.43,6239.82,-499.15,-2889.39
18-Aug-2011,4003.34,5711.86,4208.87,1960.32,-1708.52,2248.55
19-Aug-2011,3143.11,3778.49,2721.57,4438.66,-635.38,-1717.09
22-Aug-2011,9035.64,5787.19,2069.34,3431.5,3248.45,-1362.16
23-Aug-2011,6279.67,6180.57,3450.51,2764.45,99.1,686.06
24-Aug-2011,3430.97,3376.01,2763.13,3847.75,54.96,-1084.62
25-Aug-2011,1970.08,8918.09,6141.68,6367.53,-6948.01,-225.85
26-Aug-2011,5218.55,4595.67,3721.73,5620.71,622.88,-1898.98
29-Aug-2011,8233.03,3716.45,3496.42,2100.71,4516.58,1395.71
30-Aug-2011,1874.65,3713.57,3812.23,9198.0,-1838.92,-5385.77
31-Aug-2011,5975.36,8765.37,3779.72,5061.3,-2790.01,-1281.58
01-Sep-2011,5702.97,5634.4,2072.79,1425.79,68.57,647.0
02-Sep-2011,3270.06,2838.1,4253.91,2508.11,431.96,1745.8
05-Sep-2011,2233.85,1437.21,4874.58,3492.68,796.64,1381.9
06-Sep-2011,4602.01,3330.52,5333.82,4191.79,1271.49,1142.03
07-Sep-2011,3738.8,4415.42,7198.57,3495.45,-676.62,3703.12
08-Sep-2011,3744.57,5320.11,1805.11,4923.05,-1575.54,-3117.94
09-Sep-2011,2181.19,7184.56,4127.99,1856.55,-5003.37,2271.44
12-Sep-2011,2786.89,5854.53,4626.08,2282.22,-3067.64,2343.86
13-Sep-2011,9242.4,6868.58,3720.6,2137.7,2373.82,1582.9
14-Sep-2011,2494.63,4666.74,3898.25,4426.65,-2172.11,-528.4
15-Sep-2011,4609.22,4066.9,4584.08,4660.84,542.32,-76.76
16-Sep-2011,4331.8,3599.79,6738.18,5183.41,732.01,1554.77
19-Sep-2011,2531.61,5053.85,5664.29,2486.76,-2522.24,3177.53
20-Sep-2011,2840.24,6803.98,3583.28,5783.17,-3963.74,-2199.89
21-Sep-2011,5931.99,3602.74,2956.74,2731.57,2329.25,225.17
22-Sep-2011,5326.91,6712.39,3044.69,2089.46,-1385.48,955.23
23-Sep-2011,6647.62,8924.49,3722.85,7165.95,-2276.87,-3443.1
26-Sep-2011,5885.1,5842.28,5904.57,3847.74,42.82,2056.83
27-Sep-2011,2555.69,5856.36,2072.38,3346.52,-3300.67,-1274.14
28-Sep-2011,3190.25,3464.2,3482.11,4602.03,-273.95,-1119.92
29-Sep-2011,4677.51,3028.89,3192.92,6055.27,1648.62,-2862.35
30-Sep-2011,4104.96,7755.43,6205.87,2639.51,-3650.47,3566.36
03-Oct-2011,5308.64,4247.32,3507.02,4035.67,1061.32,-528.65
04-Oct-2011,8017.13,3262.17,4473.71,3579.69,4754.96,894.02
05-Oct-2011,5073.47,7687.96,3376.1,2604.47,-2614.49,771.63
06-Oct-2011,8835.08,8299.16,3228.92,5023.53,535.92,-1794.61
07-Oct-2011,4255.62,4480.8,3568.71,3246.08,-225.18,322.63
10-Oct-2011,6714.36,5951.57,3059.65,8338.72,762.79,-5279.07
11-Oct-2011,4698.92,9707.28,7633.13,3581.48,-5008.36,4051.65
12-Oct-2011,2761.52,3312.58,3230.99,6530.45,-551.06,-3299.46
13-Oct-2011,7237.18,10254.49,4213.14,8225.74,-3017.31,-4012.6
14-Oct-2011,2629.32,8771.89,4907.67,3810.63,-6142.57,1097.04
17-Oct-2011,3467.56,8346.09,3761.15,4743.46,-4878.53,-982.31
18-Oct-2011,4411.6,4300.36,5083.5,2216.97,111.24,2866.53
19-Oct-2011,2816.08,7754.09,4903.69,3081.65,-4938.01,1822.04
20-Oct-2011,3008.64,3577.29,4058.83,2603.74,-568.65,1455.09
21-Oct-2011,3971.95,2308.32,3206.26,4874.63,1663.63,-1668.37
24-Oct-2011,4894.19,1871.62,4067.79,6356.55,3022.57,-2288.76
25-Oct-2011,2201.29,8908.33,2438.68,3760.61,-6707.04,-1321.93
26-Oct-2011,3820.27,3551.97,4037.84,2848.26,268.3,1189.58
27-Oct-2011,3689.15,5433.09,4244.17,1504.95,-1743.94,2739.22
28-Oct-2011,2785.59,2278.54,3936.56,4986.34,507.05,-1049.78
31-Oct-2011,4129.21,6388.54,4796.25,6508.38,-2259.33,-1712.13
01-Nov-2011,4119.54,2852.7,3782.36,3612.26,1266.84,170.1
02-Nov-2011,3726.44,3172.93,2048.42,3585.55,553.51,-1537.13
03-Nov-2011,6560.88,2588.91,3334.28,4345.49,3971.97,-1011.21
04-Nov-2011,4098.86,5320.78,2671.54,1990.13,-1221.92,681.41
07-Nov-2011,7998.97,4672.98,1937.42,3621.82,3325.99,-1684.4
08-Nov-2011,6322.33,10900.92,3646.18,5017.5,-4578.59,-1371.32
09-Nov-2011,8683.31,2800.03,4393.22,1918.05,5883.28,2475.17
10-Nov-2011,2392.29,2918.24,4014.1,4571.38,-525.95,-557.28
11-Nov-2011,2165.06,4021.19,4511.59,1790.57,-1856.13,2721.02
14-Nov-2011,6637.96,2830.26,4487.42,4357.68,3807.7,129.74
15-Nov-2011,2777.12,4878.88,6372.72,2994.7,-2101.76,3378.02
16-Nov-2011,5191.45,2271.76,3087.85,2698.08,2919.69,389.77
17-Nov-2011,10152.36,1886.59,1865.46,3283.72,8265.77,-1418.26
18-Nov-2011,13150.6,2454.44,3103.8,4332.61,10696.16,-1228.81
21-Nov-2011,2344.12,5861.65,2931.65,7194.42,-3517.53,-4262.77
22-Nov-2011,5509.53,4210.22,4224.7,4556.54,1299.31,-331.84
23-Nov-2011,5728.57,3078.74,2992.67,3797.37,2649.83,-804.7
24-Nov-2011,7188.66,3911.68,2644.07,3384.06,3276.98,-739.99
25-Nov-2011,2210.6,2694.15,4074.15,3376.78,-483.55,697.37
28-Nov-2011,6332.7,2257.96,4207.33,2780.0,4074.74,1427.33
29-Nov-2011,4032.9,7438.9,2953.52,3730.9,-3406.0,-777.38
30-Nov-2011,2626.87,3601.88,6912.8,2736.61,-975.01,4176.19
01-Dec-2011,6017.2,2715.35,3901.69,1683.95,3301.85,2217.74
02-Dec-2011,9876.17,4067.97,5480.64,3164.12,5808.2,2316.52
05-Dec-2011,4933.29,4286.71,3084.85,4794.33,646.58,-1709.48
06-Dec-2011,5193.48,2980.2,5631.21,2483.73,2213.28,3147.48
07-Dec-2011,5226.72,1853.5,3792.27,4894.76,3373.22,-1102.49
08-Dec-2011,4296.68,2797.08,1604.04,3572.53,1499.6,-1968.49
09-Dec-2011,3014.55,3010.24,7072.62,2924.78,4.31,4147.84
12-Dec-2011,3023.03,6143.51,6486.1,3154.49,-3120.48,3331.61
13-Dec-2011,2143.04,4796.86,3582.64,5663.91,-2653.82,-2081.27
14-Dec-2011,5045.39,4683.07,2861.78,6776.72,362.32,-3914.94
15-Dec-2011,12056.63,2534.63,10509.45,4622.91,9522.0,5886.54
16-Dec-2011,10135.91,2717.34,2963.17,5545.29,7418.57,-2582.12
19-Dec-2011,5935.71,2689.23,3120.62,4419.22,3246.48,-1298.6
20-Dec-2011,3927.72,2709.52,4116.35,2548.75,1218.2,1567.6
21-Dec-2011,4571.94,10489.71,4166.35,4579.68,-5917.77,-413.33
22-Dec-2011,3969.52,3177.55,2826.31,2187.82,791.97,638.49
23-Dec-2011,5532.44,3025.0,6823.59,2743.07,2507.44,4080.52
26-Dec-2011,5138.0,4907.62,2663.49,1884.24,230.38,779.25
27-Dec-2011,5154.85,10933.18,2547.1,2564.88,-5778.33,-17.78
28-Dec-2011,9993.24,3582.35,4156.52,4476.98,6410.89,-320.46
29-Dec-2011,3388.12,11626.54,4805.71,1806.35,-8238.42,2999.36
30-Dec-2011,7806.4,3274.07,2780.64,3690.14,4532.33,-909.5
02-Jan-2012,4331.03,2816.03,7596.49,3179.68,1515.0,4416.81
03-Jan-2012,6721.9,4879.43,4984.98,4909.0,1842.47,75.98
04-Jan-2012,3547.49,2779.15,4385.82,4070.79,768.34,315.03
05-Jan-2012,4839.94,5741.5,2586.08,1984.1,-901.56,601.98
06-Jan-2012,5997.84,2730.59,3902.75,3403.24,3267.25,499.51
09-Jan-2012,3231.53,6015.12,2644.2,3371.1,-2783.59,-726.9
10-Jan-2012,3586.18,8522.92,6372.31,2592.03,-4936.74,3780.28
11-Jan-2012,2153.64,4152.51,2842.73,2908.94,-1998.87,-66.21
12-Jan-2012,8008.85,6679.1,2834.16,3631.64,1329.75,-797.48
13-Jan-2012,5109.05,8258.57,3525.38,2795.48,-3149.52,729.9
16-Jan-2012,2819.88,5335.25,3415.52,1871.63,-2515.37,1543.89
17-Jan-2012,1922.88,4109.96,1545.36,2353.53,-2187.08,-808.17
18-Jan-2012,4855.7,1719.87,3908.97,3317.86,3135.83,591.11
19-Jan-2012,5140.91,2711.05,2413.09,2533.6,2429.86,-120.51
20-Jan-2012,2124.56,4514.41,8136.27,3645.13,-2389.85,4491.14
23-Jan-2012,4488.4,4818.51,2283.31,2104.26,-330.11,179.05
24-Jan-2012,1808.15,4749.01,3198.29,4315.1,-2940.86,-1116.81
25-Jan-2012,2757.76,7184.52,4862.55,3352.66,-4426.76,1509.89
26-Jan-2012,6095.6,2904.99,3973.81,3054.46,3190.61,919.35
27-Jan-2012,7211.15,4606.08,2371.95,5638.83,2605.07,-3266.88
30-Jan-2012,4857.95,4732.66,2424.66,4783.07,125.29,-2358.41
31-Jan-2012,2841.18,3399.45,2680.59,2579.0,-558.27,101.59
01-Feb-2012,7412.15,3029.66,8423.47,2944.61,4382.49,5478.86
02-Feb-2012,5006.24,4000.15,3235.98,3806.43,1006.09,-570.45
03-Feb-2012,7182.82,3437.87,2853.74,2675.55,3744.95,178.19
06-Feb-2012,7431.17,2817.99,2780.68,4293.7,4613.18,-1513.02
07-Feb-2012,2602.57,2991.0,3167.44,3219.91,-388.43,-52.47
08-Feb-2012,1471.38,5313.09,4041.29,6905.12,-3841.71,-2863.83
09-Feb-2012,3223.61,6766.52,3547.94,2405.77,-3542.91,1142.17
10-Feb-2012,5007.09,10907.06,6362.87,4060.2,-5899.97,2302.67
13-Feb-2012,7838.4,1535.63,3549.03,3504.5,6302.77,44.53
14-Feb-2012,3686.28,4153.49,4332.5,5199.72,-467.21,-867.22
15-Feb-2012,4653.77,4838.9,4001.34,1624.91,-185.13,2376.43
16-Feb-2012,3837.71,5184.68,3066.29,4934.06,-1346.97,-1867.77
17-Feb-2012,5122.64,5770.2,4049.36,5466.89,-647.56,-1417.53
20-Feb-2012,6739.08,4463.09,5130.2,3370.58,2275.99,1759.62
21-Feb-2012,3334.79,5388.68,8591.25,5718.7,-2053.89,2872.55
22-Feb-2012,10810.48,4789.64,5820.1,3054.55,6020.84,2765.55
23-Feb-2012,5457.94,3919.45,7122.77,6180.64,1538.49,942.13
24-Feb-2012,4428.5,6130.33,4535.63,1987.0,-1701.83,2548.63
27-Feb-2012,4072.46,4305.46,5740.79,1741.05,-233.0,3999.74
28-Feb-2012,2857.22,5589.19,5644.11,4642.69,-2731.97,1001.42
29-Feb-2012,4546.11,8030.63,3900.85,2314.06,-3484.52,1586.79
01-Mar-2012,7345.53,3011.02,1985.15,5898.74,4334.51,-3913.59
02-Mar-2012,3144.37,5344.62,7636.31,3191.28,-2200.25,4445.03
05-Mar-2012,6310.26,4581.09,4174.66,3039.97,1729.17,1134.69
06-Mar-2012,8169.34,9874.35,7422.7,2914.09,-1705.01,4508.61
07-Mar-2012,3663.16,6148.6,1858.72,1244.65,-2485.44,614.07
08-Mar-2012,6678.93,4331.74,3244.43,3550.92,2347.19,-306.49
09-Mar-2012,4964.19,5004.4,2533.4,3090.69,-40.21,-557.29
12-Mar-2012,2490.84,4361.32,4616.87,3436.07,-1870.48,1180.8
13-Mar-2012,6441.56,6005.94,3714.07,3857.18,435.62,-143.11
14-Mar-2012,12393.29,2449.15,4313.01,3129.98,9944.14,1183.03
15-Mar-2012,2892.84,3864.91,2772.21,4059.25,-972.07,-1287.04
16-Mar-2012,4535.93,3392.81,3292.56,1188.79,1143.12,2103.77
19-Mar-2012,3816.43,3744.13,6185.21,4588.61,72.3,1596.6
20-Mar-2012,3444.99,3033.92,3140.23,2327.42,411.07,812.81
21-Mar-2012,3657.86,4222.68,4171.65,5370.97,-564.82,-1199.32
22-Mar-2012,8575.86,3070.7,4507.7,4239.24,5505.16,268.46
23-Mar-2012,2068.63,4047.84,4335.24,5100.69,-1979.21,-765.45
26-Mar-2012,3257.65,6012.69,11037.42,5891.81,-2755.04,5145.61
27-Mar-2012,3185.42,2334.7,4254.41,1720.29,850.72,2534.12
28-Mar-2012,5636.96,5311.49,3302.5,5846.31,325.47,-2543.81
29-Mar-2012,5379.01,4412.82,2380.51,3827.68,966.19,-1447.17
30-Mar-2012,2799.65,5270.4,4983.08,4730.57,-2470.75,252.51
02-Apr-2012,2388.61,6618.53,4506.04,2960.42,-4229.92,1545.62
03-Apr-2012,3199.49,4078.36,5470.9,3327.09,-878.87,2143.81
04-Apr-2012,2350.47,4958.08,5738.64,3604.15,-2607.61,2134.49
05-Apr-2012,2728.16,7023.21,4962.81,2828.45,-4295.05,2134.36
06-Apr-2012,4860.02,3617.62,4289.78,4705.93,1242.4,-416.15
09-Apr-2012,5798.78,7259.96,3029.12,2293.4,-1461.18,735.72
10-Apr-2012,3097.23,3325.74,3707.05,4080.2,-228.51,-373.15
11-Apr-2012,6352.5,5040.15,1970.56,3008.37,1312.35,-1037.81
12-Apr-2012,5848.71,5988.18,3756.85,3911.98,-139.47,-155.13
13-Apr-2012,4348.11,7082.55,4393.7,3355.55,-2734.44,1038.15
16-Apr-2012,2053.79,5882.89,4024.75,2330.61,-3829.1,1694.14
17-Apr-2012,3807.66,3320.99,4821.54,6535.86,486.67,-1714.32
18-Apr-2012,2640.4,3327.15,3533.81,2945.33,-686.75,588.48
19-Apr-2012,4737.48,2465.93,3194.1,3691.57,2271.55,-497.47
20-Apr-2012,2773.92,3129.61,3144.1,3782.86,-355.69,-638.76
23-Apr-2012,4283.37,8322.58,3816.47,5779.96,-4039.21,-1963.49
24-Apr-2012,3960.68,2147.7,6644.97,2432.24,1812.98,4212.73
25-Apr-2012,5358.96,3014.76,3535.62,2807.03,2344.2,728.59
26-Apr-2012,3061.44,4467.95,3861.39,2812.61,-1406.51,1048.78
27-Apr-2012,5393.31,8312.09,4555.55,3677.35,-2918.78,878.2
30-Apr-2012,3520.16,5168.99,2144.78,3115.25,-1648.83,-970.47
01-May-2012,2827.07,4747.68,3860.51,2578.94,-1920.61,1281.57
02-May-2012,3691.04,6408.88,3442.8,3428.53,-2717.84,14.27
03-May-2012,2150.73,4005.33,2697.83,2639.82,-1854.6,58.01
04-May-2012,4444.98,3603.01,5856.53,2456.42,841.97,3400.11
07-May-2012,3859.94,4415.67,3540.92,5043.56,-555.73,-1502.64
08-May-2012,2536.54,2497.79,5507.04,6246.35,38.75,-739.31
09-May-2012,2292.56,4714.04,2896.88,8515.91,-2421.48,-5619.03
10-May-2012,5924.66,3022.49,1912.96,3678.3,2902.17,-1765.34
11-May-2012,2907.02,2488.67,3988.85,3388.96,418.35,599.89
14-May-2012,2360.1,6633.97,5635.03,6207.9,-4273.87,-572.87
15-May-2012,5230.59,4854.86,2862.06,6375.22,375.73,-3513.16
16-May-2012,1585.47,3805.34,3210.94,2079.2,-2219.87,1131.74
17-May-2012,2043.44,6404.78,5836.26,2143.62,-4361.34,3692.64
18-May-2012,3228.78,2503.49,3003.72,3209.34,725.29,-205.62
21-May-2012,7005.99,7268.25,3689.96,3129.11,-262.26,560.85
22-May-2012,4807.4,2543.59,2257.4,4867.49,2263.81,-2610.09
23-May-2012,1722.88,1620.26,3186.18,3238.92,102.62,-52.74
24-May-2012,2558.72,8116.09,2545.45,2563.54,-5557.37,-18.09
25-May-2012,3553.21,5818.85,4252.01,5568.2,-2265.64,-1316.19
28-May-2012,4226.97,6719.68,3107.54,6185.42,-2492.71,-3077.88
29-May-2012,3069.24,4452.35,2451.45,5334.68,-1383.11,-2883.23
30-May-2012,6688.24,9885.03,6608.37,2472.78,-3196.79,4135.59
31-May-2012,3281.65,5250.49,2770.9,4730.52,-1968.84,-1959.62
01-Jun-2012,7639.31,2492.52,3386.6,3583.99,5146.79,-197.39
04-Jun-2012,5525.38,6303.19,4409.93,2155.18,-777.81,2254.75
05-Jun-2012,6090.06,6671.98,6496.11,3170.85,-581.92,3325.26
06-Jun-2012,4975.93,3203.76,3736.15,3787.61,1772.17,-51.46
07-Jun-2012,3561.97,3661.91,4567.54,2362.65,-99.94,2204.89
08-Jun-2012,2935.12,4225.74,4118.7,5844.35,-1290.62,-1725.65
11-Jun-2012,5370.73,4902.64,5099.43,4108.43,468.09,991.0
12-Jun-2012,7227.03,10253.61,4903.73,1785.45,-3026.58,3118.28
13-Jun-2012,10821.78,4714.09,1764.56,3922.07,6107.69,-2157.51
14-Jun-2012,3094.79,5527.31,4202.41,2941.28,-2432.52,1261.13
15-Jun-2012,4252.08,5277.13,4326.05,3655.71,-1025.05,670.34
18-Jun-2012,6673.41,3059.9,5230.77,4924.59,3613.51,306.18
19-Jun-2012,4960.11,1840.68,3444.64,3494.75,3119.43,-50.11
20-Jun-2012,6096.47,1577.5,4942.59,10825.39,4518.97,-5882.8
21-Jun-2012,9231.44,4328.23,3603.16,2838.09,4903.21,765.07
22-Jun-2012,6294.47,3629.79,2516.45,3074.21,2664.68,-557.76
25-Jun-2012,5467.6,10129.99,4963.8,2712.14,-4662.39,2251.66
26-Jun-2012,4533.11,6593.35,4196.4,3535.31,-2060.24,661.09
27-Jun-2012,8543.03,2297.09,4236.41,3672.92,6245.94,563.49
28-Jun-2012,3518.03,3279.7,5873.14,1804.8,238.33,4068.34
29-Jun-2012,3857.54,7138.52,4878.16,1794.65,-3280.98,3083.51
02-Jul-2012,2395.38,2698.86,1580.74,4873.77,-303.48,-3293.03
03-Jul-2012,2896.43,3858.79,5165.07,5545.26,-962.36,-380.19
04-Jul-2012,4013.03,6843.33,2111.88,3992.88,-2830.3,-1881.0
05-Jul-2012,1822.82,9130.36,3421.2,5522.02,-7307.54,-2100.82
06-Jul-2012,2446.18,5197.08,2148.58,2974.95,-2750.9,-826.37
09-Jul-2012,2644.61,3339.86,3701.88,4247.56,-695.25,-545.68
10-Jul-2012,6152.66,1905.9,3699.29,4675.79,4246.76,-976.5
11-Jul-2012,6728.13,2060.69,3435.93,4794.71,4667.44,-1358.78
12-Jul-2012,4737.2,8655.27,2255.42,2706.58,-3918.07,-451.16
13-Jul-2012,8906.65,4152.13,3831.23,3588.55,4754.52,242.68
16-Jul-2012,5743.38,4664.81,4925.31,2410.51,1078.57,2514.8
17-Jul-2012,2983.76,8129.56,4946.13,3449.53,-5145.8,1496.6
18-Jul-2012,6962.17,4026.62,4101.62,6143.9,2935.55,-2042.28
19-Jul-2012,6318.47,6212.94,6473.09,2688.57,105.53,3784.52
20-Jul-2012,5585.0,3502.1,2274.27,5704.76,2082.9,-3430.49
23-Jul-2012,1662.8,3832.32,2610.26,5470.35,-2169.52,-2860.09
24-Jul-2012,2909.0,7054.79,6429.5,5455.57,-4145.79,973.93
25-Jul-2012,7803.94,3687.54,6099.9,6894.77,4116.4,-794.87
26-Jul-2012,5331.29,5148.08,3810.73,1719.65,183.21,2091.08
27-Jul-2012,7457.71,3912.44,2947.54,3058.8,3545.27,-111.26
30-Jul-2012,8753.76,2157.21,4471.52,4563.47,6596.55,-91.95
31-Jul-2012,4690.76,6449.9,6375.14,3494.45,-1759.14,2880.69
01-Aug-2012,4894.83,2950.23,3634.88,4614.85,1944.6,-979.97
02-Aug-2012,3263.99,3498.71,2059.78,3982.09,-234.72,-1922.31
03-Aug-2012,4479.74,2731.24,7861.67,4643.83,1748.5,3217.84
06-Aug-2012,5521.73,8885.14,2588.1,3820.99,-3363.41,-1232.89
07-Aug-2012,7199.8,4701.08,10817.16,7018.91,2498.72,3798.25
08-Aug-2012,2560.58,5956.97,8541.69,5974.62,-3396.39,2567.07
09-Aug-2012,1652.75,4037.72,3941.23,4639.57,-2384.97,-698.34
10-Aug-2012,13318.26,7357.71,5927.71,3715.96,5960.55,2211.75
13-Aug-2012,6901.65,7069.57,5108.43,2632.9,-167.92,2475.53
14-Aug-2012,6155.62,5004.01,4543.35,2845.0,1151.61,1698.35
15-Aug-2012,4002.67,2639.29,5136.54,4566.58,1363.38,569.96
16-Aug-2012,7160.58,4218.33,2495.98,4741.04,2942.25,-2245.06
17-Aug-2012,6546.91,4163.79,2075.84,3883.61,2383.12,-1807.77
20-Aug-2012,3417.68,2813.09,2142.34,2394.61,604.59,-252.27
21-Aug-2012,10159.41,2256.87,4136.66,1604.88,7902.54,2531.78
22-Aug-2012,10193.27,6076.1,2654.41,3186.87,4117.17,-532.46
23-Aug-2012,12408.11,3251.78,4569.41,1823.62,9156.33,2745.79
24-Aug-2012,7081.87,5102.03,4962.93,1652.66,1979.84,3310.27
27-Aug-2012,4298.07,8918.0,4015.36,1748.74,-4619.93,2266.62
28-Aug-2012,4020.94,8867.66,10143.04,2891.73,-4846.72,7251.31
29-Aug-2012,5660.73,10509.65,4238.81,2423.47,-4848.92,1815.34
30-Aug-2012,6426.42,5326.78,2607.64,3198.09,1099.64,-590.45
31-Aug-2012,10435.42,6976.59,4775.5,5411.08,3458.83,-635.58
03-Sep-2012,1845.55,3016.04,5832.34,3111.88,-1170.49,2720.46
04-Sep-2012,5091.8,3318.73,4397.59,3524.07,1773.07,873.52
05-Sep-2012,6210.83,5595.06,6829.58,3132.8,615.77,3696.78
06-Sep-2012,1742.86,1319.74,5075.06,3032.05,423.12,2043.01
07-Sep-2012,7709.55,3431.29,6729.03,2105.68,4278.26,4623.35
10-Sep-2012,2812.51,14686.58,3557.39,3207.54,-11874.07,349.85
11-Sep-2012,2207.3,8940.44,4631.41,4040.0,-6733.14,591.41
12-Sep-2012,4696.46,2302.25,3868.95,5650.92,2394.21,-1781.97
13-Sep-2012,4010.87,10309.61,2701.35,2218.22,-6298.74,483.13
14-Sep-2012,2865.83,3512.63,3014.78,3336.75,-646.8,-321.97
17-Sep-2012,3755.98,5014.66,2972.18,3973.22,-1258.68,-1001.04
18-Sep-2012,2155.28,3949.15,4753.6,5612.91,-1793.87,-859.31
19-Sep-2012,3296.21,1995.16,3055.83,2449.46,1301.05,606.37
20-Sep-2012,3891.27,4502.96,1237.83,1991.81,-611.69,-753.98
21-Sep-2012,8367.82,4125.56,4674.57,2375.18,4242.26,2299.39
24-Sep-2012,6008.92,5276.1,3680.16,1946.74,732.82,1733.42
25-Sep-2012,2617.28,1475.93,4308.39,1815.68,1141.35,2492.71
26-Sep-2012,2141.03,4349.46,3019.62,4657.98,-2208.43,-1638.36
27-Sep-2012,7940.54,9874.62,2946.2,2732.07,-1934.08,214.13
28-Sep-2012,4324.95,9865.67,4240.0,1836.88,-5540.72,2403.12
01-Oct-2012,3105.93,7951.46,4161.94,5911.86,-4845.53,-1749.92
02-Oct-2012,8723.48,6930.79,8093.46,2322.76,1792.69,5770.7
03-Oct-2012,3276.04,3059.3,2471.8,5037.4,216.74,-2565.6
04-Oct-2012,2146.35,2075.2,3574.27,7427.81,71.15,-3853.54
05-Oct-2012,5909.68,4163.02,2428.29,4559.94,1746.66,-2131.65
08-Oct-2012,1937.83,3421.14,3731.75,2060.81,-1483.31,1670.94
09-Oct-2012,3171.01,3485.89,1696.2,2955.24,-314.88,-1259.04
10-Oct-2012,2527.55,5205.03,1719.55,3722.37,-2677.48,-2002.82
11-Oct-2012,7584.53,7621.7,9442.5,2740.27,-37.17,6702.23
12-Oct-2012,2810.95,3509.48,2479.45,4766.92,-698.53,-2287.47
15-Oct-2012,5229.29,2438.03,3700.15,2866.12,2791.26,834.03
16-Oct-2012,4732.15,6009.72,1964.85,2164.22,-1277.57,-199.37
17-Oct-2012,2919.41,2116.75,3807.35,6641.8,802.66,-2834.45
18-Oct-2012,2417.38,2972.56,4967.41,2709.15,-555.18,2258.26
19-Oct-2012,1748.58,2886.13,3446.71,4856.26,-1137.55,-1409.55
22-Oct-2012,3763.37,9013.82,4013.01,2222.27,-5250.45,1790.74
23-Oct-2012,2976.91,7080.91,3516.08,2804.32,-4104.0,711.76
24-Oct-2012,3983.13,7171.66,2427.63,3373.13,-3188.53,-945.5
25-Oct-2012,8288.98,2973.26,8894.57,2451.09,5315.72,6443.48
26-Oct-2012,7574.92,5617.92,3520.91,2480.8,1957.0,1040.11
29-Oct-2012,3217.88,5653.39,6314.63,4973.88,-2435.51,1340.75
30-Oct-2012,10050.82,5526.55,3054.64,5444.35,4524.27,-2389.71
31-Oct-2012,5007.88,3191.85,2578.56,3457.59,1816.03,-879.03
01-Nov-2012,3571.45,5089.5,4001.34,3250.69,-1518.05,750.65
02-Nov-2012,3773.54,2815.89,3629.93,2483.56,957.65,1146.37
05-Nov-2012,2984.61,6636.92,3825.79,3629.51,-3652.31,196.28
06-Nov-2012,2884.21,2074.1,4677.15,6129.4,810.11,-1452.25
07-Nov-2012,6921.16,4362.05,3492.36,8469.9,2559.11,-4977.54
08-Nov-2012,4291.23,3079.49,3600.27,2680.33,1211.74,919.94
09-Nov-2012,3293.53,6288.48,2524.93,2334.88,-2994.95,190.05
12-Nov-2012,3212.05,1798.25,3918.45,2900.47,1413.8,1017.98
13-Nov-2012,6120.01,4554.6,4638.06,2450.98,1565.41,2187.08
14-Nov-2012,2657.81,4168.24,2306.23,3127.79,-1510.43,-821.56
15-Nov-2012,2462.47,7234.87,3007.23,4428.38,-4772.4,-1421.15
16-Nov-2012,5089.77,5265.46,3232.74,2779.33,-175.69,453.41
19-Nov-2012,3195.01,9493.24,2140.72,3179.32,-6298.23,-1038.6
20-Nov-2012,3757.21,3182.29,3694.39,3579.09,574.92,115.3
21-Nov-2012,1852.9,9519.58,7039.28,2357.67,-7666.68,4681.61
22-Nov-2012,6210.51,2749.4,3721.14,4222.78,3461.11,-501.64
23-Nov-2012,5871.17,2998.9,3920.96,2120.01,2872.27,1800.95
26-Nov-2012,8006.93,3187.85,3373.63,1800.3,4819.08,1573.33
27-Nov-2012,4204.55,3930.25,4406.48,4262.24,274.3,144.24
28-Nov-2012,5726.2,4877.48,2298.83,3607.52,848.72,-1308.69
29-Nov-2012,6505.67,6791.12,5419.37,2913.17,-285.45,2506.2
30-Nov-2012,10272.52,3793.37,3853.07,3445.31,6479.15,407.76
03-Dec-2012,5676.0,2716.8,4756.63,1027.86,2959.2,3728.77
04-Dec-2012,4590.29,3003.85,4416.71,3030.15,1586.44,1386.56
05-Dec-2012,3680.8,2730.03,2702.51,4293.2,950.77,-1590.69
06-Dec-2012,5209.48,5195.98,4282.15,5090.07,13.5,-807.92
07-Dec-2012,2765.19,3890.28,4585.08,8658.59,-1125.09,-4073.51
10-Dec-2012,3194.62,3364.82,6364.83,2166.23,-170.2,4198.6
11-Dec-2012,4546.17,4010.6,4963.81,4506.38,535.57,457.43
12-Dec-2012,4413.04,3790.78,3438.72,6036.57,622.26,-2597.85
13-Dec-2012,4132.37,2743.79,3952.77,2675.16,1388.58,1277.61
14-Dec-2012,4169.8,3353.4,4022.49,3111.97,816.4,910.52
17-Dec-2012,3986.37,1809.72,4141.45,3225.29,2176.65,916.16
18-Dec-2012,3315.16,3363.07,2825.43,3077.29,-47.91,-251.86
19-Dec-2012,5528.57,3677.65,2485.79,2963.42,1850.92,-477.63
20-Dec-2012,6466.5,6518.08,4227.77,4348.42,-51.58,-120.65
21-Dec-2012,3585.15,5594.07,5633.94,4107.28,-2008.92,1526.66
24-Dec-2012,5821.16,1145.05,3869.13,4302.75,4676.11,-433.62
25-Dec-2012,5020.79,4296.72,3211.81,2185.58,724.07,1026.23
26-Dec-2012,6799.13,6947.8,4090.61,4665.85,-148.67,-575.24
27-Dec-2012,3882.69,1959.54,3042.73,1855.18,1923.15,1187.55
28-Dec-2012,3539.79,3341.59,3507.79,3339.39,198.2,168.4
31-Dec-2012,8642.05,9271.03,3272.96,1102.49,-628.98,2170.47
01-Jan-2013,3975.84,7038.72,3525.29,3548.98,-3062.88,-23.69
02-Jan-2013,4563.52,2212.24,3676.62,5848.65,2351.28,-2172.03
03-Jan-2013,2101.16,11303.8,4069.87,2653.1,-9202.64,1416.77
04-Jan-2013,4802.2,6798.35,1856.39,4555.01,-1996.15,-2698.62
07-Jan-2013,2154.32,4733.83,3800.76,3699.68,-2579.51,101.08
08-Jan-2013,3596.73,2448.96,1797.76,1691.76,1147.77,106.0
09-Jan-2013,7335.69,3552.56,2937.5,3541.55,3783.13,-604.05
10-Jan-2013,2706.83,5227.12,2240.73,4280.99,-2520.29,-2040.26
11-Jan-2013,7258.45,6691.01,5627.29,4974.94,567.44,652.35
14-Jan-2013,3080.49,7339.64,10165.75,1689.11,-4259.15,8476.64
15-Jan-2013,6337.89,7307.79,3691.51,2555.78,-969.9,1135.73
16-Jan-2013,3293.0,5677.52,3990.31,3296.47,-2384.52,693.84
17-Jan-2013,6841.89,2726.5,2634.85,3218.32,4115.39,-583.47
18-Jan-2013,4966.78,8575.05,3726.31,2978.99,-3608.27,747.32
21-Jan-2013,7815.46,8245.68,4309.29,2216.26,-430.22,2093.03
22-Jan-2013,9924.22,2748.0,5943.92,6237.54,7176.22,-293.62
23-Jan-2013,10327.58,10088.3,2372.62,1883.49,239.28,489.13
24-Jan-2013,2817.92,1826.01,5357.9,4487.2,991.91,870.7
25-Jan-2013,7382.34,3091.15,4374.32,3158.36,4291.19,1215.96
28-Jan-2013,3124.73,5658.04,4888.46,3618.83,-2533.31,1269.63
29-Jan-2013,1664.83,15905.4,3960.07,2423.23,-14240.57,1536.84
30-Jan-2013,6655.79,5167.47,5714.81,3582.08,1488.32,2132.73
31-Jan-2013,3044.5,3677.35,4331.54,2488.64,-632.85,1842.9
01-Feb-2013,4917.65,5492.07,3976.79,3576.48,-574.42,400.31
04-Feb-2013,4148.18,5061.05,2336.21,1603.95,-912.87,732.26
05-Feb-2013,5225.54,2507.92,4818.09,3370.78,2717.62,1447.31
06-Feb-2013,4122.73,5782.95,5018.92,2787.46,-1660.22,2231.46
07-Feb-2013,5675.51,5285.0,5484.37,3921.25,390.51,1563.12
08-Feb-2013,4469.27,4149.86,4342.17,1852.95,319.41,2489.22
11-Feb-2013,7927.11,5482.61,6277.54,2007.15,2444.5,4270.39
12-Feb-2013,2786.7,8053.21,3253.01,3223.97,-5266.51,29.04
13-Feb-2013,5235.29,4245.48,3482.93,3796.7,989.81,-313.77
14-Feb-2013,6019.48,5983.31,5316.17,2818.11,36.17,2498.06
15-Feb-2013,2311.37,3535.23,6926.84,2893.44,-1223.86,4033.4
18-Feb-2013,2302.52,1336.42,4011.91,3879.16,966.1,132.75
19-Feb-2013,3640.29,7027.44,3715.97,5523.23,-3387.15,-1807.26
20-Feb-2013,2807.55,4422.36,10223.25,5705.15,-1614.81,4518.1
21-Feb-2013,5644.94,8165.0,7170.61,4111.29,-2520.06,3059.32
22-Feb-2013,5958.87,3962.71,4046.42,1704.44,1996.16,2341.98
25-Feb-2013,6133.31,3122.89,5983.89,5600.64,3010.42,383.25
26-Feb-2013,5368.65,6945.03,4265.09,2888.09,-1576.38,1377.0
27-Feb-2013,5105.56,5469.78,4240.6,3644.36,-364.22,596.24
28-Feb-2013,19383.54,4276.88,2070.41,3510.46,15106.66,-1440.05
01-Mar-2013,1982.81,5997.39,6379.79,2487.1,-4014.58,3892.69
04-Mar-2013,3988.42,3882.14,2858.78,5087.24,106.28,-2228.46
05-Mar-2013,6259.49,7945.85,7231.13,1920.06,-1686.36,5311.07
06-Mar-2013,3736.09,2477.94,3365.22,2662.01,1258.15,703.21
07-Mar-2013,4635.16,6707.6,5408.37,4353.16,-2072.44,1055.21
08-Mar-2013,3944.82,4323.03,2413.79,4507.68,-378.21,-2093.89
11-Mar-2013,1626.85,1764.57,6819.87,3981.96,-137.72,2837.91
12-Mar-2013,5151.17,6947.32,3148.34,2932.44,-1796.15,215.9
13-Mar-2013,5327.54,3987.36,3806.74,7312.18,1340.18,-3505.44
14-Mar-2013,5476.79,1907.4,3675.2,6554.78,3569.39,-2879.58
15-Mar-2013,4914.25,6669.44,4080.27,3445.68,-1755.19,634.59
18-Mar-2013,2606.05,3782.12,4653.91,1996.73,-1176.07,2657.18
19-Mar-2013,3234.61,3771.77,3383.23,5813.7,-537.16,-2430.47
20-Mar-2013,4121.85,8151.55,3319.45,5619.61,-4029.7,-2300.16
21-Mar-2013,8984.37,4992.0,3749.43,4382.47,3992.37,-633.04
22-Mar-2013,2541.1,4684.46,3681.39,5688.85,-2143.36,-2007.46
25-Mar-2013,3372.95,13676.64,2263.33,2571.29,-10303.69,-307.96
26-Mar-2013,6552.45,3680.95,2645.62,2992.61,2871.5,-346.99
27-Mar-2013,10210.19,4482.67,2850.0,2875.07,5727.52,-25.07
28-Mar-2013,3064.5,5071.22,4933.51,3037.41,-2006.72,1896.1
29-Mar-2013,4781.71,5409.25,3607.07,7409.99,-627.54,-3802.92
01-Apr-2013,4155.55,4515.77,4423.4,5698.96,-360.22,-1275.56
02-Apr-2013,3284.53,5861.94,1762.92,5802.16,-2577.41,-4039.24
03-Apr-2013,5968.66,2936.1,4171.48,8349.01,3032.56,-4177.53
04-Apr-2013,5244.12,5730.14,7771.77,3940.68,-486.02,3831.09
05-Apr-2013,6619.06,10403.91,2832.84,5086.73,-3784.85,-2253.89
08-Apr-2013,2473.45,5842.91,3224.65,2683.9,-3369.46,540.75
09-Apr-2013,1697.08,1541.09,5496.18,2605.84,155.99,2890.34
10-Apr-2013,7733.34,6532.37,2437.8,2983.5,1200.97,-545.7
11-Apr-2013,5951.35,4703.85,3276.61,3485.01,1247.5,-208.4
12-Apr-2013,3819.15,4098.79,2793.87,2832.57,-279.64,-38.7
15-Apr-2013,5038.64,3153.17,2008.93,8412.96,1885.47,-6404.03
16-Apr-2013,6261.73,4718.51,5306.47,2511.14,1543.22,2795.33
17-Apr-2013,11353.88,5740.47,3397.13,4196.64,5613.41,-799.51
18-Apr-2013,3084.2,3849.39,5336.43,3177.03,-765.19,2159.4
19-Apr-2013,3992.67,4117.02,5602.13,2732.04,-124.35,2870.09
22-Apr-2013,8278.46,9183.74,6415.99,3431.2,-905.28,2984.79
23-Apr-2013,4266.24,2536.71,2135.96,3007.39,1729.53,-871.43
24-Apr-2013,3036.83,4601.01,2994.98,4514.95,-1564.18,-1519.97
25-Apr-2013,4771.42,3913.55,4113.08,5789.9,857.87,-1676.82
26-Apr-2013,10794.52,5716.11,3339.86,4849.96,5078.41,-1510.1
29-Apr-2013,4332.99,12814.09,4649.29,2068.05,-8481.1,2581.24
30-Apr-2013,6357.58,3583.84,4052.87,1498.66,2773.74,2554.21
01-May-2013,3171.64,2699.64,4966.79,1998.5,472.0,2968.29
02-May-2013,2969.07,4154.47,2563.04,2014.67,-1185.4,548.37
03-May-2013,5898.28,5208.14,5033.28,3277.27,690.14,1756.01
06-May-2013,4145.58,10055.89,3009.72,6440.66,-5910.31,-3430.94
07-May-2013,5433.55,5343.69,4138.34,3847.62,89.86,290.72
08-May-2013,4287.17,6498.82,2779.91,5412.8,-2211.65,-2632.89
09-May-2013,5498.89,3066.25,1313.48,3763.32,2432.64,-2449.84
10-May-2013,4252.15,1740.33,4165.86,3683.76,2511.82,482.1
13-May-2013,3240.99,6259.85,3111.6,3482.27,-3018.86,-370.67
14-May-2013,2229.4,4052.68,5175.9,2085.66,-1823.28,3090.24
15-May-2013,2967.49,1994.53,3610.57,4911.21,972.96,-1300.64
16-May-2013,9456.5,3803.81,2589.56,5297.31,5652.69,-2707.75
17-May-2013,3800.66,3066.3,4684.18,3141.12,734.36,1543.06
20-May-2013,2833.95,2966.7,4950.04,2855.09,-132.75,2094.95
21-May-2013,2521.94,4307.91,4433.19,3761.44,-1785.97,671.75
22-May-2013,3226.06,4593.91,7792.33,2161.65,-1367.85,5630.68
23-May-2013,5625.82,5046.11,2258.69,4559.41,579.71,-2300.72
24-May-2013,10381.83,5219.88,4698.34,3367.5,5161.95,1330.84
27-May-2013,4809.58,8764.73,5112.05,2980.42,-3955.15,2131.63
28-May-2013,6418.81,2946.1,2494.88,5622.45,3472.71,-3127.57
29-May-2013,2777.43,2787.31,4532.13,3111.8,-9.88,1420.33
30-May-2013,1753.31,3972.98,2997.29,7116.08,-2219.67,-4118.79
31-May-2013,4321.73,10989.92,3951.89,2610.36,-6668.19,1341.53
03-Jun-2013,6712.7,3820.57,4299.75,5796.65,2892.13,-1496.9
04-Jun-2013,4552.95,4445.95,3716.58,4069.01,107.0,-352.43
05-Jun-2013,5278.77,3521.03,4472.51,2692.11,1757.74,1780.4
06-Jun-2013,4384.55,7033.41,3854.25,2267.15,-2648.86,1587.1
07-Jun-2013,7094.57,3449.69,6258.13,5103.5,3644.88,1154.63
10-Jun-2013,3070.62,3317.05,8663.44,3178.88,-246.43,5484.56
11-Jun-2013,3903.99,2083.26,2697.22,4991.4,1820.73,-2294.18
12-Jun-2013,5509.11,7452.9,7069.36,3401.95,-1943.79,3667.41
13-Jun-2013,4461.51,6234.51,3008.86,818.84,-1773.0,2190.02
14-Jun-2013,5715.24,4107.12,2611.25,3938.05,1608.12,-1326.8
17-Jun-2013,2045.2,7489.97,2840.05,3224.49,-5444.77,-384.44
18-Jun-2013,4401.48,3208.62,3195.11,5979.08,1192.86,-2783.97
19-Jun-2013,3733.33,2145.66,5490.51,4295.22,1587.67,1195.29
20-Jun-2013,1667.99,6695.79,6964.78,2889.39,-5027.8,4075.39
21-Jun-2013,4699.75,4948.38,4329.13,6897.76,-248.63,-2568.63
24-Jun-2013,3911.74,4468.65,4800.26,6398.8,-556.91,-1598.54
25-Jun-2013,5403.35,6737.51,4426.52,3190.79,-1334.16,1235.73
26-Jun-2013,2515.29,4770.62,4590.57,3078.42,-2255.33,1512.15
27-Jun-2013,5114.53,7941.59,3966.35,4578.5,-2827.06,-612.15
28-Jun-2013,4066.68,6599.61,3908.28,5774.6,-2532.93,-1866.32
01-Jul-2013,5118.21,6006.65,3391.26,2333.99,-888.44,1057.27
02-Jul-2013,6181.83,3922.77,7739.97,2074.97,2259.06,5665.0
03-Jul-2013,3864.46,3623.83,4761.78,4290.92,240.63,470.86
04-Jul-2013,3778.58,6635.66,3101.85,5815.78,-2857.08,-2713.93
05-Jul-2013,10566.41,6854.56,3442.79,3118.25,3711.85,324.54
08-Jul-2013,5290.17,2823.97,4250.4,2363.39,2466.2,1887.01
09-Jul-2013,3406.1,2619.17,2626.86,2933.79,786.93,-306.93
10-Jul-2013,10531.45,8120.01,4096.85,3852.37,2411.44,244.48
11-Jul-2013,2401.49,7290.8,4115.49,3227.51,-4889.31,887.98
12-Jul-2013,3507.3,6046.83,4728.02,3951.73,-2539.53,776.29
15-Jul-2013,6374.99,7217.35,3869.42,3513.23,-842.36,356.19
16-Jul-2013,4686.17,4467.24,3909.62,1725.32,218.93,2184.3
17-Jul-2013,2579.55,3307.64,3332.13,1774.39,-728.09,1557.74
18-Jul-2013,3787.96,5628.1,3326.35,3991.73,-1840.14,-665.38
19-Jul-2013,2464.13,6323.18,5756.68,2410.48,-3859.05,3346.2
22-Jul-2013,4141.85,2698.51,4360.75,3663.0,1443.34,697.75
23-Jul-2013,4661.59,5203.97,4157.02,1967.75,-542.38,2189.27
24-Jul-2013,6869.54,3054.45,4201.69,3154.44,3815.09,1047.25
25-Jul-2013,8112.11,9099.12,4086.34,4173.98,-987.01,-87.64
26-Jul-2013,2968.84,2883.19,3458.41,3054.6,85.65,403.81
29-Jul-2013,3044.86,6748.46,2596.72,1797.99,-3703.6,798.73
30-Jul-2013,6634.64,4314.56,5740.15,3940.62,2320.08,1799.53
31-Jul-2013,6022.92,7448.98,4392.05,4167.23,-1426.06,224.82
01-Aug-2013,5769.37,3700.36,4185.8,5227.81,2069.01,-1042.01
02-Aug-2013,1787.97,9434.75,3208.75,2104.18,-7646.78,1104.57
05-Aug-2013,4463.18,5418.66,6175.14,2622.9,-955.48,3552.24
06-Aug-2013,4864.83,2977.22,4040.14,3089.01,1887.61,951.13
07-Aug-2013,14782.91,3561.38,4914.59,3439.36,11221.53,1475.23
08-Aug-2013,3988.72,7885.82,3836.84,3305.12,-3897.1,531.72
09-Aug-2013,4883.87,4757.85,4280.53,4714.8,126.02,-434.27
12-Aug-2013,7848.55,2429.37,2575.33,2589.21,5419.18,-13.88
13-Aug-2013,2732.79,3556.79,2863.37,2487.76,-824.0,375.61
14-Aug-2013,4255.54,4557.74,3421.78,1847.2,-302.2,1574.58
15-Aug-2013,10127.98,2879.41,12125.16,5209.08,7248.57,6916.08
16-Aug-2013,2051.4,10501.28,3884.6,4810.57,-8449.88,-925.97
19-Aug-2013,5643.99,5725.09,4971.48,3794.04,-81.1,1177.44
20-Aug-2013,6405.1,1944.54,3701.41,4018.91,4460.56,-317.5
21-Aug-2013,5766.27,5950.02,4534.6,2799.56,-183.75,1735.04
22-Aug-2013,5804.31,5539.02,6707.72,4127.93,265.29,2579.79
23-Aug-2013,2614.75,3155.58,6327.19,5598.69,-540.83,728.5
26-Aug-2013,5580.4,3998.61,3482.22,4065.13,1581.79,-582.91
27-Aug-2013,11069.84,3207.49,3962.04,2787.35,7862.35,1174.69
28-Aug-2013,5593.18,3805.24,4349.5,2602.13,1787.94,1747.37
29-Aug-2013,4461.64,5729.77,3672.27,4507.72,-1268.13,-835.45
30-Aug-2013,3802.07,5237.37,2893.21,2823.2,-1435.3,70.01
02-Sep-2013,4091.15,5140.64,5977.25,4263.32,-1049.49,1713.93
03-Sep-2013,1934.19,3257.25,2871.87,7655.49,-1323.06,-4783.62
04-Sep-2013,3843.97,6964.02,3594.23,5325.0,-3120.05,-1730.77
05-Sep-2013,6283.91,4366.33,2960.4,2431.29,1917.58,529.11
06-Sep-2013,5007.81,4449.02,4101.89,3584.02,558.79,517.87
09-Sep-2013,4577.63,3550.82,2759.68,2338.47,1026.81,421.21
10-Sep-2013,4454.8,6836.62,3985.83,4468.76,-2381.82,-482.93
11-Sep-2013,7302.46,4689.31,5667.24,2537.19,2613.15,3130.05
12-Sep-2013,4368.93,5622.96,2734.11,5362.99,-1254.03,-2628.88
13-Sep-2013,5458.69,5151.31,4405.44,1370.22,307.38,3035.22
16-Sep-2013,3124.81,4626.93,3720.7,4054.61,-1502.12,-333.91
17-Sep-2013,3855.69,3838.79,1982.41,7035.64,16.9,-5053.23
18-Sep-2013,4133.09,6865.98,3717.48,5997.05,-2732.89,-2279.57
19-Sep-2013,4321.38,6521.05,3562.57,2594.36,-2199.67,968.21
20-Sep-2013,2198.18,2927.17,7020.14,3696.51,-728.99,3323.63
23-Sep-2013,11454.66,2939.65,3312.44,5647.68,8515.01,-2335.24
24-Sep-2013,5466.21,2856.93,1904.69,4313.99,2609.28,-2409.3
25-Sep-2013,6817.27,2138.25,4191.59,5045.21,4679.02,-853.62
26-Sep-2013,5595.76,6670.9,2988.47,2690.11,-1075.14,298.36
27-Sep-2013,4702.7,5575.5,1492.08,3042.3,-872.8,-1550.22
30-Sep-2013,12155.4,3379.5,6464.21,4288.84,8775.9,2175.37
01-Oct-2013,6472.71,3020.17,3472.8,3250.47,3452.54,222.33
02-Oct-2013,5027.54,5086.06,6308.89,2235.86,-58.52,4073.03
03-Oct-2013,2146.97,3415.15,3953.1,3501.48,-1268.18,451.62
04-Oct-2013,4220.71,7331.07,2359.89,4028.5,-3110.36,-1668.61
07-Oct-2013,6356.25,3095.37,2568.58,2726.12,3260.88,-157.54
08-Oct-2013,5397.58,5129.23,4971.98,3359.21,268.35,1612.77
09-Oct-2013,3214.18,3347.34,3579.41,3790.7,-133.16,-211.29
10-Oct-2013,7497.83,2964.83,4921.32,2942.2,4533.0,1979.12
11-Oct-2013,3749.94,6960.33,3890.97,3254.56,-3210.39,636.41
14-Oct-2013,3847.57,13114.91,6720.79,6719.46,-9267.34,1.33
15-Oct-2013,5752.59,4365.58,3525.71,2321.48,1387.01,1204.23
16-Oct-2013,6900.25,5204.25,2886.98,2793.66,1696.0,93.32
17-Oct-2013,9174.26,3973.53,4691.47,6066.99,5200.73,-1375.52
18-Oct-2013,1923.98,3746.49,2777.28,6731.02,-1822.51,-3953.74
21-Oct-2013,6265.72,5237.77,2079.99,3071.12,1027.95,-991.13
22-Oct-2013,3150.46,2374.71,3260.96,3525.8,775.75,-264.84
23-Oct-2013,3304.92,7220.99,4533.09,5229.41,-3916.07,-696.32
24-Oct-2013,7383.68,3938.08,2148.04,4525.93,3445.6,-2377.89
25-Oct-2013,4798.52,4160.87,4409.98,4477.01,637.65,-67.03
28-Oct-2013,5970.59,5579.73,4689.11,5019.66,390.86,-330.55
29-Oct-2013,3829.18,14886.78,3734.34,4372.46,-11057.6,-638.12
30-Oct-2013,6761.84,1306.53,4982.45,2172.72,5455.31,2809.73
31-Oct-2013,11394.47,3889.44,4782.16,5187.15,7505.03,-404.99
01-Nov-2013,7854.52,3314.44,2342.51,2924.74,4540.08,-582.23
04-Nov-2013,4366.13,3837.13,4690.5,2941.98,529.0,1748.52
05-Nov-2013,3721.65,1077.51,2012.23,2874.67,2644.14,-862.44
06-Nov-2013,3818.57,3594.49,2356.89,3671.17,224.08,-1314.28
07-Nov-2013,4482.25,4058.23,3500.81,3712.23,424.02,-211.42
08-Nov-2013,1680.62,3199.98,2388.47,4227.72,-1519.36,-1839.25
11-Nov-2013,12014.53,2417.36,3553.44,1993.57,9597.17,1559.87
12-Nov-2013,6014.47,3153.92,4057.79,3097.27,2860.55,960.52
13-Nov-2013,1822.7,3016.72,4166.26,3437.65,-1194.02,728.61
14-Nov-2013,3003.75,2955.2,3168.38,3716.05,48.55,-547.67
15-Nov-2013,5777.83,1906.24,4198.72,6552.84,3871.59,-2354.12
18-Nov-2013,4561.12,3042.29,4438.57,2050.13,1518.83,2388.44
19-Nov-2013,4611.33,4409.9,3355.37,6028.32,201.43,-2672.95
20-Nov-2013,4791.33,6926.61,3384.44,4021.31,-2135.28,-636.87
21-Nov-2013,3300.8,5581.59,3641.65,3960.52,-2280.79,-318.87
22-Nov-2013,4515.62,3239.19,3207.04,4174.79,1276.43,-967.75
25-Nov-2013,6840.07,2864.33,3855.1,1968.92,3975.74,1886.18
26-Nov-2013,3824.94,4653.29,3729.14,1920.84,-828.35,1808.3
27-Nov-2013,5508.2,3651.47,3809.34,5030.05,1856.73,-1220.71
28-Nov-2013,7399.59,2896.6,3368.28,3035.12,4502.99,333.16
29-Nov-2013,3225.48,2430.79,2362.37,3325.65,794.69,-963.28
02-Dec-2013,3653.92,4560.73,5596.89,4343.71,-906.81,1253.18
03-Dec-2013,4110.34,5202.83,3387.91,2786.66,-1092.49,601.25
04-Dec-2013,3008.18,5464.2,5264.96,4046.5,-2456.02,1218.46
05-Dec-2013,5113.88,5416.17,2397.38,3844.43,-302.29,-1447.05
06-Dec-2013,5560.02,4082.32,6539.65,4305.34,1477.7,2234.31
09-Dec-2013,8726.0,7374.19,3668.51,3301.6,1351.81,366.91
10-Dec-2013,9662.53,2651.36,5052.38,2978.88,7011.17,2073.5
11-Dec-2013,3315.3,8360.65,5065.88,3374.9,-5045.35,1690.98
12-Dec-2013,2830.64,6883.13,2685.25,2244.43,-4052.49,440.82
13-Dec-2013,3553.66,2307.0,3066.13,5205.97,1246.66,-2139.84
16-Dec-2013,3534.71,7734.73,6560.15,5874.51,-4200.02,685.64
17-Dec-2013,3864.34,4898.22,4347.2,4799.97,-1033.88,-452.77
18-Dec-2013,3265.05,4421.52,5888.39,2156.1,-1156.47,3732.29
19-Dec-2013,3991.36,3860.39,2305.69,4471.3,130.97,-2165.61
20-Dec-2013,3283.12,5873.23,3952.59,5525.42,-2590.11,-1572.83
23-Dec-2013,6641.97,7874.96,3836.16,2345.96,-1232.99,1490.2
24-Dec-2013,3751.87,6457.4,5319.31,2337.05,-2705.53,2982.26
25-Dec-2013,2711.47,2961.68,2236.52,2931.74,-250.21,-695.22
26-Dec-2013,3918.35,3328.17,1861.65,6655.7,590.18,-4794.05
27-Dec-2013,3631.3,2940.83,4150.94,2298.82,690.47,1852.12
30-Dec-2013,6865.8,5607.6,6126.04,3871.9,1258.2,2254.14
31-Dec-2013,5058.6,6832.29,2228.58,4266.82,-1773.69,-2038.24
01-Jan-2014,4871.7,6772.93,5441.18,2287.07,-1901.23,3154.11
02-Jan-2014,4556.73,6236.9,7241.32,4450.12,-1680.17,2791.2
03-Jan-2014,7704.92,2302.81,3891.1,5387.95,5402.11,-1496.85
06-Jan-2014,2334.49,4775.47,4134.56,2884.13,-2440.98,1250.43
07-Jan-2014,4732.26,5115.64,2889.17,4156.22,-383.38,-1267.05
08-Jan-2014,6798.17,7832.88,5668.01,4928.36,-1034.71,739.65
09-Jan-2014,3410.21,4990.71,2691.18,2057.29,-1580.5,633.89
10-Jan-2014,2291.06,2057.59,4739.12,3502.45,233.47,1236.67
13-Jan-2014,7803.77,4693.27,3808.88,2310.41,3110.5,1498.47
14-Jan-2014,4366.31,3082.21,3694.52,3682.33,1284.1,12.19
15-Jan-2014,10097.78,5773.75,3977.26,4729.76,4324.03,-752.5
16-Jan-2014,4510.83,5297.85,2907.2,4154.91,-787.02,-1247.71
17-Jan-2014,3508.4,1361.55,5036.87,5626.3,2146.85,-589.43
20-Jan-2014,3835.69,2693.57,6425.19,6326.46,1142.12,98.73
21-Jan-2014,5005.08,2183.22,4531.49,1778.37,2821.86,2753.12
22-Jan-2014,4898.9,2654.21,2324.99,4213.97,2244.69,-1888.98
23-Jan-2014,4955.39,8839.58,4105.04,3719.71,-3884.19,385.33
24-Jan-2014,4254.43,4014.39,3889.85,4669.62,240.04,-779.77
27-Jan-2014,4466.96,5629.31,4967.8,9457.38,-1162.35,-4489.58
28-Jan-2014,4049.31,9527.02,4688.62,5350.14,-5477.71,-661.52
29-Jan-2014,6152.85,8306.51,4641.73,2177.01,-2153.66,2464.72
30-Jan-2014,5738.38,4682.42,2506.07,3491.77,1055.96,-985.7
31-Jan-2014,13772.97,4798.58,2480.32,7037.5,8974.39,-4557.18
03-Feb-2014,3653.13,4549.14,2928.66,6233.94,-896.01,-3305.28
04-Feb-2014,12081.49,4521.12,4523.57,5930.14,7560.37,-1406.57
05-Feb-2014,15276.58,5722.09,4866.71,5772.67,9554.49,-905.96
06-Feb-2014,15420.18,4314.6,5350.2,3350.34,11105.58,1999.86
07-Feb-2014,2057.23,3895.35,1651.27,4263.66,-1838.12,-2612.39
10-Feb-2014,5431.73,5393.88,7305.09,7184.77,37.85,120.32
11-Feb-2014,3717.34,2684.76,3269.42,2543.32,1032.58,726.1
12-Feb-2014,5094.32,4127.5,3263.89,3628.41,966.82,-364.52
13-Feb-2014,2260.84,5293.48,4744.34,4459.62,-3032.64,284.72
14-Feb-2014,13769.77,3185.73,3344.05,5590.68,10584.04,-2246.63
17-Feb-2014,3478.52,4914.34,1907.4,3981.51,-1435.82,-2074.11
18-Feb-2014,6047.2,5547.58,4220.61,2281.25,499.62,1939.36
19-Feb-2014,6757.87,5476.9,2829.58,4868.16,1280.97,-2038.58
20-Feb-2014,4976.06,2873.04,1855.35,1555.02,2103.02,300.33
21-Feb-2014,3095.15,5008.42,2345.16,2946.59,-1913.27,-601.43
24-Feb-2014,3482.75,3541.25,2380.91,2613.2,-58.5,-232.29
25-Feb-2014,4011.53,13192.56,3009.44,4071.98,-9181.03,-1062.54
26-Feb-2014,4249.79,7983.42,3293.39,1843.18,-3733.63,1450.21
27-Feb-2014,2725.51,5894.24,5700.48,3454.74,-3168.73,2245.74
28-Feb-2014,7980.53,5773.11,4312.44,2178.45,2207.42,2133.99
03-Mar-2014,6601.96,3843.76,4121.13,2077.67,2758.2,2043.46
04-Mar-2014,4468.74,3858.0,3691.57,3514.38,610.74,177.19
05-Mar-2014,3196.25,2874.06,5381.7,5568.35,322.19,-186.65
06-Mar-2014,4199.48,4842.37,3951.53,8873.02,-642.89,-4921.49
07-Mar-2014,1937.08,8156.47,2101.17,1893.15,-6219.39,208.02
10-Mar-2014,4403.91,3650.83,4269.1,2116.35,753.08,2152.75
11-Mar-2014,6260.42,3829.12,5089.12,4986.57,2431.3,102.55
12-Mar-2014,3611.65,2251.19,5180.96,1675.46,1360.46,3505.5
13-Mar-2014,9302.8,2970.89,9028.0,5443.35,6331.91,3584.65
14-Mar-2014,4828.42,8884.27,5566.83,2529.47,-4055.85,3037.36
17-Mar-2014,4539.86,1841.8,4525.99,1611.71,2698.06,2914.28
18-Mar-2014,1895.03,4135.59,6470.48,2901.18,-2240.56,3569.3
19-Mar-2014,5502.74,3139.91,2375.61,2211.53,2362.83,164.08
20-Mar-2014,6201.99,3853.23,1391.24,3991.11,2348.76,-2599.87
21-Mar-2014,7860.64,1188.01,6877.89,5662.32,6672.63,1215.57
24-Mar-2014,2778.1,5482.74,4075.19,2318.73,-2704.64,1756.46
25-Mar-2014,8263.46,4856.32,3212.53,3607.47,3407.14,-394.94
26-Mar-2014,7501.35,3063.84,5292.77,1935.15,4437.51,3357.62
27-Mar-2014,2852.31,9190.84,3649.99,6316.16,-6338.53,-2666.17
28-Mar-2014,7546.9,2387.68,3790.64,1858.3,5159.22,1932.34
31-Mar-2014,5050.23,5033.98,5012.21,3386.21,16.25,1626.0
01-Apr-2014,6690.0,6056.32,5319.61,3371.07,633.68,1948.54
02-Apr-2014,5776.0,2022.07,4977.04,1807.99,3753.93,3169.05
03-Apr-2014,2683.68,3008.44,4537.77,3704.79,-324.76,832.98
04-Apr-2014,4059.47,5916.81,3015.15,3229.41,-1857.34,-214.26
07-Apr-2014,6722.72,3238.68,2918.86,3041.37,3484.04,-122.51
08-Apr-2014,2583.98,2590.64,3756.06,4332.6,-6.66,-576.54
09-Apr-2014,4397.87,3311.68,2496.11,6256.52,1086.19,-3760.41
10-Apr-2014,4407.5,3485.0,2554.91,1670.68,922.5,884.23
11-Apr-2014,2638.83,4021.64,2301.7,2195.34,-1382.81,106.36
14-Apr-2014,7228.68,6409.5,4267.63,1950.95,819.18,2316.68
15-Apr-2014,3210.19,4536.24,5680.45,2752.84,-1326.05,2927.61
16-Apr-2014,6969.57,3747.83,4544.08,5630.94,3221.74,-1086.86
17-Apr-2014,3287.06,7379.27,3901.45,3385.41,-4092.21,516.04
18-Apr-2014,1995.7,3792.73,5673.43,3531.31,-1797.03,2142.12
21-Apr-2014,10023.9,4397.7,3872.05,2081.07,5626.2,1790.98
22-Apr-2014,5789.51,3613.9,2726.77,3631.78,2175.61,-905.01
23-Apr-2014,2181.84,8299.12,3163.07,4486.0,-6117.28,-1322.93
24-Apr-2014,6003.2,3762.99,3825.68,2679.78,2240.21,1145.9
25-Apr-2014,8993.38,6055.78,6574.92,2267.42,2937.6,4307.5
28-Apr-2014,3474.21,5400.13,2690.81,2119.61,-1925.92,571.2
29-Apr-2014,2508.75,6673.28,3215.89,3485.28,-4164.53,-269.39
30-Apr-2014,5192.72,2829.95,3380.15,3216.06,2362.77,164.09
01-May-2014,7226.22,2312.03,3236.91,3375.33,4914.19,-138.42
02-May-2014,6858.25,7262.01,3274.22,3741.72,-403.76,-467.5
05-May-2014,2434.1,4111.41,3901.22,3611.32,-1677.31,289.9
06-May-2014,8666.92,6946.13,4350.48,2736.94,1720.79,1613.54
07-May-2014,5713.81,4467.72,4515.44,4558.01,1246.09,-42.57
08-May-2014,3141.83,4480.57,4832.93,2268.62,-1338.74,2564.31
09-May-2014,5775.84,2673.62,5936.86,6397.83,3102.22,-460.97
12-May-2014,4952.02,5119.84,5088.89,3214.09,-167.82,1874.8
13-May-2014,2548.43,7094.99,3391.48,2336.14,-4546.56,1055.34
14-May-2014,3504.4,6669.2,6605.2,2060.58,-3164.8,4544.62
15-May-2014,6503.2,7447.42,3920.13,2392.89,-944.22,1527.24
16-May-2014,6229.19,3517.32,5928.19,3696.46,2711.87,2231.73
19-May-2014,4292.39,2983.94,3222.12,1985.19,1308.45,1236.93
20-May-2014,8305.65,1948.27,4128.98,2253.89,6357.38,1875.09
21-May-2014,6837.54,4180.46,6146.81,2408.54,2657.08,3738.27
22-May-2014,4385.91,2731.63,3387.59,2436.12,1654.28,951.47
23-May-2014,4290.84,3814.66,3041.85,5683.73,476.18,-2641.88
26-May-2014,4701.56,7234.55,2910.38,2388.27,-2532.99,522.11
27-May-2014,5691.08,5193.42,3144.82,4247.06,497.66,-1102.24
28-May-2014,6782.11,1414.35,3302.87,2240.56,5367.76,1062.31
29-May-2014,7928.98,3611.37,3403.99,3114.63,4317.61,289.36
30-May-2014,3916.91,6397.42,4896.61,1490.37,-2480.51,3406.24
02-Jun-2014,3884.09,3680.96,3981.73,4057.41,203.13,-75.68
03-Jun-2014,1735.77,5118.25,10566.47,4571.44,-3382.48,5995.03
04-Jun-2014,3461.52,2989.48,6860.69,3012.0,472.04,3848.69
05-Jun-2014,3191.82,5330.96,2942.92,3202.44,-2139.14,-259.52
06-Jun-2014,16155.47,1869.09,3896.23,2466.67,14286.38,1429.56
09-Jun-2014,3640.72,3237.06,3004.89,3965.34,403.66,-960.45
10-Jun-2014,3291.92,7837.27,2792.49,3814.73,-4545.35,-1022.24
11-Jun-2014,2582.84,6010.22,1593.65,3618.13,-3427.38,-2024.48
12-Jun-2014,5045.79,5059.63,1882.88,2926.96,-13.84,-1044.08
13-Jun-2014,10294.98,2924.63,5229.92,2740.44,7370.35,2489.48
16-Jun-2014,5547.37,3596.98,5589.29,2174.59,1950.39,3414.7
17-Jun-2014,4007.63,4907.01,5423.92,1683.52,-899.38,3740.4
18-Jun-2014,4385.17,3001.12,7382.35,5919.61,1384.05,1462.74
19-Jun-2014,3426.93,4344.73,3482.03,3983.49,-917.8,-501.46
20-Jun-2014,7879.48,5979.13,5185.75,3112.49,1900.35,2073.26
23-Jun-2014,7116.2,3408.71,2717.43,1800.24,3707.49,917.19
24-Jun-2014,5960.03,1569.04,4277.74,1749.55,4390.99,2528.19
25-Jun-2014,5406.86,6085.78,5106.65,2624.14,-678.92,2482.51
26-Jun-2014,3458.07,6117.82,4877.02,4730.93,-2659.75,146.09
27-Jun-2014,5073.32,6463.63,6624.04,4942.02,-1390.31,1682.02
30-Jun-2014,5220.89,6384.91,3646.08,3306.26,-1164.02,339.82
01-Jul-2014,4744.39,3079.15,2652.67,1944.11,1665.24,708.56
02-Jul-2014,6189.46,3900.61,3875.86,2965.69,2288.85,910.17
03-Jul-2014,5026.33,2202.94,7225.28,6655.2,2823.39,570.08
04-Jul-2014,4268.96,8254.81,4035.97,4356.5,-3985.85,-320.53
07-Jul-2014,4981.32,9452.99,4961.65,2982.13,-4471.67,1979.52
08-Jul-2014,3043.33,5405.16,3246.99,4393.57,-2361.83,-1146.58
09-Jul-2014,8557.3,6055.67,2492.38,3311.26,2501.63,-818.88
10-Jul-2014,9218.95,5653.63,2504.72,5638.71,3565.32,-3133.99
11-Jul-2014,4460.37,1887.6,4594.27,1160.64,2572.77,3433.63
14-Jul-2014,2633.29,2337.96,3305.28,2073.68,295.33,1231.6
15-Jul-2014,4845.53,1805.03,10929.87,3553.29,3040.5,7376.58
16-Jul-2014,7546.07,2686.02,3822.34,2615.52,4860.05,1206.82
17-Jul-2014,3973.92,2294.0,2436.0,2710.93,1679.92,-274.93
18-Jul-2014,2260.43,2783.57,2163.22,3729.81,-523.14,-1566.59
21-Jul-2014,6747.58,4572.88,1521.85,4385.48,2174.7,-2863.63
22-Jul-2014,1344.82,3122.53,5142.15,2868.84,-1777.71,2273.31
23-Jul-2014,3764.65,7934.1,3777.11,4535.15,-4169.45,-758.04
24-Jul-2014,3954.3,3898.49,5728.13,3247.8,55.81,2480.33
25-Jul-2014,7926.12,5524.94,2022.65,2408.36,2401.18,-385.71
28-Jul-2014,2679.68,2957.31,2621.8,2115.01,-277.63,506.79
29-Jul-2014,2802.27,4961.45,8382.61,5431.55,-2159.18,2951.06
30-Jul-2014,6568.12,9051.77,4947.43,3186.48,-2483.65,1760.95
31-Jul-2014,11407.36,5609.13,4777.33,4111.26,5798.23,666.07
01-Aug-2014,3547.86,4500.12,6101.29,6513.52,-952.26,-412.23
04-Aug-2014,3882.26,3119.92,3629.97,10033.66,762.34,-6403.69
05-Aug-2014,2882.05,3399.78,3627.11,1739.42,-517.73,1887.69
06-Aug-2014,2204.39,4773.05,6338.68,2220.96,-2568.66,4117.72
07-Aug-2014,5365.85,4741.5,4990.31,3275.62,624.35,1714.69
08-Aug-2014,3935.01,6539.22,4918.36,3464.21,-2604.21,1454.15
11-Aug-2014,3279.91,3317.82,4363.59,1824.65,-37.91,2538.94
12-Aug-2014,1935.68,3096.83,5524.11,1945.31,-1161.15,3578.8
13-Aug-2014,7338.31,4254.69,2149.77,3206.72,3083.62,-1056.95
14-Aug-2014,7042.96,9070.69,5274.31,1647.26,-2027.73,3627.05
15-Aug-2014,5864.48,3308.25,3626.09,6474.6,2556.23,-2848.51
18-Aug-2014,3925.9,1934.32,6906.01,3624.56,1991.58,3281.45
19-Aug-2014,6712.2,4678.87,2696.01,4314.45,2033.33,-1618.44
20-Aug-2014,4203.04,9287.04,9998.35,2444.13,-5084.0,7554.22
21-Aug-2014,2772.98,4499.76,4508.84,2297.91,-1726.78,2210.93
22-Aug-2014,2896.78,8906.97,3606.5,5483.52,-6010.19,-1877.02
25-Aug-2014,4032.76,4065.95,4285.15,2417.46,-33.19,1867.69
26-Aug-2014,5316.73,3257.77,4590.24,3258.96,2058.96,1331.28
27-Aug-2014,4036.02,3524.96,3144.35,3871.71,511.06,-727.36
28-Aug-2014,7819.58,2812.43,1869.73,3082.28,5007.15,-1212.55
29-Aug-2014,2001.14,3445.77,4854.35,3999.34,-1444.63,855.01
01-Sep-2014,3602.95,3430.98,2457.82,3580.84,171.97,-1123.02
02-Sep-2014,5229.72,3420.04,3567.28,5737.18,1809.68,-2169.9
03-Sep-2014,6182.92,4029.02,3864.27,2131.19,2153.9,1733.08
04-Sep-2014,5788.99,6293.78,4077.75,2652.7,-504.79,1425.05
05-Sep-2014,5742.76,6296.22,5018.5,4064.96,-553.46,953.54
08-Sep-2014,6015.65,1836.5,4224.78,5348.21,4179.15,-1123.43
09-Sep-2014,18341.11,6278.77,1922.77,3289.7,12062.34,-1366.93
10-Sep-2014,3969.45,3869.13,3166.94,3466.02,100.32,-299.08
11-Sep-2014,7829.73,9051.92,5466.95,5823.03,-1222.19,-356.08
12-Sep-2014,5604.41,4048.38,2966.31,7022.55,1556.03,-4056.24
15-Sep-2014,2580.46,4604.29,2050.6,2475.46,-2023.83,-424.86
16-Sep-2014,5041.02,6457.99,1990.43,2544.37,-1416.97,-553.94
17-Sep-2014,3046.85,5249.0,2017.81,3323.87,-2202.15,-1306.06
18-Sep-2014,4180.34,5251.47,3092.34,5869.89,-1071.13,-2777.55
19-Sep-2014,2786.88,2481.79,5434.25,3366.24,305.09,2068.01
22-Sep-2014,3158.72,4896.37,3041.18,3796.68,-1737.65,-755.5
23-Sep-2014,5253.74,5153.4,3235.32,3258.35,100.34,-23.03
24-Sep-2014,11811.49,7597.67,1574.91,2268.03,4213.82,-693.12
25-Sep-2014,5395.19,5148.56,3633.29,5012.24,246.63,-1378.95
26-Sep-2014,5454.67,3124.78,4168.51,5048.04,2329.89,-879.53
29-Sep-2014,4201.81,3515.7,6685.49,3274.7,686.11,3410.79
30-Sep-2014,2319.4,7673.12,3937.56,4718.63,-5353.72,-781.07
01-Oct-2014,4903.72,6197.86,3197.53,5464.36,-1294.14,-2266.83
02-Oct-2014,3499.0,5534.32,3896.92,3105.64,-2035.32,791.28
03-Oct-2014,2786.63,3696.14,5518.1,3864.46,-909.51,1653.64
06-Oct-2014,3197.77,3572.69,4830.23,4128.0,-374.92,702.23
07-Oct-2014,3455.08,3563.4,2685.87,4082.61,-108.32,-1396.74
08-Oct-2014,2693.95,1993.08,5143.01,3201.72,700.87,1941.29
09-Oct-2014,5001.27,3736.57,3599.34,3226.55,1264.7,372.79
10-Oct-2014,4667.01,2846.19,2267.74,1116.93,1820.82,1150.81
13-Oct-2014,3500.84,3881.08,2836.93,4725.59,-380.24,-1888.66
14-Oct-2014,3585.42,2878.89,4948.54,6063.49,706.53,-1114.95
15-Oct-2014,5755.91,5898.55,4011.51,5296.98,-142.64,-1285.47
16-Oct-2014,5982.46,3782.69,4436.63,5964.87,2199.77,-1528.24
17-Oct-2014,7259.3,2854.04,2963.13,2424.88,4405.26,538.25
20-Oct-2014,7326.36,5260.69,3128.3,3093.53,2065.67,34.77
21-Oct-2014,10796.17,5397.09,5692.33,4330.22,5399.08,1362.11
22-Oct-2014,3237.6,3791.28,2785.66,1884.21,-553.68,901.45
23-Oct-2014,7776.58,9678.96,6556.36,2219.9,-1902.38,4336.46
24-Oct-2014,2984.96,6113.07,7281.31,4857.77,-3128.11,2423.54
27-Oct-2014,2992.77,4686.94,3295.26,4986.47,-1694.17,-1691.21
28-Oct-2014,3972.15,1734.84,4863.8,5197.69,2237.31,-333.89
29-Oct-2014,3930.87,4090.66,6327.57,6100.96,-159.79,226.61
30-Oct-2014,2539.26,2613.92,2321.37,10365.74,-74.66,-8044.37
31-Oct-2014,3102.8,3037.92,8634.43,4374.46,64.88,4259.97
03-Nov-2014,6202.26,7237.4,5809.23,6711.04,-1035.14,-901.81
04-Nov-2014,3829.62,2642.19,2923.75,6596.21,1187.43,-3672.46
05-Nov-2014,3957.25,7454.45,2660.67,1710.56,-3497.2,950.11
06-Nov-2014,5995.48,9438.4,6679.9,2013.35,-3442.92,4666.55
07-Nov-2014,5359.1,2955.95,5543.03,3124.22,2403.15,2418.81
10-Nov-2014,5030.93,7500.83,5146.39,3347.92,-2469.9,1798.47
11-Nov-2014,4777.41,5885.88,3927.22,4407.91,-1108.47,-480.69
12-Nov-2014,6889.24,4447.79,2693.47,6522.83,2441.45,-3829.36
13-Nov-2014,3144.21,4961.91,4065.78,6454.63,-1817.7,-2388.85
14-Nov-2014,4840.87,6559.9,4628.81,3535.99,-1719.03,1092.82
17-Nov-2014,2423.98,4773.7,1622.21,4545.42,-2349.72,-2923.21
18-Nov-2014,4820.4,2549.83,2641.88,3464.72,2270.57,-822.84
19-Nov-2014,2622.45,2183.27,3049.26,3261.43,439.18,-212.17
20-Nov-2014,5554.26,8407.57,4229.36,5196.26,-2853.31,-966.9
21-Nov-2014,4900.98,5719.21,2851.93,4969.02,-818.23,-2117.09
24-Nov-2014,8105.06,4602.3,2437.53,6885.85,3502.76,-4448.32
25-Nov-2014,6816.54,3518.14,2355.27,2428.26,3298.4,-72.99
26-Nov-2014,1957.33,8371.85,1970.79,9681.58,-6414.52,-7710.79
27-Nov-2014,3501.3,4382.94,4044.59,4023.76,-881.64,20.83
28-Nov-2014,4206.53,6292.58,5520.64,2368.65,-2086.05,3151.99
01-Dec-2014,3697.94,5172.09,2957.35,3082.0,-1474.15,-124.65
02-Dec-2014,2449.64,4919.57,2597.22,6196.72,-2469.93,-3599.5
03-Dec-2014,11222.46,3385.46,5665.92,3530.09,7837.0,2135.83
04-Dec-2014,5097.99,4515.98,3712.29,1076.11,582.01,2636.18
05-Dec-2014,4452.91,2390.04,3433.32,5529.51,2062.87,-2096.19
08-Dec-2014,6932.38,2795.54,2952.04,2938.85,4136.84,13.19
09-Dec-2014,4491.12,5613.04,3672.57,4174.63,-1121.92,-502.06
10-Dec-2014,4873.84,4262.14,7598.88,4830.93,611.7,2767.95
11-Dec-2014,1151.32,4999.43,4385.94,3852.4,-3848.11,533.54
12-Dec-2014,4603.32,2990.38,2808.09,3062.42,1612.94,-254.33
15-Dec-2014,2416.69,5606.86,1928.89,5386.32,-3190.17,-3457.43
16-Dec-2014,5716.85,6374.97,5994.48,3990.28,-658.12,2004.2
17-Dec-2014,4730.92,7776.84,4846.63,4120.28,-3045.92,726.35
18-Dec-2014,2749.66,3571.56,7292.79,4836.55,-821.9,2456.24
19-Dec-2014,13121.44,8789.56,2722.72,2176.41,4331.88,546.31
22-Dec-2014,5785.89,8841.14,4825.78,6444.71,-3055.25,-1618.93
23-Dec-2014,1790.62,4969.7,4424.73,2296.69,-3179.08,2128.04
24-Dec-2014,4962.45,2872.45,2972.24,3192.65,2090.0,-220.41
25-Dec-2014,4316.36,5024.2,3785.19,2778.86,-707.84,1006.33
26-Dec-2014,3482.48,3434.68,4393.21,1571.61,47.8,2821.6
29-Dec-2014,4084.79,2111.9,3763.61,4245.05,1972.89,-481.44
30-Dec-2014,7595.74,3720.14,5637.23,4715.64,3875.6,921.59
31-Dec-2014,3429.53,2417.66,6651.71,3294.02,1011.87,3357.69
01-Jan-2015,2309.67,2690.15,9858.85,1919.93,-380.48,7938.92
02-Jan-2015,5401.41,7575.8,3578.05,2195.55,-2174.39,1382.5
05-Jan-2015,4603.27,4242.81,4875.42,2482.65,360.46,2392.77
06-Jan-2015,3566.88,1915.18,4278.16,2724.83,1651.7,1553.33
07-Jan-2015,2019.86,3794.2,3046.02,3269.58,-1774.34,-223.56
08-Jan-2015,5429.66,4519.54,4966.73,3886.87,910.12,1079.86
09-Jan-2015,3909.55,5911.01,4468.04,3232.36,-2001.46,1235.68
12-Jan-2015,5528.07,3417.35,4021.14,3021.88,2110.72,999.26
13-Jan-2015,3626.41,4271.04,8341.68,2633.8,-644.63,5707.88
14-Jan-2015,3763.85,3770.06,3922.19,3567.32,-6.21,354.87
15-Jan-2015,9109.68,3843.44,2894.15,2987.27,5266.24,-93.12
16-Jan-2015,4653.31,4663.34,4533.14,4133.77,-10.03,399.37
19-Jan-2015,4990.23,7539.89,3118.82,4318.19,-2549.66,-1199.37
20-Jan-2015,2832.88,5750.39,3226.43,4705.93,-2917.51,-1479.5
21-Jan-2015,4223.82,6162.84,4277.47,4626.04,-1939.02,-348.57
22-Jan-2015,10136.27,3124.03,4656.06,3741.61,7012.24,914.45
23-Jan-2015,5663.28,8563.77,1275.28,4389.32,-2900.49,-3114.04
26-Jan-2015,4010.75,5380.85,2121.59,4353.44,-1370.1,-2231.85
27-Jan-2015,3143.94,4275.45,3729.57,6045.27,-1131.51,-2315.7
28-Jan-2015,3280.96,3169.25,2980.58,3317.25,111.71,-336.67
29-Jan-2015,2707.49,3186.25,5031.15,4750.7,-478.76,280.45
30-Jan-2015,7874.88,6782.59,8370.56,3248.42,1092.29,5122.14
02-Feb-2015,4574.6,5896.25,5187.5,2197.76,-1321.65,2989.74
03-Feb-2015,2767.68,5852.88,3208.83,3684.25,-3085.2,-475.42
04-Feb-2015,6727.84,3994.9,4650.38,2865.94,2732.94,1784.44
05-Feb-2015,4600.08,10582.95,3450.28,7737.8,-5982.87,-4287.52
06-Feb-2015,7044.34,6696.79,6633.75,3837.08,347.55,2796.67
09-Feb-2015,4423.24,2009.81,4653.22,2632.75,2413.43,2020.47
10-Feb-2015,4014.89,7621.73,2677.66,6252.46,-3606.84,-3574.8
11-Feb-2015,7957.19,3780.67,2464.18,9607.73,4176.52,-7143.55
12-Feb-2015,3279.88,2804.13,5469.9,2645.6,475.75,2824.3
13-Feb-2015,5191.54,7432.84,3500.0,5073.34,-2241.3,-1573.34
16-Feb-2015,8278.03,4369.75,3723.52,3693.93,3908.28,29.59
17-Feb-2015,5546.64,3360.25,3286.15,4372.27,2186.39,-1086.12
18-Feb-2015,4084.15,5985.53,7625.55,3112.67,-1901.38,4512.88
19-Feb-2015,5577.8,13621.75,5367.0,4285.1,-8043.95,1081.9
20-Feb-2015,7710.78,2279.46,5804.95,4541.11,5431.32,1263.84
23-Feb-2015,1630.1,1828.64,3378.61,5327.93,-198.54,-1949.32
24-Feb-2015,6417.18,3316.05,4217.89,2604.65,3101.13,1613.24
25-Feb-2015,5894.75,6383.68,4782.72,2823.39,-488.93,1959.33
26-Feb-2015,1941.41,4597.06,5909.78,5839.28,-2655.65,70.5
27-Feb-2015,4873.92,3134.57,3397.41,2496.51,1739.35,900.9
02-Mar-2015,5474.17,5313.56,2319.14,3709.87,160.61,-1390.73
03-Mar-2015,3849.03,4758.21,4171.92,7357.07,-909.18,-3185.15
04-Mar-2015,11261.77,4603.0,2601.12,3048.76,6658.77,-447.64
05-Mar-2015,3680.32,4105.44,3795.15,4141.87,-425.12,-346.72
06-Mar-2015,18061.65,4581.45,6142.69,3411.08,13480.2,2731.61
09-Mar-2015,10019.43,2309.3,2702.16,4943.28,7710.13,-2241.12
10-Mar-2015,4063.01,4806.5,3058.87,3792.72,-743.49,-733.85
11-Mar-2015,5960.86,3818.04,4372.06,4234.35,2142.82,137.71
12-Mar-2015,3852.26,1836.95,3463.41,1914.19,2015.31,1549.22
13-Mar-2015,4615.79,3739.99,2379.36,5257.0,875.8,-2877.64
16-Mar-2015,4691.8,8146.33,2858.21,1449.65,-3454.53,1408.56
17-Mar-2015,2645.36,9163.19,3335.44,3030.49,-6517.83,304.95
18-Mar-2015,4104.09,6823.48,4537.49,5112.54,-2719.39,-575.05
19-Mar-2015,3734.0,2612.9,4254.4,2781.82,1121.1,1472.58
20-Mar-2015,6907.65,6125.72,1308.07,3984.35,781.93,-2676.28
23-Mar-2015,4715.92,6207.57,3071.09,2203.93,-1491.65,867.16
24-Mar-2015,5681.98,7360.34,8633.7,4918.51,-1678.36,3715.19
25-Mar-2015,3692.64,4640.15,1592.34,1546.51,-947.51,45.83
26-Mar-2015,2503.66,5306.24,2676.49,4735.61,-2802.58,-2059.12
27-Mar-2015,4665.27,5743.47,5466.06,1558.59,-1078.2,3907.47
30-Mar-2015,7190.32,7504.81,2708.59,4033.89,-314.49,-1325.3
31-Mar-2015,7955.91,2060.26,3616.15,1736.79,5895.65,1879.36
01-Apr-2015,6202.37,4901.32,2526.33,3621.95,1301.05,-1095.62
02-Apr-2015,2322.53,4699.28,2975.64,6457.56,-2376.75,-3481.92
03-Apr-2015,5492.09,4011.33,2432.13,5205.26,1480.76,-2773.13
06-Apr-2015,5593.48,5902.34,2751.81,4587.96,-308.86,-1836.15
07-Apr-2015,4963.14,3467.46,3122.58,4218.74,1495.68,-1096.16
08-Apr-2015,5048.07,7193.17,8099.3,2470.78,-2145.1,5628.52
09-Apr-2015,6517.69,3717.94,3990.84,2382.06,2799.75,1608.78
10-Apr-2015,5454.43,4254.94,3474.22,2729.1,1199.49,745.12
13-Apr-2015,6474.0,3706.97,2581.39,7635.04,2767.03,-5053.65
14-Apr-2015,1944.0,4617.36,3558.65,8778.72,-2673.36,-5220.07
15-Apr-2015,13823.87,7688.57,5406.88,2758.23,6135.3,2648.65
16-Apr-2015,4005.27,8042.46,2357.36,4609.02,-4037.19,-2251.66
17-Apr-2015,4025.67,3694.45,4377.2,2465.03,331.22,1912.17
20-Apr-2015,4320.29,2259.06,6822.61,7822.34,2061.23,-999.73
21-Apr-2015,7003.14,7137.71,5908.47,2662.82,-134.57,3245.65
22-Apr-2015,6771.48,4486.33,4091.85,1955.21,2285.15,2136.64
23-Apr-2015,3888.13,2255.2,2753.72,2372.94,1632.93,380.78
24-Apr-2015,4122.14,4739.2,5671.25,4066.22,-617.06,1605.03
27-Apr-2015,5767.01,1860.93,4891.48,4503.72,3906.08,387.76
28-Apr-2015,3916.68,2549.04,3185.61,3935.03,1367.64,-749.42
29-Apr-2015,4550.29,4461.52,3631.26,2613.06,88.77,1018.2
30-Apr-2015,3853.53,10860.7,4332.24,5660.78,-7007.17,-1328.54
01-May-2015,4719.85,2768.4,3859.76,2668.1,1951.45,1191.66
04-May-2015,8271.24,6287.3,3381.23,2920.35,1983.94,460.88
05-May-2015,3187.11,2699.26,2689.18,4019.56,487.85,-1330.38
06-May-2015,11189.55,3340.02,3743.5,4066.98,7849.53,-323.48
07-May-2015,5431.42,4067.02,3907.04,3270.49,1364.4,636.55
08-May-2015,3062.01,2918.28,5348.96,2584.33,143.73,2764.63
11-May-2015,6050.13,5519.03,2928.43,8304.65,531.1,-5376.22
12-May-2015,2642.05,3680.16,8070.68,2876.31,-1038.11,5194.37
13-May-2015,3458.21,4553.11,4208.72,2736.61,-1094.9,1472.11
14-May-2015,3573.63,6587.27,6341.46,3699.55,-3013.64,2641.91
15-May-2015,3655.88,1917.87,2050.72,2747.67,1738.01,-696.95
18-May-2015,1779.39,5304.17,3899.68,1712.03,-3524.78,2187.65
19-May-2015,2403.51,2743.52,3498.47,4444.88,-340.01,-946.41
20-May-2015,4208.62,4308.38,5127.24,5809.77,-99.76,-682.53
21-May-2015,2276.08,3501.74,3124.55,7477.29,-1225.66,-4352.74
22-May-2015,8025.17,5507.58,2230.18,2295.1,2517.59,-64.92
25-May-2015,3262.9,4717.47,4294.45,3104.71,-1454.57,1189.74
26-May-2015,2710.87,3559.12,5040.29,2793.77,-848.25,2246.52
27-May-2015,7315.23,8500.33,6661.27,1540.33,-1185.1,5120.94
28-May-2015,2906.7,8566.04,4003.59,6441.49,-5659.34,-2437.9
29-May-2015,8958.94,10843.39,6427.7,3963.59,-1884.45,2464.11
01-Jun-2015,6021.79,3108.49,4978.57,3402.52,2913.3,1576.05
02-Jun-2015,11912.71,2922.49,2277.25,2342.48,8990.22,-65.23
03-Jun-2015,2913.68,3497.37,3754.24,3032.92,-583.69,721.32
04-Jun-2015,5257.28,6700.92,3928.95,4527.67,-1443.64,-598.72
05-Jun-2015,4624.39,6235.18,3456.12,6951.94,-1610.79,-3495.82
08-Jun-2015,6785.32,4303.24,3658.67,5072.93,2482.08,-1414.26
09-Jun-2015,5724.08,6901.0,3428.27,4532.55,-1176.92,-1104.28
10-Jun-2015,3662.02,3704.2,2863.8,5891.02,-42.18,-3027.22
11-Jun-2015,3825.91,2804.52,5183.7,2016.37,1021.39,3167.33
12-Jun-2015,7240.89,7169.48,4671.7,2777.48,71.41,1894.22
15-Jun-2015,4199.44,2573.97,4557.88,3658.54,1625.47,899.34
16-Jun-2015,7404.94,6250.73,3896.22,2361.79,1154.21,1534.43
17-Jun-2015,6390.35,3338.39,4329.3,2654.89,3051.96,1674.41
18-Jun-2015,9500.57,4028.98,4177.74,5031.32,5471.59,-853.58
19-Jun-2015,4907.97,4597.71,3953.09,3326.5,310.26,626.59
22-Jun-2015,4156.06,7767.22,4360.56,4042.86,-3611.16,317.7
23-Jun-2015,5571.78,7653.32,2594.92,2270.56,-2081.54,324.36
24-Jun-2015,5710.37,3832.94,4686.79,2179.57,1877.43,2507.22
25-Jun-2015,6947.25,5095.36,6142.02,2647.19,1851.89,3494.83
26-Jun-2015,4528.65,3504.14,1596.39,3460.17,1024.51,-1863.78
29-Jun-2015,1458.3,4372.21,3219.04,1629.44,-2913.91,1589.6
30-Jun-2015,3180.69,6132.26,3592.89,3519.14,-2951.57,73.75
01-Jul-2015,6912.65,4634.37,2848.4,3495.86,2278.28,-647.46
02-Jul-2015,6388.45,2927.69,8613.68,4610.72,3460.76,4002.96
03-Jul-2015,9317.73,2156.95,5194.96,4331.55,7160.78,863.41
06-Jul-2015,5702.41,3398.4,3054.68,2363.56,2304.01,691.12
07-Jul-2015,3262.51,2933.99,6233.45,2928.54,328.52,3304.91
08-Jul-2015,3173.09,8563.03,3971.39,2411.27,-5389.94,1560.12
09-Jul-2015,3338.15,3318.26,3718.35,3721.18,19.89,-2.83
10-Jul-2015,3701.96,2772.08,5352.72,2996.43,929.88,2356.29
13-Jul-2015,10506.31,4621.42,1456.44,6185.31,5884.89,-4728.87
14-Jul-2015,3157.32,2695.61,5438.37,1847.3,461.71,3591.07
15-Jul-2015,4373.73,5718.93,3030.03,4037.76,-1345.2,-1007.73
16-Jul-2015,2763.35,5377.65,3100.67,2194.26,-2614.3,906.41
17-Jul-2015,3864.88,5052.4,4701.29,6618.71,-1187.52,-1917.42
20-Jul-2015,6001.28,2178.79,3792.68,2672.19,3822.49,1120.49
21-Jul-2015,5198.15,6867.08,3144.99,4312.09,-1668.93,-1167.1
22-Jul-2015,3528.59,2722.9,5278.13,4078.03,805.69,1200.1
23-Jul-2015,6714.6,1554.57,2685.93,1987.98,5160.03,697.95
24-Jul-2015,3768.16,3900.08,2188.44,3567.96,-131.92,-1379.52
27-Jul-2015,7323.06,8735.85,3662.19,5343.49,-1412.79,-1681.3
28-Jul-2015,2731.25,4705.25,2066.7,5286.54,-1974.0,-3219.84
29-Jul-2015,7253.57,4456.0,2820.26,6173.69,2797.57,-3353.43
30-Jul-2015,3749.74,5901.24,6365.58,2661.24,-2151.5,3704.34
31-Jul-2015,5640.0,1971.79,4802.34,3164.76,3668.21,1637.58
03-Aug-2015,1388.36,4184.35,4725.69,2497.14,-2795.99,2228.55
04-Aug-2015,4622.9,1995.41,2597.66,2475.18,2627.49,122.48
05-Aug-2015,5385.0,11044.32,2779.04,2950.42,-5659.32,-171.38
06-Aug-2015,3169.73,7948.15,2843.97,4397.78,-4778.42,-1553.81
07-Aug-2015,8110.99,2350.14,4001.46,2647.59,5760.85,1353.87
10-Aug-2015,4262.8,3623.59,2701.5,3231.25,639.21,-529.75
11-Aug-2015,6827.34,5169.33,3833.36,4216.39,1658.01,-383.03
12-Aug-2015,7143.51,3338.98,5690.67,2814.12,3804.53,2876.55
13-Aug-2015,2528.89,2418.94,5398.93,6504.5,109.95,-1105.57
14-Aug-2015,3075.78,6019.03,2400.15,2914.7,-2943.25,-514.55
17-Aug-2015,3696.98,5052.02,5482.94,2844.76,-1355.04,2638.18
18-Aug-2015,4338.85,5610.52,4281.91,1623.4,-1271.67,2658.51
19-Aug-2015,5836.71,6655.12,4633.63,7924.85,-818.41,-3291.22
20-Aug-2015,8684.99,6168.08,4003.24,3136.81,2516.91,866.43
21-Aug-2015,4681.46,5168.52,1378.15,3011.84,-487.06,-1633.69
24-Aug-2015,7440.19,2850.61,3505.78,3250.25,4589.58,255.53
25-Aug-2015,7037.44,2878.76,4474.8,7551.13,4158.68,-3076.33
26-Aug-2015,4860.93,3489.2,5040.6,1470.29,1371.73,3570.31
27-Aug-2015,3584.9,5910.22,4353.19,5702.79,-2325.32,-1349.6
28-Aug-2015,4486.62,5128.46,2747.62,4406.13,-641.84,-1658.51
31-Aug-2015,3661.2,5700.11,4654.33,6977.06,-2038.91,-2322.73
01-Sep-2015,4130.65,6640.12,3704.81,6702.94,-2509.47,-2998.13
02-Sep-2015,5955.39,1942.06,2846.78,5702.94,4013.33,-2856.16
03-Sep-2015,7581.93,11720.93,2971.76,3783.02,-4139.0,-811.26
04-Sep-2015,5243.08,2609.59,2660.56,4807.08,2633.49,-2146.52
07-Sep-2015,6559.35,4394.37,4202.65,4392.29,2164.98,-189.64
08-Sep-2015,4423.23,2825.61,6206.84,7493.26,1597.62,-1286.42
09-Sep-2015,4065.2,3809.37,4378.51,4017.02,255.83,361.49
10-Sep-2015,4673.1,5122.45,4306.3,2371.99,-449.35,1934.31
11-Sep-2015,6616.1,3282.51,4540.13,7013.6,3333.59,-2473.47
14-Sep-2015,3585.06,13681.21,6334.06,5112.11,-10096.15,1221.95
15-Sep-2015,5746.73,5420.54,3759.49,2902.47,326.19,857.02
16-Sep-2015,5016.41,4824.66,5239.89,2961.58,191.75,2278.31
17-Sep-2015,5245.32,6432.8,6894.76,3183.56,-1187.48,3711.2
18-Sep-2015,7258.12,4059.27,3206.81,4540.01,3198.85,-1333.2
21-Sep-2015,5143.77,3211.8,2807.72,2257.27,1931.97,550.45
22-Sep-2015,3497.53,5018.86,4776.03,4723.81,-1521.33,52.22
23-Sep-2015,3208.17,7362.54,3063.8,3330.05,-4154.37,-266.25
24-Sep-2015,4193.03,4861.88,4577.16,1763.07,-668.85,2814.09
25-Sep-2015,3892.46,4247.03,4196.2,2586.57,-354.57,1609.63
28-Sep-2015,5196.0,4985.53,5466.42,3659.42,210.47,1807.0
29-Sep-2015,5048.32,4112.63,7558.5,5938.2,935.69,1620.3
30-Sep-2015,5960.86,8040.95,3064.52,5155.45,-2080.09,-2090.93
01-Oct-2015,4115.75,4618.02,1227.99,4853.71,-502.27,-3625.72
02-Oct-2015,4338.31,4606.99,3429.19,4687.49,-268.68,-1258.3
05-Oct-2015,3029.78,7426.53,2895.59,5187.07,-4396.75,-2291.48
06-Oct-2015,4458.74,3657.29,3386.85,7579.83,801.45,-4192.98
07-Oct-2015,6397.71,3354.55,2783.1,2302.79,3043.16,480.31
08-Oct-2015,2616.2,4047.51,2783.01,3255.66,-1431.31,-472.65
09-Oct-2015,4095.56,8086.01,4974.93,5389.66,-3990.45,-414.73
12-Oct-2015,5528.97,3643.5,4718.64,4650.76,1885.47,67.88
13-Oct-2015,3829.45,5819.17,2313.37,4018.55,-1989.72,-1705.18
14-Oct-2015,5385.16,4397.05,2141.35,3351.54,988.11,-1210.19
15-Oct-2015,5985.97,6183.04,3894.75,4023.48,-197.07,-128.73
16-Oct-2015,3320.42,9711.65,4671.45,5219.48,-6391.23,-548.03
19-Oct-2015,7277.85,4142.93,2420.38,6644.02,3134.92,-4223.64
20-Oct-2015,7330.52,1972.71,3431.25,5822.73,5357.81,-2391.48
21-Oct-2015,2729.15,2584.72,5093.21,2258.97,144.43,2834.24
22-Oct-2015,7126.18,3633.9,2613.77,2034.27,3492.28,579.5
23-Oct-2015,3921.5,4246.37,3916.5,2924.3,-324.87,992.2
26-Oct-2015,4136.38,8290.94,5877.67,6156.65,-4154.56,-278.98
27-Oct-2015,2475.61,2357.46,4241.14,2009.01,118.15,2232.13
28-Oct-2015,7525.25,9072.45,12189.73,4698.42,-1547.2,7491.31
29-Oct-2015,4551.03,7539.92,5203.19,3222.58,-2988.89,1980.61
30-Oct-2015,3104.79,2447.8,2834.97,2939.64,656.99,-104.67
02-Nov-2015,4357.46,3746.11,3300.92,9223.1,611.35,-5922.18
03-Nov-2015,4973.18,1476.56,2818.56,1890.36,3496.62,928.2
04-Nov-2015,12185.99,6608.68,4136.0,1963.51,5577.31,2172.49
05-Nov-2015,11097.88,2087.9,6833.68,5297.65,9009.98,1536.03
06-Nov-2015,3719.38,4847.6,7402.62,3453.49,-1128.22,3949.13
09-Nov-2015,3237.31,5907.58,2618.14,5267.32,-2670.27,-2649.18
10-Nov-2015,3306.3,5577.3,2959.91,4361.68,-2271.0,-1401.77
11-Nov-2015,5843.69,9600.32,2168.92,4964.82,-3756.63,-2795.9
12-Nov-2015,4167.92,3785.78,2630.36,5316.92,382.14,-2686.56
13-Nov-2015,3113.7,7855.06,6133.37,2711.29,-4741.36,3422.08
16-Nov-2015,5410.81,5033.46,5385.75,4525.39,377.35,860.36
17-Nov-2015,8257.95,5641.81,5816.41,2387.97,2616.14,3428.44
18-Nov-2015,3849.4,5479.76,5207.27,4918.78,-1630.36,288.49
19-Nov-2015,3728.37,3762.37,7074.24,3656.31,-34.0,3417.93
20-Nov-2015,5818.21,4888.23,5312.1,4699.25,929.98,612.85
23-Nov-2015,6177.47,5187.83,2935.63,3295.68,989.64,-360.05
24-Nov-2015,4972.21,4788.09,4240.68,5116.29,184.12,-875.61
25-Nov-2015,3971.67,4400.02,3777.13,6214.42,-428.35,-2437.29
26-Nov-2015,5387.41,3253.86,1720.15,2727.49,2133.55,-1007.34
27-Nov-2015,4014.28,8042.46,6869.4,2796.26,-4028.18,4073.14
30-Nov-2015,3365.73,3051.64,3455.27,2283.58,314.09,1171.69
01-Dec-2015,4550.4,9573.64,7368.64,2669.41,-5023.24,4699.23
02-Dec-2015,1941.37,5554.99,2593.89,6255.47,-3613.62,-3661.58
03-Dec-2015,2800.1,14403.5,7566.01,2863.77,-11603.4,4702.24
04-Dec-2015,6901.16,2926.53,4651.82,2088.56,3974.63,2563.26
07-Dec-2015,6724.86,3899.8,2944.31,1914.82,2825.06,1029.49
08-Dec-2015,1666.92,8616.08,2723.47,1472.1,-6949.16,1251.37
09-Dec-2015,4159.06,4392.27,3390.97,8194.79,-233.21,-4803.82
10-Dec-2015,2894.63,2649.42,2164.71,2973.29,245.21,-808.58
11-Dec-2015,4956.22,5521.22,3899.37,2077.45,-565.0,1821.92
14-Dec-2015,4208.76,3683.1,5628.86,2541.42,525.66,3087.44
15-Dec-2015,4028.82,5114.13,4359.94,3635.02,-1085.31,724.92
16-Dec-2015,5738.54,3934.69,4076.21,4244.69,1803.85,-168.48
17-Dec-2015,4729.24,3085.97,5621.62,2958.51,1643.27,2663.11
18-Dec-2015,1791.16,4347.06,3028.9,3623.48,-2555.9,-594.58
21-Dec-2015,5758.82,6657.95,3933.99,2620.51,-899.13,1313.48
22-Dec-2015,5339.13,4149.1,3017.66,2991.64,1190.03,26.02
23-Dec-2015,5262.37,7036.4,2197.94,3320.38,-1774.03,-1122.44
24-Dec-2015,5726.29,6061.47,2438.75,3884.71,-335.18,-1445.96
25-Dec-2015,7073.67,4014.49,4530.37,4425.85,3059.18,104.52
28-Dec-2015,7248.68,6545.56,3131.5,4670.89,703.12,-1539.39
29-Dec-2015,3037.16,4510.48,2293.1,2852.47,-1473.32,-559.37
30-Dec-2015,12661.75,4503.07,2729.07,2904.31,8158.68,-175.24
31-Dec-2015,3109.43,8246.97,3647.09,3335.21,-5137.54,311.88
01-Jan-2016,5508.83,5901.41,4733.76,3342.08,-392.58,1391.68
04-Jan-2016,8174.19,5625.74,8053.26,4090.25,2548.45,3963.01
05-Jan-2016,4052.44,5136.03,3086.15,2192.97,-1083.59,893.18
06-Jan-2016,2623.65,4175.46,2238.32,2798.4,-1551.81,-560.08
07-Jan-2016,7050.48,5549.39,6446.97,3492.25,1501.09,2954.72
08-Jan-2016,3997.66,3094.24,2438.58,2729.81,903.42,-291.23
11-Jan-2016,5014.51,4176.08,3688.04,2311.69,838.43,1376.35
12-Jan-2016,6778.77,4763.51,4318.39,2927.0,2015.26,1391.39
13-Jan-2016,13889.73,2488.12,3536.88,3511.62,11401.61,25.26
14-Jan-2016,6922.07,2554.41,4400.42,5326.06,4367.66,-925.64
15-Jan-2016,5962.72,2392.57,5272.79,2805.43,3570.15,2467.36
18-Jan-2016,7167.54,5725.81,7049.63,5279.3,1441.73,1770.33
19-Jan-2016,3029.78,3690.38,1557.09,3831.39,-660.6,-2274.3
20-Jan-2016,2901.66,6878.6,7449.4,2089.62,-3976.94,5359.78
21-Jan-2016,4462.68,2217.74,2500.16,2626.29,2244.94,-126.13
22-Jan-2016,4523.7,2701.65,2533.24,3624.4,1822.05,-1091.16
25-Jan-2016,4495.35,3033.33,6232.23,2431.71,1462.02,3800.52
26-Jan-2016,7765.06,5833.57,3550.33,2541.75,1931.49,1008.58
27-Jan-2016,3354.93,10390.92,3224.98,3620.02,-7035.99,-395.04
28-Jan-2016,5174.47,15832.98,1547.09,3833.35,-10658.51,-2286.26
29-Jan-2016,5197.15,5602.3,2264.03,5250.42,-405.15,-2986.39
01-Feb-2016,3268.29,3731.13,3649.05,8597.24,-462.84,-4948.19
02-Feb-2016,2711.97,7837.02,3791.98,3141.84,-5125.05,650.14
03-Feb-2016,4834.69,11285.8,3756.98,4080.2,-6451.11,-323.22
04-Feb-2016,5167.44,6584.93,3633.24,3754.25,-1417.49,-121.01
05-Feb-2016,4192.9,3479.93,4939.85,5199.61,712.97,-259.76
08-Feb-2016,4506.85,1850.28,2325.16,1390.01,2656.57,935.15
09-Feb-2016,5799.89,5628.7,4599.29,6520.43,171.19,-1921.14
10-Feb-2016,3694.97,4493.67,4976.36,3050.67,-798.7,1925.69
11-Feb-2016,5105.39,4723.17,1776.26,2901.6,382.22,-1125.34
12-Feb-2016,3477.9,2844.01,3050.8,9319.27,633.89,-6268.47
15-Feb-2016,3962.61,2011.29,2994.39,2707.1,1951.32,287.29
16-Feb-2016,3689.13,2970.04,2185.42,2672.23,719.09,-486.81
17-Feb-2016,4266.01,6729.95,5463.88,2178.33,-2463.94,3285.55
18-Feb-2016,3952.63,8049.26,3820.83,3833.23,-4096.63,-12.4
19-Feb-2016,4462.36,5790.64,6381.38,3070.19,-1328.28,3311.19
22-Feb-2016,3254.79,2156.25,4370.43,2756.5,1098.54,1613.93
23-Feb-2016,3404.52,13370.16,5056.84,2844.04,-9965.64,2212.8
24-Feb-2016,1846.36,1706.28,4032.58,5224.67,140.08,-1192.09
25-Feb-2016,3479.69,4646.54,2462.06,2220.97,-1166.85,241.09
26-Feb-2016,2342.68,3234.79,5267.41,3960.38,-892.11,1307.03
29-Feb-2016,3160.79,3578.3,3710.39,4156.26,-417.51,-445.87
01-Mar-2016,2746.25,4977.29,2923.41,4969.32,-2231.04,-2045.91
02-Mar-2016,9774.54,8359.42,4183.09,2832.97,1415.12,1350.12
03-Mar-2016,3467.59,1713.19,6235.52,6029.27,1754.4,206.25
04-Mar-2016,2552.65,3624.02,2865.97,3193.29,-1071.37,-327.32
07-Mar-2016,5667.78,4518.26,2923.87,4307.17,1149.52,-1383.3
08-Mar-2016,2874.09,6490.93,3158.8,2282.42,-3616.84,876.38
09-Mar-2016,3672.14,7194.3,2812.78,1829.45,-3522.16,983.33
10-Mar-2016,4580.89,4255.69,6838.44,4526.8,325.2,2311.64
11-Mar-2016,7823.21,2553.45,4672.79,2528.44,5269.76,2144.35
14-Mar-2016,5576.01,8641.13,2641.77,3370.66,-3065.12,-728.89
15-Mar-2016,2392.6,4804.0,2917.93,4847.89,-2411.4,-1929.96
16-Mar-2016,6001.15,2056.6,5528.68,1655.89,3944.55,3872.79
17-Mar-2016,5199.26,4341.35,1684.73,4982.8,857.91,-3298.07
18-Mar-2016,7509.13,2007.22,2993.6,1860.87,5501.91,1132.73
21-Mar-2016,6928.75,7030.1,4314.46,5020.41,-101.35,-705.95
22-Mar-2016,4252.96,5107.43,2845.25,5035.93,-854.47,-2190.68
23-Mar-2016,6199.1,4119.18,3275.1,3537.68,2079.92,-262.58
24-Mar-2016,3070.46,5098.35,2630.52,6205.89,-2027.89,-3575.37
25-Mar-2016,7929.07,1371.19,4532.94,4607.61,6557.88,-74.67
28-Mar-2016,4317.58,8045.95,2314.45,5314.98,-3728.37,-3000.53
29-Mar-2016,3226.98,6276.12,6708.19,4498.4,-3049.14,2209.79
30-Mar-2016,2734.71,6743.24,7347.79,3951.86,-4008.53,3395.93
31-Mar-2016,5672.79,3266.65,5110.34,1310.95,2406.14,3799.39
01-Apr-2016,4299.04,5872.33,3321.8,1271.13,-1573.29,2050.67
04-Apr-2016,2579.63,5101.69,5634.09,2630.52,-2522.06,3003.57
05-Apr-2016,2604.45,3755.4,4879.34,2741.32,-1150.95,2138.02
06-Apr-2016,2063.79,3895.63,3654.42,3209.2,-1831.84,445.22
07-Apr-2016,3085.17,4204.69,5211.59,6023.36,-1119.52,-811.77
08-Apr-2016,4479.47,1447.68,3691.23,2357.94,3031.79,1333.29
11-Apr-2016,5872.44,3388.86,4534.04,2347.27,2483.58,2186.77
12-Apr-2016,4717.01,1962.66,3681.06,2055.15,2754.35,1625.91
13-Apr-2016,4507.13,7414.1,4830.39,3589.82,-2906.97,1240.57
14-Apr-2016,3318.13,2783.95,3088.89,4044.17,534.18,-955.28
15-Apr-2016,4302.91,4478.07,2848.4,3214.63,-175.16,-366.23
18-Apr-2016,4430.58,11747.42,2101.21,3875.76,-7316.84,-1774.55
19-Apr-2016,5240.84,12075.54,6910.25,3116.11,-6834.7,3794.14
20-Apr-2016,1389.41,8849.71,4853.57,3435.19,-7460.3,1418.38
21-Apr-2016,1792.12,8633.12,2138.75,4755.55,-6841.0,-2616.8
22-Apr-2016,4339.68,4511.3,5969.39,2337.12,-171.62,3632.27
25-Apr-2016,4440.33,6967.75,2985.59,3664.02,-2527.42,-678.43
26-Apr-2016,7088.02,4424.63,2977.79,2099.18,2663.39,878.61
27-Apr-2016,5687.78,3567.37,4466.81,1992.17,2120.41,2474.64
28-Apr-2016,4629.61,3745.31,8739.81,2273.72,884.3,6466.09
29-Apr-2016,2181.7,3820.92,5366.41,2251.49,-1639.22,3114.92
02-May-2016,4816.26,2932.2,2332.34,3535.03,1884.06,-1202.69
03-May-2016,6564.64,2317.49,9778.68,3501.94,4247.15,6276.74
04-May-2016,5304.38,6875.78,6257.89,2175.96,-1571.4,4081.93
05-May-2016,8137.51,2924.77,3697.67,4958.17,5212.74,-1260.5
06-May-2016,6640.09,3112.15,6494.0,7373.85,3527.94,-879.85
09-May-2016,4389.45,3235.08,3904.09,4479.42,1154.37,-575.33
10-May-2016,7342.97,10251.82,4261.8,6537.43,-2908.85,-2275.63
11-May-2016,2049.43,2625.74,3333.93,2010.9,-576.31,1323.03
12-May-2016,8461.41,3860.81,6311.04,3497.46,4600.6,2813.58
13-May-2016,2875.93,4721.83,6295.86,2561.4,-1845.9,3734.46
16-May-2016,2539.87,6363.5,3690.42,5588.32,-3823.63,-1897.9
17-May-2016,4246.83,2572.33,3441.15,3156.2,1674.5,284.95
18-May-2016,4800.68,7279.17,3225.5,2215.0,-2478.49,1010.5
19-May-2016,2892.93,4325.3,3384.8,3001.01,-1432.37,383.79
20-May-2016,4368.96,2935.28,2985.47,4748.69,1433.68,-1763.22
23-May-2016,5581.91,7659.72,3417.04,5993.02,-2077.81,-2575.98
24-May-2016,2070.96,8595.41,4467.62,6449.81,-6524.45,-1982.19
25-May-2016,8066.7,2776.67,3455.95,5072.72,5290.03,-1616.77
26-May-2016,3858.09,2264.58,5368.5,3617.02,1593.51,1751.48
27-May-2016,7707.49,2972.87,2037.24,3306.56,4734.62,-1269.32
30-May-2016,2223.61,6535.13,4118.93,3817.25,-4311.52,301.68
31-May-2016,6570.31,2260.38,1847.86,4741.56,4309.93,-2893.7
01-Jun-2016,5671.94,3422.13,4331.53,3522.39,2249.81,809.14
02-Jun-2016,3041.25,3863.33,3729.33,1963.44,-822.08,1765.89
03-Jun-2016,3898.28,6078.02,3616.43,1534.9,-2179.74,2081.53
06-Jun-2016,3524.11,2766.2,2241.8,6954.86,757.91,-4713.06
07-Jun-2016,4839.02,4788.36,7926.86,1373.96,50.66,6552.9
08-Jun-2016,6261.26,5167.14,3571.67,5163.55,1094.12,-1591.88
09-Jun-2016,3109.35,6880.98,8434.05,7978.98,-3771.63,455.07
10-Jun-2016,5804.04,7376.05,3587.66,1411.24,-1572.01,2176.42
13-Jun-2016,4505.96,2611.67,3181.41,5818.33,1894.29,-2636.92
14-Jun-2016,1937.56,3050.96,5396.05,3593.56,-1113.4,1802.49
15-Jun-2016,4734.1,3794.34,2937.39,3083.27,939.76,-145.88
16-Jun-2016,3416.33,5653.7,2503.97,2880.62,-2237.37,-376.65
17-Jun-2016,3551.77,6470.56,4448.3,3832.37,-2918.79,615.93
20-Jun-2016,4167.58,5534.3,5198.98,3834.35,-1366.72,1364.63
21-Jun-2016,7569.88,7759.07,3160.85,4002.06,-189.19,-841.21
22-Jun-2016,3279.68,8810.17,3715.3,2830.37,-5530.49,884.93
23-Jun-2016,5174.14,3174.77,5315.72,3939.03,1999.37,1376.69
24-Jun-2016,5528.76,4295.16,1701.36,2988.44,1233.6,-1287.08
27-Jun-2016,8629.02,7735.2,2862.42,2164.06,893.82,698.36
28-Jun-2016,8112.31,5072.47,3318.24,2690.61,3039.84,627.63
29-Jun-2016,1393.36,5368.36,2551.92,3049.49,-3975.0,-497.57
30-Jun-2016,6589.64,3570.97,3414.71,1627.67,3018.67,1787.04
01-Jul-2016,4199.93,10448.43,2334.12,2990.81,-6248.5,-656.69
04-Jul-2016,2328.15,7375.05,5647.43,4316.17,-5046.9,1331.26
05-Jul-2016,5437.74,7252.3,2206.75,3922.86,-1814.56,-1716.11
06-Jul-2016,2923.38,3121.69,5942.4,3317.51,-198.31,2624.89
07-Jul-2016,3042.82,6589.25,3885.57,3267.68,-3546.43,617.89
08-Jul-2016,5366.38,6620.74,1878.87,3159.97,-1254.36,-1281.1
11-Jul-2016,3254.18,2636.77,5536.56,3099.29,617.41,2437.27
12-Jul-2016,6908.38,3715.14,3106.45,4403.21,3193.24,-1296.76
13-Jul-2016,3690.88,7154.81,2762.56,3184.51,-3463.93,-421.95
14-Jul-2016,4218.19,3629.76,4606.02,3707.04,588.43,898.98
15-Jul-2016,4548.91,9171.4,6609.04,1869.82,-4622.49,4739.22
18-Jul-2016,5475.32,3442.09,3020.65,3034.84,2033.23,-14.19
19-Jul-2016,6003.24,4850.23,2230.69,3652.89,1153.01,-1422.2
20-Jul-2016,8521.15,11042.03,3845.43,2955.17,-2520.88,890.26
21-Jul-2016,4797.55,3570.81,3526.83,2933.0,1226.74,593.83
22-Jul-2016,6702.0,2055.19,8964.97,5138.13,4646.81,3826.84
25-Jul-2016,3802.55,7589.93,5346.79,3087.25,-3787.38,2259.54
26-Jul-2016,6868.36,6011.35,2861.74,3224.72,857.01,-362.98
27-Jul-2016,4154.82,5652.81,4795.59,2766.79,-1497.99,2028.8
28-Jul-2016,3072.77,3449.48,3290.92,5224.37,-376.71,-1933.45
29-Jul-2016,3920.94,6590.7,4031.75,2942.36,-2669.76,1089.39
01-Aug-2016,9907.53,2158.01,6452.04,4684.87,7749.52,1767.17
02-Aug-2016,2459.81,3316.39,3926.42,2065.24,-856.58,1861.18
03-Aug-2016,6594.42,1803.84,3663.54,4121.95,4790.58,-458.41
04-Aug-2016,7948.24,2866.65,6449.65,1291.91,5081.59,5157.74
05-Aug-2016,5035.49,1702.33,3593.47,4171.96,3333.16,-578.49
08-Aug-2016,2405.78,12546.73,4724.91,2144.01,-10140.95,2580.9
09-Aug-2016,3470.54,7760.89,2984.36,3513.16,-4290.35,-528.8
10-Aug-2016,8177.57,6858.16,4391.23,2550.41,1319.41,1840.82
11-Aug-2016,7762.23,4736.85,3611.22,2434.03,3025.38,1177.19
12-Aug-2016,4095.81,8459.36,4884.96,6380.32,-4363.55,-1495.36
15-Aug-2016,5439.03,2926.05,4188.21,3457.51,2512.98,730.7
16-Aug-2016,4614.81,7041.91,2660.5,3960.66,-2427.1,-1300.16
17-Aug-2016,5296.05,5286.73,7515.79,2318.26,9.32,5197.53
18-Aug-2016,4393.18,4351.64,5207.76,3899.7,41.54,1308.06
19-Aug-2016,4872.45,3452.21,3457.55,3009.08,1420.24,448.47
22-Aug-2016,4313.14,2301.98,8618.29,3499.5,2011.16,5118.79
23-Aug-2016,13225.47,1577.98,2410.4,2814.68,11647.49,-404.28
24-Aug-2016,9569.17,5938.09,2915.03,4642.08,3631.08,-1727.05
25-Aug-2016,4843.32,3122.87,3249.27,2569.29,1720.45,679.98
26-Aug-2016,5304.16,2056.47,2906.13,4662.38,3247.69,-1756.25
29-Aug-2016,6241.3,16637.32,3348.26,2799.3,-10396.02,548.96
30-Aug-2016,4707.4,3323.72,2527.15,4890.66,1383.68,-2363.51
31-Aug-2016,4346.69,2509.55,5128.32,7579.92,1837.14,-2451.6
01-Sep-2016,19055.39,5255.47,8111.31,4718.69,13799.92,3392.62
02-Sep-2016,5295.47,6562.96,3420.43,8486.88,-1267.49,-5066.45
05-Sep-2016,2797.88,3255.46,7058.71,2720.38,-457.58,4338.33
06-Sep-2016,3987.58,2666.09,2277.35,5261.15,1321.49,-2983.8
07-Sep-2016,2372.29,3395.66,2626.23,5857.89,-1023.37,-3231.66
08-Sep-2016,6398.27,6965.43,2701.05,2720.77,-567.16,-19.72
09-Sep-2016,5103.73,7520.7,7762.26,2178.83,-2416.97,5583.43
12-Sep-2016,6939.12,4933.6,2602.6,4218.2,2005.52,-1615.6
13-Sep-2016,8357.94,3087.92,3054.69,3657.49,5270.02,-602.8
14-Sep-2016,3399.35,7229.98,3714.59,3447.15,-3830.63,267.44
15-Sep-2016,6004.08,7716.33,3899.45,2852.52,-1712.25,1046.93
16-Sep-2016,5118.5,3088.5,3386.82,5124.32,2030.0,-1737.5
19-Sep-2016,4916.77,5221.85,2782.73,5024.9,-305.08,-2242.17
20-Sep-2016,8913.56,3756.92,4915.4,5899.55,5156.64,-984.15
21-Sep-2016,6962.38,4558.81,5083.68,3849.92,2403.57,1233.76
22-Sep-2016,7018.09,5974.17,5460.6,7263.42,1043.92,-1802.82
23-Sep-2016,3856.89,6098.04,2102.04,4172.49,-2241.15,-2070.45
26-Sep-2016,4105.43,3409.5,3771.11,3579.91,695.93,191.2
27-Sep-2016,7874.62,5179.36,4164.59,4965.77,2695.26,-801.18
28-Sep-2016,6913.09,2517.88,3093.1,4041.1,4395.21,-948.0
29-Sep-2016,2627.3,5426.77,3513.89,6733.31,-2799.47,-3219.42
30-Sep-2016,3217.05,4082.62,4785.14,8147.47,-865.57,-3362.33
03-Oct-2016,5794.56,4613.47,4960.81,8641.77,1181.09,-3680.96
04-Oct-2016,4068.21,10829.11,2107.69,8157.26,-6760.9,-6049.57
05-Oct-2016,4005.93,2660.49,2474.99,3420.65,1345.44,-945.66
06-Oct-2016,3990.89,3870.41,2284.69,2263.19,120.48,21.5
07-Oct-2016,5546.6,8792.9,5595.18,3400.17,-3246.3,2195.01
10-Oct-2016,5510.27,3334.43,3932.2,4862.84,2175.84,-930.64
11-Oct-2016,2379.17,6963.19,4857.89,2720.85,-4584.02,2137.04
12-Oct-2016,4177.41,4589.2,2546.01,5159.72,-411.79,-2613.71
13-Oct-2016,5938.37,7444.1,8644.64,3989.46,-1505.73,4655.18
14-Oct-2016,8806.03,6371.96,4941.79,5612.38,2434.07,-670.59
17-Oct-2016,3314.57,4399.94,2675.05,6142.31,-1085.37,-3467.26
18-Oct-2016,7186.33,11390.74,3524.91,3567.39,-4204.41,-42.48
19-Oct-2016,9246.51,4012.75,4568.73,4930.05,5233.76,-361.32
20-Oct-2016,1821.12,4630.03,3274.13,3309.13,-2808.91,-35.0
21-Oct-2016,3021.19,5347.12,5801.38,6220.68,-2325.93,-419.3
24-Oct-2016,4324.45,3483.12,7810.46,2221.57,841.33,5588.89
25-Oct-2016,5538.71,4503.57,3096.25,7011.24,1035.14,-3914.99
26-Oct-2016,5073.67,4511.67,4484.96,1315.98,562.0,3168.98
27-Oct-2016,2568.17,4592.1,3627.8,3693.68,-2023.93,-65.88
28-Oct-2016,6778.91,9287.41,4364.5,1897.3,-2508.5,2467.2
31-Oct-2016,5812.99,8056.3,7151.7,3988.24,-2243.31,3163.46
01-Nov-2016,4709.13,2908.02,5343.31,2010.52,1801.11,3332.79
02-Nov-2016,5874.44,2560.94,4706.58,5020.77,3313.5,-314.19
03-Nov-2016,7651.54,8407.53,3514.73,3589.48,-755.99,-74.75
04-Nov-2016,5505.21,3571.18,4615.75,7009.14,1934.03,-2393.39
07-Nov-2016,3599.15,10490.44,6631.28,4976.19,-6891.29,1655.09
08-Nov-2016,2339.04,3889.24,2668.78,3421.63,-1550.2,-752.85
09-Nov-2016,5826.05,6059.79,5333.75,2394.62,-233.74,2939.13
10-Nov-2016,14292.68,2202.11,4962.89,3648.77,12090.57,1314.12
11-Nov-2016,2100.56,8592.72,4257.31,2476.61,-6492.16,1780.7
14-Nov-2016,2357.18,2615.99,2437.06,2072.84,-258.81,364.22
15-Nov-2016,3941.86,3607.34,1502.9,3393.53,334.52,-1890.63
16-Nov-2016,5353.2,4662.3,5639.05,5403.23,690.9,235.82
17-Nov-2016,5013.34,3563.32,3700.78,2953.17,1450.02,747.61
18-Nov-2016,5265.07,3764.28,3701.23,4945.61,1500.79,-1244.38
21-Nov-2016,11056.45,2300.64,5156.54,2593.53,8755.81,2563.01
22-Nov-2016,4808.63,3895.86,3834.1,3327.62,912.77,506.48
23-Nov-2016,4414.63,7273.47,3709.7,3402.2,-2858.84,307.5
24-Nov-2016,5370.1,3348.56,3164.32,4028.2,2021.54,-863.88
25-Nov-2016,4370.84,4687.36,3776.3,4361.37,-316.52,-585.07
28-Nov-2016,7289.39,5645.64,1954.77,1975.68,1643.75,-20.91
29-Nov-2016,4520.47,3987.47,4117.66,1926.02,533.0,2191.64
30-Nov-2016,9856.02,1979.63,4906.1,1793.54,7876.39,3112.56
01-Dec-2016,4738.55,6234.2,3083.36,2482.95,-1495.65,600.41
02-Dec-2016,5633.33,7766.16,3228.75,3599.66,-2132.83,-370.91
05-Dec-2016,3190.96,4307.55,3448.6,1780.87,-1116.59,1667.73
06-Dec-2016,4106.31,6074.56,3425.52,2341.58,-1968.25,1083.94
07-Dec-2016,5691.64,8833.18,3784.25,2388.34,-3141.54,1395.91
08-Dec-2016,3220.89,4927.51,6680.08,2968.42,-1706.62,3711.66
09-Dec-2016,2831.74,3575.74,3603.01,6111.93,-744.0,-2508.92
12-Dec-2016,5689.52,3196.0,3976.81,4155.33,2493.52,-178.52
13-Dec-2016,2654.15,3803.94,2032.24,2507.2,-1149.79,-474.96
14-Dec-2016,2577.88,5734.69,3697.57,3618.68,-3156.81,78.89
15-Dec-2016,9340.84,4927.28,3015.23,2126.6,4413.56,888.63
16-Dec-2016,3396.28,4555.92,8152.85,2045.21,-1159.64,6107.64
19-Dec-2016,3671.51,6478.69,5405.37,5280.83,-2807.18,124.54
20-Dec-2016,2365.29,7875.19,5943.04,2593.73,-5509.9,3349.31
21-Dec-2016,3332.15,2960.0,5243.06,2603.12,372.15,2639.94
22-Dec-2016,4112.02,6532.88,5338.74,2905.22,-2420.86,2433.52
23-Dec-2016,4962.88,5369.08,4108.37,4816.14,-406.2,-707.77
26-Dec-2016,3304.7,5173.33,3729.14,5523.57,-1868.63,-1794.43
27-Dec-2016,5599.8,5729.38,9254.91,1819.42,-129.58,7435.49
28-Dec-2016,1762.71,1755.84,5614.04,2648.21,6.87,2965.83
29-Dec-2016,4543.44,4861.99,4141.38,5381.26,-318.55,-1239.88
30-Dec-2016,4818.85,2726.22,3433.69,1958.12,2092.63,1475.57
02-Jan-2017,2018.22,3363.57,3047.7,8494.96,-1345.35,-5447.26
03-Jan-2017,5191.14,2862.22,2866.91,4448.58,2328.92,-1581.67
04-Jan-2017,3200.81,3964.49,6037.45,5747.11,-763.68,290.34
05-Jan-2017,3765.83,5350.16,5172.72,4488.22,-1584.33,684.5
06-Jan-2017,2769.58,5022.1,7134.29,4386.28,-2252.52,2748.01
09-Jan-2017,4856.01,11014.26,6833.29,1603.93,-6158.25,5229.36
10-Jan-2017,4151.13,3816.28,5625.94,2971.27,334.85,2654.67
11-Jan-2017,4434.18,5340.22,3535.55,3539.85,-906.04,-4.3
12-Jan-2017,7669.66,2998.11,2603.13,2961.93,4671.55,-358.8
13-Jan-2017,6681.31,6433.18,6225.69,2344.76,248.13,3880.93
16-Jan-2017,7854.41,3248.97,3486.24,3740.49,4605.44,-254.25
17-Jan-2017,6327.57,3036.4,2586.61,1984.41,3291.17,602.2
18-Jan-2017,2976.33,4405.69,2434.65,2188.38,-1429.36,246.27
19-Jan-2017,5585.78,3580.6,1960.44,3436.13,2005.18,-1475.69
20-Jan-2017,3332.57,5903.09,2083.73,2767.2,-2570.52,-683.47
23-Jan-2017,6413.48,4836.91,2631.67,3008.78,1576.57,-377.11
24-Jan-2017,4066.84,9938.99,3759.82,6085.1,-5872.15,-2325.28
25-Jan-2017,1519.52,2411.63,4398.52,1576.66,-892.11,2821.86
26-Jan-2017,4821.86,4793.71,3242.04,4231.69,28.15,-989.65
27-Jan-2017,4049.72,6717.98,2518.0,2505.55,-2668.26,12.45
30-Jan-2017,5086.13,4277.28,2241.55,1715.57,808.85,525.98
31-Jan-2017,5793.41,2484.01,4858.41,4668.52,3309.4,189.89
01-Feb-2017,4877.76,6178.74,4899.15,4419.4,-1300.98,479.75
02-Feb-2017,5259.23,13947.07,4580.39,3750.0,-8687.84,830.39
03-Feb-2017,6086.7,8324.81,3141.06,2851.81,-2238.11,289.25
06-Feb-2017,8617.44,2500.54,3319.97,2635.82,6116.9,684.15
07-Feb-2017,6437.79,5134.07,3467.8,4014.65,1303.72,-546.85
08-Feb-2017,5967.92,3584.97,3715.17,3363.78,2382.95,351.39
09-Feb-2017,5240.08,3280.62,2475.1,2296.3,1959.46,178.8
10-Feb-2017,3559.0,8004.32,3936.73,4797.97,-4445.32,-861.24
13-Feb-2017,2717.44,1960.39,5165.5,1539.06,757.05,3626.44
14-Feb-2017,5189.03,5074.76,2117.12,2720.85,114.27,-603.73
15-Feb-2017,2159.37,6729.87,5928.58,2545.36,-4570.5,3383.22
16-Feb-2017,4443.01,8042.93,2607.05,3244.01,-3599.92,-636.96
17-Feb-2017,7390.73,4747.38,2769.25,3347.68,2643.35,-578.43
20-Feb-2017,3461.14,3614.57,5589.89,2015.29,-153.43,3574.6
21-Feb-2017,2830.33,4058.18,5584.69,1900.82,-1227.85,3683.87
22-Feb-2017,8568.79,3668.92,5808.96,4172.41,4899.87,1636.55
23-Feb-2017,1888.74,3751.55,6041.71,5053.75,-1862.81,987.96
24-Feb-2017,10192.5,5817.0,4302.55,3945.45,4375.5,357.1
27-Feb-2017,5632.2,5383.9,1560.63,4154.36,248.3,-2593.73
28-Feb-2017,2508.99,1319.07,3221.04,2765.04,1189.92,456.0
01-Mar-2017,3466.75,4245.35,6225.31,3497.79,-778.6,2727.52
02-Mar-2017,4491.18,2353.23,4220.05,5141.87,2137.95,-921.82
03-Mar-2017,4330.59,5690.68,3377.26,3471.79,-1360.09,-94.53
06-Mar-2017,2500.28,3976.26,3391.09,8060.74,-1475.98,-4669.65
07-Mar-2017,3685.09,8473.77,2993.97,2707.18,-4788.68,286.79
08-Mar-2017,3506.09,2836.86,4015.99,2946.13,669.23,1069.86
09-Mar-2017,4952.46,2782.36,3440.09,2564.77,2170.1,875.32
10-Mar-2017,4576.12,3860.13,3824.51,3209.76,715.99,614.75
13-Mar-2017,12331.25,3661.07,3234.43,5977.56,8670.18,-2743.13
14-Mar-2017,6665.31,2593.78,2307.88,2663.25,4071.53,-355.37
15-Mar-2017,3638.15,8082.12,6424.96,9491.84,-4443.97,-3066.88
16-Mar-2017,9267.99,4527.74,7479.11,3763.57,4740.25,3715.54
17-Mar-2017,4266.52,3298.01,3201.86,4141.89,968.51,-940.03
20-Mar-2017,3153.11,9909.22,3969.16,2279.58,-6756.11,1689.58
21-Mar-2017,4376.13,3970.47,4741.91,4830.91,405.66,-89.0
22-Mar-2017,3027.88,7963.46,3060.74,4064.11,-4935.58,-1003.37
23-Mar-2017,4816.68,1830.65,2252.37,2594.49,2986.03,-342.12
24-Mar-2017,3135.54,8179.13,4664.22,4376.34,-5043.59,287.88
27-Mar-2017,7231.77,4530.55,2522.42,2059.02,2701.22,463.4
28-Mar-2017,5476.41,5169.87,5233.4,2299.65,306.54,2933.75
29-Mar-2017,3996.67,2398.2,3741.79,4097.1,1598.47,-355.31
30-Mar-2017,3740.06,5631.66,3762.21,5550.14,-1891.6,-1787.93
31-Mar-2017,4270.17,9053.45,3507.04,2626.43,-4783.28,880.61
03-Apr-2017,13249.47,4180.17,3877.93,3425.6,9069.3,452.33
04-Apr-2017,7293.96,5718.55,5678.55,2492.3,1575.41,3186.25
05-Apr-2017,4227.87,4459.81,4144.15,4028.42,-231.94,115.73
06-Apr-2017,2875.79,4006.94,2970.44,1874.49,-1131.15,1095.95
07-Apr-2017,4022.47,5866.51,4116.89,4710.89,-1844.04,-594.0
10-Apr-2017,5722.19,3111.4,7443.13,2466.2,2610.79,4976.93
11-Apr-2017,3640.93,2769.09,7805.41,3729.62,871.84,4075.79
12-Apr-2017,3868.85,5038.75,4258.39,3971.97,-1169.9,286.42
13-Apr-2017,7323.26,4975.88,2413.6,2698.03,2347.38,-284.43
14-Apr-2017,1937.89,3693.25,3846.49,2322.12,-1755.36,1524.37
17-Apr-2017,5739.94,5274.66,6383.94,4503.23,465.28,1880.71
18-Apr-2017,7256.76,3567.63,3426.15,8803.62,3689.13,-5377.47
19-Apr-2017,4274.14,5531.96,2443.21,3844.39,-1257.82,-1401.18
20-Apr-2017,5768.32,4162.43,4945.95,4193.45,1605.89,752.5
21-Apr-2017,6186.27,3633.0,3891.45,3743.47,2553.27,147.98
24-Apr-2017,5621.02,3230.34,3882.45,4303.63,2390.68,-421.18
25-Apr-2017,4162.07,2607.11,3634.61,2721.73,1554.96,912.88
26-Apr-2017,4578.44,4025.45,2617.81,3344.36,552.99,-726.55
27-Apr-2017,3154.29,3327.08,1145.9,2402.67,-172.79,-1256.77
28-Apr-2017,3115.88,3385.72,2094.06,3442.24,-269.84,-1348.18
01-May-2017,4946.42,2323.53,2660.86,3297.77,2622.89,-636.91
02-May-2017,12654.85,4253.98,4230.02,2630.45,8400.87,1599.57
03-May-2017,3373.06,5687.54,6374.56,2538.28,-2314.48,3836.28
04-May-2017,5762.26,3467.71,2602.72,1953.56,2294.55,649.16
05-May-2017,4286.25,9361.22,1938.32,2858.91,-5074.97,-920.59
08-May-2017,6158.28,4308.47,2520.4,2968.43,1849.81,-448.03
09-May-2017,6668.96,3419.27,3276.91,6792.75,3249.69,-3515.84
10-May-2017,2886.91,6035.77,3085.28,5454.43,-3148.86,-2369.15
11-May-2017,3889.39,5263.47,5352.51,3016.8,-1374.08,2335.71
12-May-2017,3774.74,2714.17,3602.16,4273.71,1060.57,-671.55
15-May-2017,3574.15,2589.12,4095.39,2190.47,985.03,1904.92
16-May-2017,3412.97,4467.97,3435.33,6941.02,-1055.0,-3505.69
17-May-2017,7701.44,4702.92,2931.97,2549.15,2998.52,382.82
18-May-2017,4982.5,4285.84,5783.57,6334.54,696.66,-550.97
19-May-2017,3563.32,4526.12,3730.41,2871.41,-962.8,859.0
22-May-2017,7761.12,1133.53,3415.78,3684.57,6627.59,-268.79
23-May-2017,9428.08,4284.99,4728.1,3319.39,5143.09,1408.71
24-May-2017,3511.66,6060.5,5168.72,2361.85,-2548.84,2806.87
25-May-2017,5452.01,2509.36,5809.51,3292.14,2942.65,2517.37
26-May-2017,6322.44,4549.63,2247.88,3015.53,1772.81,-767.65
29-May-2017,10947.92,2696.91,2809.47,2081.98,8251.01,727.49
30-May-2017,4661.81,3277.72,2603.8,2800.17,1384.09,-196.37
31-May-2017,9145.7,2506.55,2910.35,1688.71,6639.15,1221.64
01-Jun-2017,4112.75,4324.48,3092.69,4530.37,-211.73,-1437.68
02-Jun-2017,2502.66,4943.64,3387.39,4141.64,-2440.98,-754.25
05-Jun-2017,1025.62,2529.59,3646.4,4587.06,-1503.97,-940.66
06-Jun-2017,8029.07,6562.37,3965.34,6275.95,1466.7,-2310.61
07-Jun-2017,3095.17,3749.19,6911.84,5260.67,-654.02,1651.17
08-Jun-2017,2210.72,4669.62,3540.42,3384.73,-2458.9,155.69
09-Jun-2017,4346.14,5417.6,4668.12,4741.77,-1071.46,-73.65
12-Jun-2017,5506.43,6987.72,5698.88,4792.99,-1481.29,905.89
13-Jun-2017,2853.71,6374.07,5656.17,4041.0,-3520.36,1615.17
14-Jun-2017,1916.78,4975.61,5496.1,4198.9,-3058.83,1297.2
15-Jun-2017,3413.84,4083.75,2353.75,5436.66,-669.91,-3082.91
16-Jun-2017,4253.93,6158.59,5683.69,8113.65,-1904.66,-2429.96
19-Jun-2017,3643.77,7234.79,5014.38,4823.93,-3591.02,190.45
20-Jun-2017,8066.69,6306.93,1926.08,7335.68,1759.76,-5409.6
21-Jun-2017,7300.69,4025.18,3804.44,2135.22,3275.51,1669.22
22-Jun-2017,1791.44,4431.34,2718.5,3121.77,-2639.9,-403.27
23-Jun-2017,3915.72,5071.09,7189.48,4824.09,-1155.37,2365.39
26-Jun-2017,3621.09,9347.44,3316.95,3509.32,-5726.35,-192.37
27-Jun-2017,5762.1,7656.89,6793.13,4206.41,-1894.79,2586.72
28-Jun-2017,2525.78,6311.25,4681.29,6218.47,-3785.47,-1537.18
29-Jun-2017,7706.36,3871.32,2956.4,2668.87,3835.04,287.53
30-Jun-2017,2795.32,4628.53,2020.69,5803.69,-1833.21,-3783.0
03-Jul-2017,5328.73,5622.65,3460.23,3770.88,-293.92,-310.65
04-Jul-2017,4930.65,3001.09,4998.15,1400.24,1929.56,3597.91
05-Jul-2017,3036.52,5743.81,4646.04,1722.82,-2707.29,2923.22
06-Jul-2017,13437.14,4381.33,7459.88,3739.85,9055.81,3720.03
07-Jul-2017,4239.96,3436.87,4972.98,2090.85,803.09,2882.13
10-Jul-2017,1677.84,4196.27,4769.39,3387.52,-2518.43,1381.87
11-Jul-2017,4098.02,2475.93,2846.5,2604.19,1622.09,242.31
12-Jul-2017,3306.94,3035.81,1890.55,3106.4,271.13,-1215.85
13-Jul-2017,1738.89,8260.15,2439.46,10018.99,-6521.26,-7579.53
14-Jul-2017,8515.13,3014.33,2459.06,2618.9,5500.8,-159.84
17-Jul-2017,3794.76,2359.0,2668.95,5176.26,1435.76,-2507.31
18-Jul-2017,605.94,7645.01,2764.53,4233.83,-7039.07,-1469.3
19-Jul-2017,4987.98,4113.9,4572.03,3770.82,874.08,801.21
20-Jul-2017,1323.61,6156.0,3099.35,3034.55,-4832.39,64.8
21-Jul-2017,6749.28,3595.13,2207.88,3761.64,3154.15,-1553.76
24-Jul-2017,3997.77,2168.84,5618.24,2778.25,1828.93,2839.99
25-Jul-2017,1530.97,1620.87,6841.39,4105.63,-89.9,2735.76
26-Jul-2017,2554.91,5506.25,3215.21,2401.53,-2951.34,813.68
27-Jul-2017,7196.79,2834.01,3306.88,6663.63,4362.78,-3356.75
28-Jul-2017,7264.95,7047.53,3610.38,4323.19,217.42,-712.81
31-Jul-2017,2551.96,5526.66,2499.02,5991.46,-2974.7,-3492.44
01-Aug-2017,3949.0,2613.59,2972.25,2455.84,1335.41,516.41
02-Aug-2017,3618.97,3532.32,1701.45,2685.44,86.65,-983.99
03-Aug-2017,4550.06,4365.32,3761.84,3135.46,184.74,626.38
04-Aug-2017,3051.12,5834.19,4191.54,4573.85,-2783.07,-382.31
07-Aug-2017,3959.26,5605.55,5092.09,6258.5,-1646.29,-1166.41
08-Aug-2017,6859.97,3527.08,3898.93,3753.88,3332.89,145.05
09-Aug-2017,5701.15,4126.91,3038.53,6998.53,1574.24,-3960.0
10-Aug-2017,5504.5,6904.92,4305.48,2466.74,-1400.42,1838.74
11-Aug-2017,3331.21,3322.36,3480.16,4341.67,8.85,-861.51
14-Aug-2017,8410.29,8778.22,3314.52,2685.95,-367.93,628.57
15-Aug-2017,4422.86,2355.31,4756.11,1915.82,2067.55,2840.29
16-Aug-2017,9636.34,2032.05,4576.46,3747.14,7604.29,829.32
17-Aug-2017,4211.56,5518.65,3746.03,8002.16,-1307.09,-4256.13
18-Aug-2017,4389.56,4305.84,2648.28,3189.78,83.72,-541.5
21-Aug-2017,747.56,9081.84,5590.4,2948.91,-8334.28,2641.49
22-Aug-2017,8289.8,6351.83,5864.96,1427.1,1937.97,4437.86
23-Aug-2017,4913.53,11918.35,6314.62,3655.12,-7004.82,2659.5
24-Aug-2017,9098.63,3177.75,2929.93,2040.84,5920.88,889.09
25-Aug-2017,5055.5,6999.71,4521.94,2527.94,-1944.21,1994.0
28-Aug-2017,6964.0,11801.47,3441.46,4692.91,-4837.47,-1251.45
29-Aug-2017,3938.29,5284.36,2374.92,4198.89,-1346.07,-1823.97
30-Aug-2017,3880.8,5497.46,4804.5,1434.69,-1616.66,3369.81
31-Aug-2017,3651.09,4364.6,1875.6,1996.42,-713.51,-120.82
01-Sep-2017,3121.62,2681.46,6288.44,2222.33,440.16,4066.11
04-Sep-2017,4988.01,6700.11,6764.81,7991.1,-1712.1,-1226.29
05-Sep-2017,4270.81,3304.35,3415.46,1758.51,966.46,1656.95
06-Sep-2017,5320.13,4932.56,3369.43,1548.34,387.57,1821.09
07-Sep-2017,7364.31,2387.89,3816.94,3948.02,4976.42,-131.08
08-Sep-2017,5241.74,3391.07,4366.94,4596.45,1850.67,-229.51
11-Sep-2017,6580.09,8648.45,3896.14,3057.47,-2068.36,838.67
12-Sep-2017,4002.9,2819.64,6815.04,5332.54,1183.26,1482.5
13-Sep-2017,6437.5,1716.05,4033.95,1604.76,4721.45,2429.19
14-Sep-2017,3087.5,3078.29,4817.91,2674.59,9.21,2143.32
15-Sep-2017,2386.3,10406.59,1982.4,2487.59,-8020.29,-505.19
18-Sep-2017,11510.3,9704.09,2964.15,4939.72,1806.21,-1975.57
19-Sep-2017,1779.47,3724.1,11593.84,3515.41,-1944.63,8078.43
20-Sep-2017,5246.26,10057.18,4313.98,3885.19,-4810.92,428.79
21-Sep-2017,6442.39,2614.27,4545.43,2691.1,3828.12,1854.33
22-Sep-2017,4716.52,3716.62,2400.34,2044.2,999.9,356.14
25-Sep-2017,8656.39,3566.92,2977.93,2805.18,5089.47,172.75
26-Sep-2017,11288.95,5852.22,3612.19,2011.56,5436.73,1600.63
27-Sep-2017,3607.1,5952.46,4360.43,5334.25,-2345.36,-973.82
28-Sep-2017,7147.81,2601.85,2924.59,3751.43,4545.96,-826.84
29-Sep-2017,2507.91,10024.32,7563.74,2706.86,-7516.41,4856.88
02-Oct-2017,5109.03,2194.74,5339.3,4405.94,2914.29,933.36
03-Oct-2017,6005.65,8568.96,4999.62,3773.46,-2563.31,1226.16
04-Oct-2017,5553.27,4962.57,2814.71,3182.96,590.7,-368.25
05-Oct-2017,2132.78,7374.02,3969.96,2087.15,-5241.24,1882.81
06-Oct-2017,4841.19,5254.1,5013.46,2709.87,-412.91,2303.59
09-Oct-2017,3696.95,4272.25,2440.16,3635.33,-575.3,-1195.17
10-Oct-2017,2991.21,6936.45,3149.31,2589.12,-3945.24,560.19
11-Oct-2017,4329.54,3381.13,4292.1,3607.44,948.41,684.66
12-Oct-2017,6157.64,3104.82,3129.26,1887.58,3052.82,1241.68
13-Oct-2017,4414.59,5895.4,2087.96,3011.07,-1480.81,-923.11
16-Oct-2017,3113.56,2637.52,3275.09,3666.9,476.04,-391.81
17-Oct-2017,5989.67,8296.91,2331.39,6525.39,-2307.24,-4194.0
18-Oct-2017,2368.38,8284.01,9343.15,2941.77,-5915.63,6401.38
19-Oct-2017,7699.65,6628.53,2804.52,1909.46,1071.12,895.06
20-Oct-2017,8074.8,4068.5,4160.76,4015.36,4006.3,145.4
23-Oct-2017,5660.04,5423.13,6530.65,7693.92,236.91,-1163.27
24-Oct-2017,2428.92,4501.41,4487.28,5290.58,-2072.49,-803.3
25-Oct-2017,5521.9,4200.15,2973.25,2965.22,1321.75,8.03
26-Oct-2017,2724.35,3711.18,11279.28,5163.34,-986.83,6115.94
27-Oct-2017,6796.87,6100.48,4008.59,3567.62,696.39,440.97
30-Oct-2017,4182.01,6454.27,8158.85,2720.43,-2272.26,5438.42
31-Oct-2017,9219.1,5863.35,3979.59,4653.29,3355.75,-673.7
01-Nov-2017,3292.93,2280.85,4169.5,8626.77,1012.08,-4457.27
02-Nov-2017,6162.5,4988.27,6986.12,4108.15,1174.23,2877.97
03-Nov-2017,6044.72,3006.81,5397.99,4029.73,3037.91,1368.26
06-Nov-2017,5854.66,5280.59,2173.87,2599.83,574.07,-425.96
07-Nov-2017,4443.38,8122.53,3538.66,3345.74,-3679.15,192.92
08-Nov-2017,2891.71,2799.41,6282.41,3346.49,92.3,2935.92
09-Nov-2017,4019.9,8145.07,3290.03,2657.1,-4125.17,632.93
10-Nov-2017,5778.33,2204.74,3020.74,4047.65,3573.59,-1026.91
13-Nov-2017,2791.87,2435.64,2568.1,1659.34,356.23,908.76
14-Nov-2017,5292.9,3137.44,4425.55,6689.84,2155.46,-2264.29
15-Nov-2017,5176.45,5955.05,3271.74,3955.93,-778.6,-684.19
16-Nov-2017,4178.21,3576.84,2388.38,4781.45,601.37,-2393.07
17-Nov-2017,1574.04,4516.93,3494.0,2579.55,-2942.89,914.45
20-Nov-2017,3843.91,2300.17,4065.04,1770.0,1543.74,2295.04
21-Nov-2017,4786.1,5517.95,3914.15,1412.43,-731.85,2501.72
22-Nov-2017,2247.01,4868.0,2688.39,3586.59,-2620.99,-898.2
23-Nov-2017,4340.4,3711.53,3871.9,4016.35,628.87,-144.45
24-Nov-2017,4250.39,6309.46,1560.5,2783.02,-2059.07,-1222.52
27-Nov-2017,4317.94,6874.28,5276.98,3891.8,-2556.34,1385.18
28-Nov-2017,4798.21,6920.56,3938.16,2398.8,-2122.35,1539.36
29-Nov-2017,4259.18,7041.49,5045.25,4693.8,-2782.31,351.45
30-Nov-2017,7558.88,2743.62,7637.21,8717.28,4815.26,-1080.07
01-Dec-2017,3218.38,6413.99,3673.52,3021.35,-3195.61,652.17
04-Dec-2017,12315.04,5749.11,5134.15,2691.95,6565.93,2442.2
05-Dec-2017,5339.91,9731.06,6879.25,2492.96,-4391.15,4386.29
06-Dec-2017,3807.56,4467.93,6639.29,2777.36,-660.37,3861.93
07-Dec-2017,1939.54,4334.35,3392.64,3416.68,-2394.81,-24.04
08-Dec-2017,4511.63,3270.14,4114.44,2719.3,1241.49,1395.14
11-Dec-2017,2177.55,5968.88,3288.73,3913.46,-3791.33,-624.73
12-Dec-2017,6170.04,2599.02,2526.11,3429.81,3571.02,-903.7
13-Dec-2017,1733.28,4076.33,2424.38,4245.64,-2343.05,-1821.26
14-Dec-2017,5877.86,4326.69,2941.11,5635.29,1551.17,-2694.18
15-Dec-2017,5883.15,5506.95,4706.52,5828.81,376.2,-1122.29
18-Dec-2017,5427.27,2956.04,4133.91,2876.01,2471.23,1257.9
19-Dec-2017,5219.13,9989.15,4814.83,4517.72,-4770.02,297.11
20-Dec-2017,6936.57,4283.92,7228.59,3626.45,2652.65,3602.14
21-Dec-2017,3484.55,2052.31,3720.94,7776.18,1432.24,-4055.24
22-Dec-2017,9724.78,8974.95,3752.39,3669.01,749.83,83.38
25-Dec-2017,3285.24,5226.13,5755.96,3257.5,-1940.89,2498.46
26-Dec-2017,6138.18,3043.76,3278.3,5589.97,3094.42,-2311.67
27-Dec-2017,3565.5,3259.0,4685.3,2850.15,306.5,1835.15
28-Dec-2017,1513.18,2483.79,5554.91,2715.22,-970.61,2839.69
29-Dec-2017,7964.39,9724.77,4408.36,5442.0,-1760.38,-1033.64
01-Jan-2018,4642.99,9333.4,4159.48,4572.07,-4690.41,-412.59
02-Jan-2018,6590.18,3551.1,2989.92,6068.5,3039.08,-3078.58
03-Jan-2018,4748.66,3091.17,5621.0,2893.54,1657.49,2727.46
04-Jan-2018,1488.69,3589.86,2640.92,3589.01,-2101.17,-948.09
05-Jan-2018,3705.82,4506.68,4192.95,3607.55,-800.86,585.4
08-Jan-2018,2893.24,2151.74,4021.28,7382.35,741.5,-3361.07
09-Jan-2018,8253.65,2695.97,2408.92,4528.46,5557.68,-2119.54
10-Jan-2018,4415.78,2445.75,4356.32,3754.34,1970.03,601.98
11-Jan-2018,4258.43,4019.87,3535.24,2727.04,238.56,808.2
12-Jan-2018,4648.2,2412.77,3101.92,1615.55,2235.43,1486.37
15-Jan-2018,5163.71,2984.13,3754.64,2176.37,2179.58,1578.27
16-Jan-2018,1385.2,4089.57,4903.6,2854.5,-2704.37,2049.1
17-Jan-2018,2420.55,4785.52,3526.55,2442.16,-2364.97,1084.39
18-Jan-2018,4929.25,4758.64,4301.43,4887.37,170.61,-585.94
19-Jan-2018,5294.81,2630.1,4206.89,3485.33,2664.71,721.56
22-Jan-2018,3350.59,1991.99,3649.73,5999.45,1358.6,-2349.72
23-Jan-2018,5990.61,2606.34,4211.03,6372.54,3384.27,-2161.51
24-Jan-2018,2452.17,3407.65,2065.33,6558.35,-955.48,-4493.02
25-Jan-2018,5284.65,9365.31,5619.11,4104.41,-4080.66,1514.7
26-Jan-2018,7481.26,8101.61,3978.66,2295.43,-620.35,1683.23
29-Jan-2018,9076.25,5671.06,4544.5,4770.78,3405.19,-226.28
30-Jan-2018,3477.34,3119.67,1742.75,2711.05,357.67,-968.3
31-Jan-2018,9551.17,3205.08,2016.83,3673.66,6346.09,-1656.83
01-Feb-2018,6310.91,1892.58,4022.89,5216.5,4418.33,-1193.61
02-Feb-2018,5628.54,4240.62,3552.84,1993.95,1387.92,1558.89
05-Feb-2018,2784.05,5833.61,2845.67,2780.15,-3049.56,65.52
06-Feb-2018,3128.34,4681.66,4575.86,4658.29,-1553.32,-82.43
07-Feb-2018,2301.38,4496.54,2395.19,5016.22,-2195.16,-2621.03
08-Feb-2018,7517.15,8078.37,6043.26,3145.01,-561.22,2898.25
09-Feb-2018,4860.49,4103.75,3607.16,3294.38,756.74,312.78
12-Feb-2018,6104.17,7465.91,2355.21,2811.97,-1361.74,-456.76
13-Feb-2018,2227.44,7201.17,4515.17,3726.99,-4973.73,788.18
14-Feb-2018,2539.56,3067.31,2345.4,2437.63,-527.75,-92.23
15-Feb-2018,6127.9,3320.42,3676.09,3545.49,2807.48,130.6
16-Feb-2018,3110.33,8212.05,3447.42,1470.74,-5101.72,1976.68
19-Feb-2018,6113.9,2130.7,2955.52,4364.32,3983.2,-1408.8
20-Feb-2018,2066.09,4953.4,3004.58,3333.91,-2887.31,-329.33
21-Feb-2018,5199.19,3269.69,4885.06,4291.58,1929.5,593.48
22-Feb-2018,3544.95,4063.68,4055.39,2285.52,-518.73,1769.87
23-Feb-2018,3100.28,4444.12,3456.74,3148.88,-1343.84,307.86
26-Feb-2018,10327.52,1591.65,2456.67,3612.78,8735.87,-1156.11
27-Feb-2018,3210.7,5661.76,3438.19,4454.07,-2451.06,-1015.88
28-Feb-2018,4599.22,5198.96,4065.32,4011.88,-599.74,53.44
01-Mar-2018,4498.72,3547.48,5246.95,5043.78,951.24,203.17
02-Mar-2018,4577.65,11441.93,4591.49,4784.39,-6864.28,-192.9
05-Mar-2018,3868.39,2066.94,4228.14,3703.3,1801.45,524.84
06-Mar-2018,7872.17,3338.64,1940.81,3197.83,4533.53,-1257.02
07-Mar-2018,4650.91,8109.89,2969.28,2116.25,-3458.98,853.03
08-Mar-2018,2912.36,3449.8,4534.55,3556.0,-537.44,978.55
09-Mar-2018,8195.86,5109.62,6262.83,3905.78,3086.24,2357.05
12-Mar-2018,2646.42,3773.98,5966.09,4075.41,-1127.56,1890.68
13-Mar-2018,4701.19,1645.1,3275.09,6018.76,3056.09,-2743.67
14-Mar-2018,3257.12,6342.22,2750.89,2829.01,-3085.1,-78.12
15-Mar-2018,6594.77,5372.86,6154.22,5664.03,1221.91,490.19
16-Mar-2018,5473.46,4904.0,2292.54,2868.25,569.46,-575.71
19-Mar-2018,2638.52,5333.23,2920.39,3075.14,-2694.71,-154.75
20-Mar-2018,4468.31,4607.34,2927.64,5669.92,-139.03,-2742.28
21-Mar-2018,6332.25,5170.47,4532.93,4319.53,1161.78,213.4
22-Mar-2018,8652.85,5601.99,8983.34,5273.37,3050.86,3709.97
23-Mar-2018,7903.92,5088.65,2322.17,5911.51,2815.27,-3589.34
26-Mar-2018,3923.23,2956.43,2730.82,3793.31,966.8,-1062.49
27-Mar-2018,3097.32,4910.99,6010.9,4018.9,-1813.67,1992.0
28-Mar-2018,7163.03,11059.54,4972.16,4128.07,-3896.51,844.09
29-Mar-2018,4012.35,7812.55,3877.65,2617.94,-3800.2,1259.71
30-Mar-2018,3096.44,4171.46,2399.61,5030.32,-1075.02,-2630.71
02-Apr-2018,6703.44,3290.67,2766.92,5209.73,3412.77,-2442.81
03-Apr-2018,4030.29,3740.43,3530.34,2779.32,289.86,751.02
04-Apr-2018,7917.27,4269.6,6274.15,5527.76,3647.67,746.39
05-Apr-2018,3463.78,1791.51,2681.56,2779.8,1672.27,-98.24
06-Apr-2018,7653.58,2531.06,6771.98,4837.13,5122.52,1934.85
09-Apr-2018,4693.96,3610.72,3133.2,2898.9,1083.24,234.3
10-Apr-2018,2674.22,2484.28,3915.31,3271.83,189.94,643.48
11-Apr-2018,2246.01,5067.56,2732.1,4577.39,-2821.55,-1845.29
12-Apr-2018,7179.35,3688.56,3186.46,3488.12,3490.79,-301.66
13-Apr-2018,2112.85,3508.52,8831.68,2950.44,-1395.67,5881.24
16-Apr-2018,2233.53,3226.06,7822.3,7178.61,-992.53,643.69
17-Apr-2018,9311.93,1630.09,4945.78,4023.3,7681.84,922.48
18-Apr-2018,4926.15,5913.85,5142.65,1942.95,-987.7,3199.7
19-Apr-2018,3878.33,1631.64,2439.83,2435.9,2246.69,3.93
20-Apr-2018,3560.74,11247.61,2770.35,5090.77,-7686.87,-2320.42
23-Apr-2018,6665.17,2758.61,3807.31,4097.68,3906.56,-290.37
24-Apr-2018,1681.4,4809.18,4770.43,3268.26,-3127.78,1502.17
25-Apr-2018,2503.52,4441.99,6833.43,9465.16,-1938.47,-2631.73
26-Apr-2018,3240.38,2682.83,6844.58,3457.8,557.55,3386.78
27-Apr-2018,6008.72,2804.18,5583.64,3773.07,3204.54,1810.57
30-Apr-2018,3501.01,3490.47,4526.65,2957.2,10.54,1569.45
01-May-2018,6537.41,3196.22,2967.79,4359.93,3341.19,-1392.14
02-May-2018,5141.94,2221.66,2106.69,3784.1,2920.28,-1677.41
03-May-2018,1768.65,3508.77,3302.22,3036.16,-1740.12,266.06
04-May-2018,3696.24,7626.63,6285.46,4502.98,-3930.39,1782.48
07-May-2018,1833.21,2925.7,4838.73,3277.7,-1092.49,1561.03
08-May-2018,3935.61,7371.09,5564.41,1637.69,-3435.48,3926.72
09-May-2018,7282.28,7855.97,5051.27,2112.02,-573.69,2939.25
10-May-2018,2985.17,4262.37,3986.76,4402.01,-1277.2,-415.25
11-May-2018,9510.31,3910.39,2644.41,3555.04,5599.92,-910.63
14-May-2018,4287.84,5383.71,3578.46,4749.89,-1095.87,-1171.43
15-May-2018,2794.01,3493.86,2356.77,5709.95,-699.85,-3353.18
16-May-2018,6762.11,2292.23,3336.83,6438.47,4469.88,-3101.64
17-May-2018,2744.8,5692.25,7932.82,2746.01,-2947.45,5186.81
18-May-2018,6425.42,3739.54,2453.56,5447.38,2685.88,-2993.82
21-May-2018,3042.87,3904.94,4017.02,2711.74,-862.07,1305.28
22-May-2018,7111.11,2450.95,3101.24,3328.23,4660.16,-226.99
23-May-2018,8499.44,11092.34,2586.9,3423.88,-2592.9,-836.98
24-May-2018,2470.11,3959.29,2787.02,3524.99,-1489.18,-737.97
25-May-2018,3385.54,9583.78,3381.54,2509.18,-6198.24,872.36
28-May-2018,3089.93,1572.33,4746.0,3281.32,1517.6,1464.68
29-May-2018,5650.39,5602.53,4457.5,2246.56,47.86,2210.94
30-May-2018,7157.23,7760.57,4340.28,2101.08,-603.34,2239.2
31-May-2018,4954.36,5458.48,2333.66,2083.16,-504.12,250.5
01-Jun-2018,6155.54,4593.64,5580.95,5564.87,1561.9,16.08
04-Jun-2018,2417.77,4266.18,5477.81,2067.44,-1848.41,3410.37
05-Jun-2018,3550.35,11425.11,4568.17,3129.42,-7874.76,1438.75
06-Jun-2018,3135.09,4321.44,5555.0,3023.01,-1186.35,2531.99
07-Jun-2018,5863.85,6097.29,2242.66,2535.14,-233.44,-292.48
08-Jun-2018,4422.81,10727.66,5037.83,5200.01,-6304.85,-162.18
11-Jun-2018,4419.68,4720.68,2988.23,7066.56,-301.0,-4078.33
12-Jun-2018,6348.14,5562.57,5469.24,5608.45,785.57,-139.21
13-Jun-2018,2196.07,4430.72,4207.09,4477.58,-2234.65,-270.49
14-Jun-2018,6096.49,6788.27,5655.51,6094.56,-691.78,-439.05
15-Jun-2018,4260.62,3072.83,4181.25,4394.33,1187.79,-213.08
18-Jun-2018,4832.32,2575.12,3590.72,1836.1,2257.2,1754.62
19-Jun-2018,6009.27,8220.6,2521.95,1612.63,-2211.33,909.32
20-Jun-2018,7115.73,2282.62,4014.62,7011.31,4833.11,-2996.69
21-Jun-2018,4367.18,4466.04,3883.58,5876.93,-98.86,-1993.35
22-Jun-2018,4323.14,4355.0,4903.88,3411.53,-31.86,1492.35
25-Jun-2018,4284.45,2195.44,2647.42,3294.93,2089.01,-647.51
26-Jun-2018,3715.99,3546.91,5773.3,2257.89,169.08,3515.41
27-Jun-2018,5240.34,8530.24,3407.29,2231.19,-3289.9,1176.1
28-Jun-2018,2704.26,7862.35,3870.03,5852.64,-5158.09,-1982.61
29-Jun-2018,3664.46,4311.77,6132.39,2868.86,-647.31,3263.53
02-Jul-2018,4177.45,5207.51,3232.42,5125.84,-1030.06,-1893.42
03-Jul-2018,4161.13,7287.66,5991.07,1857.73,-3126.53,4133.34
04-Jul-2018,5874.04,18066.04,3043.73,2584.2,-12192.0,459.53
05-Jul-2018,4917.56,6015.24,3863.68,1811.46,-1097.68,2052.22
06-Jul-2018,5872.78,6808.4,3012.43,3484.62,-935.62,-472.19
09-Jul-2018,3056.44,5558.52,3223.07,2840.28,-2502.08,382.79
10-Jul-2018,3482.61,3100.24,4930.37,3274.08,382.37,1656.29
11-Jul-2018,5770.17,3109.59,6496.49,5186.47,2660.58,1310.02
12-Jul-2018,3156.99,4784.79,2418.54,6281.34,-1627.8,-3862.8
13-Jul-2018,5886.35,5699.57,2173.26,2240.46,186.78,-67.2
16-Jul-2018,4235.59,3999.16,1420.27,6131.26,236.43,-4710.99
17-Jul-2018,3573.28,2883.94,3174.54,3749.78,689.34,-575.24
18-Jul-2018,12889.27,8106.34,2279.1,3563.58,4782.93,-1284.48
19-Jul-2018,7836.81,1930.96,4321.31,7857.85,5905.85,-3536.54
20-Jul-2018,4821.23,2759.15,3707.69,2390.25,2062.08,1317.44
23-Jul-2018,2273.59,4246.92,2396.1,2757.64,-1973.33,-361.54
24-Jul-2018,7641.2,3229.33,5563.6,5750.79,4411.87,-187.19
25-Jul-2018,5124.89,2318.21,1819.36,4583.13,2806.68,-2763.77
26-Jul-2018,6879.97,6411.43,7660.58,2543.49,468.54,5117.09
27-Jul-2018,5441.45,6084.8,5444.43,3020.49,-643.35,2423.94
30-Jul-2018,5880.87,3588.85,4082.25,4144.49,2292.02,-62.24
31-Jul-2018,4394.7,3588.94,4023.77,4319.51,805.76,-295.74
01-Aug-2018,1995.48,7032.0,5314.43,1824.91,-5036.52,3489.52
02-Aug-2018,4812.56,5334.76,2719.21,4105.13,-522.2,-1385.92
03-Aug-2018,3492.52,6630.02,2532.98,2717.39,-3137.5,-184.41
06-Aug-2018,1820.18,16491.96,3703.98,6178.97,-14671.78,-2474.99
07-Aug-2018,4370.11,7872.97,2403.2,3378.81,-3502.86,-975.61
08-Aug-2018,3708.63,2450.41,2482.87,2474.35,1258.22,8.52
09-Aug-2018,4717.95,3695.12,3995.7,2000.81,1022.83,1994.89
10-Aug-2018,8617.26,3648.65,3530.39,3934.3,4968.61,-403.91
13-Aug-2018,4743.87,3391.92,3192.45,4743.39,1351.95,-1550.94
14-Aug-2018,3331.75,3604.06,2936.54,3925.37,-272.31,-988.83
15-Aug-2018,3553.15,1387.91,4272.34,3257.27,2165.24,1015.07
16-Aug-2018,4636.77,3657.28,3512.07,1726.41,979.49,1785.66
17-Aug-2018,6369.26,13237.37,10003.29,3255.25,-6868.11,6748.04
20-Aug-2018,2131.99,6729.81,1530.35,2270.69,-4597.82,-740.34
21-Aug-2018,6688.04,4245.65,2790.54,3667.03,2442.39,-876.49
22-Aug-2018,5420.07,6576.88,3340.14,3672.68,-1156.81,-332.54
23-Aug-2018,2320.15,7285.33,5835.57,1379.44,-4965.18,4456.13
24-Aug-2018,3323.23,1618.74,3440.18,2694.07,1704.49,746.11
27-Aug-2018,3071.16,3185.45,5549.47,5128.92,-114.29,420.55
28-Aug-2018,4755.58,2975.54,1789.87,4816.46,1780.04,-3026.59
29-Aug-2018,4286.7,4588.04,6118.05,3167.59,-301.34,2950.46
30-Aug-2018,2130.86,2318.63,3351.28,3815.69,-187.77,-464.41
31-Aug-2018,6772.54,5523.85,5590.2,3273.84,1248.69,2316.36
03-Sep-2018,3053.65,4423.4,3294.25,6869.89,-1369.75,-3575.64
04-Sep-2018,4768.53,4440.76,3912.17,3306.11,327.77,606.06
05-Sep-2018,10793.15,6407.32,4382.96,6087.11,4385.83,-1704.15
06-Sep-2018,3865.7,5658.67,3186.11,3714.68,-1792.97,-528.57
07-Sep-2018,5724.57,4647.85,3318.26,4335.97,1076.72,-1017.71
10-Sep-2018,4947.54,1445.31,4891.01,3620.39,3502.23,1270.62
11-Sep-2018,4439.38,3795.49,6362.59,2638.64,643.89,3723.95
12-Sep-2018,5869.89,3420.56,2267.73,4387.14,2449.33,-2119.41
13-Sep-2018,5173.64,5002.84,4507.19,3843.21,170.8,663.98
14-Sep-2018,2998.67,9661.5,2837.68,3222.64,-6662.83,-384.96
17-Sep-2018,6407.51,2945.39,4604.15,2854.62,3462.12,1749.53
18-Sep-2018,3280.26,3229.36,4653.65,3290.49,50.9,1363.16
19-Sep-2018,2498.53,5823.45,3653.75,3335.12,-3324.92,318.63
20-Sep-2018,4678.77,2890.21,3511.08,6618.97,1788.56,-3107.89
21-Sep-2018,3286.76,2957.2,6699.88,2523.42,329.56,4176.46
24-Sep-2018,3530.33,3986.64,5348.06,4285.83,-456.31,1062.23
25-Sep-2018,9779.71,5128.59,3205.31,3081.06,4651.12,124.25
26-Sep-2018,5324.37,5494.1,2728.38,4094.79,-169.73,-1366.41
27-Sep-2018,8521.61,6074.54,12497.45,3109.61,2447.07,9387.84
28-Sep-2018,3565.51,2403.62,3335.07,4007.89,1161.89,-672.82
01-Oct-2018,8335.85,8299.65,4657.07,6436.95,36.2,-1779.88
02-Oct-2018,5934.92,6548.82,5362.14,2935.16,-613.9,2426.98
03-Oct-2018,3718.58,4989.37,2133.49,2075.15,-1270.79,58.34
04-Oct-2018,4236.65,4788.24,3578.08,1847.02,-551.59,1731.06
05-Oct-2018,3782.44,8905.03,4639.92,4521.54,-5122.59,118.38
08-Oct-2018,5187.53,2425.06,2434.37,2947.27,2762.47,-512.9
09-Oct-2018,2402.78,7870.12,1619.3,2416.87,-5467.34,-797.57
10-Oct-2018,5963.37,4478.37,6279.15,6419.04,1485.0,-139.89
11-Oct-2018,2603.73,12560.19,4528.6,4431.73,-9956.46,96.87
12-Oct-2018,2138.71,7331.18,3025.67,2209.49,-5192.47,816.18
15-Oct-2018,4965.15,3998.68,3976.99,3182.25,966.47,794.74
16-Oct-2018,3530.41,3476.0,5063.0,4734.45,54.41,328.55
17-Oct-2018,4252.87,4055.15,5284.52,3207.62,197.72,2076.9
18-Oct-2018,5640.78,2540.58,4656.69,2908.89,3100.2,1747.8
19-Oct-2018,4667.99,2803.51,5709.58,1583.79,1864.48,4125.79
22-Oct-2018,3821.19,4374.69,4540.45,1043.26,-553.5,3497.19
23-Oct-2018,2833.58,4415.45,4195.4,3119.81,-1581.87,1075.59
24-Oct-2018,3148.31,3173.74,2501.34,2020.4,-25.43,480.94
25-Oct-2018,5595.34,2038.77,4511.07,5702.99,3556.57,-1191.92
26-Oct-2018,3078.22,5079.22,2600.22,2320.27,-2001.0,279.95
29-Oct-2018,4794.54,4201.14,3710.4,3621.34,593.4,89.06
30-Oct-2018,5586.07,4424.03,4513.06,3424.68,1162.04,1088.38
31-Oct-2018,2678.81,3807.68,4158.69,3616.72,-1128.87,541.97
01-Nov-2018,2462.97,4171.74,1332.73,6298.02,-1708.77,-4965.29
02-Nov-2018,5903.1,4005.92,3424.72,4909.47,1897.18,-1484.75
05-Nov-2018,1320.67,4117.86,3146.0,2804.73,-2797.19,341.27
06-Nov-2018,2804.0,4906.09,3249.46,2381.77,-2102.09,867.69
07-Nov-2018,7014.08,2745.91,3569.86,4133.64,4268.17,-563.78
08-Nov-2018,2579.05,5390.52,3548.7,1902.81,-2811.47,1645.89
09-Nov-2018,3389.34,3191.39,3826.18,3952.71,197.95,-126.53
12-Nov-2018,7835.11,5064.01,3108.24,3466.46,2771.1,-358.22
13-Nov-2018,4147.39,6824.14,6799.62,4243.33,-2676.75,2556.29
14-Nov-2018,9845.61,9336.86,2520.72,4003.34,508.75,-1482.62
15-Nov-2018,4846.6,3283.04,2500.67,5376.59,1563.56,-2875.92
16-Nov-2018,3667.31,1925.83,2352.16,1594.72,1741.48,757.44
19-Nov-2018,4192.73,3385.17,2004.82,4509.57,807.56,-2504.75
20-Nov-2018,2422.14,4033.99,3051.44,3509.0,-1611.85,-457.56
21-Nov-2018,3468.17,3827.2,5125.81,2801.08,-359.03,2324.73
22-Nov-2018,2094.38,3472.39,7064.9,2506.41,-1378.01,4558.49
23-Nov-2018,3237.9,5468.74,2684.72,2022.91,-2230.84,661.81
26-Nov-2018,6629.9,5743.25,3333.5,4577.64,886.65,-1244.14
27-Nov-2018,4074.94,3607.94,4309.7,2206.05,467.0,2103.65
28-Nov-2018,3588.11,2686.12,2709.49,4449.17,901.99,-1739.68
29-Nov-2018,2473.92,8604.67,5701.32,5340.31,-6130.75,361.01
30-Nov-2018,3801.48,8214.15,5229.51,3189.56,-4412.67,2039.95
03-Dec-2018,13786.65,4835.61,6724.97,3937.32,8951.04,2787.65
04-Dec-2018,5121.11,5664.49,5900.6,3147.22,-543.38,2753.38
05-Dec-2018,3997.98,8286.62,3569.13,6582.44,-4288.64,-3013.31
06-Dec-2018,3002.59,3075.4,4102.27,6546.54,-72.81,-2444.27
07-Dec-2018,6417.83,2931.51,5136.22,2517.18,3486.32,2619.04
10-Dec-2018,7276.28,3837.89,6585.47,4907.97,3438.39,1677.5
11-Dec-2018,5329.22,3179.06,2853.98,4707.76,2150.16,-1853.78
12-Dec-2018,12778.35,4436.44,3594.5,3381.09,8341.91,213.41
13-Dec-2018,5485.58,4548.39,4941.4,1001.32,937.19,3940.08
14-Dec-2018,5346.76,2232.19,3799.03,2001.71,3114.57,1797.32
17-Dec-2018,6814.69,1237.78,4994.81,4546.69,5576.91,448.12
18-Dec-2018,3603.99,2709.04,4438.56,4004.31,894.95,434.25
19-Dec-2018,5666.8,9475.45,4331.05,3180.87,-3808.65,1150.18
20-Dec-2018,3575.79,5279.07,3537.68,2658.66,-1703.28,879.02
21-Dec-2018,2909.66,2428.81,1752.25,3642.63,480.85,-1890.38
24-Dec-2018,2214.39,7937.96,2555.1,2434.37,-5723.57,120.73
25-Dec-2018,2119.01,5472.25,4079.77,2337.99,-3353.24,1741.78
26-Dec-2018,3225.04,4375.75,1885.9,3332.24,-1150.71,-1446.34
27-Dec-2018,11850.87,3223.41,2364.11,2415.11,8627.46,-51.0
28-Dec-2018,3105.28,7285.79,2616.18,6167.3,-4180.51,-3551.12
31-Dec-2018,12885.82,2229.57,3189.33,2326.08,10656.25,863.25
01-Jan-2019,6781.11,2888.19,4503.54,2767.05,3892.92,1736.49
02-Jan-2019,4092.5,4674.32,3493.73,3568.41,-581.82,-74.68
03-Jan-2019,4974.12,1333.85,6356.65,4641.89,3640.27,1714.76
04-Jan-2019,6551.04,5646.37,3193.45,4779.21,904.67,-1585.76
07-Jan-2019,2485.88,4120.85,3392.19,3070.81,-1634.97,321.38
08-Jan-2019,6112.08,3267.93,3182.43,4949.91,2844.15,-1767.48
09-Jan-2019,4074.65,3162.62,3432.52,4334.95,912.03,-902.43
10-Jan-2019,6017.07,4605.71,3857.88,3504.32,1411.36,353.56
11-Jan-2019,4559.72,3951.64,4931.03,3706.79,608.08,1224.24
14-Jan-2019,3159.71,4751.45,5599.14,3479.38,-1591.74,2119.76
15-Jan-2019,2451.5,2984.17,3865.13,3600.44,-532.67,264.69
16-Jan-2019,6034.74,4254.54,1860.04,3106.42,1780.2,-1246.38
17-Jan-2019,3373.01,1865.07,2587.13,2792.08,1507.94,-204.95
18-Jan-2019,4996.18,6669.26,1970.07,5633.34,-1673.08,-3663.27
21-Jan-2019,6694.87,4287.85,2918.56,2621.79,2407.02,296.77
22-Jan-2019,7039.89,3519.48,3349.99,2911.05,3520.41,438.94
23-Jan-2019,4322.63,3965.88,4097.98,2653.83,356.75,1444.15
24-Jan-2019,3464.05,7926.91,5802.48,5112.5,-4462.86,689.98
25-Jan-2019,2028.9,3275.21,2852.78,2425.85,-1246.31,426.93
28-Jan-2019,5261.27,3379.65,6623.72,4363.91,1881.62,2259.81
29-Jan-2019,3376.44,1649.99,3859.25,3552.37,1726.45,306.88
30-Jan-2019,6130.62,4931.89,1420.21,6085.37,1198.73,-4665.16
31-Jan-2019,3084.62,3901.29,5404.83,3547.19,-816.67,1857.64
01-Feb-2019,2512.77,4013.31,4289.02,3771.76,-1500.54,517.26
04-Feb-2019,6783.4,10134.13,4312.94,6389.49,-3350.73,-2076.55
05-Feb-2019,2722.0,6568.89,1756.27,3210.21,-3846.89,-1453.94
06-Feb-2019,6610.53,5384.45,3093.02,1832.4,1226.08,1260.62
07-Feb-2019,4293.31,4214.71,2674.6,3828.47,78.6,-1153.87
08-Feb-2019,3009.26,8110.06,4767.55,2753.6,-5100.8,2013.95
11-Feb-2019,6513.07,3578.26,5153.82,2779.64,2934.81,2374.18
12-Feb-2019,8703.55,3448.27,8446.74,3052.32,5255.28,5394.42
13-Feb-2019,3069.08,5895.02,4756.84,2131.3,-2825.94,2625.54
14-Feb-2019,6520.11,2461.11,3849.02,1559.38,4059.0,2289.64
15-Feb-2019,3735.12,2025.07,5763.03,2730.76,1710.05,3032.27
18-Feb-2019,3301.98,5850.02,3003.78,2120.34,-2548.04,883.44
19-Feb-2019,2038.09,7103.39,2434.47,7795.54,-5065.3,-5361.07
20-Feb-2019,3849.55,1863.61,5534.23,4110.83,1985.94,1423.4
21-Feb-2019,2468.01,5898.63,2963.17,3185.83,-3430.62,-222.66
22-Feb-2019,8842.47,2966.01,3989.88,2038.56,5876.46,1951.32
25-Feb-2019,4448.05,5721.77,3496.1,6406.45,-1273.72,-2910.35
26-Feb-2019,5239.57,5114.61,2174.12,3375.57,124.96,-1201.45
27-Feb-2019,4068.95,2754.02,7545.99,2561.53,1314.93,4984.46
28-Feb-2019,5254.0,4467.81,3452.71,3713.23,786.19,-260.52
01-Mar-2019,3779.72,4383.06,2103.56,2130.79,-603.34,-27.23
04-Mar-2019,3233.23,7081.63,4474.14,4935.09,-3848.4,-460.95
05-Mar-2019,4780.09,4959.15,6123.98,1321.41,-179.06,4802.57
06-Mar-2019,7065.74,6019.32,4900.42,3045.69,1046.42,1854.73
07-Mar-2019,6513.15,5234.86,4117.37,4325.4,1278.29,-208.03
08-Mar-2019,4805.12,7950.03,2884.46,2301.06,-3144.91,583.4
11-Mar-2019,8003.17,4151.71,2298.75,2205.9,3851.46,92.85
12-Mar-2019,4869.02,7845.06,3559.39,1997.2,-2976.04,1562.19
13-Mar-2019,3610.15,3210.03,3652.47,3281.42,400.12,371.05
14-Mar-2019,2487.45,3374.8,2811.38,1464.59,-887.35,1346.79
15-Mar-2019,8349.36,5769.63,3082.49,3532.23,2579.73,-449.74
18-Mar-2019,3532.65,3704.29,2427.19,2262.69,-171.64,164.5
19-Mar-2019,6417.3,2455.57,2048.97,2111.99,3961.73,-63.02
20-Mar-2019,8579.98,3388.14,4257.81,3173.43,5191.84,1084.38
21-Mar-2019,6128.42,1708.14,2684.0,4474.46,4420.28,-1790.46
22-Mar-2019,4308.62,2366.62,3735.48,3137.3,1942.0,598.18
25-Mar-2019,2265.44,10458.72,6975.93,4909.26,-8193.28,2066.67
26-Mar-2019,2827.67,4870.89,5080.88,4699.63,-2043.22,381.25
27-Mar-2019,2768.67,1673.38,3873.07,2344.03,1095.29,1529.04
28-Mar-2019,2701.83,3176.22,2924.78,5100.69,-474.39,-2175.91
29-Mar-2019,5024.53,3355.62,7888.18,2229.84,1668.91,5658.34
01-Apr-2019,9249.57,9069.77,3087.8,3308.55,179.8,-220.75
02-Apr-2019,2883.69,3616.2,4917.24,2091.02,-732.51,2826.22
03-Apr-2019,2070.61,4405.87,1844.15,4008.51,-2335.26,-2164.36
04-Apr-2019,7870.22,2416.69,4617.61,4053.28,5453.53,564.33
05-Apr-2019,3013.99,3043.0,3490.92,2107.25,-29.01,1383.67
08-Apr-2019,3801.34,6620.69,4223.64,3516.4,-2819.35,707.24
09-Apr-2019,4407.71,10196.25,4496.46,4708.46,-5788.54,-212.0
10-Apr-2019,10172.85,2315.36,2397.37,2812.17,7857.49,-414.8
11-Apr-2019,2844.85,4601.91,2423.54,2192.05,-1757.06,231.49
12-Apr-2019,3892.29,6883.8,3871.53,4273.49,-2991.51,-401.96
15-Apr-2019,5434.71,2070.15,10757.4,4489.18,3364.56,6268.22
16-Apr-2019,3577.69,3770.63,5349.21,4631.07,-192.94,718.14
17-Apr-2019,3622.95,4950.56,3648.82,4132.59,-1327.61,-483.77
18-Apr-2019,4934.61,5843.96,4535.04,2925.2,-909.35,1609.84
19-Apr-2019,3129.16,5706.42,2640.19,9656.94,-2577.26,-7016.75
22-Apr-2019,2852.25,5121.01,5401.25,3603.25,-2268.76,1798.0
23-Apr-2019,6562.27,6166.66,1982.12,1923.15,395.61,58.97
24-Apr-2019,2892.54,4439.6,4966.07,3106.46,-1547.06,1859.61
25-Apr-2019,11933.04,4765.65,4566.28,3655.55,7167.39,910.73
26-Apr-2019,3066.28,6045.99,4792.48,1363.86,-2979.71,3428.62
29-Apr-2019,8109.13,10349.52,4473.91,3833.29,-2240.39,640.62
30-Apr-2019,4092.07,4752.79,2119.73,3955.97,-660.72,-1836.24
01-May-2019,4952.67,10836.29,6775.9,3270.48,-5883.62,3505.42
02-May-2019,9730.58,5858.41,4000.62,9748.21,3872.17,-5747.59
03-May-2019,5136.3,4756.64,3010.36,3188.49,379.66,-178.13
06-May-2019,4622.5,4675.35,2696.59,2851.89,-52.85,-155.3
07-May-2019,6473.28,10611.1,5813.7,5632.32,-4137.82,181.38
08-May-2019,5139.59,4864.43,5222.7,2520.98,275.16,2701.72
09-May-2019,10269.41,3309.46,7612.37,5602.1,6959.95,2010.27
10-May-2019,2654.1,4984.4,3597.99,3177.12,-2330.3,420.87
13-May-2019,3641.01,9041.6,3681.47,2360.57,-5400.59,1320.9
14-May-2019,2475.02,3757.53,5726.47,3697.15,-1282.51,2029.32
15-May-2019,5999.53,7217.27,3641.24,4899.07,-1217.74,-1257.83
16-May-2019,4629.92,2085.07,3521.1,3683.13,2544.85,-162.03
17-May-2019,6043.2,3015.22,3186.54,5984.3,3027.98,-2797.76
20-May-2019,5621.85,3945.6,1582.99,3660.6,1676.25,-2077.61
21-May-2019,2959.76,2154.61,3165.53,3861.98,805.15,-696.45
22-May-2019,3814.69,2747.95,2044.24,8354.57,1066.74,-6310.33
23-May-2019,3151.87,4844.54,3132.08,2985.31,-1692.67,146.77
24-May-2019,9416.47,8984.75,3091.09,4181.02,431.72,-1089.93
27-May-2019,4467.31,3677.73,4175.13,2604.73,789.58,1570.4
28-May-2019,4759.84,4831.98,3412.14,2788.19,-72.14,623.95
29-May-2019,2719.28,7229.35,5416.43,4823.19,-4510.07,593.24
30-May-2019,3147.6,8228.46,4735.38,2158.6,-5080.86,2576.78
31-May-2019,7941.32,5481.23,2989.65,2785.76,2460.09,203.89
03-Jun-2019,4680.25,6474.07,3613.76,2715.76,-1793.82,898.0
04-Jun-2019,2991.75,2416.51,6430.37,1791.44,575.24,4638.93
05-Jun-2019,3899.45,5155.43,3158.17,2083.07,-1255.98,1075.1
06-Jun-2019,5026.44,7660.99,3448.99,3171.52,-2634.55,277.47
07-Jun-2019,6954.88,3690.2,3880.69,2369.77,3264.68,1510.92
10-Jun-2019,5790.79,10369.65,4135.55,3145.81,-4578.86,989.74
11-Jun-2019,5317.15,9521.53,3419.4,2502.54,-4204.38,916.86
12-Jun-2019,5079.03,6215.26,7133.29,2750.06,-1136.23,4383.23
13-Jun-2019,1854.84,2511.68,5645.96,4271.18,-656.84,1374.78
14-Jun-2019,4890.54,7849.15,4154.32,2885.36,-2958.61,1268.96
17-Jun-2019,1976.17,7276.85,2748.8,2104.76,-5300.68,644.04
18-Jun-2019,5484.64,5709.18,3621.08,1775.57,-224.54,1845.51
19-Jun-2019,6240.71,1979.83,7043.51,6363.0,4260.88,680.51
20-Jun-2019,4037.24,5330.73,4833.67,2324.13,-1293.49,2509.54
21-Jun-2019,2495.08,3382.81,2708.12,4628.24,-887.73,-1920.12
24-Jun-2019,4076.19,4364.27,3771.92,2663.16,-288.08,1108.76
25-Jun-2019,6689.22,3558.67,3113.28,5600.33,3130.55,-2487.05
26-Jun-2019,3901.24,2751.67,2066.58,3401.67,1149.57,-1335.09
27-Jun-2019,10678.43,6613.24,5522.31,5687.9,4065.19,-165.59
28-Jun-2019,1975.26,5415.36,4239.07,3196.22,-3440.1,1042.85
01-Jul-2019,3708.37,5359.27,7202.54,2583.7,-1650.9,4618.84
02-Jul-2019,1139.97,7820.3,4668.24,4097.59,-6680.33,570.65
03-Jul-2019,5990.42,3221.98,3108.58,4086.0,2768.44,-977.42
04-Jul-2019,6468.52,3703.36,4642.85,2705.53,2765.16,1937.32
05-Jul-2019,6786.91,4841.01,4368.55,3116.71,1945.9,1251.84
08-Jul-2019,6745.18,4136.13,4399.61,4578.81,2609.05,-179.2
09-Jul-2019,4313.5,4671.55,3884.19,2687.49,-358.05,1196.7
10-Jul-2019,4815.81,6454.45,3447.99,5089.29,-1638.64,-1641.3
11-Jul-2019,3489.21,3478.78,4792.42,2301.4,10.43,2491.02
12-Jul-2019,4049.38,2029.88,5306.74,3672.15,2019.5,1634.59
15-Jul-2019,3364.97,4509.5,2471.93,2891.05,-1144.53,-419.12
16-Jul-2019,2776.16,10082.86,2865.26,1839.74,-7306.7,1025.52
17-Jul-2019,3832.0,2081.44,3177.55,2984.51,1750.56,193.04
18-Jul-2019,6709.71,2761.06,3915.61,3257.27,3948.65,658.34
19-Jul-2019,4796.5,2174.0,1678.46,5103.64,2622.5,-3425.18
22-Jul-2019,5773.54,2674.83,3847.98,4081.84,3098.71,-233.86
23-Jul-2019,3463.73,6885.82,2464.22,4189.83,-3422.09,-1725.61
24-Jul-2019,5794.33,6389.76,2196.27,4886.66,-595.43,-2690.39
25-Jul-2019,4762.01,5751.57,8924.47,5386.82,-989.56,3537.65
26-Jul-2019,7982.01,2998.45,5125.02,2848.52,4983.56,2276.5
29-Jul-2019,4288.86,5007.91,4045.79,3095.38,-719.05,950.41
30-Jul-2019,5329.7,3576.97,5370.62,3791.93,1752.73,1578.69
31-Jul-2019,3754.72,2454.74,3302.03,6743.98,1299.98,-3441.95
01-Aug-2019,3868.23,2948.65,5029.21,6765.19,919.58,-1735.98
02-Aug-2019,4420.68,3778.97,5305.2,3931.32,641.71,1373.88
05-Aug-2019,9606.09,4885.94,3243.59,3252.97,4720.15,-9.38
06-Aug-2019,7305.75,5602.72,6080.82,2382.92,1703.03,3697.9
07-Aug-2019,2179.57,9866.93,2612.04,2129.81,-7687.36,482.23
08-Aug-2019,6501.23,3833.1,4886.71,4081.99,2668.13,804.72
09-Aug-2019,1774.13,1584.79,2105.35,4568.69,189.34,-2463.34
12-Aug-2019,3834.82,3658.67,4556.41,2577.93,176.15,1978.48
13-Aug-2019,10068.25,7167.15,3872.06,3488.09,2901.1,383.97
14-Aug-2019,3040.95,4191.29,2152.58,2648.79,-1150.34,-496.21
15-Aug-2019,5141.42,6817.86,5985.36,4554.61,-1676.44,1430.75
16-Aug-2019,2762.09,2814.3,4635.26,2756.57,-52.21,1878.69
19-Aug-2019,2996.71,6492.71,2798.66,7683.49,-3496.0,-4884.83
20-Aug-2019,4288.41,3262.19,5131.16,5950.93,1026.22,-819.77
21-Aug-2019,1649.39,9822.59,2743.38,2881.79,-8173.2,-138.41
22-Aug-2019,1768.14,3306.27,5347.0,2272.44,-1538.13,3074.56
23-Aug-2019,4906.28,6056.27,4639.83,2560.19,-1149.99,2079.64
26-Aug-2019,3733.93,6221.2,3397.03,2353.69,-2487.27,1043.34
27-Aug-2019,7404.06,4344.11,2931.11,1569.21,3059.95,1361.9
28-Aug-2019,2774.44,5375.9,2839.91,2613.21,-2601.46,226.7
29-Aug-2019,4884.15,5539.5,11706.47,5826.45,-655.35,5880.02
30-Aug-2019,4941.89,1731.92,3903.38,3436.09,3209.97,467.29
02-Sep-2019,3557.22,2637.08,4254.46,2683.59,920.14,1570.87
03-Sep-2019,6137.3,4398.64,4525.1,2587.02,1738.66,1938.08
04-Sep-2019,4052.29,3161.99,2637.72,5402.9,890.3,-2765.18
05-Sep-2019,6954.4,2421.48,4443.46,3876.43,4532.92,567.03
06-Sep-2019,4192.4,2799.01,3291.87,3643.3,1393.39,-351.43
09-Sep-2019,2961.96,5450.59,4338.81,5080.77,-2488.63,-741.96
10-Sep-2019,6658.79,2343.49,2718.84,5682.0,4315.3,-2963.16
11-Sep-2019,4163.39,2576.49,4058.89,2778.04,1586.9,1280.85
12-Sep-2019,4904.98,4754.53,5673.36,1665.66,150.45,4007.7
13-Sep-2019,4013.83,1952.36,3996.88,2431.81,2061.47,1565.07
16-Sep-2019,8799.72,6411.33,2159.72,4179.03,2388.39,-2019.31
17-Sep-2019,5992.13,4315.47,4547.05,5300.28,1676.66,-753.23
18-Sep-2019,5542.86,10360.07,2491.9,1320.36,-4817.21,1171.54
19-Sep-2019,6910.82,3337.11,3992.12,7791.25,3573.71,-3799.13
20-Sep-2019,2201.94,5936.19,2993.69,2703.19,-3734.25,290.5
23-Sep-2019,9105.12,2822.95,8040.43,2992.78,6282.17,5047.65
24-Sep-2019,5876.45,5136.61,3215.5,7313.16,739.84,-4097.66
25-Sep-2019,8518.29,3102.55,2701.49,2947.53,5415.74,-246.04
26-Sep-2019,4561.88,3907.42,3040.59,2127.79,654.46,912.8
27-Sep-2019,4426.21,2778.68,3679.49,2034.72,1647.53,1644.77
30-Sep-2019,6356.54,4537.55,2585.91,2790.06,1818.99,-204.15
01-Oct-2019,4045.16,5664.99,2076.89,3536.86,-1619.83,-1459.97
02-Oct-2019,7810.42,2973.26,2971.72,1948.1,4837.16,1023.62
03-Oct-2019,3216.9,15319.88,5244.75,1271.07,-12102.98,3973.68
04-Oct-2019,10233.14,5095.3,6427.51,2937.67,5137.84,3489.84
07-Oct-2019,4008.49,9946.54,4635.0,7475.44,-5938.05,-2840.44
08-Oct-2019,10698.52,3141.57,2958.14,6564.65,7556.95,-3606.51
09-Oct-2019,3356.96,6656.42,3081.74,5131.57,-3299.46,-2049.83
10-Oct-2019,4190.05,7091.93,4430.46,2979.79,-2901.88,1450.67
11-Oct-2019,2726.29,6863.12,2177.81,4236.78,-4136.83,-2058.97
14-Oct-2019,4355.98,10966.62,1628.08,2459.17,-6610.64,-831.09
15-Oct-2019,1576.75,2340.89,4328.87,4047.17,-764.14,281.7
16-Oct-2019,2759.79,7238.72,4356.78,3747.82,-4478.93,608.96
17-Oct-2019,5637.68,2650.54,4996.86,4103.46,2987.14,893.4
18-Oct-2019,5510.31,9760.86,3892.9,3402.48,-4250.55,490.42
21-Oct-2019,5104.92,4549.5,5224.14,3358.71,555.42,1865.43
22-Oct-2019,3830.19,9302.83,4147.97,1883.39,-5472.64,2264.58
23-Oct-2019,2851.96,4535.46,3658.44,2156.84,-1683.5,1501.6
24-Oct-2019,7291.39,4789.9,2982.89,5703.15,2501.49,-2720.26
25-Oct-2019,2169.03,6142.64,4459.59,3057.54,-3973.61,1402.05
28-Oct-2019,2763.67,3345.98,5356.18,4237.87,-582.31,1118.31
29-Oct-2019,6000.1,6668.17,10107.78,2953.37,-668.07,7154.41
30-Oct-2019,3278.62,6664.04,4548.47,1634.37,-3385.42,2914.1
31-Oct-2019,5439.05,6043.27,3908.83,5771.59,-604.22,-1862.76
01-Nov-2019,2799.45,3332.75,3165.97,3666.47,-533.3,-500.5
04-Nov-2019,4980.67,5165.96,5521.11,1778.79,-185.29,3742.32
05-Nov-2019,6189.05,2465.72,2822.29,2385.32,3723.33,436.97
06-Nov-2019,3742.38,5447.86,2925.18,3320.35,-1705.48,-395.17
07-Nov-2019,3355.42,8953.57,3564.49,7107.41,-5598.15,-3542.92
08-Nov-2019,1934.35,4558.36,4076.5,4674.24,-2624.01,-597.74
11-Nov-2019,7856.96,2608.74,3728.82,3167.56,5248.22,561.26
12-Nov-2019,3876.28,2366.85,2617.13,1651.37,1509.43,965.76
13-Nov-2019,4965.53,2526.03,5291.19,3302.29,2439.5,1988.9
14-Nov-2019,2298.73,5212.86,3280.61,4611.05,-2914.13,-1330.44
15-Nov-2019,7989.86,3060.4,2011.92,3815.96,4929.46,-1804.04
18-Nov-2019,6561.96,5075.92,3337.91,2531.67,1486.04,806.24
19-Nov-2019,5021.15,1947.99,2583.74,5638.4,3073.16,-3054.66
20-Nov-2019,2263.03,3787.79,2737.13,2809.08,-1524.76,-71.95
21-Nov-2019,3017.5,3454.21,3270.64,5597.63,-436.71,-2326.99
22-Nov-2019,8633.17,3995.99,3263.53,2244.37,4637.18,1019.16
25-Nov-2019,8868.15,13522.87,6183.0,3100.53,-4654.72,3082.47
26-Nov-2019,5768.11,3518.96,4858.99,2545.19,2249.15,2313.8
27-Nov-2019,2452.63,4626.42,3608.42,2395.27,-2173.79,1213.15
28-Nov-2019,2984.08,4910.46,2803.92,4443.69,-1926.38,-1639.77
29-Nov-2019,6347.23,9703.33,3101.46,1900.77,-3356.1,1200.69
02-Dec-2019,4826.26,6450.07,4363.49,2553.68,-1623.81,1809.81
03-Dec-2019,5884.5,4866.48,3819.66,1175.12,1018.02,2644.54
04-Dec-2019,2692.09,4278.36,3983.62,3465.98,-1586.27,517.64
05-Dec-2019,1936.81,4419.68,2523.38,6568.11,-2482.87,-4044.73
06-Dec-2019,4636.63,3179.14,1828.27,3187.76,1457.49,-1359.49
09-Dec-2019,3056.23,10413.01,3286.15,2743.6,-7356.78,542.55
10-Dec-2019,4135.12,3298.76,3140.77,4159.68,836.36,-1018.91
11-Dec-2019,5407.79,3777.81,3200.03,3296.04,1629.98,-96.01
12-Dec-2019,4827.71,3335.08,1896.15,3393.77,1492.63,-1497.62
13-Dec-2019,2512.93,4817.56,2010.69,1931.76,-2304.63,78.93
16-Dec-2019,3740.42,2892.01,2970.16,4033.82,848.41,-1063.66
17-Dec-2019,3607.03,2388.93,3832.93,1538.09,1218.1,2294.84
18-Dec-2019,12945.3,3635.54,3268.71,3340.24,9309.76,-71.53
19-Dec-2019,3920.49,5409.94,2453.49,1450.38,-1489.45,1003.11
20-Dec-2019,6566.92,2546.38,3794.93,3582.74,4020.54,212.19
23-Dec-2019,6532.16,3872.29,4177.11,3965.46,2659.87,211.65
24-Dec-2019,5407.17,3870.65,5305.46,3611.9,1536.52,1693.56
25-Dec-2019,5597.54,3587.85,2571.53,2477.25,2009.69,94.28
26-Dec-2019,7303.49,2707.93,6629.65,1846.07,4595.56,4783.58
27-Dec-2019,9432.78,8156.51,3820.17,3050.78,1276.27,769.39
30-Dec-2019,3765.37,2571.95,2657.05,2137.17,1193.42,519.88
31-Dec-2019,2927.21,4392.57,3863.23,3358.39,-1465.36,504.84
01-Jan-2020,4909.91,2415.7,2229.74,5998.79,2494.21,-3769.05
02-Jan-2020,4957.79,4255.46,1915.52,3914.99,702.33,-1999.47
03-Jan-2020,3458.97,4053.12,5669.08,3907.86,-594.15,1761.22
06-Jan-2020,2589.84,4069.79,4468.06,2869.23,-1479.95,1598.83
07-Jan-2020,3591.28,2100.19,4586.05,3530.21,1491.09,1055.84
08-Jan-2020,2750.15,3166.76,2895.12,4408.85,-416.61,-1513.73
09-Jan-2020,4519.77,2205.45,2701.24,3065.98,2314.32,-364.74
10-Jan-2020,3459.97,7250.18,4123.4,2008.01,-3790.21,2115.39
13-Jan-2020,5950.92,8192.46,4781.8,2501.61,-2241.54,2280.19
14-Jan-2020,4671.18,2185.98,3211.52,4387.74,2485.2,-1176.22
15-Jan-2020,3835.11,6097.73,1556.23,1760.46,-2262.62,-204.23
16-Jan-2020,5446.53,6356.26,2594.92,1696.43,-909.73,898.49
17-Jan-2020,2922.14,3223.88,3699.72,3209.3,-301.74,490.42
20-Jan-2020,5702.77,5262.55,3631.81,3222.95,440.22,408.86
21-Jan-2020,5669.92,5370.9,2887.61,2314.77,299.02,572.84
22-Jan-2020,2603.13,6213.62,3510.75,4500.69,-3610.49,-989.94
23-Jan-2020,4993.97,2909.09,4927.96,2163.57,2084.88,2764.39
24-Jan-2020,6784.25,4706.55,3210.9,1548.63,2077.7,1662.27
27-Jan-2020,8824.9,3925.98,5031.37,2532.71,4898.92,2498.66
28-Jan-2020,7772.41,9413.7,1451.79,6590.8,-1641.29,-5139.01
29-Jan-2020,12196.7,4433.24,4763.65,3447.15,7763.46,1316.5
30-Jan-2020,6400.84,6073.33,4714.88,2214.8,327.51,2500.08
31-Jan-2020,2097.41,4248.01,8177.91,4939.81,-2150.6,3238.1
03-Feb-2020,4020.15,3800.4,3514.17,4733.59,219.75,-1219.42
04-Feb-2020,6030.45,5208.27,3599.09,1863.6,822.18,1735.49
05-Feb-2020,3336.74,5230.86,4504.84,2392.95,-1894.12,2111.89
06-Feb-2020,4067.5,2347.16,4637.49,2298.13,1720.34,2339.36
07-Feb-2020,5031.59,1640.41,3030.81,4308.7,3391.18,-1277.89
10-Feb-2020,2882.64,10034.6,3416.72,3010.73,-7151.96,405.99
11-Feb-2020,3841.56,5864.97,2469.18,5305.85,-2023.41,-2836.67
12-Feb-2020,2882.72,3677.61,4342.29,4891.6,-794.89,-549.31
13-Feb-2020,4606.63,8781.01,5310.06,4861.86,-4174.38,448.2
14-Feb-2020,6024.66,4951.5,6628.17,5109.91,1073.16,1518.26
17-Feb-2020,7296.27,2233.98,3686.08,2131.55,5062.29,1554.53
18-Feb-2020,3763.02,2126.03,4640.3,4270.93,1636.99,369.37
19-Feb-2020,2796.29,3356.76,3675.99,3918.7,-560.47,-242.71
20-Feb-2020,5399.39,3720.63,2922.3,5397.75,1678.76,-2475.45
21-Feb-2020,2588.23,5427.58,2849.47,5043.86,-2839.35,-2194.39
24-Feb-2020,3930.76,3114.51,2939.94,3349.0,816.25,-409.06
25-Feb-2020,2560.43,6792.76,3148.19,1544.89,-4232.33,1603.3
26-Feb-2020,6660.85,3759.8,4039.67,3559.67,2901.05,480.0
27-Feb-2020,3083.22,2128.56,4105.45,2293.58,954.66,1811.87
28-Feb-2020,3904.37,4284.71,4258.27,3675.77,-380.34,582.5
02-Mar-2020,2414.61,7922.04,4731.11,2209.3,-5507.43,2521.81
03-Mar-2020,2813.31,2711.43,2802.46,5848.81,101.88,-3046.35
04-Mar-2020,2734.36,3787.16,3160.24,2798.9,-1052.8,361.34
05-Mar-2020,2214.8,5440.31,4367.1,2141.66,-3225.51,2225.44
06-Mar-2020,10804.29,2899.78,3582.53,3505.5,7904.51,77.03
09-Mar-2020,7426.55,4036.91,4195.86,3893.14,3389.64,302.72
10-Mar-2020,6978.72,3364.05,2999.57,3880.24,3614.67,-880.67
11-Mar-2020,3454.3,7649.01,2504.54,1976.49,-4194.71,528.05
12-Mar-2020,5252.61,5901.28,6401.08,2999.0,-648.67,3402.08
13-Mar-2020,4279.38,3195.71,4149.7,1890.89,1083.67,2258.81
16-Mar-2020,2957.42,4090.37,3641.68,3426.89,-1132.95,214.79
17-Mar-2020,2643.47,1949.08,5328.33,2164.07,694.39,3164.26
18-Mar-2020,4606.98,1874.55,4362.42,2857.53,2732.43,1504.89
19-Mar-2020,5004.3,4825.07,1865.54,2506.12,179.23,-640.58
20-Mar-2020,8585.59,3685.16,5040.19,3474.46,4900.43,1565.73
23-Mar-2020,6981.11,7173.13,4722.57,3758.23,-192.02,964.34
24-Mar-2020,3025.84,3966.4,6194.72,4205.43,-940.56,1989.29
25-Mar-2020,3742.26,7813.93,4419.76,6954.52,-4071.67,-2534.76
26-Mar-2020,3745.85,7073.78,4737.25,4719.53,-3327.93,17.72
27-Mar-2020,13020.45,6052.18,5621.57,7225.19,6968.27,-1603.62
30-Mar-2020,3328.48,5669.26,2467.68,5949.88,-2340.78,-3482.2
31-Mar-2020,4355.03,6574.52,5801.28,3859.73,-2219.49,1941.55
01-Apr-2020,1654.94,2150.72,3248.23,2504.32,-495.78,743.91
02-Apr-2020,5484.96,4281.27,3601.84,3241.61,1203.69,360.23
03-Apr-2020,3649.26,4731.22,2560.44,4025.42,-1081.96,-1464.98
06-Apr-2020,10592.34,4144.87,4453.56,2645.5,6447.47,1808.06
07-Apr-2020,12816.97,5658.32,2929.61,4507.15,7158.65,-1577.54
08-Apr-2020,5235.45,5220.35,6545.1,2439.19,15.1,4105.91
09-Apr-2020,2272.29,4665.16,4347.59,5902.64,-2392.87,-1555.05
10-Apr-2020,4129.07,4464.23,1430.49,3033.93,-335.16,-1603.44
13-Apr-2020,3529.93,4518.83,3777.68,3478.47,-988.9,299.21
14-Apr-2020,3065.6,4307.37,3191.57,6271.31,-1241.77,-3079.74
15-Apr-2020,2764.48,1430.02,3683.54,1817.27,1334.46,1866.27
16-Apr-2020,5290.09,9151.05,3366.53,1966.52,-3860.96,1400.01
17-Apr-2020,2572.97,5862.77,2856.25,2433.74,-3289.8,422.51
20-Apr-2020,9097.09,3704.15,5474.82,1797.88,5392.94,3676.94
21-Apr-2020,3417.53,7859.83,3445.2,2887.47,-4442.3,557.73
22-Apr-2020,5749.42,3794.63,2890.85,2441.39,1954.79,449.46
23-Apr-2020,5026.85,3847.62,3340.71,3197.19,1179.23,143.52
24-Apr-2020,4924.05,8625.67,4298.5,2442.4,-3701.62,1856.1
27-Apr-2020,3755.51,4991.08,1637.11,2491.22,-1235.57,-854.11
28-Apr-2020,6078.93,7679.61,5055.69,2908.34,-1600.68,2147.35
29-Apr-2020,3044.43,5623.96,5224.23,4228.28,-2579.53,995.95
30-Apr-2020,4584.13,4013.38,4619.94,4686.93,570.75,-66.99
01-May-2020,3764.8,3315.09,3504.64,2903.5,449.71,601.14
04-May-2020,6404.16,4900.36,3661.65,1817.13,1503.8,1844.52
05-May-2020,8708.11,5784.81,1897.74,4961.59,2923.3,-3063.85
06-May-2020,3148.47,5192.98,3651.78,6814.17,-2044.51,-3162.39
07-May-2020,10802.51,7587.27,3933.92,4895.02,3215.24,-961.1
08-May-2020,2118.17,1910.16,4364.9,2743.57,208.01,1621.33
11-May-2020,4904.41,3209.9,5561.26,2399.92,1694.51,3161.34
12-May-2020,8730.94,2345.28,3070.92,4904.12,6385.66,-1833.2
13-May-2020,7251.77,1896.59,6518.03,3731.38,5355.18,2786.65
14-May-2020,12444.78,5576.2,6516.77,4344.62,6868.58,2172.15
15-May-2020,7526.35,5021.3,5235.74,2741.26,2505.05,2494.48
18-May-2020,2782.23,6874.93,2291.48,4098.17,-4092.7,-1806.69
19-May-2020,3930.77,5412.92,9121.3,2994.09,-1482.15,6127.21
20-May-2020,2454.99,2854.03,5309.15,3235.26,-399.04,2073.89
21-May-2020,11592.06,6653.0,3994.99,2179.3,4939.06,1815.69
22-May-2020,5640.13,5375.58,5099.25,3148.86,264.55,1950.39
25-May-2020,5594.51,3259.44,3169.66,6268.3,2335.07,-3098.64
26-May-2020,3673.71,10003.07,5071.99,9966.8,-6329.36,-4894.81
27-May-2020,5446.72,4850.35,4420.51,5171.52,596.37,-751.01
28-May-2020,7963.34,3396.87,5968.73,2339.48,4566.47,3629.25
29-May-2020,4575.68,10022.53,3740.32,3941.8,-5446.85,-201.48
01-Jun-2020,3113.46,3180.04,2690.28,4680.91,-66.58,-1990.63
02-Jun-2020,2915.07,7185.18,4521.28,6096.91,-4270.11,-1575.63
03-Jun-2020,7997.55,4892.91,4704.43,3605.4,3104.64,1099.03
04-Jun-2020,5458.14,4556.3,2394.44,4055.14,901.84,-1660.7
05-Jun-2020,5837.04,4317.11,3390.26,1876.06,1519.93,1514.2
08-Jun-2020,4290.89,3689.08,3272.44,2394.97,601.81,877.47
09-Jun-2020,5890.5,2296.23,2956.15,3618.99,3594.27,-662.84
10-Jun-2020,9540.21,4722.73,2233.42,2877.75,4817.48,-644.33
11-Jun-2020,9361.89,2834.09,6039.8,2928.29,6527.8,3111.51
12-Jun-2020,3688.03,2774.85,3499.18,4894.44,913.18,-1395.26
15-Jun-2020,3872.1,5469.93,3298.47,1758.12,-1597.83,1540.35
16-Jun-2020,4993.98,5573.09,3833.72,2560.76,-579.11,1272.96
17-Jun-2020,6274.55,6021.6,2120.93,3792.14,252.95,-1671.21
18-Jun-2020,2567.57,6916.07,7836.32,2345.68,-4348.5,5490.64
19-Jun-2020,2483.15,8032.09,3903.54,4481.25,-5548.94,-577.71
22-Jun-2020,1199.64,3585.81,4269.29,3796.69,-2386.17,472.6
23-Jun-2020,19705.64,9703.91,3601.28,3764.29,10001.73,-163.01
24-Jun-2020,6331.48,2846.88,3946.96,2475.59,3484.6,1471.37
25-Jun-2020,4462.4,3097.42,3525.59,4803.71,1364.98,-1278.12
26-Jun-2020,3124.73,2507.84,3797.3,1791.61,616.89,2005.69
29-Jun-2020,4060.74,4665.15,3844.16,2783.4,-604.41,1060.76
30-Jun-2020,3359.01,2051.79,4013.83,3687.69,1307.22,326.14
01-Jul-2020,7563.8,8416.76,6458.42,4664.97,-852.96,1793.45
02-Jul-2020,3072.71,5142.64,4843.17,2040.91,-2069.93,2802.26
03-Jul-2020,5400.02,2891.85,5487.87,2588.23,2508.17,2899.64
06-Jul-2020,8231.95,2121.92,5831.9,4198.41,6110.03,1633.49
07-Jul-2020,3954.82,6068.12,5867.93,5887.14,-2113.3,-19.21
08-Jul-2020,2641.29,3038.86,5071.26,1746.82,-397.57,3324.44
09-Jul-2020,7375.67,5856.73,2916.3,2871.21,1518.94,45.09
10-Jul-2020,6266.74,6034.96,4429.78,3163.53,231.78,1266.25
13-Jul-2020,4196.38,4184.68,5796.34,6271.46,11.7,-475.12
14-Jul-2020,3082.16,3687.25,3368.62,1927.55,-605.09,1441.07
15-Jul-2020,5813.18,4244.64,4843.28,3083.35,1568.54,1759.93
16-Jul-2020,5007.67,3296.49,7760.95,1806.66,1711.18,5954.29
17-Jul-2020,6333.99,3326.06,6348.86,5279.75,3007.93,1069.11
20-Jul-2020,5226.87,4690.06,1931.12,2935.63,536.81,-1004.51
21-Jul-2020,2421.72,5216.83,3917.7,2050.92,-2795.11,1866.78
22-Jul-2020,4003.05,2365.89,1974.35,3801.51,1637.16,-1827.16
23-Jul-2020,4091.68,4977.15,3835.65,2857.81,-885.47,977.84
24-Jul-2020,6792.47,4190.29,3195.61,2008.29,2602.18,1187.32
27-Jul-2020,5920.76,3547.72,3202.72,3603.82,2373.04,-401.1
28-Jul-2020,2996.88,11948.62,4481.37,3137.1,-8951.74,1344.27
29-Jul-2020,4461.44,4333.39,4098.24,3573.26,128.05,524.98
30-Jul-2020,5054.29,6525.58,2408.86,3024.49,-1471.29,-615.63
31-Jul-2020,2692.65,5433.71,3785.91,4200.65,-2741.06,-414.74
03-Aug-2020,2063.97,3762.63,4774.46,4328.13,-1698.66,446.33
04-Aug-2020,5048.79,7113.18,3821.49,3951.51,-2064.39,-130.02
05-Aug-2020,6649.57,7424.45,3011.99,5054.37,-774.88,-2042.38
06-Aug-2020,6408.96,6943.73,1576.76,3126.78,-534.77,-1550.02
07-Aug-2020,4053.71,3939.19,7344.76,5463.91,114.52,1880.85
10-Aug-2020,3426.3,4301.18,4217.96,2703.08,-874.88,1514.88
11-Aug-2020,3811.48,4274.98,3774.74,2114.54,-463.5,1660.2
12-Aug-2020,3996.29,4794.24,4181.28,5592.47,-797.95,-1411.19
13-Aug-2020,3760.18,5320.41,1869.1,6411.26,-1560.23,-4542.16
14-Aug-2020,2023.13,5058.55,6362.15,7442.29,-3035.42,-1080.14
17-Aug-2020,2991.77,2631.88,3720.74,6592.66,359.89,-2871.92
18-Aug-2020,2314.15,2226.72,4111.94,4474.71,87.43,-362.77
19-Aug-2020,2474.47,4188.48,3350.73,4448.63,-1714.01,-1097.9
20-Aug-2020,3557.42,6173.89,3383.03,3953.89,-2616.47,-570.86
21-Aug-2020,7177.19,5063.19,4897.09,6252.78,2114.0,-1355.69
24-Aug-2020,2308.19,1992.1,3353.2,4935.42,316.09,-1582.22
25-Aug-2020,3162.24,5479.77,3744.01,4159.41,-2317.53,-415.4
26-Aug-2020,3019.64,7089.65,2077.71,4883.26,-4070.01,-2805.55
27-Aug-2020,7793.87,3965.22,2408.68,2480.23,3828.65,-71.55
28-Aug-2020,4505.16,4009.75,4958.31,2318.42,495.41,2639.89
31-Aug-2020,3040.52,2724.85,3786.49,3072.3,315.67,714.19
01-Sep-2020,5567.23,13684.3,3661.79,6299.73,-8117.07,-2637.94
02-Sep-2020,2562.56,5013.48,4144.89,2762.82,-2450.92,1382.07
03-Sep-2020,3392.01,4833.09,3807.6,3779.03,-1441.08,28.57
04-Sep-2020,5210.1,2228.22,3341.73,4361.59,2981.88,-1019.86
07-Sep-2020,8408.2,6460.56,2983.72,1178.26,1947.64,1805.46
08-Sep-2020,3886.62,7177.73,3391.74,2871.96,-3291.11,519.78
09-Sep-2020,3805.04,4529.11,1561.54,1835.15,-724.07,-273.61
10-Sep-2020,2479.97,6279.88,4820.17,3343.24,-3799.91,1476.93
11-Sep-2020,2818.33,4361.69,2193.26,3936.58,-1543.36,-1743.32
14-Sep-2020,2867.34,1957.98,4453.64,5393.62,909.36,-939.98
15-Sep-2020,6576.82,5228.91,3778.13,3759.45,1347.91,18.68
16-Sep-2020,5326.54,6050.41,2695.6,5583.23,-723.87,-2887.63
17-Sep-2020,2046.06,2644.88,4911.18,4066.37,-598.82,844.81
18-Sep-2020,3268.33,2755.28,4597.73,1999.37,513.05,2598.36
21-Sep-2020,3674.12,7176.56,5858.29,3628.39,-3502.44,2229.9
22-Sep-2020,8289.61,4694.17,3873.99,2145.17,3595.44,1728.82
23-Sep-2020,2487.98,3054.54,4839.92,2570.73,-566.56,2269.19
24-Sep-2020,4002.76,6572.26,3087.75,3455.58,-2569.5,-367.83
25-Sep-2020,3584.99,4934.46,5495.01,2571.99,-1349.47,2923.02
28-Sep-2020,5037.3,1873.89,4950.74,1547.08,3163.41,3403.66
29-Sep-2020,7547.05,3020.12,3875.02,2537.32,4526.93,1337.7
30-Sep-2020,3162.54,7476.06,2981.47,2470.9,-4313.52,510.57
01-Oct-2020,5012.28,2253.04,3122.14,3807.18,2759.24,-685.04
02-Oct-2020,5394.9,4920.1,2819.77,2674.01,474.8,145.76
05-Oct-2020,2256.17,2737.24,2788.91,2967.12,-481.07,-178.21
06-Oct-2020,2180.36,5180.89,3262.38,3851.09,-3000.53,-588.71
07-Oct-2020,3213.32,3324.58,4805.26,4968.24,-111.26,-162.98
08-Oct-2020,5735.65,3705.32,3765.2,4518.39,2030.33,-753.19
09-Oct-2020,5107.04,6768.03,2006.62,2645.94,-1660.99,-639.32
12-Oct-2020,2938.69,6599.98,2375.64,4402.23,-3661.29,-2026.59
13-Oct-2020,9587.72,6386.7,4743.07,1893.43,3201.02,2849.64
14-Oct-2020,5421.09,6678.64,5695.13,2002.19,-1257.55,3692.94
15-Oct-2020,5492.04,4672.01,4036.2,4865.57,820.03,-829.37
16-Oct-2020,2828.73,5292.98,4455.79,4724.64,-2464.25,-268.85
19-Oct-2020,9511.93,8735.43,4759.94,4484.7,776.5,275.24
20-Oct-2020,1818.56,5405.95,2594.79,3635.69,-3587.39,-1040.9
21-Oct-2020,3178.46,6985.74,4963.8,2655.96,-3807.28,2307.84
22-Oct-2020,5606.62,4489.84,6414.62,2052.72,1116.78,4361.9
23-Oct-2020,6555.42,6445.95,6064.88,2155.42,109.47,3909.46
26-Oct-2020,3481.3,5519.72,3470.17,6006.31,-2038.42,-2536.14
27-Oct-2020,14063.46,4586.27,6625.35,3839.56,9477.19,2785.79
28-Oct-2020,4405.8,2803.9,3692.94,1704.06,1601.9,1988.88
29-Oct-2020,3943.08,3425.0,3992.88,5227.9,518.08,-1235.02
30-Oct-2020,10919.68,5136.35,3140.09,6065.34,5783.33,-2925.25
02-Nov-2020,3437.26,4603.37,6432.88,3330.5,-1166.11,3102.38
03-Nov-2020,5620.52,3355.34,3101.38,2766.29,2265.18,335.09
04-Nov-2020,3206.05,5657.01,6367.55,3240.4,-2450.96,3127.15
05-Nov-2020,7684.18,6083.49,7004.7,1779.97,1600.69,5224.73
06-Nov-2020,4928.37,2131.21,5413.84,2498.2,2797.16,2915.64
09-Nov-2020,5080.34,6069.96,2492.38,1604.57,-989.62,887.81
10-Nov-2020,15663.63,7536.25,2766.19,3983.73,8127.38,-1217.54
11-Nov-2020,4710.67,1796.33,3912.26,3213.35,2914.34,698.91
12-Nov-2020,5486.95,7120.6,3440.69,2726.05,-1633.65,714.64
13-Nov-2020,4079.53,4350.61,4060.97,3701.81,-271.08,359.16
16-Nov-2020,6418.07,2993.03,3008.87,8914.87,3425.04,-5906.0
17-Nov-2020,5685.48,5036.63,1646.74,2595.9,648.85,-949.16
18-Nov-2020,2973.14,4513.07,5845.87,2717.39,-1539.93,3128.48
19-Nov-2020,4154.19,4958.08,1635.12,2670.64,-803.89,-1035.52
20-Nov-2020,3682.37,3706.08,4497.09,7480.27,-23.71,-2983.18
23-Nov-2020,1929.18,1756.37,5451.2,4431.1,172.81,1020.1
24-Nov-2020,6223.94,9655.37,2738.46,3060.38,-3431.43,-321.92
25-Nov-2020,6724.17,1964.7,8960.81,2552.7,4759.47,6408.11
26-Nov-2020,2956.94,3584.48,2331.69,2133.1,-627.54,198.59
27-Nov-2020,5629.55,7068.79,2711.02,3788.15,-1439.24,-1077.13
30-Nov-2020,6075.15,3016.81,3187.8,4653.58,3058.34,-1465.78
01-Dec-2020,8128.58,4301.92,4931.94,2671.5,3826.66,2260.44
02-Dec-2020,3546.68,1903.89,3516.26,4224.04,1642.79,-707.78
03-Dec-2020,9203.53,4245.93,5201.35,1941.21,4957.6,3260.14
04-Dec-2020,7409.27,4248.09,4473.28,2355.68,3161.18,2117.6
07-Dec-2020,2438.81,8527.85,3308.78,1686.66,-6089.04,1622.12
08-Dec-2020,3398.7,4231.17,5727.21,3272.65,-832.47,2454.56
09-Dec-2020,7738.6,1623.47,5454.85,4787.74,6115.13,667.11
10-Dec-2020,9850.5,3633.13,3086.83,4337.45,6217.37,-1250.62
11-Dec-2020,6366.95,3291.06,4946.24,1229.57,3075.89,3716.67
14-Dec-2020,6177.32,3975.07,2930.52,4293.37,2202.25,-1362.85
15-Dec-2020,1975.58,8328.35,4160.36,3074.01,-6352.77,1086.35
16-Dec-2020,6327.2,2993.68,3002.32,3286.98,3333.52,-284.66
17-Dec-2020,6334.84,3708.14,4649.32,2748.34,2626.7,1900.98
18-Dec-2020,5360.69,5032.91,6365.26,3735.3,327.78,2629.96
21-Dec-2020,6175.24,4786.55,2424.09,1447.29,1388.69,976.8
22-Dec-2020,4691.37,5511.86,3548.95,2164.08,-820.49,1384.87
23-Dec-2020,2804.37,4983.91,2532.88,3929.8,-2179.54,-1396.92
24-Dec-2020,3880.89,4764.13,5585.54,4050.92,-883.24,1534.62
25-Dec-2020,10038.89,3173.97,4311.34,2774.93,6864.92,1536.41
28-Dec-2020,2074.09,3706.94,4890.0,3219.11,-1632.85,1670.89
29-Dec-2020,7721.27,4868.36,5230.71,4341.86,2852.91,888.85
30-Dec-2020,5017.16,3556.42,3313.82,1880.47,1460.74,1433.35
31-Dec-2020,4509.31,3955.08,4236.44,3344.01,554.23,892.43
01-Jan-2021,4981.93,4657.41,6617.23,3719.14,324.52,2898.09
04-Jan-2021,3800.22,5346.02,3722.54,2020.01,-1545.8,1702.53
05-Jan-2021,3518.05,1706.44,3670.0,3896.14,1811.61,-226.14
06-Jan-2021,3370.4,7813.21,2794.42,3490.43,-4442.81,-696.01
07-Jan-2021,3451.69,4909.02,4855.45,1739.32,-1457.33,3116.13
08-Jan-2021,8050.34,8984.2,3369.19,3439.25,-933.86,-70.06
11-Jan-2021,4946.83,4700.22,4065.63,5381.0,246.61,-1315.37
12-Jan-2021,5008.54,3585.06,2638.51,3769.29,1423.48,-1130.78
13-Jan-2021,10018.59,6400.12,6300.29,3517.44,3618.47,2782.85
14-Jan-2021,8710.64,3264.29,3605.73,2778.17,5446.35,827.56
15-Jan-2021,7519.95,6738.18,3026.44,4145.46,781.77,-1119.02
18-Jan-2021,10466.45,5174.52,3346.81,4395.81,5291.93,-1049.0
19-Jan-2021,8464.6,4086.75,2868.74,1636.5,4377.85,1232.24
20-Jan-2021,2659.21,5907.63,2260.05,2177.01,-3248.42,83.04
21-Jan-2021,4426.05,3488.61,6264.12,3761.57,937.44,2502.55
22-Jan-2021,3661.1,7605.65,3817.7,2780.34,-3944.55,1037.36
25-Jan-2021,6199.91,4373.17,3169.77,2682.52,1826.74,487.25
26-Jan-2021,1923.29,3665.17,5975.41,3116.37,-1741.88,2859.04
27-Jan-2021,4997.79,3097.14,4563.21,2857.61,1900.65,1705.6
28-Jan-2021,2012.27,3573.44,2326.2,3836.76,-1561.17,-1510.56
29-Jan-2021,4595.42,1097.93,3129.06,6115.07,3497.49,-2986.01
01-Feb-2021,5963.93,4506.34,4142.02,2713.44,1457.59,1428.58
02-Feb-2021,3591.82,3680.98,3358.32,3162.84,-89.16,195.48
03-Feb-2021,4660.42,2696.49,4777.63,2909.06,1963.93,1868.57
04-Feb-2021,4007.87,10623.79,2634.01,6958.66,-6615.92,-4324.65
05-Feb-2021,6005.67,2673.32,3419.0,3622.73,3332.35,-203.73
08-Feb-2021,3839.94,2253.71,5734.61,7108.69,1586.23,-1374.08
09-Feb-2021,2192.57,5967.92,3332.85,4020.66,-3775.35,-687.81
10-Feb-2021,9746.36,3681.48,5946.89,2028.6,6064.88,3918.29
11-Feb-2021,5002.98,5937.16,3387.13,2798.77,-934.18,588.36
12-Feb-2021,3289.17,1862.61,5714.29,2213.15,1426.56,3501.14
15-Feb-2021,7332.35,2872.67,3353.33,3791.96,4459.68,-438.63
16-Feb-2021,6542.98,8037.46,6748.53,2112.52,-1494.48,4636.01
17-Feb-2021,6277.09,1732.52,4685.91,4697.94,4544.57,-12.03
18-Feb-2021,4579.77,5703.47,6562.29,2399.92,-1123.7,4162.37
19-Feb-2021,4407.0,6650.03,4094.55,1752.13,-2243.03,2342.42
22-Feb-2021,13185.24,4866.15,4326.14,2604.28,8319.09,1721.86
23-Feb-2021,13972.21,7086.97,3277.46,1837.32,6885.24,1440.14
24-Feb-2021,3787.48,5770.41,2723.39,5732.51,-1982.93,-3009.12
25-Feb-2021,5461.81,6615.59,3068.53,4371.52,-1153.78,-1302.99
26-Feb-2021,3495.29,3448.81,3015.79,1969.46,46.48,1046.33
01-Mar-2021,7646.83,3101.75,2635.31,2958.71,4545.08,-323.4
02-Mar-2021,3499.66,2232.79,8305.46,2898.2,1266.87,5407.26
03-Mar-2021,6227.57,7064.82,6828.06,3429.54,-837.25,3398.52
04-Mar-2021,12156.05,4231.31,4705.56,3555.61,7924.74,1149.95
05-Mar-2021,3535.97,5810.54,2980.85,2298.31,-2274.57,682.54
08-Mar-2021,3043.36,6759.4,3172.99,2189.85,-3716.04,983.14
09-Mar-2021,3057.59,4884.53,4877.41,5236.14,-1826.94,-358.73
10-Mar-2021,4738.99,5237.07,2847.84,5594.31,-498.08,-2746.47
11-Mar-2021,7458.29,8480.26,3692.16,3877.44,-1021.97,-185.28
12-Mar-2021,6895.85,3639.45,3821.03,3529.3,3256.4,291.73
15-Mar-2021,3981.52,8582.45,3280.54,3054.43,-4600.93,226.11
16-Mar-2021,2360.48,5976.52,3766.71,3518.24,-3616.04,248.47
17-Mar-2021,3282.15,8873.55,2986.17,4789.21,-5591.4,-1803.04
18-Mar-2021,5850.27,4960.41,3448.32,5984.46,889.86,-2536.14
19-Mar-2021,7510.1,6429.31,3848.7,3711.44,1080.79,137.26
22-Mar-2021,5420.18,4750.7,5144.27,3231.09,669.48,1913.18
23-Mar-2021,1855.42,6932.81,6035.09,2128.96,-5077.39,3906.13
24-Mar-2021,10581.9,2019.14,3536.22,2414.07,8562.76,1122.15
25-Mar-2021,4051.9,11557.95,8939.76,8555.34,-7506.05,384.42
26-Mar-2021,5619.41,8477.75,3485.3,4155.08,-2858.34,-669.78
29-Mar-2021,4584.31,2341.51,2632.07,2065.41,2242.8,566.66
30-Mar-2021,3292.02,5167.48,2935.02,1538.65,-1875.46,1396.37
31-Mar-2021,6979.39,8329.61,14751.49,2605.0,-1350.22,12146.49
01-Apr-2021,3648.46,2337.59,1451.06,3976.18,1310.87,-2525.12
02-Apr-2021,5752.33,3876.82,5829.62,2834.01,1875.51,2995.61
05-Apr-2021,7540.65,3798.81,4454.16,3921.03,3741.84,533.13
06-Apr-2021,3500.8,3215.73,4893.69,2840.76,285.07,2052.93
07-Apr-2021,5108.08,4910.64,3262.39,3575.14,197.44,-312.75
08-Apr-2021,4949.63,4057.29,2500.84,2992.31,892.34,-491.47
09-Apr-2021,5007.52,2747.65,4463.41,4129.68,2259.87,333.73
12-Apr-2021,2565.29,10923.23,4544.19,3966.37,-8357.94,577.82
13-Apr-2021,5653.29,7709.02,2326.17,1938.43,-2055.73,387.74
14-Apr-2021,5548.51,6840.2,4068.61,2566.66,-1291.69,1501.95
15-Apr-2021,2955.82,2829.23,1089.26,4219.44,126.59,-3130.18
16-Apr-2021,6009.2,3651.37,3881.06,4100.75,2357.83,-219.69
19-Apr-2021,2059.58,5951.76,3697.75,4674.5,-3892.18,-976.75
20-Apr-2021,4151.55,4054.93,7266.99,3407.18,96.62,3859.81
21-Apr-2021,4462.72,4404.91,3630.79,3428.53,57.81,202.26
22-Apr-2021,7872.12,4396.54,3689.96,3424.2,3475.58,265.76
23-Apr-2021,3654.78,3085.26,3680.11,2823.07,569.52,857.04
26-Apr-2021,4501.17,5180.05,4672.43,2298.4,-678.88,2374.03
27-Apr-2021,4606.95,3477.34,4805.56,5296.55,1129.61,-490.99
28-Apr-2021,3976.14,4683.33,2970.72,2681.26,-707.19,289.46
29-Apr-2021,4283.4,6304.82,2887.39,1663.62,-2021.42,1223.77
30-Apr-2021,4132.52,5299.91,2619.03,5428.32,-1167.39,-2809.29
03-May-2021,5186.02,4751.22,2117.85,4557.32,434.8,-2439.47
04-May-2021,7422.94,3538.99,2337.08,2110.04,3883.95,227.04
05-May-2021,7392.23,8100.01,2098.68,2880.96,-707.78,-782.28
06-May-2021,3110.52,11157.37,2598.82,3994.38,-8046.85,-1395.56
07-May-2021,2477.99,5546.82,2815.91,3363.08,-3068.83,-547.17
10-May-2021,3812.06,5887.05,2464.93,3402.36,-2074.99,-937.43
11-May-2021,2212.52,2687.59,2624.11,2638.86,-475.07,-14.75
12-May-2021,5441.67,4438.6,3797.9,3823.21,1003.07,-25.31
13-May-2021,4701.95,4180.89,3654.24,4145.91,521.06,-491.67
14-May-2021,1659.73,3906.85,3373.52,3593.61,-2247.12,-220.09
17-May-2021,3690.73,3780.14,7347.22,3578.79,-89.41,3768.43
18-May-2021,6321.09,7489.58,3168.83,3753.99,-1168.49,-585.16
19-May-2021,4386.71,4008.74,3412.72,5155.18,377.97,-1742.46
20-May-2021,2665.26,7438.87,2443.01,2196.89,-4773.61,246.12
21-May-2021,3381.68,4772.75,2357.07,2843.81,-1391.07,-486.74
24-May-2021,2195.55,2000.05,3269.47,5500.06,195.5,-2230.59
25-May-2021,6277.74,6428.63,2598.99,5323.61,-150.89,-2724.62
26-May-2021,3342.81,5474.99,3017.9,2572.6,-2132.18,445.3
27-May-2021,6749.45,3940.13,5227.94,5223.79,2809.32,4.15
28-May-2021,2978.44,4073.18,4971.86,4577.65,-1094.74,394.21
31-May-2021,3517.15,7480.9,4175.09,2485.24,-3963.75,1689.85
01-Jun-2021,3065.66,4913.7,2991.08,4577.4,-1848.04,-1586.32
02-Jun-2021,5669.43,4261.05,2208.08,2104.14,1408.38,103.94
03-Jun-2021,9207.17,5192.96,3123.17,2820.2,4014.21,302.97
04-Jun-2021,3364.29,1479.8,5448.04,3884.8,1884.49,1563.24
07-Jun-2021,6874.94,8203.57,2658.36,3906.78,-1328.63,-1248.42
08-Jun-2021,7089.3,2964.17,3760.48,3384.91,4125.13,375.57
09-Jun-2021,3676.77,7929.95,3259.77,2296.26,-4253.18,963.51
10-Jun-2021,5867.54,6877.32,5786.8,3208.76,-1009.78,2578.04
11-Jun-2021,2559.14,7843.0,3885.51,2925.35,-5283.86,960.16
14-Jun-2021,7343.47,3198.6,1896.63,3000.2,4144.87,-1103.57
15-Jun-2021,4267.93,8455.35,5509.35,3425.26,-4187.42,2084.09
16-Jun-2021,7705.85,5407.51,2946.3,3648.14,2298.34,-701.84
17-Jun-2021,2716.8,3335.36,5032.11,3452.94,-618.56,1579.17
18-Jun-2021,9298.77,5167.31,2913.88,3777.91,4131.46,-864.03
21-Jun-2021,10035.39,8478.6,2767.33,6833.36,1556.79,-4066.03
22-Jun-2021,3335.37,1892.88,3520.07,3591.48,1442.49,-71.41
23-Jun-2021,8303.41,2764.49,5624.05,3841.76,5538.92,1782.29
24-Jun-2021,4432.02,4063.99,3348.73,1859.31,368.03,1489.42
25-Jun-2021,2402.01,2034.76,3589.74,5282.83,367.25,-1693.09
28-Jun-2021,4008.26,6782.92,5244.97,2861.19,-2774.66,2383.78
29-Jun-2021,5533.53,3945.7,2944.55,2750.14,1587.83,194.41
30-Jun-2021,5896.87,4831.67,2846.22,4680.03,1065.2,-1833.81
01-Jul-2021,7586.75,2465.48,9755.19,4351.16,5121.27,5404.03
02-Jul-2021,3115.23,2783.04,4542.09,4751.49,332.19,-209.4
05-Jul-2021,5680.74,4503.8,4309.95,1481.34,1176.94,2828.61
06-Jul-2021,6452.97,6011.31,4308.42,4246.44,441.66,61.98
07-Jul-2021,2788.95,2316.1,7484.78,7468.47,472.85,16.31
08-Jul-2021,3572.34,3244.79,6451.63,2515.35,327.55,3936.28
09-Jul-2021,7279.89,5092.49,5917.66,3351.17,2187.4,2566.49
12-Jul-2021,7032.37,3637.97,4632.68,2676.34,3394.4,1956.34
13-Jul-2021,1938.85,2034.92,5715.78,2221.51,-96.07,3494.27
14-Jul-2021,4736.33,3594.39,5071.86,2100.26,1141.94,2971.6
15-Jul-2021,8594.96,10281.31,5843.07,3666.23,-1686.35,2176.84
16-Jul-2021,5674.63,3967.46,3127.79,2043.94,1707.17,1083.85
19-Jul-2021,4071.62,4072.41,3185.73,2637.32,-0.79,548.41
20-Jul-2021,5049.1,7911.25,5862.54,5152.95,-2862.15,709.59
21-Jul-2021,2996.9,1886.18,2518.79,3659.24,1110.72,-1140.45
22-Jul-2021,2362.56,4195.46,2580.22,5343.8,-1832.9,-2763.58
23-Jul-2021,5000.6,2047.31,4260.0,2591.57,2953.29,1668.43
26-Jul-2021,11205.91,12159.88,5756.47,2505.82,-953.97,3250.65
27-Jul-2021,4514.91,3114.08,2775.3,2178.47,1400.83,596.83
28-Jul-2021,5355.19,3960.58,3861.54,2305.27,1394.61,1556.27
29-Jul-2021,3592.71,3119.74,3500.59,3141.81,472.97,358.78
30-Jul-2021,2516.43,2486.01,6769.99,3974.54,30.42,2795.45
02-Aug-2021,4623.52,3403.4,3724.38,1503.72,1220.12,2220.66
03-Aug-2021,7724.88,3954.81,6800.59,4993.75,3770.07,1806.84
04-Aug-2021,4885.34,5267.49,4329.32,4024.18,-382.15,305.14
05-Aug-2021,2804.3,6131.78,5084.57,4093.16,-3327.48,991.41
06-Aug-2021,2607.98,3274.76,2330.33,4774.57,-666.78,-2444.24
09-Aug-2021,3344.52,9326.26,2469.47,3267.27,-5981.74,-797.8
10-Aug-2021,13900.69,3363.7,5552.08,2371.86,10536.99,3180.22
11-Aug-2021,5618.51,4016.23,3670.41,3099.05,1602.28,571.36
12-Aug-2021,3599.38,6600.46,3869.92,1891.62,-3001.08,1978.3
13-Aug-2021,6833.73,3186.94,3184.21,2106.23,3646.79,1077.98
16-Aug-2021,10295.47,7980.97,3624.0,2031.14,2314.5,1592.86
17-Aug-2021,2397.73,7093.09,7149.55,3566.13,-4695.36,3583.42
18-Aug-2021,5796.58,3642.44,4223.65,3159.03,2154.14,1064.62
19-Aug-2021,6538.95,6155.57,1986.08,1963.33,383.38,22.75
20-Aug-2021,3761.92,3546.54,4181.14,2673.4,215.38,1507.74
23-Aug-2021,5396.57,3578.48,3700.06,2977.54,1818.09,722.52
24-Aug-2021,9924.21,4839.93,3622.97,1338.59,5084.28,2284.38
25-Aug-2021,4835.19,3746.93,4601.65,4860.68,1088.26,-259.03
26-Aug-2021,4550.29,6323.84,2591.01,6608.95,-1773.55,-4017.94
27-Aug-2021,7016.85,8993.76,5719.34,8239.64,-1976.91,-2520.3
30-Aug-2021,5885.78,2851.79,3265.54,1963.26,3033.99,1302.28
31-Aug-2021,11570.58,2848.26,4352.72,3860.54,8722.32,492.18
01-Sep-2021,3748.77,9257.41,2717.06,3441.06,-5508.64,-724.0
02-Sep-2021,7681.59,3092.46,2293.45,3757.09,4589.13,-1463.64
03-Sep-2021,2865.92,6069.8,4381.08,2402.48,-3203.88,1978.6
06-Sep-2021,7143.28,2675.75,2280.51,3079.9,4467.53,-799.39
07-Sep-2021,3039.59,5929.95,3964.33,6190.41,-2890.36,-2226.08
08-Sep-2021,5941.03,6484.52,4745.11,4854.44,-543.49,-109.33
09-Sep-2021,3530.18,3376.45,4427.76,4248.81,153.73,178.95
10-Sep-2021,6192.91,2676.67,1624.68,2085.31,3516.24,-460.63
13-Sep-2021,3141.69,4779.02,2165.9,2642.91,-1637.33,-477.01
14-Sep-2021,5129.99,5060.15,3929.44,2074.82,69.84,1854.62
15-Sep-2021,6417.05,3324.0,3319.08,2794.46,3093.05,524.62
16-Sep-2021,4007.86,4632.12,4472.2,5090.51,-624.26,-618.31
17-Sep-2021,2933.24,4424.32,6013.84,1463.21,-1491.08,4550.63
20-Sep-2021,3014.42,4011.72,5596.89,2579.51,-997.3,3017.38
21-Sep-2021,1971.76,4086.48,4219.29,3356.13,-2114.72,863.16
22-Sep-2021,8071.74,3011.64,5442.29,4757.91,5060.1,684.38
23-Sep-2021,6821.58,1910.59,3804.75,4197.35,4910.99,-392.6
24-Sep-2021,3635.24,2627.44,3165.57,1861.18,1007.8,1304.39
27-Sep-2021,5341.66,4310.46,5889.84,2551.62,1031.2,3338.22
28-Sep-2021,6303.64,6743.22,2464.58,6030.92,-439.58,-3566.34
29-Sep-2021,4967.74,3749.49,3879.27,2744.18,1218.25,1135.09
30-Sep-2021,2820.22,4161.52,2733.25,3502.45,-1341.3,-769.2
01-Oct-2021,2547.81,4733.25,4168.77,3724.31,-2185.44,444.46
04-Oct-2021,6734.04,4406.65,3256.57,3068.13,2327.39,188.44
05-Oct-2021,6601.86,3810.88,1879.88,3129.95,2790.98,-1250.07
06-Oct-2021,3568.23,5475.4,4060.23,3537.28,-1907.17,522.95
07-Oct-2021,6924.66,3571.56,4452.19,5225.81,3353.1,-773.62
08-Oct-2021,4441.52,975.77,7235.63,2484.17,3465.75,4751.46
11-Oct-2021,4403.74,8571.44,2495.45,2739.83,-4167.7,-244.38
12-Oct-2021,7550.06,6189.47,7990.26,3434.15,1360.59,4556.11
13-Oct-2021,3411.25,2963.25,3278.53,4105.63,448.0,-827.1
14-Oct-2021,3313.37,4096.26,6923.16,2830.25,-782.89,4092.91
15-Oct-2021,2633.59,5362.5,3296.34,3727.79,-2728.91,-431.45
18-Oct-2021,6035.97,2938.0,4473.9,3026.29,3097.97,1447.61
19-Oct-2021,2370.76,3667.95,3260.5,5123.14,-1297.19,-1862.64
20-Oct-2021,4641.26,2872.04,7532.98,2969.0,1769.22,4563.98
21-Oct-2021,2492.29,3454.07,7750.27,2566.91,-961.78,5183.36
22-Oct-2021,3137.32,3751.17,3977.58,5240.94,-613.85,-1263.36
25-Oct-2021,2513.46,6233.69,2538.16,2345.86,-3720.23,192.3
26-Oct-2021,1865.68,4559.67,2684.29,2031.37,-2693.99,652.92
27-Oct-2021,2547.88,7267.75,4513.41,4918.98,-4719.87,-405.57
28-Oct-2021,4114.1,3081.18,2776.18,3112.73,1032.92,-336.55
29-Oct-2021,5034.81,5204.05,2686.02,4222.57,-169.24,-1536.55
01-Nov-2021,1635.36,5253.47,4322.72,3816.24,-3618.11,506.48
02-Nov-2021,14542.58,10158.61,2947.96,1950.47,4383.97,997.49
03-Nov-2021,8128.3,6977.05,3569.28,3240.07,1151.25,329.21
04-Nov-2021,5917.22,5544.28,3922.33,4917.45,372.94,-995.12
05-Nov-2021,4168.08,2151.37,3330.18,4085.19,2016.71,-755.01
08-Nov-2021,3602.32,4306.67,6214.1,6542.11,-704.35,-328.01
09-Nov-2021,4578.13,3299.12,2112.06,3130.8,1279.01,-1018.74
10-Nov-2021,2071.85,7662.6,3784.29,4925.16,-5590.75,-1140.87
11-Nov-2021,6359.08,6187.3,2694.66,2592.57,171.78,102.09
12-Nov-2021,5241.39,3147.12,4927.51,4128.63,2094.27,798.88
15-Nov-2021,3817.9,1842.79,4002.56,1644.27,1975.11,2358.29
16-Nov-2021,2718.45,7724.55,2763.92,8093.14,-5006.1,-5329.22
17-Nov-2021,5000.07,3059.06,3748.25,3455.28,1941.01,292.97
18-Nov-2021,2121.64,5756.61,7745.31,3918.64,-3634.97,3826.67
19-Nov-2021,3710.04,5131.5,7413.28,3807.81,-1421.46,3605.47
22-Nov-2021,7108.72,3270.73,13205.01,4360.98,3837.99,8844.03
23-Nov-2021,7957.96,18840.44,2033.65,4002.26,-10882.48,-1968.61
24-Nov-2021,6904.01,5354.38,5043.42,3896.89,1549.63,1146.53
25-Nov-2021,4110.93,8195.52,3854.07,3865.64,-4084.59,-11.57
26-Nov-2021,2506.79,4350.74,3720.22,5123.67,-1843.95,-1403.45
29-Nov-2021,6436.26,4558.39,3378.99,4650.12,1877.87,-1271.13
30-Nov-2021,4308.61,2311.75,3684.71,4253.41,1996.86,-568.7
01-Dec-2021,10534.12,6688.18,2450.3,4712.97,3845.94,-2262.67
02-Dec-2021,6563.97,4142.11,4105.85,3823.61,2421.86,282.24
03-Dec-2021,7019.82,3266.56,2769.07,1755.8,3753.26,1013.27
06-Dec-2021,3318.32,3739.4,4275.24,3987.49,-421.08,287.75
07-Dec-2021,6132.08,8535.13,6563.87,1150.25,-2403.05,5413.62
08-Dec-2021,5973.79,3677.32,3455.3,3313.67,2296.47,141.63
09-Dec-2021,3266.16,2020.98,3417.68,2273.26,1245.18,1144.42
10-Dec-2021,8262.56,7697.9,4267.24,4303.96,564.66,-36.72
13-Dec-2021,9206.12,4486.81,2750.81,3080.77,4719.31,-329.96
14-Dec-2021,1680.88,4227.95,3626.97,3169.5,-2547.07,457.47
15-Dec-2021,4847.86,2578.29,3748.9,5699.05,2269.57,-1950.15
16-Dec-2021,4114.82,3506.2,3746.85,3777.84,608.62,-30.99
17-Dec-2021,4033.28,3465.22,5297.32,5093.93,568.06,203.39
20-Dec-2021,6236.17,2126.94,3242.98,3864.31,4109.23,-621.33
21-Dec-2021,10903.1,5933.16,2819.27,4804.96,4969.94,-1985.69
22-Dec-2021,4428.04,2583.0,4692.64,3667.86,1845.04,1024.78
23-Dec-2021,2076.81,2951.9,3655.81,2971.21,-875.09,684.6
24-Dec-2021,3080.03,4606.21,3675.19,4903.14,-1526.18,-1227.95
27-Dec-2021,3937.14,2458.02,4743.2,2560.06,1479.12,2183.14
28-Dec-2021,5629.11,6781.02,5144.38,3637.7,-1151.91,1506.68
29-Dec-2021,4073.73,3790.32,3945.35,3514.99,283.41,430.36
30-Dec-2021,7449.4,1699.69,5904.65,5219.66,5749.71,684.99
31-Dec-2021,3471.86,2611.13,4804.82,2636.34,860.73,2168.48
03-Jan-2022,2986.81,3516.61,3969.15,2527.62,-529.8,1441.53
04-Jan-2022,1500.9,7961.67,3947.75,4386.87,-6460.77,-439.12
05-Jan-2022,4195.67,5036.94,3629.55,2990.51,-841.27,639.04
06-Jan-2022,3591.27,4395.02,5566.96,2243.55,-803.75,3323.41
07-Jan-2022,12040.15,2801.81,5701.36,5162.55,9238.34,538.81
10-Jan-2022,6575.28,3497.8,3980.01,5181.79,3077.48,-1201.78
11-Jan-2022,5591.17,3123.99,6107.96,2112.71,2467.18,3995.25
12-Jan-2022,1951.18,2799.19,3234.25,3802.73,-848.01,-568.48
13-Jan-2022,5614.64,4014.32,4407.38,2474.48,1600.32,1932.9
14-Jan-2022,7587.85,3495.16,2074.62,3182.14,4092.69,-1107.52
17-Jan-2022,3237.99,4275.79,4228.26,2978.09,-1037.8,1250.17
18-Jan-2022,3557.41,4133.97,6140.6,2851.34,-576.56,3289.26
19-Jan-2022,5430.62,1958.65,2604.56,3640.2,3471.97,-1035.64
20-Jan-2022,4696.2,5563.71,6442.9,2521.92,-867.51,3920.98
21-Jan-2022,4002.59,5533.37,2881.91,4114.56,-1530.78,-1232.65
24-Jan-2022,4847.31,2996.42,7428.95,4580.49,1850.89,2848.46
25-Jan-2022,3761.0,3666.43,2549.17,4188.77,94.57,-1639.6
26-Jan-2022,12846.61,3463.36,4440.62,3695.05,9383.25,745.57
27-Jan-2022,4227.02,4763.39,4156.97,2291.78,-536.37,1865.19
28-Jan-2022,2706.82,4447.44,2744.06,5887.84,-1740.62,-3143.78
31-Jan-2022,6407.91,4294.87,5470.29,3810.54,2113.04,1659.75
01-Feb-2022,3597.26,5224.58,2328.35,4471.72,-1627.32,-2143.37
02-Feb-2022,3335.35,3338.69,1976.67,5135.36,-3.34,-3158.69
03-Feb-2022,6557.63,7135.43,4450.68,3923.37,-577.8,527.31
04-Feb-2022,4646.8,5761.9,2065.06,1619.83,-1115.1,445.23
07-Feb-2022,7045.65,8762.49,4188.26,3123.76,-1716.84,1064.5
08-Feb-2022,3235.91,6901.73,4758.91,2638.06,-3665.82,2120.85
09-Feb-2022,6501.91,3822.69,3143.55,2823.07,2679.22,320.48
10-Feb-2022,4620.23,4879.85,3384.47,1878.93,-259.62,1505.54
11-Feb-2022,4221.43,3085.8,3400.94,4049.19,1135.63,-648.25
14-Feb-2022,5254.07,4093.49,3994.08,4033.32,1160.58,-39.24
15-Feb-2022,5508.31,7652.61,5045.42,2557.35,-2144.3,2488.07
16-Feb-2022,4640.57,3807.78,9914.84,3479.67,832.79,6435.17
17-Feb-2022,5266.75,5483.17,4117.94,3391.28,-216.42,726.66
18-Feb-2022,6525.02,4121.77,3046.28,2722.42,2403.25,323.86
21-Feb-2022,4237.86,3312.16,5514.57,3267.11,925.7,2247.46
22-Feb-2022,4573.26,4619.57,4983.65,2237.01,-46.31,2746.64
23-Feb-2022,5100.3,9407.0,3719.78,3327.13,-4306.7,392.65
24-Feb-2022,4650.03,2261.41,5322.76,5019.14,2388.62,303.62
25-Feb-2022,6497.34,5681.37,1468.94,2638.91,815.97,-1169.97
28-Feb-2022,2891.33,6989.53,2894.24,2778.77,-4098.2,115.47
01-Mar-2022,2182.58,2372.37,3080.96,3860.39,-189.79,-779.43
02-Mar-2022,2948.16,2926.68,5699.51,5593.12,21.48,106.39
03-Mar-2022,2190.72,6228.57,4767.86,2159.57,-4037.85,2608.29
04-Mar-2022,6239.02,5603.52,4486.75,1247.12,635.5,3239.63
07-Mar-2022,6146.83,3519.23,3050.07,4659.2,2627.6,-1609.13
08-Mar-2022,6189.86,4294.38,2811.15,3815.8,1895.48,-1004.65
09-Mar-2022,15162.6,10016.52,5896.62,4658.66,5146.08,1237.96
10-Mar-2022,2678.55,7720.7,4031.64,5325.44,-5042.15,-1293.8
11-Mar-2022,5635.64,4842.24,851.96,7141.17,793.4,-6289.21
14-Mar-2022,4718.26,2331.27,1947.06,2763.47,2386.99,-816.41
15-Mar-2022,3440.97,3888.76,7248.09,4023.46,-447.79,3224.63
16-Mar-2022,4294.71,2720.88,7375.63,1705.76,1573.83,5669.87
17-Mar-2022,3773.45,2563.39,5619.72,3665.51,1210.06,1954.21
18-Mar-2022,2950.09,3342.41,2618.95,3556.74,-392.32,-937.79
21-Mar-2022,6655.77,2951.09,4366.76,3865.03,3704.68,501.73
22-Mar-2022,2648.89,5355.87,4900.73,4433.84,-2706.98,466.89
23-Mar-2022,4056.43,2622.32,3440.38,2298.87,1434.11,1141.51
24-Mar-2022,2204.14,4170.1,3163.44,2457.75,-1965.96,705.69
25-Mar-2022,6397.83,4212.17,4320.12,6668.89,2185.66,-2348.77
28-Mar-2022,4221.73,7213.43,3021.36,3107.06,-2991.7,-85.7
29-Mar-2022,6368.81,5139.79,4974.12,3963.48,1229.02,1010.64
30-Mar-2022,5113.15,2695.35,4075.83,4477.2,2417.8,-401.37
31-Mar-2022,3453.77,4701.67,1665.65,3804.66,-1247.9,-2139.01
01-Apr-2022,6488.57,2712.12,4528.51,5425.83,3776.45,-897.32
04-Apr-2022,5276.63,4143.35,6179.28,3936.37,1133.28,2242.91
05-Apr-2022,1572.3,6712.73,4960.22,3142.23,-5140.43,1817.99
06-Apr-2022,3831.82,1991.53,3501.39,3836.98,1840.29,-335.59
07-Apr-2022,2996.1,13909.57,5180.95,6034.74,-10913.47,-853.79
08-Apr-2022,3448.03,2093.99,2970.69,5605.24,1354.04,-2634.55
11-Apr-2022,3493.4,7108.29,4728.3,4723.14,-3614.89,5.16
12-Apr-2022,2659.4,4282.05,3638.88,4792.45,-1622.65,-1153.57
13-Apr-2022,2231.44,3094.47,3121.68,3999.97,-863.03,-878.29
14-Apr-2022,2739.89,2506.79,7718.44,4953.18,233.1,2765.26
15-Apr-2022,4304.32,10566.72,2041.71,6383.51,-6262.4,-4341.8
18-Apr-2022,4288.34,3364.54,2754.7,1960.13,923.8,794.57
19-Apr-2022,4321.08,5266.33,8143.31,3776.3,-945.25,4367.01
20-Apr-2022,4955.3,8680.16,1932.38,2986.65,-3724.86,-1054.27
21-Apr-2022,8805.02,4171.19,3939.95,6722.19,4633.83,-2782.24
22-Apr-2022,3960.28,4954.81,4775.48,3543.31,-994.53,1232.17
25-Apr-2022,7025.11,1402.01,3786.91,6350.39,5623.1,-2563.48
26-Apr-2022,5180.2,6546.72,3330.25,3814.06,-1366.52,-483.81
27-Apr-2022,2834.74,5859.14,2814.5,1988.65,-3024.4,825.85
28-Apr-2022,6222.42,2113.67,2663.39,3843.31,4108.75,-1179.92
29-Apr-2022,5926.2,5644.51,4859.55,6172.64,281.69,-1313.09
02-May-2022,1589.24,6510.75,3155.56,2020.63,-4921.51,1134.93
03-May-2022,2623.18,10757.99,2786.12,3499.88,-8134.81,-713.76
04-May-2022,13929.09,5952.49,5589.97,2856.81,7976.6,2733.16
05-May-2022,3169.89,2891.46,3967.34,3364.15,278.43,603.19
06-May-2022,2947.68,5827.73,4834.98,1183.07,-2880.05,3651.91
09-May-2022,4996.3,5870.77,2797.93,2386.85,-874.47,411.08
10-May-2022,5860.29,5075.97,4478.54,6862.7,784.32,-2384.16
11-May-2022,4133.82,2156.49,4492.94,2981.19,1977.33,1511.75
12-May-2022,4476.19,3042.98,2799.52,2993.07,1433.21,-193.55
13-May-2022,2389.35,4577.09,3785.28,3399.46,-2187.74,385.82
16-May-2022,4087.34,2972.58,7484.23,2941.01,1114.76,4543.22
17-May-2022,1893.94,8310.47,5289.81,5567.11,-6416.53,-277.3
18-May-2022,7300.37,3344.37,3717.4,1640.99,3956.0,2076.41
19-May-2022,1997.55,10311.09,2540.54,3458.61,-8313.54,-918.07
20-May-2022,4396.21,3508.27,6204.79,2262.39,887.94,3942.4
23-May-2022,1443.59,2841.33,2770.57,5902.34,-1397.74,-3131.77
24-May-2022,4458.75,3139.22,5031.35,3377.7,1319.53,1653.65
25-May-2022,2994.0,4769.24,2363.04,5545.78,-1775.24,-3182.74
26-May-2022,7601.7,3283.32,1823.97,2222.44,4318.38,-398.47
27-May-2022,5308.31,6643.75,3308.07,4002.32,-1335.44,-694.25
30-May-2022,7322.68,5396.08,2198.92,4083.15,1926.6,-1884.23
31-May-2022,3425.35,5549.51,1681.83,4283.46,-2124.16,-2601.63
01-Jun-2022,4877.19,4565.89,6480.34,2594.11,311.3,3886.23
02-Jun-2022,2629.06,3392.18,5889.76,3841.77,-763.12,2047.99
03-Jun-2022,3628.88,4714.14,1580.47,10382.72,-1085.26,-8802.25
06-Jun-2022,5232.63,4132.68,4645.52,3524.24,1099.95,1121.28
07-Jun-2022,3499.51,9279.26,2543.16,2479.95,-5779.75,63.21
08-Jun-2022,5538.98,2981.37,7185.59,3128.04,2557.61,4057.55
09-Jun-2022,3703.15,7695.79,2477.32,3894.84,-3992.64,-1417.52
10-Jun-2022,2778.91,3893.73,2486.98,7622.29,-1114.82,-5135.31
13-Jun-2022,3608.61,6828.04,4175.03,2187.5,-3219.43,1987.53
14-Jun-2022,4486.43,5934.2,2536.13,3868.88,-1447.77,-1332.75
15-Jun-2022,3224.71,6232.19,2349.04,5542.04,-3007.48,-3193.0
16-Jun-2022,4492.23,2913.62,4372.09,4805.17,1578.61,-433.08
17-Jun-2022,1174.38,7313.61,3396.96,1540.51,-6139.23,1856.45
20-Jun-2022,3090.28,6202.17,5097.78,3777.67,-3111.89,1320.11
21-Jun-2022,7396.33,2518.16,2767.68,8052.34,4878.17,-5284.66
22-Jun-2022,11156.76,10889.13,4432.13,2715.63,267.63,1716.5
23-Jun-2022,6318.8,5900.39,6184.95,3090.78,418.41,3094.17
24-Jun-2022,3912.45,2605.16,9254.76,3695.21,1307.29,5559.55
27-Jun-2022,4624.97,11589.74,2511.36,5999.21,-6964.77,-3487.85
28-Jun-2022,4077.94,3470.54,3982.43,2892.9,607.4,1089.53
29-Jun-2022,4053.61,4692.51,4022.98,1954.64,-638.9,2068.34
30-Jun-2022,6859.54,5290.84,3850.27,5643.77,1568.7,-1793.5
01-Jul-2022,8581.52,5316.62,4401.5,3380.36,3264.9,1021.14
04-Jul-2022,1662.39,6373.36,4126.49,3651.38,-4710.97,475.11
05-Jul-2022,5873.11,6361.72,3012.4,2819.34,-488.61,193.06
06-Jul-2022,8415.46,6390.02,2483.91,4105.52,2025.44,-1621.61
07-Jul-2022,10756.84,6327.64,4516.49,1706.84,4429.2,2809.65
08-Jul-2022,2936.2,3647.48,3572.0,3132.67,-711.28,439.33
11-Jul-2022,5389.75,5318.08,4379.32,2201.33,71.67,2177.99
12-Jul-2022,4925.64,4074.92,3199.84,1556.09,850.72,1643.75
13-Jul-2022,5040.5,2461.44,3540.11,2111.38,2579.06,1428.73
14-Jul-2022,16357.69,11513.45,3063.35,3043.99,4844.24,19.36
15-Jul-2022,7261.98,2613.59,3725.46,4373.28,4648.39,-647.82
18-Jul-2022,4568.28,5062.09,6371.13,2377.31,-493.81,3993.82
19-Jul-2022,3871.89,2873.64,1280.38,2375.22,998.25,-1094.84
20-Jul-2022,2762.7,3535.57,7424.9,5792.55,-772.87,1632.35
21-Jul-2022,4777.06,7543.19,3974.71,4896.55,-2766.13,-921.84
22-Jul-2022,6666.82,4994.74,5579.89,5644.27,1672.08,-64.38
25-Jul-2022,4867.52,4808.6,2770.45,2398.95,58.92,371.5
26-Jul-2022,4267.84,4027.49,5100.06,2777.85,240.35,2322.21
27-Jul-2022,2682.07,1822.28,2833.86,2214.19,859.79,619.67
28-Jul-2022,5678.35,4682.34,3604.96,3473.7,996.01,131.26
29-Jul-2022,3452.78,2925.9,5450.32,1996.72,526.88,3453.6
01-Aug-2022,2976.12,1840.57,4729.25,1715.52,1135.55,3013.73
02-Aug-2022,4036.7,2819.08,5241.57,4643.19,1217.62,598.38
03-Aug-2022,7329.75,3548.93,3444.27,3330.17,3780.82,114.1
04-Aug-2022,2733.07,8040.37,2146.93,1465.32,-5307.3,681.61
05-Aug-2022,2908.21,1333.59,4500.22,3835.68,1574.62,664.54
08-Aug-2022,6758.21,4871.76,2624.57,4887.59,1886.45,-2263.02
09-Aug-2022,2851.78,7113.44,3817.44,7186.19,-4261.66,-3368.75
10-Aug-2022,1289.98,9205.81,3871.84,2983.41,-7915.83,888.43
11-Aug-2022,4744.18,2598.96,3513.39,2983.46,2145.22,529.93
12-Aug-2022,8562.56,7054.31,4432.74,3231.18,1508.25,1201.56
15-Aug-2022,2997.51,3726.09,3166.48,4767.67,-728.58,-1601.19
16-Aug-2022,5302.31,6565.0,4204.64,4332.52,-1262.69,-127.88
17-Aug-2022,12606.86,6489.13,2598.34,3210.6,6117.73,-612.26
18-Aug-2022,2718.51,3775.63,5877.02,1919.82,-1057.12,3957.2
19-Aug-2022,6559.75,7191.53,3128.23,2523.13,-631.78,605.1
22-Aug-2022,4001.28,5312.61,5002.1,3259.98,-1311.33,1742.12
23-Aug-2022,5335.02,7506.57,2717.65,2734.53,-2171.55,-16.88
24-Aug-2022,1904.09,4142.67,5849.68,2427.43,-2238.58,3422.25
25-Aug-2022,2942.96,4029.92,1649.66,3341.04,-1086.96,-1691.38
26-Aug-2022,2600.65,3242.77,2115.32,3286.36,-642.12,-1171.04
29-Aug-2022,2585.74,7118.45,3708.12,6195.0,-4532.71,-2486.88
30-Aug-2022,5692.11,6151.24,3906.37,5938.33,-459.13,-2031.96
31-Aug-2022,5409.66,2329.12,4108.99,8701.93,3080.54,-4592.94
01-Sep-2022,3383.28,2433.69,7875.22,3381.59,949.59,4493.63
02-Sep-2022,5479.32,4465.91,3935.06,1726.37,1013.41,2208.69
05-Sep-2022,9964.79,4959.99,4010.51,3601.06,5004.8,409.45
06-Sep-2022,8307.95,4711.68,2565.45,2974.85,3596.27,-409.4
07-Sep-2022,3926.18,5496.6,1549.58,2678.3,-1570.42,-1128.72
08-Sep-2022,3727.8,5148.27,4523.31,4471.91,-1420.47,51.4
09-Sep-2022,2973.46,7033.73,2880.24,4071.32,-4060.27,-1191.08
12-Sep-2022,10750.3,2622.52,3810.98,5442.5,8127.78,-1631.52
13-Sep-2022,6599.1,5164.09,7493.44,4884.78,1435.01,2608.66
14-Sep-2022,2879.65,5940.01,6263.0,3133.69,-3060.36,3129.31
15-Sep-2022,2344.28,5447.02,5431.78,2621.28,-3102.74,2810.5
16-Sep-2022,8516.47,5527.58,2772.5,3837.47,2988.89,-1064.97
19-Sep-2022,4029.34,5463.52,2380.59,3892.95,-1434.18,-1512.36
20-Sep-2022,2883.33,4670.13,5388.26,6165.88,-1786.8,-777.62
21-Sep-2022,10248.02,2874.79,2553.39,6291.35,7373.23,-3737.96
22-Sep-2022,3248.4,3524.96,3369.93,5369.73,-276.56,-1999.8
23-Sep-2022,6172.46,5487.48,5538.03,1906.17,684.98,3631.86
26-Sep-2022,6443.77,5006.47,1675.05,3386.92,1437.3,-1711.87
27-Sep-2022,2615.22,2555.62,2467.55,2127.47,59.6,340.08
28-Sep-2022,2879.31,3794.84,2313.94,3395.27,-915.53,-1081.33
29-Sep-2022,5148.5,7703.88,5176.85,1108.06,-2555.38,4068.79
30-Sep-2022,2131.98,2617.36,3884.08,4424.22,-485.38,-540.14
03-Oct-2022,2410.9,7304.02,4588.43,5355.86,-4893.12,-767.43
04-Oct-2022,6371.56,3437.38,2609.97,5025.36,2934.18,-2415.39
05-Oct-2022,4608.09,3168.42,2808.82,4083.34,1439.67,-1274.52
06-Oct-2022,5369.98,3776.57,3589.58,3804.46,1593.41,-214.88
07-Oct-2022,5586.49,6582.24,5181.95,4795.73,-995.75,386.22
10-Oct-2022,7706.12,5247.92,2677.61,4103.62,2458.2,-1426.01
11-Oct-2022,8156.21,1228.5,4511.83,2223.17,6927.71,2288.66
12-Oct-2022,9499.44,6711.64,5058.12,2488.87,2787.8,2569.25
13-Oct-2022,4463.35,4894.03,3281.13,5057.56,-430.68,-1776.43
14-Oct-2022,5569.05,6999.63,3763.83,2327.88,-1430.58,1435.95
17-Oct-2022,7808.56,5616.73,9567.26,4289.01,2191.83,5278.25
18-Oct-2022,6502.25,4413.93,2479.23,3847.12,2088.32,-1367.89
19-Oct-2022,8578.18,5382.37,4117.78,5539.57,3195.81,-1421.79
20-Oct-2022,3732.62,4017.97,5652.95,3247.11,-285.35,2405.84
21-Oct-2022,4307.23,7487.41,4323.32,2250.23,-3180.18,2073.09
24-Oct-2022,3866.76,4821.36,3729.08,4938.81,-954.6,-1209.73
25-Oct-2022,3870.28,2273.33,3134.85,1981.89,1596.95,1152.96
26-Oct-2022,3704.22,2961.9,3652.89,2763.38,742.32,889.51
27-Oct-2022,4016.19,1585.19,5999.97,2251.67,2431.0,3748.3
28-Oct-2022,4307.36,3975.66,4662.44,3587.15,331.7,1075.29
31-Oct-2022,4038.69,4879.13,6840.24,3100.0,-840.44,3740.24
01-Nov-2022,4534.24,7945.93,4083.33,4173.89,-3411.69,-90.56
02-Nov-2022,5825.61,2432.98,5493.88,4196.46,3392.63,1297.42
03-Nov-2022,1467.04,5725.94,4020.95,3682.93,-4258.9,338.02
04-Nov-2022,8323.65,4816.1,6079.59,2178.81,3507.55,3900.78
07-Nov-2022,9537.87,3595.8,2895.32,3980.4,5942.07,-1085.08
08-Nov-2022,9458.08,2306.36,4981.23,4105.49,7151.72,875.74
09-Nov-2022,6421.96,2591.58,4634.7,4366.77,3830.38,267.93
10-Nov-2022,2987.11,4533.9,4073.14,6694.48,-1546.79,-2621.34
11-Nov-2022,2710.78,1119.26,4397.7,3466.03,1591.52,931.67
14-Nov-2022,1902.6,2231.36,3268.64,5886.85,-328.76,-2618.21
15-Nov-2022,2966.69,4937.51,4521.44,2971.11,-1970.82,1550.33
16-Nov-2022,4297.39,5490.15,4277.82,4659.21,-1192.76,-381.39
17-Nov-2022,7271.7,2915.16,2875.49,3440.71,4356.54,-565.22
18-Nov-2022,7166.21,4706.05,3359.25,3782.79,2460.16,-423.54
21-Nov-2022,8221.35,6335.84,1655.07,2539.21,1885.51,-884.14
22-Nov-2022,4029.09,6000.13,2280.2,2251.08,-1971.04,29.12
23-Nov-2022,2340.7,2997.84,3151.95,6042.72,-657.14,-2890.77
24-Nov-2022,1851.1,5873.53,2705.41,3656.66,-4022.43,-951.25
25-Nov-2022,2984.04,4671.58,3256.15,4428.23,-1687.54,-1172.08
28-Nov-2022,3645.56,6813.58,4227.27,2679.48,-3168.02,1547.79
29-Nov-2022,4502.32,5804.81,6050.47,4636.29,-1302.49,1414.18
30-Nov-2022,8556.03,6420.93,6909.13,3391.4,2135.1,3517.73
01-Dec-2022,7857.88,2694.83,3280.47,4608.4,5163.05,-1327.93
02-Dec-2022,2409.25,5397.14,1788.23,3755.29,-2987.89,-1967.06
05-Dec-2022,2151.98,2538.53,2366.18,4390.18,-386.55,-2024.0
06-Dec-2022,4983.8,8976.98,3227.81,2020.89,-3993.18,1206.92
07-Dec-2022,6084.45,2168.16,2485.71,2885.16,3916.29,-399.45
08-Dec-2022,1455.36,3841.78,4183.75,2603.54,-2386.42,1580.21
09-Dec-2022,3451.72,3407.84,5771.23,3128.34,43.88,2642.89
12-Dec-2022,2810.77,2395.07,4353.87,2379.27,415.7,1974.6
13-Dec-2022,6285.1,5352.32,4925.77,2661.29,932.78,2264.48
14-Dec-2022,4756.62,2129.24,4542.28,2336.5,2627.38,2205.78
15-Dec-2022,2756.82,2523.44,3551.67,4542.27,233.38,-990.6
16-Dec-2022,4505.85,7626.06,2643.04,2144.32,-3120.21,498.72
19-Dec-2022,1885.58,6039.73,2074.63,4814.03,-4154.15,-2739.4
20-Dec-2022,6332.13,8196.7,1992.87,7143.43,-1864.57,-5150.56
21-Dec-2022,4655.09,13907.08,3521.93,2263.05,-9251.99,1258.88
22-Dec-2022,3476.15,4521.99,7428.43,4953.56,-1045.84,2474.87
23-Dec-2022,7759.88,2238.68,6047.41,4469.9,5521.2,1577.51
26-Dec-2022,4414.37,6198.43,3516.47,3019.14,-1784.06,497.33
27-Dec-2022,5338.57,3365.59,6820.25,3319.21,1972.98,3501.04
28-Dec-2022,3814.83,5664.52,3566.22,3684.89,-1849.69,-118.67
29-Dec-2022,4476.06,4327.16,4053.57,2617.74,148.9,1435.83
30-Dec-2022,4747.08,7371.29,4019.99,4671.47,-2624.21,-651.48
02-Jan-2023,10679.18,2750.51,5334.61,2185.95,7928.67,3148.66
03-Jan-2023,3748.19,3052.37,3579.27,1871.12,695.82,1708.15
04-Jan-2023,8676.28,4571.61,3195.18,3861.89,4104.67,-666.71
05-Jan-2023,10170.88,4762.47,3797.78,3045.84,5408.41,751.94
06-Jan-2023,5634.71,4468.9,3037.55,2392.42,1165.81,645.13
09-Jan-2023,2271.9,3988.98,3692.54,2729.83,-1717.08,962.71
10-Jan-2023,6745.29,3467.82,4866.03,1556.93,3277.47,3309.1
11-Jan-2023,7158.46,4665.56,3348.68,4359.24,2492.9,-1010.56
12-Jan-2023,8302.41,10060.48,2952.65,7438.67,-1758.07,-4486.02
13-Jan-2023,3804.21,4268.7,4407.0,3855.18,-464.49,551.82
16-Jan-2023,4353.98,3329.72,11198.24,2351.48,1024.26,8846.76
17-Jan-2023,2574.45,6333.08,3105.69,2137.38,-3758.63,968.31
18-Jan-2023,4375.46,2933.75,1986.92,3692.82,1441.71,-1705.9
19-Jan-2023,7142.66,3245.56,2199.74,4660.9,3897.1,-2461.16
20-Jan-2023,7324.24,4402.98,2387.69,3726.96,2921.26,-1339.27
23-Jan-2023,3774.1,2234.92,6488.69,3645.07,1539.18,2843.62
24-Jan-2023,4236.95,11265.56,2272.94,5423.67,-7028.61,-3150.73
25-Jan-2023,5895.05,2764.14,3712.92,3247.2,3130.91,465.72
26-Jan-2023,5730.26,2120.95,1575.69,3651.53,3609.31,-2075.84
27-Jan-2023,8588.01,6423.4,1930.51,5043.55,2164.61,-3113.04
30-Jan-2023,2463.08,2160.32,2877.54,4713.19,302.76,-1835.65
31-Jan-2023,3082.88,10510.61,5790.46,4921.75,-7427.73,868.71
01-Feb-2023,2654.38,6701.18,3413.16,3113.69,-4046.8,299.47
02-Feb-2023,2214.62,3443.84,4183.49,4948.99,-1229.22,-765.5
03-Feb-2023,6614.09,5520.38,2897.53,2787.98,1093.71,109.55
06-Feb-2023,4558.22,6977.75,3921.06,3516.73,-2419.53,404.33
07-Feb-2023,4357.61,2675.33,4421.08,2925.26,1682.28,1495.82
08-Feb-2023,7550.9,4017.14,5071.97,2499.93,3533.76,2572.04
09-Feb-2023,2001.57,3004.16,4222.21,3920.6,-1002.59,301.61
10-Feb-2023,8308.11,6079.46,3254.5,2261.95,2228.65,992.55
13-Feb-2023,11806.88,7488.58,3443.82,3839.31,4318.3,-395.49
14-Feb-2023,4775.47,4720.3,2397.6,2694.88,55.17,-297.28
15-Feb-2023,3285.4,2257.89,3837.45,3259.2,1027.51,578.25
16-Feb-2023,4170.9,5405.37,3090.26,4153.16,-1234.47,-1062.9
17-Feb-2023,9121.28,4194.67,3384.64,7014.22,4926.61,-3629.58
20-Feb-2023,6265.76,4519.94,2904.43,3514.29,1745.82,-609.86
21-Feb-2023,6356.68,9002.13,2607.19,1655.9,-2645.45,951.29
22-Feb-2023,4001.28,7927.54,4085.45,6189.55,-3926.26,-2104.1
23-Feb-2023,5365.39,2418.23,2259.48,2641.07,2947.16,-381.59
24-Feb-2023,3901.61,9396.76,6293.67,10463.45,-5495.15,-4169.78
27-Feb-2023,2414.47,1709.4,3735.01,3087.36,705.07,647.65
28-Feb-2023,4585.93,3348.32,3417.12,3199.54,1237.61,217.58
01-Mar-2023,6183.47,6658.18,2540.18,3131.83,-474.71,-591.65
02-Mar-2023,12227.92,2600.35,3295.22,2383.16,9627.57,912.06
03-Mar-2023,11683.49,11652.68,3909.05,4441.5,30.81,-532.45
06-Mar-2023,5029.94,5953.57,4197.33,2603.17,-923.63,1594.16
07-Mar-2023,8370.05,3503.49,3216.19,4059.66,4866.56,-843.47
08-Mar-2023,5581.45,2786.89,1856.68,2812.01,2794.56,-955.33
09-Mar-2023,4917.83,2859.0,2912.16,4504.62,2058.83,-1592.46
10-Mar-2023,5919.94,4539.62,5096.21,2757.73,1380.32,2338.48
13-Mar-2023,3241.03,6062.75,3731.61,4264.92,-2821.72,-533.31
14-Mar-2023,8399.13,8564.39,4560.38,6190.45,-165.26,-1630.07
15-Mar-2023,3055.42,4318.46,2156.42,1862.5,-1263.04,293.92
16-Mar-2023,2914.81,4993.9,3620.87,4312.53,-2079.09,-691.66
17-Mar-2023,9660.16,2490.8,4954.81,3504.51,7169.36,1450.3
20-Mar-2023,3735.63,3691.92,3248.77,7598.34,43.71,-4349.57
21-Mar-2023,4622.22,2507.01,1815.27,2149.97,2115.21,-334.7
22-Mar-2023,3938.41,6585.63,5988.36,3400.83,-2647.22,2587.53
23-Mar-2023,2810.06,8410.71,3274.61,1699.45,-5600.65,1575.16
24-Mar-2023,3756.54,8289.12,6556.57,1935.98,-4532.58,4620.59
27-Mar-2023,4630.67,5370.56,3670.03,1994.44,-739.89,1675.59
28-Mar-2023,6548.11,5165.32,8493.45,4844.58,1382.79,3648.87
29-Mar-2023,6630.87,10404.64,3629.02,6601.0,-3773.77,-2971.98
30-Mar-2023,4970.91,5410.86,3530.56,4414.13,-439.95,-883.57
31-Mar-2023,3429.19,4446.45,3605.8,3144.65,-1017.26,461.15
03-Apr-2023,7317.97,6034.88,2233.55,2279.07,1283.09,-45.52
04-Apr-2023,4470.76,3581.1,4622.25,2608.48,889.66,2013.77
05-Apr-2023,9882.85,2507.5,4789.54,4749.78,7375.35,39.76
06-Apr-2023,3062.53,8607.96,2520.28,5478.19,-5545.43,-2957.91
07-Apr-2023,4208.3,4288.94,3473.18,4404.68,-80.64,-931.5
10-Apr-2023,6912.88,1824.26,5139.45,2902.69,5088.62,2236.76
11-Apr-2023,10661.65,6225.36,4074.81,4618.22,4436.29,-543.41
12-Apr-2023,2740.29,6718.69,2545.34,3650.81,-3978.4,-1105.47
13-Apr-2023,5651.52,5188.39,3848.34,3948.31,463.13,-99.97
14-Apr-2023,3442.35,12845.72,4394.55,1736.93,-9403.37,2657.62
17-Apr-2023,2230.94,4144.29,4155.84,4945.61,-1913.35,-789.77
18-Apr-2023,3429.42,5421.37,3131.05,4534.18,-1991.95,-1403.13
19-Apr-2023,5723.17,9128.27,1526.27,5243.9,-3405.1,-3717.63
20-Apr-2023,6530.53,2930.67,4128.33,3730.32,3599.86,398.01
21-Apr-2023,4870.33,6472.63,1891.47,2352.54,-1602.3,-461.07
24-Apr-2023,6194.74,1671.06,2799.39,6806.75,4523.68,-4007.36
25-Apr-2023,1953.25,5798.13,4636.71,4430.26,-3844.88,206.45
26-Apr-2023,4875.76,4732.78,3963.75,3327.41,142.98,636.34
27-Apr-2023,2423.27,2553.97,8404.29,3165.13,-130.7,5239.16
28-Apr-2023,4188.96,1491.92,4934.68,4111.06,2697.04,823.62
01-May-2023,5711.06,4161.81,5564.73,3332.89,1549.25,2231.84
02-May-2023,3071.15,2883.94,6711.84,4186.47,187.21,2525.37
03-May-2023,2946.11,2126.37,4856.26,2637.17,819.74,2219.09
04-May-2023,4838.42,3760.04,5506.82,2747.86,1078.38,2758.96
05-May-2023,5026.09,4244.46,3697.32,2088.44,781.63,1608.88
08-May-2023,2929.34,2420.84,10619.44,3878.08,508.5,6741.36
09-May-2023,4385.98,5250.7,4189.14,5595.08,-864.72,-1405.94
10-May-2023,4364.25,5246.62,2688.02,2518.77,-882.37,169.25
11-May-2023,3438.09,3300.65,7846.18,5509.95,137.44,2336.23
12-May-2023,4629.35,4512.27,3124.2,3829.44,117.08,-705.24
15-May-2023,6480.25,5349.68,2771.97,4069.2,1130.57,-1297.23
16-May-2023,3246.79,3180.33,6749.56,5730.6,66.46,1018.96
17-May-2023,4245.8,4272.66,3691.49,3559.98,-26.86,131.51
18-May-2023,3513.29,1940.0,1629.77,3299.74,1573.29,-1669.97
19-May-2023,3508.8,3843.64,4156.94,4161.88,-334.84,-4.94
22-May-2023,3634.37,6688.41,9861.56,3936.28,-3054.04,5925.28
23-May-2023,7017.75,10320.37,4883.25,5728.7,-3302.62,-845.45
24-May-2023,2619.76,4459.93,5997.64,4074.44,-1840.17,1923.2
25-May-2023,4544.57,2045.06,8424.17,3447.43,2499.51,4976.74
26-May-2023,4279.67,3802.64,2299.01,4033.5,477.03,-1734.49
29-May-2023,5245.54,5827.67,6050.69,3950.14,-582.13,2100.55
30-May-2023,5415.24,2113.01,2876.01,2918.63,3302.23,-42.62
31-May-2023,1593.55,9749.24,4569.14,3586.32,-8155.69,982.82
01-Jun-2023,2186.89,4084.89,3282.7,2535.16,-1898.0,747.54
02-Jun-2023,2323.15,2785.0,3539.16,3977.43,-461.85,-438.27
05-Jun-2023,17223.9,4639.71,1422.98,4892.33,12584.19,-3469.35
06-Jun-2023,2017.96,4480.44,2130.07,3492.29,-2462.48,-1362.22
07-Jun-2023,4773.99,4345.57,2339.13,3622.5,428.42,-1283.37
08-Jun-2023,8696.86,6503.42,5130.16,1542.21,2193.44,3587.95
09-Jun-2023,2502.06,3415.12,3707.09,2538.08,-913.06,1169.01
12-Jun-2023,2362.06,7347.44,2828.45,4160.94,-4985.38,-1332.49
13-Jun-2023,3743.56,3806.3,8914.22,3149.55,-62.74,5764.67
14-Jun-2023,4238.11,6002.97,3388.44,6470.25,-1764.86,-3081.81
15-Jun-2023,6908.43,3896.0,2252.58,7642.2,3012.43,-5389.62
16-Jun-2023,2400.16,6386.07,5820.73,4332.69,-3985.91,1488.04
19-Jun-2023,5845.03,4029.46,3393.44,2353.73,1815.57,1039.71
20-Jun-2023,3424.42,5564.23,5344.04,3236.79,-2139.81,2107.25
21-Jun-2023,5456.79,10133.07,2672.24,1783.05,-4676.28,889.19
22-Jun-2023,1891.75,6573.02,6276.84,5632.2,-4681.27,644.64
23-Jun-2023,4415.64,3538.8,3562.15,4614.49,876.84,-1052.34
26-Jun-2023,4639.1,7520.63,3164.03,2819.73,-2881.53,344.3
27-Jun-2023,1891.3,6404.86,2042.55,6504.62,-4513.56,-4462.07
28-Jun-2023,3656.77,5039.52,3401.13,5389.58,-1382.75,-1988.45
29-Jun-2023,7983.75,3449.15,3029.2,4791.16,4534.6,-1761.96
30-Jun-2023,7144.06,2616.26,2041.92,2502.72,4527.8,-460.8
03-Jul-2023,4350.84,2642.72,3989.49,5304.04,1708.12,-1314.55
04-Jul-2023,2687.02,3869.48,3993.65,2351.71,-1182.46,1641.94
05-Jul-2023,2000.39,7235.84,8115.18,3939.1,-5235.45,4176.08
06-Jul-2023,5507.08,2050.3,6311.44,4503.88,3456.78,1807.56
07-Jul-2023,3312.37,10045.06,3311.34,2829.51,-6732.69,481.83
10-Jul-2023,3511.63,2133.3,2179.01,3373.79,1378.33,-1194.78
11-Jul-2023,3266.44,4390.06,2177.39,3083.57,-1123.62,-906.18
12-Jul-2023,4097.43,2750.68,4094.65,1386.61,1346.75,2708.04
13-Jul-2023,3925.32,3178.02,3419.67,2085.85,747.3,1333.82
14-Jul-2023,6479.66,2333.87,3036.28,3001.85,4145.79,34.43
17-Jul-2023,2592.87,5312.37,6025.71,3954.06,-2719.5,2071.65
18-Jul-2023,4217.23,1651.15,4495.77,5523.48,2566.08,-1027.71
19-Jul-2023,2401.57,3776.09,2543.75,3641.57,-1374.52,-1097.82
20-Jul-2023,5665.78,6682.6,6447.35,2946.47,-1016.82,3500.88
21-Jul-2023,8171.5,6846.82,3878.66,6442.03,1324.68,-2563.37
24-Jul-2023,2562.56,4950.98,3040.06,2154.16,-2388.42,885.9
25-Jul-2023,7132.04,7043.98,3400.06,3280.42,88.06,119.64
26-Jul-2023,2975.51,3302.23,2714.43,3331.16,-326.72,-616.73
27-Jul-2023,3869.21,8629.51,6591.41,2978.04,-4760.3,3613.37
28-Jul-2023,8173.03,2672.6,2704.81,3965.52,5500.43,-1260.71
31-Jul-2023,3073.03,8027.15,1600.13,4641.15,-4954.12,-3041.02
01-Aug-2023,2869.27,4022.54,5028.21,2148.92,-1153.27,2879.29
02-Aug-2023,5536.17,7087.53,2675.67,2523.16,-1551.36,152.51
03-Aug-2023,4289.86,4687.87,5897.25,7119.3,-398.01,-1222.05
04-Aug-2023,1920.96,3412.2,3844.73,3166.45,-1491.24,678.28
07-Aug-2023,9014.86,3011.56,4087.2,3411.73,6003.3,675.47
08-Aug-2023,5547.56,4819.71,6169.09,3303.89,727.85,2865.2
09-Aug-2023,7647.05,3495.9,3136.17,2894.16,4151.15,242.01
10-Aug-2023,2685.95,2236.35,3317.99,4912.01,449.6,-1594.02
11-Aug-2023,5107.6,6619.51,3346.73,1521.9,-1511.91,1824.83
14-Aug-2023,4059.23,11035.77,2101.36,3699.78,-6976.54,-1598.42
15-Aug-2023,4738.71,1974.18,3352.77,3483.63,2764.53,-130.86
16-Aug-2023,9036.08,4992.86,2350.67,3504.5,4043.22,-1153.83
17-Aug-2023,4020.25,4060.1,2737.98,1819.81,-39.85,918.17
18-Aug-2023,6200.74,3659.34,3814.26,2161.91,2541.4,1652.35
21-Aug-2023,7563.47,2795.75,2236.63,2836.29,4767.72,-599.66
22-Aug-2023,3055.4,5675.08,4140.42,6449.52,-2619.68,-2309.1
23-Aug-2023,6795.35,2905.7,1704.83,4880.4,3889.65,-3175.57
24-Aug-2023,4991.93,4410.87,10565.97,1915.62,581.06,8650.35
25-Aug-2023,3378.97,15998.12,5519.51,2353.12,-12619.15,3166.39
28-Aug-2023,5700.82,7460.12,2044.26,2826.87,-1759.3,-782.61
29-Aug-2023,4214.02,6298.17,4164.8,5275.74,-2084.15,-1110.94
30-Aug-2023,5537.51,5339.8,5231.96,5236.95,197.71,-4.99
31-Aug-2023,7267.17,4036.66,3749.68,2950.22,3230.51,799.46
01-Sep-2023,4497.33,7896.33,4106.0,2763.62,-3399.0,1342.38
04-Sep-2023,3321.73,4450.07,2955.24,3272.79,-1128.34,-317.55
05-Sep-2023,6556.79,7247.1,2205.51,3638.99,-690.31,-1433.48
06-Sep-2023,8966.13,3694.42,6195.69,3055.75,5271.71,3139.94
07-Sep-2023,5867.82,6185.5,5253.41,3324.01,-317.68,1929.4
08-Sep-2023,2830.72,3078.94,4996.26,3234.92,-248.22,1761.34
11-Sep-2023,3293.58,5091.97,2897.35,3899.52,-1798.39,-1002.17
12-Sep-2023,3547.79,4922.36,3720.88,1694.71,-1374.57,2026.17
13-Sep-2023,3654.96,6993.9,2138.63,2507.37,-3338.94,-368.74
14-Sep-2023,11452.79,2197.38,11833.3,3370.39,9255.41,8462.91
15-Sep-2023,2994.23,5732.79,2337.09,2425.55,-2738.56,-88.46
18-Sep-2023,4275.29,6142.31,3619.77,5911.56,-1867.02,-2291.79
19-Sep-2023,2849.61,9453.59,3968.57,2874.65,-6603.98,1093.92
20-Sep-2023,3613.42,13996.05,5213.9,5560.11,-10382.63,-346.21
21-Sep-2023,1518.65,6803.25,1670.72,3359.38,-5284.6,-1688.66
22-Sep-2023,6191.0,8832.5,4248.88,3882.49,-2641.5,366.39
25-Sep-2023,7131.15,4257.33,4147.48,2995.05,2873.82,1152.43
26-Sep-2023,8861.72,4190.04,3888.27,4120.95,4671.68,-232.68
27-Sep-2023,2774.67,3790.79,3745.52,3252.02,-1016.12,493.5
28-Sep-2023,5697.3,4986.91,2621.84,4885.11,710.39,-2263.27
29-Sep-2023,6733.44,5300.51,3766.26,3702.51,1432.93,63.75
02-Oct-2023,7095.66,6132.87,3969.17,2486.39,962.79,1482.78
03-Oct-2023,4193.78,4021.08,2854.7,2447.68,172.7,407.02
04-Oct-2023,2666.65,6142.7,4494.74,6693.54,-3476.05,-2198.8
05-Oct-2023,9041.81,4169.64,2527.86,1960.74,4872.17,567.12
06-Oct-2023,3799.2,4451.68,4034.5,5704.37,-652.48,-1669.87
09-Oct-2023,3486.44,5194.62,3689.14,5965.24,-1708.18,-2276.1
10-Oct-2023,5011.46,4360.53,3483.8,2968.07,650.93,515.73
11-Oct-2023,3715.88,5003.61,3298.04,2941.83,-1287.73,356.21
12-Oct-2023,4448.92,7582.04,4709.67,2140.7,-3133.12,2568.97
13-Oct-2023,2608.94,4518.0,3157.88,2337.32,-1909.06,820.56
16-Oct-2023,6753.73,2788.16,4241.28,3093.88,3965.57,1147.4
17-Oct-2023,3056.68,2847.87,5584.47,3465.11,208.81,2119.36
18-Oct-2023,2493.53,3940.2,3791.85,5218.2,-1446.67,-1426.35
19-Oct-2023,10007.18,2750.93,2173.83,3839.21,7256.25,-1665.38
20-Oct-2023,5519.95,3386.78,3428.34,3933.62,2133.17,-505.28
23-Oct-2023,3654.45,8018.1,2891.44,3978.99,-4363.65,-1087.55
24-Oct-2023,3687.67,3438.4,3149.72,3748.25,249.27,-598.53
25-Oct-2023,5606.66,5109.99,4239.43,3678.4,496.67,561.03
26-Oct-2023,4415.65,1049.31,5055.58,7756.13,3366.34,-2700.55
27-Oct-2023,5285.76,2783.57,5221.71,2137.34,2502.19,3084.37
30-Oct-2023,1992.11,3844.72,5828.45,7529.27,-1852.61,-1700.82
31-Oct-2023,5391.61,4062.5,7894.6,1621.92,1329.11,6272.68
01-Nov-2023,5877.33,3898.2,3593.19,6345.54,1979.13,-2752.35
02-Nov-2023,3502.22,6920.38,3627.36,4397.75,-3418.16,-770.39
03-Nov-2023,20666.21,4800.46,3575.9,3774.56,15865.75,-198.66
06-Nov-2023,9218.65,3742.26,3225.97,3093.2,5476.39,132.77
07-Nov-2023,4639.49,2853.48,8296.95,4142.8,1786.01,4154.15
08-Nov-2023,3097.97,5798.93,2494.99,3794.62,-2700.96,-1299.63
09-Nov-2023,3506.34,4503.67,6663.43,3821.62,-997.33,2841.81
10-Nov-2023,5348.93,4805.02,7337.04,4162.72,543.91,3174.32
13-Nov-2023,7356.67,3872.49,4456.61,5175.1,3484.18,-718.49
14-Nov-2023,5311.29,9786.42,8018.47,2570.04,-4475.13,5448.43
15-Nov-2023,1492.02,6787.09,5688.59,4935.42,-5295.07,753.17
16-Nov-2023,13864.7,2922.39,2632.1,1413.05,10942.31,1219.05
17-Nov-2023,2526.84,2857.94,4880.96,2998.88,-331.1,1882.08
20-Nov-2023,2872.75,6141.11,2439.14,4453.8,-3268.36,-2014.66
21-Nov-2023,2682.61,4452.48,4390.19,3554.58,-1769.87,835.61
22-Nov-2023,8081.86,4534.27,2882.61,4003.51,3547.59,-1120.9
23-Nov-2023,6224.95,5661.78,2789.54,2846.26,563.17,-56.72
24-Nov-2023,3553.41,4185.58,1445.49,3528.19,-632.17,-2082.7
27-Nov-2023,3760.87,2954.35,2833.07,4286.74,806.52,-1453.67
28-Nov-2023,12291.07,7269.12,4575.5,2785.6,5021.95,1789.9
29-Nov-2023,7458.08,5542.26,5274.66,3876.81,1915.82,1397.85
30-Nov-2023,4175.43,2979.17,1899.64,5967.57,1196.26,-4067.93
01-Dec-2023,7407.14,1421.34,4098.89,4752.87,5985.8,-653.98
04-Dec-2023,5756.26,6115.77,4716.76,2499.0,-359.51,2217.76
05-Dec-2023,5596.62,3545.39,3068.9,3681.61,2051.23,-612.71
06-Dec-2023,3509.63,3808.4,2386.69,4026.07,-298.77,-1639.38
07-Dec-2023,4112.78,5946.0,4325.62,2504.16,-1833.22,1821.46
08-Dec-2023,2110.2,4247.47,1801.5,2555.02,-2137.27,-753.52
11-Dec-2023,2431.57,4212.01,3562.67,8505.76,-1780.44,-4943.09
12-Dec-2023,5227.49,2019.75,5787.44,4676.05,3207.74,1111.39
13-Dec-2023,6767.01,5391.61,3538.89,3944.34,1375.4,-405.45
14-Dec-2023,7514.21,6049.18,4345.69,8613.85,1465.03,-4268.16
15-Dec-2023,10014.38,5889.71,3359.19,4951.21,4124.67,-1592.02
18-Dec-2023,6405.22,3650.37,1172.73,2009.42,2754.85,-836.69
19-Dec-2023,3012.88,3375.89,3866.65,3504.37,-363.01,362.28
20-Dec-2023,3063.46,5544.17,3060.31,5393.38,-2480.71,-2333.07
21-Dec-2023,4673.47,2241.54,4283.91,3063.84,2431.93,1220.07
22-Dec-2023,4322.85,4719.02,5560.11,4152.59,-396.17,1407.52
25-Dec-2023,3859.54,3397.98,5917.88,2228.25,461.56,3689.63
26-Dec-2023,2881.3,4946.57,5233.68,1553.09,-2065.27,3680.59
27-Dec-2023,2802.31,3834.36,2487.96,4465.84,-1032.05,-1977.88
28-Dec-2023,7576.52,5133.58,4506.48,3543.64,2442.94,962.84
29-Dec-2023,5477.79,2441.38,4269.45,2092.58,3036.41,2176.87
01-Jan-2024,1590.47,4670.19,4975.46,4461.5,-3079.72,513.96
02-Jan-2024,4409.79,8339.03,3544.63,2232.58,-3929.24,1312.05
03-Jan-2024,3032.15,7270.33,6001.03,4090.75,-4238.18,1910.28
04-Jan-2024,8259.11,4809.36,5144.41,3661.01,3449.75,1483.4
05-Jan-2024,3307.77,7654.29,6456.06,3543.77,-4346.52,2912.29
08-Jan-2024,4547.71,2394.23,3079.11,3964.26,2153.48,-885.15
09-Jan-2024,3097.8,3971.63,3781.84,3183.2,-873.83,598.64
10-Jan-2024,5529.07,4269.57,4624.97,2197.58,1259.5,2427.39
11-Jan-2024,3370.12,2950.38,3628.0,3602.52,419.74,25.48
12-Jan-2024,4312.08,5380.0,2498.31,2254.9,-1067.92,243.41
15-Jan-2024,3899.15,5443.02,5726.08,3465.81,-1543.87,2260.27
16-Jan-2024,3287.98,2988.65,2192.28,2849.0,299.33,-656.72
17-Jan-2024,6567.02,5682.52,1676.69,3530.82,884.5,-1854.13
18-Jan-2024,3153.05,4457.0,4949.59,6369.05,-1303.95,-1419.46
19-Jan-2024,8346.23,5658.22,3255.38,2334.95,2688.01,920.43
22-Jan-2024,2525.4,9450.52,3187.62,5697.53,-6925.12,-2509.91
23-Jan-2024,4573.81,10679.55,3357.84,2282.0,-6105.74,1075.84
24-Jan-2024,7756.55,2974.56,4546.98,2774.22,4781.99,1772.76
25-Jan-2024,12154.37,7990.0,1746.52,2428.87,4164.37,-682.35
26-Jan-2024,3243.53,3552.96,3374.71,5857.88,-309.43,-2483.17
29-Jan-2024,6550.28,6159.5,4279.58,1973.41,390.78,2306.17
30-Jan-2024,4750.73,4668.41,3330.02,3857.16,82.32,-527.14
31-Jan-2024,6190.73,3240.28,2103.8,6138.16,2950.45,-4034.36
01-Feb-2024,3639.59,3570.48,2501.54,2447.58,69.11,53.96
02-Feb-2024,9246.55,4899.76,3965.37,1273.78,4346.79,2691.59
05-Feb-2024,13136.01,5633.21,4828.95,5550.58,7502.8,-721.63
06-Feb-2024,2662.67,2205.96,4556.95,1921.97,456.71,2634.98
07-Feb-2024,2353.69,2829.86,3540.85,4620.42,-476.17,-1079.57
08-Feb-2024,3941.25,3953.12,2464.67,3383.05,-11.87,-918.38
09-Feb-2024,6136.61,6971.22,3126.73,3257.52,-834.61,-130.79
12-Feb-2024,5496.12,6672.26,5034.08,5529.46,-1176.14,-495.38
13-Feb-2024,4430.43,4110.68,7772.63,3398.43,319.75,4374.2
14-Feb-2024,1691.8,2595.79,3106.8,4538.82,-903.99,-1432.02
15-Feb-2024,5644.69,4669.06,3761.97,6150.46,975.63,-2388.49
16-Feb-2024,6777.77,3901.72,4839.6,3118.81,2876.05,1720.79
19-Feb-2024,5801.61,2588.3,2872.15,2614.08,3213.31,258.07
20-Feb-2024,3448.91,7310.94,7325.52,4476.66,-3862.03,2848.86
21-Feb-2024,4426.39,3848.17,2347.19,1688.46,578.22,658.73
22-Feb-2024,3595.93,5118.53,2853.2,6763.01,-1522.6,-3909.81
23-Feb-2024,5498.15,2985.8,3039.65,4868.11,2512.35,-1828.46
26-Feb-2024,5741.59,5225.79,6142.51,2889.71,515.8,3252.8
27-Feb-2024,4935.95,4212.59,2806.11,2592.38,723.36,213.73
28-Feb-2024,9573.32,3832.31,3167.38,5001.61,5741.01,-1834.23
29-Feb-2024,5921.64,6388.06,2679.62,3210.96,-466.42,-531.34
01-Mar-2024,3767.64,5979.37,3525.07,6128.24,-2211.73,-2603.17
04-Mar-2024,9698.8,4692.15,9119.84,3381.41,5006.65,5738.43
05-Mar-2024,4714.1,2198.87,5010.46,2227.88,2515.23,2782.58
06-Mar-2024,4559.28,4648.18,3038.97,5216.73,-88.9,-2177.76
07-Mar-2024,12289.63,4610.05,2618.8,4025.1,7679.58,-1406.3
08-Mar-2024,3999.61,4965.8,5088.74,6907.17,-966.19,-1818.43
11-Mar-2024,3282.73,10668.14,3139.53,6132.87,-7385.41,-2993.34
12-Mar-2024,2110.67,5850.56,3569.53,4688.71,-3739.89,-1119.18
13-Mar-2024,5184.16,5793.77,4419.62,4073.55,-609.61,346.07
14-Mar-2024,2656.85,6617.78,2891.23,3796.67,-3960.93,-905.44
15-Mar-2024,3830.07,3011.72,3932.28,1040.85,818.35,2891.43
18-Mar-2024,5336.84,4043.68,3592.21,2595.98,1293.16,996.23
19-Mar-2024,4807.69,6138.2,5893.74,5817.51,-1330.51,76.23
20-Mar-2024,3531.59,7730.78,3152.98,1992.56,-4199.19,1160.42
21-Mar-2024,4150.98,2252.14,4820.69,6439.42,1898.84,-1618.73
22-Mar-2024,2845.36,3697.91,2623.97,6038.16,-852.55,-3414.19
25-Mar-2024,4121.21,4392.65,2190.34,3296.24,-271.44,-1105.9
26-Mar-2024,3610.09,6772.57,3411.51,2158.96,-3162.48,1252.55
27-Mar-2024,3678.0,5816.67,3511.1,3481.97,-2138.67,29.13
28-Mar-2024,10767.22,5598.51,2706.77,3558.02,5168.71,-851.25
29-Mar-2024,5245.26,4345.77,3383.2,2029.53,899.49,1353.67
01-Apr-2024,4434.53,1605.73,3048.82,4562.01,2828.8,-1513.19
02-Apr-2024,5463.21,4769.24,4514.41,4171.9,693.97,342.51
03-Apr-2024,5171.51,11084.14,3022.94,3222.13,-5912.63,-199.19
04-Apr-2024,7759.63,7479.1,3290.17,1679.8,280.53,1610.37
05-Apr-2024,3129.33,4975.47,1939.97,4364.81,-1846.14,-2424.84
08-Apr-2024,5007.09,6658.33,2287.39,3984.29,-1651.24,-1696.9
09-Apr-2024,5783.8,1733.94,3059.82,2995.69,4049.86,64.13
10-Apr-2024,4235.09,2313.82,4329.81,4045.93,1921.27,283.88
11-Apr-2024,2857.95,8496.57,3382.5,2207.32,-5638.62,1175.18
12-Apr-2024,8387.17,6087.49,3589.73,3211.37,2299.68,378.36
15-Apr-2024,6841.03,3828.21,1527.4,3899.09,3012.82,-2371.69
16-Apr-2024,3348.98,3099.41,2332.45,5314.07,249.57,-2981.62
17-Apr-2024,3909.01,10164.8,6868.13,3902.9,-6255.79,2965.23
18-Apr-2024,7992.74,3391.89,6264.62,2919.16,4600.85,3345.46
19-Apr-2024,6051.05,4041.78,3267.06,6540.48,2009.27,-3273.42
22-Apr-2024,6966.33,10489.96,5031.95,6715.36,-3523.63,-1683.41
23-Apr-2024,4784.58,5082.17,3618.72,2446.36,-297.59,1172.36
24-Apr-2024,1811.69,3442.45,5099.79,4692.18,-1630.76,407.61
25-Apr-2024,5469.84,11763.23,2515.73,3106.07,-6293.39,-590.34
26-Apr-2024,5728.62,3944.29,3369.97,2475.6,1784.33,894.37
29-Apr-2024,5952.39,3847.02,7655.03,3666.84,2105.37,3988.19
30-Apr-2024,11736.28,3013.33,2938.17,2978.0,8722.95,-39.83
01-May-2024,7370.14,7106.05,7395.23,4007.64,264.09,3387.59
02-May-2024,2456.07,5466.27,4173.55,4528.13,-3010.2,-354.58
03-May-2024,6896.21,9066.27,5184.98,3647.46,-2170.06,1537.52
06-May-2024,5861.03,2699.44,5329.87,4487.86,3161.59,842.01
07-May-2024,3325.98,6500.68,3670.36,3648.76,-3174.7,21.6
08-May-2024,4336.93,5016.72,4929.24,4533.09,-679.79,396.15
09-May-2024,6176.84,3085.61,3475.65,5506.3,3091.23,-2030.65
10-May-2024,2999.46,1198.29,2165.41,5230.0,1801.17,-3064.59
13-May-2024,7341.95,3181.85,3728.56,1903.92,4160.1,1824.64
14-May-2024,6066.82,6081.24,3564.61,2524.79,-14.42,1039.82
15-May-2024,4417.3,5381.08,3457.75,3529.36,-963.78,-71.61
16-May-2024,1789.61,5459.61,2642.5,1530.78,-3670.0,1111.72
17-May-2024,2568.0,5182.59,9819.36,1845.04,-2614.59,7974.32
20-May-2024,3726.42,5143.09,2769.37,1740.37,-1416.67,1029.0
21-May-2024,10955.69,5829.69,3004.88,4389.61,5126.0,-1384.73
22-May-2024,4032.35,5313.86,4873.52,4012.2,-1281.51,861.32
23-May-2024,3172.37,8241.65,2545.5,3965.09,-5069.28,-1419.59
24-May-2024,3382.48,1765.85,2661.42,3109.92,1616.63,-448.5
27-May-2024,4792.95,3723.95,5039.4,2113.79,1069.0,2925.61
28-May-2024,3627.01,3427.5,5397.9,3890.68,199.51,1507.22
29-May-2024,3563.17,4085.61,10061.71,5705.06,-522.44,4356.65
30-May-2024,6693.82,4799.57,3028.12,4850.33,1894.25,-1822.21
31-May-2024,2776.46,4511.72,3569.74,2148.06,-1735.26,1421.68
03-Jun-2024,5474.5,5262.18,3552.43,6070.01,212.32,-2517.58
04-Jun-2024,2843.3,3665.67,11271.42,5012.59,-822.37,6258.83
05-Jun-2024,4957.74,6590.53,4043.62,3241.7,-1632.79,801.92
06-Jun-2024,6379.29,3491.23,3991.37,8086.35,2888.06,-4094.98
07-Jun-2024,2978.4,7729.03,6660.18,3501.02,-4750.63,3159.16
10-Jun-2024,5878.91,3890.44,3559.55,2551.46,1988.47,1008.09
11-Jun-2024,7012.89,6115.67,2092.29,1677.0,897.22,415.29
12-Jun-2024,12407.67,5282.35,8194.75,2975.69,7125.32,5219.06
13-Jun-2024,7465.72,5719.04,3583.87,2355.86,1746.68,1228.01
14-Jun-2024,2624.9,5230.33,4773.29,4516.84,-2605.43,256.45
17-Jun-2024,6433.32,4768.29,1870.54,5331.29,1665.03,-3460.75
18-Jun-2024,5626.3,4445.18,2918.8,4803.07,1181.12,-1884.27
19-Jun-2024,5389.94,3851.41,4255.6,4378.58,1538.53,-122.98
20-Jun-2024,8647.97,2766.44,3562.19,3542.45,5881.53,19.74
21-Jun-2024,2232.63,3913.29,3930.31,6096.35,-1680.66,-2166.04
24-Jun-2024,5898.57,4777.27,3756.63,3770.23,1121.3,-13.6
25-Jun-2024,3118.46,2019.92,4153.43,4901.89,1098.54,-748.46
26-Jun-2024,2462.78,2135.22,3787.54,2211.64,327.56,1575.9
27-Jun-2024,4020.16,4719.8,2243.8,6545.56,-699.64,-4301.76
28-Jun-2024,5736.11,3802.1,3212.66,6735.96,1934.01,-3523.3
01-Jul-2024,3349.99,4366.07,2687.5,3674.62,-1016.08,-987.12
02-Jul-2024,5248.92,4179.93,2187.33,4556.8,1068.99,-2369.47
03-Jul-2024,3943.02,2782.72,6606.8,2980.11,1160.3,3626.69
04-Jul-2024,6606.64,7238.88,3971.39,1839.85,-632.24,2131.54
05-Jul-2024,6539.88,10677.83,2044.93,3108.62,-4137.95,-1063.69
08-Jul-2024,3268.77,12577.73,3232.97,6487.9,-9308.96,-3254.93
09-Jul-2024,3848.21,5232.95,3470.62,2946.2,-1384.74,524.42
10-Jul-2024,3869.35,4971.72,4627.53,4213.23,-1102.37,414.3
11-Jul-2024,7967.24,4105.61,2235.16,2134.63,3861.63,100.53
12-Jul-2024,7880.17,3460.38,4579.12,4120.9,4419.79,458.22
15-Jul-2024,2792.16,4498.05,5103.14,3440.02,-1705.89,1663.12
16-Jul-2024,5321.03,3378.02,6217.84,1880.28,1943.01,4337.56
17-Jul-2024,5627.4,3668.48,3012.29,4922.87,1958.92,-1910.58
18-Jul-2024,2138.89,6447.6,3492.84,1468.16,-4308.71,2024.68
19-Jul-2024,4870.88,5539.91,5295.51,6704.78,-669.03,-1409.27
22-Jul-2024,4844.2,6446.66,1974.11,3452.47,-1602.46,-1478.36
23-Jul-2024,4528.74,4776.4,4515.01,5738.87,-247.66,-1223.86
24-Jul-2024,2767.95,5562.88,5157.23,3728.15,-2794.93,1429.08
25-Jul-2024,5281.67,3299.2,3141.73,3662.47,1982.47,-520.74
26-Jul-2024,3224.21,4639.39,3073.16,3538.65,-1415.18,-465.49
29-Jul-2024,8260.68,2591.73,4254.48,2987.92,5668.95,1266.56
30-Jul-2024,4356.26,5711.04,2356.45,6882.54,-1354.78,-4526.09
31-Jul-2024,7599.06,3245.25,5379.08,3690.47,4353.81,1688.61
01-Aug-2024,9054.71,3307.14,4529.02,3414.02,5747.57,1115.0
02-Aug-2024,2317.32,5209.33,1291.23,3929.8,-2892.01,-2638.57
05-Aug-2024,6461.85,2842.64,4995.01,3607.76,3619.21,1387.25
06-Aug-2024,2554.73,3879.51,2814.11,4581.21,-1324.78,-1767.1
07-Aug-2024,2157.73,6387.22,4142.33,2069.32,-4229.49,2073.01
08-Aug-2024,2570.89,6224.09,6587.93,2666.05,-3653.2,3921.88
09-Aug-2024,4896.46,5610.19,4680.32,4451.88,-713.73,228.44
12-Aug-2024,6047.96,4440.36,1802.01,6457.3,1607.6,-4655.29
13-Aug-2024,4859.69,2443.93,4086.48,5833.07,2415.76,-1746.59
14-Aug-2024,5283.36,4101.52,3167.45,2038.47,1181.84,1128.98
15-Aug-2024,2532.36,4829.35,3919.7,1997.93,-2296.99,1921.77
16-Aug-2024,4117.49,4100.28,7223.08,5055.57,17.21,2167.51
19-Aug-2024,2920.24,9817.52,2064.08,2667.8,-6897.28,-603.72
20-Aug-2024,4321.55,3576.07,2927.1,2886.71,745.48,40.39
21-Aug-2024,8255.47,3066.5,4833.88,4745.87,5188.97,88.01
22-Aug-2024,2622.48,4740.11,2884.28,2770.51,-2117.63,113.77
23-Aug-2024,3519.64,7871.87,6990.26,3569.28,-4352.23,3420.98
26-Aug-2024,3873.89,3159.81,4229.29,3932.44,714.08,296.85
27-Aug-2024,11060.9,4519.14,2862.68,3032.78,6541.76,-170.1
28-Aug-2024,4729.22,4877.84,4518.37,1897.73,-148.62,2620.64
29-Aug-2024,4903.85,2199.45,4041.09,3770.4,2704.4,270.69
30-Aug-2024,4480.57,2292.04,4632.43,2454.03,2188.53,2178.4
02-Sep-2024,3727.0,2686.81,3762.57,2654.61,1040.19,1107.96
03-Sep-2024,3237.04,3740.49,3424.69,5672.73,-503.45,-2248.04
04-Sep-2024,7846.33,5523.23,2154.29,3167.95,2323.1,-1013.66
05-Sep-2024,3871.35,20868.86,7559.46,2966.46,-16997.51,4593.0
06-Sep-2024,5226.6,3391.51,8343.0,3924.28,1835.09,4418.72
09-Sep-2024,5306.49,2692.46,3775.8,3482.93,2614.03,292.87
10-Sep-2024,7355.06,3678.91,5558.81,3606.97,3676.15,1951.84
11-Sep-2024,3343.83,2829.79,2831.12,2482.48,514.04,348.64
12-Sep-2024,3331.22,3592.53,6434.44,2854.46,-261.31,3579.98
13-Sep-2024,5115.12,5761.6,4795.43,2641.34,-646.48,2154.09
16-Sep-2024,4686.27,7998.13,2097.73,4046.45,-3311.86,-1948.72
17-Sep-2024,4691.02,5857.65,3278.16,2559.69,-1166.63,718.47
18-Sep-2024,5285.65,2558.33,3467.98,3992.68,2727.32,-524.7
19-Sep-2024,5492.03,7323.22,3882.37,4123.45,-1831.19,-241.08
20-Sep-2024,2948.51,2469.25,2947.29,3060.61,479.26,-113.32
23-Sep-2024,9151.36,5390.92,3460.85,3928.33,3760.44,-467.48
24-Sep-2024,10702.55,2634.34,3327.07,3105.92,8068.21,221.15
25-Sep-2024,2786.2,4182.83,5911.81,3034.22,-1396.63,2877.59
26-Sep-2024,3916.06,4213.28,2268.64,5897.5,-297.22,-3628.86
27-Sep-2024,6738.81,5120.22,4055.23,2799.55,1618.59,1255.68
30-Sep-2024,2703.25,5687.24,7689.57,4410.14,-2983.99,3279.43
01-Oct-2024,8111.03,2394.14,3358.49,2590.7,5716.89,767.79
02-Oct-2024,6056.42,5684.17,8653.59,4186.75,372.25,4466.84
03-Oct-2024,3199.29,2791.54,2750.27,4807.76,407.75,-2057.49
04-Oct-2024,2553.25,4962.29,3658.2,3466.64,-2409.04,191.56
07-Oct-2024,7149.57,1901.46,2708.16,2520.34,5248.11,187.82
08-Oct-2024,2781.71,2584.96,3009.84,3246.59,196.75,-236.75
09-Oct-2024,4482.18,2206.94,2817.08,4527.11,2275.24,-1710.03
10-Oct-2024,5502.57,3611.57,3001.28,2985.54,1891.0,15.74
11-Oct-2024,5786.63,6632.48,3413.65,4879.22,-845.85,-1465.57
14-Oct-2024,3213.87,4113.72,2426.06,3274.3,-899.85,-848.24
15-Oct-2024,4914.83,4024.94,3301.57,2785.37,889.89,516.2
16-Oct-2024,5333.64,5087.83,4155.71,1711.92,245.81,2443.79
17-Oct-2024,7554.56,3859.63,4521.8,6987.17,3694.93,-2465.37
18-Oct-2024,5739.17,5595.2,5619.38,6392.95,143.97,-773.57
21-Oct-2024,4768.74,6641.27,1736.97,3485.95,-1872.53,-1748.98
22-Oct-2024,3512.68,3071.37,2294.19,4033.45,441.31,-1739.26
23-Oct-2024,7074.66,3142.61,3134.98,3014.73,3932.05,120.25
24-Oct-2024,4910.28,4843.61,4611.2,3316.56,66.67,1294.64
25-Oct-2024,3003.0,4179.75,2327.78,2095.83,-1176.75,231.95
28-Oct-2024,1922.95,3165.65,3904.02,2288.46,-1242.7,1615.56
29-Oct-2024,9314.55,4083.91,3340.2,2076.34,5230.64,1263.86
30-Oct-2024,3105.3,3533.91,2917.71,2229.52,-428.61,688.19
31-Oct-2024,3199.23,3937.56,5219.05,9426.98,-738.33,-4207.93
01-Nov-2024,3185.9,2140.2,1996.01,3738.5,1045.7,-1742.49
04-Nov-2024,4709.3,3813.1,2813.66,4836.26,896.2,-2022.6
05-Nov-2024,2547.49,2977.79,3903.72,5310.27,-430.3,-1406.55
06-Nov-2024,5623.29,1608.24,5373.79,6131.63,4015.05,-757.84
07-Nov-2024,3146.1,5171.37,5093.61,6012.7,-2025.27,-919.09
08-Nov-2024,4937.71,3150.97,3351.64,5308.31,1786.74,-1956.67
11-Nov-2024,7658.43,4364.56,2557.22,4391.5,3293.87,-1834.28
12-Nov-2024,6656.79,3265.57,4650.76,3301.95,3391.22,1348.81
13-Nov-2024,4947.08,3056.37,1451.25,4125.36,1890.71,-2674.11
14-Nov-2024,4458.64,3659.23,4687.54,3621.5,799.41,1066.04
15-Nov-2024,4547.11,2842.73,5063.55,3144.98,1704.38,1918.57
18-Nov-2024,5057.96,12058.77,6040.65,8207.76,-7000.81,-2167.11
19-Nov-2024,4657.72,3660.91,4388.51,3677.58,996.81,710.93
20-Nov-2024,3120.47,3669.08,7256.0,3623.79,-548.61,3632.21
21-Nov-2024,3051.96,5092.57,2781.97,5024.38,-2040.61,-2242.41
22-Nov-2024,3366.25,10511.17,3314.85,4960.42,-7144.92,-1645.57
25-Nov-2024,4200.7,5104.02,3488.54,4091.78,-903.32,-603.24
26-Nov-2024,6214.49,11185.31,3646.68,2295.16,-4970.82,1351.52
27-Nov-2024,6349.6,4330.74,3133.09,3367.05,2018.86,-233.96
28-Nov-2024,2359.13,8243.99,4647.02,4746.69,-5884.86,-99.67
29-Nov-2024,4840.02,4549.57,2661.58,5444.64,290.45,-2783.06
02-Dec-2024,5982.95,7079.79,2007.43,4794.48,-1096.84,-2787.05
03-Dec-2024,6680.47,7305.88,4871.01,2177.33,-625.41,2693.68
04-Dec-2024,4347.03,5281.55,2971.84,2224.46,-934.52,747.38
05-Dec-2024,5888.06,6540.82,4840.74,2725.55,-652.76,2115.19
06-Dec-2024,6211.95,5466.2,2464.2,5991.18,745.75,-3526.98
09-Dec-2024,5397.76,2779.17,1157.64,3759.98,2618.59,-2602.34
10-Dec-2024,3719.5,3926.03,5126.86,4097.04,-206.53,1029.82
11-Dec-2024,4376.79,3293.54,7542.22,2690.33,1083.25,4851.89
12-Dec-2024,2559.71,4996.75,5171.61,2519.96,-2437.04,2651.65
13-Dec-2024,9905.33,5994.69,5102.59,4603.12,3910.64,499.47
16-Dec-2024,3237.34,5968.58,3248.92,7603.14,-2731.24,-4354.22
17-Dec-2024,3907.14,4367.61,5766.55,3009.17,-460.47,2757.38
18-Dec-2024,4710.74,3473.65,3635.74,4930.5,1237.09,-1294.76
19-Dec-2024,13061.68,6436.34,3495.18,2765.25,6625.34,729.93
20-Dec-2024,12454.66,6197.77,3883.87,2371.73,6256.89,1512.14
23-Dec-2024,2241.38,4151.96,3204.34,2264.32,-1910.58,940.02
24-Dec-2024,7401.54,4497.35,3623.45,3122.19,2904.19,501.26
25-Dec-2024,4039.67,4332.89,2442.46,5146.2,-293.22,-2703.74
26-Dec-2024,1626.98,4332.68,5052.46,7498.66,-2705.7,-2446.2
27-Dec-2024,3881.95,5959.19,5505.3,4377.62,-2077.24,1127.68
30-Dec-2024,8716.95,8117.62,8099.03,2711.36,599.33,5387.67
31-Dec-2024,2781.04,2740.58,3786.87,2314.37,40.46,1472.5
01-Jan-2025,4525.61,1618.24,7196.58,3507.9,2907.37,3688.68
02-Jan-2025,2082.68,3721.65,3387.67,2073.02,-1638.97,1314.65
03-Jan-2025,2762.05,4275.38,3937.26,6193.25,-1513.33,-2255.99
06-Jan-2025,3919.26,6341.67,4819.18,2262.59,-2422.41,2556.59
07-Jan-2025,1901.64,6647.64,1969.43,2293.91,-4746.0,-324.48
08-Jan-2025,4812.64,14706.84,3405.51,4554.43,-9894.2,-1148.92
09-Jan-2025,4511.9,4083.39,3410.23,2037.96,428.51,1372.27
10-Jan-2025,8972.28,4040.87,4271.11,3985.37,4931.41,285.74
13-Jan-2025,2954.22,6858.87,3160.93,4866.35,-3904.65,-1705.42
14-Jan-2025,3741.62,3134.52,3228.33,2797.97,607.1,430.36
15-Jan-2025,4323.35,4234.31,3121.13,3804.58,89.04,-683.45
16-Jan-2025,1785.4,1501.02,4050.84,3577.73,284.38,473.11
17-Jan-2025,9709.89,5497.18,3403.45,4876.41,4212.71,-1472.96
20-Jan-2025,4133.64,3807.25,4813.14,1373.43,326.39,3439.71
21-Jan-2025,3151.93,4065.21,1942.28,2688.3,-913.28,-746.02
22-Jan-2025,5815.7,5627.75,5705.17,3413.41,187.95,2291.76
23-Jan-2025,6516.38,7968.43,4939.88,3398.13,-1452.05,1541.75
24-Jan-2025,6785.98,4424.64,3187.9,4786.15,2361.34,-1598.25
27-Jan-2025,5313.18,10171.78,5483.75,4289.25,-4858.6,1194.5
28-Jan-2025,5106.66,4585.02,1460.46,3361.79,521.64,-1901.33
29-Jan-2025,2939.5,7414.14,3031.54,2382.44,-4474.64,649.1
30-Jan-2025,4518.23,4254.69,4469.43,3605.06,263.54,864.37
31-Jan-2025,4273.82,2823.53,2983.69,2929.28,1450.29,54.41
03-Feb-2025,4874.76,3009.26,2199.77,3779.02,1865.5,-1579.25
04-Feb-2025,4570.82,2252.19,3122.44,3356.13,2318.63,-233.69
05-Feb-2025,7410.58,9449.06,3607.09,3693.92,-2038.48,-86.83
06-Feb-2025,4182.88,10851.08,5169.51,2621.62,-6668.2,2547.89
07-Feb-2025,6436.39,4948.78,2511.26,2399.84,1487.61,111.42
10-Feb-2025,8576.5,2161.79,5392.59,2192.02,6414.71,3200.57
11-Feb-2025,7162.83,11056.27,3042.29,4507.1,-3893.44,-1464.81
12-Feb-2025,4106.8,8112.63,3410.5,2660.9,-4005.83,749.6
13-Feb-2025,5416.0,3213.05,2728.2,4254.55,2202.95,-1526.35
14-Feb-2025,7689.92,4513.79,5408.15,3751.07,3176.13,1657.08
17-Feb-2025,3208.46,5663.74,4506.86,4607.4,-2455.28,-100.54
18-Feb-2025,1267.71,2382.08,3093.96,5523.93,-1114.37,-2429.97
19-Feb-2025,3900.08,5966.33,3437.83,4016.98,-2066.25,-579.15
20-Feb-2025,2873.42,6242.4,5609.42,5452.65,-3368.98,156.77
21-Feb-2025,3415.54,5501.1,4145.41,3887.38,-2085.56,258.03
24-Feb-2025,4306.3,4085.39,6803.9,4046.11,220.91,2757.79
25-Feb-2025,3938.17,3660.28,5274.73,2332.06,277.89,2942.67
26-Feb-2025,8958.22,4530.48,2944.03,3549.24,4427.74,-605.21
27-Feb-2025,6309.3,3353.09,7090.13,2817.68,2956.21,4272.45
28-Feb-2025,5118.44,6225.71,5562.59,4962.71,-1107.27,599.88
03-Mar-2025,3433.9,5356.87,5621.0,2377.53,-1922.97,3243.47
04-Mar-2025,3835.54,2557.35,4586.92,3696.11,1278.19,890.81
05-Mar-2025,5187.32,8359.08,3048.67,4024.62,-3171.76,-975.95
06-Mar-2025,3487.65,3700.88,6376.73,5166.21,-213.23,1210.52
07-Mar-2025,6499.96,1683.16,4340.66,2393.52,4816.8,1947.14
10-Mar-2025,2860.57,10042.09,4215.38,2667.24,-7181.52,1548.14
11-Mar-2025,5413.77,3602.85,3534.11,2389.18,1810.92,1144.93
12-Mar-2025,3928.31,4171.82,2325.35,9424.92,-243.51,-7099.57
13-Mar-2025,2330.19,5965.79,4887.82,4800.91,-3635.6,86.91
14-Mar-2025,5125.63,4260.02,2238.5,3546.91,865.61,-1308.41
17-Mar-2025,6540.48,4421.29,3375.32,2299.52,2119.19,1075.8
18-Mar-2025,4263.25,2841.21,3818.94,4425.01,1422.04,-606.07
19-Mar-2025,3861.01,4518.24,3905.88,6291.87,-657.23,-2385.99
20-Mar-2025,1982.21,3646.71,2245.92,3586.39,-1664.5,-1340.47
21-Mar-2025,2964.47,3538.13,3606.82,7168.11,-573.66,-3561.29
24-Mar-2025,2057.41,3610.12,11288.36,4273.32,-1552.71,7015.04
25-Mar-2025,5433.94,2567.15,5789.82,3813.94,2866.79,1975.88
26-Mar-2025,5384.14,6206.9,3494.7,3402.01,-822.76,92.69
27-Mar-2025,5695.64,5353.75,2277.08,3845.34,341.89,-1568.26
28-Mar-2025,3296.3,2472.09,5099.92,3657.86,824.21,1442.06
31-Mar-2025,3669.54,2953.0,6051.92,5564.51,716.54,487.41
01-Apr-2025,8260.6,4786.25,2862.54,6808.89,3474.35,-3946.35
02-Apr-2025,5390.66,6504.12,3647.36,2132.58,-1113.46,1514.78
03-Apr-2025,6897.13,3840.84,5082.64,4848.29,3056.29,234.35
04-Apr-2025,3009.26,18674.23,5531.58,2143.16,-15664.97,3388.42
07-Apr-2025,3531.77,4556.58,2733.61,5054.75,-1024.81,-2321.14
08-Apr-2025,5350.05,2474.06,3423.59,4093.73,2875.99,-670.14
09-Apr-2025,4120.46,7284.08,7057.7,3450.7,-3163.62,3607.0
10-Apr-2025,2543.72,7429.63,4199.97,3792.16,-4885.91,407.81
11-Apr-2025,2119.34,5990.09,2742.37,4633.17,-3870.75,-1890.8
14-Apr-2025,4236.05,11816.59,4342.46,2262.97,-7580.54,2079.49
15-Apr-2025,5419.33,7445.86,2361.42,2875.6,-2026.53,-514.18
16-Apr-2025,4351.8,3679.51,3318.72,2479.76,672.29,838.96
17-Apr-2025,8377.33,5212.99,3475.98,3798.21,3164.34,-322.23
18-Apr-2025,6932.48,4718.8,2872.89,2104.87,2213.68,768.02
21-Apr-2025,3068.91,4608.44,3605.23,1752.34,-1539.53,1852.89
22-Apr-2025,2633.8,4191.54,2513.16,3771.42,-1557.74,-1258.26
23-Apr-2025,5425.77,2615.56,3251.77,5747.05,2810.21,-2495.28
24-Apr-2025,3068.28,4896.41,5649.5,3632.69,-1828.13,2016.81
25-Apr-2025,8537.49,2867.44,4242.88,5474.18,5670.05,-1231.3
28-Apr-2025,6750.73,4146.85,2911.87,3981.03,2603.88,-1069.16
29-Apr-2025,7612.74,3957.97,2434.35,6112.11,3654.77,-3677.76
30-Apr-2025,4113.52,7132.71,3708.09,3224.06,-3019.19,484.03
01-May-2025,5138.44,7582.46,2600.76,2349.91,-2444.02,250.85
02-May-2025,3668.82,3640.51,7071.68,1172.82,28.31,5898.86
05-May-2025,4097.6,7996.05,2913.43,3064.5,-3898.45,-151.07
06-May-2025,2630.65,5990.52,10399.74,2789.8,-3359.87,7609.94
07-May-2025,6867.95,4042.05,2799.31,5409.06,2825.9,-2609.75
08-May-2025,4241.99,7449.09,7872.25,5369.98,-3207.1,2502.27
09-May-2025,4568.4,6978.91,2724.8,3371.41,-2410.51,-646.61
12-May-2025,5263.86,4374.64,2780.45,3176.79,889.22,-396.34
13-May-2025,3471.78,4858.19,4110.55,3209.71,-1386.41,900.84
14-May-2025,2277.9,2386.53,2784.58,3044.92,-108.63,-260.34
15-May-2025,4137.25,8810.96,3003.25,3808.14,-4673.71,-804.89
16-May-2025,5759.76,4679.88,4233.09,2517.58,1079.88,1715.51
19-May-2025,6943.68,3808.36,2709.91,6122.11,3135.32,-3412.2
20-May-2025,7020.98,4604.08,3863.04,4389.71,2416.9,-526.67
21-May-2025,2921.54,4853.56,5473.44,2576.01,-1932.02,2897.43
22-May-2025,7151.83,4647.87,2291.57,3486.27,2503.96,-1194.7
23-May-2025,4145.25,2110.56,4717.65,6191.23,2034.69,-1473.58
26-May-2025,3022.73,2156.71,6824.37,2704.36,866.02,4120.01
27-May-2025,8408.8,7715.5,2944.55,4460.01,693.3,-1515.46
28-May-2025,1962.63,8190.31,3029.47,3679.74,-6227.68,-650.27
29-May-2025,5275.43,3687.55,2946.8,8608.49,1587.88,-5661.69
30-May-2025,3266.57,2629.62,8372.44,10871.98,636.95,-2499.54
02-Jun-2025,9399.83,5582.79,4803.06,5466.15,3817.04,-663.09
03-Jun-2025,2826.48,5083.68,2729.38,2946.6,-2257.2,-217.22
04-Jun-2025,5544.33,4524.67,3870.26,3826.63,1019.66,43.63
05-Jun-2025,3943.15,5191.53,2867.4,3254.08,-1248.38,-386.68
06-Jun-2025,2083.33,5193.1,5724.37,6396.73,-3109.77,-672.36
09-Jun-2025,5775.63,6624.65,5226.28,2304.51,-849.02,2921.77
10-Jun-2025,3056.25,5798.64,1820.04,4937.62,-2742.39,-3117.58
11-Jun-2025,2962.78,2931.84,3900.6,1742.9,30.94,2157.7
12-Jun-2025,3578.37,2220.67,4789.19,4429.98,1357.7,359.21
13-Jun-2025,3104.64,8646.94,3735.29,5192.04,-5542.3,-1456.75
16-Jun-2025,8040.44,5490.74,1740.18,1664.71,2549.7,75.47
17-Jun-2025,2498.29,8765.85,2598.76,3046.89,-6267.56,-448.13
18-Jun-2025,4966.46,8467.15,3729.95,3397.33,-3500.69,332.62
19-Jun-2025,2236.71,4747.84,4154.18,2732.76,-2511.13,1421.42
20-Jun-2025,6431.88,2898.93,9526.95,2972.15,3532.95,6554.8
23-Jun-2025,9046.9,3526.79,5973.16,2766.82,5520.11,3206.34
24-Jun-2025,2142.44,4150.8,2642.54,3826.97,-2008.36,-1184.43
25-Jun-2025,5677.96,4422.28,1267.49,3224.49,1255.68,-1957.0
26-Jun-2025,6265.93,5748.55,2381.55,2229.77,517.38,151.78
27-Jun-2025,2195.93,4114.76,6492.32,2387.84,-1918.83,4104.48
30-Jun-2025,3969.11,3231.45,1989.57,3891.79,737.66,-1902.22
01-Jul-2025,2585.37,1913.93,5203.89,3607.72,671.44,1596.17
02-Jul-2025,7230.6,9670.47,4658.23,2926.47,-2439.87,1731.76
03-Jul-2025,2550.62,7923.28,3460.23,4936.5,-5372.66,-1476.27
04-Jul-2025,3796.64,13268.37,4647.72,3975.25,-9471.73,672.47
07-Jul-2025,4078.48,5210.1,2081.05,5278.44,-1131.62,-3197.39
08-Jul-2025,9828.32,5107.59,1693.12,4977.02,4720.73,-3283.9
09-Jul-2025,11404.05,3029.99,5064.0,2714.92,8374.06,2349.08
10-Jul-2025,4130.37,5434.33,6787.82,4558.13,-1303.96,2229.69
11-Jul-2025,4806.75,3335.72,4422.28,5532.23,1471.03,-1109.95
14-Jul-2025,3859.37,2299.2,4159.02,3175.65,1560.17,983.37
15-Jul-2025,5523.12,4889.45,6692.29,2839.8,633.67,3852.49
16-Jul-2025,4051.37,4431.68,3987.84,3018.56,-380.31,969.28
17-Jul-2025,5822.08,8342.56,3398.81,3388.65,-2520.48,10.16
18-Jul-2025,6201.63,3735.92,2752.71,2555.48,2465.71,197.23
21-Jul-2025,4307.57,3250.8,6197.0,4778.19,1056.77,1418.81
22-Jul-2025,4510.86,6742.23,4137.62,3861.85,-2231.37,275.77
23-Jul-2025,2473.92,2989.42,5170.42,2087.63,-515.5,3082.79
24-Jul-2025,7332.19,3485.88,4780.52,3283.73,3846.31,1496.79
25-Jul-2025,7635.28,5769.28,5417.03,4277.22,1866.0,1139.81
28-Jul-2025,2635.32,3082.42,5018.49,3046.33,-447.1,1972.16
29-Jul-2025,9583.53,3849.67,4483.12,4378.96,5733.86,104.16
30-Jul-2025,2452.98,6719.26,4580.54,2963.04,-4266.28,1617.5
31-Jul-2025,6902.51,7071.33,4565.03,3177.68,-168.82,1387.35
01-Aug-2025,5163.3,5498.68,2356.16,3689.91,-335.38,-1333.75
04-Aug-2025,5856.14,4394.07,2687.39,4447.18,1462.07,-1759.79
05-Aug-2025,7333.25,3964.85,1916.63,2487.35,3368.4,-570.72
06-Aug-2025,6084.57,5644.59,3820.15,4229.97,439.98,-409.82
07-Aug-2025,3519.28,2516.05,1654.57,3994.72,1003.23,-2340.15
08-Aug-2025,4996.59,4254.7,7034.92,4293.8,741.89,2741.12
11-Aug-2025,6364.24,6569.7,4650.28,2644.04,-205.46,2006.24
12-Aug-2025,5719.32,6299.95,4634.62,5597.29,-580.63,-962.67
13-Aug-2025,3000.25,4031.07,5024.58,3532.29,-1030.82,1492.29
14-Aug-2025,5090.35,4790.67,3432.01,2380.33,299.68,1051.68
15-Aug-2025,3248.29,4483.98,2991.13,1891.9,-1235.69,1099.23
18-Aug-2025,7595.87,8353.19,5536.31,4649.9,-757.32,886.41
19-Aug-2025,4605.27,5714.8,2534.24,4364.92,-1109.53,-1830.68
20-Aug-2025,4476.56,4937.52,7973.89,3978.89,-460.96,3995.0
21-Aug-2025,7884.22,3534.02,2991.23,2959.48,4350.2,31.75
22-Aug-2025,3135.4,5026.14,3606.48,4329.98,-1890.74,-723.5
25-Aug-2025,2090.93,2484.31,4086.96,5323.39,-393.38,-1236.43
26-Aug-2025,2159.34,8837.13,7140.36,3011.31,-6677.79,4129.05
27-Aug-2025,2062.96,4892.57,8221.88,2392.09,-2829.61,5829.79
28-Aug-2025,3911.7,3626.04,2797.0,2968.31,285.66,-171.31
29-Aug-2025,5072.62,10368.69,7296.25,3063.21,-5296.07,4233.04
01-Sep-2025,2424.27,6588.48,3824.32,2445.46,-4164.21,1378.86
02-Sep-2025,5920.68,5509.5,4156.11,3428.96,411.18,727.15
03-Sep-2025,4203.83,5064.33,4755.4,2589.48,-860.5,2165.92
04-Sep-2025,5564.59,3397.45,6431.31,6448.86,2167.14,-17.55
05-Sep-2025,4778.21,5667.23,1861.08,5376.11,-889.02,-3515.03
08-Sep-2025,3047.1,2168.36,3361.96,5607.27,878.74,-2245.31
09-Sep-2025,4381.66,4350.75,3271.93,3175.93,30.91,96.0
10-Sep-2025,6540.21,4116.01,3179.98,4665.62,2424.2,-1485.64
11-Sep-2025,13043.74,4959.79,2123.67,5801.41,8083.95,-3677.74
12-Sep-2025,3269.04,5460.93,2629.9,2211.6,-2191.89,418.3
15-Sep-2025,6031.69,5217.42,2749.28,5044.98,814.27,-2295.7
16-Sep-2025,3678.04,6988.02,7306.75,2037.82,-3309.98,5268.93
17-Sep-2025,6884.75,4590.3,4242.22,3838.06,2294.45,404.16
18-Sep-2025,5750.15,5703.78,6738.64,4309.03,46.37,2429.61
19-Sep-2025,5744.78,3271.06,12232.47,5134.39,2473.72,7098.08
22-Sep-2025,10357.47,3231.06,5501.27,1938.62,7126.41,3562.65
23-Sep-2025,1976.18,5283.37,3400.64,4401.79,-3307.19,-1001.15
24-Sep-2025,7172.51,1848.7,1687.27,2545.26,5323.81,-857.99
25-Sep-2025,9333.55,3311.86,1954.59,2396.13,6021.69,-441.54
26-Sep-2025,5846.19,4819.86,2913.41,2041.59,1026.33,871.82
29-Sep-2025,7179.52,6035.34,4304.45,3027.17,1144.18,1277.28
30-Sep-2025,4463.9,2377.44,5743.66,2497.42,2086.46,3246.24
01-Oct-2025,4040.81,4593.42,6245.53,1947.79,-552.61,4297.74
02-Oct-2025,5040.51,2449.58,2355.36,2954.08,2590.93,-598.72
03-Oct-2025,2766.75,6128.64,4008.74,5454.0,-3361.89,-1445.26
06-Oct-2025,6903.92,4230.5,6923.37,3269.95,2673.42,3653.42
07-Oct-2025,3925.71,7210.43,2813.76,5540.8,-3284.72,-2727.04
08-Oct-2025,6172.66,3364.69,3561.16,2602.89,2807.97,958.27
09-Oct-2025,4789.53,5620.04,2923.33,3199.97,-830.51,-276.64
10-Oct-2025,4058.39,5750.18,7752.91,1409.76,-1691.79,6343.15
13-Oct-2025,7400.64,4991.86,7301.91,2274.54,2408.78,5027.37
14-Oct-2025,3592.18,3953.11,3644.22,2187.9,-360.93,1456.32
15-Oct-2025,5016.41,5298.51,4371.67,7008.66,-282.1,-2636.99
16-Oct-2025,5291.99,4379.88,3050.26,5903.63,912.11,-2853.37
17-Oct-2025,2581.16,3614.93,3303.93,3115.96,-1033.77,187.97
20-Oct-2025,5266.98,4581.89,3433.26,3810.1,685.09,-376.84
21-Oct-2025,7780.95,3280.21,3332.21,5707.18,4500.74,-2374.97
22-Oct-2025,6096.86,6012.37,3098.96,5550.69,84.49,-2451.73
23-Oct-2025,2208.99,6761.99,7745.69,5373.04,-4553.0,2372.65
24-Oct-2025,2755.46,2539.85,2511.91,8590.53,215.61,-6078.62
27-Oct-2025,5960.92,3966.9,2795.47,3278.06,1994.02,-482.59
28-Oct-2025,3124.37,5825.67,4659.91,4640.53,-2701.3,19.38
29-Oct-2025,6850.99,2367.87,4982.94,2471.03,4483.12,2511.91
30-Oct-2025,5162.3,6613.58,4013.66,1627.97,-1451.28,2385.69
31-Oct-2025,5651.84,3055.62,9159.83,3466.92,2596.22,5692.91
03-Nov-2025,3926.94,3067.94,4017.86,4212.53,859.0,-194.67
04-Nov-2025,5025.62,5050.26,3327.77,2956.4,-24.64,371.37
05-Nov-2025,3470.89,7927.94,3558.61,2903.71,-4457.05,654.9
06-Nov-2025,7209.64,2862.92,7043.0,4737.59,4346.72,2305.41
07-Nov-2025,5020.57,5758.83,7006.07,2114.54,-738.26,4891.53
10-Nov-2025,6179.49,2700.64,7779.05,2293.04,3478.85,5486.01
11-Nov-2025,4471.04,5282.51,2688.33,3172.37,-811.47,-484.04
12-Nov-2025,6703.63,4176.19,2483.3,2639.44,2527.44,-156.14
13-Nov-2025,2697.04,11371.5,4276.48,5917.04,-8674.46,-1640.56
14-Nov-2025,2510.7,2924.82,4343.67,2641.83,-414.12,1701.84
17-Nov-2025,2725.63,4408.95,3198.97,3631.4,-1683.32,-432.43
18-Nov-2025,4746.15,6817.68,4351.16,2179.94,-2071.53,2171.22
19-Nov-2025,13940.65,5897.66,1531.24,2305.95,8042.99,-774.71
20-Nov-2025,4462.79,2924.97,3397.72,4829.88,1537.82,-1432.16
21-Nov-2025,9101.52,5117.91,4083.53,3088.79,3983.61,994.74
24-Nov-2025,5833.41,2988.89,3549.19,2711.92,2844.52,837.27
25-Nov-2025,2564.93,4601.25,4114.98,3680.94,-2036.32,434.04
26-Nov-2025,6679.87,9203.39,1922.76,3310.75,-2523.52,-1387.99
27-Nov-2025,6606.91,3059.14,2398.38,3728.91,3547.77,-1330.53
28-Nov-2025,4880.9,1504.77,2243.96,1778.12,3376.13,465.84
01-Dec-2025,7553.26,2639.14,4381.54,2026.24,4914.12,2355.3
02-Dec-2025,7864.5,2251.32,1770.99,2768.26,5613.18,-997.27
03-Dec-2025,5453.14,2185.1,3876.48,4442.08,3268.04,-565.6
04-Dec-2025,2346.32,9846.09,3320.13,3663.71,-7499.77,-343.58
05-Dec-2025,9359.66,3704.92,9520.26,4867.81,5654.74,4652.45
08-Dec-2025,2151.0,3801.79,4407.37,2953.58,-1650.79,1453.79
09-Dec-2025,3571.66,5464.79,4673.11,4870.38,-1893.13,-197.27
10-Dec-2025,3323.76,3683.98,3452.04,2383.99,-360.22,1068.05
11-Dec-2025,4225.17,2087.43,6617.65,3226.95,2137.74,3390.7
12-Dec-2025,2804.86,4661.74,2948.91,4982.29,-1856.88,-2033.38
15-Dec-2025,7022.71,2863.62,3963.03,3402.06,4159.09,560.97
16-Dec-2025,6085.13,3372.45,12841.84,4872.46,2712.68,7969.38
17-Dec-2025,4188.34,2684.01,6436.34,4116.17,1504.33,2320.17
18-Dec-2025,2642.93,4358.64,4040.61,4486.99,-1715.71,-446.38
19-Dec-2025,2476.49,2848.1,3192.32,3605.77,-371.61,-413.45
22-Dec-2025,4113.55,4973.69,8060.52,3437.54,-860.14,4622.98
23-Dec-2025,9076.78,5094.73,5092.45,3729.38,3982.05,1363.07
24-Dec-2025,6484.33,4744.07,5557.96,3433.26,1740.26,2124.7
25-Dec-2025,3909.29,8833.9,3924.2,3391.02,-4924.61,533.18
26-Dec-2025,3674.37,5364.19,2951.4,3792.27,-1689.82,-840.87
29-Dec-2025,5162.82,4932.15,3119.48,2312.45,230.67,807.03
30-Dec-2025,3867.19,6295.24,3574.04,2772.27,-2428.05,801.77
31-Dec-2025,9377.51,4381.19,4624.13,4383.45,4996.32,240.68
01-Jan-2026,2534.58,1653.43,4494.46,1729.69,881.15,2764.77
02-Jan-2026,6977.86,3449.82,4039.71,3217.43,3528.04,822.28
05-Jan-2026,4539.27,4586.6,3519.56,3870.54,-47.33,-350.98
06-Jan-2026,3119.59,3483.71,3950.26,6402.02,-364.12,-2451.76
07-Jan-2026,3153.53,2125.96,4662.81,4142.07,1027.57,520.74
08-Jan-2026,6933.66,2554.99,2369.7,2637.66,4378.67,-267.96
09-Jan-2026,3456.83,9831.71,3838.28,5402.35,-6374.88,-1564.07
12-Jan-2026,3205.8,5545.03,2686.09,4346.96,-2339.23,-1660.87
13-Jan-2026,6017.48,4070.57,4724.17,3709.17,1946.91,1015.0
14-Jan-2026,2522.9,5363.8,2033.3,2010.05,-2840.9,23.25
15-Jan-2026,3758.3,3451.91,4622.5,3387.94,306.39,1234.56
16-Jan-2026,2602.44,6195.19,12771.1,4651.21,-3592.75,8119.89
19-Jan-2026,5151.54,1996.42,3593.9,5602.19,3155.12,-2008.29
20-Jan-2026,3337.69,2983.84,3205.95,3891.48,353.85,-685.53
21-Jan-2026,5604.15,5275.24,5475.25,4873.06,328.91,602.19
22-Jan-2026,4342.24,4523.74,3953.36,2763.95,-181.5,1189.41
23-Jan-2026,4855.97,5415.94,4236.9,4838.81,-559.97,-601.91
26-Jan-2026,7705.66,6843.79,2661.86,4056.04,861.87,-1394.18
27-Jan-2026,4905.05,5609.93,2644.74,2309.69,-704.88,335.05
28-Jan-2026,2215.79,2203.89,3498.14,2369.22,11.9,1128.92
29-Jan-2026,3029.65,4271.45,4832.1,5675.63,-1241.8,-843.53
30-Jan-2026,2540.21,4314.29,5489.23,4729.8,-1774.08,759.43
02-Feb-2026,4078.22,4192.06,3489.41,2812.33,-113.84,677.08
03-Feb-2026,4778.29,2092.37,5614.75,1980.74,2685.92,3634.01
04-Feb-2026,1434.17,2075.04,8098.29,3986.32,-640.87,4111.97
05-Feb-2026,3067.64,3025.23,4514.61,4550.69,42.41,-36.08
06-Feb-2026,4975.48,3763.96,5262.92,6743.76,1211.52,-1480.84
09-Feb-2026,3610.09,3764.42,2537.53,1943.49,-154.33,594.04
10-Feb-2026,2642.21,7601.98,3322.59,2769.46,-4959.77,553.13
11-Feb-2026,5996.59,7098.27,4583.55,2072.14,-1101.68,2511.41
12-Feb-2026,1786.43,2390.18,2568.46,5798.8,-603.75,-3230.34
13-Feb-2026,2632.41,5088.43,3588.93,1676.36,-2456.02,1912.57
16-Feb-2026,3733.33,8967.9,3848.97,4425.66,-5234.57,-576.69
17-Feb-2026,6494.59,2256.29,7509.91,3275.26,4238.3,4234.65
18-Feb-2026,4209.9,9389.42,3331.96,2501.69,-5179.52,830.27
19-Feb-2026,2149.55,8433.95,4525.88,4124.15,-6284.4,401.73
20-Feb-2026,11660.02,9420.52,7840.22,4246.02,2239.5,3594.2
23-Feb-2026,5345.18,6549.12,3678.9,2811.32,-1203.94,867.58
24-Feb-2026,3536.67,8030.62,4473.76,3235.75,-4493.95,1238.01
25-Feb-2026,3460.93,3312.99,6787.01,3137.56,147.94,3649.45
26-Feb-2026,6075.37,2695.02,5330.58,2899.02,3380.35,2431.56
27-Feb-2026,2589.38,6348.37,6712.61,3534.03,-3758.99,3178.58
02-Mar-2026,3921.85,1738.2,1632.26,2229.17,2183.65,-596.91
03-Mar-2026,13565.11,7008.86,4323.84,4144.81,6556.25,179.03
04-Mar-2026,3160.88,1950.95,9432.8,9091.45,1209.93,341.35
05-Mar-2026,4405.83,4319.09,2222.66,6651.28,86.74,-4428.62
06-Mar-2026,6556.9,4353.21,3495.78,3866.44,2203.69,-370.66
09-Mar-2026,4593.71,2162.62,5285.79,1730.46,2431.09,3555.33
10-Mar-2026,7079.29,4534.09,2126.86,4966.85,2545.2,-2839.99
11-Mar-2026,4630.02,6438.05,7491.88,1974.19,-1808.03,5517.69
12-Mar-2026,4967.78,5342.19,4119.36,4986.26,-374.41,-866.9
13-Mar-2026,2739.13,5440.42,4289.85,3644.11,-2701.29,645.74
16-Mar-2026,8125.51,9071.6,1453.03,3950.54,-946.09,-2497.51
17-Mar-2026,2857.36,10368.5,2186.65,3169.63,-7511.14,-982.98
18-Mar-2026,6994.37,3313.69,4229.22,3524.75,3680.68,704.47
19-Mar-2026,7547.0,7204.71,1591.5,4430.91,342.29,-2839.41
20-Mar-2026,5079.22,7000.42,5149.2,3064.0,-1921.2,2085.2
23-Mar-2026,2939.67,4903.37,2955.05,3070.01,-1963.7,-114.96
24-Mar-2026,4807.78,5621.66,3508.1,2128.01,-813.88,1380.09
25-Mar-2026,3811.71,3771.0,3288.53,3352.66,40.71,-64.13
26-Mar-2026,4646.85,6123.94,4026.36,2959.17,-1477.09,1067.19
27-Mar-2026,1792.23,8749.7,3858.21,3941.19,-6957.47,-82.98
30-Mar-2026,4077.71,5354.1,3247.55,4008.62,-1276.39,-761.07
31-Mar-2026,4481.28,3825.2,3105.96,7218.61,656.08,-4112.65
01-Apr-2026,2493.94,5511.8,2483.73,1755.69,-3017.86,728.04
02-Apr-2026,4596.91,3990.66,3751.81,2704.52,606.25,1047.29
03-Apr-2026,4804.75,4565.03,4555.11,4190.97,239.72,364.14
06-Apr-2026,2284.92,7214.02,2455.07,2315.1,-4929.1,139.97
07-Apr-2026,8700.29,3183.87,6341.16,4115.53,5516.42,2225.63
08-Apr-2026,9883.99,7207.6,3170.17,2313.46,2676.39,856.71
09-Apr-2026,3188.82,3185.0,3731.71,3476.3,3.82,255.41
10-Apr-2026,2158.13,5790.11,3578.36,5350.06,-3631.98,-1771.7
13-Apr-2026,3568.66,4882.87,3679.85,7715.26,-1314.21,-4035.41
14-Apr-2026,2312.22,8134.78,3873.64,4385.97,-5822.56,-512.33
15-Apr-2026,2253.43,1878.82,3643.97,3882.46,374.61,-238.49
16-Apr-2026,6184.37,2567.39,6514.67,1916.74,3616.98,4597.93
17-Apr-2026,3872.89,1481.78,1627.8,5136.31,2391.11,-3508.51
20-Apr-2026,8808.51,4786.17,6914.45,2378.57,4022.34,4535.88
21-Apr-2026,4227.78,3346.53,2820.04,1988.71,881.25,831.33
22-Apr-2026,4710.04,5206.14,2845.39,7088.71,-496.1,-4243.32
23-Apr-2026,5705.87,4067.74,3037.13,11344.93,1638.13,-8307.8
24-Apr-2026,1738.0,5383.77,5538.72,2488.72,-3645.77,3050.0
27-Apr-2026,5433.58,3953.06,5964.75,3556.49,1480.52,2408.26
28-Apr-2026,3494.15,2910.42,3719.52,3743.11,583.73,-23.59
29-Apr-2026,7388.92,5463.12,4374.83,4838.61,1925.8,-463.78
30-Apr-2026,7883.8,2549.87,5439.98,2839.82,5333.93,2600.16
01-May-2026,2912.97,9088.04,5024.89,2419.08,-6175.07,2605.81
04-May-2026,2194.37,3624.08,2986.9,9273.57,-1429.71,-6286.67
05-May-2026,2251.36,2655.43,3021.56,2629.43,-404.07,392.13
06-May-2026,6726.71,6383.36,8470.01,1779.15,343.35,6690.86
07-May-2026,3621.92,5434.94,3705.39,2306.32,-1813.02,1399.07
08-May-2026,8126.27,5344.1,7635.04,3759.86,2782.17,3875.18
11-May-2026,4037.57,2823.75,6676.6,7556.75,1213.82,-880.15
12-May-2026,7036.99,2868.13,5460.44,2697.14,4168.86,2763.3
13-May-2026,4396.94,5539.15,3237.1,3032.16,-1142.21,204.94
14-May-2026,1692.75,5623.07,4493.67,7516.61,-3930.32,-3022.94
15-May-2026,1742.77,3520.9,3952.13,1967.01,-1778.13,1985.12
18-May-2026,6807.31,3617.01,4475.15,3468.85,3190.3,1006.3
19-May-2026,5386.04,2063.39,4317.34,3314.14,3322.65,1003.2
20-May-2026,3716.44,5159.38,7773.31,2894.92,-1442.94,4878.39
21-May-2026,3950.58,5040.83,4498.43,4934.39,-1090.25,-435.96
22-May-2026,4197.6,2994.82,2725.5,3567.11,1202.78,-841.61
25-May-2026,4207.83,4857.6,4644.09,4465.69,-649.77,178.4
26-May-2026,10707.36,6213.06,4544.58,3849.12,4494.3,695.46
27-May-2026,5452.98,4674.82,4593.87,6106.84,778.16,-1512.97
28-May-2026,4130.16,4678.91,6833.73,1630.13,-548.75,5203.6
29-May-2026,2434.31,3238.19,3883.47,4186.47,-803.88,-303.0
01-Jun-2026,2237.08,3592.04,2195.66,3202.14,-1354.96,-1006.48
02-Jun-2026,5321.69,5592.49,4694.86,1915.24,-270.8,2779.62
03-Jun-2026,3498.58,3974.99,3068.87,2116.83,-476.41,952.04
04-Jun-2026,4851.37,2214.67,2575.81,3963.34,2636.7,-1387.53
05-Jun-2026,6762.84,8721.74,6451.47,2536.93,-1958.9,3914.54
08-Jun-2026,3665.5,2906.72,2283.63,5494.76,758.78,-3211.13
09-Jun-2026,3413.06,2736.93,8483.11,2683.62,676.13,5799.49
10-Jun-2026,7369.68,2710.61,4128.76,2741.21,4659.07,1387.55
11-Jun-2026,12814.94,9200.87,7689.38,2581.06,3614.07,5108.32
12-Jun-2026,2832.72,4932.44,4617.13,3318.51,-2099.72,1298.62
15-Jun-2026,4654.13,11467.96,3835.61,3535.22,-6813.83,300.39
16-Jun-2026,8175.44,6237.51,4396.33,2326.48,1937.93,2069.85
17-Jun-2026,5679.71,4400.06,3201.24,2982.74,1279.65,218.5
18-Jun-2026,4248.5,2594.2,4646.89,1915.25,1654.3,2731.64
19-Jun-2026,7748.78,10973.79,1626.21,5928.71,-3225.01,-4302.5
22-Jun-2026,3446.94,3178.98,3299.67,4111.14,267.96,-811.47
23-Jun-2026,3581.1,4734.09,3112.45,6142.09,-1152.99,-3029.64
24-Jun-2026,2929.81,5074.9,3573.79,4004.17,-2145.09,-430.38
25-Jun-2026,2570.74,6634.42,2690.13,2631.05,-4063.68,59.08
26-Jun-2026,3527.73,3063.26,3190.77,3128.34,464.47,62.43
29-Jun-2026,9708.44,6004.42,3050.34,3186.26,3704.02,-135.92
30-Jun-2026,4678.56,11671.48,3035.89,1742.15,-6992.92,1293.74
01-Jul-2026,5463.47,11234.49,4941.88,4027.76,-5771.02,914.12
02-Jul-2026,2264.68,6004.29,5031.1,3644.46,-3739.61,1386.64
03-Jul-2026,2710.48,4932.93,3181.07,4268.98,-2222.45,-1087.91
06-Jul-2026,4981.38,3386.15,3912.06,2952.77,1595.23,959.29
07-Jul-2026,2384.52,3214.36,4164.86,2176.63,-829.84,1988.23
08-Jul-2026,2165.49,2743.64,1646.4,3455.89,-578.15,-1809.49
09-Jul-2026,10052.66,2758.36,4484.2,2728.44,7294.3,1755.76
10-Jul-2026,8227.15,4713.32,8650.65,2839.36,3513.83,5811.29
13-Jul-2026,7175.63,4558.28,6426.34,1897.31,2617.35,4529.03
14-Jul-2026,5835.08,8127.93,3224.49,5588.77,-2292.85,-2364.28
15-Jul-2026,3103.92,7239.07,5164.43,5983.11,-4135.15,-818.68
16-Jul-2026,3948.31,3340.33,10743.65,5418.29,607.98,5325.36
17-Jul-2026,6863.58,5015.73,3150.83,4402.56,1847.85,-1251.73
20-Jul-2026,4462.03,4042.03,3614.37,4947.2,420.0,-1332.83
21-Jul-2026,7963.17,2968.98,7373.48,1854.12,4994.19,5519.36
22-Jul-2026,2406.36,10124.27,5445.99,3129.65,-7717.91,2316.34
23-Jul-2026,2516.7,7691.56,5922.41,3093.14,-5174.86,2829.27
24-Jul-2026,4297.36,1765.59,4230.02,1930.44,2531.77,2299.58
27-Jul-2026,3264.12,6975.03,2880.36,3893.53,-3710.91,-1013.17
28-Jul-2026,6906.2,3421.72,2160.87,4169.36,3484.48,-2008.49
29-Jul-2026,5725.64,2373.84,2720.55,5747.35,3351.8,-3026.8
30-Jul-2026,7002.73,6560.97,7111.29,2699.37,441.76,4411.92
31-Jul-2026,4807.34,6947.82,1954.6,1663.9,-2140.48,290.7
03-Aug-2026,3946.43,3101.91,7147.9,1697.69,844.52,5450.21
04-Aug-2026,7871.79,2053.7,3616.55,5696.28,5818.09,-2079.73
05-Aug-2026,3858.26,11092.66,4536.75,1420.53,-7234.4,3116.22
06-Aug-2026,3020.01,2792.79,3407.47,1835.34,227.22,1572.13
07-Aug-2026,6551.9,4278.36,5654.05,3450.08,2273.54,2203.97
10-Aug-2026,3768.29,4029.44,6193.88,3679.3,-261.15,2514.58
11-Aug-2026,3850.83,3125.31,4542.52,5057.7,725.52,-515.18
12-Aug-2026,4076.91,4393.91,5292.19,2502.49,-317.0,2789.7
13-Aug-2026,1748.61,3947.54,4372.02,3879.51,-2198.93,492.51
14-Aug-2026,2621.0,3483.46,3961.5,3255.29,-862.46,706.21
17-Aug-2026,3753.26,4957.16,12563.58,3116.37,-1203.9,9447.21
18-Aug-2026,3267.46,2270.57,2530.02,5058.8,996.89,-2528.78
19-Aug-2026,3143.54,4764.63,3229.37,5303.78,-1621.09,-2074.41
20-Aug-2026,8918.93,3244.19,7409.45,1753.1,5674.74,5656.35
21-Aug-2026,6676.63,4363.37,4765.94,5604.18,2313.26,-838.24
24-Aug-2026,7538.16,4676.49,3038.8,4525.78,2861.67,-1486.98
25-Aug-2026,7653.86,3723.55,2469.91,1508.94,3930.31,960.97
26-Aug-2026,4636.57,4191.95,4321.39,3165.72,444.62,1155.67
27-Aug-2026,3299.26,3156.37,2445.61,4314.9,142.89,-1869.29
28-Aug-2026,3741.95,3234.99,5616.65,4318.03,506.96,1298.62
31-Aug-2026,5540.39,5214.05,1712.39,3225.16,326.34,-1512.77
01-Sep-2026,2160.8,4457.13,5105.59,3099.04,-2296.33,2006.55
02-Sep-2026,3960.37,5179.69,2316.8,5370.57,-1219.32,-3053.77
03-Sep-2026,3120.37,11638.83,3756.26,4699.09,-8518.46,-942.83
04-Sep-2026,3063.78,1628.97,4954.97,2668.9,1434.81,2286.07
07-Sep-2026,2836.84,1603.64,7927.66,3086.81,1233.2,4840.85
08-Sep-2026,2152.24,3427.43,7301.49,4277.95,-1275.19,3023.54
09-Sep-2026,4200.87,4967.41,4789.87,1502.49,-766.54,3287.38
